scenario,candidate_id,nu,gamma_multiplier,mean_AP,std_AP
S0,0,0.005,0.03,0.03950448279396272,0.005841749538445894
S0,1,0.005,0.038538810670601456,0.03910471019860735,0.00582934613376463
S0,2,0.005,0.049507997596815526,0.03935295604106336,0.0073116458815528996
S0,3,0.005,0.06359931153547553,0.03910779515278723,0.007478380340749919
S0,4,0.005,0.08170139420154304,0.040247921083588455,0.007738376268152331
S0,5,0.005,0.10495581875524816,0.04209697164972953,0.007718834173260032
S0,6,0.005,0.1348290809262157,0.04405135586381141,0.012548817850805099
S0,7,0.005,0.17320508075688773,0.04496691407004506,0.016710904411169476
S0,8,0.005,0.2225039271491978,0.04645684996524545,0.020832829482186423
S0,9,0.005,0.2858345573956079,0.04490047199957987,0.017376737519684157
S0,10,0.005,0.3671907963528168,0.04367402309551762,0.014988315889005389
S0,11,0.005,0.47170321935428616,0.04166901131891042,0.011442885413811455
S0,12,0.005,0.6059627021136009,0.042094441743389194,0.011676509512998512
S0,13,0.005,0.778436061673405,0.041644414419490114,0.010075701651383906
S0,14,0.005,1.0,0.041808977824985084,0.009430845716847564
S0,15,0.01,0.03,0.038990376374171534,0.006356183498928948
S0,16,0.01,0.038538810670601456,0.038720000276922135,0.00607562552001463
S0,17,0.01,0.049507997596815526,0.039519483553385304,0.0071537606686822705
S0,18,0.01,0.06359931153547553,0.03974026370629486,0.0069839344651542335
S0,19,0.01,0.08170139420154304,0.040695807965761104,0.007540026575279067
S0,20,0.01,0.10495581875524816,0.04205736809531779,0.007886912939124411
S0,21,0.01,0.1348290809262157,0.04400809507055062,0.01259009835041378
S0,22,0.01,0.17320508075688773,0.04496691407004506,0.016710904411169476
S0,23,0.01,0.2225039271491978,0.04645684996524545,0.020832829482186423
S0,24,0.01,0.2858345573956079,0.04490047199957987,0.017376737519684157
S0,25,0.01,0.3671907963528168,0.043650288918302436,0.014998640720153595
S0,26,0.01,0.47170321935428616,0.04166901131891042,0.011442885413811455
S0,27,0.01,0.6059627021136009,0.042094441743389194,0.011676509512998512
S0,28,0.01,0.778436061673405,0.041644414419490114,0.010075701651383906
S0,29,0.01,1.0,0.041808977824985084,0.009430845716847564
S0,30,0.015,0.03,0.04106196066720408,0.008085590604179542
S0,31,0.015,0.038538810670601456,0.041294838835570835,0.008552892026780353
S0,32,0.015,0.049507997596815526,0.04118849804513201,0.008442158820750549
S0,33,0.015,0.06359931153547553,0.04240506991650199,0.009746071212629326
S0,34,0.015,0.08170139420154304,0.04368516053930792,0.0124495169801328
S0,35,0.015,0.10495581875524816,0.043314707401931475,0.013456041563775556
S0,36,0.015,0.1348290809262157,0.043337006105151316,0.014232979674670583
S0,37,0.015,0.17320508075688773,0.044713861387560616,0.016934667398990483
S0,38,0.015,0.2225039271491978,0.046489581152537665,0.02083323604179445
S0,39,0.015,0.2858345573956079,0.04488144922579251,0.01738875420451605
S0,40,0.015,0.3671907963528168,0.043650288918302436,0.014998640720153595
S0,41,0.015,0.47170321935428616,0.04166901131891042,0.011442885413811455
S0,42,0.015,0.6059627021136009,0.042094441743389194,0.011676509512998512
S0,43,0.015,0.778436061673405,0.041644414419490114,0.010075701651383906
S0,44,0.015,1.0,0.041808977824985084,0.009430845716847564
S0,45,0.02,0.03,0.04362418137601325,0.012837892168991217
S0,46,0.02,0.038538810670601456,0.044112883813887574,0.014586865891592435
S0,47,0.02,0.049507997596815526,0.04396516186173839,0.014481534778266688
S0,48,0.02,0.06359931153547553,0.0435658910083643,0.014426629545118006
S0,49,0.02,0.08170139420154304,0.04333401986906836,0.014213043229843705
S0,50,0.02,0.10495581875524816,0.04315121790914851,0.01425313646897614
S0,51,0.02,0.1348290809262157,0.044583301941382936,0.017179094696748488
S0,52,0.02,0.17320508075688773,0.046454450440141175,0.02073024156050862
S0,53,0.02,0.2225039271491978,0.04671408547529769,0.020747198736666427
S0,54,0.02,0.2858345573956079,0.04475505214394523,0.017259260340967676
S0,55,0.02,0.3671907963528168,0.04385645992305532,0.014938527155108235
S0,56,0.02,0.47170321935428616,0.04164466857304868,0.011450025756180893
S0,57,0.02,0.6059627021136009,0.042094441743389194,0.011676509512998512
S0,58,0.02,0.778436061673405,0.041644414419490114,0.010075701651383906
S0,59,0.02,1.0,0.041808977824985084,0.009430845716847564
S0,60,0.025,0.03,0.04355377706244014,0.01388732845561681
S0,61,0.025,0.038538810670601456,0.044227464909104786,0.015535625860573183
S0,62,0.025,0.049507997596815526,0.04388134148140562,0.01565376475862686
S0,63,0.025,0.06359931153547553,0.043827833548030604,0.01562999058653137
S0,64,0.025,0.08170139420154304,0.043882486565368854,0.015299873243108704
S0,65,0.025,0.10495581875524816,0.04484164326379058,0.01735188303250354
S0,66,0.025,0.1348290809262157,0.04472876615168715,0.0173587843314225
S0,67,0.025,0.17320508075688773,0.04474003130480826,0.017465428168003946
S0,68,0.025,0.2225039271491978,0.046643752987767045,0.020879530586278394
S0,69,0.025,0.2858345573956079,0.044617551036768524,0.017500504009669154
S0,70,0.025,0.3671907963528168,0.043660889158397595,0.014863564956610082
S0,71,0.025,0.47170321935428616,0.04175784693486669,0.011436252062344042
S0,72,0.025,0.6059627021136009,0.042094441743389194,0.011676509512998512
S0,73,0.025,0.778436061673405,0.041644414419490114,0.010075701651383906
S0,74,0.025,1.0,0.041808977824985084,0.009430845716847564
S0,75,0.03,0.03,0.04373510672409375,0.014786305908262451
S0,76,0.03,0.038538810670601456,0.04466062615205557,0.01630937201146885
S0,77,0.03,0.049507997596815526,0.044777771715414104,0.016329564472256686
S0,78,0.03,0.06359931153547553,0.04457282737316541,0.016219881119323567
S0,79,0.03,0.08170139420154304,0.045730609585059666,0.01833500107558939
S0,80,0.03,0.10495581875524816,0.04611273183082329,0.018138097867676707
S0,81,0.03,0.1348290809262157,0.046075756971458284,0.018028515988077472
S0,82,0.03,0.17320508075688773,0.04564367671475596,0.017596116932104222
S0,83,0.03,0.2225039271491978,0.04538307358122643,0.01764598984188466
S0,84,0.03,0.2858345573956079,0.04349116911040378,0.01498463659363867
S0,85,0.03,0.3671907963528168,0.04259012872395753,0.012985107252023169
S0,86,0.03,0.47170321935428616,0.04180124148132866,0.011532663346797088
S0,87,0.03,0.6059627021136009,0.04211548108696167,0.011670983955746062
S0,88,0.03,0.778436061673405,0.041644414419490114,0.010075701651383906
S0,89,0.03,1.0,0.041808977824985084,0.009430845716847564
S0,90,0.035,0.03,0.045895637913974774,0.018379247945495357
S0,91,0.035,0.038538810670601456,0.047020951554170874,0.02074159703918634
S0,92,0.035,0.049507997596815526,0.04732636735027962,0.021104597493233495
S0,93,0.035,0.06359931153547553,0.04754597678213819,0.020862456107817784
S0,94,0.035,0.08170139420154304,0.04738979563983793,0.020727549122393187
S0,95,0.035,0.10495581875524816,0.047275958855237554,0.02020406408548824
S0,96,0.035,0.1348290809262157,0.047204472571611256,0.019645539023737238
S0,97,0.035,0.17320508075688773,0.047192775961371364,0.018572809378491605
S0,98,0.035,0.2225039271491978,0.04640330655748364,0.01761386143853652
S0,99,0.035,0.2858345573956079,0.04434105472041641,0.01509237287042284
S0,100,0.035,0.3671907963528168,0.04319279628948995,0.013285484137258587
S0,101,0.035,0.47170321935428616,0.04102619395799744,0.01053896948694962
S0,102,0.035,0.6059627021136009,0.04213695875019191,0.011665497142531192
S0,103,0.035,0.778436061673405,0.041644414419490114,0.010075701651383906
S0,104,0.035,1.0,0.041808977824985084,0.009430845716847564
S0,105,0.04,0.03,0.04788343446558589,0.02199387010977126
S0,106,0.04,0.038538810670601456,0.047931289305707794,0.021804067292903965
S0,107,0.04,0.049507997596815526,0.047819089936128704,0.0214811038903452
S0,108,0.04,0.06359931153547553,0.04792678034508452,0.02138597425849408
S0,109,0.04,0.08170139420154304,0.04803311340882589,0.021057126639051415
S0,110,0.04,0.10495581875524816,0.0478872285105347,0.0211331784045163
S0,111,0.04,0.1348290809262157,0.047920689538744066,0.02057702124923462
S0,112,0.04,0.17320508075688773,0.04778596902504437,0.019882822174911753
S0,113,0.04,0.2225039271491978,0.047940091457760875,0.019835052088085347
S0,114,0.04,0.2858345573956079,0.04517129223779125,0.01579199154433142
S0,115,0.04,0.3671907963528168,0.043878932351576194,0.013771254957809327
S0,116,0.04,0.47170321935428616,0.04142343958515487,0.010507467971818958
S0,117,0.04,0.6059627021136009,0.04158140319463636,0.010642356982547941
S0,118,0.04,0.778436061673405,0.041644414419490114,0.010075701651383906
S0,119,0.04,1.0,0.041808977824985084,0.009430845716847564
S0,120,0.045,0.03,0.046826609776059076,0.018846920497405037
S0,121,0.045,0.038538810670601456,0.047978094310723335,0.021115946359604464
S0,122,0.045,0.049507997596815526,0.04806404773091461,0.021512640159395347
S0,123,0.045,0.06359931153547553,0.047935958130586466,0.02155812415200971
S0,124,0.045,0.08170139420154304,0.04769105881467867,0.021736086061571534
S0,125,0.045,0.10495581875524816,0.04761247905214435,0.021306517150823063
S0,126,0.045,0.1348290809262157,0.04771913682678227,0.02047334497728471
S0,127,0.045,0.17320508075688773,0.04806686644744885,0.019787575734303422
S0,128,0.045,0.2225039271491978,0.04793573352658048,0.019131073998794147
S0,129,0.045,0.2858345573956079,0.045799994042593044,0.015727380157526193
S0,130,0.045,0.3671907963528168,0.04442937281210626,0.013859508249822239
S0,131,0.045,0.47170321935428616,0.0420911445995128,0.010982332588072326
S0,132,0.045,0.6059627021136009,0.04171250075748407,0.010604744649362488
S0,133,0.045,0.778436061673405,0.04166195827913924,0.010070829614169781
S0,134,0.045,1.0,0.041808977824985084,0.009430845716847564
S0,135,0.05,0.03,0.045778629422863155,0.017298217393474057
S0,136,0.05,0.038538810670601456,0.046703733323863995,0.018867057268442847
S0,137,0.05,0.049507997596815526,0.04678446371058404,0.01878126614614181
S0,138,0.05,0.06359931153547553,0.04821836106375742,0.021399902233118454
S0,139,0.05,0.08170139420154304,0.047733619048188194,0.0208052745659528
S0,140,0.05,0.10495581875524816,0.04738791273643648,0.020624695745471034
S0,141,0.05,0.1348290809262157,0.04720577630163823,0.019844772176427692
S0,142,0.05,0.17320508075688773,0.04778776504590973,0.020183564712234515
S0,143,0.05,0.2225039271491978,0.04756099242194853,0.019489872452420846
S0,144,0.05,0.2858345573956079,0.04586863715208769,0.01580167121113581
S0,145,0.05,0.3671907963528168,0.0446602927167775,0.013842271123716712
S0,146,0.05,0.47170321935428616,0.04289715803824724,0.011210664122618199
S0,147,0.05,0.6059627021136009,0.042199901022726645,0.010857125517739645
S0,148,0.05,0.778436061673405,0.04123777482601975,0.009250947395858385
S0,149,0.05,1.0,0.04176435488879588,0.009362312206378886
S0,150,0.055,0.03,0.04585325816975502,0.017221311096435352
S0,151,0.055,0.038538810670601456,0.04676441590683515,0.018823610148117356
S0,152,0.055,0.049507997596815526,0.046723355378221726,0.018891678568145713
S0,153,0.055,0.06359931153547553,0.046825380460104336,0.018901960559257188
S0,154,0.055,0.08170139420154304,0.04780354443468843,0.020486178631168427
S0,155,0.055,0.10495581875524816,0.04729700631563668,0.020118113701301028
S0,156,0.055,0.1348290809262157,0.04674678529421872,0.019438647215510817
S0,157,0.055,0.17320508075688773,0.0466157552322471,0.01902301088274598
S0,158,0.055,0.2225039271491978,0.046597017518251405,0.018214828035230987
S0,159,0.055,0.2858345573956079,0.045031440169653464,0.014232201019743903
S0,160,0.055,0.3671907963528168,0.044614501424137705,0.013875626511037197
S0,161,0.055,0.47170321935428616,0.043956686395088006,0.01250389464481267
S0,162,0.055,0.6059627021136009,0.042452559561736075,0.010952169112068618
S0,163,0.055,0.778436061673405,0.041320186953480276,0.009331563250792905
S0,164,0.055,1.0,0.04174755757636587,0.009390298227956437
S0,165,0.06,0.03,0.046360293475351075,0.01735451193626468
S0,166,0.06,0.038538810670601456,0.04629124519029134,0.01718560244987686
S0,167,0.06,0.049507997596815526,0.047224765575000834,0.019173837087404662
S0,168,0.06,0.06359931153547553,0.046954955177538754,0.019103034836616854
S0,169,0.06,0.08170139420154304,0.04831470365404275,0.02155374616335963
S0,170,0.06,0.10495581875524816,0.04825850327374588,0.021599811996817056
S0,171,0.06,0.1348290809262157,0.04737512967526196,0.020801634605105264
S0,172,0.06,0.17320508075688773,0.04664932267169139,0.018938295085276665
S0,173,0.06,0.2225039271491978,0.045275976332714594,0.015600009200136666
S0,174,0.06,0.2858345573956079,0.04430183495739482,0.01353813180319622
S0,175,0.06,0.3671907963528168,0.045335499928895934,0.01547417228075799
S0,176,0.06,0.47170321935428616,0.04457922020737777,0.013609395533888761
S0,177,0.06,0.6059627021136009,0.042781524695489376,0.011074690041032603
S0,178,0.06,0.778436061673405,0.041628223102391934,0.009463342405904348
S0,179,0.06,1.0,0.04129301212182042,0.008714658877973791
S0,180,0.065,0.03,0.04577171855193689,0.017108899423098033
S0,181,0.065,0.038538810670601456,0.045703101023009424,0.017145022944942287
S0,182,0.065,0.049507997596815526,0.04579365313234189,0.017270777574435764
S0,183,0.065,0.06359931153547553,0.048086748691659006,0.021437162260447427
S0,184,0.065,0.08170139420154304,0.04820204767089485,0.021457810591688515
S0,185,0.065,0.10495581875524816,0.04789103486410903,0.02110754224967168
S0,186,0.065,0.1348290809262157,0.04734345220669055,0.020633215397063687
S0,187,0.065,0.17320508075688773,0.046511851370536386,0.018236221653799334
S0,188,0.065,0.2225039271491978,0.044340741273795746,0.014142578155585433
S0,189,0.065,0.2858345573956079,0.04284772416086313,0.011436049561556184
S0,190,0.065,0.3671907963528168,0.04415522542598272,0.013429329199868546
S0,191,0.065,0.47170321935428616,0.043662285035215305,0.012350160058160796
S0,192,0.065,0.6059627021136009,0.04262693736261243,0.01123853867672818
S0,193,0.065,0.778436061673405,0.04183358360309242,0.009447383910604857
S0,194,0.065,1.0,0.04129301212182042,0.008714658877973791
S0,195,0.07,0.03,0.04473832628537521,0.015916056718224488
S0,196,0.07,0.038538810670601456,0.04548323444807392,0.017258873341733108
S0,197,0.07,0.049507997596815526,0.045682147763245376,0.017478349853160904
S0,198,0.07,0.06359931153547553,0.04568940386462915,0.017471008299751054
S0,199,0.07,0.08170139420154304,0.0460344295822311,0.0177570290898735
S0,200,0.07,0.10495581875524816,0.04724309826894235,0.020330615096370366
S0,201,0.07,0.1348290809262157,0.04683507592328124,0.01967497006462158
S0,202,0.07,0.17320508075688773,0.04633683596267704,0.0182891111611548
S0,203,0.07,0.2225039271491978,0.04480162405128668,0.0156821872015989
S0,204,0.07,0.2858345573956079,0.0426444275817177,0.011349481686081757
S0,205,0.07,0.3671907963528168,0.04409282052577981,0.013433429260305742
S0,206,0.07,0.47170321935428616,0.04334376914148219,0.012078163556278422
S0,207,0.07,0.6059627021136009,0.042534102087093975,0.011028759877195555
S0,208,0.07,0.778436061673405,0.041889375823039976,0.009484498238400394
S0,209,0.07,1.0,0.041360274271902066,0.00869744093900318
S0,210,0.075,0.03,0.04537964833031116,0.016837128634117206
S0,211,0.075,0.038538810670601456,0.04533343045893992,0.016928963954322175
S0,212,0.075,0.049507997596815526,0.04518860494156501,0.016712653528559277
S0,213,0.075,0.06359931153547553,0.04521977910541336,0.016624582536248125
S0,214,0.075,0.08170139420154304,0.045296454551131335,0.01639745669948075
S0,215,0.075,0.10495581875524816,0.044989284265485346,0.016053963013725168
S0,216,0.075,0.1348290809262157,0.04631075303716206,0.018565449582499546
S0,217,0.075,0.17320508075688773,0.04851821978699943,0.02210203470307908
S0,218,0.075,0.2225039271491978,0.04758201733769153,0.021071941544967405
S0,219,0.075,0.2858345573956079,0.047499601245486085,0.0208224869832977
S0,220,0.075,0.3671907963528168,0.04465624047430328,0.014884540518757823
S0,221,0.075,0.47170321935428616,0.042748152894581615,0.01166843872560897
S0,222,0.075,0.6059627021136009,0.04228976107953941,0.01078363653393652
S0,223,0.075,0.778436061673405,0.04165306091482182,0.009446694276919534
S0,224,0.075,1.0,0.041423023042053815,0.00874314889290524
S0,225,0.08,0.03,0.04525183152214966,0.0163535466264141
S0,226,0.08,0.038538810670601456,0.04523960682810498,0.016308188908860797
S0,227,0.08,0.049507997596815526,0.045169491920399055,0.016263415999477143
S0,228,0.08,0.06359931153547553,0.044882627308362226,0.01598235760512068
S0,229,0.08,0.08170139420154304,0.044961653976820795,0.01605826274633875
S0,230,0.08,0.10495581875524816,0.045081222280627054,0.015908026381760174
S0,231,0.08,0.1348290809262157,0.04615303646784927,0.017792998673388693
S0,232,0.08,0.17320508075688773,0.04813845150480621,0.021427264379447364
S0,233,0.08,0.2225039271491978,0.04816186522713943,0.021778436422099194
S0,234,0.08,0.2858345573956079,0.047521312851654965,0.020858886008826003
S0,235,0.08,0.3671907963528168,0.04540314228748092,0.01698412460329776
S0,236,0.08,0.47170321935428616,0.042586094774855296,0.011766559534313324
S0,237,0.08,0.6059627021136009,0.042174567245712793,0.01025842415960163
S0,238,0.08,0.778436061673405,0.04173084038531755,0.009396752530470223
S0,239,0.08,1.0,0.04153112156393851,0.008742764632720598
S0,240,0.085,0.03,0.045088164647825064,0.016049404543660144
S0,241,0.085,0.038538810670601456,0.044974461013370354,0.015970421636069557
S0,242,0.085,0.049507997596815526,0.04496767676148676,0.015796319092320193
S0,243,0.085,0.06359931153547553,0.04517649838830817,0.015722979300086867
S0,244,0.085,0.08170139420154304,0.04490712549233726,0.015877413599224614
S0,245,0.085,0.10495581875524816,0.048009809912673465,0.02138375225055582
S0,246,0.085,0.1348290809262157,0.04804415241347866,0.02108233099828962
S0,247,0.085,0.17320508075688773,0.04793272165190482,0.02107357983085818
S0,248,0.085,0.2225039271491978,0.04806829258326531,0.021548081274611722
S0,249,0.085,0.2858345573956079,0.047506892682536654,0.020545423101681264
S0,250,0.085,0.3671907963528168,0.04561666060425851,0.016935718174232825
S0,251,0.085,0.47170321935428616,0.04234103789835264,0.011708144062388862
S0,252,0.085,0.6059627021136009,0.04171147823843236,0.00918666162644354
S0,253,0.085,0.778436061673405,0.04153111730416116,0.009220791739578148
S0,254,0.085,1.0,0.0418061137921454,0.008864381605951505
S0,255,0.09,0.03,0.045250203782914875,0.016339065280948518
S0,256,0.09,0.038538810670601456,0.04525420480309688,0.015998430867250557
S0,257,0.09,0.049507997596815526,0.045305020699219524,0.015954639428410262
S0,258,0.09,0.06359931153547553,0.045197102339432846,0.01571718516589284
S0,259,0.09,0.08170139420154304,0.04528764973892627,0.01596997541274854
S0,260,0.09,0.10495581875524816,0.04805236801614904,0.02142951878819428
S0,261,0.09,0.1348290809262157,0.04815034934803045,0.021087553784083703
S0,262,0.09,0.17320508075688773,0.04823777910775684,0.021146794710143406
S0,263,0.09,0.2225039271491978,0.04804073957720749,0.021279061031159778
S0,264,0.09,0.2858345573956079,0.04761454539860112,0.020623164481330638
S0,265,0.09,0.3671907963528168,0.04546805894363978,0.017004712109399994
S0,266,0.09,0.47170321935428616,0.042025110956934904,0.010603559453921288
S0,267,0.09,0.6059627021136009,0.041641381813378384,0.008960393902289704
S0,268,0.09,0.778436061673405,0.04139503141221482,0.009104062715438217
S0,269,0.09,1.0,0.04179861142209934,0.008939219396070484
S0,270,0.095,0.03,0.045384379725469146,0.016408434345440627
S0,271,0.095,0.038538810670601456,0.04550399068335811,0.01645065374771568
S0,272,0.095,0.049507997596815526,0.0453577439694753,0.016240311705326662
S0,273,0.095,0.06359931153547553,0.04547722186116911,0.01603962610224082
S0,274,0.095,0.08170139420154304,0.045261143374247845,0.01599493703478879
S0,275,0.095,0.10495581875524816,0.04516320197130052,0.015975923087657197
S0,276,0.095,0.1348290809262157,0.048117872064888836,0.021068664626130003
S0,277,0.095,0.17320508075688773,0.0484186680470666,0.021147601250254465
S0,278,0.095,0.2225039271491978,0.047987322992751436,0.021118340805858136
S0,279,0.095,0.2858345573956079,0.04764174729676196,0.02045429115536567
S0,280,0.095,0.3671907963528168,0.045635901292077306,0.016987279745939443
S0,281,0.095,0.47170321935428616,0.04221323902403916,0.010363272308726077
S0,282,0.095,0.6059627021136009,0.041638419754538025,0.009010182619769899
S0,283,0.095,0.778436061673405,0.04138010387727365,0.009070260469300982
S0,284,0.095,1.0,0.04175534926649948,0.008842082668580288
S0,285,0.1,0.03,0.045641487432988806,0.01685150154931378
S0,286,0.1,0.038538810670601456,0.045641604897914384,0.016888779759628252
S0,287,0.1,0.049507997596815526,0.04555345368527779,0.01654573099054778
S0,288,0.1,0.06359931153547553,0.04547083174482299,0.016502229229867132
S0,289,0.1,0.08170139420154304,0.04526290316353689,0.016039948796906445
S0,290,0.1,0.10495581875524816,0.045445925632123435,0.016110248332888728
S0,291,0.1,0.1348290809262157,0.04538801028200491,0.015970241359614952
S0,292,0.1,0.17320508075688773,0.04656950769298086,0.017970128098868485
S0,293,0.1,0.2225039271491978,0.04639912836180628,0.01768419673171417
S0,294,0.1,0.2858345573956079,0.047594319464450835,0.020389011117804112
S0,295,0.1,0.3671907963528168,0.045711791521725983,0.016955585019173474
S0,296,0.1,0.47170321935428616,0.0421320564495077,0.010121806029303659
S0,297,0.1,0.6059627021136009,0.042035524700076266,0.009686340731087264
S0,298,0.1,0.778436061673405,0.04129546134411791,0.008991728966453328
S0,299,0.1,1.0,0.04165158506574673,0.008786915704482383
S1,0,0.005,0.03,0.049921806404072906,0.027871701568437126
S1,1,0.005,0.038538810670601456,0.05010463442309413,0.028115582904642004
S1,2,0.005,0.049507997596815526,0.05006959818775709,0.028169455024696654
S1,3,0.005,0.06359931153547553,0.04979308619077086,0.027842011139736934
S1,4,0.005,0.08170139420154304,0.050029113205990794,0.02685928465226
S1,5,0.005,0.10495581875524816,0.048019312641311304,0.021159554152305304
S1,6,0.005,0.1348290809262157,0.046977426043608196,0.019255552752639543
S1,7,0.005,0.17320508075688773,0.047115671456942024,0.02062159092146497
S1,8,0.005,0.2225039271491978,0.046759197623374577,0.020328771524031973
S1,9,0.005,0.2858345573956079,0.04450284339637692,0.017038569502356295
S1,10,0.005,0.3671907963528168,0.04364734205005797,0.014549821822833143
S1,11,0.005,0.47170321935428616,0.0420825270828731,0.010892164760532291
S1,12,0.005,0.6059627021136009,0.041765713817078144,0.010140734358552578
S1,13,0.005,0.778436061673405,0.04179374938139884,0.008971444017903079
S1,14,0.005,1.0,0.04248256546270046,0.008962911730197214
S1,15,0.01,0.03,0.04955116512150587,0.026113215493495764
S1,16,0.01,0.038538810670601456,0.049399752194947556,0.02639441046672587
S1,17,0.01,0.049507997596815526,0.049379589553475274,0.02624060824714014
S1,18,0.01,0.06359931153547553,0.04955594011182156,0.026263750036821347
S1,19,0.01,0.08170139420154304,0.04740032612723364,0.02113479577931145
S1,20,0.01,0.10495581875524816,0.048019312641311304,0.021159554152305304
S1,21,0.01,0.1348290809262157,0.046977426043608196,0.019255552752639543
S1,22,0.01,0.17320508075688773,0.047115671456942024,0.02062159092146497
S1,23,0.01,0.2225039271491978,0.04673588760006456,0.020345399743013706
S1,24,0.01,0.2858345573956079,0.04450284339637692,0.017038569502356295
S1,25,0.01,0.3671907963528168,0.04364734205005797,0.014549821822833143
S1,26,0.01,0.47170321935428616,0.04208951265781337,0.010840549535402897
S1,27,0.01,0.6059627021136009,0.041765713817078144,0.010140734358552578
S1,28,0.01,0.778436061673405,0.04179374938139884,0.008971444017903079
S1,29,0.01,1.0,0.04248256546270046,0.008962911730197214
S1,30,0.015,0.03,0.05222905059497639,0.02501956172132335
S1,31,0.015,0.038538810670601456,0.052100235123865205,0.024972046047190388
S1,32,0.015,0.049507997596815526,0.0513811927546587,0.025011910877246305
S1,33,0.015,0.06359931153547553,0.05121118388823577,0.025414857999330877
S1,34,0.015,0.08170139420154304,0.04882539466439492,0.02183550979225252
S1,35,0.015,0.10495581875524816,0.04852996694696336,0.022268876536080298
S1,36,0.015,0.1348290809262157,0.047500918347629914,0.020395775819991427
S1,37,0.015,0.17320508075688773,0.049374265756761765,0.025194826003355444
S1,38,0.015,0.2225039271491978,0.046699478052744436,0.02035846816705484
S1,39,0.015,0.2858345573956079,0.04449343905688989,0.01704259740459547
S1,40,0.015,0.3671907963528168,0.04364734205005797,0.014549821822833143
S1,41,0.015,0.47170321935428616,0.0421138554036751,0.010885325004488867
S1,42,0.015,0.6059627021136009,0.041765713817078144,0.010140734358552578
S1,43,0.015,0.778436061673405,0.04179374938139884,0.008971444017903079
S1,44,0.015,1.0,0.04248256546270046,0.008962911730197214
S1,45,0.02,0.03,0.050524659801002965,0.023396123675961143
S1,46,0.02,0.038538810670601456,0.05036273236801258,0.023407411568123
S1,47,0.02,0.049507997596815526,0.05004326069462985,0.023418030055962408
S1,48,0.02,0.06359931153547553,0.04956113481318288,0.023195078231526115
S1,49,0.02,0.08170139420154304,0.04959717759012997,0.023953299397322096
S1,50,0.02,0.10495581875524816,0.04928999278689216,0.023928696180655656
S1,51,0.02,0.1348290809262157,0.04947693462772759,0.024710185218486103
S1,52,0.02,0.17320508075688773,0.049036825605029394,0.024845139159060274
S1,53,0.02,0.2225039271491978,0.04674077095224882,0.02095817819716852
S1,54,0.02,0.2858345573956079,0.04580333711830988,0.019620940661622104
S1,55,0.02,0.3671907963528168,0.04374225393165464,0.014513584569239903
S1,56,0.02,0.47170321935428616,0.04208951265781337,0.010840549535402897
S1,57,0.02,0.6059627021136009,0.041765713817078144,0.010140734358552578
S1,58,0.02,0.778436061673405,0.04179374938139884,0.008971444017903079
S1,59,0.02,1.0,0.04248256546270046,0.008962911730197214
S1,60,0.025,0.03,0.050537887626268985,0.02406164210606522
S1,61,0.025,0.038538810670601456,0.05057552959259156,0.024136525897597898
S1,62,0.025,0.049507997596815526,0.05049575139424779,0.024226862313632653
S1,63,0.025,0.06359931153547553,0.05043473705958255,0.02420602947285205
S1,64,0.025,0.08170139420154304,0.05010955633463833,0.024362828397021034
S1,65,0.025,0.10495581875524816,0.05014294670987696,0.02450175289793952
S1,66,0.025,0.1348290809262157,0.04981952270592726,0.024684004624788015
S1,67,0.025,0.17320508075688773,0.04755836689096092,0.02143540476967559
S1,68,0.025,0.2225039271491978,0.045489969965670826,0.018471786811870908
S1,69,0.025,0.2858345573956079,0.044445259671360926,0.01709820596777666
S1,70,0.025,0.3671907963528168,0.043719668734587144,0.014551042345929877
S1,71,0.025,0.47170321935428616,0.04224119756870233,0.010803127727635477
S1,72,0.025,0.6059627021136009,0.041765713817078144,0.010140734358552578
S1,73,0.025,0.778436061673405,0.04179374938139884,0.008971444017903079
S1,74,0.025,1.0,0.04248256546270046,0.008962911730197214
S1,75,0.03,0.03,0.05108330782385606,0.02393977508289899
S1,76,0.03,0.038538810670601456,0.050891790534139364,0.024109265204286506
S1,77,0.03,0.049507997596815526,0.050955219459739534,0.024114088757203084
S1,78,0.03,0.06359931153547553,0.051026412555286046,0.024000005362318614
S1,79,0.03,0.08170139420154304,0.05072984717831794,0.024173143406015188
S1,80,0.03,0.10495581875524816,0.05049599091759631,0.02432369833752987
S1,81,0.03,0.1348290809262157,0.050624149637931395,0.024609644911307002
S1,82,0.03,0.17320508075688773,0.050081691548300986,0.02417220615255468
S1,83,0.03,0.2225039271491978,0.04602449034234392,0.018575194732263947
S1,84,0.03,0.2858345573956079,0.044808202834185545,0.017600066066831357
S1,85,0.03,0.3671907963528168,0.04372946969180819,0.014566529968560175
S1,86,0.03,0.47170321935428616,0.04230483079823831,0.01082323454271377
S1,87,0.03,0.6059627021136009,0.041765713817078144,0.010140734358552578
S1,88,0.03,0.778436061673405,0.04179374938139884,0.008971444017903079
S1,89,0.03,1.0,0.04248256546270046,0.008962911730197214
S1,90,0.035,0.03,0.05078547156402885,0.024355362767291586
S1,91,0.035,0.038538810670601456,0.05080648776813924,0.02432308377540439
S1,92,0.035,0.049507997596815526,0.05119570750262188,0.024607216326287318
S1,93,0.035,0.06359931153547553,0.051147816306272645,0.02456058400869311
S1,94,0.035,0.08170139420154304,0.051124216955461085,0.024485627936010727
S1,95,0.035,0.10495581875524816,0.05096260012374608,0.024065472749463086
S1,96,0.035,0.1348290809262157,0.05143727863602346,0.02462203671727597
S1,97,0.035,0.17320508075688773,0.047853749480286825,0.018817736679186108
S1,98,0.035,0.2225039271491978,0.046955972917901045,0.018109250504045677
S1,99,0.035,0.2858345573956079,0.04568425650395441,0.01733253961207281
S1,100,0.035,0.3671907963528168,0.043296497797784134,0.013225068605244524
S1,101,0.035,0.47170321935428616,0.04233005057104686,0.010821399013558662
S1,102,0.035,0.6059627021136009,0.04175427478710789,0.010157290230989963
S1,103,0.035,0.778436061673405,0.04179374938139884,0.008971444017903079
S1,104,0.035,1.0,0.04248256546270046,0.008962911730197214
S1,105,0.04,0.03,0.05108309874610396,0.02496621114832814
S1,106,0.04,0.038538810670601456,0.050976566818992035,0.025033640255001637
S1,107,0.04,0.049507997596815526,0.05090210551564111,0.025010877631113173
S1,108,0.04,0.06359931153547553,0.05100091977588947,0.024915943507957023
S1,109,0.04,0.08170139420154304,0.05132242300823496,0.024791088548376812
S1,110,0.04,0.10495581875524816,0.05112054529362044,0.024323554789024936
S1,111,0.04,0.1348290809262157,0.05130019097074846,0.0243044981561044
S1,112,0.04,0.17320508075688773,0.048314049710813003,0.0182035797368563
S1,113,0.04,0.2225039271491978,0.04785062879790394,0.018004053983099014
S1,114,0.04,0.2858345573956079,0.046702705380791104,0.017251830566252412
S1,115,0.04,0.3671907963528168,0.04395417665224046,0.012971723766802975
S1,116,0.04,0.47170321935428616,0.042693687342426435,0.010992089391248086
S1,117,0.04,0.6059627021136009,0.04175427478710789,0.010157290230989963
S1,118,0.04,0.778436061673405,0.04179374938139884,0.008971444017903079
S1,119,0.04,1.0,0.04248256546270046,0.008962911730197214
S1,120,0.045,0.03,0.05175977903176284,0.026275740343906655
S1,121,0.045,0.038538810670601456,0.051497427241965765,0.026065826650374074
S1,122,0.045,0.049507997596815526,0.05189611577920761,0.02645416345684623
S1,123,0.045,0.06359931153547553,0.05172690186473673,0.02580046361160481
S1,124,0.045,0.08170139420154304,0.051710527071463314,0.025652219768981063
S1,125,0.045,0.10495581875524816,0.051346514601364884,0.02507734768594571
S1,126,0.045,0.1348290809262157,0.05108772604753311,0.024886261925344863
S1,127,0.045,0.17320508075688773,0.04878619815135671,0.01984040867442997
S1,128,0.045,0.2225039271491978,0.04922595380316609,0.020248844147886358
S1,129,0.045,0.2858345573956079,0.048595302731730614,0.019313593139672545
S1,130,0.045,0.3671907963528168,0.04463629881417332,0.012998723052573711
S1,131,0.045,0.47170321935428616,0.04285808764261776,0.011050834915922202
S1,132,0.045,0.6059627021136009,0.04208052471116525,0.010269832557663762
S1,133,0.045,0.778436061673405,0.04179374938139884,0.008971444017903079
S1,134,0.045,1.0,0.04248256546270046,0.008962911730197214
S1,135,0.05,0.03,0.051984577357442704,0.025149392003662167
S1,136,0.05,0.038538810670601456,0.051907896613096374,0.025055014507017453
S1,137,0.05,0.049507997596815526,0.05157956664549024,0.02488496884461568
S1,138,0.05,0.06359931153547553,0.05106291945798901,0.024259446739161205
S1,139,0.05,0.08170139420154304,0.051043994445260636,0.02413885549786428
S1,140,0.05,0.10495581875524816,0.050839028303840204,0.023778338228578087
S1,141,0.05,0.1348290809262157,0.050728144372018585,0.023719151964286873
S1,142,0.05,0.17320508075688773,0.0487681852590971,0.019749182893039157
S1,143,0.05,0.2225039271491978,0.04915661133466195,0.0201923747496969
S1,144,0.05,0.2858345573956079,0.048903829890912964,0.019209976057073048
S1,145,0.05,0.3671907963528168,0.044558433365294275,0.012078716769265372
S1,146,0.05,0.47170321935428616,0.04345897148566175,0.011008340103123418
S1,147,0.05,0.6059627021136009,0.042546093399281004,0.010140625668433486
S1,148,0.05,0.778436061673405,0.04169853147799964,0.008990811932878194
S1,149,0.05,1.0,0.04248256546270046,0.008962911730197214
S1,150,0.055,0.03,0.051271051136597384,0.02407055326218349
S1,151,0.055,0.038538810670601456,0.05127267272204785,0.02405655584956826
S1,152,0.055,0.049507997596815526,0.05126298070251946,0.024071199177164573
S1,153,0.055,0.06359931153547553,0.05103075361140272,0.024084878654227027
S1,154,0.055,0.08170139420154304,0.051054322758771795,0.024005006826938922
S1,155,0.055,0.10495581875524816,0.050373321266127355,0.023272538252061898
S1,156,0.055,0.1348290809262157,0.05031750398133905,0.02293624774517627
S1,157,0.055,0.17320508075688773,0.048841227292373265,0.02012921274315662
S1,158,0.055,0.2225039271491978,0.04881644070794305,0.01975201297787632
S1,159,0.055,0.2858345573956079,0.047590585105305436,0.016872800014276722
S1,160,0.055,0.3671907963528168,0.04518022251908915,0.012944747724799664
S1,161,0.055,0.47170321935428616,0.04373656109319693,0.010857989469715217
S1,162,0.055,0.6059627021136009,0.042816331557263325,0.010159440632149394
S1,163,0.055,0.778436061673405,0.041992755052452,0.009072855204562432
S1,164,0.055,1.0,0.04248256546270046,0.008962911730197214
S1,165,0.06,0.03,0.05107236571744904,0.024637827572745182
S1,166,0.06,0.038538810670601456,0.050968353348237794,0.02420558744891221
S1,167,0.06,0.049507997596815526,0.05100081920186846,0.024113813849696963
S1,168,0.06,0.06359931153547553,0.05101366354934805,0.024108558848780492
S1,169,0.06,0.08170139420154304,0.05063796263241181,0.02368491138764234
S1,170,0.06,0.10495581875524816,0.050238820146002415,0.0230717003618982
S1,171,0.06,0.1348290809262157,0.05002344837412135,0.022968624849612936
S1,172,0.06,0.17320508075688773,0.048456981460809886,0.019898684398083937
S1,173,0.06,0.2225039271491978,0.048627997150415866,0.019576308556561145
S1,174,0.06,0.2858345573956079,0.046958274439285796,0.016485017046910123
S1,175,0.06,0.3671907963528168,0.044901003865772976,0.012524899108012128
S1,176,0.06,0.47170321935428616,0.04383843156999766,0.010811088390929351
S1,177,0.06,0.6059627021136009,0.04310892097318037,0.010108619905910476
S1,178,0.06,0.778436061673405,0.04227794121276679,0.009298124781648957
S1,179,0.06,1.0,0.04248256546270046,0.008962911730197214
S1,180,0.065,0.03,0.0508091873562049,0.024428796504252573
S1,181,0.065,0.038538810670601456,0.05100671080723988,0.02432486699708053
S1,182,0.065,0.049507997596815526,0.051046450115907006,0.024273347987383852
S1,183,0.065,0.06359931153547553,0.0509582126070393,0.024191773203333947
S1,184,0.065,0.08170139420154304,0.05040082721896267,0.02357804153828755
S1,185,0.065,0.10495581875524816,0.050133613999054416,0.02309956784088856
S1,186,0.065,0.1348290809262157,0.05006562709279323,0.02302684492016356
S1,187,0.065,0.17320508075688773,0.04809532864988303,0.01962922134101102
S1,188,0.065,0.2225039271491978,0.04823147187725321,0.01973867062327071
S1,189,0.065,0.2858345573956079,0.04663710956091429,0.01626803923600931
S1,190,0.065,0.3671907963528168,0.044379657350798254,0.012047933595157293
S1,191,0.065,0.47170321935428616,0.043609733480088925,0.01049061431555024
S1,192,0.065,0.6059627021136009,0.04315368983868556,0.01026887625415569
S1,193,0.065,0.778436061673405,0.04298019045347672,0.010052405851974157
S1,194,0.065,1.0,0.04266955774368607,0.009118919327677052
S1,195,0.07,0.03,0.050215962466137055,0.02378587821306477
S1,196,0.07,0.038538810670601456,0.05048401117475733,0.023869400481983806
S1,197,0.07,0.049507997596815526,0.05050690741072396,0.02379416531029151
S1,198,0.07,0.06359931153547553,0.050673766043831746,0.023717450539845024
S1,199,0.07,0.08170139420154304,0.050349902359219476,0.023281577853706565
S1,200,0.07,0.10495581875524816,0.050244698110610116,0.023241891206744518
S1,201,0.07,0.1348290809262157,0.05009574448549994,0.023074934652789383
S1,202,0.07,0.17320508075688773,0.049517894593112316,0.022625193219545082
S1,203,0.07,0.2225039271491978,0.047507670278543274,0.01854544348726036
S1,204,0.07,0.2858345573956079,0.047270852369881114,0.01771640354850439
S1,205,0.07,0.3671907963528168,0.046754951180707105,0.016546341648131093
S1,206,0.07,0.47170321935428616,0.043742760316996185,0.011100494976780133
S1,207,0.07,0.6059627021136009,0.043033246339951134,0.010305536346753321
S1,208,0.07,0.778436061673405,0.042577271656917576,0.009400547816662552
S1,209,0.07,1.0,0.04260170339130145,0.009164541124220946
S1,210,0.075,0.03,0.04809059251704048,0.02051220949796545
S1,211,0.075,0.038538810670601456,0.048121294989751526,0.020643351464174186
S1,212,0.075,0.049507997596815526,0.048270477428058664,0.02024877649597295
S1,213,0.075,0.06359931153547553,0.04851057327154365,0.02024932612116217
S1,214,0.075,0.08170139420154304,0.05051714641848347,0.02315169948125857
S1,215,0.075,0.10495581875524816,0.05036493637106763,0.02305125842645072
S1,216,0.075,0.1348290809262157,0.05010495673355536,0.022946931026582892
S1,217,0.075,0.17320508075688773,0.049852343544267534,0.02254609545273165
S1,218,0.075,0.2225039271491978,0.04731852495236526,0.018599142762234476
S1,219,0.075,0.2858345573956079,0.046620298369438,0.017849072076278793
S1,220,0.075,0.3671907963528168,0.04619207299706828,0.01641862706867283
S1,221,0.075,0.47170321935428616,0.04417912182496429,0.01224219187189664
S1,222,0.075,0.6059627021136009,0.04285449535893786,0.010368344816027154
S1,223,0.075,0.778436061673405,0.042855712533471965,0.009534428382042562
S1,224,0.075,1.0,0.04273917808618348,0.009178338728720993
S1,225,0.08,0.03,0.04815589890615371,0.02063372044974661
S1,226,0.08,0.038538810670601456,0.047979991805955975,0.020632806032814886
S1,227,0.08,0.049507997596815526,0.048275157613761444,0.020545757861432336
S1,228,0.08,0.06359931153547553,0.048384052977589756,0.020126397396697315
S1,229,0.08,0.08170139420154304,0.05018687261343264,0.023147843588033176
S1,230,0.08,0.10495581875524816,0.05052457818575081,0.02287496307714787
S1,231,0.08,0.1348290809262157,0.05019051742716961,0.02276553484101994
S1,232,0.08,0.17320508075688773,0.04972490592982288,0.02238594042578109
S1,233,0.08,0.2225039271491978,0.048634763074590845,0.021800337900879672
S1,234,0.08,0.2858345573956079,0.0463394410920556,0.017444150039310994
S1,235,0.08,0.3671907963528168,0.0458267969788082,0.016550234473117074
S1,236,0.08,0.47170321935428616,0.04406053147966403,0.01217973378160549
S1,237,0.08,0.6059627021136009,0.04224949312624657,0.009422971802969185
S1,238,0.08,0.778436061673405,0.04289927472717877,0.00948375586146109
S1,239,0.08,1.0,0.04297384521135567,0.009340433667308865
S1,240,0.085,0.03,0.04801685706608871,0.020615743293149278
S1,241,0.085,0.038538810670601456,0.047863505917743084,0.020682132276942825
S1,242,0.085,0.049507997596815526,0.048137697734014676,0.020626828569577278
S1,243,0.085,0.06359931153547553,0.04822978272349206,0.020490332689578585
S1,244,0.085,0.08170139420154304,0.04984215593113869,0.023318337303973483
S1,245,0.085,0.10495581875524816,0.04983872501329469,0.022983628895750043
S1,246,0.085,0.1348290809262157,0.04988111607292632,0.022711263899580298
S1,247,0.085,0.17320508075688773,0.049693747629847976,0.02258547954812871
S1,248,0.085,0.2225039271491978,0.04867570099349311,0.021708736283547816
S1,249,0.085,0.2858345573956079,0.046335346957122485,0.01740666828774164
S1,250,0.085,0.3671907963528168,0.04625949727002607,0.01685280359295709
S1,251,0.085,0.47170321935428616,0.04394296782852991,0.01209054586418488
S1,252,0.085,0.6059627021136009,0.04210201867750332,0.009340278068751975
S1,253,0.085,0.778436061673405,0.042632641792424056,0.009399130151449891
S1,254,0.085,1.0,0.04310177961819277,0.009467430212574427
S1,255,0.09,0.03,0.048076587380017695,0.020600349166084896
S1,256,0.09,0.038538810670601456,0.048037059140058416,0.020595070706105112
S1,257,0.09,0.049507997596815526,0.04797409667117754,0.020551637092798405
S1,258,0.09,0.06359931153547553,0.048228716646002645,0.020507773479674456
S1,259,0.09,0.08170139420154304,0.04990425562876087,0.023521136319641523
S1,260,0.09,0.10495581875524816,0.04991659661943347,0.02330496490529942
S1,261,0.09,0.1348290809262157,0.04965183959881529,0.02259037766449226
S1,262,0.09,0.17320508075688773,0.04957234892709063,0.02252064705429473
S1,263,0.09,0.2225039271491978,0.048770039464009984,0.021708824831646278
S1,264,0.09,0.2858345573956079,0.0462331568344233,0.017338963065063922
S1,265,0.09,0.3671907963528168,0.04620955135187818,0.016616928126147266
S1,266,0.09,0.47170321935428616,0.0436313432457207,0.012147640240708692
S1,267,0.09,0.6059627021136009,0.04222241655608164,0.009207587183106991
S1,268,0.09,0.778436061673405,0.04256946421941257,0.009307433361091522
S1,269,0.09,1.0,0.04301485619741217,0.009288291292047881
S1,270,0.095,0.03,0.04812942000633798,0.020422671054248144
S1,271,0.095,0.038538810670601456,0.048085077309598295,0.020446063612479384
S1,272,0.095,0.049507997596815526,0.048019416693478166,0.020446950878950484
S1,273,0.095,0.06359931153547553,0.04800601436695947,0.020427350673317884
S1,274,0.095,0.08170139420154304,0.04817216696408218,0.0202095910517526
S1,275,0.095,0.10495581875524816,0.04986971349027131,0.023300586334154744
S1,276,0.095,0.1348290809262157,0.04974976645011632,0.02286662800099004
S1,277,0.095,0.17320508075688773,0.04943335400812266,0.0221036221048392
S1,278,0.095,0.2225039271491978,0.04873004020851586,0.02140238450862863
S1,279,0.095,0.2858345573956079,0.04653189694940196,0.017530637513589416
S1,280,0.095,0.3671907963528168,0.04608416025465868,0.016651084436011827
S1,281,0.095,0.47170321935428616,0.04349199190245826,0.012009890987119904
S1,282,0.095,0.6059627021136009,0.04203318464101444,0.008997308936041814
S1,283,0.095,0.778436061673405,0.0425894423966655,0.00923755554040395
S1,284,0.095,1.0,0.04312196678662382,0.009466794237411164
S1,285,0.1,0.03,0.04829022293193301,0.020864881121838617
S1,286,0.1,0.038538810670601456,0.04827703106465625,0.02075634813429926
S1,287,0.1,0.049507997596815526,0.04817214402106196,0.020330473722759874
S1,288,0.1,0.06359931153547553,0.04815013912276514,0.020317197218516523
S1,289,0.1,0.08170139420154304,0.048104795811702,0.020151572919928657
S1,290,0.1,0.10495581875524816,0.04821167541503857,0.020029485250650285
S1,291,0.1,0.1348290809262157,0.049221016791102454,0.02247407902263153
S1,292,0.1,0.17320508075688773,0.04916184779762853,0.021760371387180764
S1,293,0.1,0.2225039271491978,0.048505814655343434,0.02093099093506125
S1,294,0.1,0.2858345573956079,0.04674434467379605,0.01772975784740855
S1,295,0.1,0.3671907963528168,0.04643770673697213,0.01684281522373609
S1,296,0.1,0.47170321935428616,0.04349963521426419,0.012106484403020399
S1,297,0.1,0.6059627021136009,0.04235951640445188,0.009678282949591574
S1,298,0.1,0.778436061673405,0.04251546699260771,0.009200934716611889
S1,299,0.1,1.0,0.043164670131820924,0.009505548569151924
S2,0,0.005,0.03,0.03771533194514584,0.004106446801054631
S2,1,0.005,0.038538810670601456,0.03749561106558569,0.004275663773563507
S2,2,0.005,0.049507997596815526,0.036934006925883556,0.0035910089818293146
S2,3,0.005,0.06359931153547553,0.036582203232325056,0.0031451543724660145
S2,4,0.005,0.08170139420154304,0.03551167079309511,0.0019298263357528666
S2,5,0.005,0.10495581875524816,0.03610227281309583,0.0036516510780786517
S2,6,0.005,0.1348290809262157,0.03730343581135938,0.0059952721585284875
S2,7,0.005,0.17320508075688773,0.03902407603056866,0.007817606647864512
S2,8,0.005,0.2225039271491978,0.03810023370313917,0.007418118787473435
S2,9,0.005,0.2858345573956079,0.03783402598182818,0.006983654640300501
S2,10,0.005,0.3671907963528168,0.03838654850406287,0.007085460317211706
S2,11,0.005,0.47170321935428616,0.03830831317268515,0.005953753801481779
S2,12,0.005,0.6059627021136009,0.03905859436280114,0.005799180758838209
S2,13,0.005,0.778436061673405,0.04000482090435881,0.0050375750630947715
S2,14,0.005,1.0,0.04001963560577575,0.004312176592624985
S2,15,0.01,0.03,0.03801437070675576,0.005147938857227586
S2,16,0.01,0.038538810670601456,0.0378544087079075,0.004916528685767602
S2,17,0.01,0.049507997596815526,0.037199015917483695,0.004282514929522682
S2,18,0.01,0.06359931153547553,0.03585038279570736,0.003282696076272362
S2,19,0.01,0.08170139420154304,0.035107845269158916,0.0021798265228030666
S2,20,0.01,0.10495581875524816,0.03603831259169206,0.003713227325300141
S2,21,0.01,0.1348290809262157,0.03730343581135938,0.0059952721585284875
S2,22,0.01,0.17320508075688773,0.03902407603056866,0.007817606647864512
S2,23,0.01,0.2225039271491978,0.03808412545571649,0.007435386184036462
S2,24,0.01,0.2858345573956079,0.03784914999876708,0.006972861432684166
S2,25,0.01,0.3671907963528168,0.03838654850406287,0.007085460317211706
S2,26,0.01,0.47170321935428616,0.03830831317268515,0.005953753801481779
S2,27,0.01,0.6059627021136009,0.03905859436280114,0.005799180758838209
S2,28,0.01,0.778436061673405,0.04000482090435881,0.0050375750630947715
S2,29,0.01,1.0,0.04001963560577575,0.004312176592624985
S2,30,0.015,0.03,0.03600507235929257,0.003311858378323978
S2,31,0.015,0.038538810670601456,0.03625650165030527,0.003680492633045767
S2,32,0.015,0.049507997596815526,0.03656452508351676,0.004326883987137802
S2,33,0.015,0.06359931153547553,0.036567449118440704,0.004515121001627968
S2,34,0.015,0.08170139420154304,0.036784886422674926,0.004854511970192579
S2,35,0.015,0.10495581875524816,0.03725755578574391,0.005800411105027112
S2,36,0.015,0.1348290809262157,0.03752116440153093,0.006460696844078047
S2,37,0.015,0.17320508075688773,0.03832453575041346,0.007575742431211351
S2,38,0.015,0.2225039271491978,0.037994635438019744,0.007533594723089724
S2,39,0.015,0.2858345573956079,0.03780343252170112,0.007005836021718766
S2,40,0.015,0.3671907963528168,0.03838654850406287,0.007085460317211706
S2,41,0.015,0.47170321935428616,0.03830831317268515,0.005953753801481779
S2,42,0.015,0.6059627021136009,0.039081721097306225,0.0057752433235006536
S2,43,0.015,0.778436061673405,0.04000482090435881,0.0050375750630947715
S2,44,0.015,1.0,0.04001963560577575,0.004312176592624985
S2,45,0.02,0.03,0.039018686469258344,0.009187369201854144
S2,46,0.02,0.038538810670601456,0.0390724196417631,0.009207098459140275
S2,47,0.02,0.049507997596815526,0.03871723973882295,0.008881023314378955
S2,48,0.02,0.06359931153547553,0.038948343534770336,0.009593070608363414
S2,49,0.02,0.08170139420154304,0.03924926254314405,0.010318390933027975
S2,50,0.02,0.10495581875524816,0.04020950293444758,0.01112370248952221
S2,51,0.02,0.1348290809262157,0.04020148338708068,0.011474760154103038
S2,52,0.02,0.17320508075688773,0.03852635999014498,0.009115777457675216
S2,53,0.02,0.2225039271491978,0.038167658471376716,0.007956555323336776
S2,54,0.02,0.2858345573956079,0.03854516196258895,0.008483711383620677
S2,55,0.02,0.3671907963528168,0.038406544613125745,0.007062241774168364
S2,56,0.02,0.47170321935428616,0.038327039764445445,0.005988821273286856
S2,57,0.02,0.6059627021136009,0.039081721097306225,0.0057752433235006536
S2,58,0.02,0.778436061673405,0.04000482090435881,0.0050375750630947715
S2,59,0.02,1.0,0.04001963560577575,0.004312176592624985
S2,60,0.025,0.03,0.04031235294509021,0.010664149112596766
S2,61,0.025,0.038538810670601456,0.040249533271760396,0.010578490151771777
S2,62,0.025,0.049507997596815526,0.040445092138202896,0.01104105945650524
S2,63,0.025,0.06359931153547553,0.04076146628755678,0.011426594543436926
S2,64,0.025,0.08170139420154304,0.04028794818076496,0.010561519462550276
S2,65,0.025,0.10495581875524816,0.03951893131897215,0.010217333321885081
S2,66,0.025,0.1348290809262157,0.03918246822096673,0.009879158381311131
S2,67,0.025,0.17320508075688773,0.03912761609058273,0.009404998523760009
S2,68,0.025,0.2225039271491978,0.03857218430970002,0.008729207381696403
S2,69,0.025,0.2858345573956079,0.038598788140930596,0.008440653134605104
S2,70,0.025,0.3671907963528168,0.03822344132181489,0.007209628550854614
S2,71,0.025,0.47170321935428616,0.0383463297890104,0.005979134698566694
S2,72,0.025,0.6059627021136009,0.03905859436280114,0.005799180758838209
S2,73,0.025,0.778436061673405,0.04000482090435881,0.0050375750630947715
S2,74,0.025,1.0,0.04001963560577575,0.004312176592624985
S2,75,0.03,0.03,0.03946446318908688,0.009145550545374819
S2,76,0.03,0.038538810670601456,0.03944987733279472,0.008972835688018573
S2,77,0.03,0.049507997596815526,0.03943069441066337,0.008947129065784338
S2,78,0.03,0.06359931153547553,0.03928797319636971,0.008650467526869113
S2,79,0.03,0.08170139420154304,0.03884087388447695,0.008633553260247152
S2,80,0.03,0.10495581875524816,0.038729207570937105,0.008254487720372206
S2,81,0.03,0.1348290809262157,0.038684860591402095,0.008358541273559126
S2,82,0.03,0.17320508075688773,0.038599229224755734,0.008422381269528274
S2,83,0.03,0.2225039271491978,0.03843649244497423,0.007415212736926855
S2,84,0.03,0.2858345573956079,0.03834277121795974,0.006519590686929606
S2,85,0.03,0.3671907963528168,0.03839670956186321,0.006485281286073631
S2,86,0.03,0.47170321935428616,0.038428858629526316,0.0058321170329835035
S2,87,0.03,0.6059627021136009,0.0391085676682771,0.005876112391111739
S2,88,0.03,0.778436061673405,0.04000482090435881,0.0050375750630947715
S2,89,0.03,1.0,0.04001963560577575,0.004312176592624985
S2,90,0.035,0.03,0.03932278353269485,0.0090011742890016
S2,91,0.035,0.038538810670601456,0.039235416922839425,0.009000788324639549
S2,92,0.035,0.049507997596815526,0.039068024296105994,0.008910249605524846
S2,93,0.035,0.06359931153547553,0.03896012722269557,0.008817950852300723
S2,94,0.035,0.08170139420154304,0.03872997669846131,0.00856729052079913
S2,95,0.035,0.10495581875524816,0.038749949310012244,0.008380455134125947
S2,96,0.035,0.1348290809262157,0.03883427218660081,0.008345675233094194
S2,97,0.035,0.17320508075688773,0.03888743760659724,0.007508316564882108
S2,98,0.035,0.2225039271491978,0.03924211000460144,0.007346825911288774
S2,99,0.035,0.2858345573956079,0.03876214046093128,0.0056987307647969904
S2,100,0.035,0.3671907963528168,0.038741102553958795,0.005268492366868153
S2,101,0.035,0.47170321935428616,0.039056597516176815,0.005392372247016097
S2,102,0.035,0.6059627021136009,0.03934016197619873,0.005648080794779531
S2,103,0.035,0.778436061673405,0.04000482090435881,0.0050375750630947715
S2,104,0.035,1.0,0.04001963560577575,0.004312176592624985
S2,105,0.04,0.03,0.038928102201613426,0.008929434116445029
S2,106,0.04,0.038538810670601456,0.03883155801959616,0.008811045738161874
S2,107,0.04,0.049507997596815526,0.03883057605136485,0.008866863203324646
S2,108,0.04,0.06359931153547553,0.03879574750599466,0.008551511170431994
S2,109,0.04,0.08170139420154304,0.03880993823644058,0.008451255356089885
S2,110,0.04,0.10495581875524816,0.03886515159198348,0.008315557009462939
S2,111,0.04,0.1348290809262157,0.03915855822632124,0.008404700205886163
S2,112,0.04,0.17320508075688773,0.0391864753981753,0.007334968308116608
S2,113,0.04,0.2225039271491978,0.038944318696789305,0.0059963895054060265
S2,114,0.04,0.2858345573956079,0.03904452196442637,0.0051774521202704125
S2,115,0.04,0.3671907963528168,0.03854363069630036,0.004773336717010121
S2,116,0.04,0.47170321935428616,0.03943136169577094,0.005333991528893935
S2,117,0.04,0.6059627021136009,0.04002503256828234,0.005114021476781517
S2,118,0.04,0.778436061673405,0.03998006842911128,0.004991877811052633
S2,119,0.04,1.0,0.04001963560577575,0.004312176592624985
S2,120,0.045,0.03,0.03947719203473935,0.009449933148100475
S2,121,0.045,0.038538810670601456,0.039325362832427865,0.008965956458483621
S2,122,0.045,0.049507997596815526,0.039495905152102606,0.008913931571381883
S2,123,0.045,0.06359931153547553,0.039380106147696006,0.00846779731189592
S2,124,0.045,0.08170139420154304,0.03952523141675429,0.00824369320409729
S2,125,0.045,0.10495581875524816,0.039841146715849735,0.008360886175487976
S2,126,0.045,0.1348290809262157,0.03965718037476074,0.0076772353811843325
S2,127,0.045,0.17320508075688773,0.039854632719246524,0.006898062527553693
S2,128,0.045,0.2225039271491978,0.03936977239504399,0.005504417144376646
S2,129,0.045,0.2858345573956079,0.039434924699177906,0.005583564378187597
S2,130,0.045,0.3671907963528168,0.03930887057183299,0.005269894598018615
S2,131,0.045,0.47170321935428616,0.039966524033034426,0.00518997681191051
S2,132,0.045,0.6059627021136009,0.04043975526765381,0.005020001852790611
S2,133,0.045,0.778436061673405,0.04037791167019599,0.0047991423240556245
S2,134,0.045,1.0,0.04001963560577575,0.004312176592624985
S2,135,0.05,0.03,0.04005144839112906,0.008990974981431091
S2,136,0.05,0.038538810670601456,0.04001748882769748,0.008910613285786668
S2,137,0.05,0.049507997596815526,0.03997428532233239,0.00873885814351979
S2,138,0.05,0.06359931153547553,0.039904152732476286,0.008573197214978448
S2,139,0.05,0.08170139420154304,0.04059885146254949,0.008785687307029945
S2,140,0.05,0.10495581875524816,0.0406759091947937,0.008550631778702699
S2,141,0.05,0.1348290809262157,0.04051139220428096,0.007609150068865352
S2,142,0.05,0.17320508075688773,0.040710090974838055,0.007000090453206691
S2,143,0.05,0.2225039271491978,0.0399184915741585,0.005889161052911262
S2,144,0.05,0.2858345573956079,0.03970655401286144,0.005582953961060815
S2,145,0.05,0.3671907963528168,0.04017618833347579,0.005501663986382579
S2,146,0.05,0.47170321935428616,0.04013938579827375,0.004747848829052202
S2,147,0.05,0.6059627021136009,0.040669135208811644,0.004995022575443641
S2,148,0.05,0.778436061673405,0.04064052436971963,0.004779706307107273
S2,149,0.05,1.0,0.040038147268123034,0.004283694108811368
S2,150,0.055,0.03,0.040272954472301704,0.008961443537573298
S2,151,0.055,0.038538810670601456,0.040315651098258555,0.008907901956948948
S2,152,0.055,0.049507997596815526,0.04048596024529283,0.008816391396663814
S2,153,0.055,0.06359931153547553,0.041012261719149484,0.008905593931681775
S2,154,0.055,0.08170139420154304,0.04111757786853608,0.008388915583799828
S2,155,0.055,0.10495581875524816,0.041051752875460604,0.008237871163938119
S2,156,0.055,0.1348290809262157,0.04135651710410451,0.007990846427384858
S2,157,0.055,0.17320508075688773,0.04113242282235846,0.007019949606292621
S2,158,0.055,0.2225039271491978,0.04103802914963127,0.006494722810112931
S2,159,0.055,0.2858345573956079,0.040256906064066504,0.0056526143775188775
S2,160,0.055,0.3671907963528168,0.04050417578324794,0.005371516204313276
S2,161,0.055,0.47170321935428616,0.04061053998152552,0.004865377339404339
S2,162,0.055,0.6059627021136009,0.040887003848323125,0.005146969775919081
S2,163,0.055,0.778436061673405,0.040672009817919005,0.004769518880626786
S2,164,0.055,1.0,0.040226305050274136,0.004267933782940499
S2,165,0.06,0.03,0.04041903823497656,0.008341747305671656
S2,166,0.06,0.038538810670601456,0.04045449385239827,0.008386175513785687
S2,167,0.06,0.049507997596815526,0.04051156991291431,0.008348804447837524
S2,168,0.06,0.06359931153547553,0.04101758447968655,0.00871067974495088
S2,169,0.06,0.08170139420154304,0.041559186703259934,0.009173383103286937
S2,170,0.06,0.10495581875524816,0.04182666738214335,0.008979497269819864
S2,171,0.06,0.1348290809262157,0.04178729335567974,0.008097202647837566
S2,172,0.06,0.17320508075688773,0.04133267448278738,0.007354445842306132
S2,173,0.06,0.2225039271491978,0.041487025003061395,0.006889288596051844
S2,174,0.06,0.2858345573956079,0.04154733491562249,0.006365190015950002
S2,175,0.06,0.3671907963528168,0.04090168866118718,0.005224097151639436
S2,176,0.06,0.47170321935428616,0.04081060990385292,0.004815717916316969
S2,177,0.06,0.6059627021136009,0.04098143479058513,0.005072378267440927
S2,178,0.06,0.778436061673405,0.040590267813610886,0.004869510448706191
S2,179,0.06,1.0,0.040226305050274136,0.004267933782940499
S2,180,0.065,0.03,0.040788025920503984,0.008313457902639501
S2,181,0.065,0.038538810670601456,0.040777402128315945,0.008176469095643858
S2,182,0.065,0.049507997596815526,0.040707483783275634,0.008171911370717133
S2,183,0.065,0.06359931153547553,0.040629161667295174,0.00813353800083969
S2,184,0.065,0.08170139420154304,0.04093731560793262,0.008618051048195772
S2,185,0.065,0.10495581875524816,0.0410957181826212,0.008626713524862216
S2,186,0.065,0.1348290809262157,0.04147936071999568,0.008215545128940458
S2,187,0.065,0.17320508075688773,0.04166580027104114,0.008040791865145527
S2,188,0.065,0.2225039271491978,0.04177607008978135,0.00725396981778682
S2,189,0.065,0.2858345573956079,0.041158827724517885,0.006018719850853369
S2,190,0.065,0.3671907963528168,0.041011186527311456,0.005184376544262905
S2,191,0.065,0.47170321935428616,0.04075665396743611,0.004944210790544745
S2,192,0.065,0.6059627021136009,0.0410779867294858,0.004977566383011654
S2,193,0.065,0.778436061673405,0.04082526067100195,0.0049262777375540965
S2,194,0.065,1.0,0.04018388076765325,0.004338819371277424
S2,195,0.07,0.03,0.04076821578359551,0.008122390318487447
S2,196,0.07,0.038538810670601456,0.04107115433841424,0.008583168181243661
S2,197,0.07,0.049507997596815526,0.04116415142675227,0.008605567130272357
S2,198,0.07,0.06359931153547553,0.0411858211400971,0.00837071180439206
S2,199,0.07,0.08170139420154304,0.041234113814236174,0.008274397997005198
S2,200,0.07,0.10495581875524816,0.041394984123683295,0.00819864588044871
S2,201,0.07,0.1348290809262157,0.041541120300363894,0.007738823561426273
S2,202,0.07,0.17320508075688773,0.04160027111827155,0.007727494787894551
S2,203,0.07,0.2225039271491978,0.041721178898738616,0.007316467755311316
S2,204,0.07,0.2858345573956079,0.04151028811580289,0.0067355340566967814
S2,205,0.07,0.3671907963528168,0.04201837967970331,0.006563397801109981
S2,206,0.07,0.47170321935428616,0.04126864492586205,0.005613962905570293
S2,207,0.07,0.6059627021136009,0.04105332876137102,0.004961419806764365
S2,208,0.07,0.778436061673405,0.04093517270387265,0.00497734665153769
S2,209,0.07,1.0,0.040188068850653444,0.004332064508401476
S2,210,0.075,0.03,0.04159959218631991,0.009179839727947703
S2,211,0.075,0.038538810670601456,0.0416735107435432,0.00912199809674462
S2,212,0.075,0.049507997596815526,0.04174725229195331,0.008657045182835221
S2,213,0.075,0.06359931153547553,0.041615978425811856,0.008033454040588901
S2,214,0.075,0.08170139420154304,0.041503449509481455,0.007891494256175587
S2,215,0.075,0.10495581875524816,0.0419389202258658,0.008415202368003694
S2,216,0.075,0.1348290809262157,0.04168241569043754,0.007868313620502106
S2,217,0.075,0.17320508075688773,0.04145500985926445,0.007115918804962664
S2,218,0.075,0.2225039271491978,0.04166744575779901,0.007383788867588119
S2,219,0.075,0.2858345573956079,0.0416783951130323,0.007226969056373347
S2,220,0.075,0.3671907963528168,0.041730465346723186,0.006733749267727036
S2,221,0.075,0.47170321935428616,0.04131597691995166,0.0056160487811691044
S2,222,0.075,0.6059627021136009,0.04099646672053883,0.005082482985621338
S2,223,0.075,0.778436061673405,0.040997424831108145,0.005011415477156865
S2,224,0.075,1.0,0.040450996452666296,0.004293200598996918
S2,225,0.08,0.03,0.04144462836261892,0.008697808590448558
S2,226,0.08,0.038538810670601456,0.04160072710592774,0.008606397739573498
S2,227,0.08,0.049507997596815526,0.04161573838380368,0.008487184917002686
S2,228,0.08,0.06359931153547553,0.041695953782078035,0.008457896319297201
S2,229,0.08,0.08170139420154304,0.04199814186203418,0.008285808470721872
S2,230,0.08,0.10495581875524816,0.04176700873770024,0.007922577253130818
S2,231,0.08,0.1348290809262157,0.04186149808809116,0.007497737855857402
S2,232,0.08,0.17320508075688773,0.04128086596127252,0.006717396611362217
S2,233,0.08,0.2225039271491978,0.04145506844247051,0.0070435325211738245
S2,234,0.08,0.2858345573956079,0.04145744316965913,0.007131438380639924
S2,235,0.08,0.3671907963528168,0.042209638195365995,0.0076231585293015545
S2,236,0.08,0.47170321935428616,0.04147005482256694,0.0060650983578207415
S2,237,0.08,0.6059627021136009,0.04095064401620696,0.005144729140766059
S2,238,0.08,0.778436061673405,0.040880376655323104,0.005089483717272227
S2,239,0.08,1.0,0.04061542616114813,0.004278902187802435
S2,240,0.085,0.03,0.041409316015131425,0.008714297072998554
S2,241,0.085,0.038538810670601456,0.041586425281007255,0.008642662479590873
S2,242,0.085,0.049507997596815526,0.04162567388451448,0.008575323675585776
S2,243,0.085,0.06359931153547553,0.04136463952605518,0.007943365911601292
S2,244,0.085,0.08170139420154304,0.041327278118930035,0.0075461512667940695
S2,245,0.085,0.10495581875524816,0.04157460733148975,0.007722481910048431
S2,246,0.085,0.1348290809262157,0.04184169902071468,0.007385717839629855
S2,247,0.085,0.17320508075688773,0.041138710357586775,0.006425022412512825
S2,248,0.085,0.2225039271491978,0.04156509631037437,0.007236067695989034
S2,249,0.085,0.2858345573956079,0.0419879803712664,0.007798575902744201
S2,250,0.085,0.3671907963528168,0.042108583925237225,0.007590927240919422
S2,251,0.085,0.47170321935428616,0.04139193793290012,0.006353748566133947
S2,252,0.085,0.6059627021136009,0.040727036106441475,0.005053323075018593
S2,253,0.085,0.778436061673405,0.04092334909989368,0.005179171336478655
S2,254,0.085,1.0,0.04092303717298449,0.004725942055505036
S2,255,0.09,0.03,0.0412571573624439,0.008433610527513902
S2,256,0.09,0.038538810670601456,0.04135431690646828,0.008450796476440597
S2,257,0.09,0.049507997596815526,0.0414629942070183,0.00843426561622309
S2,258,0.09,0.06359931153547553,0.04129159411830105,0.00774224646718354
S2,259,0.09,0.08170139420154304,0.04133191148498708,0.0075992998714085585
S2,260,0.09,0.10495581875524816,0.04121817454767479,0.007330500274159851
S2,261,0.09,0.1348290809262157,0.04156306997779023,0.007360414476892496
S2,262,0.09,0.17320508075688773,0.04190945994829822,0.0075109899570307195
S2,263,0.09,0.2225039271491978,0.041242472772013906,0.006535394320387986
S2,264,0.09,0.2858345573956079,0.042013174207319384,0.007660459986330824
S2,265,0.09,0.3671907963528168,0.04193404186541602,0.007732066337556161
S2,266,0.09,0.47170321935428616,0.04136322267689533,0.006423798285899365
S2,267,0.09,0.6059627021136009,0.04115893045278497,0.006024130945106239
S2,268,0.09,0.778436061673405,0.04074479453711274,0.005123439390383497
S2,269,0.09,1.0,0.04092470878957091,0.00476662289494518
S2,270,0.095,0.03,0.041211092285679936,0.008350315656139109
S2,271,0.095,0.038538810670601456,0.041289176564140974,0.008334507482637699
S2,272,0.095,0.049507997596815526,0.041534814125638586,0.008324469663012058
S2,273,0.095,0.06359931153547553,0.041132126581516285,0.007639545431064824
S2,274,0.095,0.08170139420154304,0.041237007537715135,0.007597193667746813
S2,275,0.095,0.10495581875524816,0.04138440032033477,0.0073533922507088385
S2,276,0.095,0.1348290809262157,0.04199922461511023,0.007959673622449126
S2,277,0.095,0.17320508075688773,0.04139497609218686,0.006633703723001217
S2,278,0.095,0.2225039271491978,0.041162064489744035,0.006390346144671773
S2,279,0.095,0.2858345573956079,0.04191247204053686,0.007709765755614255
S2,280,0.095,0.3671907963528168,0.04199495501843885,0.007739932470258911
S2,281,0.095,0.47170321935428616,0.041214115706422076,0.0066091069389776986
S2,282,0.095,0.6059627021136009,0.04128862341080339,0.0064422341999505585
S2,283,0.095,0.778436061673405,0.040564837200959325,0.005131037922269687
S2,284,0.095,1.0,0.04097604310890256,0.004955689805769387
S2,285,0.1,0.03,0.04113363528312494,0.008337626789420825
S2,286,0.1,0.038538810670601456,0.04116889965623706,0.00821255438488586
S2,287,0.1,0.049507997596815526,0.04121316534372303,0.008213306132422642
S2,288,0.1,0.06359931153547553,0.04108035438972356,0.007549012039439717
S2,289,0.1,0.08170139420154304,0.04108229711031189,0.007459225965026565
S2,290,0.1,0.10495581875524816,0.04128072364754577,0.007238528910706196
S2,291,0.1,0.1348290809262157,0.041819324640443134,0.008065679317653777
S2,292,0.1,0.17320508075688773,0.041143312518309536,0.006739042325572732
S2,293,0.1,0.2225039271491978,0.0413562953410126,0.007020962474131582
S2,294,0.1,0.2858345573956079,0.04159588058992194,0.007649610481515068
S2,295,0.1,0.3671907963528168,0.0415322933309307,0.007760307376622689
S2,296,0.1,0.47170321935428616,0.041238854918352594,0.00665413492175274
S2,297,0.1,0.6059627021136009,0.04127603364751743,0.006439252576230053
S2,298,0.1,0.778436061673405,0.04045287472864903,0.0052285679866692115
S2,299,0.1,1.0,0.04091495327226289,0.005048964011273817
S3,0,0.005,0.03,0.040019308567726924,0.012970428965484029
S3,1,0.005,0.038538810670601456,0.04062424905114412,0.013759117977032692
S3,2,0.005,0.049507997596815526,0.0399637247616773,0.013553097208766064
S3,3,0.005,0.06359931153547553,0.039603910258590364,0.013504474452437501
S3,4,0.005,0.08170139420154304,0.039088583444308246,0.01347567169123588
S3,5,0.005,0.10495581875524816,0.039768846125465204,0.015597218495704423
S3,6,0.005,0.1348290809262157,0.04072764063862209,0.0164275116419013
S3,7,0.005,0.17320508075688773,0.042139691213249335,0.02000800554223179
S3,8,0.005,0.2225039271491978,0.04301183873886171,0.021506312958406968
S3,9,0.005,0.2858345573956079,0.04295432037159967,0.021118888316430915
S3,10,0.005,0.3671907963528168,0.04440074277294272,0.02240202278356276
S3,11,0.005,0.47170321935428616,0.0437555758821673,0.020505380962223686
S3,12,0.005,0.6059627021136009,0.04209355911991437,0.016162897889719557
S3,13,0.005,0.778436061673405,0.041869734758435403,0.013935801257281093
S3,14,0.005,1.0,0.04090084016233611,0.010526580140739381
S3,15,0.01,0.03,0.03981054431710433,0.013144326517185972
S3,16,0.01,0.038538810670601456,0.0402608559790682,0.014033377723509996
S3,17,0.01,0.049507997596815526,0.03971454925133085,0.01374899608627574
S3,18,0.01,0.06359931153547553,0.03945334018113751,0.013628635836185262
S3,19,0.01,0.08170139420154304,0.03897659629114168,0.013568971344258407
S3,20,0.01,0.10495581875524816,0.03980867722851165,0.015565592603259288
S3,21,0.01,0.1348290809262157,0.04072764063862209,0.0164275116419013
S3,22,0.01,0.17320508075688773,0.042139691213249335,0.02000800554223179
S3,23,0.01,0.2225039271491978,0.04301183873886171,0.021506312958406968
S3,24,0.01,0.2858345573956079,0.04293622227187036,0.021132450813315877
S3,25,0.01,0.3671907963528168,0.044428065177314305,0.022383661440497023
S3,26,0.01,0.47170321935428616,0.0437555758821673,0.020505380962223686
S3,27,0.01,0.6059627021136009,0.04209355911991437,0.016162897889719557
S3,28,0.01,0.778436061673405,0.041869734758435403,0.013935801257281093
S3,29,0.01,1.0,0.04090084016233611,0.010526580140739381
S3,30,0.015,0.03,0.03860761241771007,0.014306217805502529
S3,31,0.015,0.038538810670601456,0.038869578935450996,0.014979206103758717
S3,32,0.015,0.049507997596815526,0.03919288604603642,0.015617480197831504
S3,33,0.015,0.06359931153547553,0.040374293219511886,0.017656295597693477
S3,34,0.015,0.08170139420154304,0.039950724976915236,0.01677248260011528
S3,35,0.015,0.10495581875524816,0.0409137020520802,0.01813311473262213
S3,36,0.015,0.1348290809262157,0.04121440950660225,0.017732487912293652
S3,37,0.015,0.17320508075688773,0.04220590866019066,0.019944481447673006
S3,38,0.015,0.2225039271491978,0.04293474411593469,0.021558418917624254
S3,39,0.015,0.2858345573956079,0.042913842601830024,0.021142317210511404
S3,40,0.015,0.3671907963528168,0.04440074277294272,0.02240202278356276
S3,41,0.015,0.47170321935428616,0.0437555758821673,0.020505380962223686
S3,42,0.015,0.6059627021136009,0.04209355911991437,0.016162897889719557
S3,43,0.015,0.778436061673405,0.041869734758435403,0.013935801257281093
S3,44,0.015,1.0,0.04090084016233611,0.010526580140739381
S3,45,0.02,0.03,0.041776879617376465,0.020115879616363005
S3,46,0.02,0.038538810670601456,0.04136255048022934,0.01915296932294569
S3,47,0.02,0.049507997596815526,0.04142606943016575,0.018838879261307454
S3,48,0.02,0.06359931153547553,0.04172470684876632,0.01918215672828117
S3,49,0.02,0.08170139420154304,0.04173495072152689,0.019222555074749435
S3,50,0.02,0.10495581875524816,0.042718811491450084,0.021154529082428878
S3,51,0.02,0.1348290809262157,0.042849489856183,0.021380219814286512
S3,52,0.02,0.17320508075688773,0.0430617149331093,0.02202863051976068
S3,53,0.02,0.2225039271491978,0.04237604741436804,0.02054056510773881
S3,54,0.02,0.2858345573956079,0.0434568354906027,0.0220150189380974
S3,55,0.02,0.3671907963528168,0.04452538407018464,0.022314405017908847
S3,56,0.02,0.47170321935428616,0.0437555758821673,0.020505380962223686
S3,57,0.02,0.6059627021136009,0.04209355911991437,0.016162897889719557
S3,58,0.02,0.778436061673405,0.041869734758435403,0.013935801257281093
S3,59,0.02,1.0,0.04090084016233611,0.010526580140739381
S3,60,0.025,0.03,0.04296659971977129,0.022009157245239455
S3,61,0.025,0.038538810670601456,0.043031713207643985,0.022044442430383
S3,62,0.025,0.049507997596815526,0.04335944656761857,0.022595848039598073
S3,63,0.025,0.06359931153547553,0.0440245877018161,0.023540822053839162
S3,64,0.025,0.08170139420154304,0.04426152001076493,0.02395296558610629
S3,65,0.025,0.10495581875524816,0.044046569568653215,0.023244734662993507
S3,66,0.025,0.1348290809262157,0.04425245298259202,0.024124774825127232
S3,67,0.025,0.17320508075688773,0.04375193080345463,0.02297885828196656
S3,68,0.025,0.2225039271491978,0.043500873066179,0.022533174726225933
S3,69,0.025,0.2858345573956079,0.04426858014949894,0.02328234193456796
S3,70,0.025,0.3671907963528168,0.0448283389005222,0.022832945779413857
S3,71,0.025,0.47170321935428616,0.043772373194597314,0.02049189667427804
S3,72,0.025,0.6059627021136009,0.04209355911991437,0.016162897889719557
S3,73,0.025,0.778436061673405,0.041869734758435403,0.013935801257281093
S3,74,0.025,1.0,0.04090084016233611,0.010526580140739381
S3,75,0.03,0.03,0.04362895526992816,0.022663369488966682
S3,76,0.03,0.038538810670601456,0.043628523863458224,0.022549054987663793
S3,77,0.03,0.049507997596815526,0.04356423711728745,0.02261696823085337
S3,78,0.03,0.06359931153547553,0.043720443671457485,0.02259755921104979
S3,79,0.03,0.08170139420154304,0.04337242218165627,0.02191517558550761
S3,80,0.03,0.10495581875524816,0.043923781971636745,0.022919916981927003
S3,81,0.03,0.1348290809262157,0.0431976341296948,0.021664114275048472
S3,82,0.03,0.17320508075688773,0.0426231725774803,0.0205872015923944
S3,83,0.03,0.2225039271491978,0.04376424878566952,0.022064975784036253
S3,84,0.03,0.2858345573956079,0.045378175792881906,0.024509437982369594
S3,85,0.03,0.3671907963528168,0.04568726153546359,0.024635088186337292
S3,86,0.03,0.47170321935428616,0.04448377094096698,0.021929300596480586
S3,87,0.03,0.6059627021136009,0.042110866146567186,0.01614981369200783
S3,88,0.03,0.778436061673405,0.041869734758435403,0.013935801257281093
S3,89,0.03,1.0,0.04090084016233611,0.010526580140739381
S3,90,0.035,0.03,0.04512152451311294,0.02558152005340969
S3,91,0.035,0.038538810670601456,0.04525361374011175,0.025771918079945708
S3,92,0.035,0.049507997596815526,0.04526263162215917,0.025961294269376337
S3,93,0.035,0.06359931153547553,0.04543136259537621,0.02621167916806172
S3,94,0.035,0.08170139420154304,0.04463323310341004,0.024593461554181566
S3,95,0.035,0.10495581875524816,0.044653525485901846,0.024567932846668243
S3,96,0.035,0.1348290809262157,0.04297651077049938,0.021141925712833857
S3,97,0.035,0.17320508075688773,0.042722508260586434,0.020563420654380157
S3,98,0.035,0.2225039271491978,0.04392971680464763,0.022167020333180326
S3,99,0.035,0.2858345573956079,0.044010196525024366,0.021763953834148808
S3,100,0.035,0.3671907963528168,0.04608953265430607,0.02522596206742473
S3,101,0.035,0.47170321935428616,0.04508963744027421,0.02289802666177259
S3,102,0.035,0.6059627021136009,0.04228577480838966,0.01661261270027611
S3,103,0.035,0.778436061673405,0.041869734758435403,0.013935801257281093
S3,104,0.035,1.0,0.04090084016233611,0.010526580140739381
S3,105,0.04,0.03,0.04461339168817646,0.02441367876264189
S3,106,0.04,0.038538810670601456,0.04484698947907951,0.025105957591070403
S3,107,0.04,0.049507997596815526,0.04506710510555455,0.02534319067128503
S3,108,0.04,0.06359931153547553,0.04529492893274831,0.025923430066725702
S3,109,0.04,0.08170139420154304,0.04508359754786055,0.025194583485656456
S3,110,0.04,0.10495581875524816,0.04469627176393159,0.024645132870883383
S3,111,0.04,0.1348290809262157,0.04399068769504086,0.023238445972584152
S3,112,0.04,0.17320508075688773,0.043791754263881,0.022325838980055544
S3,113,0.04,0.2225039271491978,0.04348502903334714,0.02106818013176539
S3,114,0.04,0.2858345573956079,0.04455296587709648,0.022704467152549195
S3,115,0.04,0.3671907963528168,0.04480411115644754,0.022749081081032203
S3,116,0.04,0.47170321935428616,0.0451698173020534,0.023037983407538886
S3,117,0.04,0.6059627021136009,0.04221856292315629,0.016387537108716266
S3,118,0.04,0.778436061673405,0.041869734758435403,0.013935801257281093
S3,119,0.04,1.0,0.04090084016233611,0.010526580140739381
S3,120,0.045,0.03,0.04546148680266566,0.025149655311290115
S3,121,0.045,0.038538810670601456,0.04497988699269927,0.02445530603263264
S3,122,0.045,0.049507997596815526,0.04476248345350421,0.024197566696455737
S3,123,0.045,0.06359931153547553,0.045147392256969746,0.025202107868461974
S3,124,0.045,0.08170139420154304,0.04421577511288512,0.023551047401430915
S3,125,0.045,0.10495581875524816,0.04460102619754527,0.024170217437735057
S3,126,0.045,0.1348290809262157,0.044938000541267564,0.02474289532102725
S3,127,0.045,0.17320508075688773,0.04456285219217266,0.023478550044269107
S3,128,0.045,0.2225039271491978,0.04493866295987023,0.023563998587907645
S3,129,0.045,0.2858345573956079,0.044141358056794214,0.02176371334866641
S3,130,0.045,0.3671907963528168,0.043904463973111776,0.020711362421919538
S3,131,0.045,0.47170321935428616,0.04397186681134258,0.020628174143998302
S3,132,0.045,0.6059627021136009,0.042285517001904784,0.016448150638844868
S3,133,0.045,0.778436061673405,0.04189773027915209,0.013991166536037875
S3,134,0.045,1.0,0.04090084016233611,0.010526580140739381
S3,135,0.05,0.03,0.04494789682005891,0.024639693125025595
S3,136,0.05,0.038538810670601456,0.04475712226038125,0.024450067339867626
S3,137,0.05,0.049507997596815526,0.04410455286027919,0.023093063497533033
S3,138,0.05,0.06359931153547553,0.04405593896568977,0.0231243876418647
S3,139,0.05,0.08170139420154304,0.04456580282326973,0.023761140576003897
S3,140,0.05,0.10495581875524816,0.04437092929662237,0.02323780768601652
S3,141,0.05,0.1348290809262157,0.04403471926067401,0.0227146553749066
S3,142,0.05,0.17320508075688773,0.044281242092290354,0.02283753319324304
S3,143,0.05,0.2225039271491978,0.045265430022828346,0.024201565752001105
S3,144,0.05,0.2858345573956079,0.043739064293947236,0.020842747209416233
S3,145,0.05,0.3671907963528168,0.042821518947206524,0.018568419311135852
S3,146,0.05,0.47170321935428616,0.04309524891658142,0.018793779352531615
S3,147,0.05,0.6059627021136009,0.04179914235055386,0.015388542312918035
S3,148,0.05,0.778436061673405,0.04141775662377521,0.013098803287135698
S3,149,0.05,1.0,0.04090084016233611,0.010526580140739381
S3,150,0.055,0.03,0.04349196706207904,0.021788549058156824
S3,151,0.055,0.038538810670601456,0.04344216491093694,0.021816551691920406
S3,152,0.055,0.049507997596815526,0.0433404497059143,0.021778512874451438
S3,153,0.055,0.06359931153547553,0.0440262520264571,0.023237813303634506
S3,154,0.055,0.08170139420154304,0.04398485266143454,0.023157672302108794
S3,155,0.055,0.10495581875524816,0.04463129718002297,0.024255932235913116
S3,156,0.055,0.1348290809262157,0.045003046307683536,0.02494483891276077
S3,157,0.055,0.17320508075688773,0.04396875162812375,0.022781733192185342
S3,158,0.055,0.2225039271491978,0.04418691725595539,0.022429971852823687
S3,159,0.055,0.2858345573956079,0.0427900581596235,0.018973583293339272
S3,160,0.055,0.3671907963528168,0.04232021888006249,0.017624374160407522
S3,161,0.055,0.47170321935428616,0.0428206121062292,0.018213028784226433
S3,162,0.055,0.6059627021136009,0.041893509140787794,0.015519409905057102
S3,163,0.055,0.778436061673405,0.041412325946672275,0.01309817625212387
S3,164,0.055,1.0,0.04090084016233611,0.010526580140739381
S3,165,0.06,0.03,0.042534526659222235,0.020459843057442147
S3,166,0.06,0.038538810670601456,0.04250858975147789,0.02035251188711251
S3,167,0.06,0.049507997596815526,0.04286916271645188,0.02101819497162242
S3,168,0.06,0.06359931153547553,0.042884559242928416,0.020995900201825266
S3,169,0.06,0.08170139420154304,0.04369279383255824,0.022556398133272225
S3,170,0.06,0.10495581875524816,0.04446228620114173,0.023675720980190305
S3,171,0.06,0.1348290809262157,0.04336656870324396,0.021168960275808887
S3,172,0.06,0.17320508075688773,0.04290184596765901,0.020557780637193074
S3,173,0.06,0.2225039271491978,0.042812979092132934,0.020617366949734324
S3,174,0.06,0.2858345573956079,0.042391034848495185,0.018632386698293407
S3,175,0.06,0.3671907963528168,0.042784757192013065,0.01867765708459963
S3,176,0.06,0.47170321935428616,0.04227109514458501,0.01701851514599595
S3,177,0.06,0.6059627021136009,0.041681045146654376,0.015128080186678104
S3,178,0.06,0.778436061673405,0.041081096652028345,0.012324932523542406
S3,179,0.06,1.0,0.04054758854503955,0.009848408979238662
S3,180,0.065,0.03,0.04253633714981556,0.020368622797088363
S3,181,0.065,0.038538810670601456,0.042632828775366165,0.020520785147909164
S3,182,0.065,0.049507997596815526,0.04270963631033125,0.02053773784746471
S3,183,0.065,0.06359931153547553,0.04339703946965312,0.022196344516758684
S3,184,0.065,0.08170139420154304,0.04331056373191953,0.0217176990366602
S3,185,0.065,0.10495581875524816,0.04343497103184833,0.02138973327257731
S3,186,0.065,0.1348290809262157,0.043173781142512684,0.020439983087756807
S3,187,0.065,0.17320508075688773,0.04253127458410231,0.019355593030961987
S3,188,0.065,0.2225039271491978,0.042596642890233585,0.01993486635109807
S3,189,0.065,0.2858345573956079,0.04248774137094016,0.019427499858603623
S3,190,0.065,0.3671907963528168,0.04271301815125136,0.018909981790326973
S3,191,0.065,0.47170321935428616,0.042406649586316236,0.017154486562876943
S3,192,0.065,0.6059627021136009,0.0416331848579527,0.014926247667037203
S3,193,0.065,0.778436061673405,0.04113546892664642,0.012451612594772322
S3,194,0.065,1.0,0.04054758854503955,0.009848408979238662
S3,195,0.07,0.03,0.04263621913783369,0.020417531232365345
S3,196,0.07,0.038538810670601456,0.04267409249266863,0.020390398587123135
S3,197,0.07,0.049507997596815526,0.04279936415495564,0.020552188895943638
S3,198,0.07,0.06359931153547553,0.042923874906861254,0.020652673297154395
S3,199,0.07,0.08170139420154304,0.042948340172893534,0.02060710773703941
S3,200,0.07,0.10495581875524816,0.043299248936560314,0.020957192949252218
S3,201,0.07,0.1348290809262157,0.043815459378152635,0.021754304610216723
S3,202,0.07,0.17320508075688773,0.04328850333104704,0.020389207132007526
S3,203,0.07,0.2225039271491978,0.042651267543954735,0.019661239888321653
S3,204,0.07,0.2858345573956079,0.042771055027904445,0.019769749726377846
S3,205,0.07,0.3671907963528168,0.04259771838301773,0.018771059621694588
S3,206,0.07,0.47170321935428616,0.042441961735525266,0.017208631471243015
S3,207,0.07,0.6059627021136009,0.04201106837983143,0.01562069488177572
S3,208,0.07,0.778436061673405,0.04101764962313131,0.012081381349088425
S3,209,0.07,1.0,0.04060135198589977,0.009822688335974375
S3,210,0.075,0.03,0.043385368202796946,0.021208491166890504
S3,211,0.075,0.038538810670601456,0.043326380522522245,0.02116032261745093
S3,212,0.075,0.049507997596815526,0.043250814644455064,0.0212079982606075
S3,213,0.075,0.06359931153547553,0.04378252769349293,0.022195477020211307
S3,214,0.075,0.08170139420154304,0.04364662714544433,0.021696224158894478
S3,215,0.075,0.10495581875524816,0.04357615727417123,0.021187644422349262
S3,216,0.075,0.1348290809262157,0.043536612892499896,0.02121116152935975
S3,217,0.075,0.17320508075688773,0.043634376822064114,0.021610143607656628
S3,218,0.075,0.2225039271491978,0.043830273184872384,0.021735705607438437
S3,219,0.075,0.2858345573956079,0.04388407572436699,0.021819372347293742
S3,220,0.075,0.3671907963528168,0.04315646695810653,0.019980053732390767
S3,221,0.075,0.47170321935428616,0.04363231912729338,0.019766116695522234
S3,222,0.075,0.6059627021136009,0.042665246348366596,0.01675301753831107
S3,223,0.075,0.778436061673405,0.04098708246020183,0.012017415412669133
S3,224,0.075,1.0,0.040553534983788074,0.009982150768438095
S3,225,0.08,0.03,0.04271108083704288,0.020782432086038624
S3,226,0.08,0.038538810670601456,0.04360080605642732,0.022407820210824998
S3,227,0.08,0.049507997596815526,0.04366999167553704,0.022357287530912224
S3,228,0.08,0.06359931153547553,0.04366160453297714,0.02239186254826297
S3,229,0.08,0.08170139420154304,0.04359156619011542,0.02209306043799238
S3,230,0.08,0.10495581875524816,0.043554738706388145,0.022106278083139693
S3,231,0.08,0.1348290809262157,0.043680688230584394,0.02152177856880156
S3,232,0.08,0.17320508075688773,0.04414856981621092,0.02234678923671865
S3,233,0.08,0.2225039271491978,0.044264939545024855,0.022458047997122744
S3,234,0.08,0.2858345573956079,0.044427147053443125,0.02292842430144978
S3,235,0.08,0.3671907963528168,0.044227556376291284,0.021917681608602507
S3,236,0.08,0.47170321935428616,0.04334503777554039,0.01926170909246846
S3,237,0.08,0.6059627021136009,0.04277869381093789,0.016727955556352675
S3,238,0.08,0.778436061673405,0.04140603673014951,0.012064823011233084
S3,239,0.08,1.0,0.040530804905442155,0.00998872906543816
S3,240,0.085,0.03,0.04370993140249759,0.022212647765892237
S3,241,0.085,0.038538810670601456,0.04394175032526751,0.02270510907494366
S3,242,0.085,0.049507997596815526,0.04435649309977418,0.02368739281615147
S3,243,0.085,0.06359931153547553,0.04431017239698726,0.023429690000237865
S3,244,0.085,0.08170139420154304,0.043962838677037264,0.022797003095775925
S3,245,0.085,0.10495581875524816,0.04403908124288451,0.023273970552745472
S3,246,0.085,0.1348290809262157,0.04411796627902925,0.023176276045544016
S3,247,0.085,0.17320508075688773,0.04398761934850305,0.022782302913203406
S3,248,0.085,0.2225039271491978,0.044354614830131575,0.022498799808644925
S3,249,0.085,0.2858345573956079,0.04441000126770339,0.02251494192052696
S3,250,0.085,0.3671907963528168,0.043805182545314264,0.020993723421746956
S3,251,0.085,0.47170321935428616,0.04342313929197854,0.01949589437793913
S3,252,0.085,0.6059627021136009,0.04313878513768593,0.017492749824713244
S3,253,0.085,0.778436061673405,0.041952988677998446,0.012505515563827004
S3,254,0.085,1.0,0.04057719517602386,0.009995254332074974
S3,255,0.09,0.03,0.04295558447642482,0.02093394884152181
S3,256,0.09,0.038538810670601456,0.042953064952699654,0.021091951868759697
S3,257,0.09,0.049507997596815526,0.043148651402654156,0.021232411789876462
S3,258,0.09,0.06359931153547553,0.04370794003860221,0.022405465793957663
S3,259,0.09,0.08170139420154304,0.04405168045287999,0.023099352678377486
S3,260,0.09,0.10495581875524816,0.043968978228466404,0.023145334654198282
S3,261,0.09,0.1348290809262157,0.04396127747993849,0.022789123660427534
S3,262,0.09,0.17320508075688773,0.0439662953189177,0.022525837598891527
S3,263,0.09,0.2225039271491978,0.04399327515386992,0.021920768000639863
S3,264,0.09,0.2858345573956079,0.044020975029781965,0.021321537543199768
S3,265,0.09,0.3671907963528168,0.04340421727502851,0.02005767803236549
S3,266,0.09,0.47170321935428616,0.04314590824761808,0.018906797575660873
S3,267,0.09,0.6059627021136009,0.04276487641899872,0.01682933750765765
S3,268,0.09,0.778436061673405,0.04186450333741101,0.012215246600124035
S3,269,0.09,1.0,0.040767551610663255,0.00993321563141302
S3,270,0.095,0.03,0.042406950708071975,0.01959134021248636
S3,271,0.095,0.038538810670601456,0.042452179111509336,0.01968151939815118
S3,272,0.095,0.049507997596815526,0.04240720801006222,0.019613939021428408
S3,273,0.095,0.06359931153547553,0.042542107413673605,0.01974043546764322
S3,274,0.095,0.08170139420154304,0.042505750402792024,0.01967413511261253
S3,275,0.095,0.10495581875524816,0.04313910837426949,0.02085026871590535
S3,276,0.095,0.1348290809262157,0.04315015491925506,0.02108904976030451
S3,277,0.095,0.17320508075688773,0.04336713841509276,0.021447386933948858
S3,278,0.095,0.2225039271491978,0.04351845057283533,0.021427180114404
S3,279,0.095,0.2858345573956079,0.043798506281601965,0.020941641685383344
S3,280,0.095,0.3671907963528168,0.04304781640226481,0.018503808552351557
S3,281,0.095,0.47170321935428616,0.042933709061399344,0.01777212384166972
S3,282,0.095,0.6059627021136009,0.04231013552013857,0.015568272940668395
S3,283,0.095,0.778436061673405,0.04199760011460747,0.012723418296386216
S3,284,0.095,1.0,0.04063589679713962,0.009719647785764458
S3,285,0.1,0.03,0.042202796116576215,0.019266450389221073
S3,286,0.1,0.038538810670601456,0.04224691765630169,0.01913539392942641
S3,287,0.1,0.049507997596815526,0.04225898203047265,0.01901357714724357
S3,288,0.1,0.06359931153547553,0.042051912492927716,0.01854744903189879
S3,289,0.1,0.08170139420154304,0.04194784880274763,0.018317259899228704
S3,290,0.1,0.10495581875524816,0.04237501547991268,0.019188450986655392
S3,291,0.1,0.1348290809262157,0.04244896488826025,0.019217154665606192
S3,292,0.1,0.17320508075688773,0.042278649168890736,0.01898675981003009
S3,293,0.1,0.2225039271491978,0.042219213580229994,0.018439132673589032
S3,294,0.1,0.2858345573956079,0.042417897290873405,0.018058696836207706
S3,295,0.1,0.3671907963528168,0.04289063678373896,0.017947719854886076
S3,296,0.1,0.47170321935428616,0.04272512827048836,0.017033079742616735
S3,297,0.1,0.6059627021136009,0.042297396016345024,0.015140648954398003
S3,298,0.1,0.778436061673405,0.04175946242093608,0.012715117615764292
S3,299,0.1,1.0,0.040637551294360294,0.009713149435118062
S4,0,0.005,0.03,0.039510336644238885,0.011146723904614604
S4,1,0.005,0.038538810670601456,0.03945758912758079,0.011035646566619593
S4,2,0.005,0.049507997596815526,0.03933889413618766,0.011051722779073988
S4,3,0.005,0.06359931153547553,0.03945334187182017,0.011279030287846433
S4,4,0.005,0.08170139420154304,0.03890098151773504,0.01185051722953539
S4,5,0.005,0.10495581875524816,0.03942685202721209,0.014162546228277869
S4,6,0.005,0.1348290809262157,0.03952385111268758,0.0150026798332047
S4,7,0.005,0.17320508075688773,0.03996855728531845,0.015298723461439604
S4,8,0.005,0.2225039271491978,0.04037950545300597,0.01593349839276067
S4,9,0.005,0.2858345573956079,0.03954895321517986,0.013687015131931223
S4,10,0.005,0.3671907963528168,0.03972649977543835,0.013089091554315861
S4,11,0.005,0.47170321935428616,0.039725876376709775,0.011495504048751886
S4,12,0.005,0.6059627021136009,0.03983319235990578,0.009063390021934325
S4,13,0.005,0.778436061673405,0.04049557303656653,0.007269350305504422
S4,14,0.005,1.0,0.04041665295170472,0.0057776937632269395
S4,15,0.01,0.03,0.039364755714261665,0.009987561007387133
S4,16,0.01,0.038538810670601456,0.0394484255777213,0.010432313655751263
S4,17,0.01,0.049507997596815526,0.03928304633860561,0.010688561344944907
S4,18,0.01,0.06359931153547553,0.0390910280622263,0.011600242482655088
S4,19,0.01,0.08170139420154304,0.03890635934299798,0.011940092720233256
S4,20,0.01,0.10495581875524816,0.03939865567686483,0.014072627884679195
S4,21,0.01,0.1348290809262157,0.03952385111268758,0.0150026798332047
S4,22,0.01,0.17320508075688773,0.03996855728531845,0.015298723461439604
S4,23,0.01,0.2225039271491978,0.040408191626270455,0.01593007142464397
S4,24,0.01,0.2858345573956079,0.03953063819686484,0.013700996805347442
S4,25,0.01,0.3671907963528168,0.03971072026775899,0.013106969986406751
S4,26,0.01,0.47170321935428616,0.039725876376709775,0.011495504048751886
S4,27,0.01,0.6059627021136009,0.039799522326235744,0.009069905782674694
S4,28,0.01,0.778436061673405,0.040505926556967636,0.007280172777972448
S4,29,0.01,1.0,0.04041665295170472,0.0057776937632269395
S4,30,0.015,0.03,0.04047793981477483,0.01507589083200437
S4,31,0.015,0.038538810670601456,0.039762202840299694,0.01384742398080093
S4,32,0.015,0.049507997596815526,0.039158521067461274,0.01336778452542146
S4,33,0.015,0.06359931153547553,0.038892074397110434,0.013394507614281539
S4,34,0.015,0.08170139420154304,0.03951603711019738,0.014715768153664918
S4,35,0.015,0.10495581875524816,0.039633229159213884,0.014644070314570051
S4,36,0.015,0.1348290809262157,0.04005057585538629,0.015424173272819914
S4,37,0.015,0.17320508075688773,0.039660027315004856,0.014875808827141223
S4,38,0.015,0.2225039271491978,0.040554058257918676,0.015922274684558063
S4,39,0.015,0.2858345573956079,0.03953063819686484,0.013700996805347442
S4,40,0.015,0.3671907963528168,0.03972649977543835,0.013089091554315861
S4,41,0.015,0.47170321935428616,0.039725876376709775,0.011495504048751886
S4,42,0.015,0.6059627021136009,0.03983319235990578,0.009063390021934325
S4,43,0.015,0.778436061673405,0.040505926556967636,0.007280172777972448
S4,44,0.015,1.0,0.04041665295170472,0.0057776937632269395
S4,45,0.02,0.03,0.04009860969674035,0.015241068450997673
S4,46,0.02,0.038538810670601456,0.040253134724188774,0.015558056642803358
S4,47,0.02,0.049507997596815526,0.04017693222473528,0.015622614199266395
S4,48,0.02,0.06359931153547553,0.040703181816677925,0.01658675154856873
S4,49,0.02,0.08170139420154304,0.04069231955391272,0.016665142305482286
S4,50,0.02,0.10495581875524816,0.04077045636439632,0.016626554694574528
S4,51,0.02,0.1348290809262157,0.04041174210919013,0.015823672338982277
S4,52,0.02,0.17320508075688773,0.04040883520269187,0.01582180680967968
S4,53,0.02,0.2225039271491978,0.0407578130779985,0.016628717099388807
S4,54,0.02,0.2858345573956079,0.03958235674497747,0.013689137788722773
S4,55,0.02,0.3671907963528168,0.039688792384789784,0.013018035264118263
S4,56,0.02,0.47170321935428616,0.039725876376709775,0.011495504048751886
S4,57,0.02,0.6059627021136009,0.03983319235990578,0.009063390021934325
S4,58,0.02,0.778436061673405,0.040505926556967636,0.007280172777972448
S4,59,0.02,1.0,0.04041665295170472,0.0057776937632269395
S4,60,0.025,0.03,0.04175816663819848,0.017663105599466298
S4,61,0.025,0.038538810670601456,0.04186220338549378,0.017787672605235998
S4,62,0.025,0.049507997596815526,0.0417903885109296,0.017768903879393626
S4,63,0.025,0.06359931153547553,0.04160892020442215,0.01765942394441819
S4,64,0.025,0.08170139420154304,0.04102717187778536,0.016885019031698874
S4,65,0.025,0.10495581875524816,0.04122726995741757,0.017363310457595874
S4,66,0.025,0.1348290809262157,0.04089105433634861,0.017028949878129543
S4,67,0.025,0.17320508075688773,0.041017099197392645,0.017006171889525964
S4,68,0.025,0.2225039271491978,0.040801040278944795,0.016560583204672814
S4,69,0.025,0.2858345573956079,0.03956061102689634,0.01366282980670966
S4,70,0.025,0.3671907963528168,0.039776396037967204,0.013183191145689232
S4,71,0.025,0.47170321935428616,0.03972680620699549,0.01148161305254216
S4,72,0.025,0.6059627021136009,0.03983319235990578,0.009063390021934325
S4,73,0.025,0.778436061673405,0.040505926556967636,0.007280172777972448
S4,74,0.025,1.0,0.04041665295170472,0.0057776937632269395
S4,75,0.03,0.03,0.04231788395695389,0.02025231526016138
S4,76,0.03,0.038538810670601456,0.042316493267103336,0.020187689907890244
S4,77,0.03,0.049507997596815526,0.041778539254822916,0.01912218252845986
S4,78,0.03,0.06359931153547553,0.04160589943216267,0.018683692462367323
S4,79,0.03,0.08170139420154304,0.041306101143180715,0.018180511699242726
S4,80,0.03,0.10495581875524816,0.041314187845650996,0.017797308823099513
S4,81,0.03,0.1348290809262157,0.0409120141873341,0.01699429545163093
S4,82,0.03,0.17320508075688773,0.04089101521012391,0.016775595126248433
S4,83,0.03,0.2225039271491978,0.04083180116438813,0.016480655273663245
S4,84,0.03,0.2858345573956079,0.03959451432346399,0.013893749789121307
S4,85,0.03,0.3671907963528168,0.039695398312654825,0.013184935983170564
S4,86,0.03,0.47170321935428616,0.039793675126372316,0.01146410709615439
S4,87,0.03,0.6059627021136009,0.039868132960884116,0.009127828804548927
S4,88,0.03,0.778436061673405,0.040505926556967636,0.007280172777972448
S4,89,0.03,1.0,0.04041665295170472,0.0057776937632269395
S4,90,0.035,0.03,0.042540357370251365,0.02043454131675963
S4,91,0.035,0.038538810670601456,0.041930730981240866,0.019288448247400076
S4,92,0.035,0.049507997596815526,0.04170524232990432,0.01899513612666194
S4,93,0.035,0.06359931153547553,0.04150835835299441,0.018592246841653916
S4,94,0.035,0.08170139420154304,0.04202569924579967,0.01931992313250948
S4,95,0.035,0.10495581875524816,0.04188413825197439,0.018683170433572212
S4,96,0.035,0.1348290809262157,0.04154036190670557,0.017809092686454992
S4,97,0.035,0.17320508075688773,0.04090209473381361,0.0166720783994483
S4,98,0.035,0.2225039271491978,0.040706567782582526,0.016036459855885223
S4,99,0.035,0.2858345573956079,0.039611545694509524,0.013660324076961642
S4,100,0.035,0.3671907963528168,0.040009866897728605,0.013005295089338202
S4,101,0.035,0.47170321935428616,0.03987425635586833,0.01134851177885068
S4,102,0.035,0.6059627021136009,0.03981361221828998,0.009138829559114145
S4,103,0.035,0.778436061673405,0.040522014073055154,0.007258317529929962
S4,104,0.035,1.0,0.04041665295170472,0.0057776937632269395
S4,105,0.04,0.03,0.042580023410045464,0.020032481217251125
S4,106,0.04,0.038538810670601456,0.04239115325066305,0.01962179651393219
S4,107,0.04,0.049507997596815526,0.04277522341074154,0.02054260011399079
S4,108,0.04,0.06359931153547553,0.042338373122056724,0.019711422204537452
S4,109,0.04,0.08170139420154304,0.04195750316140291,0.019096077951102276
S4,110,0.04,0.10495581875524816,0.04160117432973243,0.018184872608302104
S4,111,0.04,0.1348290809262157,0.04150646060894007,0.018287964893306828
S4,112,0.04,0.17320508075688773,0.041297891359907676,0.017710375202037092
S4,113,0.04,0.2225039271491978,0.040530823862996335,0.01564925012905523
S4,114,0.04,0.2858345573956079,0.039425239367757006,0.01322111513803792
S4,115,0.04,0.3671907963528168,0.040035611789779865,0.01242037932563133
S4,116,0.04,0.47170321935428616,0.040151875739342716,0.01100604062253562
S4,117,0.04,0.6059627021136009,0.03983320469477901,0.009112841607069247
S4,118,0.04,0.778436061673405,0.040522014073055154,0.007258317529929962
S4,119,0.04,1.0,0.04041665295170472,0.0057776937632269395
S4,120,0.045,0.03,0.0426452860394958,0.020218005709090877
S4,121,0.045,0.038538810670601456,0.04264777212376464,0.020199577588477083
S4,122,0.045,0.049507997596815526,0.04251777312662658,0.0200370137240963
S4,123,0.045,0.06359931153547553,0.04166464514914548,0.018597772651834578
S4,124,0.045,0.08170139420154304,0.041324813795862184,0.017844195034796593
S4,125,0.045,0.10495581875524816,0.04112469148817052,0.017362464259059865
S4,126,0.045,0.1348290809262157,0.04068808037309453,0.016067112424686707
S4,127,0.045,0.17320508075688773,0.040126271517256305,0.014765935012834814
S4,128,0.045,0.2225039271491978,0.03984751085327881,0.013900906684139827
S4,129,0.045,0.2858345573956079,0.040006151471446136,0.013221278212876778
S4,130,0.045,0.3671907963528168,0.03967262062652771,0.010916280788937789
S4,131,0.045,0.47170321935428616,0.040080888651883,0.010756364075348107
S4,132,0.045,0.6059627021136009,0.03992859845785757,0.008886911539324496
S4,133,0.045,0.778436061673405,0.040522014073055154,0.007258317529929962
S4,134,0.045,1.0,0.04041665295170472,0.0057776937632269395
S4,135,0.05,0.03,0.04137053178379803,0.017878910129734263
S4,136,0.05,0.038538810670601456,0.04095111249469408,0.0168695994229154
S4,137,0.05,0.049507997596815526,0.04086376804540122,0.016646287502052454
S4,138,0.05,0.06359931153547553,0.040852067501322635,0.016546080789447692
S4,139,0.05,0.08170139420154304,0.04069122694219886,0.0163301997145417
S4,140,0.05,0.10495581875524816,0.0403254200016626,0.015063260342988783
S4,141,0.05,0.1348290809262157,0.04017284650905844,0.014846858753401623
S4,142,0.05,0.17320508075688773,0.040196438476508174,0.014855579557869114
S4,143,0.05,0.2225039271491978,0.04008161569527789,0.013864821099479075
S4,144,0.05,0.2858345573956079,0.039740333498350086,0.012337462000422043
S4,145,0.05,0.3671907963528168,0.04030497161588983,0.011681527279290654
S4,146,0.05,0.47170321935428616,0.03986718303386998,0.009532628963193302
S4,147,0.05,0.6059627021136009,0.04005751355586019,0.00857098586995709
S4,148,0.05,0.778436061673405,0.040814073119674985,0.007019923585006887
S4,149,0.05,1.0,0.04041665295170472,0.0057776937632269395
S4,150,0.055,0.03,0.04153377207022852,0.017551059295413004
S4,151,0.055,0.038538810670601456,0.04153275481729096,0.017529867483875423
S4,152,0.055,0.049507997596815526,0.04094211299677786,0.01638917389031062
S4,153,0.055,0.06359931153547553,0.04092883130811156,0.016343197373406886
S4,154,0.055,0.08170139420154304,0.040816548826776086,0.015997198626726696
S4,155,0.055,0.10495581875524816,0.04051301847323024,0.015193992162435312
S4,156,0.055,0.1348290809262157,0.040546524829847,0.015151407085195563
S4,157,0.055,0.17320508075688773,0.0396740744916245,0.013639129387228338
S4,158,0.055,0.2225039271491978,0.03968071003893631,0.013000532159376407
S4,159,0.055,0.2858345573956079,0.039756557682520934,0.012158262283661788
S4,160,0.055,0.3671907963528168,0.03988277441438526,0.010939436868342435
S4,161,0.055,0.47170321935428616,0.039948344687226446,0.009365435412521432
S4,162,0.055,0.6059627021136009,0.04042888487821779,0.008171570890942847
S4,163,0.055,0.778436061673405,0.04086060739792633,0.006918018416878051
S4,164,0.055,1.0,0.04041665295170472,0.0057776937632269395
S4,165,0.06,0.03,0.041482897084417755,0.016040065221800612
S4,166,0.06,0.038538810670601456,0.04148672832053639,0.015827681299050222
S4,167,0.06,0.049507997596815526,0.04141850833849482,0.015747147749332228
S4,168,0.06,0.06359931153547553,0.04132245084819845,0.015702672353714135
S4,169,0.06,0.08170139420154304,0.04120744085046516,0.015485339191332825
S4,170,0.06,0.10495581875524816,0.04105100222978959,0.01495451828858359
S4,171,0.06,0.1348290809262157,0.040619348633899224,0.014125580528469144
S4,172,0.06,0.17320508075688773,0.03995409552704626,0.012853370945481904
S4,173,0.06,0.2225039271491978,0.039826034763339985,0.012775119637501291
S4,174,0.06,0.2858345573956079,0.039693404892000704,0.01178932571485086
S4,175,0.06,0.3671907963528168,0.0396376990831538,0.01053858271113392
S4,176,0.06,0.47170321935428616,0.03982479342711187,0.00931371247856349
S4,177,0.06,0.6059627021136009,0.04049424890874313,0.007836501319892546
S4,178,0.06,0.778436061673405,0.040910241926178745,0.006739622420731347
S4,179,0.06,1.0,0.04048627896514109,0.005680569036366894
S4,180,0.065,0.03,0.04111975297620138,0.015827328463813482
S4,181,0.065,0.038538810670601456,0.041252064238311285,0.01583061140045103
S4,182,0.065,0.049507997596815526,0.041406037126276385,0.016111605618890697
S4,183,0.065,0.06359931153547553,0.040978208458205906,0.015114772319987634
S4,184,0.065,0.08170139420154304,0.041047221962916956,0.01496307934538963
S4,185,0.065,0.10495581875524816,0.04113411280849388,0.015015440718368177
S4,186,0.065,0.1348290809262157,0.04077044175402225,0.014232083653636285
S4,187,0.065,0.17320508075688773,0.04034012998184918,0.01343715092560815
S4,188,0.065,0.2225039271491978,0.040038190006362245,0.013008601972541237
S4,189,0.065,0.2858345573956079,0.040025736029178735,0.01199119999630835
S4,190,0.065,0.3671907963528168,0.03945269558745312,0.01016365289049035
S4,191,0.065,0.47170321935428616,0.040078792755325846,0.009914442763779698
S4,192,0.065,0.6059627021136009,0.04094269075897596,0.00819666977367505
S4,193,0.065,0.778436061673405,0.04093146989113696,0.0064046544153781694
S4,194,0.065,1.0,0.0405425852714474,0.005618039480468013
S4,195,0.07,0.03,0.04075144814620926,0.015184661865319884
S4,196,0.07,0.038538810670601456,0.0406411642296307,0.015048209621950463
S4,197,0.07,0.049507997596815526,0.04066521663035522,0.014957292608899766
S4,198,0.07,0.06359931153547553,0.040470488899865244,0.014833252331833606
S4,199,0.07,0.08170139420154304,0.040240789187100647,0.014393712244142853
S4,200,0.07,0.10495581875524816,0.04012172794106693,0.013853634064418368
S4,201,0.07,0.1348290809262157,0.04018820738001748,0.01387050733798615
S4,202,0.07,0.17320508075688773,0.04003177466684854,0.013066353324824248
S4,203,0.07,0.2225039271491978,0.03985877091816788,0.012385091369003174
S4,204,0.07,0.2858345573956079,0.03968968370791939,0.011065157024463895
S4,205,0.07,0.3671907963528168,0.03998302576724075,0.010943196391888392
S4,206,0.07,0.47170321935428616,0.04099464438428319,0.011541463730012289
S4,207,0.07,0.6059627021136009,0.041254650352614906,0.00901221383469201
S4,208,0.07,0.778436061673405,0.041068134537501313,0.006820297004785966
S4,209,0.07,1.0,0.04057185903206445,0.005480811990626674
S4,210,0.075,0.03,0.03946982799549533,0.012702352031304443
S4,211,0.075,0.038538810670601456,0.03943201260479445,0.012708056708995072
S4,212,0.075,0.049507997596815526,0.039521706813815935,0.012858305608342158
S4,213,0.075,0.06359931153547553,0.03953394380730475,0.012855009787018984
S4,214,0.075,0.08170139420154304,0.03938671244233917,0.012478275858049665
S4,215,0.075,0.10495581875524816,0.03947721488721529,0.012632390348463814
S4,216,0.075,0.1348290809262157,0.039671808884628464,0.01255305275374259
S4,217,0.075,0.17320508075688773,0.039769798660706776,0.012154971357147923
S4,218,0.075,0.2225039271491978,0.039466333651803326,0.010769758509217601
S4,219,0.075,0.2858345573956079,0.040203543079394465,0.011721097469229875
S4,220,0.075,0.3671907963528168,0.040416436341239495,0.011423550360123044
S4,221,0.075,0.47170321935428616,0.04091447248603074,0.01147609383734935
S4,222,0.075,0.6059627021136009,0.04117605743711235,0.009181423214873946
S4,223,0.075,0.778436061673405,0.04113718852830203,0.007042057935310933
S4,224,0.075,1.0,0.04064900306947268,0.005400281752514708
S4,225,0.08,0.03,0.03880158789320767,0.011244590493038277
S4,226,0.08,0.038538810670601456,0.03874342613467987,0.011077653786265029
S4,227,0.08,0.049507997596815526,0.0388279680676271,0.011138442613714418
S4,228,0.08,0.06359931153547553,0.038766642327712056,0.010921041962273472
S4,229,0.08,0.08170139420154304,0.038708703995009405,0.010975698161236194
S4,230,0.08,0.10495581875524816,0.03880381931432406,0.010940304634358062
S4,231,0.08,0.1348290809262157,0.039137691905944294,0.011037239146603194
S4,232,0.08,0.17320508075688773,0.03936305472259335,0.010876495090709173
S4,233,0.08,0.2225039271491978,0.039791033505942555,0.011264707404868918
S4,234,0.08,0.2858345573956079,0.04021620191459502,0.011378693465657263
S4,235,0.08,0.3671907963528168,0.04027140290316937,0.01077376225699711
S4,236,0.08,0.47170321935428616,0.04064594967527986,0.010457822729577475
S4,237,0.08,0.6059627021136009,0.041024955493448145,0.009602377583904633
S4,238,0.08,0.778436061673405,0.04072739311175391,0.007155765420754617
S4,239,0.08,1.0,0.040561508674922635,0.005409254919187673
S4,240,0.085,0.03,0.038354931207870244,0.010463777065747715
S4,241,0.085,0.038538810670601456,0.03831365757801171,0.01047892472418226
S4,242,0.085,0.049507997596815526,0.03845454527929869,0.010680118870695686
S4,243,0.085,0.06359931153547553,0.03851275491253237,0.010674638521579813
S4,244,0.085,0.08170139420154304,0.03855970834573321,0.010738992993439458
S4,245,0.085,0.10495581875524816,0.038719273293541634,0.010656902793595888
S4,246,0.085,0.1348290809262157,0.039346553101051666,0.011435557267602757
S4,247,0.085,0.17320508075688773,0.03940509490445006,0.010848583424501491
S4,248,0.085,0.2225039271491978,0.0395912832941355,0.010906771556919811
S4,249,0.085,0.2858345573956079,0.039900641923860655,0.01097688653556165
S4,250,0.085,0.3671907963528168,0.04030719480773032,0.010904683637814066
S4,251,0.085,0.47170321935428616,0.04046279167628053,0.010173263291561896
S4,252,0.085,0.6059627021136009,0.04029119645926396,0.008267267483911947
S4,253,0.085,0.778436061673405,0.040579435986597266,0.007188313828343145
S4,254,0.085,1.0,0.04080792970685928,0.005866341349437771
S4,255,0.09,0.03,0.038252865196124954,0.010691572586281993
S4,256,0.09,0.038538810670601456,0.038335002325087554,0.010729735013334307
S4,257,0.09,0.049507997596815526,0.03838418154093344,0.010775301638355016
S4,258,0.09,0.06359931153547553,0.03846284168177749,0.010683887811286262
S4,259,0.09,0.08170139420154304,0.03852764710513892,0.010741585557488444
S4,260,0.09,0.10495581875524816,0.0388371940421031,0.010850286042647497
S4,261,0.09,0.1348290809262157,0.039477401956627,0.011443417440832989
S4,262,0.09,0.17320508075688773,0.03947274755263253,0.011060769083067527
S4,263,0.09,0.2225039271491978,0.03933803313647537,0.010470869274064163
S4,264,0.09,0.2858345573956079,0.03973332113776784,0.010465172663092354
S4,265,0.09,0.3671907963528168,0.03995366611832146,0.01010628088452472
S4,266,0.09,0.47170321935428616,0.03969401053300771,0.0091591968538673
S4,267,0.09,0.6059627021136009,0.03989882513715223,0.00778912371921632
S4,268,0.09,0.778436061673405,0.04002001078826345,0.007295208552543544
S4,269,0.09,1.0,0.04082034889026279,0.006214119453159976
S4,270,0.095,0.03,0.03841323052381863,0.01097170000795799
S4,271,0.095,0.038538810670601456,0.03844290665720497,0.01094354826606154
S4,272,0.095,0.049507997596815526,0.03846953403644991,0.011031602548436499
S4,273,0.095,0.06359931153547553,0.03854184602751782,0.010831209803503565
S4,274,0.095,0.08170139420154304,0.03889166127460643,0.011140323836290808
S4,275,0.095,0.10495581875524816,0.039117666813574675,0.010842088180911832
S4,276,0.095,0.1348290809262157,0.03968821504423345,0.011292329401996436
S4,277,0.095,0.17320508075688773,0.03965137421954385,0.010823245231042613
S4,278,0.095,0.2225039271491978,0.03956880216485478,0.010861426897043945
S4,279,0.095,0.2858345573956079,0.03967248054744427,0.010525179429064481
S4,280,0.095,0.3671907963528168,0.039638468593733905,0.009832232885188932
S4,281,0.095,0.47170321935428616,0.039291041172279516,0.008419131899965735
S4,282,0.095,0.6059627021136009,0.03981498589899081,0.0075284140650331505
S4,283,0.095,0.778436061673405,0.03981245586245704,0.007011079838784931
S4,284,0.095,1.0,0.040669004348110854,0.006019296273993613
S4,285,0.1,0.03,0.039108163345074914,0.011868233566173987
S4,286,0.1,0.038538810670601456,0.039111741588903515,0.011876797511172564
S4,287,0.1,0.049507997596815526,0.03946539412701075,0.012399921333471597
S4,288,0.1,0.06359931153547553,0.039503395885271464,0.012386850433733616
S4,289,0.1,0.08170139420154304,0.03964097469963424,0.012189573248876692
S4,290,0.1,0.10495581875524816,0.040398265754103296,0.01317760935267101
S4,291,0.1,0.1348290809262157,0.03981150181755015,0.011319962369885002
S4,292,0.1,0.17320508075688773,0.03967472668195451,0.01079225474153999
S4,293,0.1,0.2225039271491978,0.03983800137984077,0.010708816711305101
S4,294,0.1,0.2858345573956079,0.03966795129471269,0.010236407561992584
S4,295,0.1,0.3671907963528168,0.03951534379910994,0.00936631479819124
S4,296,0.1,0.47170321935428616,0.03934307062081409,0.008316930898647561
S4,297,0.1,0.6059627021136009,0.03994309729258906,0.007313569911081783
S4,298,0.1,0.778436061673405,0.03982271574959387,0.006731205274854199
S4,299,0.1,1.0,0.040389134107098185,0.005805310565380135
S5,0,0.005,0.03,0.0445978428770385,0.006925193305169289
S5,1,0.005,0.038538810670601456,0.04312532003254141,0.004931147489400449
S5,2,0.005,0.049507997596815526,0.0431179823534512,0.004992204539834381
S5,3,0.005,0.06359931153547553,0.040879837974339,0.0027225887030119106
S5,4,0.005,0.08170139420154304,0.03986762334896922,0.0033469636944573546
S5,5,0.005,0.10495581875524816,0.041487438427976114,0.008431058665740386
S5,6,0.005,0.1348290809262157,0.042941197576034304,0.012190685373829002
S5,7,0.005,0.17320508075688773,0.04502664591028353,0.015320936457098984
S5,8,0.005,0.2225039271491978,0.04544936831181822,0.01641044098941633
S5,9,0.005,0.2858345573956079,0.04501165581546225,0.015171667163848055
S5,10,0.005,0.3671907963528168,0.04410491903785767,0.01506032749591983
S5,11,0.005,0.47170321935428616,0.04201879387899327,0.012832016515448005
S5,12,0.005,0.6059627021136009,0.04193842903978503,0.012782054491157801
S5,13,0.005,0.778436061673405,0.041051067648502054,0.011161690706954311
S5,14,0.005,1.0,0.04181655091947592,0.010895036150928206
S5,15,0.01,0.03,0.04363591851965637,0.00549601657091336
S5,16,0.01,0.038538810670601456,0.043970042904458606,0.005426452309855175
S5,17,0.01,0.049507997596815526,0.042265557242361654,0.004593742338645043
S5,18,0.01,0.06359931153547553,0.04031181274214664,0.003167377283973569
S5,19,0.01,0.08170139420154304,0.03964747317991343,0.003570683997648445
S5,20,0.01,0.10495581875524816,0.041372701724016275,0.008516127150318846
S5,21,0.01,0.1348290809262157,0.04281632432243335,0.012294018906587944
S5,22,0.01,0.17320508075688773,0.04502664591028353,0.015320936457098984
S5,23,0.01,0.2225039271491978,0.04544936831181822,0.01641044098941633
S5,24,0.01,0.2858345573956079,0.04501165581546225,0.015171667163848055
S5,25,0.01,0.3671907963528168,0.04410491903785767,0.01506032749591983
S5,26,0.01,0.47170321935428616,0.04201879387899327,0.012832016515448005
S5,27,0.01,0.6059627021136009,0.041922764879384025,0.01279303180147827
S5,28,0.01,0.778436061673405,0.041051067648502054,0.011161690706954311
S5,29,0.01,1.0,0.04181655091947592,0.010895036150928206
S5,30,0.015,0.03,0.04111600100831403,0.0022589342460640417
S5,31,0.015,0.038538810670601456,0.041073653478912,0.0031451851727111887
S5,32,0.015,0.049507997596815526,0.04031528884751389,0.002587394642962054
S5,33,0.015,0.06359931153547553,0.04073454437605936,0.004993961006557256
S5,34,0.015,0.08170139420154304,0.041721265022620434,0.008318410134068088
S5,35,0.015,0.10495581875524816,0.04220942715777355,0.009467238809236587
S5,36,0.015,0.1348290809262157,0.04334786808876316,0.012102728838065237
S5,37,0.015,0.17320508075688773,0.04523799851041753,0.015113875713102387
S5,38,0.015,0.2225039271491978,0.04555170735564733,0.016326728329944216
S5,39,0.015,0.2858345573956079,0.04501165581546225,0.015171667163848055
S5,40,0.015,0.3671907963528168,0.04410491903785767,0.01506032749591983
S5,41,0.015,0.47170321935428616,0.04201879387899327,0.012832016515448005
S5,42,0.015,0.6059627021136009,0.041922764879384025,0.01279303180147827
S5,43,0.015,0.778436061673405,0.041051067648502054,0.011161690706954311
S5,44,0.015,1.0,0.04181655091947592,0.010895036150928206
S5,45,0.02,0.03,0.04405984290726227,0.005721801157916382
S5,46,0.02,0.038538810670601456,0.04349628014302909,0.0062281764978764885
S5,47,0.02,0.049507997596815526,0.04251404046782479,0.00739707538868764
S5,48,0.02,0.06359931153547553,0.04287255283708604,0.00871373238675697
S5,49,0.02,0.08170139420154304,0.042466613394534045,0.008898180919826077
S5,50,0.02,0.10495581875524816,0.04349390532487957,0.011015293203930953
S5,51,0.02,0.1348290809262157,0.043500859293205754,0.011412352467240304
S5,52,0.02,0.17320508075688773,0.04458027865250679,0.014360530777554302
S5,53,0.02,0.2225039271491978,0.04553954448300422,0.01625922634855541
S5,54,0.02,0.2858345573956079,0.04508001474710473,0.015017617919976762
S5,55,0.02,0.3671907963528168,0.04410491903785767,0.01506032749591983
S5,56,0.02,0.47170321935428616,0.04201879387899327,0.012832016515448005
S5,57,0.02,0.6059627021136009,0.04193842903978503,0.012782054491157801
S5,58,0.02,0.778436061673405,0.041051067648502054,0.011161690706954311
S5,59,0.02,1.0,0.04181655091947592,0.010895036150928206
S5,60,0.025,0.03,0.04195875633922813,0.0073907421127192
S5,61,0.025,0.038538810670601456,0.041368969699968706,0.007456448761234483
S5,62,0.025,0.049507997596815526,0.04116050782535499,0.007440156880820883
S5,63,0.025,0.06359931153547553,0.04135450353306187,0.007344381769223061
S5,64,0.025,0.08170139420154304,0.04215511893594695,0.008418302831969943
S5,65,0.025,0.10495581875524816,0.042268374742142734,0.008806581783099648
S5,66,0.025,0.1348290809262157,0.04326651288994983,0.010753131300044688
S5,67,0.025,0.17320508075688773,0.043284407245092256,0.010893458206708671
S5,68,0.025,0.2225039271491978,0.0441257624543373,0.013210122005847846
S5,69,0.025,0.2858345573956079,0.04499403507718841,0.01525641721958689
S5,70,0.025,0.3671907963528168,0.044265002667465345,0.014976350193124547
S5,71,0.025,0.47170321935428616,0.04198846498528408,0.01285026227417347
S5,72,0.025,0.6059627021136009,0.041922764879384025,0.01279303180147827
S5,73,0.025,0.778436061673405,0.041051067648502054,0.011161690706954311
S5,74,0.025,1.0,0.04181655091947592,0.010895036150928206
S5,75,0.03,0.03,0.042121558462102575,0.008378751869624904
S5,76,0.03,0.038538810670601456,0.041892182839175125,0.008266459691282129
S5,77,0.03,0.049507997596815526,0.04172809122229516,0.008094581256693077
S5,78,0.03,0.06359931153547553,0.04155384648000594,0.008089230934489275
S5,79,0.03,0.08170139420154304,0.04208533998510397,0.008824010081672912
S5,80,0.03,0.10495581875524816,0.04219506274338058,0.008972530017110458
S5,81,0.03,0.1348290809262157,0.04236195281923805,0.00893144676616466
S5,82,0.03,0.17320508075688773,0.04345645985178187,0.011348733252760972
S5,83,0.03,0.2225039271491978,0.04350560446354866,0.0111853876305098
S5,84,0.03,0.2858345573956079,0.04546998893853261,0.014982768270521096
S5,85,0.03,0.3671907963528168,0.044295657524687636,0.01487920013495041
S5,86,0.03,0.47170321935428616,0.04202878488440633,0.012755823842689104
S5,87,0.03,0.6059627021136009,0.04190072291147713,0.012808327564491871
S5,88,0.03,0.778436061673405,0.041051067648502054,0.011161690706954311
S5,89,0.03,1.0,0.04181655091947592,0.010895036150928206
S5,90,0.035,0.03,0.04233704442228748,0.009257501395491903
S5,91,0.035,0.038538810670601456,0.04234045615901705,0.009095736367015269
S5,92,0.035,0.049507997596815526,0.04231639598998364,0.00880133052983325
S5,93,0.035,0.06359931153547553,0.042306642615118364,0.008812140771263945
S5,94,0.035,0.08170139420154304,0.04280053327654831,0.009957907235602711
S5,95,0.035,0.10495581875524816,0.04292703053761034,0.009950306699430008
S5,96,0.035,0.1348290809262157,0.04306637067512776,0.010290588576150906
S5,97,0.035,0.17320508075688773,0.043693504277992,0.01129731760928821
S5,98,0.035,0.2225039271491978,0.0438612516510688,0.011002206224837293
S5,99,0.035,0.2858345573956079,0.04442587213307811,0.01258747209668119
S5,100,0.035,0.3671907963528168,0.043430351986611104,0.01287455671602828
S5,101,0.035,0.47170321935428616,0.04243897052460574,0.0130739372636628
S5,102,0.035,0.6059627021136009,0.04189990116829546,0.012764445487819296
S5,103,0.035,0.778436061673405,0.041051067648502054,0.011161690706954311
S5,104,0.035,1.0,0.04181655091947592,0.010895036150928206
S5,105,0.04,0.03,0.0424555568231417,0.008681446742682484
S5,106,0.04,0.038538810670601456,0.04293570771390223,0.009851982520568733
S5,107,0.04,0.049507997596815526,0.042957477997559015,0.010046065770357625
S5,108,0.04,0.06359931153547553,0.0429415889892293,0.010486113447483684
S5,109,0.04,0.08170139420154304,0.042953872393518416,0.010605361023926499
S5,110,0.04,0.10495581875524816,0.04309418990674896,0.010711970207943781
S5,111,0.04,0.1348290809262157,0.04356028206094371,0.011921416550784764
S5,112,0.04,0.17320508075688773,0.04346128612690903,0.011645437851684964
S5,113,0.04,0.2225039271491978,0.04450426377157263,0.013157268399598113
S5,114,0.04,0.2858345573956079,0.044339719743229575,0.013103703143823473
S5,115,0.04,0.3671907963528168,0.04340832893961192,0.01307018719687556
S5,116,0.04,0.47170321935428616,0.04168877298644609,0.011144585430886434
S5,117,0.04,0.6059627021136009,0.04209246833262239,0.012882396162768924
S5,118,0.04,0.778436061673405,0.041051067648502054,0.011161690706954311
S5,119,0.04,1.0,0.04181655091947592,0.010895036150928206
S5,120,0.045,0.03,0.043390466638379505,0.010230898582319887
S5,121,0.045,0.038538810670601456,0.04305075851729999,0.010572269025886214
S5,122,0.045,0.049507997596815526,0.04288109063080091,0.010930707267590446
S5,123,0.045,0.06359931153547553,0.042890498556150826,0.011111833036752772
S5,124,0.045,0.08170139420154304,0.0429166266618973,0.0109027246870535
S5,125,0.045,0.10495581875524816,0.043258205256159726,0.012213928678206878
S5,126,0.045,0.1348290809262157,0.04328320974352643,0.011967380472554004
S5,127,0.045,0.17320508075688773,0.043474378922269345,0.011906130524927727
S5,128,0.045,0.2225039271491978,0.04422490283658964,0.013719666088052071
S5,129,0.045,0.2858345573956079,0.04390632557891082,0.013512133038038197
S5,130,0.045,0.3671907963528168,0.043229959914283356,0.013234982034361579
S5,131,0.045,0.47170321935428616,0.041759649223799114,0.011187590446075585
S5,132,0.045,0.6059627021136009,0.04045224922454407,0.009763847459638542
S5,133,0.045,0.778436061673405,0.04111421686915245,0.01112065634934261
S5,134,0.045,1.0,0.041840589381014384,0.010873106715693158
S5,135,0.05,0.03,0.0427615343681362,0.011518019692244811
S5,136,0.05,0.038538810670601456,0.04258675928554264,0.011318176324787568
S5,137,0.05,0.049507997596815526,0.04248629949900573,0.011529109934247826
S5,138,0.05,0.06359931153547553,0.04247601204584521,0.011427040660557471
S5,139,0.05,0.08170139420154304,0.042199875637292085,0.011259739598837271
S5,140,0.05,0.10495581875524816,0.04281958593915371,0.012262841072152864
S5,141,0.05,0.1348290809262157,0.04301689433586824,0.012338363581429325
S5,142,0.05,0.17320508075688773,0.04382438210254763,0.013867853212590382
S5,143,0.05,0.2225039271491978,0.04379200248857662,0.013734418517328293
S5,144,0.05,0.2858345573956079,0.0435367188061903,0.013550678936087109
S5,145,0.05,0.3671907963528168,0.042673159330627944,0.01326840303860956
S5,146,0.05,0.47170321935428616,0.04161692268684411,0.010995157921359786
S5,147,0.05,0.6059627021136009,0.04033369233179799,0.009819389854468797
S5,148,0.05,0.778436061673405,0.040547623863201314,0.009650591283849262
S5,149,0.05,1.0,0.04187645897916741,0.010846928875098121
S5,150,0.055,0.03,0.042036657544201356,0.011899278834275651
S5,151,0.055,0.038538810670601456,0.04210043384448526,0.011875924594046018
S5,152,0.055,0.049507997596815526,0.04228270577761263,0.011777490147159996
S5,153,0.055,0.06359931153547553,0.04207638784492361,0.011642391930857615
S5,154,0.055,0.08170139420154304,0.041791536306481365,0.011285030891330518
S5,155,0.055,0.10495581875524816,0.042403519971180005,0.012585816767481633
S5,156,0.055,0.1348290809262157,0.0423413989018262,0.012598880420103003
S5,157,0.055,0.17320508075688773,0.042137175339120064,0.012477419970967754
S5,158,0.055,0.2225039271491978,0.042830391680584654,0.014127247003619647
S5,159,0.055,0.2858345573956079,0.04270567048377079,0.013876121895376913
S5,160,0.055,0.3671907963528168,0.04210802577213005,0.013291751157494158
S5,161,0.055,0.47170321935428616,0.0410621348572591,0.01103052884651075
S5,162,0.055,0.6059627021136009,0.04039444177197741,0.009809974258306878
S5,163,0.055,0.778436061673405,0.040373625526657214,0.009538604595746703
S5,164,0.055,1.0,0.04196189740985884,0.010786241425154388
S5,165,0.06,0.03,0.042017298965973865,0.011951281325901796
S5,166,0.06,0.038538810670601456,0.041969620425202483,0.011999179998307932
S5,167,0.06,0.049507997596815526,0.041789238397430296,0.011944800540718701
S5,168,0.06,0.06359931153547553,0.04163693625603982,0.012147834934033132
S5,169,0.06,0.08170139420154304,0.04153009653573708,0.012064459876331902
S5,170,0.06,0.10495581875524816,0.04223307120050804,0.01314128056732546
S5,171,0.06,0.1348290809262157,0.041931111101442854,0.013047836314977366
S5,172,0.06,0.17320508075688773,0.04253105186713266,0.014612435264645927
S5,173,0.06,0.2225039271491978,0.04220020829577435,0.014439249380779314
S5,174,0.06,0.2858345573956079,0.041883727026285206,0.014053609721996143
S5,175,0.06,0.3671907963528168,0.04178529093633736,0.01363433288530953
S5,176,0.06,0.47170321935428616,0.04081416702084855,0.011163470342359589
S5,177,0.06,0.6059627021136009,0.04026529795483912,0.00974653238600489
S5,178,0.06,0.778436061673405,0.040262979117709666,0.009611965106140466
S5,179,0.06,1.0,0.04196308248764506,0.010666197404364159
S5,180,0.065,0.03,0.041370724310164454,0.011158633283993491
S5,181,0.065,0.038538810670601456,0.041435650880065525,0.011254348179579127
S5,182,0.065,0.049507997596815526,0.04211814795898951,0.01268165611054381
S5,183,0.065,0.06359931153547553,0.04199783256324392,0.012677504798165519
S5,184,0.065,0.08170139420154304,0.04193073839933899,0.012606880101771117
S5,185,0.065,0.10495581875524816,0.04176332430665333,0.012631232777111537
S5,186,0.065,0.1348290809262157,0.04143607472552131,0.01282708505067258
S5,187,0.065,0.17320508075688773,0.04233513334373969,0.014453213854292928
S5,188,0.065,0.2225039271491978,0.04218985649127904,0.014418936881132658
S5,189,0.065,0.2858345573956079,0.04206243165087564,0.014239215883507482
S5,190,0.065,0.3671907963528168,0.04192600859725405,0.013631441941626483
S5,191,0.065,0.47170321935428616,0.04094715023405777,0.011254274313896273
S5,192,0.065,0.6059627021136009,0.04013602747407943,0.00964936340762214
S5,193,0.065,0.778436061673405,0.04027528029535131,0.009618634135996465
S5,194,0.065,1.0,0.041178583888388895,0.00914527897735147
S5,195,0.07,0.03,0.04180864084371873,0.012672909478559475
S5,196,0.07,0.038538810670601456,0.04168321601268858,0.012671466082303025
S5,197,0.07,0.049507997596815526,0.04183993948985611,0.012624185246472007
S5,198,0.07,0.06359931153547553,0.0418635446337456,0.012713919830923124
S5,199,0.07,0.08170139420154304,0.04387128354036465,0.016747372687023677
S5,200,0.07,0.10495581875524816,0.04380472201843859,0.016734537243929135
S5,201,0.07,0.1348290809262157,0.04360530998909967,0.016727560468661546
S5,202,0.07,0.17320508075688773,0.042270413917020175,0.014328554360363129
S5,203,0.07,0.2225039271491978,0.042167378494437496,0.014427700454087448
S5,204,0.07,0.2858345573956079,0.042026891903874444,0.01414838686779428
S5,205,0.07,0.3671907963528168,0.04188673107065109,0.013742623935131123
S5,206,0.07,0.47170321935428616,0.0419944297350624,0.013037794805895403
S5,207,0.07,0.6059627021136009,0.04022834201175761,0.009690305002341613
S5,208,0.07,0.778436061673405,0.040246809198944494,0.009540802845269635
S5,209,0.07,1.0,0.04115781625615443,0.009005190674086049
S5,210,0.075,0.03,0.04160978680419568,0.012736036001108189
S5,211,0.075,0.038538810670601456,0.042370551903827186,0.014303540549815596
S5,212,0.075,0.049507997596815526,0.04218909485482682,0.014161080050790828
S5,213,0.075,0.06359931153547553,0.04350345219154031,0.016429324930859617
S5,214,0.075,0.08170139420154304,0.043350767978553445,0.016356280204974618
S5,215,0.075,0.10495581875524816,0.04335142890373607,0.016474663498421104
S5,216,0.075,0.1348290809262157,0.04329673033373849,0.016504247960587696
S5,217,0.075,0.17320508075688773,0.04331290504457953,0.016341271168697682
S5,218,0.075,0.2225039271491978,0.04229251822727337,0.014094784779834411
S5,219,0.075,0.2858345573956079,0.04205756584783328,0.01397674390754454
S5,220,0.075,0.3671907963528168,0.042023281811135835,0.013751484657888873
S5,221,0.075,0.47170321935428616,0.04199991060897481,0.013229883458470622
S5,222,0.075,0.6059627021136009,0.04023616923405351,0.00968751776223532
S5,223,0.075,0.778436061673405,0.04045412525931609,0.009436171706515216
S5,224,0.075,1.0,0.041172476156833816,0.009020934551113429
S5,225,0.08,0.03,0.04238716948658295,0.014012652785551728
S5,226,0.08,0.038538810670601456,0.043474406142009425,0.016290749810119885
S5,227,0.08,0.049507997596815526,0.04348027632228928,0.016182158971711894
S5,228,0.08,0.06359931153547553,0.043315483076666654,0.01605718989712417
S5,229,0.08,0.08170139420154304,0.043327233371427326,0.016097082404018644
S5,230,0.08,0.10495581875524816,0.043228377719484345,0.016149642620663627
S5,231,0.08,0.1348290809262157,0.04322186683449022,0.016262968873780283
S5,232,0.08,0.17320508075688773,0.043359672984092046,0.016246266499145182
S5,233,0.08,0.2225039271491978,0.0422549230061636,0.013864506480792188
S5,234,0.08,0.2858345573956079,0.042109723673785855,0.013944224927090096
S5,235,0.08,0.3671907963528168,0.04193286689419474,0.013755525225546033
S5,236,0.08,0.47170321935428616,0.042171784171370706,0.013204925115821942
S5,237,0.08,0.6059627021136009,0.04031346464891901,0.009713358637550561
S5,238,0.08,0.778436061673405,0.04050082150380209,0.009466886653688883
S5,239,0.08,1.0,0.041189997401663354,0.009001748777572392
S5,240,0.085,0.03,0.04344536417619308,0.016359830328569466
S5,241,0.085,0.038538810670601456,0.04328364864595781,0.01616324350520032
S5,242,0.085,0.049507997596815526,0.04325585128732059,0.016138683881820742
S5,243,0.085,0.06359931153547553,0.04314809078069482,0.016201437083287633
S5,244,0.085,0.08170139420154304,0.04301605922158181,0.016265669182891
S5,245,0.085,0.10495581875524816,0.04315007195271929,0.0162748173600943
S5,246,0.085,0.1348290809262157,0.04332787098683276,0.016270137358217907
S5,247,0.085,0.17320508075688773,0.04348487035774411,0.01625951908206943
S5,248,0.085,0.2225039271491978,0.04231197131035477,0.013733415615067922
S5,249,0.085,0.2858345573956079,0.04197406017555588,0.013570307294802202
S5,250,0.085,0.3671907963528168,0.04203927081737078,0.013571169948512431
S5,251,0.085,0.47170321935428616,0.042010818471817576,0.013156177085981283
S5,252,0.085,0.6059627021136009,0.04087723759988758,0.011312071873791386
S5,253,0.085,0.778436061673405,0.04052771277481619,0.009459944961199751
S5,254,0.085,1.0,0.04134858741222275,0.00903712534055622
S5,255,0.09,0.03,0.043375636216504115,0.0161594263721861
S5,256,0.09,0.038538810670601456,0.04320461588797641,0.016272638858866015
S5,257,0.09,0.049507997596815526,0.04315340241343937,0.01626254852940205
S5,258,0.09,0.06359931153547553,0.043179738457350146,0.01632562844491825
S5,259,0.09,0.08170139420154304,0.04320390580551335,0.016298563232584978
S5,260,0.09,0.10495581875524816,0.04321777182135188,0.0162915916999685
S5,261,0.09,0.1348290809262157,0.043133467448764354,0.016266929935517385
S5,262,0.09,0.17320508075688773,0.04315996785645994,0.016454295086828195
S5,263,0.09,0.2225039271491978,0.043314531378704196,0.016347505404299436
S5,264,0.09,0.2858345573956079,0.04202970660804031,0.013532533279367357
S5,265,0.09,0.3671907963528168,0.041931901691666336,0.013384726873322917
S5,266,0.09,0.47170321935428616,0.04186581613935006,0.013301518796579832
S5,267,0.09,0.6059627021136009,0.040891712804640754,0.011126652306437829
S5,268,0.09,0.778436061673405,0.040650100242860726,0.009426252244469354
S5,269,0.09,1.0,0.04147101225286691,0.009077798684356684
S5,270,0.095,0.03,0.043619781286759335,0.016072786350317194
S5,271,0.095,0.038538810670601456,0.04347062598604706,0.016084040745001384
S5,272,0.095,0.049507997596815526,0.043519519925504575,0.016032051300875722
S5,273,0.095,0.06359931153547553,0.043517162523796046,0.016111489891173905
S5,274,0.095,0.08170139420154304,0.043554403231071286,0.016086756455498525
S5,275,0.095,0.10495581875524816,0.043394970618072196,0.01617677242648963
S5,276,0.095,0.1348290809262157,0.04339901164097958,0.0161654549542886
S5,277,0.095,0.17320508075688773,0.043375028306332636,0.016469777188654125
S5,278,0.095,0.2225039271491978,0.043397569444706074,0.016242727139041225
S5,279,0.095,0.2858345573956079,0.041965355172328835,0.01359818559857176
S5,280,0.095,0.3671907963528168,0.041949421276205476,0.013496942760330127
S5,281,0.095,0.47170321935428616,0.04184973456869482,0.013217900443274415
S5,282,0.095,0.6059627021136009,0.040863022577969574,0.011183887384959273
S5,283,0.095,0.778436061673405,0.04081361261621812,0.009377753966004791
S5,284,0.095,1.0,0.041461577413006004,0.00910272987032197
S5,285,0.1,0.03,0.04371874454056408,0.015998660248418797
S5,286,0.1,0.038538810670601456,0.04375178817235709,0.01597985129963945
S5,287,0.1,0.049507997596815526,0.043881318353609505,0.015983543949930772
S5,288,0.1,0.06359931153547553,0.04370352896223075,0.016090455928486656
S5,289,0.1,0.08170139420154304,0.04362322485955537,0.016225094884526226
S5,290,0.1,0.10495581875524816,0.043682356755182804,0.016391421446583915
S5,291,0.1,0.1348290809262157,0.043632711713324765,0.016524684397212924
S5,292,0.1,0.17320508075688773,0.04355531088009869,0.01655102514686631
S5,293,0.1,0.2225039271491978,0.0434268666819298,0.01637379341133322
S5,294,0.1,0.2858345573956079,0.04203170845509052,0.013762911332810206
S5,295,0.1,0.3671907963528168,0.042006369361329655,0.01366242248748413
S5,296,0.1,0.47170321935428616,0.041958060613977374,0.013210907864963022
S5,297,0.1,0.6059627021136009,0.04182420709457161,0.013025014577270781
S5,298,0.1,0.778436061673405,0.04174918703932949,0.010729494583306909
S5,299,0.1,1.0,0.04150617739837892,0.009091676943390423
