candidate,nu,gamma_multiplier,fold,AP
originals,0.001,0.003,0,0.07596371882086167
originals,0.001,0.003,1,0.11695906432748537
originals,0.001,0.003,2,0.10555555555555557
originals,0.001,0.003,3,0.06093902939597739
originals,0.001,0.005,0,0.08290816326530612
originals,0.001,0.005,1,0.1142857142857143
originals,0.001,0.005,2,0.11994301994301995
originals,0.001,0.005,3,0.07465311706077779
originals,0.001,0.01,0,0.09142857142857143
originals,0.001,0.01,1,0.14575098814229248
originals,0.001,0.01,2,0.41321044546850993
originals,0.001,0.01,3,0.21274339695392325
originals,0.001,0.02,0,0.10333333333333333
originals,0.001,0.02,1,0.4458689458689459
originals,0.001,0.02,2,0.3904761904761905
originals,0.001,0.02,3,0.3790123456790123
originals,0.001,0.03,0,0.10555555555555556
originals,0.001,0.03,1,0.4296536796536796
originals,0.001,0.03,2,0.37936507936507935
originals,0.001,0.03,3,0.37834224598930477
originals,0.001,0.038538810670601456,0,0.12564102564102564
originals,0.001,0.038538810670601456,1,0.3997821350762527
originals,0.001,0.038538810670601456,2,0.36572252819302387
originals,0.001,0.038538810670601456,3,0.3724032780636554
originals,0.001,0.049507997596815526,0,0.15064102564102563
originals,0.001,0.049507997596815526,1,0.38927738927738925
originals,0.001,0.049507997596815526,2,0.35915317559153176
originals,0.001,0.049507997596815526,3,0.37749287749287747
originals,0.001,0.06359931153547553,0,0.15064102564102563
originals,0.001,0.06359931153547553,1,0.391232423490488
originals,0.001,0.06359931153547553,2,0.35966735966735963
originals,0.001,0.06359931153547553,3,0.38725490196078427
originals,0.001,0.08170139420154304,0,0.14722222222222223
originals,0.001,0.08170139420154304,1,0.38655462184873945
originals,0.001,0.08170139420154304,2,0.36166166166166164
originals,0.001,0.08170139420154304,3,0.390436005625879
originals,0.001,0.10495581875524816,0,0.14627659574468085
originals,0.001,0.10495581875524816,1,0.37624209575429085
originals,0.001,0.10495581875524816,2,0.36536536536536535
originals,0.001,0.10495581875524816,3,0.3968105065666041
originals,0.001,0.1348290809262157,0,0.14583333333333334
originals,0.001,0.1348290809262157,1,0.374390243902439
originals,0.001,0.1348290809262157,2,0.3730588660166125
originals,0.001,0.1348290809262157,3,0.40170940170940167
originals,0.001,0.17320508075688773,0,0.14627659574468085
originals,0.001,0.17320508075688773,1,0.37749287749287747
originals,0.001,0.17320508075688773,2,0.3813725490196078
originals,0.001,0.17320508075688773,3,0.4140845070422535
originals,0.001,0.2225039271491978,0,0.14583333333333334
originals,0.001,0.2225039271491978,1,0.3786967418546366
originals,0.001,0.2225039271491978,2,0.38507625272331153
originals,0.001,0.2225039271491978,3,0.41538461538461535
originals,0.001,0.2858345573956079,0,0.14540816326530612
originals,0.001,0.2858345573956079,1,0.37858220211161386
originals,0.001,0.2858345573956079,2,0.4108885464817668
originals,0.001,0.2858345573956079,3,0.25523349436392917
originals,0.001,0.3671907963528168,0,0.14627659574468085
originals,0.001,0.3671907963528168,1,0.378021978021978
originals,0.001,0.3671907963528168,2,0.42407407407407405
originals,0.001,0.3671907963528168,3,0.25462962962962965
originals,0.001,0.47170321935428616,0,0.145
originals,0.001,0.47170321935428616,1,0.37368316438083876
originals,0.001,0.47170321935428616,2,0.4325396825396825
originals,0.001,0.47170321935428616,3,0.2532407407407407
originals,0.001,0.6059627021136009,0,0.1446078431372549
originals,0.001,0.6059627021136009,1,0.3672222222222222
originals,0.001,0.6059627021136009,2,0.432051282051282
originals,0.001,0.6059627021136009,3,0.2619047619047619
originals,0.001,0.778436061673405,0,0.14540816326530612
originals,0.001,0.778436061673405,1,0.3608378870673952
originals,0.001,0.778436061673405,2,0.48115942028985503
originals,0.001,0.778436061673405,3,0.26176470588235295
originals,0.001,1.0,0,0.14772727272727273
originals,0.001,1.0,1,0.3585480093676815
originals,0.001,1.0,2,0.42211328976034856
originals,0.001,1.0,3,0.290436005625879
originals,0.001,2.0,0,0.14772727272727273
originals,0.001,2.0,1,0.3564213564213564
originals,0.001,2.0,2,0.4106280193236715
originals,0.001,2.0,3,0.31886792452830187
originals,0.001,3.0,0,0.14772727272727273
originals,0.001,3.0,1,0.35973512211902303
originals,0.001,3.0,2,0.4087301587301587
originals,0.001,3.0,3,0.358974358974359
originals,0.001,10.0,0,0.13846153846153847
originals,0.001,10.0,1,0.40826330532212884
originals,0.001,10.0,2,0.37888198757763975
originals,0.001,10.0,3,0.2392253136933988
originals,0.0025,0.003,0,0.07596371882086167
originals,0.0025,0.003,1,0.11520467836257309
originals,0.0025,0.003,2,0.10555555555555557
originals,0.0025,0.003,3,0.06093902939597739
originals,0.0025,0.005,0,0.08290816326530612
originals,0.0025,0.005,1,0.1142857142857143
originals,0.0025,0.005,2,0.11994301994301995
originals,0.0025,0.005,3,0.07465311706077779
originals,0.0025,0.01,0,0.09142857142857143
originals,0.0025,0.01,1,0.14575098814229248
originals,0.0025,0.01,2,0.41220238095238093
originals,0.0025,0.01,3,0.21274339695392325
originals,0.0025,0.02,0,0.10333333333333333
originals,0.0025,0.02,1,0.4458689458689459
originals,0.0025,0.02,2,0.3904761904761905
originals,0.0025,0.02,3,0.3790123456790123
originals,0.0025,0.03,0,0.10555555555555556
originals,0.0025,0.03,1,0.4296536796536796
originals,0.0025,0.03,2,0.37936507936507935
originals,0.0025,0.03,3,0.37834224598930477
originals,0.0025,0.038538810670601456,0,0.12564102564102564
originals,0.0025,0.038538810670601456,1,0.3961988304093567
originals,0.0025,0.038538810670601456,2,0.36572252819302387
originals,0.0025,0.038538810670601456,3,0.3724032780636554
originals,0.0025,0.049507997596815526,0,0.15064102564102563
originals,0.0025,0.049507997596815526,1,0.38927738927738925
originals,0.0025,0.049507997596815526,2,0.35896805896805895
originals,0.0025,0.049507997596815526,3,0.37749287749287747
originals,0.0025,0.06359931153547553,0,0.15
originals,0.0025,0.06359931153547553,1,0.391232423490488
originals,0.0025,0.06359931153547553,2,0.35966735966735963
originals,0.0025,0.06359931153547553,3,0.38725490196078427
originals,0.0025,0.08170139420154304,0,0.14722222222222223
originals,0.0025,0.08170139420154304,1,0.38655462184873945
originals,0.0025,0.08170139420154304,2,0.36166166166166164
originals,0.0025,0.08170139420154304,3,0.3876582278481012
originals,0.0025,0.10495581875524816,0,0.14627659574468085
originals,0.0025,0.10495581875524816,1,0.37624209575429085
originals,0.0025,0.10495581875524816,2,0.36536536536536535
originals,0.0025,0.10495581875524816,3,0.39696106362773026
originals,0.0025,0.1348290809262157,0,0.14583333333333334
originals,0.0025,0.1348290809262157,1,0.374390243902439
originals,0.0025,0.1348290809262157,2,0.3721091984002782
originals,0.0025,0.1348290809262157,3,0.40170940170940167
originals,0.0025,0.17320508075688773,0,0.14627659574468085
originals,0.0025,0.17320508075688773,1,0.37749287749287747
originals,0.0025,0.17320508075688773,2,0.3813725490196078
originals,0.0025,0.17320508075688773,3,0.4140845070422535
originals,0.0025,0.2225039271491978,0,0.14583333333333334
originals,0.0025,0.2225039271491978,1,0.3786967418546366
originals,0.0025,0.2225039271491978,2,0.38507625272331153
originals,0.0025,0.2225039271491978,3,0.41538461538461535
originals,0.0025,0.2858345573956079,0,0.14540816326530612
originals,0.0025,0.2858345573956079,1,0.37858220211161386
originals,0.0025,0.2858345573956079,2,0.4108885464817668
originals,0.0025,0.2858345573956079,3,0.25523349436392917
originals,0.0025,0.3671907963528168,0,0.14627659574468085
originals,0.0025,0.3671907963528168,1,0.378021978021978
originals,0.0025,0.3671907963528168,2,0.4238008500303582
originals,0.0025,0.3671907963528168,3,0.25462962962962965
originals,0.0025,0.47170321935428616,0,0.145
originals,0.0025,0.47170321935428616,1,0.37368316438083876
originals,0.0025,0.47170321935428616,2,0.4325396825396825
originals,0.0025,0.47170321935428616,3,0.2532407407407407
originals,0.0025,0.6059627021136009,0,0.1446078431372549
originals,0.0025,0.6059627021136009,1,0.36693877551020404
originals,0.0025,0.6059627021136009,2,0.432051282051282
originals,0.0025,0.6059627021136009,3,0.2619047619047619
originals,0.0025,0.778436061673405,0,0.14540816326530612
originals,0.0025,0.778436061673405,1,0.3608378870673952
originals,0.0025,0.778436061673405,2,0.48115942028985503
originals,0.0025,0.778436061673405,3,0.26176470588235295
originals,0.0025,1.0,0,0.14772727272727273
originals,0.0025,1.0,1,0.3585480093676815
originals,0.0025,1.0,2,0.42211328976034856
originals,0.0025,1.0,3,0.290436005625879
originals,0.0025,2.0,0,0.14772727272727273
originals,0.0025,2.0,1,0.3564213564213564
originals,0.0025,2.0,2,0.4106280193236715
originals,0.0025,2.0,3,0.31886792452830187
originals,0.0025,3.0,0,0.14772727272727273
originals,0.0025,3.0,1,0.35975295934122486
originals,0.0025,3.0,2,0.4087301587301587
originals,0.0025,3.0,3,0.358974358974359
originals,0.0025,10.0,0,0.13846153846153847
originals,0.0025,10.0,1,0.40826330532212884
originals,0.0025,10.0,2,0.37888198757763975
originals,0.0025,10.0,3,0.2387820512820513
originals,0.005,0.003,0,0.07596371882086167
originals,0.005,0.003,1,0.11520467836257309
originals,0.005,0.003,2,0.10555555555555557
originals,0.005,0.003,3,0.06093902939597739
originals,0.005,0.005,0,0.08290816326530612
originals,0.005,0.005,1,0.1142857142857143
originals,0.005,0.005,2,0.11994301994301995
originals,0.005,0.005,3,0.07465311706077779
originals,0.005,0.01,0,0.09142857142857143
originals,0.005,0.01,1,0.14575098814229248
originals,0.005,0.01,2,0.41220238095238093
originals,0.005,0.01,3,0.21274339695392325
originals,0.005,0.02,0,0.10333333333333333
originals,0.005,0.02,1,0.4458689458689459
originals,0.005,0.02,2,0.3904761904761905
originals,0.005,0.02,3,0.3790123456790123
originals,0.005,0.03,0,0.10555555555555556
originals,0.005,0.03,1,0.4296536796536796
originals,0.005,0.03,2,0.37936507936507935
originals,0.005,0.03,3,0.37834224598930477
originals,0.005,0.038538810670601456,0,0.12564102564102564
originals,0.005,0.038538810670601456,1,0.3961988304093567
originals,0.005,0.038538810670601456,2,0.36572252819302387
originals,0.005,0.038538810670601456,3,0.3724032780636554
originals,0.005,0.049507997596815526,0,0.15064102564102563
originals,0.005,0.049507997596815526,1,0.38927738927738925
originals,0.005,0.049507997596815526,2,0.35896805896805895
originals,0.005,0.049507997596815526,3,0.37749287749287747
originals,0.005,0.06359931153547553,0,0.15
originals,0.005,0.06359931153547553,1,0.391232423490488
originals,0.005,0.06359931153547553,2,0.35966735966735963
originals,0.005,0.06359931153547553,3,0.38725490196078427
originals,0.005,0.08170139420154304,0,0.1467391304347826
originals,0.005,0.08170139420154304,1,0.38655462184873945
originals,0.005,0.08170139420154304,2,0.36166166166166164
originals,0.005,0.08170139420154304,3,0.390436005625879
originals,0.005,0.10495581875524816,0,0.14627659574468085
originals,0.005,0.10495581875524816,1,0.37624209575429085
originals,0.005,0.10495581875524816,2,0.36536536536536535
originals,0.005,0.10495581875524816,3,0.3968105065666041
originals,0.005,0.1348290809262157,0,0.14583333333333334
originals,0.005,0.1348290809262157,1,0.374390243902439
originals,0.005,0.1348290809262157,2,0.3721091984002782
originals,0.005,0.1348290809262157,3,0.40170940170940167
originals,0.005,0.17320508075688773,0,0.14627659574468085
originals,0.005,0.17320508075688773,1,0.37749287749287747
originals,0.005,0.17320508075688773,2,0.3813725490196078
originals,0.005,0.17320508075688773,3,0.4080239009816474
originals,0.005,0.2225039271491978,0,0.14583333333333334
originals,0.005,0.2225039271491978,1,0.3786967418546366
originals,0.005,0.2225039271491978,2,0.38507625272331153
originals,0.005,0.2225039271491978,3,0.41538461538461535
originals,0.005,0.2858345573956079,0,0.14540816326530612
originals,0.005,0.2858345573956079,1,0.37858220211161386
originals,0.005,0.2858345573956079,2,0.4108885464817668
originals,0.005,0.2858345573956079,3,0.25523349436392917
originals,0.005,0.3671907963528168,0,0.14627659574468085
originals,0.005,0.3671907963528168,1,0.378021978021978
originals,0.005,0.3671907963528168,2,0.4238008500303582
originals,0.005,0.3671907963528168,3,0.25462962962962965
originals,0.005,0.47170321935428616,0,0.145
originals,0.005,0.47170321935428616,1,0.37368316438083876
originals,0.005,0.47170321935428616,2,0.4325396825396825
originals,0.005,0.47170321935428616,3,0.2532407407407407
originals,0.005,0.6059627021136009,0,0.1446078431372549
originals,0.005,0.6059627021136009,1,0.36693877551020404
originals,0.005,0.6059627021136009,2,0.432051282051282
originals,0.005,0.6059627021136009,3,0.2619047619047619
originals,0.005,0.778436061673405,0,0.14540816326530612
originals,0.005,0.778436061673405,1,0.3608378870673952
originals,0.005,0.778436061673405,2,0.48115942028985503
originals,0.005,0.778436061673405,3,0.26176470588235295
originals,0.005,1.0,0,0.14772727272727273
originals,0.005,1.0,1,0.3585480093676815
originals,0.005,1.0,2,0.42211328976034856
originals,0.005,1.0,3,0.290436005625879
originals,0.005,2.0,0,0.14772727272727273
originals,0.005,2.0,1,0.3564213564213564
originals,0.005,2.0,2,0.4106280193236715
originals,0.005,2.0,3,0.31886792452830187
originals,0.005,3.0,0,0.14772727272727273
originals,0.005,3.0,1,0.3595334685598377
originals,0.005,3.0,2,0.4087301587301587
originals,0.005,3.0,3,0.358974358974359
originals,0.005,10.0,0,0.13846153846153847
originals,0.005,10.0,1,0.40826330532212884
originals,0.005,10.0,2,0.37976382179280727
originals,0.005,10.0,3,0.2392253136933988
originals,0.01,0.003,0,0.12127659574468086
originals,0.01,0.003,1,0.45088566827697263
originals,0.01,0.003,2,0.4003267973856209
originals,0.01,0.003,3,0.374223602484472
originals,0.01,0.005,0,0.12222222222222223
originals,0.01,0.005,1,0.44740740740740736
originals,0.01,0.005,2,0.396011396011396
originals,0.01,0.005,3,0.37436703335079446
originals,0.01,0.01,0,0.125
originals,0.01,0.01,1,0.4357142857142857
originals,0.01,0.01,2,0.39342105263157895
originals,0.01,0.01,3,0.375
originals,0.01,0.02,0,0.125
originals,0.01,0.02,1,0.43240093240093236
originals,0.01,0.02,2,0.38670908448214913
originals,0.01,0.02,3,0.37353629976580793
originals,0.01,0.03,0,0.15064102564102563
originals,0.01,0.03,1,0.4246153846153846
originals,0.01,0.03,2,0.3798076923076923
originals,0.01,0.03,3,0.3727891156462585
originals,0.01,0.038538810670601456,0,0.15064102564102563
originals,0.01,0.038538810670601456,1,0.4122605363984674
originals,0.01,0.038538810670601456,2,0.37637362637362637
originals,0.01,0.038538810670601456,3,0.3862781954887218
originals,0.01,0.049507997596815526,0,0.14825581395348836
originals,0.01,0.049507997596815526,1,0.4023809523809524
originals,0.01,0.049507997596815526,2,0.3698903290129611
originals,0.01,0.049507997596815526,3,0.39015151515151514
originals,0.01,0.06359931153547553,0,0.1467391304347826
originals,0.01,0.06359931153547553,1,0.4006734006734006
originals,0.01,0.06359931153547553,2,0.3655830753353973
originals,0.01,0.06359931153547553,3,0.38553603259485614
originals,0.01,0.08170139420154304,0,0.14722222222222223
originals,0.01,0.08170139420154304,1,0.39444444444444443
originals,0.01,0.08170139420154304,2,0.36218347862183475
originals,0.01,0.08170139420154304,3,0.3936106088004822
originals,0.01,0.10495581875524816,0,0.14627659574468085
originals,0.01,0.10495581875524816,1,0.37624209575429085
originals,0.01,0.10495581875524816,2,0.36536536536536535
originals,0.01,0.10495581875524816,3,0.39696106362773026
originals,0.01,0.1348290809262157,0,0.14627659574468085
originals,0.01,0.1348290809262157,1,0.374390243902439
originals,0.01,0.1348290809262157,2,0.3721091984002782
originals,0.01,0.1348290809262157,3,0.3974358974358974
originals,0.01,0.17320508075688773,0,0.1467391304347826
originals,0.01,0.17320508075688773,1,0.37749287749287747
originals,0.01,0.17320508075688773,2,0.3813725490196078
originals,0.01,0.17320508075688773,3,0.4080239009816474
originals,0.01,0.2225039271491978,0,0.14627659574468085
originals,0.01,0.2225039271491978,1,0.3786967418546366
originals,0.01,0.2225039271491978,2,0.38507625272331153
originals,0.01,0.2225039271491978,3,0.24871794871794872
originals,0.01,0.2858345573956079,0,0.14540816326530612
originals,0.01,0.2858345573956079,1,0.37858220211161386
originals,0.01,0.2858345573956079,2,0.4108885464817668
originals,0.01,0.2858345573956079,3,0.25523349436392917
originals,0.01,0.3671907963528168,0,0.14627659574468085
originals,0.01,0.3671907963528168,1,0.378021978021978
originals,0.01,0.3671907963528168,2,0.4238008500303582
originals,0.01,0.3671907963528168,3,0.25462962962962965
originals,0.01,0.47170321935428616,0,0.145
originals,0.01,0.47170321935428616,1,0.37368316438083876
originals,0.01,0.47170321935428616,2,0.4325396825396825
originals,0.01,0.47170321935428616,3,0.2532407407407407
originals,0.01,0.6059627021136009,0,0.1446078431372549
originals,0.01,0.6059627021136009,1,0.36693877551020404
originals,0.01,0.6059627021136009,2,0.432051282051282
originals,0.01,0.6059627021136009,3,0.2619047619047619
originals,0.01,0.778436061673405,0,0.14540816326530612
originals,0.01,0.778436061673405,1,0.3608378870673952
originals,0.01,0.778436061673405,2,0.48115942028985503
originals,0.01,0.778436061673405,3,0.26176470588235295
originals,0.01,1.0,0,0.14772727272727273
originals,0.01,1.0,1,0.3585480093676815
originals,0.01,1.0,2,0.42211328976034856
originals,0.01,1.0,3,0.290436005625879
originals,0.01,2.0,0,0.14772727272727273
originals,0.01,2.0,1,0.3564213564213564
originals,0.01,2.0,2,0.4106280193236715
originals,0.01,2.0,3,0.31886792452830187
originals,0.01,3.0,0,0.14772727272727273
originals,0.01,3.0,1,0.3595334685598377
originals,0.01,3.0,2,0.4087301587301587
originals,0.01,3.0,3,0.358974358974359
originals,0.01,10.0,0,0.13846153846153847
originals,0.01,10.0,1,0.40826330532212884
originals,0.01,10.0,2,0.37888198757763975
originals,0.01,10.0,3,0.2392253136933988
originals,0.015,0.003,0,0.12325581395348838
originals,0.015,0.003,1,0.45555555555555555
originals,0.015,0.003,2,0.41666666666666663
originals,0.015,0.003,3,0.38229166666666664
originals,0.015,0.005,0,0.12380952380952381
originals,0.015,0.005,1,0.45555555555555555
originals,0.015,0.005,2,0.41798941798941797
originals,0.015,0.005,3,0.21454173067076293
originals,0.015,0.01,0,0.1488095238095238
originals,0.015,0.01,1,0.45555555555555555
originals,0.015,0.01,2,0.41798941798941797
originals,0.015,0.01,3,0.2126262626262626
originals,0.015,0.02,0,0.1488095238095238
originals,0.015,0.02,1,0.4393939393939394
originals,0.015,0.02,2,0.4019607843137255
originals,0.015,0.02,3,0.21516754850088182
originals,0.015,0.03,0,0.14939024390243902
originals,0.015,0.03,1,0.43006993006993005
originals,0.015,0.03,2,0.3940620782726046
originals,0.015,0.03,3,0.2252824858757062
originals,0.015,0.038538810670601456,0,0.14583333333333334
originals,0.015,0.038538810670601456,1,0.4148148148148148
originals,0.015,0.038538810670601456,2,0.3963585434173669
originals,0.015,0.038538810670601456,3,0.23333333333333334
originals,0.015,0.049507997596815526,0,0.14627659574468085
originals,0.015,0.049507997596815526,1,0.4023188405797101
originals,0.015,0.049507997596815526,2,0.3884057971014493
originals,0.015,0.049507997596815526,3,0.2287784679089027
originals,0.015,0.06359931153547553,0,0.14939024390243902
originals,0.015,0.06359931153547553,1,0.396011396011396
originals,0.015,0.06359931153547553,2,0.3771561771561771
originals,0.015,0.06359931153547553,3,0.2359208523592085
originals,0.015,0.08170139420154304,0,0.1488095238095238
originals,0.015,0.08170139420154304,1,0.3878136200716846
originals,0.015,0.08170139420154304,2,0.3712472122147881
originals,0.015,0.08170139420154304,3,0.2359208523592085
originals,0.015,0.10495581875524816,0,0.14722222222222223
originals,0.015,0.10495581875524816,1,0.38015873015873014
originals,0.015,0.10495581875524816,2,0.3744927536231884
originals,0.015,0.10495581875524816,3,0.2361111111111111
originals,0.015,0.1348290809262157,0,0.14722222222222223
originals,0.015,0.1348290809262157,1,0.3786967418546366
originals,0.015,0.1348290809262157,2,0.3802308802308802
originals,0.015,0.1348290809262157,3,0.23630672926447574
originals,0.015,0.17320508075688773,0,0.1467391304347826
originals,0.015,0.17320508075688773,1,0.3794079794079794
originals,0.015,0.17320508075688773,2,0.3840460526315789
originals,0.015,0.17320508075688773,3,0.24782608695652175
originals,0.015,0.2225039271491978,0,0.1467391304347826
originals,0.015,0.2225039271491978,1,0.37816764132553604
originals,0.015,0.2225039271491978,2,0.39087301587301587
originals,0.015,0.2225039271491978,3,0.2558922558922559
originals,0.015,0.2858345573956079,0,0.14540816326530612
originals,0.015,0.2858345573956079,1,0.37858220211161386
originals,0.015,0.2858345573956079,2,0.4108885464817668
originals,0.015,0.2858345573956079,3,0.25544662309368193
originals,0.015,0.3671907963528168,0,0.14627659574468085
originals,0.015,0.3671907963528168,1,0.378021978021978
originals,0.015,0.3671907963528168,2,0.4238008500303582
originals,0.015,0.3671907963528168,3,0.25462962962962965
originals,0.015,0.47170321935428616,0,0.145
originals,0.015,0.47170321935428616,1,0.37368316438083876
originals,0.015,0.47170321935428616,2,0.4325396825396825
originals,0.015,0.47170321935428616,3,0.2532407407407407
originals,0.015,0.6059627021136009,0,0.1446078431372549
originals,0.015,0.6059627021136009,1,0.36693877551020404
originals,0.015,0.6059627021136009,2,0.432051282051282
originals,0.015,0.6059627021136009,3,0.2619047619047619
originals,0.015,0.778436061673405,0,0.14540816326530612
originals,0.015,0.778436061673405,1,0.3608378870673952
originals,0.015,0.778436061673405,2,0.48115942028985503
originals,0.015,0.778436061673405,3,0.26176470588235295
originals,0.015,1.0,0,0.14772727272727273
originals,0.015,1.0,1,0.3585480093676815
originals,0.015,1.0,2,0.42211328976034856
originals,0.015,1.0,3,0.290436005625879
originals,0.015,2.0,0,0.14772727272727273
originals,0.015,2.0,1,0.3564213564213564
originals,0.015,2.0,2,0.4106280193236715
originals,0.015,2.0,3,0.31886792452830187
originals,0.015,3.0,0,0.14772727272727273
originals,0.015,3.0,1,0.3595334685598377
originals,0.015,3.0,2,0.4087301587301587
originals,0.015,3.0,3,0.358974358974359
originals,0.015,10.0,0,0.13846153846153847
originals,0.015,10.0,1,0.40826330532212884
originals,0.015,10.0,2,0.37976382179280727
originals,0.015,10.0,3,0.2392253136933988
originals,0.02,0.003,0,0.1467391304347826
originals,0.02,0.003,1,0.45555555555555555
originals,0.02,0.003,2,0.4288888888888889
originals,0.02,0.003,3,0.2191358024691358
originals,0.02,0.005,0,0.14722222222222223
originals,0.02,0.005,1,0.45555555555555555
originals,0.02,0.005,2,0.4246153846153846
originals,0.02,0.005,3,0.21904761904761905
originals,0.02,0.01,0,0.14772727272727273
originals,0.02,0.01,1,0.4476190476190476
originals,0.02,0.01,2,0.4246153846153846
originals,0.02,0.01,3,0.21679197994987467
originals,0.02,0.02,0,0.14825581395348836
originals,0.02,0.02,1,0.4148148148148148
originals,0.02,0.02,2,0.40409356725146195
originals,0.02,0.02,3,0.2165945165945166
originals,0.02,0.03,0,0.14722222222222223
originals,0.02,0.03,1,0.4007803790412486
originals,0.02,0.03,2,0.3901601830663615
originals,0.02,0.03,3,0.24265734265734265
originals,0.02,0.038538810670601456,0,0.14939024390243902
originals,0.02,0.038538810670601456,1,0.396011396011396
originals,0.02,0.038538810670601456,2,0.3850793650793651
originals,0.02,0.038538810670601456,3,0.24197860962566844
originals,0.02,0.049507997596815526,0,0.15
originals,0.02,0.049507997596815526,1,0.38940092165898615
originals,0.02,0.049507997596815526,2,0.37592351151673187
originals,0.02,0.049507997596815526,3,0.24097135740971357
originals,0.02,0.06359931153547553,0,0.15
originals,0.02,0.06359931153547553,1,0.38446969696969696
originals,0.02,0.06359931153547553,2,0.3769491525423729
originals,0.02,0.06359931153547553,3,0.23573573573573572
originals,0.02,0.08170139420154304,0,0.14939024390243902
originals,0.02,0.08170139420154304,1,0.38210678210678206
originals,0.02,0.08170139420154304,2,0.37896825396825395
originals,0.02,0.08170139420154304,3,0.23630672926447574
originals,0.02,0.10495581875524816,0,0.14772727272727273
originals,0.02,0.10495581875524816,1,0.38015873015873014
originals,0.02,0.10495581875524816,2,0.3805006587615283
originals,0.02,0.10495581875524816,3,0.2369281045751634
originals,0.02,0.1348290809262157,0,0.14722222222222223
originals,0.02,0.1348290809262157,1,0.38015873015873014
originals,0.02,0.1348290809262157,2,0.38693957115009747
originals,0.02,0.1348290809262157,3,0.24176548089591568
originals,0.02,0.17320508075688773,0,0.1467391304347826
originals,0.02,0.17320508075688773,1,0.38015873015873014
originals,0.02,0.17320508075688773,2,0.39177978883861236
originals,0.02,0.17320508075688773,3,0.2556661138750691
originals,0.02,0.2225039271491978,0,0.1467391304347826
originals,0.02,0.2225039271491978,1,0.38115449915110355
originals,0.02,0.2225039271491978,2,0.4074074074074074
originals,0.02,0.2225039271491978,3,0.2566137566137566
originals,0.02,0.2858345573956079,0,0.14540816326530612
originals,0.02,0.2858345573956079,1,0.38048245614035087
originals,0.02,0.2858345573956079,2,0.4192307692307692
originals,0.02,0.2858345573956079,3,0.25523349436392917
originals,0.02,0.3671907963528168,0,0.14627659574468085
originals,0.02,0.3671907963528168,1,0.37858220211161386
originals,0.02,0.3671907963528168,2,0.4339080459770115
originals,0.02,0.3671907963528168,3,0.25462962962962965
originals,0.02,0.47170321935428616,0,0.145
originals,0.02,0.47170321935428616,1,0.3741330069359445
originals,0.02,0.47170321935428616,2,0.4325396825396825
originals,0.02,0.47170321935428616,3,0.2532407407407407
originals,0.02,0.6059627021136009,0,0.1446078431372549
originals,0.02,0.6059627021136009,1,0.36693877551020404
originals,0.02,0.6059627021136009,2,0.432051282051282
originals,0.02,0.6059627021136009,3,0.2619047619047619
originals,0.02,0.778436061673405,0,0.14540816326530612
originals,0.02,0.778436061673405,1,0.3608378870673952
originals,0.02,0.778436061673405,2,0.48115942028985503
originals,0.02,0.778436061673405,3,0.26176470588235295
originals,0.02,1.0,0,0.14772727272727273
originals,0.02,1.0,1,0.3585480093676815
originals,0.02,1.0,2,0.42211328976034856
originals,0.02,1.0,3,0.290436005625879
originals,0.02,2.0,0,0.14772727272727273
originals,0.02,2.0,1,0.3564213564213564
originals,0.02,2.0,2,0.4106280193236715
originals,0.02,2.0,3,0.31886792452830187
originals,0.02,3.0,0,0.14772727272727273
originals,0.02,3.0,1,0.3595334685598377
originals,0.02,3.0,2,0.4087301587301587
originals,0.02,3.0,3,0.358974358974359
originals,0.02,10.0,0,0.13846153846153847
originals,0.02,10.0,1,0.40826330532212884
originals,0.02,10.0,2,0.37976382179280727
originals,0.02,10.0,3,0.2392253136933988
originals,0.025,0.003,0,0.14722222222222223
originals,0.025,0.003,1,0.4526315789473684
originals,0.025,0.003,2,0.41941391941391937
originals,0.025,0.003,3,0.2227450980392157
originals,0.025,0.005,0,0.14722222222222223
originals,0.025,0.005,1,0.4526315789473684
originals,0.025,0.005,2,0.42165242165242167
originals,0.025,0.005,3,0.22261072261072262
originals,0.025,0.01,0,0.14722222222222223
originals,0.025,0.01,1,0.45138888888888884
originals,0.025,0.01,2,0.4222222222222222
originals,0.025,0.01,3,0.23071895424836603
originals,0.025,0.02,0,0.14722222222222223
originals,0.025,0.02,1,0.3984615384615384
originals,0.025,0.02,2,0.3963585434173669
originals,0.025,0.02,3,0.22929292929292927
originals,0.025,0.03,0,0.1488095238095238
originals,0.025,0.03,1,0.3875718390804598
originals,0.025,0.03,2,0.38960113960113957
originals,0.025,0.03,3,0.2492063492063492
originals,0.025,0.038538810670601456,0,0.1488095238095238
originals,0.025,0.038538810670601456,1,0.3860887096774193
originals,0.025,0.038538810670601456,2,0.3811802232854864
originals,0.025,0.038538810670601456,3,0.25544662309368193
originals,0.025,0.049507997596815526,0,0.1488095238095238
originals,0.025,0.049507997596815526,1,0.3834101382488479
originals,0.025,0.049507997596815526,2,0.3829365079365079
originals,0.025,0.049507997596815526,3,0.24803921568627452
originals,0.025,0.06359931153547553,0,0.1488095238095238
originals,0.025,0.06359931153547553,1,0.3819444444444444
originals,0.025,0.06359931153547553,2,0.38589743589743586
originals,0.025,0.06359931153547553,3,0.25523349436392917
originals,0.025,0.08170139420154304,0,0.14772727272727273
originals,0.025,0.08170139420154304,1,0.38210678210678206
originals,0.025,0.08170139420154304,2,0.38627450980392153
originals,0.025,0.08170139420154304,3,0.25544662309368193
originals,0.025,0.10495581875524816,0,0.14722222222222223
originals,0.025,0.10495581875524816,1,0.380718954248366
originals,0.025,0.10495581875524816,2,0.3880288957688338
originals,0.025,0.10495581875524816,3,0.24825870646766168
originals,0.025,0.1348290809262157,0,0.14722222222222223
originals,0.025,0.1348290809262157,1,0.38131313131313127
originals,0.025,0.1348290809262157,2,0.3942307692307692
originals,0.025,0.1348290809262157,3,0.24825870646766168
originals,0.025,0.17320508075688773,0,0.1467391304347826
originals,0.025,0.17320508075688773,1,0.3819444444444444
originals,0.025,0.17320508075688773,2,0.39738562091503266
originals,0.025,0.17320508075688773,3,0.2563657407407407
originals,0.025,0.2225039271491978,0,0.1467391304347826
originals,0.025,0.2225039271491978,1,0.38334886610748675
originals,0.025,0.2225039271491978,2,0.4084967320261438
originals,0.025,0.2225039271491978,3,0.2563657407407407
originals,0.025,0.2858345573956079,0,0.14540816326530612
originals,0.025,0.2858345573956079,1,0.38334886610748675
originals,0.025,0.2858345573956079,2,0.4358974358974359
originals,0.025,0.2858345573956079,3,0.25544662309368193
originals,0.025,0.3671907963528168,0,0.14627659574468085
originals,0.025,0.3671907963528168,1,0.37858220211161386
originals,0.025,0.3671907963528168,2,0.4339080459770115
originals,0.025,0.3671907963528168,3,0.25462962962962965
originals,0.025,0.47170321935428616,0,0.145
originals,0.025,0.47170321935428616,1,0.3741330069359445
originals,0.025,0.47170321935428616,2,0.4325396825396825
originals,0.025,0.47170321935428616,3,0.2532407407407407
originals,0.025,0.6059627021136009,0,0.1446078431372549
originals,0.025,0.6059627021136009,1,0.36693877551020404
originals,0.025,0.6059627021136009,2,0.432051282051282
originals,0.025,0.6059627021136009,3,0.2619047619047619
originals,0.025,0.778436061673405,0,0.14540816326530612
originals,0.025,0.778436061673405,1,0.3608378870673952
originals,0.025,0.778436061673405,2,0.48115942028985503
originals,0.025,0.778436061673405,3,0.26176470588235295
originals,0.025,1.0,0,0.14772727272727273
originals,0.025,1.0,1,0.3585480093676815
originals,0.025,1.0,2,0.42211328976034856
originals,0.025,1.0,3,0.290436005625879
originals,0.025,2.0,0,0.14772727272727273
originals,0.025,2.0,1,0.3564213564213564
originals,0.025,2.0,2,0.4106280193236715
originals,0.025,2.0,3,0.31886792452830187
originals,0.025,3.0,0,0.14772727272727273
originals,0.025,3.0,1,0.3595334685598377
originals,0.025,3.0,2,0.4087301587301587
originals,0.025,3.0,3,0.358974358974359
originals,0.025,10.0,0,0.13846153846153847
originals,0.025,10.0,1,0.40826330532212884
originals,0.025,10.0,2,0.37976382179280727
originals,0.025,10.0,3,0.2392253136933988
originals,0.03,0.003,0,0.14386792452830188
originals,0.03,0.003,1,0.4471153846153846
originals,0.03,0.003,2,0.4261974584555229
originals,0.03,0.003,3,0.22549019607843138
originals,0.03,0.005,0,0.14386792452830188
originals,0.03,0.005,1,0.4434389140271493
originals,0.03,0.005,2,0.42857142857142855
originals,0.03,0.005,3,0.22685185185185186
originals,0.03,0.01,0,0.14423076923076922
originals,0.03,0.01,1,0.42300194931773877
originals,0.03,0.01,2,0.4132791327913279
originals,0.03,0.01,3,0.25057471264367814
originals,0.03,0.02,0,0.14627659574468085
originals,0.03,0.02,1,0.3946886446886447
originals,0.03,0.02,2,0.3956349206349206
originals,0.03,0.02,3,0.25
originals,0.03,0.03,0,0.14583333333333334
originals,0.03,0.03,1,0.3860887096774193
originals,0.03,0.03,2,0.3935185185185185
originals,0.03,0.03,3,0.24366616989567808
originals,0.03,0.038538810670601456,0,0.14627659574468085
originals,0.03,0.038538810670601456,1,0.3842504743833017
originals,0.03,0.038538810670601456,2,0.39285714285714285
originals,0.03,0.038538810670601456,3,0.24895833333333334
originals,0.03,0.049507997596815526,0,0.14722222222222223
originals,0.03,0.049507997596815526,1,0.383578431372549
originals,0.03,0.049507997596815526,2,0.38960113960113957
originals,0.03,0.049507997596815526,3,0.24803921568627452
originals,0.03,0.06359931153547553,0,0.14722222222222223
originals,0.03,0.06359931153547553,1,0.3834101382488479
originals,0.03,0.06359931153547553,2,0.39177978883861236
originals,0.03,0.06359931153547553,3,0.24761904761904763
originals,0.03,0.08170139420154304,0,0.14627659574468085
originals,0.03,0.08170139420154304,1,0.3819444444444444
originals,0.03,0.08170139420154304,2,0.39177978883861236
originals,0.03,0.08170139420154304,3,0.24803921568627452
originals,0.03,0.10495581875524816,0,0.1467391304347826
originals,0.03,0.10495581875524816,1,0.3819444444444444
originals,0.03,0.10495581875524816,2,0.3942307692307692
originals,0.03,0.10495581875524816,3,0.24825870646766168
originals,0.03,0.1348290809262157,0,0.1467391304347826
originals,0.03,0.1348290809262157,1,0.3833333333333333
originals,0.03,0.1348290809262157,2,0.39285714285714285
originals,0.03,0.1348290809262157,3,0.25612535612535614
originals,0.03,0.17320508075688773,0,0.14627659574468085
originals,0.03,0.17320508075688773,1,0.3840996168582375
originals,0.03,0.17320508075688773,2,0.40348330914368646
originals,0.03,0.17320508075688773,3,0.2558922558922559
originals,0.03,0.2225039271491978,0,0.14540816326530612
originals,0.03,0.2225039271491978,1,0.3819444444444444
originals,0.03,0.2225039271491978,2,0.4192307692307692
originals,0.03,0.2225039271491978,3,0.2558922558922559
originals,0.03,0.2858345573956079,0,0.14540816326530612
originals,0.03,0.2858345573956079,1,0.38056238056238056
originals,0.03,0.2858345573956079,2,0.4355345911949685
originals,0.03,0.2858345573956079,3,0.25523349436392917
originals,0.03,0.3671907963528168,0,0.14627659574468085
originals,0.03,0.3671907963528168,1,0.378021978021978
originals,0.03,0.3671907963528168,2,0.4339080459770115
originals,0.03,0.3671907963528168,3,0.25425425425425424
originals,0.03,0.47170321935428616,0,0.145
originals,0.03,0.47170321935428616,1,0.3741330069359445
originals,0.03,0.47170321935428616,2,0.4325396825396825
originals,0.03,0.47170321935428616,3,0.2532407407407407
originals,0.03,0.6059627021136009,0,0.1446078431372549
originals,0.03,0.6059627021136009,1,0.3672222222222222
originals,0.03,0.6059627021136009,2,0.432051282051282
originals,0.03,0.6059627021136009,3,0.2619047619047619
originals,0.03,0.778436061673405,0,0.14540816326530612
originals,0.03,0.778436061673405,1,0.3608378870673952
originals,0.03,0.778436061673405,2,0.48115942028985503
originals,0.03,0.778436061673405,3,0.26176470588235295
originals,0.03,1.0,0,0.14772727272727273
originals,0.03,1.0,1,0.3585480093676815
originals,0.03,1.0,2,0.42211328976034856
originals,0.03,1.0,3,0.290436005625879
originals,0.03,2.0,0,0.14772727272727273
originals,0.03,2.0,1,0.3564213564213564
originals,0.03,2.0,2,0.4106280193236715
originals,0.03,2.0,3,0.31886792452830187
originals,0.03,3.0,0,0.14772727272727273
originals,0.03,3.0,1,0.3595334685598377
originals,0.03,3.0,2,0.4087301587301587
originals,0.03,3.0,3,0.358974358974359
originals,0.03,10.0,0,0.13846153846153847
originals,0.03,10.0,1,0.40826330532212884
originals,0.03,10.0,2,0.37976382179280727
originals,0.03,10.0,3,0.2392253136933988
originals,0.035,0.003,0,0.14386792452830188
originals,0.035,0.003,1,0.4251805985552115
originals,0.035,0.003,2,0.4126984126984127
originals,0.035,0.003,3,0.2231237322515213
originals,0.035,0.005,0,0.14423076923076922
originals,0.035,0.005,1,0.4184210526315789
originals,0.035,0.005,2,0.4073426573426573
originals,0.035,0.005,3,0.23549257759784076
originals,0.035,0.01,0,0.145
originals,0.035,0.01,1,0.4011111111111111
originals,0.035,0.01,2,0.4042232277526395
originals,0.035,0.01,3,0.24946236559139787
originals,0.035,0.02,0,0.14540816326530612
originals,0.035,0.02,1,0.3946886446886447
originals,0.035,0.02,2,0.40018315018315015
originals,0.035,0.02,3,0.24946236559139787
originals,0.035,0.03,0,0.14583333333333334
originals,0.035,0.03,1,0.3904761904761905
originals,0.035,0.03,2,0.397008547008547
originals,0.035,0.03,3,0.24825870646766168
originals,0.035,0.038538810670601456,0,0.14583333333333334
originals,0.035,0.038538810670601456,1,0.38514173998044965
originals,0.035,0.038538810670601456,2,0.390406162464986
originals,0.035,0.038538810670601456,3,0.24703196347031964
originals,0.035,0.049507997596815526,0,0.14627659574468085
originals,0.035,0.049507997596815526,1,0.38446969696969696
originals,0.035,0.049507997596815526,2,0.38894246223079393
originals,0.035,0.049507997596815526,3,0.2537277537277537
originals,0.035,0.06359931153547553,0,0.1467391304347826
originals,0.035,0.06359931153547553,1,0.3829471182412359
originals,0.035,0.06359931153547553,2,0.38867805186590765
originals,0.035,0.06359931153547553,3,0.25389863547758285
originals,0.035,0.08170139420154304,0,0.14722222222222223
originals,0.035,0.08170139420154304,1,0.37996820349761523
originals,0.035,0.08170139420154304,2,0.39087301587301587
originals,0.035,0.08170139420154304,3,0.25389863547758285
originals,0.035,0.10495581875524816,0,0.1467391304347826
originals,0.035,0.10495581875524816,1,0.37925696594427244
originals,0.035,0.10495581875524816,2,0.390625
originals,0.035,0.10495581875524816,3,0.25425425425425424
originals,0.035,0.1348290809262157,0,0.14627659574468085
originals,0.035,0.1348290809262157,1,0.3798511430090377
originals,0.035,0.1348290809262157,2,0.39657738095238093
originals,0.035,0.1348290809262157,3,0.25425425425425424
originals,0.035,0.17320508075688773,0,0.14583333333333334
originals,0.035,0.17320508075688773,1,0.37858220211161386
originals,0.035,0.17320508075688773,2,0.4007444168734491
originals,0.035,0.17320508075688773,3,0.25462962962962965
originals,0.035,0.2225039271491978,0,0.14540816326530612
originals,0.035,0.2225039271491978,1,0.3786967418546366
originals,0.035,0.2225039271491978,2,0.41694915254237286
originals,0.035,0.2225039271491978,3,0.25502645502645505
originals,0.035,0.2858345573956079,0,0.14540816326530612
originals,0.035,0.2858345573956079,1,0.378021978021978
originals,0.035,0.2858345573956079,2,0.4339080459770115
originals,0.035,0.2858345573956079,3,0.25462962962962965
originals,0.035,0.3671907963528168,0,0.14627659574468085
originals,0.035,0.3671907963528168,1,0.3765182186234818
originals,0.035,0.3671907963528168,2,0.43333333333333335
originals,0.035,0.3671907963528168,3,0.2537277537277537
originals,0.035,0.47170321935428616,0,0.145
originals,0.035,0.47170321935428616,1,0.37325581395348834
originals,0.035,0.47170321935428616,2,0.4444444444444444
originals,0.035,0.47170321935428616,3,0.25308641975308643
originals,0.035,0.6059627021136009,0,0.1446078431372549
originals,0.035,0.6059627021136009,1,0.36693877551020404
originals,0.035,0.6059627021136009,2,0.432051282051282
originals,0.035,0.6059627021136009,3,0.26136363636363635
originals,0.035,0.778436061673405,0,0.14540816326530612
originals,0.035,0.778436061673405,1,0.3608378870673952
originals,0.035,0.778436061673405,2,0.48115942028985503
originals,0.035,0.778436061673405,3,0.26176470588235295
originals,0.035,1.0,0,0.14772727272727273
originals,0.035,1.0,1,0.3585480093676815
originals,0.035,1.0,2,0.42211328976034856
originals,0.035,1.0,3,0.290436005625879
originals,0.035,2.0,0,0.14772727272727273
originals,0.035,2.0,1,0.3564213564213564
originals,0.035,2.0,2,0.4106280193236715
originals,0.035,2.0,3,0.31886792452830187
originals,0.035,3.0,0,0.14772727272727273
originals,0.035,3.0,1,0.3595334685598377
originals,0.035,3.0,2,0.4087301587301587
originals,0.035,3.0,3,0.358974358974359
originals,0.035,10.0,0,0.13846153846153847
originals,0.035,10.0,1,0.40826330532212884
originals,0.035,10.0,2,0.37976382179280727
originals,0.035,10.0,3,0.2392253136933988
originals,0.04,0.003,0,0.14386792452830188
originals,0.04,0.003,1,0.40711462450592883
originals,0.04,0.003,2,0.3994708994708994
originals,0.04,0.003,3,0.22967032967032966
originals,0.04,0.005,0,0.14386792452830188
originals,0.04,0.005,1,0.4053030303030303
originals,0.04,0.005,2,0.3994708994708994
originals,0.04,0.005,3,0.23737373737373738
originals,0.04,0.01,0,0.14386792452830188
originals,0.04,0.01,1,0.40398550724637683
originals,0.04,0.01,2,0.3991341991341991
originals,0.04,0.01,3,0.24825870646766168
originals,0.04,0.02,0,0.1446078431372549
originals,0.04,0.02,1,0.3957142857142857
originals,0.04,0.02,2,0.397008547008547
originals,0.04,0.02,3,0.24741784037558687
originals,0.04,0.03,0,0.14540816326530612
originals,0.04,0.03,1,0.3842504743833017
originals,0.04,0.03,2,0.39285714285714285
originals,0.04,0.03,3,0.26249999999999996
originals,0.04,0.038538810670601456,0,0.14540816326530612
originals,0.04,0.038538810670601456,1,0.38210678210678206
originals,0.04,0.038538810670601456,2,0.38649940262843485
originals,0.04,0.038538810670601456,3,0.2620481927710843
originals,0.04,0.049507997596815526,0,0.14540816326530612
originals,0.04,0.049507997596815526,1,0.3786967418546366
originals,0.04,0.049507997596815526,2,0.38575498575498574
originals,0.04,0.049507997596815526,3,0.2621951219512195
originals,0.04,0.06359931153547553,0,0.14540816326530612
originals,0.04,0.06359931153547553,1,0.37766714082503555
originals,0.04,0.06359931153547553,2,0.38575498575498574
originals,0.04,0.06359931153547553,3,0.2529358626919602
originals,0.04,0.08170139420154304,0,0.145
originals,0.04,0.08170139420154304,1,0.37766714082503555
originals,0.04,0.08170139420154304,2,0.38817401960784315
originals,0.04,0.08170139420154304,3,0.2529358626919602
originals,0.04,0.10495581875524816,0,0.1446078431372549
originals,0.04,0.10495581875524816,1,0.376992376992377
originals,0.04,0.10495581875524816,2,0.3903846153846154
originals,0.04,0.10495581875524816,3,0.253398968588842
originals,0.04,0.1348290809262157,0,0.1446078431372549
originals,0.04,0.1348290809262157,1,0.376992376992377
originals,0.04,0.1348290809262157,2,0.3929292929292929
originals,0.04,0.1348290809262157,3,0.2532407407407407
originals,0.04,0.17320508075688773,0,0.14386792452830188
originals,0.04,0.17320508075688773,1,0.376992376992377
originals,0.04,0.17320508075688773,2,0.39657738095238093
originals,0.04,0.17320508075688773,3,0.2537277537277537
originals,0.04,0.2225039271491978,0,0.14386792452830188
originals,0.04,0.2225039271491978,1,0.3765182186234818
originals,0.04,0.2225039271491978,2,0.4098124098124098
originals,0.04,0.2225039271491978,3,0.2537277537277537
originals,0.04,0.2858345573956079,0,0.1446078431372549
originals,0.04,0.2858345573956079,1,0.3765182186234818
originals,0.04,0.2858345573956079,2,0.42279202279202277
originals,0.04,0.2858345573956079,3,0.2529358626919602
originals,0.04,0.3671907963528168,0,0.14540816326530612
originals,0.04,0.3671907963528168,1,0.37526743688489517
originals,0.04,0.3671907963528168,2,0.4325396825396825
originals,0.04,0.3671907963528168,3,0.2526455026455027
originals,0.04,0.47170321935428616,0,0.14423076923076922
originals,0.04,0.47170321935428616,1,0.3705763397371082
originals,0.04,0.47170321935428616,2,0.44419642857142855
originals,0.04,0.47170321935428616,3,0.2526455026455027
originals,0.04,0.6059627021136009,0,0.1446078431372549
originals,0.04,0.6059627021136009,1,0.36563599798893914
originals,0.04,0.6059627021136009,2,0.43181818181818177
originals,0.04,0.6059627021136009,3,0.26111111111111107
originals,0.04,0.778436061673405,0,0.14540816326530612
originals,0.04,0.778436061673405,1,0.3608378870673952
originals,0.04,0.778436061673405,2,0.48115942028985503
originals,0.04,0.778436061673405,3,0.2616279069767442
originals,0.04,1.0,0,0.14772727272727273
originals,0.04,1.0,1,0.3585480093676815
originals,0.04,1.0,2,0.42211328976034856
originals,0.04,1.0,3,0.290436005625879
originals,0.04,2.0,0,0.14772727272727273
originals,0.04,2.0,1,0.3564213564213564
originals,0.04,2.0,2,0.4106280193236715
originals,0.04,2.0,3,0.31886792452830187
originals,0.04,3.0,0,0.14772727272727273
originals,0.04,3.0,1,0.3595334685598377
originals,0.04,3.0,2,0.4087301587301587
originals,0.04,3.0,3,0.358974358974359
originals,0.04,10.0,0,0.13846153846153847
originals,0.04,10.0,1,0.40826330532212884
originals,0.04,10.0,2,0.37976382179280727
originals,0.04,10.0,3,0.2392253136933988
originals,0.045,0.003,0,0.14386792452830188
originals,0.045,0.003,1,0.4023188405797101
originals,0.045,0.003,2,0.39285714285714285
originals,0.045,0.003,3,0.23714759535655058
originals,0.045,0.005,0,0.14386792452830188
originals,0.045,0.005,1,0.4023188405797101
originals,0.045,0.005,2,0.39285714285714285
originals,0.045,0.005,3,0.24242424242424243
originals,0.045,0.01,0,0.14386792452830188
originals,0.045,0.01,1,0.39814814814814814
originals,0.045,0.01,2,0.39849624060150374
originals,0.045,0.01,3,0.24176548089591568
originals,0.045,0.02,0,0.14386792452830188
originals,0.045,0.02,1,0.39028275587415373
originals,0.045,0.02,2,0.3950191570881226
originals,0.045,0.02,3,0.262987012987013
originals,0.045,0.03,0,0.14386792452830188
originals,0.045,0.03,1,0.380718954248366
originals,0.045,0.03,2,0.38575498575498574
originals,0.045,0.03,3,0.2620481927710843
originals,0.045,0.038538810670601456,0,0.14423076923076922
originals,0.045,0.038538810670601456,1,0.3786967418546366
originals,0.045,0.038538810670601456,2,0.38507625272331153
originals,0.045,0.038538810670601456,3,0.2614942528735632
originals,0.045,0.049507997596815526,0,0.14423076923076922
originals,0.045,0.049507997596815526,1,0.37766714082503555
originals,0.045,0.049507997596815526,2,0.3855218855218855
originals,0.045,0.049507997596815526,3,0.2614942528735632
originals,0.045,0.06359931153547553,0,0.14351851851851852
originals,0.045,0.06359931153547553,1,0.3765182186234818
originals,0.045,0.06359931153547553,2,0.38575498575498574
originals,0.045,0.06359931153547553,3,0.26136363636363635
originals,0.045,0.08170139420154304,0,0.14386792452830188
originals,0.045,0.08170139420154304,1,0.3765182186234818
originals,0.045,0.08170139420154304,2,0.38575498575498574
originals,0.045,0.08170139420154304,3,0.26136363636363635
originals,0.045,0.10495581875524816,0,0.14386792452830188
originals,0.045,0.10495581875524816,1,0.3765182186234818
originals,0.045,0.10495581875524816,2,0.3877005347593583
originals,0.045,0.10495581875524816,3,0.2521043771043771
originals,0.045,0.1348290809262157,0,0.14386792452830188
originals,0.045,0.1348290809262157,1,0.37481759432978945
originals,0.045,0.1348290809262157,2,0.3958777540867093
originals,0.045,0.1348290809262157,3,0.25223499361430396
originals,0.045,0.17320508075688773,0,0.14386792452830188
originals,0.045,0.17320508075688773,1,0.37481759432978945
originals,0.045,0.17320508075688773,2,0.40404040404040403
originals,0.045,0.17320508075688773,3,0.25223499361430396
originals,0.045,0.2225039271491978,0,0.14386792452830188
originals,0.045,0.2225039271491978,1,0.37526743688489517
originals,0.045,0.2225039271491978,2,0.41538461538461535
originals,0.045,0.2225039271491978,3,0.25223499361430396
originals,0.045,0.2858345573956079,0,0.14423076923076922
originals,0.045,0.2858345573956079,1,0.37526743688489517
originals,0.045,0.2858345573956079,2,0.40886476707372227
originals,0.045,0.2858345573956079,3,0.2521043771043771
originals,0.045,0.3671907963528168,0,0.14386792452830188
originals,0.045,0.3671907963528168,1,0.3728493098884477
originals,0.045,0.3671907963528168,2,0.4144927536231884
originals,0.045,0.3671907963528168,3,0.2521043771043771
originals,0.045,0.47170321935428616,0,0.14386792452830188
originals,0.045,0.47170321935428616,1,0.36792589376176
originals,0.045,0.47170321935428616,2,0.4313725490196078
originals,0.045,0.47170321935428616,3,0.2519766957969205
originals,0.045,0.6059627021136009,0,0.1446078431372549
originals,0.045,0.6059627021136009,1,0.36409376786735276
originals,0.045,0.6059627021136009,2,0.44285714285714284
originals,0.045,0.6059627021136009,3,0.26098901098901095
originals,0.045,0.778436061673405,0,0.14540816326530612
originals,0.045,0.778436061673405,1,0.3608378870673952
originals,0.045,0.778436061673405,2,0.45893719806763283
originals,0.045,0.778436061673405,3,0.26136363636363635
originals,0.045,1.0,0,0.14772727272727273
originals,0.045,1.0,1,0.3585480093676815
originals,0.045,1.0,2,0.42211328976034856
originals,0.045,1.0,3,0.290436005625879
originals,0.045,2.0,0,0.14772727272727273
originals,0.045,2.0,1,0.3564213564213564
originals,0.045,2.0,2,0.4106280193236715
originals,0.045,2.0,3,0.31886792452830187
originals,0.045,3.0,0,0.14772727272727273
originals,0.045,3.0,1,0.3595334685598377
originals,0.045,3.0,2,0.4087301587301587
originals,0.045,3.0,3,0.358974358974359
originals,0.045,10.0,0,0.13846153846153847
originals,0.045,10.0,1,0.40826330532212884
originals,0.045,10.0,2,0.37976382179280727
originals,0.045,10.0,3,0.2392253136933988
originals,0.05,0.003,0,0.14351851851851852
originals,0.05,0.003,1,0.38927738927738925
originals,0.05,0.003,2,0.39629629629629626
originals,0.05,0.003,3,0.24176548089591568
originals,0.05,0.005,0,0.14351851851851852
originals,0.05,0.005,1,0.3874458874458874
originals,0.05,0.005,2,0.39664570230607965
originals,0.05,0.005,3,0.2413572343149808
originals,0.05,0.01,0,0.14351851851851852
originals,0.05,0.01,1,0.38662486938349006
originals,0.05,0.01,2,0.3950191570881226
originals,0.05,0.01,3,0.2635135135135135
originals,0.05,0.02,0,0.14285714285714285
originals,0.05,0.02,1,0.3875718390804598
originals,0.05,0.02,2,0.390625
originals,0.05,0.02,3,0.2621951219512195
originals,0.05,0.03,0,0.1425438596491228
originals,0.05,0.03,1,0.38662486938349006
originals,0.05,0.03,2,0.3852957435046987
originals,0.05,0.03,3,0.2616279069767442
originals,0.05,0.038538810670601456,0,0.14285714285714285
originals,0.05,0.038538810670601456,1,0.3754273504273504
originals,0.05,0.038538810670601456,2,0.3852957435046987
originals,0.05,0.038538810670601456,3,0.26111111111111107
originals,0.05,0.049507997596815526,0,0.14285714285714285
originals,0.05,0.049507997596815526,1,0.3754273504273504
originals,0.05,0.049507997596815526,2,0.3855218855218855
originals,0.05,0.049507997596815526,3,0.26098901098901095
originals,0.05,0.06359931153547553,0,0.1431818181818182
originals,0.05,0.06359931153547553,1,0.3754273504273504
originals,0.05,0.06359931153547553,2,0.3877005347593583
originals,0.05,0.06359931153547553,3,0.26098901098901095
originals,0.05,0.08170139420154304,0,0.14386792452830188
originals,0.05,0.08170139420154304,1,0.3754273504273504
originals,0.05,0.08170139420154304,2,0.39015151515151514
originals,0.05,0.08170139420154304,3,0.26098901098901095
originals,0.05,0.10495581875524816,0,0.14386792452830188
originals,0.05,0.10495581875524816,1,0.37340301974448314
originals,0.05,0.10495581875524816,2,0.39610389610389607
originals,0.05,0.10495581875524816,3,0.26098901098901095
originals,0.05,0.1348290809262157,0,0.14386792452830188
originals,0.05,0.1348290809262157,1,0.37246216315983754
originals,0.05,0.1348290809262157,2,0.40404040404040403
originals,0.05,0.1348290809262157,3,0.26098901098901095
originals,0.05,0.17320508075688773,0,0.14386792452830188
originals,0.05,0.17320508075688773,1,0.37142857142857144
originals,0.05,0.17320508075688773,2,0.4042735042735043
originals,0.05,0.17320508075688773,3,0.25161030595813205
originals,0.05,0.2225039271491978,0,0.1446078431372549
originals,0.05,0.2225039271491978,1,0.3701138050470064
originals,0.05,0.2225039271491978,2,0.4042735042735043
originals,0.05,0.2225039271491978,3,0.2517297517297517
originals,0.05,0.2858345573956079,0,0.145
originals,0.05,0.2858345573956079,1,0.3688930117501546
originals,0.05,0.2858345573956079,2,0.4093240093240093
originals,0.05,0.2858345573956079,3,0.2518518518518518
originals,0.05,0.3671907963528168,0,0.14386792452830188
originals,0.05,0.3671907963528168,1,0.3668300653594771
originals,0.05,0.3671907963528168,2,0.4144927536231884
originals,0.05,0.3671907963528168,3,0.2519766957969205
originals,0.05,0.47170321935428616,0,0.1431818181818182
originals,0.05,0.47170321935428616,1,0.364010989010989
originals,0.05,0.47170321935428616,2,0.4216931216931217
originals,0.05,0.47170321935428616,3,0.2517297517297517
originals,0.05,0.6059627021136009,0,0.145
originals,0.05,0.6059627021136009,1,0.3633116883116883
originals,0.05,0.6059627021136009,2,0.44285714285714284
originals,0.05,0.6059627021136009,3,0.260752688172043
originals,0.05,0.778436061673405,0,0.14540816326530612
originals,0.05,0.778436061673405,1,0.36057347670250894
originals,0.05,0.778436061673405,2,0.43075117370892013
originals,0.05,0.778436061673405,3,0.26136363636363635
originals,0.05,1.0,0,0.14772727272727273
originals,0.05,1.0,1,0.3585480093676815
originals,0.05,1.0,2,0.42211328976034856
originals,0.05,1.0,3,0.29027777777777775
originals,0.05,2.0,0,0.14772727272727273
originals,0.05,2.0,1,0.3564213564213564
originals,0.05,2.0,2,0.4106280193236715
originals,0.05,2.0,3,0.31886792452830187
originals,0.05,3.0,0,0.14772727272727273
originals,0.05,3.0,1,0.3595334685598377
originals,0.05,3.0,2,0.4087301587301587
originals,0.05,3.0,3,0.358974358974359
originals,0.05,10.0,0,0.13846153846153847
originals,0.05,10.0,1,0.40826330532212884
originals,0.05,10.0,2,0.37976382179280727
originals,0.05,10.0,3,0.2392253136933988
originals,0.055,0.003,0,0.1431818181818182
originals,0.055,0.003,1,0.383578431372549
originals,0.055,0.003,2,0.3950191570881226
originals,0.055,0.003,3,0.25425425425425424
originals,0.055,0.005,0,0.14224137931034483
originals,0.055,0.005,1,0.3827380952380952
originals,0.055,0.005,2,0.39472693032015066
originals,0.055,0.005,3,0.2631578947368421
originals,0.055,0.01,0,0.1419491525423729
originals,0.055,0.01,1,0.3819444444444444
originals,0.055,0.01,2,0.3941712204007286
originals,0.055,0.01,3,0.262987012987013
originals,0.055,0.02,0,0.1425438596491228
originals,0.055,0.02,1,0.3829471182412359
originals,0.055,0.02,2,0.38867805186590765
originals,0.055,0.02,3,0.2620481927710843
originals,0.055,0.03,0,0.1425438596491228
originals,0.055,0.03,1,0.3896551724137931
originals,0.055,0.03,2,0.3862433862433862
originals,0.055,0.03,3,0.2608695652173913
originals,0.055,0.038538810670601456,0,0.1425438596491228
originals,0.055,0.038538810670601456,1,0.3815126050420168
originals,0.055,0.038538810670601456,2,0.38599537037037035
originals,0.055,0.038538810670601456,3,0.2608695652173913
originals,0.055,0.049507997596815526,0,0.14351851851851852
originals,0.055,0.049507997596815526,1,0.3765182186234818
originals,0.055,0.049507997596815526,2,0.3852957435046987
originals,0.055,0.049507997596815526,3,0.260752688172043
originals,0.055,0.06359931153547553,0,0.14351851851851852
originals,0.055,0.06359931153547553,1,0.3738095238095238
originals,0.055,0.06359931153547553,2,0.39015151515151514
originals,0.055,0.06359931153547553,3,0.260752688172043
originals,0.055,0.08170139420154304,0,0.14386792452830188
originals,0.055,0.08170139420154304,1,0.37340301974448314
originals,0.055,0.08170139420154304,2,0.39316239316239315
originals,0.055,0.08170139420154304,3,0.260752688172043
originals,0.055,0.10495581875524816,0,0.14386792452830188
originals,0.055,0.10495581875524816,1,0.3727272727272727
originals,0.055,0.10495581875524816,2,0.39610389610389607
originals,0.055,0.10495581875524816,3,0.26052631578947366
originals,0.055,0.1348290809262157,0,0.14423076923076922
originals,0.055,0.1348290809262157,1,0.3715644820295983
originals,0.055,0.1348290809262157,2,0.3997668997668997
originals,0.055,0.1348290809262157,3,0.2606382978723404
originals,0.055,0.17320508075688773,0,0.14423076923076922
originals,0.055,0.17320508075688773,1,0.3715644820295983
originals,0.055,0.17320508075688773,2,0.40381426202321724
originals,0.055,0.17320508075688773,3,0.2606382978723404
originals,0.055,0.2225039271491978,0,0.145
originals,0.055,0.2225039271491978,1,0.3707070707070707
originals,0.055,0.2225039271491978,2,0.399540757749713
originals,0.055,0.2225039271491978,3,0.260752688172043
originals,0.055,0.2858345573956079,0,0.14540816326530612
originals,0.055,0.2858345573956079,1,0.36763038548752835
originals,0.055,0.2858345573956079,2,0.40404040404040403
originals,0.055,0.2858345573956079,3,0.2517297517297517
originals,0.055,0.3671907963528168,0,0.1446078431372549
originals,0.055,0.3671907963528168,1,0.3658974358974359
originals,0.055,0.3671907963528168,2,0.40886476707372227
originals,0.055,0.3671907963528168,3,0.2518518518518518
originals,0.055,0.47170321935428616,0,0.14627659574468085
originals,0.055,0.47170321935428616,1,0.3633116883116883
originals,0.055,0.47170321935428616,2,0.41388888888888886
originals,0.055,0.47170321935428616,3,0.2514934289127837
originals,0.055,0.6059627021136009,0,0.1467391304347826
originals,0.055,0.6059627021136009,1,0.3614942528735632
originals,0.055,0.6059627021136009,2,0.4135135135135135
originals,0.055,0.6059627021136009,3,0.260752688172043
originals,0.055,0.778436061673405,0,0.14583333333333334
originals,0.055,0.778436061673405,1,0.3603174603174603
originals,0.055,0.778436061673405,2,0.4212962962962963
originals,0.055,0.778436061673405,3,0.26123595505617975
originals,0.055,1.0,0,0.14772727272727273
originals,0.055,1.0,1,0.3585480093676815
originals,0.055,1.0,2,0.42211328976034856
originals,0.055,1.0,3,0.29027777777777775
originals,0.055,2.0,0,0.14772727272727273
originals,0.055,2.0,1,0.3564213564213564
originals,0.055,2.0,2,0.4106280193236715
originals,0.055,2.0,3,0.31886792452830187
originals,0.055,3.0,0,0.14772727272727273
originals,0.055,3.0,1,0.3595334685598377
originals,0.055,3.0,2,0.4087301587301587
originals,0.055,3.0,3,0.358974358974359
originals,0.055,10.0,0,0.13846153846153847
originals,0.055,10.0,1,0.40826330532212884
originals,0.055,10.0,2,0.37976382179280727
originals,0.055,10.0,3,0.2392253136933988
originals,0.06,0.003,0,0.1419491525423729
originals,0.06,0.003,1,0.3819444444444444
originals,0.06,0.003,2,0.3950191570881226
originals,0.06,0.003,3,0.2631578947368421
originals,0.06,0.005,0,0.1419491525423729
originals,0.06,0.005,1,0.3819444444444444
originals,0.06,0.005,2,0.39444444444444443
originals,0.06,0.005,3,0.262987012987013
originals,0.06,0.01,0,0.14166666666666666
originals,0.06,0.01,1,0.3827380952380952
originals,0.06,0.01,2,0.3913934426229508
originals,0.06,0.01,3,0.2628205128205128
originals,0.06,0.02,0,0.1413934426229508
originals,0.06,0.02,1,0.3829471182412359
originals,0.06,0.02,2,0.3862433862433862
originals,0.06,0.02,3,0.26136363636363635
originals,0.06,0.03,0,0.1411290322580645
originals,0.06,0.03,1,0.3794079794079794
originals,0.06,0.03,2,0.3862433862433862
originals,0.06,0.03,3,0.260752688172043
originals,0.06,0.038538810670601456,0,0.1411290322580645
originals,0.06,0.038538810670601456,1,0.3765182186234818
originals,0.06,0.038538810670601456,2,0.38575498575498574
originals,0.06,0.038538810670601456,3,0.2606382978723404
originals,0.06,0.049507997596815526,0,0.1411290322580645
originals,0.06,0.049507997596815526,1,0.3738095238095238
originals,0.06,0.049507997596815526,2,0.3903846153846154
originals,0.06,0.049507997596815526,3,0.26052631578947366
originals,0.06,0.06359931153547553,0,0.1411290322580645
originals,0.06,0.06359931153547553,1,0.37423687423687424
originals,0.06,0.06359931153547553,2,0.39316239316239315
originals,0.06,0.06359931153547553,3,0.26041666666666663
originals,0.06,0.08170139420154304,0,0.14166666666666666
originals,0.06,0.08170139420154304,1,0.37360446570972883
originals,0.06,0.08170139420154304,2,0.3929292929292929
originals,0.06,0.08170139420154304,3,0.26052631578947366
originals,0.06,0.10495581875524816,0,0.1425438596491228
originals,0.06,0.10495581875524816,1,0.37232076866223207
originals,0.06,0.10495581875524816,2,0.3929292929292929
originals,0.06,0.10495581875524816,3,0.2603092783505154
originals,0.06,0.1348290809262157,0,0.14386792452830188
originals,0.06,0.1348290809262157,1,0.3715644820295983
originals,0.06,0.1348290809262157,2,0.39316239316239315
originals,0.06,0.1348290809262157,3,0.26041666666666663
originals,0.06,0.17320508075688773,0,0.14423076923076922
originals,0.06,0.17320508075688773,1,0.3705763397371082
originals,0.06,0.17320508075688773,2,0.39316239316239315
originals,0.06,0.17320508075688773,3,0.26041666666666663
originals,0.06,0.2225039271491978,0,0.1446078431372549
originals,0.06,0.2225039271491978,1,0.3702239789196311
originals,0.06,0.2225039271491978,2,0.39340277777777777
originals,0.06,0.2225039271491978,3,0.260752688172043
originals,0.06,0.2858345573956079,0,0.14583333333333334
originals,0.06,0.2858345573956079,1,0.3682342502218279
originals,0.06,0.2858345573956079,2,0.40404040404040403
originals,0.06,0.2858345573956079,3,0.26098901098901095
originals,0.06,0.3671907963528168,0,0.14583333333333334
originals,0.06,0.3671907963528168,1,0.36627450980392157
originals,0.06,0.3671907963528168,2,0.4086452762923351
originals,0.06,0.3671907963528168,3,0.26098901098901095
originals,0.06,0.47170321935428616,0,0.1467391304347826
originals,0.06,0.47170321935428616,1,0.3633116883116883
originals,0.06,0.47170321935428616,2,0.41369863013698627
originals,0.06,0.47170321935428616,3,0.2608695652173913
originals,0.06,0.6059627021136009,0,0.14722222222222223
originals,0.06,0.6059627021136009,1,0.3612994350282486
originals,0.06,0.6059627021136009,2,0.41369863013698627
originals,0.06,0.6059627021136009,3,0.2606382978723404
originals,0.06,0.778436061673405,0,0.14722222222222223
originals,0.06,0.778436061673405,1,0.3602577683615819
originals,0.06,0.778436061673405,2,0.4211060375443937
originals,0.06,0.778436061673405,3,0.26123595505617975
originals,0.06,1.0,0,0.14772727272727273
originals,0.06,1.0,1,0.3583717357910906
originals,0.06,1.0,2,0.41470588235294115
originals,0.06,1.0,3,0.29027777777777775
originals,0.06,2.0,0,0.14772727272727273
originals,0.06,2.0,1,0.3564213564213564
originals,0.06,2.0,2,0.4106280193236715
originals,0.06,2.0,3,0.31886792452830187
originals,0.06,3.0,0,0.14772727272727273
originals,0.06,3.0,1,0.3595334685598377
originals,0.06,3.0,2,0.4087301587301587
originals,0.06,3.0,3,0.358974358974359
originals,0.06,10.0,0,0.13846153846153847
originals,0.06,10.0,1,0.40826330532212884
originals,0.06,10.0,2,0.37976382179280727
originals,0.06,10.0,3,0.2392253136933988
originals,0.065,0.003,0,0.14166666666666666
originals,0.065,0.003,1,0.3842504743833017
originals,0.065,0.003,2,0.39285714285714285
originals,0.065,0.003,3,0.27489177489177485
originals,0.065,0.005,0,0.14166666666666666
originals,0.065,0.005,1,0.383578431372549
originals,0.065,0.005,2,0.39285714285714285
originals,0.065,0.005,3,0.27489177489177485
originals,0.065,0.01,0,0.1413934426229508
originals,0.065,0.01,1,0.3829471182412359
originals,0.065,0.01,2,0.38791423001949316
originals,0.065,0.01,3,0.2747252747252747
originals,0.065,0.02,0,0.1411290322580645
originals,0.065,0.02,1,0.37925696594427244
originals,0.065,0.02,2,0.38649940262843485
originals,0.065,0.02,3,0.2736694677871149
originals,0.065,0.03,0,0.1411290322580645
originals,0.065,0.03,1,0.37587719298245614
originals,0.065,0.03,2,0.38599537037037035
originals,0.065,0.03,3,0.260752688172043
originals,0.065,0.038538810670601456,0,0.1411290322580645
originals,0.065,0.038538810670601456,1,0.37423687423687424
originals,0.065,0.038538810670601456,2,0.38817401960784315
originals,0.065,0.038538810670601456,3,0.26041666666666663
originals,0.065,0.049507997596815526,0,0.1411290322580645
originals,0.065,0.049507997596815526,1,0.37423687423687424
originals,0.065,0.049507997596815526,2,0.390625
originals,0.065,0.049507997596815526,3,0.2602040816326531
originals,0.065,0.06359931153547553,0,0.1411290322580645
originals,0.065,0.06359931153547553,1,0.3741330069359445
originals,0.065,0.06359931153547553,2,0.39340277777777777
originals,0.065,0.06359931153547553,3,0.2603092783505154
originals,0.065,0.08170139420154304,0,0.1411290322580645
originals,0.065,0.08170139420154304,1,0.3731546231546231
originals,0.065,0.08170139420154304,2,0.39316239316239315
originals,0.065,0.08170139420154304,3,0.2601010101010101
originals,0.065,0.10495581875524816,0,0.1413934426229508
originals,0.065,0.10495581875524816,1,0.3719336219336219
originals,0.065,0.10495581875524816,2,0.3929292929292929
originals,0.065,0.10495581875524816,3,0.2602040816326531
originals,0.065,0.1348290809262157,0,0.1425438596491228
originals,0.065,0.1348290809262157,1,0.3710594315245478
originals,0.065,0.1348290809262157,2,0.3929292929292929
originals,0.065,0.1348290809262157,3,0.2602040816326531
originals,0.065,0.17320508075688773,0,0.14351851851851852
originals,0.065,0.17320508075688773,1,0.3705763397371082
originals,0.065,0.17320508075688773,2,0.39340277777777777
originals,0.065,0.17320508075688773,3,0.2602040816326531
originals,0.065,0.2225039271491978,0,0.14386792452830188
originals,0.065,0.2225039271491978,1,0.36976144422952933
originals,0.065,0.2225039271491978,2,0.39316239316239315
originals,0.065,0.2225039271491978,3,0.26041666666666663
originals,0.065,0.2858345573956079,0,0.1446078431372549
originals,0.065,0.2858345573956079,1,0.36855631141345424
originals,0.065,0.2858345573956079,2,0.39248366013071895
originals,0.065,0.2858345573956079,3,0.260752688172043
originals,0.065,0.3671907963528168,0,0.1467391304347826
originals,0.065,0.3671907963528168,1,0.36654661864745897
originals,0.065,0.3671907963528168,2,0.39544513457556935
originals,0.065,0.3671907963528168,3,0.2608695652173913
originals,0.065,0.47170321935428616,0,0.1467391304347826
originals,0.065,0.47170321935428616,1,0.3629203916560238
originals,0.065,0.47170321935428616,2,0.41428571428571426
originals,0.065,0.47170321935428616,3,0.2608695652173913
originals,0.065,0.6059627021136009,0,0.14722222222222223
originals,0.065,0.6059627021136009,1,0.3609566184649611
originals,0.065,0.6059627021136009,2,0.4135135135135135
originals,0.065,0.6059627021136009,3,0.260752688172043
originals,0.065,0.778436061673405,0,0.14825581395348836
originals,0.065,0.778436061673405,1,0.3604525862068965
originals,0.065,0.778436061673405,2,0.4211060375443937
originals,0.065,0.778436061673405,3,0.27289377289377287
originals,0.065,1.0,0,0.14772727272727273
originals,0.065,1.0,1,0.3579998509575974
originals,0.065,1.0,2,0.4144927536231884
originals,0.065,1.0,3,0.2901234567901234
originals,0.065,2.0,0,0.14772727272727273
originals,0.065,2.0,1,0.3564213564213564
originals,0.065,2.0,2,0.4106280193236715
originals,0.065,2.0,3,0.31886792452830187
originals,0.065,3.0,0,0.14772727272727273
originals,0.065,3.0,1,0.3595334685598377
originals,0.065,3.0,2,0.4087301587301587
originals,0.065,3.0,3,0.358974358974359
originals,0.065,10.0,0,0.13846153846153847
originals,0.065,10.0,1,0.40826330532212884
originals,0.065,10.0,2,0.37976382179280727
originals,0.065,10.0,3,0.2392253136933988
originals,0.07,0.003,0,0.1413934426229508
originals,0.07,0.003,1,0.38662486938349006
originals,0.07,0.003,2,0.3931818181818182
originals,0.07,0.003,3,0.27489177489177485
originals,0.07,0.005,0,0.1413934426229508
originals,0.07,0.005,1,0.3849673202614379
originals,0.07,0.005,2,0.39073083778966133
originals,0.07,0.005,3,0.27489177489177485
originals,0.07,0.01,0,0.1413934426229508
originals,0.07,0.01,1,0.3819444444444444
originals,0.07,0.01,2,0.39073083778966133
originals,0.07,0.01,3,0.27489177489177485
originals,0.07,0.02,0,0.1411290322580645
originals,0.07,0.02,1,0.37635135135135134
originals,0.07,0.02,2,0.387037037037037
originals,0.07,0.02,3,0.2740998838559814
originals,0.07,0.03,0,0.1411290322580645
originals,0.07,0.03,1,0.37635135135135134
originals,0.07,0.03,2,0.38842203548085896
originals,0.07,0.03,3,0.27380952380952384
originals,0.07,0.038538810670601456,0,0.1413934426229508
originals,0.07,0.038538810670601456,1,0.37468671679197996
originals,0.07,0.038538810670601456,2,0.38817401960784315
originals,0.07,0.038538810670601456,3,0.27289377289377287
originals,0.07,0.049507997596815526,0,0.1413934426229508
originals,0.07,0.049507997596815526,1,0.3730994152046784
originals,0.07,0.049507997596815526,2,0.3877005347593583
originals,0.07,0.049507997596815526,3,0.2606382978723404
originals,0.07,0.06359931153547553,0,0.1413934426229508
originals,0.07,0.06359931153547553,1,0.3730994152046784
originals,0.07,0.06359931153547553,2,0.38992537313432835
originals,0.07,0.06359931153547553,3,0.27232142857142855
originals,0.07,0.08170139420154304,0,0.1413934426229508
originals,0.07,0.08170139420154304,1,0.37264957264957266
originals,0.07,0.08170139420154304,2,0.38992537313432835
originals,0.07,0.08170139420154304,3,0.2602040816326531
originals,0.07,0.10495581875524816,0,0.1419491525423729
originals,0.07,0.10495581875524816,1,0.37142857142857144
originals,0.07,0.10495581875524816,2,0.38992537313432835
originals,0.07,0.10495581875524816,3,0.2602040816326531
originals,0.07,0.1348290809262157,0,0.14224137931034483
originals,0.07,0.1348290809262157,1,0.3705763397371082
originals,0.07,0.1348290809262157,2,0.39316239316239315
originals,0.07,0.1348290809262157,3,0.2602040816326531
originals,0.07,0.17320508075688773,0,0.14285714285714285
originals,0.07,0.17320508075688773,1,0.3705763397371082
originals,0.07,0.17320508075688773,2,0.3927031509121061
originals,0.07,0.17320508075688773,3,0.2602040816326531
originals,0.07,0.2225039271491978,0,0.14351851851851852
originals,0.07,0.2225039271491978,1,0.36976144422952933
originals,0.07,0.2225039271491978,2,0.39316239316239315
originals,0.07,0.2225039271491978,3,0.2603092783505154
originals,0.07,0.2858345573956079,0,0.145
originals,0.07,0.2858345573956079,1,0.36855631141345424
originals,0.07,0.2858345573956079,2,0.3929292929292929
originals,0.07,0.2858345573956079,3,0.26052631578947366
originals,0.07,0.3671907963528168,0,0.1467391304347826
originals,0.07,0.3671907963528168,1,0.3663856550247558
originals,0.07,0.3671907963528168,2,0.3958777540867093
originals,0.07,0.3671907963528168,3,0.2608695652173913
originals,0.07,0.47170321935428616,0,0.1467391304347826
originals,0.07,0.47170321935428616,1,0.36310299869621904
originals,0.07,0.47170321935428616,2,0.39932126696832576
originals,0.07,0.47170321935428616,3,0.260752688172043
originals,0.07,0.6059627021136009,0,0.14722222222222223
originals,0.07,0.6059627021136009,1,0.36065423976608185
originals,0.07,0.6059627021136009,2,0.4080239009816474
originals,0.07,0.6059627021136009,3,0.260752688172043
originals,0.07,0.778436061673405,0,0.14825581395348836
originals,0.07,0.778436061673405,1,0.3599791013584117
originals,0.07,0.778436061673405,2,0.41388888888888886
originals,0.07,0.778436061673405,3,0.27289377289377287
originals,0.07,1.0,0,0.14825581395348836
originals,0.07,1.0,1,0.3579998509575974
originals,0.07,1.0,2,0.41428571428571426
originals,0.07,1.0,3,0.2901234567901234
originals,0.07,2.0,0,0.14772727272727273
originals,0.07,2.0,1,0.3564213564213564
originals,0.07,2.0,2,0.4106280193236715
originals,0.07,2.0,3,0.31886792452830187
originals,0.07,3.0,0,0.14772727272727273
originals,0.07,3.0,1,0.3595334685598377
originals,0.07,3.0,2,0.4087301587301587
originals,0.07,3.0,3,0.358974358974359
originals,0.07,10.0,0,0.13846153846153847
originals,0.07,10.0,1,0.40826330532212884
originals,0.07,10.0,2,0.37976382179280727
originals,0.07,10.0,3,0.2392253136933988
originals,0.075,0.003,0,0.1419491525423729
originals,0.075,0.003,1,0.38940092165898615
originals,0.075,0.003,2,0.39285714285714285
originals,0.075,0.003,3,0.275062656641604
originals,0.075,0.005,0,0.1419491525423729
originals,0.075,0.005,1,0.38573360378634214
originals,0.075,0.005,2,0.3938679245283019
originals,0.075,0.005,3,0.275062656641604
originals,0.075,0.01,0,0.1419491525423729
originals,0.075,0.01,1,0.37887887887887883
originals,0.075,0.01,2,0.3931818181818182
originals,0.075,0.01,3,0.27489177489177485
originals,0.075,0.02,0,0.1425438596491228
originals,0.075,0.02,1,0.3754273504273504
originals,0.075,0.02,2,0.389498172150216
originals,0.075,0.02,3,0.27380952380952384
originals,0.075,0.03,0,0.1425438596491228
originals,0.075,0.03,1,0.3754273504273504
originals,0.075,0.03,2,0.38842203548085896
originals,0.075,0.03,3,0.2736694677871149
originals,0.075,0.038538810670601456,0,0.14285714285714285
originals,0.075,0.038538810670601456,1,0.37516087516087515
originals,0.075,0.038538810670601456,2,0.3879336349924585
originals,0.075,0.038538810670601456,3,0.27326839826839827
originals,0.075,0.049507997596815526,0,0.14285714285714285
originals,0.075,0.049507997596815526,1,0.37460716530483973
originals,0.075,0.049507997596815526,2,0.3877005347593583
originals,0.075,0.049507997596815526,3,0.27289377289377287
originals,0.075,0.06359931153547553,0,0.1425438596491228
originals,0.075,0.06359931153547553,1,0.37264957264957266
originals,0.075,0.06359931153547553,2,0.38725490196078427
originals,0.075,0.06359931153547553,3,0.27265745007680486
originals,0.075,0.08170139420154304,0,0.1425438596491228
originals,0.075,0.08170139420154304,1,0.37264957264957266
originals,0.075,0.08170139420154304,2,0.38725490196078427
originals,0.075,0.08170139420154304,3,0.26052631578947366
originals,0.075,0.10495581875524816,0,0.14285714285714285
originals,0.075,0.10495581875524816,1,0.37173913043478257
originals,0.075,0.10495581875524816,2,0.3870417732310315
originals,0.075,0.10495581875524816,3,0.26052631578947366
originals,0.075,0.1348290809262157,0,0.1431818181818182
originals,0.075,0.1348290809262157,1,0.3705763397371082
originals,0.075,0.1348290809262157,2,0.38445487741262385
originals,0.075,0.1348290809262157,3,0.2724310776942356
originals,0.075,0.17320508075688773,0,0.1431818181818182
originals,0.075,0.17320508075688773,1,0.3701138050470064
originals,0.075,0.17320508075688773,2,0.38663352665009665
originals,0.075,0.17320508075688773,3,0.2727743271221532
originals,0.075,0.2225039271491978,0,0.1431818181818182
originals,0.075,0.2225039271491978,1,0.3701138050470064
originals,0.075,0.2225039271491978,2,0.3870417732310315
originals,0.075,0.2225039271491978,3,0.27289377289377287
originals,0.075,0.2858345573956079,0,0.145
originals,0.075,0.2858345573956079,1,0.3681481481481481
originals,0.075,0.2858345573956079,2,0.3927031509121061
originals,0.075,0.2858345573956079,3,0.2724310776942356
originals,0.075,0.3671907963528168,0,0.14627659574468085
originals,0.075,0.3671907963528168,1,0.3666940114848236
originals,0.075,0.3671907963528168,2,0.3927031509121061
originals,0.075,0.3671907963528168,3,0.260752688172043
originals,0.075,0.47170321935428616,0,0.1467391304347826
originals,0.075,0.47170321935428616,1,0.3630718954248366
originals,0.075,0.47170321935428616,2,0.39932126696832576
originals,0.075,0.47170321935428616,3,0.2727743271221532
originals,0.075,0.6059627021136009,0,0.1467391304347826
originals,0.075,0.6059627021136009,1,0.36065423976608185
originals,0.075,0.6059627021136009,2,0.4029733959311424
originals,0.075,0.6059627021136009,3,0.2727743271221532
originals,0.075,0.778436061673405,0,0.14825581395348836
originals,0.075,0.778436061673405,1,0.3599546129004102
originals,0.075,0.778436061673405,2,0.41388888888888886
originals,0.075,0.778436061673405,3,0.289272030651341
originals,0.075,1.0,0,0.14825581395348836
originals,0.075,1.0,1,0.3583468021242207
originals,0.075,1.0,2,0.4144927536231884
originals,0.075,1.0,3,0.2899728997289973
originals,0.075,2.0,0,0.14772727272727273
originals,0.075,2.0,1,0.3564213564213564
originals,0.075,2.0,2,0.4106280193236715
originals,0.075,2.0,3,0.31886792452830187
originals,0.075,3.0,0,0.14772727272727273
originals,0.075,3.0,1,0.3595334685598377
originals,0.075,3.0,2,0.4087301587301587
originals,0.075,3.0,3,0.358974358974359
originals,0.075,10.0,0,0.13846153846153847
originals,0.075,10.0,1,0.40826330532212884
originals,0.075,10.0,2,0.37976382179280727
originals,0.075,10.0,3,0.2392253136933988
originals,0.08,0.003,0,0.1425438596491228
originals,0.08,0.003,1,0.38940092165898615
originals,0.08,0.003,2,0.39629629629629626
originals,0.08,0.003,3,0.275062656641604
originals,0.08,0.005,0,0.1425438596491228
originals,0.08,0.005,1,0.38662486938349006
originals,0.08,0.005,2,0.3956349206349206
originals,0.08,0.005,3,0.275062656641604
originals,0.08,0.01,0,0.1425438596491228
originals,0.08,0.01,1,0.3794079794079794
originals,0.08,0.01,2,0.3953216374269006
originals,0.08,0.01,3,0.27489177489177485
originals,0.08,0.02,0,0.1425438596491228
originals,0.08,0.02,1,0.37587719298245614
originals,0.08,0.02,2,0.3911290322580645
originals,0.08,0.02,3,0.27380952380952384
originals,0.08,0.03,0,0.1425438596491228
originals,0.08,0.03,1,0.37587719298245614
originals,0.08,0.03,2,0.38817401960784315
originals,0.08,0.03,3,0.27353266888150607
originals,0.08,0.038538810670601456,0,0.14285714285714285
originals,0.08,0.038538810670601456,1,0.37566137566137564
originals,0.08,0.038538810670601456,2,0.3879336349924585
originals,0.08,0.038538810670601456,3,0.27326839826839827
originals,0.08,0.049507997596815526,0,0.14285714285714285
originals,0.08,0.049507997596815526,1,0.37516087516087515
originals,0.08,0.049507997596815526,2,0.3870417732310315
originals,0.08,0.049507997596815526,3,0.27289377289377287
originals,0.08,0.06359931153547553,0,0.14285714285714285
originals,0.08,0.06359931153547553,1,0.37360446570972883
originals,0.08,0.06359931153547553,2,0.3868347338935574
originals,0.08,0.06359931153547553,3,0.27289377289377287
originals,0.08,0.08170139420154304,0,0.14351851851851852
originals,0.08,0.08170139420154304,1,0.3731546231546231
originals,0.08,0.08170139420154304,2,0.3868347338935574
originals,0.08,0.08170139420154304,3,0.27289377289377287
originals,0.08,0.10495581875524816,0,0.1431818181818182
originals,0.08,0.10495581875524816,1,0.37173913043478257
originals,0.08,0.10495581875524816,2,0.38663352665009665
originals,0.08,0.10495581875524816,3,0.27289377289377287
originals,0.08,0.1348290809262157,0,0.1431818181818182
originals,0.08,0.1348290809262157,1,0.3708700916796402
originals,0.08,0.1348290809262157,2,0.38406900050735665
originals,0.08,0.1348290809262157,3,0.27314071696094167
originals,0.08,0.17320508075688773,0,0.1431818181818182
originals,0.08,0.17320508075688773,1,0.3708700916796402
originals,0.08,0.17320508075688773,2,0.38388388388388384
originals,0.08,0.17320508075688773,3,0.28914141414141414
originals,0.08,0.2225039271491978,0,0.14386792452830188
originals,0.08,0.2225039271491978,1,0.3700396825396825
originals,0.08,0.2225039271491978,2,0.38553603259485614
originals,0.08,0.2225039271491978,3,0.28901373283395754
originals,0.08,0.2858345573956079,0,0.14423076923076922
originals,0.08,0.2858345573956079,1,0.36705685618729095
originals,0.08,0.2858345573956079,2,0.38606253312135663
originals,0.08,0.2858345573956079,3,0.27289377289377287
originals,0.08,0.3671907963528168,0,0.14627659574468085
originals,0.08,0.3671907963528168,1,0.3656832298136646
originals,0.08,0.3671907963528168,2,0.39186228482003127
originals,0.08,0.3671907963528168,3,0.27289377289377287
originals,0.08,0.47170321935428616,0,0.1467391304347826
originals,0.08,0.47170321935428616,1,0.36279867138112076
originals,0.08,0.47170321935428616,2,0.3983140147523709
originals,0.08,0.47170321935428616,3,0.2727743271221532
originals,0.08,0.6059627021136009,0,0.1467391304347826
originals,0.08,0.6059627021136009,1,0.36086309523809523
originals,0.08,0.6059627021136009,2,0.4027777777777778
originals,0.08,0.6059627021136009,3,0.2727743271221532
originals,0.08,0.778436061673405,0,0.14825581395348836
originals,0.08,0.778436061673405,1,0.35973512211902303
originals,0.08,0.778436061673405,2,0.4080239009816474
originals,0.08,0.778436061673405,3,0.2895424836601307
originals,0.08,1.0,0,0.1488095238095238
originals,0.08,1.0,1,0.35911374680833535
originals,0.08,1.0,2,0.41470588235294115
originals,0.08,1.0,3,0.2901234567901234
originals,0.08,2.0,0,0.14772727272727273
originals,0.08,2.0,1,0.3564213564213564
originals,0.08,2.0,2,0.4106280193236715
originals,0.08,2.0,3,0.31886792452830187
originals,0.08,3.0,0,0.14772727272727273
originals,0.08,3.0,1,0.3595334685598377
originals,0.08,3.0,2,0.4087301587301587
originals,0.08,3.0,3,0.358974358974359
originals,0.08,10.0,0,0.13846153846153847
originals,0.08,10.0,1,0.40826330532212884
originals,0.08,10.0,2,0.37976382179280727
originals,0.08,10.0,3,0.2392253136933988
originals,0.085,0.003,0,0.1425438596491228
originals,0.085,0.003,1,0.38573360378634214
originals,0.085,0.003,2,0.3956349206349206
originals,0.085,0.003,3,0.27489177489177485
originals,0.085,0.005,0,0.1425438596491228
originals,0.085,0.005,1,0.3834101382488479
originals,0.085,0.005,2,0.3953216374269006
originals,0.085,0.005,3,0.27489177489177485
originals,0.085,0.01,0,0.1425438596491228
originals,0.085,0.01,1,0.37766714082503555
originals,0.085,0.01,2,0.39444444444444443
originals,0.085,0.01,3,0.275062656641604
originals,0.085,0.02,0,0.1425438596491228
originals,0.085,0.02,1,0.37587719298245614
originals,0.085,0.02,2,0.390625
originals,0.085,0.02,3,0.27380952380952384
originals,0.085,0.03,0,0.1431818181818182
originals,0.085,0.03,1,0.37460716530483973
originals,0.085,0.03,2,0.3874743927421715
originals,0.085,0.03,3,0.27326839826839827
originals,0.085,0.038538810670601456,0,0.14386792452830188
originals,0.085,0.038538810670601456,1,0.37468671679197996
originals,0.085,0.038538810670601456,2,0.3874743927421715
originals,0.085,0.038538810670601456,3,0.273015873015873
originals,0.085,0.049507997596815526,0,0.14386792452830188
originals,0.085,0.049507997596815526,1,0.37516087516087515
originals,0.085,0.049507997596815526,2,0.38992537313432835
originals,0.085,0.049507997596815526,3,0.27314071696094167
originals,0.085,0.06359931153547553,0,0.14386792452830188
originals,0.085,0.06359931153547553,1,0.37460716530483973
originals,0.085,0.06359931153547553,2,0.3897058823529412
originals,0.085,0.06359931153547553,3,0.27314071696094167
originals,0.085,0.08170139420154304,0,0.14386792452830188
originals,0.085,0.08170139420154304,1,0.3730994152046784
originals,0.085,0.08170139420154304,2,0.38663352665009665
originals,0.085,0.08170139420154304,3,0.27314071696094167
originals,0.085,0.10495581875524816,0,0.14423076923076922
originals,0.085,0.10495581875524816,1,0.37173913043478257
originals,0.085,0.10495581875524816,2,0.38663352665009665
originals,0.085,0.10495581875524816,3,0.27326839826839827
originals,0.085,0.1348290809262157,0,0.14423076923076922
originals,0.085,0.1348290809262157,1,0.37127659574468086
originals,0.085,0.1348290809262157,2,0.38370370370370366
originals,0.085,0.1348290809262157,3,0.27314071696094167
originals,0.085,0.17320508075688773,0,0.14423076923076922
originals,0.085,0.17320508075688773,1,0.37127659574468086
originals,0.085,0.17320508075688773,2,0.38553603259485614
originals,0.085,0.17320508075688773,3,0.28914141414141414
originals,0.085,0.2225039271491978,0,0.14423076923076922
originals,0.085,0.2225039271491978,1,0.3700396825396825
originals,0.085,0.2225039271491978,2,0.3853695324283559
originals,0.085,0.2225039271491978,3,0.28901373283395754
originals,0.085,0.2858345573956079,0,0.14423076923076922
originals,0.085,0.2858345573956079,1,0.3681481481481481
originals,0.085,0.2858345573956079,2,0.3853695324283559
originals,0.085,0.2858345573956079,3,0.27289377289377287
originals,0.085,0.3671907963528168,0,0.145
originals,0.085,0.3671907963528168,1,0.3663446054750402
originals,0.085,0.3671907963528168,2,0.3885135135135135
originals,0.085,0.3671907963528168,3,0.28888888888888886
originals,0.085,0.47170321935428616,0,0.1467391304347826
originals,0.085,0.47170321935428616,1,0.36279867138112076
originals,0.085,0.47170321935428616,2,0.3983140147523709
originals,0.085,0.47170321935428616,3,0.2727743271221532
originals,0.085,0.6059627021136009,0,0.1467391304347826
originals,0.085,0.6059627021136009,1,0.36155202821869487
originals,0.085,0.6059627021136009,2,0.4025875190258752
originals,0.085,0.6059627021136009,3,0.27314071696094167
originals,0.085,0.778436061673405,0,0.14825581395348836
originals,0.085,0.778436061673405,1,0.35973512211902303
originals,0.085,0.778436061673405,2,0.4029733959311424
originals,0.085,0.778436061673405,3,0.28968253968253965
originals,0.085,1.0,0,0.1488095238095238
originals,0.085,1.0,1,0.35911374680833535
originals,0.085,1.0,2,0.4095643939393939
originals,0.085,1.0,3,0.31234567901234567
originals,0.085,2.0,0,0.14772727272727273
originals,0.085,2.0,1,0.3564213564213564
originals,0.085,2.0,2,0.4106280193236715
originals,0.085,2.0,3,0.31886792452830187
originals,0.085,3.0,0,0.14772727272727273
originals,0.085,3.0,1,0.3595334685598377
originals,0.085,3.0,2,0.4087301587301587
originals,0.085,3.0,3,0.358974358974359
originals,0.085,10.0,0,0.13846153846153847
originals,0.085,10.0,1,0.40826330532212884
originals,0.085,10.0,2,0.37976382179280727
originals,0.085,10.0,3,0.2392253136933988
originals,0.09,0.003,0,0.14285714285714285
originals,0.09,0.003,1,0.3848932676518883
originals,0.09,0.003,2,0.39444444444444443
originals,0.09,0.003,3,0.275062656641604
originals,0.09,0.005,0,0.14285714285714285
originals,0.09,0.005,1,0.3826164874551971
originals,0.09,0.005,2,0.3941712204007286
originals,0.09,0.005,3,0.27489177489177485
originals,0.09,0.01,0,0.1431818181818182
originals,0.09,0.01,1,0.3765182186234818
originals,0.09,0.01,2,0.390625
originals,0.09,0.01,3,0.2747252747252747
originals,0.09,0.02,0,0.1431818181818182
originals,0.09,0.02,1,0.37481759432978945
originals,0.09,0.02,2,0.38817401960784315
originals,0.09,0.02,3,0.27380952380952384
originals,0.09,0.03,0,0.14351851851851852
originals,0.09,0.03,1,0.37460716530483973
originals,0.09,0.03,2,0.3874743927421715
originals,0.09,0.03,3,0.27314071696094167
originals,0.09,0.038538810670601456,0,0.14386792452830188
originals,0.09,0.038538810670601456,1,0.3741330069359445
originals,0.09,0.038538810670601456,2,0.3870417732310315
originals,0.09,0.038538810670601456,3,0.273015873015873
originals,0.09,0.049507997596815526,0,0.14386792452830188
originals,0.09,0.049507997596815526,1,0.37460716530483973
originals,0.09,0.049507997596815526,2,0.3870417732310315
originals,0.09,0.049507997596815526,3,0.273015873015873
originals,0.09,0.06359931153547553,0,0.14386792452830188
originals,0.09,0.06359931153547553,1,0.3730994152046784
originals,0.09,0.06359931153547553,2,0.3868347338935574
originals,0.09,0.06359931153547553,3,0.27314071696094167
originals,0.09,0.08170139420154304,0,0.14423076923076922
originals,0.09,0.08170139420154304,1,0.37181571815718156
originals,0.09,0.08170139420154304,2,0.38663352665009665
originals,0.09,0.08170139420154304,3,0.27314071696094167
originals,0.09,0.10495581875524816,0,0.14423076923076922
originals,0.09,0.10495581875524816,1,0.3708700916796402
originals,0.09,0.10495581875524816,2,0.3890845070422535
originals,0.09,0.10495581875524816,3,0.27326839826839827
originals,0.09,0.1348290809262157,0,0.1446078431372549
originals,0.09,0.1348290809262157,1,0.3708700916796402
originals,0.09,0.1348290809262157,2,0.386437908496732
originals,0.09,0.1348290809262157,3,0.27314071696094167
originals,0.09,0.17320508075688773,0,0.14423076923076922
originals,0.09,0.17320508075688773,1,0.3708700916796402
originals,0.09,0.17320508075688773,2,0.38606253312135663
originals,0.09,0.17320508075688773,3,0.28901373283395754
originals,0.09,0.2225039271491978,0,0.14386792452830188
originals,0.09,0.2225039271491978,1,0.3701138050470064
originals,0.09,0.2225039271491978,2,0.38588235294117645
originals,0.09,0.2225039271491978,3,0.27314071696094167
originals,0.09,0.2858345573956079,0,0.14423076923076922
originals,0.09,0.2858345573956079,1,0.3681481481481481
originals,0.09,0.2858345573956079,2,0.38570691434468524
originals,0.09,0.2858345573956079,3,0.27289377289377287
originals,0.09,0.3671907963528168,0,0.1446078431372549
originals,0.09,0.3671907963528168,1,0.3660079051383399
originals,0.09,0.3671907963528168,2,0.3878205128205128
originals,0.09,0.3671907963528168,3,0.28888888888888886
originals,0.09,0.47170321935428616,0,0.1467391304347826
originals,0.09,0.47170321935428616,1,0.3641713747645951
originals,0.09,0.47170321935428616,2,0.39428571428571424
originals,0.09,0.47170321935428616,3,0.310989010989011
originals,0.09,0.6059627021136009,0,0.1467391304347826
originals,0.09,0.6059627021136009,1,0.3618080446037435
originals,0.09,0.6059627021136009,2,0.4022222222222222
originals,0.09,0.6059627021136009,3,0.28914141414141414
originals,0.09,0.778436061673405,0,0.14825581395348836
originals,0.09,0.778436061673405,1,0.3599546129004102
originals,0.09,0.778436061673405,2,0.4031746031746032
originals,0.09,0.778436061673405,3,0.28968253968253965
originals,0.09,1.0,0,0.1488095238095238
originals,0.09,1.0,1,0.35911374680833535
originals,0.09,1.0,2,0.4098124098124098
originals,0.09,1.0,3,0.3125
originals,0.09,2.0,0,0.14772727272727273
originals,0.09,2.0,1,0.3564213564213564
originals,0.09,2.0,2,0.4106280193236715
originals,0.09,2.0,3,0.31886792452830187
originals,0.09,3.0,0,0.14772727272727273
originals,0.09,3.0,1,0.3595334685598377
originals,0.09,3.0,2,0.4087301587301587
originals,0.09,3.0,3,0.358974358974359
originals,0.09,10.0,0,0.13846153846153847
originals,0.09,10.0,1,0.40826330532212884
originals,0.09,10.0,2,0.37976382179280727
originals,0.09,10.0,3,0.2392253136933988
originals,0.095,0.003,0,0.14285714285714285
originals,0.095,0.003,1,0.3819444444444444
originals,0.095,0.003,2,0.39657738095238093
originals,0.095,0.003,3,0.2633333333333333
originals,0.095,0.005,0,0.14285714285714285
originals,0.095,0.005,1,0.38056238056238056
originals,0.095,0.005,2,0.3963369963369963
originals,0.095,0.005,3,0.2633333333333333
originals,0.095,0.01,0,0.14285714285714285
originals,0.095,0.01,1,0.3765182186234818
originals,0.095,0.01,2,0.39015151515151514
originals,0.095,0.01,3,0.27456298975286314
originals,0.095,0.02,0,0.1431818181818182
originals,0.095,0.02,1,0.37587719298245614
originals,0.095,0.02,2,0.3897058823529412
originals,0.095,0.02,3,0.27353266888150607
originals,0.095,0.03,0,0.14351851851851852
originals,0.095,0.03,1,0.37481759432978945
originals,0.095,0.03,2,0.38663352665009665
originals,0.095,0.03,3,0.2733990147783251
originals,0.095,0.038538810670601456,0,0.14351851851851852
originals,0.095,0.038538810670601456,1,0.3731546231546231
originals,0.095,0.038538810670601456,2,0.38663352665009665
originals,0.095,0.038538810670601456,3,0.273015873015873
originals,0.095,0.049507997596815526,0,0.1431818181818182
originals,0.095,0.049507997596815526,1,0.37222222222222223
originals,0.095,0.049507997596815526,2,0.3868347338935574
originals,0.095,0.049507997596815526,3,0.273015873015873
originals,0.095,0.06359931153547553,0,0.14386792452830188
originals,0.095,0.06359931153547553,1,0.37133262636974196
originals,0.095,0.06359931153547553,2,0.3868347338935574
originals,0.095,0.06359931153547553,3,0.273015873015873
originals,0.095,0.08170139420154304,0,0.14423076923076922
originals,0.095,0.08170139420154304,1,0.37048294495103007
originals,0.095,0.08170139420154304,2,0.38663352665009665
originals,0.095,0.08170139420154304,3,0.27314071696094167
originals,0.095,0.10495581875524816,0,0.1446078431372549
originals,0.095,0.10495581875524816,1,0.3701138050470064
originals,0.095,0.10495581875524816,2,0.38445487741262385
originals,0.095,0.10495581875524816,3,0.27326839826839827
originals,0.095,0.1348290809262157,0,0.1446078431372549
originals,0.095,0.1348290809262157,1,0.3701138050470064
originals,0.095,0.1348290809262157,2,0.386437908496732
originals,0.095,0.1348290809262157,3,0.28901373283395754
originals,0.095,0.17320508075688773,0,0.1446078431372549
originals,0.095,0.17320508075688773,1,0.3701138050470064
originals,0.095,0.17320508075688773,2,0.3862476497448294
originals,0.095,0.17320508075688773,3,0.28901373283395754
originals,0.095,0.2225039271491978,0,0.14351851851851852
originals,0.095,0.2225039271491978,1,0.36898148148148147
originals,0.095,0.2225039271491978,2,0.38606253312135663
originals,0.095,0.2225039271491978,3,0.28888888888888886
originals,0.095,0.2858345573956079,0,0.14351851851851852
originals,0.095,0.2858345573956079,1,0.3681481481481481
originals,0.095,0.2858345573956079,2,0.38606253312135663
originals,0.095,0.2858345573956079,3,0.27265745007680486
originals,0.095,0.3671907963528168,0,0.14386792452830188
originals,0.095,0.3671907963528168,1,0.3663299663299663
originals,0.095,0.3671907963528168,2,0.3881578947368421
originals,0.095,0.3671907963528168,3,0.28888888888888886
originals,0.095,0.47170321935428616,0,0.14627659574468085
originals,0.095,0.47170321935428616,1,0.3644668830388268
originals,0.095,0.47170321935428616,2,0.394110275689223
originals,0.095,0.47170321935428616,3,0.310989010989011
originals,0.095,0.6059627021136009,0,0.1467391304347826
originals,0.095,0.6059627021136009,1,0.36158357771260996
originals,0.095,0.6059627021136009,2,0.4022222222222222
originals,0.095,0.6059627021136009,3,0.31136363636363634
originals,0.095,0.778436061673405,0,0.14825581395348836
originals,0.095,0.778436061673405,1,0.3599546129004102
originals,0.095,0.778436061673405,2,0.4033816425120773
originals,0.095,0.778436061673405,3,0.3119047619047619
originals,0.095,1.0,0,0.14939024390243902
originals,0.095,1.0,1,0.35911374680833535
originals,0.095,1.0,2,0.4098124098124098
originals,0.095,1.0,3,0.3125
originals,0.095,2.0,0,0.14772727272727273
originals,0.095,2.0,1,0.3564213564213564
originals,0.095,2.0,2,0.4106280193236715
originals,0.095,2.0,3,0.31886792452830187
originals,0.095,3.0,0,0.14772727272727273
originals,0.095,3.0,1,0.3595334685598377
originals,0.095,3.0,2,0.4087301587301587
originals,0.095,3.0,3,0.358974358974359
originals,0.095,10.0,0,0.13846153846153847
originals,0.095,10.0,1,0.40826330532212884
originals,0.095,10.0,2,0.37976382179280727
originals,0.095,10.0,3,0.2392253136933988
originals,0.1,0.003,0,0.14285714285714285
originals,0.1,0.003,1,0.38056238056238056
originals,0.1,0.003,2,0.3929292929292929
originals,0.1,0.003,3,0.2631578947368421
originals,0.1,0.005,0,0.1431818181818182
originals,0.1,0.005,1,0.37887887887887883
originals,0.1,0.005,2,0.39610389610389607
originals,0.1,0.005,3,0.2631578947368421
originals,0.1,0.01,0,0.1431818181818182
originals,0.1,0.01,1,0.3765182186234818
originals,0.1,0.01,2,0.39248366013071895
originals,0.1,0.01,3,0.2740998838559814
originals,0.1,0.02,0,0.1431818181818182
originals,0.1,0.02,1,0.37587719298245614
originals,0.1,0.02,2,0.3868347338935574
originals,0.1,0.02,3,0.27353266888150607
originals,0.1,0.03,0,0.14386792452830188
originals,0.1,0.03,1,0.3738095238095238
originals,0.1,0.03,2,0.3870417732310315
originals,0.1,0.03,3,0.28940568475452194
originals,0.1,0.038538810670601456,0,0.14423076923076922
originals,0.1,0.038538810670601456,1,0.37142857142857144
originals,0.1,0.038538810670601456,2,0.3868347338935574
originals,0.1,0.038538810670601456,3,0.289272030651341
originals,0.1,0.049507997596815526,0,0.14423076923076922
originals,0.1,0.049507997596815526,1,0.3709454796411318
originals,0.1,0.049507997596815526,2,0.3868347338935574
originals,0.1,0.049507997596815526,3,0.28901373283395754
originals,0.1,0.06359931153547553,0,0.14423076923076922
originals,0.1,0.06359931153547553,1,0.37142857142857144
originals,0.1,0.06359931153547553,2,0.3868347338935574
originals,0.1,0.06359931153547553,3,0.28901373283395754
originals,0.1,0.08170139420154304,0,0.14423076923076922
originals,0.1,0.08170139420154304,1,0.3705763397371082
originals,0.1,0.08170139420154304,2,0.38445487741262385
originals,0.1,0.08170139420154304,3,0.28914141414141414
originals,0.1,0.10495581875524816,0,0.14423076923076922
originals,0.1,0.10495581875524816,1,0.3701138050470064
originals,0.1,0.10495581875524816,2,0.38425925925925924
originals,0.1,0.10495581875524816,3,0.28914141414141414
originals,0.1,0.1348290809262157,0,0.14423076923076922
originals,0.1,0.1348290809262157,1,0.3701138050470064
originals,0.1,0.1348290809262157,2,0.386437908496732
originals,0.1,0.1348290809262157,3,0.28914141414141414
originals,0.1,0.17320508075688773,0,0.14386792452830188
originals,0.1,0.17320508075688773,1,0.3688930117501546
originals,0.1,0.17320508075688773,2,0.3862476497448294
originals,0.1,0.17320508075688773,3,0.28901373283395754
originals,0.1,0.2225039271491978,0,0.1431818181818182
originals,0.1,0.2225039271491978,1,0.36855631141345424
originals,0.1,0.2225039271491978,2,0.38606253312135663
originals,0.1,0.2225039271491978,3,0.28888888888888886
originals,0.1,0.2858345573956079,0,0.1431818181818182
originals,0.1,0.2858345573956079,1,0.36705685618729095
originals,0.1,0.2858345573956079,2,0.3885135135135135
originals,0.1,0.2858345573956079,3,0.27289377289377287
originals,0.1,0.3671907963528168,0,0.14351851851851852
originals,0.1,0.3671907963528168,1,0.3656832298136646
originals,0.1,0.3671907963528168,2,0.3911111111111111
originals,0.1,0.3671907963528168,3,0.310989010989011
originals,0.1,0.47170321935428616,0,0.14583333333333334
originals,0.1,0.47170321935428616,1,0.3628205128205128
originals,0.1,0.47170321935428616,2,0.39428571428571424
originals,0.1,0.47170321935428616,3,0.3111111111111111
originals,0.1,0.6059627021136009,0,0.1467391304347826
originals,0.1,0.6059627021136009,1,0.36158357771260996
originals,0.1,0.6059627021136009,2,0.4022222222222222
originals,0.1,0.6059627021136009,3,0.31136363636363634
originals,0.1,0.778436061673405,0,0.14825581395348836
originals,0.1,0.778436061673405,1,0.35975295934122486
originals,0.1,0.778436061673405,2,0.4035947712418301
originals,0.1,0.778436061673405,3,0.3119047619047619
originals,0.1,1.0,0,0.1488095238095238
originals,0.1,1.0,1,0.3591255219847703
originals,0.1,1.0,2,0.40476190476190477
originals,0.1,1.0,3,0.3125
originals,0.1,2.0,0,0.14772727272727273
originals,0.1,2.0,1,0.3564213564213564
originals,0.1,2.0,2,0.4106280193236715
originals,0.1,2.0,3,0.31886792452830187
originals,0.1,3.0,0,0.14772727272727273
originals,0.1,3.0,1,0.3595334685598377
originals,0.1,3.0,2,0.4087301587301587
originals,0.1,3.0,3,0.358974358974359
originals,0.1,10.0,0,0.13846153846153847
originals,0.1,10.0,1,0.40826330532212884
originals,0.1,10.0,2,0.37976382179280727
originals,0.1,10.0,3,0.2392253136933988
originals,0.125,0.003,0,0.14351851851851852
originals,0.125,0.003,1,0.37887887887887883
originals,0.125,0.003,2,0.390625
originals,0.125,0.003,3,0.29059829059829057
originals,0.125,0.005,0,0.1431818181818182
originals,0.125,0.005,1,0.37887887887887883
originals,0.125,0.005,2,0.3877005347593583
originals,0.125,0.005,3,0.2901234567901234
originals,0.125,0.01,0,0.1425438596491228
originals,0.125,0.01,1,0.37816764132553604
originals,0.125,0.01,2,0.38725490196078427
originals,0.125,0.01,3,0.2899728997289973
originals,0.125,0.02,0,0.1425438596491228
originals,0.125,0.02,1,0.37635135135135134
originals,0.125,0.02,2,0.3868347338935574
originals,0.125,0.02,3,0.2895424836601307
originals,0.125,0.03,0,0.1425438596491228
originals,0.125,0.03,1,0.37635135135135134
originals,0.125,0.03,2,0.3890845070422535
originals,0.125,0.03,3,0.2895424836601307
originals,0.125,0.038538810670601456,0,0.1425438596491228
originals,0.125,0.038538810670601456,1,0.37526743688489517
originals,0.125,0.038538810670601456,2,0.38888888888888884
originals,0.125,0.038538810670601456,3,0.2895424836601307
originals,0.125,0.049507997596815526,0,0.1425438596491228
originals,0.125,0.049507997596815526,1,0.3738095238095238
originals,0.125,0.049507997596815526,2,0.3862476497448294
originals,0.125,0.049507997596815526,3,0.289272030651341
originals,0.125,0.06359931153547553,0,0.14224137931034483
originals,0.125,0.06359931153547553,1,0.3738095238095238
originals,0.125,0.06359931153547553,2,0.3862476497448294
originals,0.125,0.06359931153547553,3,0.289272030651341
originals,0.125,0.08170139420154304,0,0.14224137931034483
originals,0.125,0.08170139420154304,1,0.3738095238095238
originals,0.125,0.08170139420154304,2,0.3862476497448294
originals,0.125,0.08170139420154304,3,0.3116279069767442
originals,0.125,0.10495581875524816,0,0.1425438596491228
originals,0.125,0.10495581875524816,1,0.3738095238095238
originals,0.125,0.10495581875524816,2,0.38606253312135663
originals,0.125,0.10495581875524816,3,0.3114942528735632
originals,0.125,0.1348290809262157,0,0.1425438596491228
originals,0.125,0.1348290809262157,1,0.3728493098884477
originals,0.125,0.1348290809262157,2,0.38606253312135663
originals,0.125,0.1348290809262157,3,0.3112359550561798
originals,0.125,0.17320508075688773,0,0.1425438596491228
originals,0.125,0.17320508075688773,1,0.3728493098884477
originals,0.125,0.17320508075688773,2,0.3885135135135135
originals,0.125,0.17320508075688773,3,0.310989010989011
originals,0.125,0.2225039271491978,0,0.14351851851851852
originals,0.125,0.2225039271491978,1,0.37246216315983754
originals,0.125,0.2225039271491978,2,0.38888888888888884
originals,0.125,0.2225039271491978,3,0.3111111111111111
originals,0.125,0.2858345573956079,0,0.14386792452830188
originals,0.125,0.2858345573956079,1,0.37142857142857144
originals,0.125,0.2858345573956079,2,0.39166666666666666
originals,0.125,0.2858345573956079,3,0.3112359550561798
originals,0.125,0.3671907963528168,0,0.14540816326530612
originals,0.125,0.3671907963528168,1,0.3671255736337088
originals,0.125,0.3671907963528168,2,0.39147640791476407
originals,0.125,0.3671907963528168,3,0.3114942528735632
originals,0.125,0.47170321935428616,0,0.1467391304347826
originals,0.125,0.47170321935428616,1,0.3614226823890327
originals,0.125,0.47170321935428616,2,0.39428571428571424
originals,0.125,0.47170321935428616,3,0.3116279069767442
originals,0.125,0.6059627021136009,0,0.14772727272727273
originals,0.125,0.6059627021136009,1,0.35901139463970466
originals,0.125,0.6059627021136009,2,0.3985042735042735
originals,0.125,0.6059627021136009,3,0.31176470588235294
originals,0.125,0.778436061673405,0,0.14939024390243902
originals,0.125,0.778436061673405,1,0.3584080975385323
originals,0.125,0.778436061673405,2,0.4035947712418301
originals,0.125,0.778436061673405,3,0.3120481927710843
originals,0.125,1.0,0,0.14939024390243902
originals,0.125,1.0,1,0.3580357142857143
originals,0.125,1.0,2,0.40555555555555556
originals,0.125,1.0,3,0.312987012987013
originals,0.125,2.0,0,0.14772727272727273
originals,0.125,2.0,1,0.3564213564213564
originals,0.125,2.0,2,0.4106280193236715
originals,0.125,2.0,3,0.31886792452830187
originals,0.125,3.0,0,0.14772727272727273
originals,0.125,3.0,1,0.3595334685598377
originals,0.125,3.0,2,0.4087301587301587
originals,0.125,3.0,3,0.358974358974359
originals,0.125,10.0,0,0.13846153846153847
originals,0.125,10.0,1,0.40826330532212884
originals,0.125,10.0,2,0.37976382179280727
originals,0.125,10.0,3,0.2392253136933988
originals,0.15,0.003,0,0.14224137931034483
originals,0.15,0.003,1,0.37887887887887883
originals,0.15,0.003,2,0.3868347338935574
originals,0.15,0.003,3,0.2756033920417482
originals,0.15,0.005,0,0.14224137931034483
originals,0.15,0.005,1,0.37887887887887883
originals,0.15,0.005,2,0.38663352665009665
originals,0.15,0.005,3,0.2912912912912913
originals,0.15,0.01,0,0.1419491525423729
originals,0.15,0.01,1,0.37816764132553604
originals,0.15,0.01,2,0.386437908496732
originals,0.15,0.01,3,0.2911111111111111
originals,0.15,0.02,0,0.1419491525423729
originals,0.15,0.02,1,0.37766714082503555
originals,0.15,0.02,2,0.38888888888888884
originals,0.15,0.02,3,0.29027777777777775
originals,0.15,0.03,0,0.14224137931034483
originals,0.15,0.03,1,0.3765182186234818
originals,0.15,0.03,2,0.3862476497448294
originals,0.15,0.03,3,0.2895424836601307
originals,0.15,0.038538810670601456,0,0.1425438596491228
originals,0.15,0.038538810670601456,1,0.374390243902439
originals,0.15,0.038538810670601456,2,0.38606253312135663
originals,0.15,0.038538810670601456,3,0.31176470588235294
originals,0.15,0.049507997596815526,0,0.1425438596491228
originals,0.15,0.049507997596815526,1,0.374390243902439
originals,0.15,0.049507997596815526,2,0.38606253312135663
originals,0.15,0.049507997596815526,3,0.31176470588235294
originals,0.15,0.06359931153547553,0,0.1425438596491228
originals,0.15,0.06359931153547553,1,0.374390243902439
originals,0.15,0.06359931153547553,2,0.38606253312135663
originals,0.15,0.06359931153547553,3,0.3116279069767442
originals,0.15,0.08170139420154304,0,0.14285714285714285
originals,0.15,0.08170139420154304,1,0.37340301974448314
originals,0.15,0.08170139420154304,2,0.3862476497448294
originals,0.15,0.08170139420154304,3,0.3116279069767442
originals,0.15,0.10495581875524816,0,0.14285714285714285
originals,0.15,0.10495581875524816,1,0.3715644820295983
originals,0.15,0.10495581875524816,2,0.38588235294117645
originals,0.15,0.10495581875524816,3,0.3116279069767442
originals,0.15,0.1348290809262157,0,0.1431818181818182
originals,0.15,0.1348290809262157,1,0.3707070707070707
originals,0.15,0.1348290809262157,2,0.3883333333333333
originals,0.15,0.1348290809262157,3,0.3114942528735632
originals,0.15,0.17320508075688773,0,0.1431818181818182
originals,0.15,0.17320508075688773,1,0.36988727858293075
originals,0.15,0.17320508075688773,2,0.3883333333333333
originals,0.15,0.17320508075688773,3,0.3114942528735632
originals,0.15,0.2225039271491978,0,0.14285714285714285
originals,0.15,0.2225039271491978,1,0.36910268270120256
originals,0.15,0.2225039271491978,2,0.39147640791476407
originals,0.15,0.2225039271491978,3,0.31136363636363634
originals,0.15,0.2858345573956079,0,0.14351851851851852
originals,0.15,0.2858345573956079,1,0.36763038548752835
originals,0.15,0.2858345573956079,2,0.39147640791476407
originals,0.15,0.2858345573956079,3,0.3114942528735632
originals,0.15,0.3671907963528168,0,0.145
originals,0.15,0.3671907963528168,1,0.3671255736337088
originals,0.15,0.3671907963528168,2,0.39166666666666666
originals,0.15,0.3671907963528168,3,0.3112359550561798
originals,0.15,0.47170321935428616,0,0.14722222222222223
originals,0.15,0.47170321935428616,1,0.3661695447409733
originals,0.15,0.47170321935428616,2,0.399540757749713
originals,0.15,0.47170321935428616,3,0.3114942528735632
originals,0.15,0.6059627021136009,0,0.14825581395348836
originals,0.15,0.6059627021136009,1,0.36279867138112076
originals,0.15,0.6059627021136009,2,0.40048840048840045
originals,0.15,0.6059627021136009,3,0.3125
originals,0.15,0.778436061673405,0,0.14939024390243902
originals,0.15,0.778436061673405,1,0.36065423976608185
originals,0.15,0.778436061673405,2,0.4010088272383354
originals,0.15,0.778436061673405,3,0.3128205128205128
originals,0.15,1.0,0,0.15
originals,0.15,1.0,1,0.3576139740523302
originals,0.15,1.0,2,0.4061302681992337
originals,0.15,1.0,3,0.31351351351351353
originals,0.15,2.0,0,0.14722222222222223
originals,0.15,2.0,1,0.35724867724867726
originals,0.15,2.0,2,0.4111111111111111
originals,0.15,2.0,3,0.31999999999999995
originals,0.15,3.0,0,0.14772727272727273
originals,0.15,3.0,1,0.3595334685598377
originals,0.15,3.0,2,0.4087301587301587
originals,0.15,3.0,3,0.358974358974359
originals,0.15,10.0,0,0.13846153846153847
originals,0.15,10.0,1,0.40826330532212884
originals,0.15,10.0,2,0.37976382179280727
originals,0.15,10.0,3,0.2392253136933988
originals,0.2,0.003,0,0.14166666666666666
originals,0.2,0.003,1,0.37887887887887883
originals,0.2,0.003,2,0.3927031509121061
originals,0.2,0.003,3,0.2631578947368421
originals,0.2,0.005,0,0.1419491525423729
originals,0.2,0.005,1,0.37816764132553604
originals,0.2,0.005,2,0.39248366013071895
originals,0.2,0.005,3,0.262987012987013
originals,0.2,0.01,0,0.14224137931034483
originals,0.2,0.01,1,0.37566137566137564
originals,0.2,0.01,2,0.39248366013071895
originals,0.2,0.01,3,0.2628205128205128
originals,0.2,0.02,0,0.1425438596491228
originals,0.2,0.02,1,0.372153788727137
originals,0.2,0.02,2,0.38928571428571423
originals,0.2,0.02,3,0.2628205128205128
originals,0.2,0.03,0,0.1425438596491228
originals,0.2,0.03,1,0.3712606837606838
originals,0.2,0.03,2,0.3868347338935574
originals,0.2,0.03,3,0.2621951219512195
originals,0.2,0.038538810670601456,0,0.1425438596491228
originals,0.2,0.038538810670601456,1,0.37083333333333335
originals,0.2,0.038538810670601456,2,0.3868347338935574
originals,0.2,0.038538810670601456,3,0.2620481927710843
originals,0.2,0.049507997596815526,0,0.1425438596491228
originals,0.2,0.049507997596815526,1,0.3704268292682927
originals,0.2,0.049507997596815526,2,0.3870417732310315
originals,0.2,0.049507997596815526,3,0.2736694677871149
originals,0.2,0.06359931153547553,0,0.1425438596491228
originals,0.2,0.06359931153547553,1,0.3700396825396825
originals,0.2,0.06359931153547553,2,0.3870417732310315
originals,0.2,0.06359931153547553,3,0.2736694677871149
originals,0.2,0.08170139420154304,0,0.1425438596491228
originals,0.2,0.08170139420154304,1,0.3700396825396825
originals,0.2,0.08170139420154304,2,0.3870417732310315
originals,0.2,0.08170139420154304,3,0.2736694677871149
originals,0.2,0.10495581875524816,0,0.1425438596491228
originals,0.2,0.10495581875524816,1,0.3696705426356589
originals,0.2,0.10495581875524816,2,0.3870417732310315
originals,0.2,0.10495581875524816,3,0.2736694677871149
originals,0.2,0.1348290809262157,0,0.14285714285714285
originals,0.2,0.1348290809262157,1,0.3688930117501546
originals,0.2,0.1348290809262157,2,0.3868347338935574
originals,0.2,0.1348290809262157,3,0.27380952380952384
originals,0.2,0.17320508075688773,0,0.1425438596491228
originals,0.2,0.17320508075688773,1,0.36775599128540304
originals,0.2,0.17320508075688773,2,0.3868347338935574
originals,0.2,0.17320508075688773,3,0.27395295467584624
originals,0.2,0.2225039271491978,0,0.14285714285714285
originals,0.2,0.2225039271491978,1,0.36666666666666664
originals,0.2,0.2225039271491978,2,0.3868347338935574
originals,0.2,0.2225039271491978,3,0.2740998838559814
originals,0.2,0.2858345573956079,0,0.14386792452830188
originals,0.2,0.2858345573956079,1,0.3650615901455767
originals,0.2,0.2858345573956079,2,0.3897058823529412
originals,0.2,0.2858345573956079,3,0.2740998838559814
originals,0.2,0.3671907963528168,0,0.1446078431372549
originals,0.2,0.3671907963528168,1,0.364463601532567
originals,0.2,0.3671907963528168,2,0.3929292929292929
originals,0.2,0.3671907963528168,3,0.2740998838559814
originals,0.2,0.47170321935428616,0,0.1446078431372549
originals,0.2,0.47170321935428616,1,0.362547288776797
originals,0.2,0.47170321935428616,2,0.3927031509121061
originals,0.2,0.47170321935428616,3,0.2899728997289973
originals,0.2,0.6059627021136009,0,0.14583333333333334
originals,0.2,0.6059627021136009,1,0.3618080446037435
originals,0.2,0.6059627021136009,2,0.39316239316239315
originals,0.2,0.6059627021136009,3,0.31234567901234567
originals,0.2,0.778436061673405,0,0.14583333333333334
originals,0.2,0.778436061673405,1,0.3602122015915119
originals,0.2,0.778436061673405,2,0.4021592442645074
originals,0.2,0.778436061673405,3,0.3128205128205128
originals,0.2,1.0,0,0.1467391304347826
originals,0.2,1.0,1,0.35918766821629555
originals,0.2,1.0,2,0.4021592442645074
originals,0.2,1.0,3,0.31351351351351353
originals,0.2,2.0,0,0.14722222222222223
originals,0.2,2.0,1,0.3574786324786325
originals,0.2,2.0,2,0.407871198568873
originals,0.2,2.0,3,0.3212765957446808
originals,0.2,3.0,0,0.14772727272727273
originals,0.2,3.0,1,0.3599546129004102
originals,0.2,3.0,2,0.4087301587301587
originals,0.2,3.0,3,0.35833333333333334
originals,0.2,10.0,0,0.13846153846153847
originals,0.2,10.0,1,0.40826330532212884
originals,0.2,10.0,2,0.37976382179280727
originals,0.2,10.0,3,0.2392253136933988
originals,0.25,0.003,0,0.14224137931034483
originals,0.25,0.003,1,0.3726163234172387
originals,0.25,0.003,2,0.39206349206349206
originals,0.25,0.003,3,0.25223499361430396
originals,0.25,0.005,0,0.14224137931034483
originals,0.25,0.005,1,0.3717039461720313
originals,0.25,0.005,2,0.39206349206349206
originals,0.25,0.005,3,0.25223499361430396
originals,0.25,0.01,0,0.14224137931034483
originals,0.25,0.01,1,0.3696705426356589
originals,0.25,0.01,2,0.39166666666666666
originals,0.25,0.01,3,0.25223499361430396
originals,0.25,0.02,0,0.1425438596491228
originals,0.25,0.02,1,0.3696705426356589
originals,0.25,0.02,2,0.39129129129129125
originals,0.25,0.02,3,0.2614942528735632
originals,0.25,0.03,0,0.1425438596491228
originals,0.25,0.03,1,0.3693181818181818
originals,0.25,0.03,2,0.3885135135135135
originals,0.25,0.03,3,0.2614942528735632
originals,0.25,0.038538810670601456,0,0.1425438596491228
originals,0.25,0.038538810670601456,1,0.3693181818181818
originals,0.25,0.038538810670601456,2,0.3885135135135135
originals,0.25,0.038538810670601456,3,0.2614942528735632
originals,0.25,0.049507997596815526,0,0.1425438596491228
originals,0.25,0.049507997596815526,1,0.36898148148148147
originals,0.25,0.049507997596815526,2,0.3886986301369863
originals,0.25,0.049507997596815526,3,0.26136363636363635
originals,0.25,0.06359931153547553,0,0.1425438596491228
originals,0.25,0.06359931153547553,1,0.3681481481481481
originals,0.25,0.06359931153547553,2,0.3886986301369863
originals,0.25,0.06359931153547553,3,0.26136363636363635
originals,0.25,0.08170139420154304,0,0.14285714285714285
originals,0.25,0.08170139420154304,1,0.36855631141345424
originals,0.25,0.08170139420154304,2,0.3886986301369863
originals,0.25,0.08170139420154304,3,0.26136363636363635
originals,0.25,0.10495581875524816,0,0.14285714285714285
originals,0.25,0.10495581875524816,1,0.3688930117501546
originals,0.25,0.10495581875524816,2,0.38888888888888884
originals,0.25,0.10495581875524816,3,0.26136363636363635
originals,0.25,0.1348290809262157,0,0.1425438596491228
originals,0.25,0.1348290809262157,1,0.3666940114848236
originals,0.25,0.1348290809262157,2,0.3886986301369863
originals,0.25,0.1348290809262157,3,0.26136363636363635
originals,0.25,0.17320508075688773,0,0.14285714285714285
originals,0.25,0.17320508075688773,1,0.3663446054750402
originals,0.25,0.17320508075688773,2,0.3886986301369863
originals,0.25,0.17320508075688773,3,0.26136363636363635
originals,0.25,0.2225039271491978,0,0.1431818181818182
originals,0.25,0.2225039271491978,1,0.36569954867827204
originals,0.25,0.2225039271491978,2,0.3890845070422535
originals,0.25,0.2225039271491978,3,0.2733990147783251
originals,0.25,0.2858345573956079,0,0.14285714285714285
originals,0.25,0.2858345573956079,1,0.3650615901455767
originals,0.25,0.2858345573956079,2,0.38888888888888884
originals,0.25,0.2858345573956079,3,0.2740998838559814
originals,0.25,0.3671907963528168,0,0.14351851851851852
originals,0.25,0.3671907963528168,1,0.3633512544802867
originals,0.25,0.3671907963528168,2,0.3929292929292929
originals,0.25,0.3671907963528168,3,0.2740998838559814
originals,0.25,0.47170321935428616,0,0.14351851851851852
originals,0.25,0.47170321935428616,1,0.3608373228198629
originals,0.25,0.47170321935428616,2,0.3963369963369963
originals,0.25,0.47170321935428616,3,0.27395295467584624
originals,0.25,0.6059627021136009,0,0.1446078431372549
originals,0.25,0.6059627021136009,1,0.35955814149591026
originals,0.25,0.6059627021136009,2,0.4012820512820513
originals,0.25,0.6059627021136009,3,0.2742504409171076
originals,0.25,0.778436061673405,0,0.14583333333333334
originals,0.25,0.778436061673405,1,0.3584080975385323
originals,0.25,0.778436061673405,2,0.40348330914368646
originals,0.25,0.778436061673405,3,0.2740998838559814
originals,0.25,1.0,0,0.1467391304347826
originals,0.25,1.0,1,0.3582010582010582
originals,0.25,1.0,2,0.40348330914368646
originals,0.25,1.0,3,0.3125
originals,0.25,2.0,0,0.14825581395348836
originals,0.25,2.0,1,0.3585480093676815
originals,0.25,2.0,2,0.40534262485482
originals,0.25,2.0,3,0.3196078431372549
originals,0.25,3.0,0,0.14772727272727273
originals,0.25,3.0,1,0.3595334685598377
originals,0.25,3.0,2,0.4095238095238095
originals,0.25,3.0,3,0.35833333333333334
originals,0.25,10.0,0,0.13846153846153847
originals,0.25,10.0,1,0.40826330532212884
originals,0.25,10.0,2,0.37976382179280727
originals,0.25,10.0,3,0.2392253136933988
originals,0.3,0.003,0,0.1425438596491228
originals,0.3,0.003,1,0.3696705426356589
originals,0.3,0.003,2,0.39248366013071895
originals,0.3,0.003,3,0.2446969696969697
originals,0.3,0.005,0,0.1425438596491228
originals,0.3,0.005,1,0.3696705426356589
originals,0.3,0.005,2,0.39248366013071895
originals,0.3,0.005,3,0.2521043771043771
originals,0.3,0.01,0,0.1425438596491228
originals,0.3,0.01,1,0.3693181818181818
originals,0.3,0.01,2,0.39248366013071895
originals,0.3,0.01,3,0.26136363636363635
originals,0.3,0.02,0,0.1425438596491228
originals,0.3,0.02,1,0.36898148148148147
originals,0.3,0.02,2,0.3952380952380952
originals,0.3,0.02,3,0.26136363636363635
originals,0.3,0.03,0,0.1425438596491228
originals,0.3,0.03,1,0.36865942028985504
originals,0.3,0.03,2,0.3948412698412698
originals,0.3,0.03,3,0.26123595505617975
originals,0.3,0.038538810670601456,0,0.1425438596491228
originals,0.3,0.038538810670601456,1,0.36898148148148147
originals,0.3,0.038538810670601456,2,0.39503688799463443
originals,0.3,0.038538810670601456,3,0.26111111111111107
originals,0.3,0.049507997596815526,0,0.1425438596491228
originals,0.3,0.049507997596815526,1,0.36855631141345424
originals,0.3,0.049507997596815526,2,0.39503688799463443
originals,0.3,0.049507997596815526,3,0.26111111111111107
originals,0.3,0.06359931153547553,0,0.1425438596491228
originals,0.3,0.06359931153547553,1,0.3681481481481481
originals,0.3,0.06359931153547553,2,0.39503688799463443
originals,0.3,0.06359931153547553,3,0.26111111111111107
originals,0.3,0.08170139420154304,0,0.1425438596491228
originals,0.3,0.08170139420154304,1,0.3681481481481481
originals,0.3,0.08170139420154304,2,0.39503688799463443
originals,0.3,0.08170139420154304,3,0.26123595505617975
originals,0.3,0.10495581875524816,0,0.14285714285714285
originals,0.3,0.10495581875524816,1,0.36775599128540304
originals,0.3,0.10495581875524816,2,0.39166666666666666
originals,0.3,0.10495581875524816,3,0.27314071696094167
originals,0.3,0.1348290809262157,0,0.14285714285714285
originals,0.3,0.1348290809262157,1,0.36645299145299143
originals,0.3,0.1348290809262157,2,0.39166666666666666
originals,0.3,0.1348290809262157,3,0.27314071696094167
originals,0.3,0.17320508075688773,0,0.1431818181818182
originals,0.3,0.17320508075688773,1,0.36545729402872257
originals,0.3,0.17320508075688773,2,0.3952380952380952
originals,0.3,0.17320508075688773,3,0.27314071696094167
originals,0.3,0.2225039271491978,0,0.14351851851851852
originals,0.3,0.2225039271491978,1,0.36512059369202227
originals,0.3,0.2225039271491978,2,0.39544513457556935
originals,0.3,0.2225039271491978,3,0.27326839826839827
originals,0.3,0.2858345573956079,0,0.14351851851851852
originals,0.3,0.2858345573956079,1,0.3648484848484848
originals,0.3,0.2858345573956079,2,0.3963369963369963
originals,0.3,0.2858345573956079,3,0.27326839826839827
originals,0.3,0.3671907963528168,0,0.14386792452830188
originals,0.3,0.3671907963528168,1,0.3642623716153128
originals,0.3,0.3671907963528168,2,0.4007444168734491
originals,0.3,0.3671907963528168,3,0.27326839826839827
originals,0.3,0.47170321935428616,0,0.14423076923076922
originals,0.3,0.47170321935428616,1,0.36286110222790746
originals,0.3,0.47170321935428616,2,0.40185676392572944
originals,0.3,0.47170321935428616,3,0.27353266888150607
originals,0.3,0.6059627021136009,0,0.14583333333333334
originals,0.3,0.6059627021136009,1,0.36107954545454546
originals,0.3,0.6059627021136009,2,0.40348330914368646
originals,0.3,0.6059627021136009,3,0.2736694677871149
originals,0.3,0.778436061673405,0,0.14772727272727273
originals,0.3,0.778436061673405,1,0.35941381023348234
originals,0.3,0.778436061673405,2,0.4042232277526395
originals,0.3,0.778436061673405,3,0.2901234567901234
originals,0.3,1.0,0,0.15
originals,0.3,1.0,1,0.35901139463970466
originals,0.3,1.0,2,0.4106280193236715
originals,0.3,1.0,3,0.3131578947368421
originals,0.3,2.0,0,0.14939024390243902
originals,0.3,2.0,1,0.3591255219847703
originals,0.3,2.0,2,0.4152046783625731
originals,0.3,2.0,3,0.31785714285714284
originals,0.3,3.0,0,0.1488095238095238
originals,0.3,3.0,1,0.360180754917597
originals,0.3,3.0,2,0.4112554112554112
originals,0.3,3.0,3,0.358974358974359
originals,0.3,10.0,0,0.13846153846153847
originals,0.3,10.0,1,0.40826330532212884
originals,0.3,10.0,2,0.37976382179280727
originals,0.3,10.0,3,0.2392253136933988
originals,0.4,0.003,0,0.14386792452830188
originals,0.4,0.003,1,0.374390243902439
originals,0.4,0.003,2,0.40555555555555556
originals,0.4,0.003,3,0.24599156118143461
originals,0.4,0.005,0,0.14386792452830188
originals,0.4,0.005,1,0.374390243902439
originals,0.4,0.005,2,0.40555555555555556
originals,0.4,0.005,3,0.24599156118143461
originals,0.4,0.01,0,0.14351851851851852
originals,0.4,0.01,1,0.37340301974448314
originals,0.4,0.01,2,0.4052823315118397
originals,0.4,0.01,3,0.24583333333333335
originals,0.4,0.02,0,0.14351851851851852
originals,0.4,0.02,1,0.3715644820295983
originals,0.4,0.02,2,0.4007444168734491
originals,0.4,0.02,3,0.24583333333333335
originals,0.4,0.03,0,0.14351851851851852
originals,0.4,0.03,1,0.3707070707070707
originals,0.4,0.03,2,0.4007444168734491
originals,0.4,0.03,3,0.24567901234567902
originals,0.4,0.038538810670601456,0,0.14351851851851852
originals,0.4,0.038538810670601456,1,0.36976144422952933
originals,0.4,0.038538810670601456,2,0.4010088272383354
originals,0.4,0.038538810670601456,3,0.24567901234567902
originals,0.4,0.049507997596815526,0,0.14423076923076922
originals,0.4,0.049507997596815526,1,0.3693181818181818
originals,0.4,0.049507997596815526,2,0.40048840048840045
originals,0.4,0.049507997596815526,3,0.24567901234567902
originals,0.4,0.06359931153547553,0,0.1446078431372549
originals,0.4,0.06359931153547553,1,0.3693181818181818
originals,0.4,0.06359931153547553,2,0.40048840048840045
originals,0.4,0.06359931153547553,3,0.24583333333333335
originals,0.4,0.08170139420154304,0,0.1446078431372549
originals,0.4,0.08170139420154304,1,0.36898148148148147
originals,0.4,0.08170139420154304,2,0.40048840048840045
originals,0.4,0.08170139420154304,3,0.24583333333333335
originals,0.4,0.10495581875524816,0,0.1446078431372549
originals,0.4,0.10495581875524816,1,0.36855631141345424
originals,0.4,0.10495581875524816,2,0.40048840048840045
originals,0.4,0.10495581875524816,3,0.24583333333333335
originals,0.4,0.1348290809262157,0,0.1446078431372549
originals,0.4,0.1348290809262157,1,0.36855631141345424
originals,0.4,0.1348290809262157,2,0.4052823315118397
originals,0.4,0.1348290809262157,3,0.24583333333333335
originals,0.4,0.17320508075688773,0,0.1446078431372549
originals,0.4,0.17320508075688773,1,0.3681481481481481
originals,0.4,0.17320508075688773,2,0.40555555555555556
originals,0.4,0.17320508075688773,3,0.24599156118143461
originals,0.4,0.2225039271491978,0,0.145
originals,0.4,0.2225039271491978,1,0.36855631141345424
originals,0.4,0.2225039271491978,2,0.4061302681992337
originals,0.4,0.2225039271491978,3,0.24583333333333335
originals,0.4,0.2858345573956079,0,0.14583333333333334
originals,0.4,0.2858345573956079,1,0.36775599128540304
originals,0.4,0.2858345573956079,2,0.40674603174603174
originals,0.4,0.2858345573956079,3,0.2532407407407407
originals,0.4,0.3671907963528168,0,0.14772727272727273
originals,0.4,0.3671907963528168,1,0.3674339300937766
originals,0.4,0.3671907963528168,2,0.40674603174603174
originals,0.4,0.3671907963528168,3,0.25308641975308643
originals,0.4,0.47170321935428616,0,0.14939024390243902
originals,0.4,0.47170321935428616,1,0.3660362490149724
originals,0.4,0.47170321935428616,2,0.4121212121212121
originals,0.4,0.47170321935428616,3,0.26249999999999996
originals,0.4,0.6059627021136009,0,0.15064102564102563
originals,0.4,0.6059627021136009,1,0.3657407407407407
originals,0.4,0.6059627021136009,2,0.4255892255892256
originals,0.4,0.6059627021136009,3,0.2747252747252747
originals,0.4,0.778436061673405,0,0.15357142857142858
originals,0.4,0.778436061673405,1,0.3647591098067987
originals,0.4,0.778436061673405,2,0.4270152505446623
originals,0.4,0.778436061673405,3,0.2911111111111111
originals,0.4,1.0,0,0.15625
originals,0.4,1.0,1,0.36506746626686654
originals,0.4,1.0,2,0.4296296296296296
originals,0.4,1.0,3,0.3144927536231884
originals,0.4,2.0,0,0.15625
originals,0.4,2.0,1,0.3608597285067873
originals,0.4,2.0,2,0.4377104377104377
originals,0.4,2.0,3,0.31851851851851853
originals,0.4,3.0,0,0.15357142857142858
originals,0.4,3.0,1,0.36214759535655056
originals,0.4,3.0,2,0.4179487179487179
originals,0.4,3.0,3,0.3565891472868217
originals,0.4,10.0,0,0.13846153846153847
originals,0.4,10.0,1,0.40826330532212884
originals,0.4,10.0,2,0.37976382179280727
originals,0.4,10.0,3,0.2392253136933988
