candidate,nu,gamma_multiplier,fold,AP
positive_derived,0.001,0.003,0,0.1467391304347826
positive_derived,0.001,0.003,1,0.4574074074074074
positive_derived,0.001,0.003,2,0.39028275587415373
positive_derived,0.001,0.003,3,0.4144927536231884
positive_derived,0.001,0.005,0,0.14722222222222223
positive_derived,0.001,0.005,1,0.4434782608695652
positive_derived,0.001,0.005,2,0.38585858585858585
positive_derived,0.001,0.005,3,0.41369863013698627
positive_derived,0.001,0.01,0,0.14772727272727273
positive_derived,0.001,0.01,1,0.4246153846153846
positive_derived,0.001,0.01,2,0.372166480862133
positive_derived,0.001,0.01,3,0.41562499999999997
positive_derived,0.001,0.02,0,0.1467391304347826
positive_derived,0.001,0.02,1,0.38636363636363635
positive_derived,0.001,0.02,2,0.3562365182083492
positive_derived,0.001,0.02,3,0.4145299145299145
positive_derived,0.001,0.03,0,0.1411290322580645
positive_derived,0.001,0.03,1,0.3735632183908046
positive_derived,0.001,0.03,2,0.3525527969972414
positive_derived,0.001,0.03,3,0.4023809523809524
positive_derived,0.001,0.038538810670601456,0,0.14166666666666666
positive_derived,0.001,0.038538810670601456,1,0.3793012871027055
positive_derived,0.001,0.038538810670601456,2,0.3540100250626566
positive_derived,0.001,0.038538810670601456,3,0.386892177589852
positive_derived,0.001,0.049507997596815526,0,0.14087301587301587
positive_derived,0.001,0.049507997596815526,1,0.3822222222222222
positive_derived,0.001,0.049507997596815526,2,0.35491812664605515
positive_derived,0.001,0.049507997596815526,3,0.3796296296296296
positive_derived,0.001,0.06359931153547553,0,0.14087301587301587
positive_derived,0.001,0.06359931153547553,1,0.3812765957446808
positive_derived,0.001,0.06359931153547553,2,0.35422049956933677
positive_derived,0.001,0.06359931153547553,3,0.3851851851851852
positive_derived,0.001,0.08170139420154304,0,0.14087301587301587
positive_derived,0.001,0.08170139420154304,1,0.37468671679197996
positive_derived,0.001,0.08170139420154304,2,0.35408664105847204
positive_derived,0.001,0.08170139420154304,3,0.23383838383838385
positive_derived,0.001,0.10495581875524816,0,0.14087301587301587
positive_derived,0.001,0.10495581875524816,1,0.3709677419354839
positive_derived,0.001,0.10495581875524816,2,0.354502688172043
positive_derived,0.001,0.10495581875524816,3,0.24761904761904763
positive_derived,0.001,0.1348290809262157,0,0.14087301587301587
positive_derived,0.001,0.1348290809262157,1,0.36809269162210334
positive_derived,0.001,0.1348290809262157,2,0.3552513060709782
positive_derived,0.001,0.1348290809262157,3,0.2727272727272727
positive_derived,0.001,0.17320508075688773,0,0.14087301587301587
positive_derived,0.001,0.17320508075688773,1,0.369551282051282
positive_derived,0.001,0.17320508075688773,2,0.35744371822803195
positive_derived,0.001,0.17320508075688773,3,0.2962962962962963
positive_derived,0.001,0.2225039271491978,0,0.14015151515151514
positive_derived,0.001,0.2225039271491978,1,0.36966438579341804
positive_derived,0.001,0.2225039271491978,2,0.35914085914085914
positive_derived,0.001,0.2225039271491978,3,0.2995642701525054
positive_derived,0.001,0.2858345573956079,0,0.13949275362318841
positive_derived,0.001,0.2858345573956079,1,0.3713924963924964
positive_derived,0.001,0.2858345573956079,2,0.3595679012345679
positive_derived,0.001,0.2858345573956079,3,0.3088235294117647
positive_derived,0.001,0.3671907963528168,0,0.13970588235294118
positive_derived,0.001,0.3671907963528168,1,0.3692084942084942
positive_derived,0.001,0.3671907963528168,2,0.3619281045751634
positive_derived,0.001,0.3671907963528168,3,0.3055555555555555
positive_derived,0.001,0.47170321935428616,0,0.13992537313432835
positive_derived,0.001,0.47170321935428616,1,0.3679712100764732
positive_derived,0.001,0.47170321935428616,2,0.36580256611678447
positive_derived,0.001,0.47170321935428616,3,0.3207282913165266
positive_derived,0.001,0.6059627021136009,0,0.14015151515151514
positive_derived,0.001,0.6059627021136009,1,0.36506746626686654
positive_derived,0.001,0.6059627021136009,2,0.3674339300937766
positive_derived,0.001,0.6059627021136009,3,0.31746031746031744
positive_derived,0.001,0.778436061673405,0,0.140625
positive_derived,0.001,0.778436061673405,1,0.3632107023411371
positive_derived,0.001,0.778436061673405,2,0.3702107279693486
positive_derived,0.001,0.778436061673405,3,0.30952380952380953
positive_derived,0.001,1.0,0,0.14285714285714285
positive_derived,0.001,1.0,1,0.3613725490196078
positive_derived,0.001,1.0,2,0.37640334762196365
positive_derived,0.001,1.0,3,0.3232323232323232
positive_derived,0.001,2.0,0,0.1446078431372549
positive_derived,0.001,2.0,1,0.35893719806763286
positive_derived,0.001,2.0,2,0.3827956989247312
positive_derived,0.001,2.0,3,0.375
positive_derived,0.001,3.0,0,0.14423076923076922
positive_derived,0.001,3.0,1,0.3593386507145231
positive_derived,0.001,3.0,2,0.38215488215488214
positive_derived,0.001,3.0,3,0.3645833333333333
positive_derived,0.001,10.0,0,0.15441176470588236
positive_derived,0.001,10.0,1,0.3874458874458874
positive_derived,0.001,10.0,2,0.3719468390804598
positive_derived,0.001,10.0,3,0.23946360153256704
positive_derived,0.0025,0.003,0,0.1467391304347826
positive_derived,0.0025,0.003,1,0.4574074074074074
positive_derived,0.0025,0.003,2,0.39028275587415373
positive_derived,0.0025,0.003,3,0.4144927536231884
positive_derived,0.0025,0.005,0,0.14722222222222223
positive_derived,0.0025,0.005,1,0.4434782608695652
positive_derived,0.0025,0.005,2,0.38585858585858585
positive_derived,0.0025,0.005,3,0.4140845070422535
positive_derived,0.0025,0.01,0,0.14772727272727273
positive_derived,0.0025,0.01,1,0.4230769230769231
positive_derived,0.0025,0.01,2,0.372166480862133
positive_derived,0.0025,0.01,3,0.41538461538461535
positive_derived,0.0025,0.02,0,0.1467391304347826
positive_derived,0.0025,0.02,1,0.3833333333333333
positive_derived,0.0025,0.02,2,0.356056338028169
positive_derived,0.0025,0.02,3,0.41025641025641024
positive_derived,0.0025,0.03,0,0.1411290322580645
positive_derived,0.0025,0.03,1,0.37438423645320196
positive_derived,0.0025,0.03,2,0.3525527969972414
positive_derived,0.0025,0.03,3,0.4007936507936508
positive_derived,0.0025,0.038538810670601456,0,0.14166666666666666
positive_derived,0.0025,0.038538810670601456,1,0.3793012871027055
positive_derived,0.0025,0.038538810670601456,2,0.35359951603145795
positive_derived,0.0025,0.038538810670601456,3,0.386892177589852
positive_derived,0.0025,0.049507997596815526,0,0.14087301587301587
positive_derived,0.0025,0.049507997596815526,1,0.3822222222222222
positive_derived,0.0025,0.049507997596815526,2,0.35491812664605515
positive_derived,0.0025,0.049507997596815526,3,0.38083735909822863
positive_derived,0.0025,0.06359931153547553,0,0.14087301587301587
positive_derived,0.0025,0.06359931153547553,1,0.3812765957446808
positive_derived,0.0025,0.06359931153547553,2,0.3543572984749455
positive_derived,0.0025,0.06359931153547553,3,0.3851851851851852
positive_derived,0.0025,0.08170139420154304,0,0.14087301587301587
positive_derived,0.0025,0.08170139420154304,1,0.37468671679197996
positive_derived,0.0025,0.08170139420154304,2,0.3542207792207792
positive_derived,0.0025,0.08170139420154304,3,0.2343669250645995
positive_derived,0.0025,0.10495581875524816,0,0.14087301587301587
positive_derived,0.0025,0.10495581875524816,1,0.3709677419354839
positive_derived,0.0025,0.10495581875524816,2,0.354502688172043
positive_derived,0.0025,0.10495581875524816,3,0.24761904761904763
positive_derived,0.0025,0.1348290809262157,0,0.14087301587301587
positive_derived,0.0025,0.1348290809262157,1,0.3685661764705882
positive_derived,0.0025,0.1348290809262157,2,0.3552513060709782
positive_derived,0.0025,0.1348290809262157,3,0.2727272727272727
positive_derived,0.0025,0.17320508075688773,0,0.14087301587301587
positive_derived,0.0025,0.17320508075688773,1,0.369551282051282
positive_derived,0.0025,0.17320508075688773,2,0.35744371822803195
positive_derived,0.0025,0.17320508075688773,3,0.2962962962962963
positive_derived,0.0025,0.2225039271491978,0,0.14015151515151514
positive_derived,0.0025,0.2225039271491978,1,0.3694083694083694
positive_derived,0.0025,0.2225039271491978,2,0.35914085914085914
positive_derived,0.0025,0.2225039271491978,3,0.2995642701525054
positive_derived,0.0025,0.2858345573956079,0,0.13949275362318841
positive_derived,0.0025,0.2858345573956079,1,0.3713924963924964
positive_derived,0.0025,0.2858345573956079,2,0.3595679012345679
positive_derived,0.0025,0.2858345573956079,3,0.3088235294117647
positive_derived,0.0025,0.3671907963528168,0,0.13970588235294118
positive_derived,0.0025,0.3671907963528168,1,0.3692084942084942
positive_derived,0.0025,0.3671907963528168,2,0.3619281045751634
positive_derived,0.0025,0.3671907963528168,3,0.3055555555555555
positive_derived,0.0025,0.47170321935428616,0,0.13992537313432835
positive_derived,0.0025,0.47170321935428616,1,0.3684210526315789
positive_derived,0.0025,0.47170321935428616,2,0.36580256611678447
positive_derived,0.0025,0.47170321935428616,3,0.3207282913165266
positive_derived,0.0025,0.6059627021136009,0,0.14015151515151514
positive_derived,0.0025,0.6059627021136009,1,0.36506746626686654
positive_derived,0.0025,0.6059627021136009,2,0.3674339300937766
positive_derived,0.0025,0.6059627021136009,3,0.31746031746031744
positive_derived,0.0025,0.778436061673405,0,0.140625
positive_derived,0.0025,0.778436061673405,1,0.3632107023411371
positive_derived,0.0025,0.778436061673405,2,0.3702107279693486
positive_derived,0.0025,0.778436061673405,3,0.30952380952380953
positive_derived,0.0025,1.0,0,0.14285714285714285
positive_derived,0.0025,1.0,1,0.36164465786314526
positive_derived,0.0025,1.0,2,0.3751956181533646
positive_derived,0.0025,1.0,3,0.3232323232323232
positive_derived,0.0025,2.0,0,0.1446078431372549
positive_derived,0.0025,2.0,1,0.35893719806763286
positive_derived,0.0025,2.0,2,0.3827956989247312
positive_derived,0.0025,2.0,3,0.375
positive_derived,0.0025,3.0,0,0.14423076923076922
positive_derived,0.0025,3.0,1,0.3593386507145231
positive_derived,0.0025,3.0,2,0.38215488215488214
positive_derived,0.0025,3.0,3,0.3645833333333333
positive_derived,0.0025,10.0,0,0.15441176470588236
positive_derived,0.0025,10.0,1,0.3874458874458874
positive_derived,0.0025,10.0,2,0.3719468390804598
positive_derived,0.0025,10.0,3,0.2391713747645951
positive_derived,0.005,0.003,0,0.1467391304347826
positive_derived,0.005,0.003,1,0.4574074074074074
positive_derived,0.005,0.003,2,0.39028275587415373
positive_derived,0.005,0.003,3,0.4144927536231884
positive_derived,0.005,0.005,0,0.14722222222222223
positive_derived,0.005,0.005,1,0.4434782608695652
positive_derived,0.005,0.005,2,0.38585858585858585
positive_derived,0.005,0.005,3,0.4140845070422535
positive_derived,0.005,0.01,0,0.14772727272727273
positive_derived,0.005,0.01,1,0.4230769230769231
positive_derived,0.005,0.01,2,0.372166480862133
positive_derived,0.005,0.01,3,0.41538461538461535
positive_derived,0.005,0.02,0,0.1467391304347826
positive_derived,0.005,0.02,1,0.38454106280193234
positive_derived,0.005,0.02,2,0.356056338028169
positive_derived,0.005,0.02,3,0.4145299145299145
positive_derived,0.005,0.03,0,0.1413934426229508
positive_derived,0.005,0.03,1,0.3735632183908046
positive_derived,0.005,0.03,2,0.3525527969972414
positive_derived,0.005,0.03,3,0.4007936507936508
positive_derived,0.005,0.038538810670601456,0,0.14166666666666666
positive_derived,0.005,0.038538810670601456,1,0.3793012871027055
positive_derived,0.005,0.038538810670601456,2,0.35386996904024764
positive_derived,0.005,0.038538810670601456,3,0.386892177589852
positive_derived,0.005,0.049507997596815526,0,0.14087301587301587
positive_derived,0.005,0.049507997596815526,1,0.3811965811965812
positive_derived,0.005,0.049507997596815526,2,0.35491812664605515
positive_derived,0.005,0.049507997596815526,3,0.3796296296296296
positive_derived,0.005,0.06359931153547553,0,0.14087301587301587
positive_derived,0.005,0.06359931153547553,1,0.3812765957446808
positive_derived,0.005,0.06359931153547553,2,0.3543572984749455
positive_derived,0.005,0.06359931153547553,3,0.3851851851851852
positive_derived,0.005,0.08170139420154304,0,0.14087301587301587
positive_derived,0.005,0.08170139420154304,1,0.37468671679197996
positive_derived,0.005,0.08170139420154304,2,0.3542207792207792
positive_derived,0.005,0.08170139420154304,3,0.2343669250645995
positive_derived,0.005,0.10495581875524816,0,0.14087301587301587
positive_derived,0.005,0.10495581875524816,1,0.3709677419354839
positive_derived,0.005,0.10495581875524816,2,0.354502688172043
positive_derived,0.005,0.10495581875524816,3,0.2512820512820513
positive_derived,0.005,0.1348290809262157,0,0.14087301587301587
positive_derived,0.005,0.1348290809262157,1,0.3685661764705882
positive_derived,0.005,0.1348290809262157,2,0.3552513060709782
positive_derived,0.005,0.1348290809262157,3,0.2727272727272727
positive_derived,0.005,0.17320508075688773,0,0.14087301587301587
positive_derived,0.005,0.17320508075688773,1,0.369551282051282
positive_derived,0.005,0.17320508075688773,2,0.35744371822803195
positive_derived,0.005,0.17320508075688773,3,0.2962962962962963
positive_derived,0.005,0.2225039271491978,0,0.14015151515151514
positive_derived,0.005,0.2225039271491978,1,0.3688141923436041
positive_derived,0.005,0.2225039271491978,2,0.35914085914085914
positive_derived,0.005,0.2225039271491978,3,0.2995642701525054
positive_derived,0.005,0.2858345573956079,0,0.13949275362318841
positive_derived,0.005,0.2858345573956079,1,0.3713924963924964
positive_derived,0.005,0.2858345573956079,2,0.3595679012345679
positive_derived,0.005,0.2858345573956079,3,0.3088235294117647
positive_derived,0.005,0.3671907963528168,0,0.13970588235294118
positive_derived,0.005,0.3671907963528168,1,0.3692084942084942
positive_derived,0.005,0.3671907963528168,2,0.3619281045751634
positive_derived,0.005,0.3671907963528168,3,0.3055555555555555
positive_derived,0.005,0.47170321935428616,0,0.13992537313432835
positive_derived,0.005,0.47170321935428616,1,0.3684210526315789
positive_derived,0.005,0.47170321935428616,2,0.36580256611678447
positive_derived,0.005,0.47170321935428616,3,0.3207282913165266
positive_derived,0.005,0.6059627021136009,0,0.14015151515151514
positive_derived,0.005,0.6059627021136009,1,0.36506746626686654
positive_derived,0.005,0.6059627021136009,2,0.3674339300937766
positive_derived,0.005,0.6059627021136009,3,0.31746031746031744
positive_derived,0.005,0.778436061673405,0,0.140625
positive_derived,0.005,0.778436061673405,1,0.3632107023411371
positive_derived,0.005,0.778436061673405,2,0.3702107279693486
positive_derived,0.005,0.778436061673405,3,0.30952380952380953
positive_derived,0.005,1.0,0,0.14285714285714285
positive_derived,0.005,1.0,1,0.36164465786314526
positive_derived,0.005,1.0,2,0.3751956181533646
positive_derived,0.005,1.0,3,0.3232323232323232
positive_derived,0.005,2.0,0,0.1446078431372549
positive_derived,0.005,2.0,1,0.35893719806763286
positive_derived,0.005,2.0,2,0.3827956989247312
positive_derived,0.005,2.0,3,0.375
positive_derived,0.005,3.0,0,0.14423076923076922
positive_derived,0.005,3.0,1,0.3593386507145231
positive_derived,0.005,3.0,2,0.38215488215488214
positive_derived,0.005,3.0,3,0.3655913978494624
positive_derived,0.005,10.0,0,0.15441176470588236
positive_derived,0.005,10.0,1,0.3861283643892339
positive_derived,0.005,10.0,2,0.3719468390804598
positive_derived,0.005,10.0,3,0.2391713747645951
positive_derived,0.01,0.003,0,0.14722222222222223
positive_derived,0.01,0.003,1,0.4037037037037037
positive_derived,0.01,0.003,2,0.3684371184371184
positive_derived,0.01,0.003,3,0.4074074074074074
positive_derived,0.01,0.005,0,0.14772727272727273
positive_derived,0.01,0.005,1,0.40485312899106
positive_derived,0.01,0.005,2,0.36507936507936506
positive_derived,0.01,0.005,3,0.4084967320261438
positive_derived,0.01,0.01,0,0.14386792452830188
positive_derived,0.01,0.01,1,0.4029038112522686
positive_derived,0.01,0.01,2,0.3620302287581699
positive_derived,0.01,0.01,3,0.4087301587301587
positive_derived,0.01,0.02,0,0.14015151515151514
positive_derived,0.01,0.02,1,0.3914141414141414
positive_derived,0.01,0.02,2,0.35975295934122486
positive_derived,0.01,0.02,3,0.41602728047740833
positive_derived,0.01,0.03,0,0.1413934426229508
positive_derived,0.01,0.03,1,0.39220779220779217
positive_derived,0.01,0.03,2,0.35852895148669794
positive_derived,0.01,0.03,3,0.3904761904761905
positive_derived,0.01,0.038538810670601456,0,0.1411290322580645
positive_derived,0.01,0.038538810670601456,1,0.3900966183574879
positive_derived,0.01,0.038538810670601456,2,0.3575956284153005
positive_derived,0.01,0.038538810670601456,3,0.38215488215488214
positive_derived,0.01,0.049507997596815526,0,0.1411290322580645
positive_derived,0.01,0.049507997596815526,1,0.38564102564102565
positive_derived,0.01,0.049507997596815526,2,0.356737012987013
positive_derived,0.01,0.049507997596815526,3,0.3762157382847038
positive_derived,0.01,0.06359931153547553,0,0.1411290322580645
positive_derived,0.01,0.06359931153547553,1,0.38128050531151303
positive_derived,0.01,0.06359931153547553,2,0.35547870404077175
positive_derived,0.01,0.06359931153547553,3,0.2185185185185185
positive_derived,0.01,0.08170139420154304,0,0.14087301587301587
positive_derived,0.01,0.08170139420154304,1,0.3755685510071475
positive_derived,0.01,0.08170139420154304,2,0.354485049833887
positive_derived,0.01,0.08170139420154304,3,0.2343669250645995
positive_derived,0.01,0.10495581875524816,0,0.14087301587301587
positive_derived,0.01,0.10495581875524816,1,0.3709677419354839
positive_derived,0.01,0.10495581875524816,2,0.3543039086517347
positive_derived,0.01,0.10495581875524816,3,0.2512820512820513
positive_derived,0.01,0.1348290809262157,0,0.14087301587301587
positive_derived,0.01,0.1348290809262157,1,0.3685661764705882
positive_derived,0.01,0.1348290809262157,2,0.3552513060709782
positive_derived,0.01,0.1348290809262157,3,0.2727272727272727
positive_derived,0.01,0.17320508075688773,0,0.14087301587301587
positive_derived,0.01,0.17320508075688773,1,0.369551282051282
positive_derived,0.01,0.17320508075688773,2,0.35744371822803195
positive_derived,0.01,0.17320508075688773,3,0.2962962962962963
positive_derived,0.01,0.2225039271491978,0,0.14015151515151514
positive_derived,0.01,0.2225039271491978,1,0.3694083694083694
positive_derived,0.01,0.2225039271491978,2,0.35914085914085914
positive_derived,0.01,0.2225039271491978,3,0.2995642701525054
positive_derived,0.01,0.2858345573956079,0,0.13949275362318841
positive_derived,0.01,0.2858345573956079,1,0.3713924963924964
positive_derived,0.01,0.2858345573956079,2,0.3595679012345679
positive_derived,0.01,0.2858345573956079,3,0.3088235294117647
positive_derived,0.01,0.3671907963528168,0,0.13970588235294118
positive_derived,0.01,0.3671907963528168,1,0.3692084942084942
positive_derived,0.01,0.3671907963528168,2,0.3619281045751634
positive_derived,0.01,0.3671907963528168,3,0.3055555555555555
positive_derived,0.01,0.47170321935428616,0,0.13992537313432835
positive_derived,0.01,0.47170321935428616,1,0.3684210526315789
positive_derived,0.01,0.47170321935428616,2,0.36580256611678447
positive_derived,0.01,0.47170321935428616,3,0.3207282913165266
positive_derived,0.01,0.6059627021136009,0,0.14015151515151514
positive_derived,0.01,0.6059627021136009,1,0.36506746626686654
positive_derived,0.01,0.6059627021136009,2,0.3674339300937766
positive_derived,0.01,0.6059627021136009,3,0.31746031746031744
positive_derived,0.01,0.778436061673405,0,0.140625
positive_derived,0.01,0.778436061673405,1,0.3632107023411371
positive_derived,0.01,0.778436061673405,2,0.3702107279693486
positive_derived,0.01,0.778436061673405,3,0.30952380952380953
positive_derived,0.01,1.0,0,0.14285714285714285
positive_derived,0.01,1.0,1,0.36164465786314526
positive_derived,0.01,1.0,2,0.3751956181533646
positive_derived,0.01,1.0,3,0.3232323232323232
positive_derived,0.01,2.0,0,0.1446078431372549
positive_derived,0.01,2.0,1,0.35893719806763286
positive_derived,0.01,2.0,2,0.3827956989247312
positive_derived,0.01,2.0,3,0.375
positive_derived,0.01,3.0,0,0.14423076923076922
positive_derived,0.01,3.0,1,0.3593386507145231
positive_derived,0.01,3.0,2,0.38215488215488214
positive_derived,0.01,3.0,3,0.3655913978494624
positive_derived,0.01,10.0,0,0.15441176470588236
positive_derived,0.01,10.0,1,0.3874458874458874
positive_derived,0.01,10.0,2,0.3719468390804598
positive_derived,0.01,10.0,3,0.2391713747645951
positive_derived,0.015,0.003,0,0.14351851851851852
positive_derived,0.015,0.003,1,0.4244306418219461
positive_derived,0.015,0.003,2,0.3817391304347826
positive_derived,0.015,0.003,3,0.42013888888888884
positive_derived,0.015,0.005,0,0.1419491525423729
positive_derived,0.015,0.005,1,0.4226190476190476
positive_derived,0.015,0.005,2,0.38071348940914157
positive_derived,0.015,0.005,3,0.437037037037037
positive_derived,0.015,0.01,0,0.14015151515151514
positive_derived,0.015,0.01,1,0.4125490196078431
positive_derived,0.015,0.01,2,0.37763253449527956
positive_derived,0.015,0.01,3,0.4772727272727273
positive_derived,0.015,0.02,0,0.1413934426229508
positive_derived,0.015,0.02,1,0.3955938697318008
positive_derived,0.015,0.02,2,0.3634102216191768
positive_derived,0.015,0.02,3,0.43006993006993005
positive_derived,0.015,0.03,0,0.1413934426229508
positive_derived,0.015,0.03,1,0.3788113695090439
positive_derived,0.015,0.03,2,0.3576139740523302
positive_derived,0.015,0.03,3,0.4065934065934066
positive_derived,0.015,0.038538810670601456,0,0.1413934426229508
positive_derived,0.015,0.038538810670601456,1,0.372053872053872
positive_derived,0.015,0.038538810670601456,2,0.35533177486063655
positive_derived,0.015,0.038538810670601456,3,0.23754152823920266
positive_derived,0.015,0.049507997596815526,0,0.1411290322580645
positive_derived,0.015,0.049507997596815526,1,0.36992481203007516
positive_derived,0.015,0.049507997596815526,2,0.3546195652173913
positive_derived,0.015,0.049507997596815526,3,0.24426450742240216
positive_derived,0.015,0.06359931153547553,0,0.1411290322580645
positive_derived,0.015,0.06359931153547553,1,0.36824529447480264
positive_derived,0.015,0.06359931153547553,2,0.3550750324943873
positive_derived,0.015,0.06359931153547553,3,0.25668449197860965
positive_derived,0.015,0.08170139420154304,0,0.14087301587301587
positive_derived,0.015,0.08170139420154304,1,0.36960784313725487
positive_derived,0.015,0.08170139420154304,2,0.35515129897152364
positive_derived,0.015,0.08170139420154304,3,0.262987012987013
positive_derived,0.015,0.10495581875524816,0,0.14087301587301587
positive_derived,0.015,0.10495581875524816,1,0.3677248677248677
positive_derived,0.015,0.10495581875524816,2,0.35519713261648744
positive_derived,0.015,0.10495581875524816,3,0.2672727272727273
positive_derived,0.015,0.1348290809262157,0,0.14087301587301587
positive_derived,0.015,0.1348290809262157,1,0.3677248677248677
positive_derived,0.015,0.1348290809262157,2,0.3565375302663438
positive_derived,0.015,0.1348290809262157,3,0.2833333333333333
positive_derived,0.015,0.17320508075688773,0,0.14087301587301587
positive_derived,0.015,0.17320508075688773,1,0.3685661764705882
positive_derived,0.015,0.17320508075688773,2,0.3596536796536796
positive_derived,0.015,0.17320508075688773,3,0.2962962962962963
positive_derived,0.015,0.2225039271491978,0,0.14015151515151514
positive_derived,0.015,0.2225039271491978,1,0.3685661764705882
positive_derived,0.015,0.2225039271491978,2,0.35948717948717945
positive_derived,0.015,0.2225039271491978,3,0.2995642701525054
positive_derived,0.015,0.2858345573956079,0,0.13949275362318841
positive_derived,0.015,0.2858345573956079,1,0.3713924963924964
positive_derived,0.015,0.2858345573956079,2,0.35980083857442346
positive_derived,0.015,0.2858345573956079,3,0.3088235294117647
positive_derived,0.015,0.3671907963528168,0,0.13970588235294118
positive_derived,0.015,0.3671907963528168,1,0.3692084942084942
positive_derived,0.015,0.3671907963528168,2,0.3619281045751634
positive_derived,0.015,0.3671907963528168,3,0.3055555555555555
positive_derived,0.015,0.47170321935428616,0,0.13992537313432835
positive_derived,0.015,0.47170321935428616,1,0.3684210526315789
positive_derived,0.015,0.47170321935428616,2,0.36580256611678447
positive_derived,0.015,0.47170321935428616,3,0.3207282913165266
positive_derived,0.015,0.6059627021136009,0,0.14015151515151514
positive_derived,0.015,0.6059627021136009,1,0.36506746626686654
positive_derived,0.015,0.6059627021136009,2,0.3674339300937766
positive_derived,0.015,0.6059627021136009,3,0.31746031746031744
positive_derived,0.015,0.778436061673405,0,0.140625
positive_derived,0.015,0.778436061673405,1,0.3632107023411371
positive_derived,0.015,0.778436061673405,2,0.3702107279693486
positive_derived,0.015,0.778436061673405,3,0.30952380952380953
positive_derived,0.015,1.0,0,0.14285714285714285
positive_derived,0.015,1.0,1,0.36164465786314526
positive_derived,0.015,1.0,2,0.3751956181533646
positive_derived,0.015,1.0,3,0.3232323232323232
positive_derived,0.015,2.0,0,0.1446078431372549
positive_derived,0.015,2.0,1,0.35893719806763286
positive_derived,0.015,2.0,2,0.3827956989247312
positive_derived,0.015,2.0,3,0.375
positive_derived,0.015,3.0,0,0.14423076923076922
positive_derived,0.015,3.0,1,0.3593386507145231
positive_derived,0.015,3.0,2,0.38215488215488214
positive_derived,0.015,3.0,3,0.3655913978494624
positive_derived,0.015,10.0,0,0.15441176470588236
positive_derived,0.015,10.0,1,0.3874458874458874
positive_derived,0.015,10.0,2,0.3719468390804598
positive_derived,0.015,10.0,3,0.2391713747645951
positive_derived,0.02,0.003,0,0.1413934426229508
positive_derived,0.02,0.003,1,0.4365079365079365
positive_derived,0.02,0.003,2,0.3849129593810445
positive_derived,0.02,0.003,3,0.4740740740740741
positive_derived,0.02,0.005,0,0.14038461538461539
positive_derived,0.02,0.005,1,0.4309523809523809
positive_derived,0.02,0.005,2,0.379979035639413
positive_derived,0.02,0.005,3,0.47883597883597884
positive_derived,0.02,0.01,0,0.1413934426229508
positive_derived,0.02,0.01,1,0.39814814814814814
positive_derived,0.02,0.01,2,0.3702956989247312
positive_derived,0.02,0.01,3,0.4880952380952381
positive_derived,0.02,0.02,0,0.14015151515151514
positive_derived,0.02,0.02,1,0.37575757575757573
positive_derived,0.02,0.02,2,0.3599439775910364
positive_derived,0.02,0.02,3,0.4574074074074074
positive_derived,0.02,0.03,0,0.13992537313432835
positive_derived,0.02,0.03,1,0.37226001511715795
positive_derived,0.02,0.03,2,0.3576197813485949
positive_derived,0.02,0.03,3,0.262987012987013
positive_derived,0.02,0.038538810670601456,0,0.14015151515151514
positive_derived,0.02,0.038538810670601456,1,0.3692084942084942
positive_derived,0.02,0.038538810670601456,2,0.3572493080689802
positive_derived,0.02,0.038538810670601456,3,0.2534722222222222
positive_derived,0.02,0.049507997596815526,0,0.140625
positive_derived,0.02,0.049507997596815526,1,0.368118572292801
positive_derived,0.02,0.049507997596815526,2,0.35708280790248004
positive_derived,0.02,0.049507997596815526,3,0.2507936507936508
positive_derived,0.02,0.06359931153547553,0,0.14087301587301587
positive_derived,0.02,0.06359931153547553,1,0.3714080459770115
positive_derived,0.02,0.06359931153547553,2,0.3581609195402299
positive_derived,0.02,0.06359931153547553,3,0.2595307917888563
positive_derived,0.02,0.08170139420154304,0,0.14087301587301587
positive_derived,0.02,0.08170139420154304,1,0.37083333333333335
positive_derived,0.02,0.08170139420154304,2,0.3579854809437386
positive_derived,0.02,0.08170139420154304,3,0.26666666666666666
positive_derived,0.02,0.10495581875524816,0,0.14087301587301587
positive_derived,0.02,0.10495581875524816,1,0.3702020202020202
positive_derived,0.02,0.10495581875524816,2,0.3606374056471904
positive_derived,0.02,0.10495581875524816,3,0.2792022792022792
positive_derived,0.02,0.1348290809262157,0,0.14087301587301587
positive_derived,0.02,0.1348290809262157,1,0.36933461909353904
positive_derived,0.02,0.1348290809262157,2,0.3616022375387074
positive_derived,0.02,0.1348290809262157,3,0.2768115942028986
positive_derived,0.02,0.17320508075688773,0,0.14087301587301587
positive_derived,0.02,0.17320508075688773,1,0.36824529447480264
positive_derived,0.02,0.17320508075688773,2,0.3627514600908501
positive_derived,0.02,0.17320508075688773,3,0.28835978835978837
positive_derived,0.02,0.2225039271491978,0,0.14015151515151514
positive_derived,0.02,0.2225039271491978,1,0.3702380952380952
positive_derived,0.02,0.2225039271491978,2,0.36231884057971014
positive_derived,0.02,0.2225039271491978,3,0.28835978835978837
positive_derived,0.02,0.2858345573956079,0,0.13949275362318841
positive_derived,0.02,0.2858345573956079,1,0.37003367003367005
positive_derived,0.02,0.2858345573956079,2,0.362111801242236
positive_derived,0.02,0.2858345573956079,3,0.3055555555555555
positive_derived,0.02,0.3671907963528168,0,0.13970588235294118
positive_derived,0.02,0.3671907963528168,1,0.3690590111642743
positive_derived,0.02,0.3671907963528168,2,0.3625319693094629
positive_derived,0.02,0.3671907963528168,3,0.3125
positive_derived,0.02,0.47170321935428616,0,0.13992537313432835
positive_derived,0.02,0.47170321935428616,1,0.3684210526315789
positive_derived,0.02,0.47170321935428616,2,0.36580256611678447
positive_derived,0.02,0.47170321935428616,3,0.3207282913165266
positive_derived,0.02,0.6059627021136009,0,0.14015151515151514
positive_derived,0.02,0.6059627021136009,1,0.36506746626686654
positive_derived,0.02,0.6059627021136009,2,0.3674339300937766
positive_derived,0.02,0.6059627021136009,3,0.31746031746031744
positive_derived,0.02,0.778436061673405,0,0.140625
positive_derived,0.02,0.778436061673405,1,0.3632107023411371
positive_derived,0.02,0.778436061673405,2,0.3702107279693486
positive_derived,0.02,0.778436061673405,3,0.30952380952380953
positive_derived,0.02,1.0,0,0.14285714285714285
positive_derived,0.02,1.0,1,0.36164465786314526
positive_derived,0.02,1.0,2,0.3751956181533646
positive_derived,0.02,1.0,3,0.3232323232323232
positive_derived,0.02,2.0,0,0.1446078431372549
positive_derived,0.02,2.0,1,0.35893719806763286
positive_derived,0.02,2.0,2,0.3827956989247312
positive_derived,0.02,2.0,3,0.375
positive_derived,0.02,3.0,0,0.14423076923076922
positive_derived,0.02,3.0,1,0.3593386507145231
positive_derived,0.02,3.0,2,0.38215488215488214
positive_derived,0.02,3.0,3,0.3655913978494624
positive_derived,0.02,10.0,0,0.15441176470588236
positive_derived,0.02,10.0,1,0.3874458874458874
positive_derived,0.02,10.0,2,0.3719468390804598
positive_derived,0.02,10.0,3,0.2391713747645951
positive_derived,0.025,0.003,0,0.14038461538461539
positive_derived,0.025,0.003,1,0.41384863123993554
positive_derived,0.025,0.003,2,0.38670908448214913
positive_derived,0.025,0.003,3,0.48739495798319327
positive_derived,0.025,0.005,0,0.14087301587301587
positive_derived,0.025,0.005,1,0.40354090354090355
positive_derived,0.025,0.005,2,0.3811965811965812
positive_derived,0.025,0.005,3,0.5069444444444444
positive_derived,0.025,0.01,0,0.14038461538461539
positive_derived,0.025,0.01,1,0.39345711759504864
positive_derived,0.025,0.01,2,0.36933010492332524
positive_derived,0.025,0.01,3,0.47916666666666663
positive_derived,0.025,0.02,0,0.13949275362318841
positive_derived,0.025,0.02,1,0.37922895357985836
positive_derived,0.025,0.02,2,0.36386946386946384
positive_derived,0.025,0.02,3,0.32440476190476186
positive_derived,0.025,0.03,0,0.13949275362318841
positive_derived,0.025,0.03,1,0.37481194928003436
positive_derived,0.025,0.03,2,0.3610232825524576
positive_derived,0.025,0.03,3,0.2954545454545454
positive_derived,0.025,0.038538810670601456,0,0.14015151515151514
positive_derived,0.025,0.038538810670601456,1,0.3719887955182073
positive_derived,0.025,0.038538810670601456,2,0.3609523809523809
positive_derived,0.025,0.038538810670601456,3,0.2934782608695652
positive_derived,0.025,0.049507997596815526,0,0.14038461538461539
positive_derived,0.025,0.049507997596815526,1,0.3708994708994709
positive_derived,0.025,0.049507997596815526,2,0.3614315291333925
positive_derived,0.025,0.049507997596815526,3,0.2934782608695652
positive_derived,0.025,0.06359931153547553,0,0.14038461538461539
positive_derived,0.025,0.06359931153547553,1,0.37171717171717167
positive_derived,0.025,0.06359931153547553,2,0.3615079365079365
positive_derived,0.025,0.06359931153547553,3,0.2954545454545454
positive_derived,0.025,0.08170139420154304,0,0.14038461538461539
positive_derived,0.025,0.08170139420154304,1,0.37018255578093306
positive_derived,0.025,0.08170139420154304,2,0.3620104841196423
positive_derived,0.025,0.08170139420154304,3,0.2976190476190476
positive_derived,0.025,0.10495581875524816,0,0.14015151515151514
positive_derived,0.025,0.10495581875524816,1,0.37018255578093306
positive_derived,0.025,0.10495581875524816,2,0.36353276353276354
positive_derived,0.025,0.10495581875524816,3,0.2933723196881092
positive_derived,0.025,0.1348290809262157,0,0.14015151515151514
positive_derived,0.025,0.1348290809262157,1,0.3696223316912972
positive_derived,0.025,0.1348290809262157,2,0.36446220930232553
positive_derived,0.025,0.1348290809262157,3,0.29074074074074074
positive_derived,0.025,0.17320508075688773,0,0.14015151515151514
positive_derived,0.025,0.17320508075688773,1,0.3695331695331695
positive_derived,0.025,0.17320508075688773,2,0.36398872445384073
positive_derived,0.025,0.17320508075688773,3,0.3
positive_derived,0.025,0.2225039271491978,0,0.13992537313432835
positive_derived,0.025,0.2225039271491978,1,0.3718091009988901
positive_derived,0.025,0.2225039271491978,2,0.3627514600908501
positive_derived,0.025,0.2225039271491978,3,0.3
positive_derived,0.025,0.2858345573956079,0,0.13949275362318841
positive_derived,0.025,0.2858345573956079,1,0.3705821205821206
positive_derived,0.025,0.2858345573956079,2,0.3630735212824765
positive_derived,0.025,0.2858345573956079,3,0.3088235294117647
positive_derived,0.025,0.3671907963528168,0,0.13970588235294118
positive_derived,0.025,0.3671907963528168,1,0.36894586894586895
positive_derived,0.025,0.3671907963528168,2,0.36413172234067753
positive_derived,0.025,0.3671907963528168,3,0.32440476190476186
positive_derived,0.025,0.47170321935428616,0,0.13992537313432835
positive_derived,0.025,0.47170321935428616,1,0.3671373555840821
positive_derived,0.025,0.47170321935428616,2,0.3662767244856797
positive_derived,0.025,0.47170321935428616,3,0.3207282913165266
positive_derived,0.025,0.6059627021136009,0,0.14015151515151514
positive_derived,0.025,0.6059627021136009,1,0.36506746626686654
positive_derived,0.025,0.6059627021136009,2,0.3674339300937766
positive_derived,0.025,0.6059627021136009,3,0.31453634085213034
positive_derived,0.025,0.778436061673405,0,0.140625
positive_derived,0.025,0.778436061673405,1,0.3632107023411371
positive_derived,0.025,0.778436061673405,2,0.3702107279693486
positive_derived,0.025,0.778436061673405,3,0.30952380952380953
positive_derived,0.025,1.0,0,0.14285714285714285
positive_derived,0.025,1.0,1,0.36164465786314526
positive_derived,0.025,1.0,2,0.3751956181533646
positive_derived,0.025,1.0,3,0.3232323232323232
positive_derived,0.025,2.0,0,0.1446078431372549
positive_derived,0.025,2.0,1,0.35893719806763286
positive_derived,0.025,2.0,2,0.3827956989247312
positive_derived,0.025,2.0,3,0.375
positive_derived,0.025,3.0,0,0.14423076923076922
positive_derived,0.025,3.0,1,0.3593386507145231
positive_derived,0.025,3.0,2,0.38215488215488214
positive_derived,0.025,3.0,3,0.3655913978494624
positive_derived,0.025,10.0,0,0.15441176470588236
positive_derived,0.025,10.0,1,0.3874458874458874
positive_derived,0.025,10.0,2,0.3719468390804598
positive_derived,0.025,10.0,3,0.2391713747645951
positive_derived,0.03,0.003,0,0.14038461538461539
positive_derived,0.03,0.003,1,0.3946886446886447
positive_derived,0.03,0.003,2,0.3835978835978836
positive_derived,0.03,0.003,3,0.31746031746031744
positive_derived,0.03,0.005,0,0.14038461538461539
positive_derived,0.03,0.005,1,0.39250744997871434
positive_derived,0.03,0.005,2,0.375
positive_derived,0.03,0.005,3,0.31746031746031744
positive_derived,0.03,0.01,0,0.13908450704225353
positive_derived,0.03,0.01,1,0.3848932676518883
positive_derived,0.03,0.01,2,0.3714080459770115
positive_derived,0.03,0.01,3,0.3088235294117647
positive_derived,0.03,0.02,0,0.13908450704225353
positive_derived,0.03,0.02,1,0.38263762855414396
positive_derived,0.03,0.02,2,0.3683005038937242
positive_derived,0.03,0.02,3,0.2995642701525054
positive_derived,0.03,0.03,0,0.1392857142857143
positive_derived,0.03,0.03,1,0.3742177722152691
positive_derived,0.03,0.03,2,0.3675438596491228
positive_derived,0.03,0.03,3,0.3032407407407407
positive_derived,0.03,0.038538810670601456,0,0.13992537313432835
positive_derived,0.03,0.038538810670601456,1,0.3737745098039216
positive_derived,0.03,0.038538810670601456,2,0.36774479397430215
positive_derived,0.03,0.038538810670601456,3,0.3032407407407407
positive_derived,0.03,0.049507997596815526,0,0.14015151515151514
positive_derived,0.03,0.049507997596815526,1,0.37254901960784315
positive_derived,0.03,0.049507997596815526,2,0.3675438596491228
positive_derived,0.03,0.049507997596815526,3,0.2995642701525054
positive_derived,0.03,0.06359931153547553,0,0.14015151515151514
positive_derived,0.03,0.06359931153547553,1,0.36873433583959897
positive_derived,0.03,0.06359931153547553,2,0.36709401709401707
positive_derived,0.03,0.06359931153547553,3,0.2995642701525054
positive_derived,0.03,0.08170139420154304,0,0.14015151515151514
positive_derived,0.03,0.08170139420154304,1,0.3651515151515151
positive_derived,0.03,0.08170139420154304,2,0.3653353814644137
positive_derived,0.03,0.08170139420154304,3,0.3055555555555555
positive_derived,0.03,0.10495581875524816,0,0.14015151515151514
positive_derived,0.03,0.10495581875524816,1,0.3651515151515151
positive_derived,0.03,0.10495581875524816,2,0.3657863618446984
positive_derived,0.03,0.10495581875524816,3,0.3055555555555555
positive_derived,0.03,0.1348290809262157,0,0.14015151515151514
positive_derived,0.03,0.1348290809262157,1,0.36587301587301585
positive_derived,0.03,0.1348290809262157,2,0.3657863618446984
positive_derived,0.03,0.1348290809262157,3,0.3088235294117647
positive_derived,0.03,0.17320508075688773,0,0.13992537313432835
positive_derived,0.03,0.17320508075688773,1,0.36709401709401707
positive_derived,0.03,0.17320508075688773,2,0.3657262277951933
positive_derived,0.03,0.17320508075688773,3,0.3088235294117647
positive_derived,0.03,0.2225039271491978,0,0.13949275362318841
positive_derived,0.03,0.2225039271491978,1,0.3679712100764732
positive_derived,0.03,0.2225039271491978,2,0.36543400102722134
positive_derived,0.03,0.2225039271491978,3,0.3088235294117647
positive_derived,0.03,0.2858345573956079,0,0.1392857142857143
positive_derived,0.03,0.2858345573956079,1,0.36818181818181817
positive_derived,0.03,0.2858345573956079,2,0.3643578643578643
positive_derived,0.03,0.2858345573956079,3,0.3207282913165266
positive_derived,0.03,0.3671907963528168,0,0.13970588235294118
positive_derived,0.03,0.3671907963528168,1,0.36828449328449325
positive_derived,0.03,0.3671907963528168,2,0.3645909645909646
positive_derived,0.03,0.3671907963528168,3,0.31746031746031744
positive_derived,0.03,0.47170321935428616,0,0.13992537313432835
positive_derived,0.03,0.47170321935428616,1,0.3671373555840821
positive_derived,0.03,0.47170321935428616,2,0.3662767244856797
positive_derived,0.03,0.47170321935428616,3,0.31453634085213034
positive_derived,0.03,0.6059627021136009,0,0.14015151515151514
positive_derived,0.03,0.6059627021136009,1,0.36506746626686654
positive_derived,0.03,0.6059627021136009,2,0.3674339300937766
positive_derived,0.03,0.6059627021136009,3,0.3119047619047619
positive_derived,0.03,0.778436061673405,0,0.140625
positive_derived,0.03,0.778436061673405,1,0.3632107023411371
positive_derived,0.03,0.778436061673405,2,0.3702107279693486
positive_derived,0.03,0.778436061673405,3,0.3119047619047619
positive_derived,0.03,1.0,0,0.14285714285714285
positive_derived,0.03,1.0,1,0.36164465786314526
positive_derived,0.03,1.0,2,0.3751956181533646
positive_derived,0.03,1.0,3,0.3232323232323232
positive_derived,0.03,2.0,0,0.1446078431372549
positive_derived,0.03,2.0,1,0.35893719806763286
positive_derived,0.03,2.0,2,0.3827956989247312
positive_derived,0.03,2.0,3,0.375
positive_derived,0.03,3.0,0,0.14423076923076922
positive_derived,0.03,3.0,1,0.3593386507145231
positive_derived,0.03,3.0,2,0.38215488215488214
positive_derived,0.03,3.0,3,0.3655913978494624
positive_derived,0.03,10.0,0,0.15441176470588236
positive_derived,0.03,10.0,1,0.3874458874458874
positive_derived,0.03,10.0,2,0.3719468390804598
positive_derived,0.03,10.0,3,0.2391713747645951
positive_derived,0.035,0.003,0,0.14038461538461539
positive_derived,0.035,0.003,1,0.39162561576354676
positive_derived,0.035,0.003,2,0.37438423645320196
positive_derived,0.035,0.003,3,0.3055555555555555
positive_derived,0.035,0.005,0,0.13970588235294118
positive_derived,0.035,0.005,1,0.3874458874458874
positive_derived,0.035,0.005,2,0.3732709916228326
positive_derived,0.035,0.005,3,0.2962962962962963
positive_derived,0.035,0.01,0,0.13908450704225353
positive_derived,0.035,0.01,1,0.3841698841698842
positive_derived,0.035,0.01,2,0.3698903290129611
positive_derived,0.035,0.01,3,0.3277777777777778
positive_derived,0.035,0.02,0,0.1386986301369863
positive_derived,0.035,0.02,1,0.3763888888888889
positive_derived,0.035,0.02,2,0.3693957115009746
positive_derived,0.035,0.02,3,0.3
positive_derived,0.035,0.03,0,0.1386986301369863
positive_derived,0.035,0.03,1,0.37124887690925423
positive_derived,0.035,0.03,2,0.3711229946524064
positive_derived,0.035,0.03,3,0.2933723196881092
positive_derived,0.035,0.038538810670601456,0,0.13908450704225353
positive_derived,0.035,0.038538810670601456,1,0.37145969498910675
positive_derived,0.035,0.038538810670601456,2,0.370485036119711
positive_derived,0.035,0.038538810670601456,3,0.29074074074074074
positive_derived,0.035,0.049507997596815526,0,0.13970588235294118
positive_derived,0.035,0.049507997596815526,1,0.37145969498910675
positive_derived,0.035,0.049507997596815526,2,0.3688952110004741
positive_derived,0.035,0.049507997596815526,3,0.29074074074074074
positive_derived,0.035,0.06359931153547553,0,0.14015151515151514
positive_derived,0.035,0.06359931153547553,1,0.37056277056277054
positive_derived,0.035,0.06359931153547553,2,0.3679712100764732
positive_derived,0.035,0.06359931153547553,3,0.3026315789473684
positive_derived,0.035,0.08170139420154304,0,0.14015151515151514
positive_derived,0.035,0.08170139420154304,1,0.36909323116219667
positive_derived,0.035,0.08170139420154304,2,0.3660785886126704
positive_derived,0.035,0.08170139420154304,3,0.3026315789473684
positive_derived,0.035,0.10495581875524816,0,0.14015151515151514
positive_derived,0.035,0.10495581875524816,1,0.3683005038937242
positive_derived,0.035,0.10495581875524816,2,0.3657262277951933
positive_derived,0.035,0.10495581875524816,3,0.3055555555555555
positive_derived,0.035,0.1348290809262157,0,0.14015151515151514
positive_derived,0.035,0.1348290809262157,1,0.3673765029697233
positive_derived,0.035,0.1348290809262157,2,0.3651515151515151
positive_derived,0.035,0.1348290809262157,3,0.3055555555555555
positive_derived,0.035,0.17320508075688773,0,0.13992537313432835
positive_derived,0.035,0.17320508075688773,1,0.36694915254237287
positive_derived,0.035,0.17320508075688773,2,0.3648148148148148
positive_derived,0.035,0.17320508075688773,3,0.3055555555555555
positive_derived,0.035,0.2225039271491978,0,0.1388888888888889
positive_derived,0.035,0.2225039271491978,1,0.36724137931034484
positive_derived,0.035,0.2225039271491978,2,0.36454159077109893
positive_derived,0.035,0.2225039271491978,3,0.3088235294117647
positive_derived,0.035,0.2858345573956079,0,0.1392857142857143
positive_derived,0.035,0.2858345573956079,1,0.3671373555840821
positive_derived,0.035,0.2858345573956079,2,0.3652306519252764
positive_derived,0.035,0.2858345573956079,3,0.31746031746031744
positive_derived,0.035,0.3671907963528168,0,0.13949275362318841
positive_derived,0.035,0.3671907963528168,1,0.36602870813397126
positive_derived,0.035,0.3671907963528168,2,0.3663003663003663
positive_derived,0.035,0.3671907963528168,3,0.31453634085213034
positive_derived,0.035,0.47170321935428616,0,0.13992537313432835
positive_derived,0.035,0.47170321935428616,1,0.36509730069052104
positive_derived,0.035,0.47170321935428616,2,0.3672243672243672
positive_derived,0.035,0.47170321935428616,3,0.30952380952380953
positive_derived,0.035,0.6059627021136009,0,0.14015151515151514
positive_derived,0.035,0.6059627021136009,1,0.3644668830388268
positive_derived,0.035,0.6059627021136009,2,0.3676470588235294
positive_derived,0.035,0.6059627021136009,3,0.30952380952380953
positive_derived,0.035,0.778436061673405,0,0.140625
positive_derived,0.035,0.778436061673405,1,0.3629023458810693
positive_derived,0.035,0.778436061673405,2,0.3702107279693486
positive_derived,0.035,0.778436061673405,3,0.30952380952380953
positive_derived,0.035,1.0,0,0.14285714285714285
positive_derived,0.035,1.0,1,0.36164465786314526
positive_derived,0.035,1.0,2,0.3751956181533646
positive_derived,0.035,1.0,3,0.3232323232323232
positive_derived,0.035,2.0,0,0.1446078431372549
positive_derived,0.035,2.0,1,0.35893719806763286
positive_derived,0.035,2.0,2,0.3827956989247312
positive_derived,0.035,2.0,3,0.375
positive_derived,0.035,3.0,0,0.14423076923076922
positive_derived,0.035,3.0,1,0.3593386507145231
positive_derived,0.035,3.0,2,0.38215488215488214
positive_derived,0.035,3.0,3,0.3655913978494624
positive_derived,0.035,10.0,0,0.15441176470588236
positive_derived,0.035,10.0,1,0.3874458874458874
positive_derived,0.035,10.0,2,0.3719468390804598
positive_derived,0.035,10.0,3,0.2391713747645951
positive_derived,0.04,0.003,0,0.14038461538461539
positive_derived,0.04,0.003,1,0.38655462184873945
positive_derived,0.04,0.003,2,0.37194899817850635
positive_derived,0.04,0.003,3,0.3232323232323232
positive_derived,0.04,0.005,0,0.14015151515151514
positive_derived,0.04,0.005,1,0.3833333333333333
positive_derived,0.04,0.005,2,0.36979166666666663
positive_derived,0.04,0.005,3,0.3194444444444444
positive_derived,0.04,0.01,0,0.13992537313432835
positive_derived,0.04,0.01,1,0.3811965811965812
positive_derived,0.04,0.01,2,0.3687743950039032
positive_derived,0.04,0.01,3,0.3162393162393162
positive_derived,0.04,0.02,0,0.13851351351351351
positive_derived,0.04,0.02,1,0.3696581196581196
positive_derived,0.04,0.02,2,0.3707983193277311
positive_derived,0.04,0.02,3,0.3035714285714286
positive_derived,0.04,0.03,0,0.13908450704225353
positive_derived,0.04,0.03,1,0.37037037037037035
positive_derived,0.04,0.03,2,0.3702192758796532
positive_derived,0.04,0.03,3,0.30036630036630035
positive_derived,0.04,0.038538810670601456,0,0.13949275362318841
positive_derived,0.04,0.038538810670601456,1,0.37037037037037035
positive_derived,0.04,0.038538810670601456,2,0.3684210526315789
positive_derived,0.04,0.038538810670601456,3,0.29
positive_derived,0.04,0.049507997596815526,0,0.13970588235294118
positive_derived,0.04,0.049507997596815526,1,0.3708994708994709
positive_derived,0.04,0.049507997596815526,2,0.3675438596491228
positive_derived,0.04,0.049507997596815526,3,0.29166666666666663
positive_derived,0.04,0.06359931153547553,0,0.13949275362318841
positive_derived,0.04,0.06359931153547553,1,0.3695331695331695
positive_derived,0.04,0.06359931153547553,2,0.3660785886126704
positive_derived,0.04,0.06359931153547553,3,0.29166666666666663
positive_derived,0.04,0.08170139420154304,0,0.13949275362318841
positive_derived,0.04,0.08170139420154304,1,0.3685927306616962
positive_derived,0.04,0.08170139420154304,2,0.3651515151515151
positive_derived,0.04,0.08170139420154304,3,0.2934782608695652
positive_derived,0.04,0.10495581875524816,0,0.14015151515151514
positive_derived,0.04,0.10495581875524816,1,0.367826345524829
positive_derived,0.04,0.10495581875524816,2,0.36454159077109893
positive_derived,0.04,0.10495581875524816,3,0.2954545454545454
positive_derived,0.04,0.1348290809262157,0,0.13992537313432835
positive_derived,0.04,0.1348290809262157,1,0.36709401709401707
positive_derived,0.04,0.1348290809262157,2,0.364021164021164
positive_derived,0.04,0.1348290809262157,3,0.30952380952380953
positive_derived,0.04,0.17320508075688773,0,0.13992537313432835
positive_derived,0.04,0.17320508075688773,1,0.36550387596899225
positive_derived,0.04,0.17320508075688773,2,0.36377314814814815
positive_derived,0.04,0.17320508075688773,3,0.30952380952380953
positive_derived,0.04,0.2225039271491978,0,0.13992537313432835
positive_derived,0.04,0.2225039271491978,1,0.36454159077109893
positive_derived,0.04,0.2225039271491978,2,0.36353276353276354
positive_derived,0.04,0.2225039271491978,3,0.3119047619047619
positive_derived,0.04,0.2858345573956079,0,0.13949275362318841
positive_derived,0.04,0.2858345573956079,1,0.36421952957947257
positive_derived,0.04,0.2858345573956079,2,0.36363636363636365
positive_derived,0.04,0.2858345573956079,3,0.30952380952380953
positive_derived,0.04,0.3671907963528168,0,0.13949275362318841
positive_derived,0.04,0.3671907963528168,1,0.36454159077109893
positive_derived,0.04,0.3671907963528168,2,0.36557886557886554
positive_derived,0.04,0.3671907963528168,3,0.3119047619047619
positive_derived,0.04,0.47170321935428616,0,0.13970588235294118
positive_derived,0.04,0.47170321935428616,1,0.364021164021164
positive_derived,0.04,0.47170321935428616,2,0.3667359667359667
positive_derived,0.04,0.47170321935428616,3,0.30952380952380953
positive_derived,0.04,0.6059627021136009,0,0.13992537313432835
positive_derived,0.04,0.6059627021136009,1,0.3630952380952381
positive_derived,0.04,0.6059627021136009,2,0.36708683473389353
positive_derived,0.04,0.6059627021136009,3,0.3053830227743271
positive_derived,0.04,0.778436061673405,0,0.140625
positive_derived,0.04,0.778436061673405,1,0.36237373737373735
positive_derived,0.04,0.778436061673405,2,0.3702107279693486
positive_derived,0.04,0.778436061673405,3,0.3053830227743271
positive_derived,0.04,1.0,0,0.14285714285714285
positive_derived,0.04,1.0,1,0.36164465786314526
positive_derived,0.04,1.0,2,0.3751956181533646
positive_derived,0.04,1.0,3,0.3232323232323232
positive_derived,0.04,2.0,0,0.1446078431372549
positive_derived,0.04,2.0,1,0.35893719806763286
positive_derived,0.04,2.0,2,0.3827956989247312
positive_derived,0.04,2.0,3,0.375
positive_derived,0.04,3.0,0,0.14423076923076922
positive_derived,0.04,3.0,1,0.3593386507145231
positive_derived,0.04,3.0,2,0.38215488215488214
positive_derived,0.04,3.0,3,0.3655913978494624
positive_derived,0.04,10.0,0,0.15441176470588236
positive_derived,0.04,10.0,1,0.3874458874458874
positive_derived,0.04,10.0,2,0.3719468390804598
positive_derived,0.04,10.0,3,0.2391713747645951
positive_derived,0.045,0.003,0,0.1413934426229508
positive_derived,0.045,0.003,1,0.3857142857142857
positive_derived,0.045,0.003,2,0.3694083694083694
positive_derived,0.045,0.003,3,0.3134920634920635
positive_derived,0.045,0.005,0,0.14087301587301587
positive_derived,0.045,0.005,1,0.3833333333333333
positive_derived,0.045,0.005,2,0.3685661764705882
positive_derived,0.045,0.005,3,0.3134920634920635
positive_derived,0.045,0.01,0,0.14015151515151514
positive_derived,0.045,0.01,1,0.37733142037302725
positive_derived,0.045,0.01,2,0.3698903290129611
positive_derived,0.045,0.01,3,0.3162393162393162
positive_derived,0.045,0.02,0,0.13851351351351351
positive_derived,0.045,0.02,1,0.36811201445347785
positive_derived,0.045,0.02,2,0.36909323116219667
positive_derived,0.045,0.02,3,0.2963875205254516
positive_derived,0.045,0.03,0,0.13908450704225353
positive_derived,0.045,0.03,1,0.3685185185185185
positive_derived,0.045,0.03,2,0.3675438596491228
positive_derived,0.045,0.03,3,0.2963875205254516
positive_derived,0.045,0.038538810670601456,0,0.13949275362318841
positive_derived,0.045,0.038538810670601456,1,0.36894586894586895
positive_derived,0.045,0.038538810670601456,2,0.36666666666666664
positive_derived,0.045,0.038538810670601456,3,0.2963875205254516
positive_derived,0.045,0.049507997596815526,0,0.13949275362318841
positive_derived,0.045,0.049507997596815526,1,0.3686091686091686
positive_derived,0.045,0.049507997596815526,2,0.36572252819302387
positive_derived,0.045,0.049507997596815526,3,0.2963875205254516
positive_derived,0.045,0.06359931153547553,0,0.1392857142857143
positive_derived,0.045,0.06359931153547553,1,0.3678571428571428
positive_derived,0.045,0.06359931153547553,2,0.36471022517534146
positive_derived,0.045,0.06359931153547553,3,0.2976190476190476
positive_derived,0.045,0.08170139420154304,0,0.1392857142857143
positive_derived,0.045,0.08170139420154304,1,0.36683487524530417
positive_derived,0.045,0.08170139420154304,2,0.36377314814814815
positive_derived,0.045,0.08170139420154304,3,0.2976190476190476
positive_derived,0.045,0.10495581875524816,0,0.13949275362318841
positive_derived,0.045,0.10495581875524816,1,0.36626016260162597
positive_derived,0.045,0.10495581875524816,2,0.3627514600908501
positive_derived,0.045,0.10495581875524816,3,0.2976190476190476
positive_derived,0.045,0.1348290809262157,0,0.13992537313432835
positive_derived,0.045,0.1348290809262157,1,0.36626016260162597
positive_derived,0.045,0.1348290809262157,2,0.3625319693094629
positive_derived,0.045,0.1348290809262157,3,0.2976190476190476
positive_derived,0.045,0.17320508075688773,0,0.13949275362318841
positive_derived,0.045,0.17320508075688773,1,0.36587301587301585
positive_derived,0.045,0.17320508075688773,2,0.3625319693094629
positive_derived,0.045,0.17320508075688773,3,0.3019047619047619
positive_derived,0.045,0.2225039271491978,0,0.13949275362318841
positive_derived,0.045,0.2225039271491978,1,0.3651515151515151
positive_derived,0.045,0.2225039271491978,2,0.36297760210803687
positive_derived,0.045,0.2225039271491978,3,0.3019047619047619
positive_derived,0.045,0.2858345573956079,0,0.14015151515151514
positive_derived,0.045,0.2858345573956079,1,0.36427718040621265
positive_derived,0.045,0.2858345573956079,2,0.36297760210803687
positive_derived,0.045,0.2858345573956079,3,0.3073593073593074
positive_derived,0.045,0.3671907963528168,0,0.14015151515151514
positive_derived,0.045,0.3671907963528168,1,0.36395511921458623
positive_derived,0.045,0.3671907963528168,2,0.36354309165526677
positive_derived,0.045,0.3671907963528168,3,0.3073593073593074
positive_derived,0.045,0.47170321935428616,0,0.13992537313432835
positive_derived,0.045,0.47170321935428616,1,0.3630952380952381
positive_derived,0.045,0.47170321935428616,2,0.36536994660564454
positive_derived,0.045,0.47170321935428616,3,0.3073593073593074
positive_derived,0.045,0.6059627021136009,0,0.13970588235294118
positive_derived,0.045,0.6059627021136009,1,0.3625396825396825
positive_derived,0.045,0.6059627021136009,2,0.36687370600414076
positive_derived,0.045,0.6059627021136009,3,0.3035714285714286
positive_derived,0.045,0.778436061673405,0,0.14087301587301587
positive_derived,0.045,0.778436061673405,1,0.3613725490196078
positive_derived,0.045,0.778436061673405,2,0.371031746031746
positive_derived,0.045,0.778436061673405,3,0.3019047619047619
positive_derived,0.045,1.0,0,0.14285714285714285
positive_derived,0.045,1.0,1,0.3608597285067873
positive_derived,0.045,1.0,2,0.3736986301369863
positive_derived,0.045,1.0,3,0.321256038647343
positive_derived,0.045,2.0,0,0.1446078431372549
positive_derived,0.045,2.0,1,0.35893719806763286
positive_derived,0.045,2.0,2,0.3827956989247312
positive_derived,0.045,2.0,3,0.375
positive_derived,0.045,3.0,0,0.14423076923076922
positive_derived,0.045,3.0,1,0.3593386507145231
positive_derived,0.045,3.0,2,0.38215488215488214
positive_derived,0.045,3.0,3,0.3655913978494624
positive_derived,0.045,10.0,0,0.15441176470588236
positive_derived,0.045,10.0,1,0.3874458874458874
positive_derived,0.045,10.0,2,0.3719468390804598
positive_derived,0.045,10.0,3,0.2391713747645951
positive_derived,0.05,0.003,0,0.14166666666666666
positive_derived,0.05,0.003,1,0.38334886610748675
positive_derived,0.05,0.003,2,0.3687743950039032
positive_derived,0.05,0.003,3,0.3100358422939068
positive_derived,0.05,0.005,0,0.1411290322580645
positive_derived,0.05,0.005,1,0.3798511430090377
positive_derived,0.05,0.005,2,0.3702020202020202
positive_derived,0.05,0.005,3,0.3111111111111111
positive_derived,0.05,0.01,0,0.1392857142857143
positive_derived,0.05,0.01,1,0.3751076658053402
positive_derived,0.05,0.01,2,0.36933010492332524
positive_derived,0.05,0.01,3,0.3111111111111111
positive_derived,0.05,0.02,0,0.1388888888888889
positive_derived,0.05,0.02,1,0.3677248677248677
positive_derived,0.05,0.02,2,0.366750208855472
positive_derived,0.05,0.02,3,0.29315476190476186
positive_derived,0.05,0.03,0,0.1392857142857143
positive_derived,0.05,0.03,1,0.36818181818181817
positive_derived,0.05,0.03,2,0.3645188690692877
positive_derived,0.05,0.03,3,0.2952380952380952
positive_derived,0.05,0.038538810670601456,0,0.1392857142857143
positive_derived,0.05,0.038538810670601456,1,0.36745063879210216
positive_derived,0.05,0.038538810670601456,2,0.3629217163445791
positive_derived,0.05,0.038538810670601456,3,0.2941628264208909
positive_derived,0.05,0.049507997596815526,0,0.13949275362318841
positive_derived,0.05,0.049507997596815526,1,0.36745063879210216
positive_derived,0.05,0.049507997596815526,2,0.36237373737373735
positive_derived,0.05,0.049507997596815526,3,0.2941628264208909
positive_derived,0.05,0.06359931153547553,0,0.13970588235294118
positive_derived,0.05,0.06359931153547553,1,0.36683487524530417
positive_derived,0.05,0.06359931153547553,2,0.36184677828513445
positive_derived,0.05,0.06359931153547553,3,0.2941628264208909
positive_derived,0.05,0.08170139420154304,0,0.13970588235294118
positive_derived,0.05,0.08170139420154304,1,0.36683487524530417
positive_derived,0.05,0.08170139420154304,2,0.36203703703703705
positive_derived,0.05,0.08170139420154304,3,0.2941628264208909
positive_derived,0.05,0.10495581875524816,0,0.13970588235294118
positive_derived,0.05,0.10495581875524816,1,0.3665426484773322
positive_derived,0.05,0.10495581875524816,2,0.3613396004700352
positive_derived,0.05,0.10495581875524816,3,0.2952380952380952
positive_derived,0.05,0.1348290809262157,0,0.13992537313432835
positive_derived,0.05,0.1348290809262157,1,0.3665426484773322
positive_derived,0.05,0.1348290809262157,2,0.36184677828513445
positive_derived,0.05,0.1348290809262157,3,0.2941628264208909
positive_derived,0.05,0.17320508075688773,0,0.13970588235294118
positive_derived,0.05,0.17320508075688773,1,0.36587301587301585
positive_derived,0.05,0.17320508075688773,2,0.36184677828513445
positive_derived,0.05,0.17320508075688773,3,0.2941628264208909
positive_derived,0.05,0.2225039271491978,0,0.13949275362318841
positive_derived,0.05,0.2225039271491978,1,0.3648782911077993
positive_derived,0.05,0.2225039271491978,2,0.361998361998362
positive_derived,0.05,0.2225039271491978,3,0.2963875205254516
positive_derived,0.05,0.2858345573956079,0,0.14038461538461539
positive_derived,0.05,0.2858345573956079,1,0.3636467627545184
positive_derived,0.05,0.2858345573956079,2,0.3619951040391677
positive_derived,0.05,0.2858345573956079,3,0.3019047619047619
positive_derived,0.05,0.3671907963528168,0,0.1411290322580645
positive_derived,0.05,0.3671907963528168,1,0.3627956989247312
positive_derived,0.05,0.3671907963528168,2,0.36333333333333334
positive_derived,0.05,0.3671907963528168,3,0.3035714285714286
positive_derived,0.05,0.47170321935428616,0,0.1413934426229508
positive_derived,0.05,0.47170321935428616,1,0.3625396825396825
positive_derived,0.05,0.47170321935428616,2,0.3657407407407407
positive_derived,0.05,0.47170321935428616,3,0.3053830227743271
positive_derived,0.05,0.6059627021136009,0,0.14087301587301587
positive_derived,0.05,0.6059627021136009,1,0.36133060189249827
positive_derived,0.05,0.6059627021136009,2,0.3672268907563025
positive_derived,0.05,0.6059627021136009,3,0.29166666666666663
positive_derived,0.05,0.778436061673405,0,0.140625
positive_derived,0.05,0.778436061673405,1,0.3611111111111111
positive_derived,0.05,0.778436061673405,2,0.371031746031746
positive_derived,0.05,0.778436061673405,3,0.3019047619047619
positive_derived,0.05,1.0,0,0.14285714285714285
positive_derived,0.05,1.0,1,0.36064659977703456
positive_derived,0.05,1.0,2,0.3726729891113453
positive_derived,0.05,1.0,3,0.31777777777777777
positive_derived,0.05,2.0,0,0.1446078431372549
positive_derived,0.05,2.0,1,0.35893719806763286
positive_derived,0.05,2.0,2,0.3827956989247312
positive_derived,0.05,2.0,3,0.375
positive_derived,0.05,3.0,0,0.14423076923076922
positive_derived,0.05,3.0,1,0.3593386507145231
positive_derived,0.05,3.0,2,0.38215488215488214
positive_derived,0.05,3.0,3,0.3655913978494624
positive_derived,0.05,10.0,0,0.15441176470588236
positive_derived,0.05,10.0,1,0.3874458874458874
positive_derived,0.05,10.0,2,0.3719468390804598
positive_derived,0.05,10.0,3,0.2391713747645951
positive_derived,0.055,0.003,0,0.14166666666666666
positive_derived,0.055,0.003,1,0.37733142037302725
positive_derived,0.055,0.003,2,0.369047619047619
positive_derived,0.055,0.003,3,0.3100358422939068
positive_derived,0.055,0.005,0,0.140625
positive_derived,0.055,0.005,1,0.3761904761904762
positive_derived,0.055,0.005,2,0.3685185185185185
positive_derived,0.055,0.005,3,0.3090277777777778
positive_derived,0.055,0.01,0,0.1392857142857143
positive_derived,0.055,0.01,1,0.37171052631578944
positive_derived,0.055,0.01,2,0.36709401709401707
positive_derived,0.055,0.01,3,0.3090277777777778
positive_derived,0.055,0.02,0,0.13908450704225353
positive_derived,0.055,0.02,1,0.3673881673881674
positive_derived,0.055,0.02,2,0.3640862495581477
positive_derived,0.055,0.02,3,0.29315476190476186
positive_derived,0.055,0.03,0,0.13949275362318841
positive_derived,0.055,0.03,1,0.36745063879210216
positive_derived,0.055,0.03,2,0.3629217163445791
positive_derived,0.055,0.03,3,0.29315476190476186
positive_derived,0.055,0.038538810670601456,0,0.13970588235294118
positive_derived,0.055,0.038538810670601456,1,0.366750208855472
positive_derived,0.055,0.038538810670601456,2,0.36203703703703705
positive_derived,0.055,0.038538810670601456,3,0.29315476190476186
positive_derived,0.055,0.049507997596815526,0,0.13970588235294118
positive_derived,0.055,0.049507997596815526,1,0.36644772851669405
positive_derived,0.055,0.049507997596815526,2,0.3605047434834669
positive_derived,0.055,0.049507997596815526,3,0.29315476190476186
positive_derived,0.055,0.06359931153547553,0,0.13992537313432835
positive_derived,0.055,0.06359931153547553,1,0.3665426484773322
positive_derived,0.055,0.06359931153547553,2,0.3605047434834669
positive_derived,0.055,0.06359931153547553,3,0.2941628264208909
positive_derived,0.055,0.08170139420154304,0,0.14015151515151514
positive_derived,0.055,0.08170139420154304,1,0.3665426484773322
positive_derived,0.055,0.08170139420154304,2,0.3608130999435347
positive_derived,0.055,0.08170139420154304,3,0.29315476190476186
positive_derived,0.055,0.10495581875524816,0,0.14015151515151514
positive_derived,0.055,0.10495581875524816,1,0.36694915254237287
positive_derived,0.055,0.10495581875524816,2,0.3608130999435347
positive_derived,0.055,0.10495581875524816,3,0.2922077922077922
positive_derived,0.055,0.1348290809262157,0,0.13992537313432835
positive_derived,0.055,0.1348290809262157,1,0.36626016260162597
positive_derived,0.055,0.1348290809262157,2,0.36113516113516114
positive_derived,0.055,0.1348290809262157,3,0.2922077922077922
positive_derived,0.055,0.17320508075688773,0,0.13992537313432835
positive_derived,0.055,0.17320508075688773,1,0.3651515151515151
positive_derived,0.055,0.17320508075688773,2,0.36164274322169054
positive_derived,0.055,0.17320508075688773,3,0.2963875205254516
positive_derived,0.055,0.2225039271491978,0,0.13992537313432835
positive_derived,0.055,0.2225039271491978,1,0.36421952957947257
positive_derived,0.055,0.2225039271491978,2,0.36275139067180145
positive_derived,0.055,0.2225039271491978,3,0.2963875205254516
positive_derived,0.055,0.2858345573956079,0,0.14087301587301587
positive_derived,0.055,0.2858345573956079,1,0.3633512544802867
positive_derived,0.055,0.2858345573956079,2,0.3635135135135135
positive_derived,0.055,0.2858345573956079,3,0.29894179894179895
positive_derived,0.055,0.3671907963528168,0,0.14166666666666666
positive_derived,0.055,0.3671907963528168,1,0.3620302287581699
positive_derived,0.055,0.3671907963528168,2,0.36626984126984125
positive_derived,0.055,0.3671907963528168,3,0.30036630036630035
positive_derived,0.055,0.47170321935428616,0,0.14166666666666666
positive_derived,0.055,0.47170321935428616,1,0.36153694968553457
positive_derived,0.055,0.47170321935428616,2,0.36761986057760704
positive_derived,0.055,0.47170321935428616,3,0.28846153846153844
positive_derived,0.055,0.6059627021136009,0,0.1419491525423729
positive_derived,0.055,0.6059627021136009,1,0.36133060189249827
positive_derived,0.055,0.6059627021136009,2,0.36768018018018017
positive_derived,0.055,0.6059627021136009,3,0.29166666666666663
positive_derived,0.055,0.778436061673405,0,0.14285714285714285
positive_derived,0.055,0.778436061673405,1,0.3608597285067873
positive_derived,0.055,0.778436061673405,2,0.371031746031746
positive_derived,0.055,0.778436061673405,3,0.3019047619047619
positive_derived,0.055,1.0,0,0.14285714285714285
positive_derived,0.055,1.0,1,0.360404703308723
positive_derived,0.055,1.0,2,0.3726729891113453
positive_derived,0.055,1.0,3,0.3162393162393162
positive_derived,0.055,2.0,0,0.1446078431372549
positive_derived,0.055,2.0,1,0.35893719806763286
positive_derived,0.055,2.0,2,0.3827956989247312
positive_derived,0.055,2.0,3,0.375
positive_derived,0.055,3.0,0,0.14423076923076922
positive_derived,0.055,3.0,1,0.3593386507145231
positive_derived,0.055,3.0,2,0.38215488215488214
positive_derived,0.055,3.0,3,0.3655913978494624
positive_derived,0.055,10.0,0,0.15441176470588236
positive_derived,0.055,10.0,1,0.3874458874458874
positive_derived,0.055,10.0,2,0.3719468390804598
positive_derived,0.055,10.0,3,0.2391713747645951
positive_derived,0.06,0.003,0,0.1413934426229508
positive_derived,0.06,0.003,1,0.3761969904240766
positive_derived,0.06,0.003,2,0.3675438596491228
positive_derived,0.06,0.003,3,0.3100358422939068
positive_derived,0.06,0.005,0,0.1413934426229508
positive_derived,0.06,0.005,1,0.37563676633444076
positive_derived,0.06,0.005,2,0.36666666666666664
positive_derived,0.06,0.005,3,0.3111111111111111
positive_derived,0.06,0.01,0,0.14015151515151514
positive_derived,0.06,0.01,1,0.37226001511715795
positive_derived,0.06,0.01,2,0.3649781113195747
positive_derived,0.06,0.01,3,0.3090277777777778
positive_derived,0.06,0.02,0,0.14015151515151514
positive_derived,0.06,0.02,1,0.36818181818181817
positive_derived,0.06,0.02,2,0.36152471709350803
positive_derived,0.06,0.02,3,0.3090277777777778
positive_derived,0.06,0.03,0,0.14015151515151514
positive_derived,0.06,0.03,1,0.3678571428571428
positive_derived,0.06,0.03,2,0.3608510638297872
positive_derived,0.06,0.03,3,0.3122605363984674
positive_derived,0.06,0.038538810670601456,0,0.14038461538461539
positive_derived,0.06,0.038538810670601456,1,0.3675438596491228
positive_derived,0.06,0.038538810670601456,2,0.3605047434834669
positive_derived,0.06,0.038538810670601456,3,0.3122605363984674
positive_derived,0.06,0.049507997596815526,0,0.14038461538461539
positive_derived,0.06,0.049507997596815526,1,0.3675438596491228
positive_derived,0.06,0.049507997596815526,2,0.36113516113516114
positive_derived,0.06,0.049507997596815526,3,0.3111111111111111
positive_derived,0.06,0.06359931153547553,0,0.14038461538461539
positive_derived,0.06,0.06359931153547553,1,0.36694915254237287
positive_derived,0.06,0.06359931153547553,2,0.36113516113516114
positive_derived,0.06,0.06359931153547553,3,0.3111111111111111
positive_derived,0.06,0.08170139420154304,0,0.14038461538461539
positive_derived,0.06,0.08170139420154304,1,0.3665426484773322
positive_derived,0.06,0.08170139420154304,2,0.36113516113516114
positive_derived,0.06,0.08170139420154304,3,0.3122605363984674
positive_derived,0.06,0.10495581875524816,0,0.14038461538461539
positive_derived,0.06,0.10495581875524816,1,0.3661555017487221
positive_derived,0.06,0.10495581875524816,2,0.3623642439431913
positive_derived,0.06,0.10495581875524816,3,0.3134920634920635
positive_derived,0.06,0.1348290809262157,0,0.140625
positive_derived,0.06,0.1348290809262157,1,0.3651515151515151
positive_derived,0.06,0.1348290809262157,2,0.36275139067180145
positive_derived,0.06,0.1348290809262157,3,0.31481481481481477
positive_derived,0.06,0.17320508075688773,0,0.14087301587301587
positive_derived,0.06,0.17320508075688773,1,0.36395511921458623
positive_derived,0.06,0.17320508075688773,2,0.3635135135135135
positive_derived,0.06,0.17320508075688773,3,0.2976190476190476
positive_derived,0.06,0.2225039271491978,0,0.140625
positive_derived,0.06,0.2225039271491978,1,0.36395511921458623
positive_derived,0.06,0.2225039271491978,2,0.3635135135135135
positive_derived,0.06,0.2225039271491978,3,0.29894179894179895
positive_derived,0.06,0.2858345573956079,0,0.1411290322580645
positive_derived,0.06,0.2858345573956079,1,0.36281179138321995
positive_derived,0.06,0.2858345573956079,2,0.36645468998410174
positive_derived,0.06,0.2858345573956079,3,0.29894179894179895
positive_derived,0.06,0.3671907963528168,0,0.14166666666666666
positive_derived,0.06,0.3671907963528168,1,0.3622916666666666
positive_derived,0.06,0.3671907963528168,2,0.367048867048867
positive_derived,0.06,0.3671907963528168,3,0.28703703703703703
positive_derived,0.06,0.47170321935428616,0,0.14224137931034483
positive_derived,0.06,0.47170321935428616,1,0.36129656507014996
positive_derived,0.06,0.47170321935428616,2,0.36835222319093286
positive_derived,0.06,0.47170321935428616,3,0.29
positive_derived,0.06,0.6059627021136009,0,0.14285714285714285
positive_derived,0.06,0.6059627021136009,1,0.3610792192881745
positive_derived,0.06,0.6059627021136009,2,0.36768018018018017
positive_derived,0.06,0.6059627021136009,3,0.28846153846153844
positive_derived,0.06,0.778436061673405,0,0.14285714285714285
positive_derived,0.06,0.778436061673405,1,0.3611111111111111
positive_derived,0.06,0.778436061673405,2,0.370020469217446
positive_derived,0.06,0.778436061673405,3,0.30036630036630035
positive_derived,0.06,1.0,0,0.1425438596491228
positive_derived,0.06,1.0,1,0.360404703308723
positive_derived,0.06,1.0,2,0.37084148727984345
positive_derived,0.06,1.0,3,0.31481481481481477
positive_derived,0.06,2.0,0,0.1446078431372549
positive_derived,0.06,2.0,1,0.35893719806763286
positive_derived,0.06,2.0,2,0.3827956989247312
positive_derived,0.06,2.0,3,0.375
positive_derived,0.06,3.0,0,0.14423076923076922
positive_derived,0.06,3.0,1,0.3593386507145231
positive_derived,0.06,3.0,2,0.38215488215488214
positive_derived,0.06,3.0,3,0.3655913978494624
positive_derived,0.06,10.0,0,0.15441176470588236
positive_derived,0.06,10.0,1,0.3874458874458874
positive_derived,0.06,10.0,2,0.3719468390804598
positive_derived,0.06,10.0,3,0.2391713747645951
positive_derived,0.065,0.003,0,0.1413934426229508
positive_derived,0.065,0.003,1,0.3761904761904762
positive_derived,0.065,0.003,2,0.36694915254237287
positive_derived,0.065,0.003,3,0.3100358422939068
positive_derived,0.065,0.005,0,0.14166666666666666
positive_derived,0.065,0.005,1,0.3773448773448773
positive_derived,0.065,0.005,2,0.3653353814644137
positive_derived,0.065,0.005,3,0.3111111111111111
positive_derived,0.065,0.01,0,0.1411290322580645
positive_derived,0.065,0.01,1,0.37365754812563323
positive_derived,0.065,0.01,2,0.36413172234067753
positive_derived,0.065,0.01,3,0.3090277777777778
positive_derived,0.065,0.02,0,0.1411290322580645
positive_derived,0.065,0.02,1,0.3686091686091686
positive_derived,0.065,0.02,2,0.3613396004700352
positive_derived,0.065,0.02,3,0.3122605363984674
positive_derived,0.065,0.03,0,0.1411290322580645
positive_derived,0.065,0.03,1,0.3675438596491228
positive_derived,0.065,0.03,2,0.3627198627198627
positive_derived,0.065,0.03,3,0.3122605363984674
positive_derived,0.065,0.038538810670601456,0,0.14087301587301587
positive_derived,0.065,0.038538810670601456,1,0.3675438596491228
positive_derived,0.065,0.038538810670601456,2,0.3621705426356589
positive_derived,0.065,0.038538810670601456,3,0.3122605363984674
positive_derived,0.065,0.049507997596815526,0,0.14087301587301587
positive_derived,0.065,0.049507997596815526,1,0.36724137931034484
positive_derived,0.065,0.049507997596815526,2,0.3621705426356589
positive_derived,0.065,0.049507997596815526,3,0.3111111111111111
positive_derived,0.065,0.06359931153547553,0,0.14087301587301587
positive_derived,0.065,0.06359931153547553,1,0.3665426484773322
positive_derived,0.065,0.06359931153547553,2,0.3627198627198627
positive_derived,0.065,0.06359931153547553,3,0.3122605363984674
positive_derived,0.065,0.08170139420154304,0,0.14087301587301587
positive_derived,0.065,0.08170139420154304,1,0.3657863618446984
positive_derived,0.065,0.08170139420154304,2,0.3625396825396825
positive_derived,0.065,0.08170139420154304,3,0.3122605363984674
positive_derived,0.065,0.10495581875524816,0,0.14087301587301587
positive_derived,0.065,0.10495581875524816,1,0.3648148148148148
positive_derived,0.065,0.10495581875524816,2,0.3625396825396825
positive_derived,0.065,0.10495581875524816,3,0.3122605363984674
positive_derived,0.065,0.1348290809262157,0,0.14087301587301587
positive_derived,0.065,0.1348290809262157,1,0.3631427304964539
positive_derived,0.065,0.1348290809262157,2,0.36292682926829267
positive_derived,0.065,0.1348290809262157,3,0.3134920634920635
positive_derived,0.065,0.17320508075688773,0,0.1411290322580645
positive_derived,0.065,0.17320508075688773,1,0.3632107023411371
positive_derived,0.065,0.17320508075688773,2,0.36333333333333334
positive_derived,0.065,0.17320508075688773,3,0.3162393162393162
positive_derived,0.065,0.2225039271491978,0,0.1413934426229508
positive_derived,0.065,0.2225039271491978,1,0.3632107023411371
positive_derived,0.065,0.2225039271491978,2,0.36421052631578943
positive_derived,0.065,0.2225039271491978,3,0.3122605363984674
positive_derived,0.065,0.2858345573956079,0,0.14166666666666666
positive_derived,0.065,0.2858345573956079,1,0.3633907463694698
positive_derived,0.065,0.2858345573956079,2,0.36500974658869395
positive_derived,0.065,0.2858345573956079,3,0.31481481481481477
positive_derived,0.065,0.3671907963528168,0,0.1419491525423729
positive_derived,0.065,0.3671907963528168,1,0.3630952380952381
positive_derived,0.065,0.3671907963528168,2,0.36645468998410174
positive_derived,0.065,0.3671907963528168,3,0.28846153846153844
positive_derived,0.065,0.47170321935428616,0,0.1425438596491228
positive_derived,0.065,0.47170321935428616,1,0.3622916666666666
positive_derived,0.065,0.47170321935428616,2,0.36768018018018017
positive_derived,0.065,0.47170321935428616,3,0.29
positive_derived,0.065,0.6059627021136009,0,0.14351851851851852
positive_derived,0.065,0.6059627021136009,1,0.3617898441427853
positive_derived,0.065,0.6059627021136009,2,0.3673245614035088
positive_derived,0.065,0.6059627021136009,3,0.28846153846153844
positive_derived,0.065,0.778436061673405,0,0.1431818181818182
positive_derived,0.065,0.778436061673405,1,0.3613725490196078
positive_derived,0.065,0.778436061673405,2,0.3688888888888889
positive_derived,0.065,0.778436061673405,3,0.29894179894179895
positive_derived,0.065,1.0,0,0.14285714285714285
positive_derived,0.065,1.0,1,0.3603848946986202
positive_derived,0.065,1.0,2,0.37065637065637064
positive_derived,0.065,1.0,3,0.31481481481481477
positive_derived,0.065,2.0,0,0.1446078431372549
positive_derived,0.065,2.0,1,0.35893719806763286
positive_derived,0.065,2.0,2,0.3827956989247312
positive_derived,0.065,2.0,3,0.375
positive_derived,0.065,3.0,0,0.14423076923076922
positive_derived,0.065,3.0,1,0.3593386507145231
positive_derived,0.065,3.0,2,0.38215488215488214
positive_derived,0.065,3.0,3,0.3655913978494624
positive_derived,0.065,10.0,0,0.15441176470588236
positive_derived,0.065,10.0,1,0.3874458874458874
positive_derived,0.065,10.0,2,0.3719468390804598
positive_derived,0.065,10.0,3,0.2391713747645951
positive_derived,0.07,0.003,0,0.14166666666666666
positive_derived,0.07,0.003,1,0.3785353535353535
positive_derived,0.07,0.003,2,0.36587301587301585
positive_derived,0.07,0.003,3,0.3100358422939068
positive_derived,0.07,0.005,0,0.14166666666666666
positive_derived,0.07,0.005,1,0.3773448773448773
positive_derived,0.07,0.005,2,0.36587301587301585
positive_derived,0.07,0.005,3,0.3090277777777778
positive_derived,0.07,0.01,0,0.14166666666666666
positive_derived,0.07,0.01,1,0.37226001511715795
positive_derived,0.07,0.01,2,0.36354309165526677
positive_derived,0.07,0.01,3,0.30718954248366015
positive_derived,0.07,0.02,0,0.1411290322580645
positive_derived,0.07,0.02,1,0.3692952749556523
positive_derived,0.07,0.02,2,0.36152471709350803
positive_derived,0.07,0.02,3,0.3100358422939068
positive_derived,0.07,0.03,0,0.14087301587301587
positive_derived,0.07,0.03,1,0.36828449328449325
positive_derived,0.07,0.03,2,0.36218347862183475
positive_derived,0.07,0.03,3,0.3100358422939068
positive_derived,0.07,0.038538810670601456,0,0.14087301587301587
positive_derived,0.07,0.038538810670601456,1,0.36745063879210216
positive_derived,0.07,0.038538810670601456,2,0.3621705426356589
positive_derived,0.07,0.038538810670601456,3,0.3100358422939068
positive_derived,0.07,0.049507997596815526,0,0.14087301587301587
positive_derived,0.07,0.049507997596815526,1,0.3657863618446984
positive_derived,0.07,0.049507997596815526,2,0.3618181818181818
positive_derived,0.07,0.049507997596815526,3,0.3122605363984674
positive_derived,0.07,0.06359931153547553,0,0.14087301587301587
positive_derived,0.07,0.06359931153547553,1,0.36509730069052104
positive_derived,0.07,0.06359931153547553,2,0.3618181818181818
positive_derived,0.07,0.06359931153547553,3,0.3122605363984674
positive_derived,0.07,0.08170139420154304,0,0.14087301587301587
positive_derived,0.07,0.08170139420154304,1,0.3641713747645951
positive_derived,0.07,0.08170139420154304,2,0.3618181818181818
positive_derived,0.07,0.08170139420154304,3,0.3122605363984674
positive_derived,0.07,0.10495581875524816,0,0.14087301587301587
positive_derived,0.07,0.10495581875524816,1,0.3641713747645951
positive_derived,0.07,0.10495581875524816,2,0.3621705426356589
positive_derived,0.07,0.10495581875524816,3,0.3111111111111111
positive_derived,0.07,0.1348290809262157,0,0.14087301587301587
positive_derived,0.07,0.1348290809262157,1,0.3644668830388268
positive_derived,0.07,0.1348290809262157,2,0.3625396825396825
positive_derived,0.07,0.1348290809262157,3,0.3111111111111111
positive_derived,0.07,0.17320508075688773,0,0.1411290322580645
positive_derived,0.07,0.17320508075688773,1,0.36509730069052104
positive_derived,0.07,0.17320508075688773,2,0.36292682926829267
positive_derived,0.07,0.17320508075688773,3,0.3111111111111111
positive_derived,0.07,0.2225039271491978,0,0.1419491525423729
positive_derived,0.07,0.2225039271491978,1,0.36421952957947257
positive_derived,0.07,0.2225039271491978,2,0.36376068376068377
positive_derived,0.07,0.2225039271491978,3,0.3111111111111111
positive_derived,0.07,0.2858345573956079,0,0.1425438596491228
positive_derived,0.07,0.2858345573956079,1,0.3636991028295376
positive_derived,0.07,0.2858345573956079,2,0.36627450980392157
positive_derived,0.07,0.2858345573956079,3,0.31481481481481477
positive_derived,0.07,0.3671907963528168,0,0.1425438596491228
positive_derived,0.07,0.3671907963528168,1,0.3633907463694698
positive_derived,0.07,0.3671907963528168,2,0.36609907120743035
positive_derived,0.07,0.3671907963528168,3,0.31777777777777777
positive_derived,0.07,0.47170321935428616,0,0.1431818181818182
positive_derived,0.07,0.47170321935428616,1,0.3639111731194047
positive_derived,0.07,0.47170321935428616,2,0.3671536796536796
positive_derived,0.07,0.47170321935428616,3,0.30036630036630035
positive_derived,0.07,0.6059627021136009,0,0.14351851851851852
positive_derived,0.07,0.6059627021136009,1,0.36421952957947257
positive_derived,0.07,0.6059627021136009,2,0.3671536796536796
positive_derived,0.07,0.6059627021136009,3,0.28703703703703703
positive_derived,0.07,0.778436061673405,0,0.14386792452830188
positive_derived,0.07,0.778436061673405,1,0.36281179138321995
positive_derived,0.07,0.778436061673405,2,0.36799660441426146
positive_derived,0.07,0.778436061673405,3,0.29894179894179895
positive_derived,0.07,1.0,0,0.1431818181818182
positive_derived,0.07,1.0,1,0.3608597285067873
positive_derived,0.07,1.0,2,0.3696551724137931
positive_derived,0.07,1.0,3,0.3134920634920635
positive_derived,0.07,2.0,0,0.1446078431372549
positive_derived,0.07,2.0,1,0.35893719806763286
positive_derived,0.07,2.0,2,0.3827956989247312
positive_derived,0.07,2.0,3,0.375
positive_derived,0.07,3.0,0,0.14423076923076922
positive_derived,0.07,3.0,1,0.3593386507145231
positive_derived,0.07,3.0,2,0.38215488215488214
positive_derived,0.07,3.0,3,0.3655913978494624
positive_derived,0.07,10.0,0,0.15441176470588236
positive_derived,0.07,10.0,1,0.3874458874458874
positive_derived,0.07,10.0,2,0.3719468390804598
positive_derived,0.07,10.0,3,0.2391713747645951
positive_derived,0.075,0.003,0,0.1419491525423729
positive_derived,0.075,0.003,1,0.3768518518518518
positive_derived,0.075,0.003,2,0.3652306519252764
positive_derived,0.075,0.003,3,0.3111111111111111
positive_derived,0.075,0.005,0,0.14166666666666666
positive_derived,0.075,0.005,1,0.37357357357357357
positive_derived,0.075,0.005,2,0.3652306519252764
positive_derived,0.075,0.005,3,0.3090277777777778
positive_derived,0.075,0.01,0,0.1419491525423729
positive_derived,0.075,0.01,1,0.37365754812563323
positive_derived,0.075,0.01,2,0.36363636363636365
positive_derived,0.075,0.01,3,0.3100358422939068
positive_derived,0.075,0.02,0,0.1411290322580645
positive_derived,0.075,0.02,1,0.37135135135135133
positive_derived,0.075,0.02,2,0.36237373737373735
positive_derived,0.075,0.02,3,0.30808080808080807
positive_derived,0.075,0.03,0,0.140625
positive_derived,0.075,0.03,1,0.36894586894586895
positive_derived,0.075,0.03,2,0.36115942028985504
positive_derived,0.075,0.03,3,0.30808080808080807
positive_derived,0.075,0.038538810670601456,0,0.140625
positive_derived,0.075,0.038538810670601456,1,0.3678571428571428
positive_derived,0.075,0.038538810670601456,2,0.3603801169590643
positive_derived,0.075,0.038538810670601456,3,0.3100358422939068
positive_derived,0.075,0.049507997596815526,0,0.140625
positive_derived,0.075,0.049507997596815526,1,0.3663810689514484
positive_derived,0.075,0.049507997596815526,2,0.3618181818181818
positive_derived,0.075,0.049507997596815526,3,0.3100358422939068
positive_derived,0.075,0.06359931153547553,0,0.14087301587301587
positive_derived,0.075,0.06359931153547553,1,0.36602870813397126
positive_derived,0.075,0.06359931153547553,2,0.3618181818181818
positive_derived,0.075,0.06359931153547553,3,0.3100358422939068
positive_derived,0.075,0.08170139420154304,0,0.14087301587301587
positive_derived,0.075,0.08170139420154304,1,0.36569200779727096
positive_derived,0.075,0.08170139420154304,2,0.3618181818181818
positive_derived,0.075,0.08170139420154304,3,0.3090277777777778
positive_derived,0.075,0.10495581875524816,0,0.1411290322580645
positive_derived,0.075,0.10495581875524816,1,0.36506746626686654
positive_derived,0.075,0.10495581875524816,2,0.36148148148148146
positive_derived,0.075,0.10495581875524816,3,0.3090277777777778
positive_derived,0.075,0.1348290809262157,0,0.1413934426229508
positive_derived,0.075,0.1348290809262157,1,0.3647752394988946
positive_derived,0.075,0.1348290809262157,2,0.36148148148148146
positive_derived,0.075,0.1348290809262157,3,0.30808080808080807
positive_derived,0.075,0.17320508075688773,0,0.1413934426229508
positive_derived,0.075,0.17320508075688773,1,0.36509730069052104
positive_derived,0.075,0.17320508075688773,2,0.3623642439431913
positive_derived,0.075,0.17320508075688773,3,0.3100358422939068
positive_derived,0.075,0.2225039271491978,0,0.14224137931034483
positive_derived,0.075,0.2225039271491978,1,0.36569200779727096
positive_derived,0.075,0.2225039271491978,2,0.36275139067180145
positive_derived,0.075,0.2225039271491978,3,0.3122605363984674
positive_derived,0.075,0.2858345573956079,0,0.1431818181818182
positive_derived,0.075,0.2858345573956079,1,0.36569200779727096
positive_derived,0.075,0.2858345573956079,2,0.36315789473684207
positive_derived,0.075,0.2858345573956079,3,0.31777777777777777
positive_derived,0.075,0.3671907963528168,0,0.14285714285714285
positive_derived,0.075,0.3671907963528168,1,0.366005291005291
positive_derived,0.075,0.3671907963528168,2,0.36483886483886485
positive_derived,0.075,0.3671907963528168,3,0.3194444444444444
positive_derived,0.075,0.47170321935428616,0,0.14351851851851852
positive_derived,0.075,0.47170321935428616,1,0.3650615901455767
positive_derived,0.075,0.47170321935428616,2,0.36635586635586637
positive_derived,0.075,0.47170321935428616,3,0.31777777777777777
positive_derived,0.075,0.6059627021136009,0,0.14386792452830188
positive_derived,0.075,0.6059627021136009,1,0.366005291005291
positive_derived,0.075,0.6059627021136009,2,0.36652236652236647
positive_derived,0.075,0.6059627021136009,3,0.3162393162393162
positive_derived,0.075,0.778436061673405,0,0.14386792452830188
positive_derived,0.075,0.778436061673405,1,0.3647959183673469
positive_derived,0.075,0.778436061673405,2,0.36799660441426146
positive_derived,0.075,0.778436061673405,3,0.31481481481481477
positive_derived,0.075,1.0,0,0.14351851851851852
positive_derived,0.075,1.0,1,0.36153846153846153
positive_derived,0.075,1.0,2,0.36983535259397327
positive_derived,0.075,1.0,3,0.3162393162393162
positive_derived,0.075,2.0,0,0.1446078431372549
positive_derived,0.075,2.0,1,0.35893719806763286
positive_derived,0.075,2.0,2,0.3827956989247312
positive_derived,0.075,2.0,3,0.375
positive_derived,0.075,3.0,0,0.14423076923076922
positive_derived,0.075,3.0,1,0.3593386507145231
positive_derived,0.075,3.0,2,0.38215488215488214
positive_derived,0.075,3.0,3,0.3655913978494624
positive_derived,0.075,10.0,0,0.15441176470588236
positive_derived,0.075,10.0,1,0.3874458874458874
positive_derived,0.075,10.0,2,0.3719468390804598
positive_derived,0.075,10.0,3,0.2391713747645951
positive_derived,0.08,0.003,0,0.1419491525423729
positive_derived,0.08,0.003,1,0.3767711962833914
positive_derived,0.08,0.003,2,0.36572252819302387
positive_derived,0.08,0.003,3,0.3090277777777778
positive_derived,0.08,0.005,0,0.14166666666666666
positive_derived,0.08,0.005,1,0.3761904761904762
positive_derived,0.08,0.005,2,0.36507936507936506
positive_derived,0.08,0.005,3,0.3090277777777778
positive_derived,0.08,0.01,0,0.14087301587301587
positive_derived,0.08,0.01,1,0.37510822510822506
positive_derived,0.08,0.01,2,0.36354309165526677
positive_derived,0.08,0.01,3,0.3090277777777778
positive_derived,0.08,0.02,0,0.140625
positive_derived,0.08,0.02,1,0.37226001511715795
positive_derived,0.08,0.02,2,0.36152471709350803
positive_derived,0.08,0.02,3,0.3055555555555556
positive_derived,0.08,0.03,0,0.140625
positive_derived,0.08,0.03,1,0.37010796221322534
positive_derived,0.08,0.03,2,0.3608510638297872
positive_derived,0.08,0.03,3,0.3055555555555556
positive_derived,0.08,0.038538810670601456,0,0.140625
positive_derived,0.08,0.038538810670601456,1,0.369745117510758
positive_derived,0.08,0.038538810670601456,2,0.3608510638297872
positive_derived,0.08,0.038538810670601456,3,0.3055555555555556
positive_derived,0.08,0.049507997596815526,0,0.140625
positive_derived,0.08,0.049507997596815526,1,0.36818181818181817
positive_derived,0.08,0.049507997596815526,2,0.36115942028985504
positive_derived,0.08,0.049507997596815526,3,0.3055555555555556
positive_derived,0.08,0.06359931153547553,0,0.140625
positive_derived,0.08,0.06359931153547553,1,0.36669435215946844
positive_derived,0.08,0.06359931153547553,2,0.36115942028985504
positive_derived,0.08,0.06359931153547553,3,0.30718954248366015
positive_derived,0.08,0.08170139420154304,0,0.140625
positive_derived,0.08,0.08170139420154304,1,0.3663810689514484
positive_derived,0.08,0.08170139420154304,2,0.3608510638297872
positive_derived,0.08,0.08170139420154304,3,0.30718954248366015
positive_derived,0.08,0.10495581875524816,0,0.14087301587301587
positive_derived,0.08,0.10495581875524816,1,0.366750208855472
positive_derived,0.08,0.10495581875524816,2,0.3608510638297872
positive_derived,0.08,0.10495581875524816,3,0.30718954248366015
positive_derived,0.08,0.1348290809262157,0,0.1413934426229508
positive_derived,0.08,0.1348290809262157,1,0.366750208855472
positive_derived,0.08,0.1348290809262157,2,0.3608510638297872
positive_derived,0.08,0.1348290809262157,3,0.30718954248366015
positive_derived,0.08,0.17320508075688773,0,0.1413934426229508
positive_derived,0.08,0.17320508075688773,1,0.366750208855472
positive_derived,0.08,0.17320508075688773,2,0.36130604288499024
positive_derived,0.08,0.17320508075688773,3,0.30808080808080807
positive_derived,0.08,0.2225039271491978,0,0.1413934426229508
positive_derived,0.08,0.2225039271491978,1,0.36669435215946844
positive_derived,0.08,0.2225039271491978,2,0.3623642439431913
positive_derived,0.08,0.2225039271491978,3,0.3122605363984674
positive_derived,0.08,0.2858345573956079,0,0.1431818181818182
positive_derived,0.08,0.2858345573956079,1,0.36807427373465107
positive_derived,0.08,0.2858345573956079,2,0.3625805089219723
positive_derived,0.08,0.2858345573956079,3,0.31481481481481477
positive_derived,0.08,0.3671907963528168,0,0.14285714285714285
positive_derived,0.08,0.3671907963528168,1,0.36735277301315034
positive_derived,0.08,0.3671907963528168,2,0.3643383643383643
positive_derived,0.08,0.3671907963528168,3,0.3162393162393162
positive_derived,0.08,0.47170321935428616,0,0.14285714285714285
positive_derived,0.08,0.47170321935428616,1,0.36666666666666664
positive_derived,0.08,0.47170321935428616,2,0.36518518518518517
positive_derived,0.08,0.47170321935428616,3,0.3162393162393162
positive_derived,0.08,0.6059627021136009,0,0.14386792452830188
positive_derived,0.08,0.6059627021136009,1,0.36666666666666664
positive_derived,0.08,0.6059627021136009,2,0.3659281894576012
positive_derived,0.08,0.6059627021136009,3,0.31481481481481477
positive_derived,0.08,0.778436061673405,0,0.14423076923076922
positive_derived,0.08,0.778436061673405,1,0.36545729402872257
positive_derived,0.08,0.778436061673405,2,0.3675
positive_derived,0.08,0.778436061673405,3,0.31481481481481477
positive_derived,0.08,1.0,0,0.14351851851851852
positive_derived,0.08,1.0,1,0.3628205128205128
positive_derived,0.08,1.0,2,0.36983535259397327
positive_derived,0.08,1.0,3,0.3162393162393162
positive_derived,0.08,2.0,0,0.1446078431372549
positive_derived,0.08,2.0,1,0.35893719806763286
positive_derived,0.08,2.0,2,0.3827956989247312
positive_derived,0.08,2.0,3,0.375
positive_derived,0.08,3.0,0,0.14423076923076922
positive_derived,0.08,3.0,1,0.3593386507145231
positive_derived,0.08,3.0,2,0.38215488215488214
positive_derived,0.08,3.0,3,0.3655913978494624
positive_derived,0.08,10.0,0,0.15441176470588236
positive_derived,0.08,10.0,1,0.3874458874458874
positive_derived,0.08,10.0,2,0.3719468390804598
positive_derived,0.08,10.0,3,0.2391713747645951
positive_derived,0.085,0.003,0,0.14166666666666666
positive_derived,0.085,0.003,1,0.3785353535353535
positive_derived,0.085,0.003,2,0.36507936507936506
positive_derived,0.085,0.003,3,0.30634920634920637
positive_derived,0.085,0.005,0,0.1413934426229508
positive_derived,0.085,0.005,1,0.3785353535353535
positive_derived,0.085,0.005,2,0.3636991028295376
positive_derived,0.085,0.005,3,0.3090277777777778
positive_derived,0.085,0.01,0,0.14087301587301587
positive_derived,0.085,0.01,1,0.3779411764705882
positive_derived,0.085,0.01,2,0.3631229235880398
positive_derived,0.085,0.01,3,0.3100358422939068
positive_derived,0.085,0.02,0,0.14015151515151514
positive_derived,0.085,0.02,1,0.3730994152046784
positive_derived,0.085,0.02,2,0.36152471709350803
positive_derived,0.085,0.02,3,0.3055555555555556
positive_derived,0.085,0.03,0,0.140625
positive_derived,0.085,0.03,1,0.37128535624776227
positive_derived,0.085,0.03,2,0.3605555555555555
positive_derived,0.085,0.03,3,0.3055555555555556
positive_derived,0.085,0.038538810670601456,0,0.140625
positive_derived,0.085,0.038538810670601456,1,0.3704081632653061
positive_derived,0.085,0.038538810670601456,2,0.3602721088435374
positive_derived,0.085,0.038538810670601456,3,0.30409356725146197
positive_derived,0.085,0.049507997596815526,0,0.14038461538461539
positive_derived,0.085,0.049507997596815526,1,0.37000165920026545
positive_derived,0.085,0.049507997596815526,2,0.3608510638297872
positive_derived,0.085,0.049507997596815526,3,0.30480480480480476
positive_derived,0.085,0.06359931153547553,0,0.14038461538461539
positive_derived,0.085,0.06359931153547553,1,0.37000165920026545
positive_derived,0.085,0.06359931153547553,2,0.3605555555555555
positive_derived,0.085,0.06359931153547553,3,0.30480480480480476
positive_derived,0.085,0.08170139420154304,0,0.14038461538461539
positive_derived,0.085,0.08170139420154304,1,0.37000165920026545
positive_derived,0.085,0.08170139420154304,2,0.3603801169590643
positive_derived,0.085,0.08170139420154304,3,0.30480480480480476
positive_derived,0.085,0.10495581875524816,0,0.140625
positive_derived,0.085,0.10495581875524816,1,0.37000165920026545
positive_derived,0.085,0.10495581875524816,2,0.3603801169590643
positive_derived,0.085,0.10495581875524816,3,0.30634920634920637
positive_derived,0.085,0.1348290809262157,0,0.140625
positive_derived,0.085,0.1348290809262157,1,0.37000165920026545
positive_derived,0.085,0.1348290809262157,2,0.3609839816933638
positive_derived,0.085,0.1348290809262157,3,0.30718954248366015
positive_derived,0.085,0.17320508075688773,0,0.1411290322580645
positive_derived,0.085,0.17320508075688773,1,0.3695934959349593
positive_derived,0.085,0.17320508075688773,2,0.360675625233296
positive_derived,0.085,0.17320508075688773,3,0.30808080808080807
positive_derived,0.085,0.2225039271491978,0,0.1413934426229508
positive_derived,0.085,0.2225039271491978,1,0.3695934959349593
positive_derived,0.085,0.2225039271491978,2,0.36147186147186144
positive_derived,0.085,0.2225039271491978,3,0.3111111111111111
positive_derived,0.085,0.2858345573956079,0,0.1413934426229508
positive_derived,0.085,0.2858345573956079,1,0.36961451247165533
positive_derived,0.085,0.2858345573956079,2,0.3623642439431913
positive_derived,0.085,0.2858345573956079,3,0.31481481481481477
positive_derived,0.085,0.3671907963528168,0,0.1419491525423729
positive_derived,0.085,0.3671907963528168,1,0.36961451247165533
positive_derived,0.085,0.3671907963528168,2,0.36486486486486486
positive_derived,0.085,0.3671907963528168,3,0.3162393162393162
positive_derived,0.085,0.47170321935428616,0,0.1431818181818182
positive_derived,0.085,0.47170321935428616,1,0.3688930117501546
positive_derived,0.085,0.47170321935428616,2,0.36486486486486486
positive_derived,0.085,0.47170321935428616,3,0.3162393162393162
positive_derived,0.085,0.6059627021136009,0,0.14351851851851852
positive_derived,0.085,0.6059627021136009,1,0.36737891737891737
positive_derived,0.085,0.6059627021136009,2,0.3658944658944659
positive_derived,0.085,0.6059627021136009,3,0.3162393162393162
positive_derived,0.085,0.778436061673405,0,0.1446078431372549
positive_derived,0.085,0.778436061673405,1,0.3663856550247558
positive_derived,0.085,0.778436061673405,2,0.36686868686868684
positive_derived,0.085,0.778436061673405,3,0.31481481481481477
positive_derived,0.085,1.0,0,0.14351851851851852
positive_derived,0.085,1.0,1,0.36433566433566433
positive_derived,0.085,1.0,2,0.36983535259397327
positive_derived,0.085,1.0,3,0.31777777777777777
positive_derived,0.085,2.0,0,0.1446078431372549
positive_derived,0.085,2.0,1,0.35893719806763286
positive_derived,0.085,2.0,2,0.3827956989247312
positive_derived,0.085,2.0,3,0.375
positive_derived,0.085,3.0,0,0.14423076923076922
positive_derived,0.085,3.0,1,0.3593386507145231
positive_derived,0.085,3.0,2,0.38215488215488214
positive_derived,0.085,3.0,3,0.3655913978494624
positive_derived,0.085,10.0,0,0.15441176470588236
positive_derived,0.085,10.0,1,0.3874458874458874
positive_derived,0.085,10.0,2,0.3719468390804598
positive_derived,0.085,10.0,3,0.2391713747645951
positive_derived,0.09,0.003,0,0.1425438596491228
positive_derived,0.09,0.003,1,0.3798076923076923
positive_derived,0.09,0.003,2,0.36413172234067753
positive_derived,0.09,0.003,3,0.3055555555555556
positive_derived,0.09,0.005,0,0.1419491525423729
positive_derived,0.09,0.005,1,0.3798076923076923
positive_derived,0.09,0.005,2,0.3636991028295376
positive_derived,0.09,0.005,3,0.3055555555555556
positive_derived,0.09,0.01,0,0.1411290322580645
positive_derived,0.09,0.01,1,0.37675070028011204
positive_derived,0.09,0.01,2,0.3631229235880398
positive_derived,0.09,0.01,3,0.30808080808080807
positive_derived,0.09,0.02,0,0.14015151515151514
positive_derived,0.09,0.02,1,0.37468671679197996
positive_derived,0.09,0.02,2,0.36277056277056274
positive_derived,0.09,0.02,3,0.3090277777777778
positive_derived,0.09,0.03,0,0.13992537313432835
positive_derived,0.09,0.03,1,0.37325581395348834
positive_derived,0.09,0.03,2,0.3602721088435374
positive_derived,0.09,0.03,3,0.30718954248366015
positive_derived,0.09,0.038538810670601456,0,0.13992537313432835
positive_derived,0.09,0.038538810670601456,1,0.37232076866223207
positive_derived,0.09,0.038538810670601456,2,0.3602721088435374
positive_derived,0.09,0.038538810670601456,3,0.30634920634920637
positive_derived,0.09,0.049507997596815526,0,0.14015151515151514
positive_derived,0.09,0.049507997596815526,1,0.3709454796411318
positive_derived,0.09,0.049507997596815526,2,0.3605555555555555
positive_derived,0.09,0.049507997596815526,3,0.3055555555555556
positive_derived,0.09,0.06359931153547553,0,0.14015151515151514
positive_derived,0.09,0.06359931153547553,1,0.3709454796411318
positive_derived,0.09,0.06359931153547553,2,0.3602721088435374
positive_derived,0.09,0.06359931153547553,3,0.30634920634920637
positive_derived,0.09,0.08170139420154304,0,0.14038461538461539
positive_derived,0.09,0.08170139420154304,1,0.3709454796411318
positive_derived,0.09,0.08170139420154304,2,0.3605555555555555
positive_derived,0.09,0.08170139420154304,3,0.30634920634920637
positive_derived,0.09,0.10495581875524816,0,0.14038461538461539
positive_derived,0.09,0.10495581875524816,1,0.3709454796411318
positive_derived,0.09,0.10495581875524816,2,0.3610312440099674
positive_derived,0.09,0.10495581875524816,3,0.30634920634920637
positive_derived,0.09,0.1348290809262157,0,0.14038461538461539
positive_derived,0.09,0.1348290809262157,1,0.37048294495103007
positive_derived,0.09,0.1348290809262157,2,0.361998361998362
positive_derived,0.09,0.1348290809262157,3,0.30718954248366015
positive_derived,0.09,0.17320508075688773,0,0.14038461538461539
positive_derived,0.09,0.17320508075688773,1,0.37048294495103007
positive_derived,0.09,0.17320508075688773,2,0.3629049793433355
positive_derived,0.09,0.17320508075688773,3,0.30808080808080807
positive_derived,0.09,0.2225039271491978,0,0.140625
positive_derived,0.09,0.2225039271491978,1,0.3709454796411318
positive_derived,0.09,0.2225039271491978,2,0.3636986301369863
positive_derived,0.09,0.2225039271491978,3,0.3090277777777778
positive_derived,0.09,0.2858345573956079,0,0.140625
positive_derived,0.09,0.2858345573956079,1,0.37048294495103007
positive_derived,0.09,0.2858345573956079,2,0.36536536536536535
positive_derived,0.09,0.2858345573956079,3,0.31481481481481477
positive_derived,0.09,0.3671907963528168,0,0.14087301587301587
positive_derived,0.09,0.3671907963528168,1,0.37048294495103007
positive_derived,0.09,0.3671907963528168,2,0.364766081871345
positive_derived,0.09,0.3671907963528168,3,0.3162393162393162
positive_derived,0.09,0.47170321935428616,0,0.1431818181818182
positive_derived,0.09,0.47170321935428616,1,0.3688930117501546
positive_derived,0.09,0.47170321935428616,2,0.364766081871345
positive_derived,0.09,0.47170321935428616,3,0.3162393162393162
positive_derived,0.09,0.6059627021136009,0,0.14351851851851852
positive_derived,0.09,0.6059627021136009,1,0.3681481481481481
positive_derived,0.09,0.6059627021136009,2,0.3650499814883376
positive_derived,0.09,0.6059627021136009,3,0.3162393162393162
positive_derived,0.09,0.778436061673405,0,0.1446078431372549
positive_derived,0.09,0.778436061673405,1,0.3667484997272231
positive_derived,0.09,0.778436061673405,2,0.36686868686868684
positive_derived,0.09,0.778436061673405,3,0.31481481481481477
positive_derived,0.09,1.0,0,0.14386792452830188
positive_derived,0.09,1.0,1,0.3649237472766884
positive_derived,0.09,1.0,2,0.3688888888888889
positive_derived,0.09,1.0,3,0.3162393162393162
positive_derived,0.09,2.0,0,0.1446078431372549
positive_derived,0.09,2.0,1,0.35893719806763286
positive_derived,0.09,2.0,2,0.3827956989247312
positive_derived,0.09,2.0,3,0.375
positive_derived,0.09,3.0,0,0.14423076923076922
positive_derived,0.09,3.0,1,0.3593386507145231
positive_derived,0.09,3.0,2,0.38215488215488214
positive_derived,0.09,3.0,3,0.3655913978494624
positive_derived,0.09,10.0,0,0.15441176470588236
positive_derived,0.09,10.0,1,0.3874458874458874
positive_derived,0.09,10.0,2,0.3719468390804598
positive_derived,0.09,10.0,3,0.2391713747645951
positive_derived,0.095,0.003,0,0.1419491525423729
positive_derived,0.095,0.003,1,0.37916666666666665
positive_derived,0.095,0.003,2,0.3649781113195747
positive_derived,0.095,0.003,3,0.3055555555555556
positive_derived,0.095,0.005,0,0.1419491525423729
positive_derived,0.095,0.005,1,0.3779411764705882
positive_derived,0.095,0.005,2,0.36557886557886554
positive_derived,0.095,0.005,3,0.30634920634920637
positive_derived,0.095,0.01,0,0.14015151515151514
positive_derived,0.095,0.01,1,0.37516087516087515
positive_derived,0.095,0.01,2,0.3649201040505388
positive_derived,0.095,0.01,3,0.30808080808080807
positive_derived,0.095,0.02,0,0.13949275362318841
positive_derived,0.095,0.02,1,0.37423687423687424
positive_derived,0.095,0.02,2,0.3649201040505388
positive_derived,0.095,0.02,3,0.30480480480480476
positive_derived,0.095,0.03,0,0.13970588235294118
positive_derived,0.095,0.03,1,0.37368316438083876
positive_derived,0.095,0.03,2,0.36536994660564454
positive_derived,0.095,0.03,3,0.30409356725146197
positive_derived,0.095,0.038538810670601456,0,0.13992537313432835
positive_derived,0.095,0.038538810670601456,1,0.37368316438083876
positive_derived,0.095,0.038538810670601456,2,0.3647130647130647
positive_derived,0.095,0.038538810670601456,3,0.3055555555555556
positive_derived,0.095,0.049507997596815526,0,0.13992537313432835
positive_derived,0.095,0.049507997596815526,1,0.3731546231546231
positive_derived,0.095,0.049507997596815526,2,0.3645118574696039
positive_derived,0.095,0.049507997596815526,3,0.3055555555555556
positive_derived,0.095,0.06359931153547553,0,0.14015151515151514
positive_derived,0.095,0.06359931153547553,1,0.3731546231546231
positive_derived,0.095,0.06359931153547553,2,0.3632908562486027
positive_derived,0.095,0.06359931153547553,3,0.3055555555555556
positive_derived,0.095,0.08170139420154304,0,0.14038461538461539
positive_derived,0.095,0.08170139420154304,1,0.37232076866223207
positive_derived,0.095,0.08170139420154304,2,0.361998361998362
positive_derived,0.095,0.08170139420154304,3,0.30634920634920637
positive_derived,0.095,0.10495581875524816,0,0.14038461538461539
positive_derived,0.095,0.10495581875524816,1,0.37232076866223207
positive_derived,0.095,0.10495581875524816,2,0.361998361998362
positive_derived,0.095,0.10495581875524816,3,0.30634920634920637
positive_derived,0.095,0.1348290809262157,0,0.14038461538461539
positive_derived,0.095,0.1348290809262157,1,0.37232076866223207
positive_derived,0.095,0.1348290809262157,2,0.36218347862183475
positive_derived,0.095,0.1348290809262157,3,0.30634920634920637
positive_derived,0.095,0.17320508075688773,0,0.140625
positive_derived,0.095,0.17320508075688773,1,0.37232076866223207
positive_derived,0.095,0.17320508075688773,2,0.3629049793433355
positive_derived,0.095,0.17320508075688773,3,0.30718954248366015
positive_derived,0.095,0.2225039271491978,0,0.14087301587301587
positive_derived,0.095,0.2225039271491978,1,0.37181571815718156
positive_derived,0.095,0.2225039271491978,2,0.3650499814883376
positive_derived,0.095,0.2225039271491978,3,0.3090277777777778
positive_derived,0.095,0.2858345573956079,0,0.14087301587301587
positive_derived,0.095,0.2858345573956079,1,0.37133262636974196
positive_derived,0.095,0.2858345573956079,2,0.3652402402402402
positive_derived,0.095,0.2858345573956079,3,0.3122605363984674
positive_derived,0.095,0.3671907963528168,0,0.14166666666666666
positive_derived,0.095,0.3671907963528168,1,0.36976144422952933
positive_derived,0.095,0.3671907963528168,2,0.3649617000247096
positive_derived,0.095,0.3671907963528168,3,0.3162393162393162
positive_derived,0.095,0.47170321935428616,0,0.1431818181818182
positive_derived,0.095,0.47170321935428616,1,0.36976144422952933
positive_derived,0.095,0.47170321935428616,2,0.3654358583936049
positive_derived,0.095,0.47170321935428616,3,0.31481481481481477
positive_derived,0.095,0.6059627021136009,0,0.14386792452830188
positive_derived,0.095,0.6059627021136009,1,0.36898148148148147
positive_derived,0.095,0.6059627021136009,2,0.36742424242424243
positive_derived,0.095,0.6059627021136009,3,0.3134920634920635
positive_derived,0.095,0.778436061673405,0,0.1446078431372549
positive_derived,0.095,0.778436061673405,1,0.3674339300937766
positive_derived,0.095,0.778436061673405,2,0.3657142857142857
positive_derived,0.095,0.778436061673405,3,0.31481481481481477
positive_derived,0.095,1.0,0,0.14423076923076922
positive_derived,0.095,1.0,1,0.36518518518518517
positive_derived,0.095,1.0,2,0.3688888888888889
positive_derived,0.095,1.0,3,0.3162393162393162
positive_derived,0.095,2.0,0,0.1446078431372549
positive_derived,0.095,2.0,1,0.35893719806763286
positive_derived,0.095,2.0,2,0.3827956989247312
positive_derived,0.095,2.0,3,0.375
positive_derived,0.095,3.0,0,0.14423076923076922
positive_derived,0.095,3.0,1,0.3593386507145231
positive_derived,0.095,3.0,2,0.38215488215488214
positive_derived,0.095,3.0,3,0.3655913978494624
positive_derived,0.095,10.0,0,0.15441176470588236
positive_derived,0.095,10.0,1,0.3874458874458874
positive_derived,0.095,10.0,2,0.3719468390804598
positive_derived,0.095,10.0,3,0.2391713747645951
positive_derived,0.1,0.003,0,0.14087301587301587
positive_derived,0.1,0.003,1,0.37624209575429085
positive_derived,0.1,0.003,2,0.3663003663003663
positive_derived,0.1,0.003,3,0.30634920634920637
positive_derived,0.1,0.005,0,0.14015151515151514
positive_derived,0.1,0.005,1,0.37516087516087515
positive_derived,0.1,0.005,2,0.365625
positive_derived,0.1,0.005,3,0.3055555555555556
positive_derived,0.1,0.01,0,0.13970588235294118
positive_derived,0.1,0.01,1,0.37423687423687424
positive_derived,0.1,0.01,2,0.3655830753353973
positive_derived,0.1,0.01,3,0.30634920634920637
positive_derived,0.1,0.02,0,0.13949275362318841
positive_derived,0.1,0.02,1,0.37468671679197996
positive_derived,0.1,0.02,2,0.3660572337042925
positive_derived,0.1,0.02,3,0.30409356725146197
positive_derived,0.1,0.03,0,0.13949275362318841
positive_derived,0.1,0.03,1,0.37368316438083876
positive_derived,0.1,0.03,2,0.36584410497453973
positive_derived,0.1,0.03,3,0.30409356725146197
positive_derived,0.1,0.038538810670601456,0,0.13970588235294118
positive_derived,0.1,0.038538810670601456,1,0.37368316438083876
positive_derived,0.1,0.038538810670601456,2,0.36584410497453973
positive_derived,0.1,0.038538810670601456,3,0.30480480480480476
positive_derived,0.1,0.049507997596815526,0,0.13970588235294118
positive_derived,0.1,0.049507997596815526,1,0.3731546231546231
positive_derived,0.1,0.049507997596815526,2,0.3651629072681704
positive_derived,0.1,0.049507997596815526,3,0.30480480480480476
positive_derived,0.1,0.06359931153547553,0,0.13970588235294118
positive_derived,0.1,0.06359931153547553,1,0.3731546231546231
positive_derived,0.1,0.06359931153547553,2,0.364766081871345
positive_derived,0.1,0.06359931153547553,3,0.30480480480480476
positive_derived,0.1,0.08170139420154304,0,0.13970588235294118
positive_derived,0.1,0.08170139420154304,1,0.3731546231546231
positive_derived,0.1,0.08170139420154304,2,0.3657407407407407
positive_derived,0.1,0.08170139420154304,3,0.30480480480480476
positive_derived,0.1,0.10495581875524816,0,0.13992537313432835
positive_derived,0.1,0.10495581875524816,1,0.3731546231546231
positive_derived,0.1,0.10495581875524816,2,0.3657407407407407
positive_derived,0.1,0.10495581875524816,3,0.30480480480480476
positive_derived,0.1,0.1348290809262157,0,0.14015151515151514
positive_derived,0.1,0.1348290809262157,1,0.3727272727272727
positive_derived,0.1,0.1348290809262157,2,0.36536536536536535
positive_derived,0.1,0.1348290809262157,3,0.30634920634920637
positive_derived,0.1,0.17320508075688773,0,0.13992537313432835
positive_derived,0.1,0.17320508075688773,1,0.37222222222222223
positive_derived,0.1,0.17320508075688773,2,0.3657407407407407
positive_derived,0.1,0.17320508075688773,3,0.30634920634920637
positive_derived,0.1,0.2225039271491978,0,0.13992537313432835
positive_derived,0.1,0.2225039271491978,1,0.37181571815718156
positive_derived,0.1,0.2225039271491978,2,0.36626984126984125
positive_derived,0.1,0.2225039271491978,3,0.30718954248366015
positive_derived,0.1,0.2858345573956079,0,0.14087301587301587
positive_derived,0.1,0.2858345573956079,1,0.3704268292682927
positive_derived,0.1,0.2858345573956079,2,0.36646545942320585
positive_derived,0.1,0.2858345573956079,3,0.3111111111111111
positive_derived,0.1,0.3671907963528168,0,0.14166666666666666
positive_derived,0.1,0.3671907963528168,1,0.3700396825396825
positive_derived,0.1,0.3671907963528168,2,0.3656370656370656
positive_derived,0.1,0.3671907963528168,3,0.3122605363984674
positive_derived,0.1,0.47170321935428616,0,0.14285714285714285
positive_derived,0.1,0.47170321935428616,1,0.3696705426356589
positive_derived,0.1,0.47170321935428616,2,0.3661375661375661
positive_derived,0.1,0.47170321935428616,3,0.3134920634920635
positive_derived,0.1,0.6059627021136009,0,0.14351851851851852
positive_derived,0.1,0.6059627021136009,1,0.36865942028985504
positive_derived,0.1,0.6059627021136009,2,0.36742424242424243
positive_derived,0.1,0.6059627021136009,3,0.3122605363984674
positive_derived,0.1,0.778436061673405,0,0.145
positive_derived,0.1,0.778436061673405,1,0.3668300653594771
positive_derived,0.1,0.778436061673405,2,0.36627450980392157
positive_derived,0.1,0.778436061673405,3,0.3111111111111111
positive_derived,0.1,1.0,0,0.14423076923076922
positive_derived,0.1,1.0,1,0.36518518518518517
positive_derived,0.1,1.0,2,0.36871345029239766
positive_derived,0.1,1.0,3,0.31481481481481477
positive_derived,0.1,2.0,0,0.1446078431372549
positive_derived,0.1,2.0,1,0.35893719806763286
positive_derived,0.1,2.0,2,0.3827956989247312
positive_derived,0.1,2.0,3,0.375
positive_derived,0.1,3.0,0,0.14423076923076922
positive_derived,0.1,3.0,1,0.3593386507145231
positive_derived,0.1,3.0,2,0.38215488215488214
positive_derived,0.1,3.0,3,0.3655913978494624
positive_derived,0.1,10.0,0,0.15441176470588236
positive_derived,0.1,10.0,1,0.3874458874458874
positive_derived,0.1,10.0,2,0.3719468390804598
positive_derived,0.1,10.0,3,0.2391713747645951
positive_derived,0.125,0.003,0,0.13970588235294118
positive_derived,0.125,0.003,1,0.37460716530483973
positive_derived,0.125,0.003,2,0.36535272356167875
positive_derived,0.125,0.003,3,0.3055555555555556
positive_derived,0.125,0.005,0,0.13970588235294118
positive_derived,0.125,0.005,1,0.3731546231546231
positive_derived,0.125,0.005,2,0.3655830753353973
positive_derived,0.125,0.005,3,0.3034188034188034
positive_derived,0.125,0.01,0,0.13949275362318841
positive_derived,0.125,0.01,1,0.3731546231546231
positive_derived,0.125,0.01,2,0.36702568351284176
positive_derived,0.125,0.01,3,0.3005050505050505
positive_derived,0.125,0.02,0,0.1392857142857143
positive_derived,0.125,0.02,1,0.37173913043478257
positive_derived,0.125,0.02,2,0.36742424242424243
positive_derived,0.125,0.02,3,0.3
positive_derived,0.125,0.03,0,0.1392857142857143
positive_derived,0.125,0.03,1,0.37173913043478257
positive_derived,0.125,0.03,2,0.36742424242424243
positive_derived,0.125,0.03,3,0.3
positive_derived,0.125,0.038538810670601456,0,0.1392857142857143
positive_derived,0.125,0.038538810670601456,1,0.37222222222222223
positive_derived,0.125,0.038538810670601456,2,0.3668300653594771
positive_derived,0.125,0.038538810670601456,3,0.3
positive_derived,0.125,0.049507997596815526,0,0.1392857142857143
positive_derived,0.125,0.049507997596815526,1,0.37133262636974196
positive_derived,0.125,0.049507997596815526,2,0.3668300653594771
positive_derived,0.125,0.049507997596815526,3,0.3
positive_derived,0.125,0.06359931153547553,0,0.1392857142857143
positive_derived,0.125,0.06359931153547553,1,0.3709454796411318
positive_derived,0.125,0.06359931153547553,2,0.36742424242424243
positive_derived,0.125,0.06359931153547553,3,0.3
positive_derived,0.125,0.08170139420154304,0,0.1392857142857143
positive_derived,0.125,0.08170139420154304,1,0.37048294495103007
positive_derived,0.125,0.08170139420154304,2,0.3668300653594771
positive_derived,0.125,0.08170139420154304,3,0.3
positive_derived,0.125,0.10495581875524816,0,0.1392857142857143
positive_derived,0.125,0.10495581875524816,1,0.37048294495103007
positive_derived,0.125,0.10495581875524816,2,0.3668300653594771
positive_derived,0.125,0.10495581875524816,3,0.3
positive_derived,0.125,0.1348290809262157,0,0.1392857142857143
positive_derived,0.125,0.1348290809262157,1,0.3701138050470064
positive_derived,0.125,0.1348290809262157,2,0.3668300653594771
positive_derived,0.125,0.1348290809262157,3,0.30103359173126615
positive_derived,0.125,0.17320508075688773,0,0.13949275362318841
positive_derived,0.125,0.17320508075688773,1,0.3696705426356589
positive_derived,0.125,0.17320508075688773,2,0.36742424242424243
positive_derived,0.125,0.17320508075688773,3,0.3021680216802168
positive_derived,0.125,0.2225039271491978,0,0.14015151515151514
positive_derived,0.125,0.2225039271491978,1,0.36898148148148147
positive_derived,0.125,0.2225039271491978,2,0.3680555555555555
positive_derived,0.125,0.2225039271491978,3,0.30277777777777776
positive_derived,0.125,0.2858345573956079,0,0.140625
positive_derived,0.125,0.2858345573956079,1,0.36898148148148147
positive_derived,0.125,0.2858345573956079,2,0.3680555555555555
positive_derived,0.125,0.2858345573956079,3,0.30277777777777776
positive_derived,0.125,0.3671907963528168,0,0.1413934426229508
positive_derived,0.125,0.3671907963528168,1,0.36898148148148147
positive_derived,0.125,0.3671907963528168,2,0.3687275985663082
positive_derived,0.125,0.3671907963528168,3,0.30409356725146197
positive_derived,0.125,0.47170321935428616,0,0.1431818181818182
positive_derived,0.125,0.47170321935428616,1,0.36751773049645386
positive_derived,0.125,0.47170321935428616,2,0.3694444444444444
positive_derived,0.125,0.47170321935428616,3,0.3055555555555556
positive_derived,0.125,0.6059627021136009,0,0.1431818181818182
positive_derived,0.125,0.6059627021136009,1,0.3663856550247558
positive_derived,0.125,0.6059627021136009,2,0.3691244239631336
positive_derived,0.125,0.6059627021136009,3,0.30480480480480476
positive_derived,0.125,0.778436061673405,0,0.14423076923076922
positive_derived,0.125,0.778436061673405,1,0.3657407407407407
positive_derived,0.125,0.778436061673405,2,0.3684523809523809
positive_derived,0.125,0.778436061673405,3,0.3090277777777778
positive_derived,0.125,1.0,0,0.145
positive_derived,0.125,1.0,1,0.36518518518518517
positive_derived,0.125,1.0,2,0.37004830917874393
positive_derived,0.125,1.0,3,0.31481481481481477
positive_derived,0.125,2.0,0,0.1446078431372549
positive_derived,0.125,2.0,1,0.3589681774349084
positive_derived,0.125,2.0,2,0.37794384057971014
positive_derived,0.125,2.0,3,0.3733333333333333
positive_derived,0.125,3.0,0,0.14423076923076922
positive_derived,0.125,3.0,1,0.3593386507145231
positive_derived,0.125,3.0,2,0.38215488215488214
positive_derived,0.125,3.0,3,0.3655913978494624
positive_derived,0.125,10.0,0,0.15441176470588236
positive_derived,0.125,10.0,1,0.3874458874458874
positive_derived,0.125,10.0,2,0.3719468390804598
positive_derived,0.125,10.0,3,0.2391713747645951
positive_derived,0.15,0.003,0,0.13908450704225353
positive_derived,0.15,0.003,1,0.3727272727272727
positive_derived,0.15,0.003,2,0.3638888888888889
positive_derived,0.15,0.003,3,0.3021680216802168
positive_derived,0.15,0.005,0,0.13908450704225353
positive_derived,0.15,0.005,1,0.3727272727272727
positive_derived,0.15,0.005,2,0.3630952380952381
positive_derived,0.15,0.005,3,0.3021680216802168
positive_derived,0.15,0.01,0,0.13908450704225353
positive_derived,0.15,0.01,1,0.37173913043478257
positive_derived,0.15,0.01,2,0.3632921260719456
positive_derived,0.15,0.01,3,0.3021680216802168
positive_derived,0.15,0.02,0,0.13908450704225353
positive_derived,0.15,0.02,1,0.37083333333333335
positive_derived,0.15,0.02,2,0.3650499814883376
positive_derived,0.15,0.02,3,0.30103359173126615
positive_derived,0.15,0.03,0,0.13908450704225353
positive_derived,0.15,0.03,1,0.3693181818181818
positive_derived,0.15,0.03,2,0.3652402402402402
positive_derived,0.15,0.03,3,0.3005050505050505
positive_derived,0.15,0.038538810670601456,0,0.13908450704225353
positive_derived,0.15,0.038538810670601456,1,0.3693181818181818
positive_derived,0.15,0.038538810670601456,2,0.3652402402402402
positive_derived,0.15,0.038538810670601456,3,0.30103359173126615
positive_derived,0.15,0.049507997596815526,0,0.13908450704225353
positive_derived,0.15,0.049507997596815526,1,0.3693181818181818
positive_derived,0.15,0.049507997596815526,2,0.3657407407407407
positive_derived,0.15,0.049507997596815526,3,0.30103359173126615
positive_derived,0.15,0.06359931153547553,0,0.13908450704225353
positive_derived,0.15,0.06359931153547553,1,0.36898148148148147
positive_derived,0.15,0.06359931153547553,2,0.3655504819888381
positive_derived,0.15,0.06359931153547553,3,0.30158730158730157
positive_derived,0.15,0.08170139420154304,0,0.13908450704225353
positive_derived,0.15,0.08170139420154304,1,0.36898148148148147
positive_derived,0.15,0.08170139420154304,2,0.3655504819888381
positive_derived,0.15,0.08170139420154304,3,0.3021680216802168
positive_derived,0.15,0.10495581875524816,0,0.13908450704225353
positive_derived,0.15,0.10495581875524816,1,0.3681481481481481
positive_derived,0.15,0.10495581875524816,2,0.3655504819888381
positive_derived,0.15,0.10495581875524816,3,0.3021680216802168
positive_derived,0.15,0.1348290809262157,0,0.1392857142857143
positive_derived,0.15,0.1348290809262157,1,0.36775599128540304
positive_derived,0.15,0.1348290809262157,2,0.3655504819888381
positive_derived,0.15,0.1348290809262157,3,0.3021680216802168
positive_derived,0.15,0.17320508075688773,0,0.13970588235294118
positive_derived,0.15,0.17320508075688773,1,0.36737891737891737
positive_derived,0.15,0.17320508075688773,2,0.3658944658944659
positive_derived,0.15,0.17320508075688773,3,0.3021680216802168
positive_derived,0.15,0.2225039271491978,0,0.13992537313432835
positive_derived,0.15,0.2225039271491978,1,0.36701607267645003
positive_derived,0.15,0.2225039271491978,2,0.3658944658944659
positive_derived,0.15,0.2225039271491978,3,0.3021680216802168
positive_derived,0.15,0.2858345573956079,0,0.14087301587301587
positive_derived,0.15,0.2858345573956079,1,0.36737891737891737
positive_derived,0.15,0.2858345573956079,2,0.36742424242424243
positive_derived,0.15,0.2858345573956079,3,0.30158730158730157
positive_derived,0.15,0.3671907963528168,0,0.14224137931034483
positive_derived,0.15,0.3671907963528168,1,0.36705685618729095
positive_derived,0.15,0.3671907963528168,2,0.3680555555555555
positive_derived,0.15,0.3671907963528168,3,0.30158730158730157
positive_derived,0.15,0.47170321935428616,0,0.14285714285714285
positive_derived,0.15,0.47170321935428616,1,0.36569954867827204
positive_derived,0.15,0.47170321935428616,2,0.3691244239631336
positive_derived,0.15,0.47170321935428616,3,0.3034188034188034
positive_derived,0.15,0.6059627021136009,0,0.14386792452830188
positive_derived,0.15,0.6059627021136009,1,0.36512059369202227
positive_derived,0.15,0.6059627021136009,2,0.3698412698412698
positive_derived,0.15,0.6059627021136009,3,0.30634920634920637
positive_derived,0.15,0.778436061673405,0,0.14423076923076922
positive_derived,0.15,0.778436061673405,1,0.36580670003850596
positive_derived,0.15,0.778436061673405,2,0.370607553366174
positive_derived,0.15,0.778436061673405,3,0.30808080808080807
positive_derived,0.15,1.0,0,0.1446078431372549
positive_derived,0.15,1.0,1,0.36409376786735276
positive_derived,0.15,1.0,2,0.3717064544650751
positive_derived,0.15,1.0,3,0.3111111111111111
positive_derived,0.15,2.0,0,0.1446078431372549
positive_derived,0.15,2.0,1,0.3606060606060606
positive_derived,0.15,2.0,2,0.3741258741258741
positive_derived,0.15,2.0,3,0.3733333333333333
positive_derived,0.15,3.0,0,0.14423076923076922
positive_derived,0.15,3.0,1,0.3593386507145231
positive_derived,0.15,3.0,2,0.38215488215488214
positive_derived,0.15,3.0,3,0.3655913978494624
positive_derived,0.15,10.0,0,0.15441176470588236
positive_derived,0.15,10.0,1,0.3874458874458874
positive_derived,0.15,10.0,2,0.3719468390804598
positive_derived,0.15,10.0,3,0.2391713747645951
positive_derived,0.2,0.003,0,0.14087301587301587
positive_derived,0.2,0.003,1,0.3719336219336219
positive_derived,0.2,0.003,2,0.36723398367233984
positive_derived,0.2,0.003,3,0.30158730158730157
positive_derived,0.2,0.005,0,0.1411290322580645
positive_derived,0.2,0.005,1,0.37232076866223207
positive_derived,0.2,0.005,2,0.36742424242424243
positive_derived,0.2,0.005,3,0.30103359173126615
positive_derived,0.2,0.01,0,0.14087301587301587
positive_derived,0.2,0.01,1,0.3708700916796402
positive_derived,0.2,0.01,2,0.36723398367233984
positive_derived,0.2,0.01,3,0.2995169082125604
positive_derived,0.2,0.02,0,0.140625
positive_derived,0.2,0.02,1,0.369424743892829
positive_derived,0.2,0.02,2,0.36723398367233984
positive_derived,0.2,0.02,3,0.3
positive_derived,0.2,0.03,0,0.140625
positive_derived,0.2,0.03,1,0.369424743892829
positive_derived,0.2,0.03,2,0.36723398367233984
positive_derived,0.2,0.03,3,0.2995169082125604
positive_derived,0.2,0.038538810670601456,0,0.140625
positive_derived,0.2,0.038538810670601456,1,0.369424743892829
positive_derived,0.2,0.038538810670601456,2,0.36723398367233984
positive_derived,0.2,0.038538810670601456,3,0.2995169082125604
positive_derived,0.2,0.049507997596815526,0,0.140625
positive_derived,0.2,0.049507997596815526,1,0.369424743892829
positive_derived,0.2,0.049507997596815526,2,0.36723398367233984
positive_derived,0.2,0.049507997596815526,3,0.2995169082125604
positive_derived,0.2,0.06359931153547553,0,0.140625
positive_derived,0.2,0.06359931153547553,1,0.369424743892829
positive_derived,0.2,0.06359931153547553,2,0.36786529680365293
positive_derived,0.2,0.06359931153547553,3,0.2995169082125604
positive_derived,0.2,0.08170139420154304,0,0.140625
positive_derived,0.2,0.08170139420154304,1,0.369424743892829
positive_derived,0.2,0.08170139420154304,2,0.36786529680365293
positive_derived,0.2,0.08170139420154304,3,0.2995169082125604
positive_derived,0.2,0.10495581875524816,0,0.140625
positive_derived,0.2,0.10495581875524816,1,0.369424743892829
positive_derived,0.2,0.10495581875524816,2,0.36786529680365293
positive_derived,0.2,0.10495581875524816,3,0.2995169082125604
positive_derived,0.2,0.1348290809262157,0,0.140625
positive_derived,0.2,0.1348290809262157,1,0.369424743892829
positive_derived,0.2,0.1348290809262157,2,0.3680555555555555
positive_derived,0.2,0.1348290809262157,3,0.2990543735224586
positive_derived,0.2,0.17320508075688773,0,0.140625
positive_derived,0.2,0.17320508075688773,1,0.369424743892829
positive_derived,0.2,0.17320508075688773,2,0.3684523809523809
positive_derived,0.2,0.17320508075688773,3,0.2995169082125604
positive_derived,0.2,0.2225039271491978,0,0.14087301587301587
positive_derived,0.2,0.2225039271491978,1,0.369424743892829
positive_derived,0.2,0.2225039271491978,2,0.3684523809523809
positive_derived,0.2,0.2225039271491978,3,0.2995169082125604
positive_derived,0.2,0.2858345573956079,0,0.14087301587301587
positive_derived,0.2,0.2858345573956079,1,0.369424743892829
positive_derived,0.2,0.2858345573956079,2,0.3684523809523809
positive_derived,0.2,0.2858345573956079,3,0.3
positive_derived,0.2,0.3671907963528168,0,0.1413934426229508
positive_derived,0.2,0.3671907963528168,1,0.36855631141345424
positive_derived,0.2,0.3671907963528168,2,0.36865942028985504
positive_derived,0.2,0.3671907963528168,3,0.3
positive_derived,0.2,0.47170321935428616,0,0.1413934426229508
positive_derived,0.2,0.47170321935428616,1,0.3681481481481481
positive_derived,0.2,0.47170321935428616,2,0.36865942028985504
positive_derived,0.2,0.47170321935428616,3,0.2995169082125604
positive_derived,0.2,0.6059627021136009,0,0.14285714285714285
positive_derived,0.2,0.6059627021136009,1,0.36645299145299143
positive_derived,0.2,0.6059627021136009,2,0.3695445920303605
positive_derived,0.2,0.6059627021136009,3,0.3021680216802168
positive_derived,0.2,0.778436061673405,0,0.14351851851851852
positive_derived,0.2,0.778436061673405,1,0.36553459119496856
positive_derived,0.2,0.778436061673405,2,0.3711805555555555
positive_derived,0.2,0.778436061673405,3,0.3263157894736842
positive_derived,0.2,1.0,0,0.14386792452830188
positive_derived,0.2,1.0,1,0.3634558093346574
positive_derived,0.2,1.0,2,0.37271528170341056
positive_derived,0.2,1.0,3,0.327027027027027
positive_derived,0.2,2.0,0,0.145
positive_derived,0.2,2.0,1,0.3618181818181818
positive_derived,0.2,2.0,2,0.3751033912324235
positive_derived,0.2,2.0,3,0.36904761904761907
positive_derived,0.2,3.0,0,0.14423076923076922
positive_derived,0.2,3.0,1,0.3593386507145231
positive_derived,0.2,3.0,2,0.38215488215488214
positive_derived,0.2,3.0,3,0.3655913978494624
positive_derived,0.2,10.0,0,0.15441176470588236
positive_derived,0.2,10.0,1,0.3874458874458874
positive_derived,0.2,10.0,2,0.3719468390804598
positive_derived,0.2,10.0,3,0.2391713747645951
positive_derived,0.25,0.003,0,0.14087301587301587
positive_derived,0.25,0.003,1,0.37325581395348834
positive_derived,0.25,0.003,2,0.36933146330060773
positive_derived,0.25,0.003,3,0.3
positive_derived,0.25,0.005,0,0.140625
positive_derived,0.25,0.005,1,0.37232076866223207
positive_derived,0.25,0.005,2,0.3698412698412698
positive_derived,0.25,0.005,3,0.2990543735224586
positive_derived,0.25,0.01,0,0.140625
positive_derived,0.25,0.01,1,0.37142857142857144
positive_derived,0.25,0.01,2,0.36964006259780907
positive_derived,0.25,0.01,3,0.2986111111111111
positive_derived,0.25,0.02,0,0.140625
positive_derived,0.25,0.02,1,0.3705763397371082
positive_derived,0.25,0.02,2,0.370020469217446
positive_derived,0.25,0.02,3,0.29777777777777775
positive_derived,0.25,0.03,0,0.140625
positive_derived,0.25,0.03,1,0.3701138050470064
positive_derived,0.25,0.03,2,0.370020469217446
positive_derived,0.25,0.03,3,0.2966457023060797
positive_derived,0.25,0.038538810670601456,0,0.14087301587301587
positive_derived,0.25,0.038538810670601456,1,0.369424743892829
positive_derived,0.25,0.038538810670601456,2,0.370020469217446
positive_derived,0.25,0.038538810670601456,3,0.2966457023060797
positive_derived,0.25,0.049507997596815526,0,0.14087301587301587
positive_derived,0.25,0.049507997596815526,1,0.369424743892829
positive_derived,0.25,0.049507997596815526,2,0.36983535259397327
positive_derived,0.25,0.049507997596815526,3,0.2966457023060797
positive_derived,0.25,0.06359931153547553,0,0.14087301587301587
positive_derived,0.25,0.06359931153547553,1,0.369424743892829
positive_derived,0.25,0.06359931153547553,2,0.36835222319093286
positive_derived,0.25,0.06359931153547553,3,0.297008547008547
positive_derived,0.25,0.08170139420154304,0,0.1411290322580645
positive_derived,0.25,0.08170139420154304,1,0.369424743892829
positive_derived,0.25,0.08170139420154304,2,0.36835222319093286
positive_derived,0.25,0.08170139420154304,3,0.297008547008547
positive_derived,0.25,0.10495581875524816,0,0.1411290322580645
positive_derived,0.25,0.10495581875524816,1,0.369424743892829
positive_derived,0.25,0.10495581875524816,2,0.36835222319093286
positive_derived,0.25,0.10495581875524816,3,0.2973856209150327
positive_derived,0.25,0.1348290809262157,0,0.1411290322580645
positive_derived,0.25,0.1348290809262157,1,0.369424743892829
positive_derived,0.25,0.1348290809262157,2,0.36906906906906906
positive_derived,0.25,0.1348290809262157,3,0.2973856209150327
positive_derived,0.25,0.17320508075688773,0,0.1411290322580645
positive_derived,0.25,0.17320508075688773,1,0.369424743892829
positive_derived,0.25,0.17320508075688773,2,0.36983535259397327
positive_derived,0.25,0.17320508075688773,3,0.297008547008547
positive_derived,0.25,0.2225039271491978,0,0.1411290322580645
positive_derived,0.25,0.2225039271491978,1,0.369424743892829
positive_derived,0.25,0.2225039271491978,2,0.36906906906906906
positive_derived,0.25,0.2225039271491978,3,0.29777777777777775
positive_derived,0.25,0.2858345573956079,0,0.1413934426229508
positive_derived,0.25,0.2858345573956079,1,0.36855631141345424
positive_derived,0.25,0.2858345573956079,2,0.36835222319093286
positive_derived,0.25,0.2858345573956079,3,0.2973856209150327
positive_derived,0.25,0.3671907963528168,0,0.1413934426229508
positive_derived,0.25,0.3671907963528168,1,0.3682342502218279
positive_derived,0.25,0.3671907963528168,2,0.3685373398144056
positive_derived,0.25,0.3671907963528168,3,0.2973856209150327
positive_derived,0.25,0.47170321935428616,0,0.14224137931034483
positive_derived,0.25,0.47170321935428616,1,0.3668300653594771
positive_derived,0.25,0.47170321935428616,2,0.36786529680365293
positive_derived,0.25,0.47170321935428616,3,0.297008547008547
positive_derived,0.25,0.6059627021136009,0,0.1431818181818182
positive_derived,0.25,0.6059627021136009,1,0.3657407407407407
positive_derived,0.25,0.6059627021136009,2,0.36723398367233984
positive_derived,0.25,0.6059627021136009,3,0.2995169082125604
positive_derived,0.25,0.778436061673405,0,0.1431818181818182
positive_derived,0.25,0.778436061673405,1,0.36421052631578943
positive_derived,0.25,0.778436061673405,2,0.36761986057760704
positive_derived,0.25,0.778436061673405,3,0.32380952380952377
positive_derived,0.25,1.0,0,0.1431818181818182
positive_derived,0.25,1.0,1,0.36333333333333334
positive_derived,0.25,1.0,2,0.3693181818181818
positive_derived,0.25,1.0,3,0.32439024390243903
positive_derived,0.25,2.0,0,0.1446078431372549
positive_derived,0.25,2.0,1,0.3608597285067873
positive_derived,0.25,2.0,2,0.37194899817850635
positive_derived,0.25,2.0,3,0.32941176470588235
positive_derived,0.25,3.0,0,0.14423076923076922
positive_derived,0.25,3.0,1,0.3606227106227106
positive_derived,0.25,3.0,2,0.38215488215488214
positive_derived,0.25,3.0,3,0.3627450980392157
positive_derived,0.25,10.0,0,0.15441176470588236
positive_derived,0.25,10.0,1,0.3874458874458874
positive_derived,0.25,10.0,2,0.3719468390804598
positive_derived,0.25,10.0,3,0.2391713747645951
positive_derived,0.3,0.003,0,0.14038461538461539
positive_derived,0.3,0.003,1,0.37232076866223207
positive_derived,0.3,0.003,2,0.37191358024691357
positive_derived,0.3,0.003,3,0.2986111111111111
positive_derived,0.3,0.005,0,0.14038461538461539
positive_derived,0.3,0.005,1,0.3715644820295983
positive_derived,0.3,0.005,2,0.37172332149501097
positive_derived,0.3,0.005,3,0.2990543735224586
positive_derived,0.3,0.01,0,0.14038461538461539
positive_derived,0.3,0.01,1,0.369424743892829
positive_derived,0.3,0.01,2,0.3715382048715382
positive_derived,0.3,0.01,3,0.2990543735224586
positive_derived,0.3,0.02,0,0.14015151515151514
positive_derived,0.3,0.02,1,0.369424743892829
positive_derived,0.3,0.02,2,0.37248787248787246
positive_derived,0.3,0.02,3,0.2981859410430839
positive_derived,0.3,0.03,0,0.14015151515151514
positive_derived,0.3,0.03,1,0.36865942028985504
positive_derived,0.3,0.03,2,0.37248787248787246
positive_derived,0.3,0.03,3,0.297008547008547
positive_derived,0.3,0.038538810670601456,0,0.14015151515151514
positive_derived,0.3,0.038538810670601456,1,0.36865942028985504
positive_derived,0.3,0.038538810670601456,2,0.37248787248787246
positive_derived,0.3,0.038538810670601456,3,0.2966457023060797
positive_derived,0.3,0.049507997596815526,0,0.14015151515151514
positive_derived,0.3,0.049507997596815526,1,0.3683510638297872
positive_derived,0.3,0.049507997596815526,2,0.37248787248787246
positive_derived,0.3,0.049507997596815526,3,0.297008547008547
positive_derived,0.3,0.06359931153547553,0,0.14015151515151514
positive_derived,0.3,0.06359931153547553,1,0.3683510638297872
positive_derived,0.3,0.06359931153547553,2,0.3715382048715382
positive_derived,0.3,0.06359931153547553,3,0.2966457023060797
positive_derived,0.3,0.08170139420154304,0,0.14015151515151514
positive_derived,0.3,0.08170139420154304,1,0.3683510638297872
positive_derived,0.3,0.08170139420154304,2,0.37172332149501097
positive_derived,0.3,0.08170139420154304,3,0.297008547008547
positive_derived,0.3,0.10495581875524816,0,0.14015151515151514
positive_derived,0.3,0.10495581875524816,1,0.3683510638297872
positive_derived,0.3,0.10495581875524816,2,0.37172332149501097
positive_derived,0.3,0.10495581875524816,3,0.297008547008547
positive_derived,0.3,0.1348290809262157,0,0.14038461538461539
positive_derived,0.3,0.1348290809262157,1,0.3683510638297872
positive_derived,0.3,0.1348290809262157,2,0.371031746031746
positive_derived,0.3,0.1348290809262157,3,0.297008547008547
positive_derived,0.3,0.17320508075688773,0,0.140625
positive_derived,0.3,0.17320508075688773,1,0.36792589376176
positive_derived,0.3,0.17320508075688773,2,0.37122736418511065
positive_derived,0.3,0.17320508075688773,3,0.297008547008547
positive_derived,0.3,0.2225039271491978,0,0.140625
positive_derived,0.3,0.2225039271491978,1,0.36792589376176
positive_derived,0.3,0.2225039271491978,2,0.3721091984002782
positive_derived,0.3,0.2225039271491978,3,0.2966457023060797
positive_derived,0.3,0.2858345573956079,0,0.14166666666666666
positive_derived,0.3,0.2858345573956079,1,0.3671255736337088
positive_derived,0.3,0.2858345573956079,2,0.3721091984002782
positive_derived,0.3,0.2858345573956079,3,0.2966457023060797
positive_derived,0.3,0.3671907963528168,0,0.14166666666666666
positive_derived,0.3,0.3671907963528168,1,0.36645299145299143
positive_derived,0.3,0.3671907963528168,2,0.3721091984002782
positive_derived,0.3,0.3671907963528168,3,0.297008547008547
positive_derived,0.3,0.47170321935428616,0,0.14285714285714285
positive_derived,0.3,0.47170321935428616,1,0.3661695447409733
positive_derived,0.3,0.47170321935428616,2,0.3721091984002782
positive_derived,0.3,0.47170321935428616,3,0.297008547008547
positive_derived,0.3,0.6059627021136009,0,0.1431818181818182
positive_derived,0.3,0.6059627021136009,1,0.3645870469399881
positive_derived,0.3,0.6059627021136009,2,0.3721091984002782
positive_derived,0.3,0.6059627021136009,3,0.2981859410430839
positive_derived,0.3,0.778436061673405,0,0.14351851851851852
positive_derived,0.3,0.778436061673405,1,0.36369770580296895
positive_derived,0.3,0.778436061673405,2,0.37326007326007327
positive_derived,0.3,0.778436061673405,3,0.2981859410430839
positive_derived,0.3,1.0,0,0.1446078431372549
positive_derived,0.3,1.0,1,0.3618080446037435
positive_derived,0.3,1.0,2,0.3751515151515151
positive_derived,0.3,1.0,3,0.3005050505050505
positive_derived,0.3,2.0,0,0.1446078431372549
positive_derived,0.3,2.0,1,0.35955814149591026
positive_derived,0.3,2.0,2,0.3781818181818182
positive_derived,0.3,2.0,3,0.3263157894736842
positive_derived,0.3,3.0,0,0.145
positive_derived,0.3,3.0,1,0.36086309523809523
positive_derived,0.3,3.0,2,0.381186765108012
positive_derived,0.3,3.0,3,0.3611111111111111
positive_derived,0.3,10.0,0,0.15441176470588236
positive_derived,0.3,10.0,1,0.3874458874458874
positive_derived,0.3,10.0,2,0.3719468390804598
positive_derived,0.3,10.0,3,0.2391713747645951
positive_derived,0.4,0.003,0,0.14087301587301587
positive_derived,0.4,0.003,1,0.36910268270120256
positive_derived,0.4,0.003,2,0.3736986301369863
positive_derived,0.4,0.003,3,0.2804232804232804
positive_derived,0.4,0.005,0,0.14087301587301587
positive_derived,0.4,0.005,1,0.36910268270120256
positive_derived,0.4,0.005,2,0.3723076923076923
positive_derived,0.4,0.005,3,0.28008658008658005
positive_derived,0.4,0.01,0,0.14087301587301587
positive_derived,0.4,0.01,1,0.36910268270120256
positive_derived,0.4,0.01,2,0.37213225371120107
positive_derived,0.4,0.01,3,0.27976190476190477
positive_derived,0.4,0.02,0,0.14087301587301587
positive_derived,0.4,0.02,1,0.3682342502218279
positive_derived,0.4,0.02,2,0.37213225371120107
positive_derived,0.4,0.02,3,0.29532163742690054
positive_derived,0.4,0.03,0,0.14087301587301587
positive_derived,0.4,0.03,1,0.36792589376176
positive_derived,0.4,0.03,2,0.37213225371120107
positive_derived,0.4,0.03,3,0.29532163742690054
positive_derived,0.4,0.038538810670601456,0,0.14087301587301587
positive_derived,0.4,0.038538810670601456,1,0.36792589376176
positive_derived,0.4,0.038538810670601456,2,0.37213225371120107
positive_derived,0.4,0.038538810670601456,3,0.29532163742690054
positive_derived,0.4,0.049507997596815526,0,0.14087301587301587
positive_derived,0.4,0.049507997596815526,1,0.36763038548752835
positive_derived,0.4,0.049507997596815526,2,0.37213225371120107
positive_derived,0.4,0.049507997596815526,3,0.2956349206349206
positive_derived,0.4,0.06359931153547553,0,0.14087301587301587
positive_derived,0.4,0.06359931153547553,1,0.36792589376176
positive_derived,0.4,0.06359931153547553,2,0.37213225371120107
positive_derived,0.4,0.06359931153547553,3,0.2956349206349206
positive_derived,0.4,0.08170139420154304,0,0.14087301587301587
positive_derived,0.4,0.08170139420154304,1,0.3672222222222222
positive_derived,0.4,0.08170139420154304,2,0.37213225371120107
positive_derived,0.4,0.08170139420154304,3,0.2956349206349206
positive_derived,0.4,0.10495581875524816,0,0.14087301587301587
positive_derived,0.4,0.10495581875524816,1,0.36654661864745897
positive_derived,0.4,0.10495581875524816,2,0.37213225371120107
positive_derived,0.4,0.10495581875524816,3,0.2956349206349206
positive_derived,0.4,0.1348290809262157,0,0.1411290322580645
positive_derived,0.4,0.1348290809262157,1,0.36563599798893914
positive_derived,0.4,0.1348290809262157,2,0.37213225371120107
positive_derived,0.4,0.1348290809262157,3,0.295959595959596
positive_derived,0.4,0.17320508075688773,0,0.1413934426229508
positive_derived,0.4,0.17320508075688773,1,0.36563599798893914
positive_derived,0.4,0.17320508075688773,2,0.37213225371120107
positive_derived,0.4,0.17320508075688773,3,0.295959595959596
positive_derived,0.4,0.2225039271491978,0,0.14166666666666666
positive_derived,0.4,0.2225039271491978,1,0.36563599798893914
positive_derived,0.4,0.2225039271491978,2,0.37213225371120107
positive_derived,0.4,0.2225039271491978,3,0.295959595959596
positive_derived,0.4,0.2858345573956079,0,0.14166666666666666
positive_derived,0.4,0.2858345573956079,1,0.36563599798893914
positive_derived,0.4,0.2858345573956079,2,0.37213225371120107
positive_derived,0.4,0.2858345573956079,3,0.2962962962962963
positive_derived,0.4,0.3671907963528168,0,0.14285714285714285
positive_derived,0.4,0.3671907963528168,1,0.36563599798893914
positive_derived,0.4,0.3671907963528168,2,0.3723076923076923
positive_derived,0.4,0.3671907963528168,3,0.2962962962962963
positive_derived,0.4,0.47170321935428616,0,0.1431818181818182
positive_derived,0.4,0.47170321935428616,1,0.36563599798893914
positive_derived,0.4,0.47170321935428616,2,0.3723076923076923
positive_derived,0.4,0.47170321935428616,3,0.2962962962962963
positive_derived,0.4,0.6059627021136009,0,0.1446078431372549
positive_derived,0.4,0.6059627021136009,1,0.36563599798893914
positive_derived,0.4,0.6059627021136009,2,0.3746246246246246
positive_derived,0.4,0.6059627021136009,3,0.297008547008547
positive_derived,0.4,0.778436061673405,0,0.14583333333333334
positive_derived,0.4,0.778436061673405,1,0.3649237472766884
positive_derived,0.4,0.778436061673405,2,0.38115942028985506
positive_derived,0.4,0.778436061673405,3,0.29777777777777775
positive_derived,0.4,1.0,0,0.14627659574468085
positive_derived,0.4,1.0,1,0.36467236467236464
positive_derived,0.4,1.0,2,0.3833464257659073
positive_derived,0.4,1.0,3,0.2995169082125604
positive_derived,0.4,2.0,0,0.14825581395348836
positive_derived,0.4,2.0,1,0.36122102882984736
positive_derived,0.4,2.0,2,0.3872889771598808
positive_derived,0.4,2.0,3,0.3263157894736842
positive_derived,0.4,3.0,0,0.14722222222222223
positive_derived,0.4,3.0,1,0.3612994350282486
positive_derived,0.4,3.0,2,0.38780663780663777
positive_derived,0.4,3.0,3,0.36036036036036034
positive_derived,0.4,10.0,0,0.15441176470588236
positive_derived,0.4,10.0,1,0.3874458874458874
positive_derived,0.4,10.0,2,0.3719468390804598
positive_derived,0.4,10.0,3,0.2391713747645951
