candidate,nu,gamma_multiplier,fold,AP
previous_S1,0.001,0.003,0,0.08705357142857142
previous_S1,0.001,0.003,1,0.11798941798941799
previous_S1,0.001,0.003,2,0.1102971102971103
previous_S1,0.001,0.003,3,0.06107092626079967
previous_S1,0.001,0.005,0,0.08658008658008658
previous_S1,0.001,0.005,1,0.12857142857142856
previous_S1,0.001,0.005,2,0.14239028944911297
previous_S1,0.001,0.005,3,0.08446969696969697
previous_S1,0.001,0.01,0,0.09703196347031963
previous_S1,0.001,0.01,1,0.17075098814229248
previous_S1,0.001,0.01,2,0.40512820512820513
previous_S1,0.001,0.01,3,0.3749770684278114
previous_S1,0.001,0.02,0,0.1381578947368421
previous_S1,0.001,0.02,1,0.4323671497584541
previous_S1,0.001,0.02,2,0.39457690509583915
previous_S1,0.001,0.02,3,0.3775045537340619
previous_S1,0.001,0.03,0,0.13833333333333334
previous_S1,0.001,0.03,1,0.4346153846153846
previous_S1,0.001,0.03,2,0.39028275587415373
previous_S1,0.001,0.03,3,0.38345864661654133
previous_S1,0.001,0.038538810670601456,0,0.2635135135135135
previous_S1,0.001,0.038538810670601456,1,0.41384863123993554
previous_S1,0.001,0.038538810670601456,2,0.3817391304347826
previous_S1,0.001,0.038538810670601456,3,0.38631578947368417
previous_S1,0.001,0.049507997596815526,0,0.26282051282051283
previous_S1,0.001,0.049507997596815526,1,0.3926218708827404
previous_S1,0.001,0.049507997596815526,2,0.37254901960784315
previous_S1,0.001,0.049507997596815526,3,0.4437229437229437
previous_S1,0.001,0.06359931153547553,0,0.26176470588235295
previous_S1,0.001,0.06359931153547553,1,0.38927469135802467
previous_S1,0.001,0.06359931153547553,2,0.37510822510822506
previous_S1,0.001,0.06359931153547553,3,0.4574314574314574
previous_S1,0.001,0.08170139420154304,0,0.2603092783505155
previous_S1,0.001,0.08170139420154304,1,0.38662486938349006
previous_S1,0.001,0.08170139420154304,2,0.37481759432978945
previous_S1,0.001,0.08170139420154304,3,0.42948717948717946
previous_S1,0.001,0.10495581875524816,0,0.2603092783505155
previous_S1,0.001,0.10495581875524816,1,0.37749287749287747
previous_S1,0.001,0.10495581875524816,2,0.3704268292682927
previous_S1,0.001,0.10495581875524816,3,0.42948717948717946
previous_S1,0.001,0.1348290809262157,0,0.2603092783505155
previous_S1,0.001,0.1348290809262157,1,0.37423687423687424
previous_S1,0.001,0.1348290809262157,2,0.36158357771260996
previous_S1,0.001,0.1348290809262157,3,0.42948717948717946
previous_S1,0.001,0.17320508075688773,0,0.2604166666666667
previous_S1,0.001,0.17320508075688773,1,0.3712606837606838
previous_S1,0.001,0.17320508075688773,2,0.36136712749615973
previous_S1,0.001,0.17320508075688773,3,0.4293248945147679
previous_S1,0.001,0.2225039271491978,0,0.26063829787234044
previous_S1,0.001,0.2225039271491978,1,0.37481759432978945
previous_S1,0.001,0.2225039271491978,2,0.36136712749615973
previous_S1,0.001,0.2225039271491978,3,0.26249999999999996
previous_S1,0.001,0.2858345573956079,0,0.260989010989011
previous_S1,0.001,0.2858345573956079,1,0.3754273504273504
previous_S1,0.001,0.2858345573956079,2,0.3620902906617192
previous_S1,0.001,0.2858345573956079,3,0.2621951219512195
previous_S1,0.001,0.3671907963528168,0,0.2612359550561798
previous_S1,0.001,0.3671907963528168,1,0.3707070707070707
previous_S1,0.001,0.3671907963528168,2,0.3622236128493951
previous_S1,0.001,0.3671907963528168,3,0.2616279069767442
previous_S1,0.001,0.47170321935428616,0,0.2616279069767442
previous_S1,0.001,0.47170321935428616,1,0.36627450980392157
previous_S1,0.001,0.47170321935428616,2,0.3620104841196423
previous_S1,0.001,0.47170321935428616,3,0.2614942528735632
previous_S1,0.001,0.6059627021136009,0,0.2619047619047619
previous_S1,0.001,0.6059627021136009,1,0.36247947454844004
previous_S1,0.001,0.6059627021136009,2,0.364221824686941
previous_S1,0.001,0.6059627021136009,3,0.26098901098901095
previous_S1,0.001,0.778436061673405,0,0.2626582278481013
previous_S1,0.001,0.778436061673405,1,0.3603913273400317
previous_S1,0.001,0.778436061673405,2,0.3672243672243672
previous_S1,0.001,0.778436061673405,3,0.27395295467584624
previous_S1,0.001,1.0,0,0.2623456790123457
previous_S1,0.001,1.0,1,0.35824275362318836
previous_S1,0.001,1.0,2,0.36801801801801803
previous_S1,0.001,1.0,3,0.312987012987013
previous_S1,0.001,2.0,0,0.2642857142857143
previous_S1,0.001,2.0,1,0.3565735717634452
previous_S1,0.001,2.0,2,0.38115449915110355
previous_S1,0.001,2.0,3,0.3550724637681159
previous_S1,0.001,3.0,0,0.2685185185185185
previous_S1,0.001,3.0,1,0.3603652968036529
previous_S1,0.001,3.0,2,0.38940092165898615
previous_S1,0.001,3.0,3,0.3645833333333333
previous_S1,0.001,10.0,0,0.18666666666666665
previous_S1,0.001,10.0,1,0.3739435168006596
previous_S1,0.001,10.0,2,0.3625873064075311
previous_S1,0.001,10.0,3,0.26587301587301587
previous_S1,0.0025,0.003,0,0.08705357142857142
previous_S1,0.0025,0.003,1,0.11798941798941799
previous_S1,0.0025,0.003,2,0.1102971102971103
previous_S1,0.0025,0.003,3,0.06107092626079967
previous_S1,0.0025,0.005,0,0.08658008658008658
previous_S1,0.0025,0.005,1,0.12857142857142856
previous_S1,0.0025,0.005,2,0.14239028944911297
previous_S1,0.0025,0.005,3,0.08607092626079968
previous_S1,0.0025,0.01,0,0.09703196347031963
previous_S1,0.0025,0.01,1,0.16727272727272727
previous_S1,0.0025,0.01,2,0.40512820512820513
previous_S1,0.0025,0.01,3,0.3749770684278114
previous_S1,0.0025,0.02,0,0.1381578947368421
previous_S1,0.0025,0.02,1,0.4323671497584541
previous_S1,0.0025,0.02,2,0.39457690509583915
previous_S1,0.0025,0.02,3,0.37777777777777777
previous_S1,0.0025,0.03,0,0.13833333333333334
previous_S1,0.0025,0.03,1,0.43006993006993005
previous_S1,0.0025,0.03,2,0.39028275587415373
previous_S1,0.0025,0.03,3,0.38345864661654133
previous_S1,0.0025,0.038538810670601456,0,0.2633333333333333
previous_S1,0.0025,0.038538810670601456,1,0.41384863123993554
previous_S1,0.0025,0.038538810670601456,2,0.3780609695152424
previous_S1,0.0025,0.038538810670601456,3,0.38631578947368417
previous_S1,0.0025,0.049507997596815526,0,0.26282051282051283
previous_S1,0.0025,0.049507997596815526,1,0.3914141414141414
previous_S1,0.0025,0.049507997596815526,2,0.37254901960784315
previous_S1,0.0025,0.049507997596815526,3,0.4437229437229437
previous_S1,0.0025,0.06359931153547553,0,0.26176470588235295
previous_S1,0.0025,0.06359931153547553,1,0.38927469135802467
previous_S1,0.0025,0.06359931153547553,2,0.37510822510822506
previous_S1,0.0025,0.06359931153547553,3,0.44155844155844154
previous_S1,0.0025,0.08170139420154304,0,0.2603092783505155
previous_S1,0.0025,0.08170139420154304,1,0.38662486938349006
previous_S1,0.0025,0.08170139420154304,2,0.37481759432978945
previous_S1,0.0025,0.08170139420154304,3,0.42948717948717946
previous_S1,0.0025,0.10495581875524816,0,0.2603092783505155
previous_S1,0.0025,0.10495581875524816,1,0.378021978021978
previous_S1,0.0025,0.10495581875524816,2,0.3704268292682927
previous_S1,0.0025,0.10495581875524816,3,0.42948717948717946
previous_S1,0.0025,0.1348290809262157,0,0.2603092783505155
previous_S1,0.0025,0.1348290809262157,1,0.37423687423687424
previous_S1,0.0025,0.1348290809262157,2,0.36184798807749624
previous_S1,0.0025,0.1348290809262157,3,0.42948717948717946
previous_S1,0.0025,0.17320508075688773,0,0.2604166666666667
previous_S1,0.0025,0.17320508075688773,1,0.3717039461720313
previous_S1,0.0025,0.17320508075688773,2,0.361631537861046
previous_S1,0.0025,0.17320508075688773,3,0.4293248945147679
previous_S1,0.0025,0.2225039271491978,0,0.26063829787234044
previous_S1,0.0025,0.2225039271491978,1,0.37481759432978945
previous_S1,0.0025,0.2225039271491978,2,0.36136712749615973
previous_S1,0.0025,0.2225039271491978,3,0.26249999999999996
previous_S1,0.0025,0.2858345573956079,0,0.260989010989011
previous_S1,0.0025,0.2858345573956079,1,0.3754273504273504
previous_S1,0.0025,0.2858345573956079,2,0.3620902906617192
previous_S1,0.0025,0.2858345573956079,3,0.2623456790123457
previous_S1,0.0025,0.3671907963528168,0,0.2612359550561798
previous_S1,0.0025,0.3671907963528168,1,0.3707070707070707
previous_S1,0.0025,0.3671907963528168,2,0.3622236128493951
previous_S1,0.0025,0.3671907963528168,3,0.2616279069767442
previous_S1,0.0025,0.47170321935428616,0,0.2616279069767442
previous_S1,0.0025,0.47170321935428616,1,0.36627450980392157
previous_S1,0.0025,0.47170321935428616,2,0.3620104841196423
previous_S1,0.0025,0.47170321935428616,3,0.2614942528735632
previous_S1,0.0025,0.6059627021136009,0,0.2619047619047619
previous_S1,0.0025,0.6059627021136009,1,0.36247947454844004
previous_S1,0.0025,0.6059627021136009,2,0.364221824686941
previous_S1,0.0025,0.6059627021136009,3,0.26098901098901095
previous_S1,0.0025,0.778436061673405,0,0.2626582278481013
previous_S1,0.0025,0.778436061673405,1,0.3603913273400317
previous_S1,0.0025,0.778436061673405,2,0.3672243672243672
previous_S1,0.0025,0.778436061673405,3,0.27395295467584624
previous_S1,0.0025,1.0,0,0.2623456790123457
previous_S1,0.0025,1.0,1,0.35824275362318836
previous_S1,0.0025,1.0,2,0.36801801801801803
previous_S1,0.0025,1.0,3,0.312987012987013
previous_S1,0.0025,2.0,0,0.2642857142857143
previous_S1,0.0025,2.0,1,0.3565735717634452
previous_S1,0.0025,2.0,2,0.38115449915110355
previous_S1,0.0025,2.0,3,0.3550724637681159
previous_S1,0.0025,3.0,0,0.2685185185185185
previous_S1,0.0025,3.0,1,0.3605555555555555
previous_S1,0.0025,3.0,2,0.38940092165898615
previous_S1,0.0025,3.0,3,0.3645833333333333
previous_S1,0.0025,10.0,0,0.18666666666666665
previous_S1,0.0025,10.0,1,0.3739435168006596
previous_S1,0.0025,10.0,2,0.36271498771498767
previous_S1,0.0025,10.0,3,0.2661290322580645
previous_S1,0.005,0.003,0,0.08705357142857142
previous_S1,0.005,0.003,1,0.11798941798941799
previous_S1,0.005,0.003,2,0.1102971102971103
previous_S1,0.005,0.003,3,0.06107092626079967
previous_S1,0.005,0.005,0,0.08658008658008658
previous_S1,0.005,0.005,1,0.12857142857142856
previous_S1,0.005,0.005,2,0.14239028944911297
previous_S1,0.005,0.005,3,0.08607092626079968
previous_S1,0.005,0.01,0,0.09703196347031963
previous_S1,0.005,0.01,1,0.16727272727272727
previous_S1,0.005,0.01,2,0.40512820512820513
previous_S1,0.005,0.01,3,0.3749770684278114
previous_S1,0.005,0.02,0,0.1381578947368421
previous_S1,0.005,0.02,1,0.4323671497584541
previous_S1,0.005,0.02,2,0.39457690509583915
previous_S1,0.005,0.02,3,0.37777777777777777
previous_S1,0.005,0.03,0,0.13833333333333334
previous_S1,0.005,0.03,1,0.43006993006993005
previous_S1,0.005,0.03,2,0.38940092165898615
previous_S1,0.005,0.03,3,0.38345864661654133
previous_S1,0.005,0.038538810670601456,0,0.2633333333333333
previous_S1,0.005,0.038538810670601456,1,0.41384863123993554
previous_S1,0.005,0.038538810670601456,2,0.3780609695152424
previous_S1,0.005,0.038538810670601456,3,0.38631578947368417
previous_S1,0.005,0.049507997596815526,0,0.262987012987013
previous_S1,0.005,0.049507997596815526,1,0.3926218708827404
previous_S1,0.005,0.049507997596815526,2,0.37254901960784315
previous_S1,0.005,0.049507997596815526,3,0.4437229437229437
previous_S1,0.005,0.06359931153547553,0,0.2616279069767442
previous_S1,0.005,0.06359931153547553,1,0.39028275587415373
previous_S1,0.005,0.06359931153547553,2,0.37510822510822506
previous_S1,0.005,0.06359931153547553,3,0.44155844155844154
previous_S1,0.005,0.08170139420154304,0,0.2603092783505155
previous_S1,0.005,0.08170139420154304,1,0.38662486938349006
previous_S1,0.005,0.08170139420154304,2,0.37481759432978945
previous_S1,0.005,0.08170139420154304,3,0.42948717948717946
previous_S1,0.005,0.10495581875524816,0,0.2603092783505155
previous_S1,0.005,0.10495581875524816,1,0.378021978021978
previous_S1,0.005,0.10495581875524816,2,0.3704268292682927
previous_S1,0.005,0.10495581875524816,3,0.42948717948717946
previous_S1,0.005,0.1348290809262157,0,0.2603092783505155
previous_S1,0.005,0.1348290809262157,1,0.37423687423687424
previous_S1,0.005,0.1348290809262157,2,0.36158357771260996
previous_S1,0.005,0.1348290809262157,3,0.42948717948717946
previous_S1,0.005,0.17320508075688773,0,0.2604166666666667
previous_S1,0.005,0.17320508075688773,1,0.372153788727137
previous_S1,0.005,0.17320508075688773,2,0.361631537861046
previous_S1,0.005,0.17320508075688773,3,0.4293248945147679
previous_S1,0.005,0.2225039271491978,0,0.26063829787234044
previous_S1,0.005,0.2225039271491978,1,0.37481759432978945
previous_S1,0.005,0.2225039271491978,2,0.36136712749615973
previous_S1,0.005,0.2225039271491978,3,0.26249999999999996
previous_S1,0.005,0.2858345573956079,0,0.260989010989011
previous_S1,0.005,0.2858345573956079,1,0.3754273504273504
previous_S1,0.005,0.2858345573956079,2,0.3620902906617192
previous_S1,0.005,0.2858345573956079,3,0.2621951219512195
previous_S1,0.005,0.3671907963528168,0,0.2612359550561798
previous_S1,0.005,0.3671907963528168,1,0.3707070707070707
previous_S1,0.005,0.3671907963528168,2,0.36244310363078225
previous_S1,0.005,0.3671907963528168,3,0.2616279069767442
previous_S1,0.005,0.47170321935428616,0,0.2616279069767442
previous_S1,0.005,0.47170321935428616,1,0.36627450980392157
previous_S1,0.005,0.47170321935428616,2,0.3620104841196423
previous_S1,0.005,0.47170321935428616,3,0.2614942528735632
previous_S1,0.005,0.6059627021136009,0,0.2619047619047619
previous_S1,0.005,0.6059627021136009,1,0.36247947454844004
previous_S1,0.005,0.6059627021136009,2,0.364221824686941
previous_S1,0.005,0.6059627021136009,3,0.26098901098901095
previous_S1,0.005,0.778436061673405,0,0.2626582278481013
previous_S1,0.005,0.778436061673405,1,0.3603913273400317
previous_S1,0.005,0.778436061673405,2,0.3672243672243672
previous_S1,0.005,0.778436061673405,3,0.27395295467584624
previous_S1,0.005,1.0,0,0.2623456790123457
previous_S1,0.005,1.0,1,0.35824275362318836
previous_S1,0.005,1.0,2,0.36801801801801803
previous_S1,0.005,1.0,3,0.312987012987013
previous_S1,0.005,2.0,0,0.2642857142857143
previous_S1,0.005,2.0,1,0.3565735717634452
previous_S1,0.005,2.0,2,0.38115449915110355
previous_S1,0.005,2.0,3,0.3550724637681159
previous_S1,0.005,3.0,0,0.2685185185185185
previous_S1,0.005,3.0,1,0.3605555555555555
previous_S1,0.005,3.0,2,0.38940092165898615
previous_S1,0.005,3.0,3,0.3645833333333333
previous_S1,0.005,10.0,0,0.18666666666666665
previous_S1,0.005,10.0,1,0.37334933973589435
previous_S1,0.005,10.0,2,0.36271498771498767
previous_S1,0.005,10.0,3,0.2661290322580645
previous_S1,0.01,0.003,0,0.13662790697674418
previous_S1,0.01,0.003,1,0.4288888888888889
previous_S1,0.01,0.003,2,0.3984126984126984
previous_S1,0.01,0.003,3,0.375625
previous_S1,0.01,0.005,0,0.1364942528735632
previous_S1,0.01,0.005,1,0.4288888888888889
previous_S1,0.01,0.005,2,0.39811912225705326
previous_S1,0.01,0.005,3,0.37564102564102564
previous_S1,0.01,0.01,0,0.17857142857142855
previous_S1,0.01,0.01,1,0.4280936454849498
previous_S1,0.01,0.01,2,0.3939393939393939
previous_S1,0.01,0.01,3,0.3784328546233308
previous_S1,0.01,0.02,0,0.2621951219512195
previous_S1,0.01,0.02,1,0.4264069264069264
previous_S1,0.01,0.02,2,0.3933333333333333
previous_S1,0.01,0.02,3,0.38940092165898615
previous_S1,0.01,0.03,0,0.2612359550561798
previous_S1,0.01,0.03,1,0.43724696356275305
previous_S1,0.01,0.03,2,0.39373897707231037
previous_S1,0.01,0.03,3,0.3958333333333333
previous_S1,0.01,0.038538810670601456,0,0.2611111111111111
previous_S1,0.01,0.038538810670601456,1,0.4304093567251462
previous_S1,0.01,0.038538810670601456,2,0.38662486938349006
previous_S1,0.01,0.038538810670601456,3,0.44172932330827064
previous_S1,0.01,0.049507997596815526,0,0.2608695652173913
previous_S1,0.01,0.049507997596815526,1,0.42810457516339867
previous_S1,0.01,0.049507997596815526,2,0.3840996168582375
previous_S1,0.01,0.049507997596815526,3,0.44155844155844154
previous_S1,0.01,0.06359931153547553,0,0.2602040816326531
previous_S1,0.01,0.06359931153547553,1,0.4142156862745098
previous_S1,0.01,0.06359931153547553,2,0.37994579945799456
previous_S1,0.01,0.06359931153547553,3,0.42948717948717946
previous_S1,0.01,0.08170139420154304,0,0.2603092783505155
previous_S1,0.01,0.08170139420154304,1,0.391232423490488
previous_S1,0.01,0.08170139420154304,2,0.3765182186234818
previous_S1,0.01,0.08170139420154304,3,0.42948717948717946
previous_S1,0.01,0.10495581875524816,0,0.2603092783505155
previous_S1,0.01,0.10495581875524816,1,0.37996820349761523
previous_S1,0.01,0.10495581875524816,2,0.3731546231546231
previous_S1,0.01,0.10495581875524816,3,0.2628205128205128
previous_S1,0.01,0.1348290809262157,0,0.2604166666666667
previous_S1,0.01,0.1348290809262157,1,0.37423687423687424
previous_S1,0.01,0.1348290809262157,2,0.36184798807749624
previous_S1,0.01,0.1348290809262157,3,0.2628205128205128
previous_S1,0.01,0.17320508075688773,0,0.2604166666666667
previous_S1,0.01,0.17320508075688773,1,0.372153788727137
previous_S1,0.01,0.17320508075688773,2,0.361631537861046
previous_S1,0.01,0.17320508075688773,3,0.2626582278481012
previous_S1,0.01,0.2225039271491978,0,0.26063829787234044
previous_S1,0.01,0.2225039271491978,1,0.37481759432978945
previous_S1,0.01,0.2225039271491978,2,0.36136712749615973
previous_S1,0.01,0.2225039271491978,3,0.26249999999999996
previous_S1,0.01,0.2858345573956079,0,0.260989010989011
previous_S1,0.01,0.2858345573956079,1,0.3754273504273504
previous_S1,0.01,0.2858345573956079,2,0.3620902906617192
previous_S1,0.01,0.2858345573956079,3,0.2621951219512195
previous_S1,0.01,0.3671907963528168,0,0.2612359550561798
previous_S1,0.01,0.3671907963528168,1,0.3707070707070707
previous_S1,0.01,0.3671907963528168,2,0.36244310363078225
previous_S1,0.01,0.3671907963528168,3,0.2616279069767442
previous_S1,0.01,0.47170321935428616,0,0.2616279069767442
previous_S1,0.01,0.47170321935428616,1,0.36627450980392157
previous_S1,0.01,0.47170321935428616,2,0.3620104841196423
previous_S1,0.01,0.47170321935428616,3,0.2614942528735632
previous_S1,0.01,0.6059627021136009,0,0.2619047619047619
previous_S1,0.01,0.6059627021136009,1,0.36247947454844004
previous_S1,0.01,0.6059627021136009,2,0.364221824686941
previous_S1,0.01,0.6059627021136009,3,0.26098901098901095
previous_S1,0.01,0.778436061673405,0,0.2626582278481013
previous_S1,0.01,0.778436061673405,1,0.3603913273400317
previous_S1,0.01,0.778436061673405,2,0.3672243672243672
previous_S1,0.01,0.778436061673405,3,0.27395295467584624
previous_S1,0.01,1.0,0,0.2623456790123457
previous_S1,0.01,1.0,1,0.35824275362318836
previous_S1,0.01,1.0,2,0.36801801801801803
previous_S1,0.01,1.0,3,0.312987012987013
previous_S1,0.01,2.0,0,0.2642857142857143
previous_S1,0.01,2.0,1,0.3565735717634452
previous_S1,0.01,2.0,2,0.38115449915110355
previous_S1,0.01,2.0,3,0.3550724637681159
previous_S1,0.01,3.0,0,0.2685185185185185
previous_S1,0.01,3.0,1,0.3605555555555555
previous_S1,0.01,3.0,2,0.38940092165898615
previous_S1,0.01,3.0,3,0.3645833333333333
previous_S1,0.01,10.0,0,0.18666666666666665
previous_S1,0.01,10.0,1,0.37334933973589435
previous_S1,0.01,10.0,2,0.36271498771498767
previous_S1,0.01,10.0,3,0.2661290322580645
previous_S1,0.015,0.003,0,0.26176470588235295
previous_S1,0.015,0.003,1,0.44155844155844154
previous_S1,0.015,0.003,2,0.4110105580693816
previous_S1,0.015,0.003,3,0.2161172161172161
previous_S1,0.015,0.005,0,0.2619047619047619
previous_S1,0.015,0.005,1,0.4365079365079365
previous_S1,0.015,0.005,2,0.40545808966861596
previous_S1,0.015,0.005,3,0.21666666666666667
previous_S1,0.015,0.01,0,0.260752688172043
previous_S1,0.015,0.01,1,0.43006993006993005
previous_S1,0.015,0.01,2,0.3973374295954941
previous_S1,0.015,0.01,3,0.21988795518207283
previous_S1,0.015,0.02,0,0.26063829787234044
previous_S1,0.015,0.02,1,0.42857142857142855
previous_S1,0.015,0.02,2,0.3968253968253968
previous_S1,0.015,0.02,3,0.2328502415458937
previous_S1,0.015,0.03,0,0.2604166666666667
previous_S1,0.015,0.03,1,0.4304093567251462
previous_S1,0.015,0.03,2,0.38573360378634214
previous_S1,0.015,0.03,3,0.2635135135135135
previous_S1,0.015,0.038538810670601456,0,0.2602040816326531
previous_S1,0.015,0.038538810670601456,1,0.4251805985552115
previous_S1,0.015,0.038538810670601456,2,0.38055555555555554
previous_S1,0.015,0.038538810670601456,3,0.2633333333333333
previous_S1,0.015,0.049507997596815526,0,0.2599009900990099
previous_S1,0.015,0.049507997596815526,1,0.39444444444444443
previous_S1,0.015,0.049507997596815526,2,0.37575757575757573
previous_S1,0.015,0.049507997596815526,3,0.262987012987013
previous_S1,0.015,0.06359931153547553,0,0.2601010101010101
previous_S1,0.015,0.06359931153547553,1,0.3883928571428571
previous_S1,0.015,0.06359931153547553,2,0.3741330069359445
previous_S1,0.015,0.06359931153547553,3,0.2628205128205128
previous_S1,0.015,0.08170139420154304,0,0.2603092783505155
previous_S1,0.015,0.08170139420154304,1,0.3786967418546366
previous_S1,0.015,0.08170139420154304,2,0.3671255736337088
previous_S1,0.015,0.08170139420154304,3,0.2628205128205128
previous_S1,0.015,0.10495581875524816,0,0.2604166666666667
previous_S1,0.015,0.10495581875524816,1,0.3761904761904762
previous_S1,0.015,0.10495581875524816,2,0.3631533289958794
previous_S1,0.015,0.10495581875524816,3,0.2628205128205128
previous_S1,0.015,0.1348290809262157,0,0.26052631578947366
previous_S1,0.015,0.1348290809262157,1,0.3751076658053402
previous_S1,0.015,0.1348290809262157,2,0.36184798807749624
previous_S1,0.015,0.1348290809262157,3,0.2628205128205128
previous_S1,0.015,0.17320508075688773,0,0.2604166666666667
previous_S1,0.015,0.17320508075688773,1,0.37574159525379036
previous_S1,0.015,0.17320508075688773,2,0.36136712749615973
previous_S1,0.015,0.17320508075688773,3,0.2626582278481012
previous_S1,0.015,0.2225039271491978,0,0.26052631578947366
previous_S1,0.015,0.2225039271491978,1,0.376992376992377
previous_S1,0.015,0.2225039271491978,2,0.36184798807749624
previous_S1,0.015,0.2225039271491978,3,0.26249999999999996
previous_S1,0.015,0.2858345573956079,0,0.260989010989011
previous_S1,0.015,0.2858345573956079,1,0.3765182186234818
previous_S1,0.015,0.2858345573956079,2,0.3620902906617192
previous_S1,0.015,0.2858345573956079,3,0.2621951219512195
previous_S1,0.015,0.3671907963528168,0,0.2612359550561798
previous_S1,0.015,0.3671907963528168,1,0.3710594315245478
previous_S1,0.015,0.3671907963528168,2,0.36244310363078225
previous_S1,0.015,0.3671907963528168,3,0.2616279069767442
previous_S1,0.015,0.47170321935428616,0,0.2616279069767442
previous_S1,0.015,0.47170321935428616,1,0.36627450980392157
previous_S1,0.015,0.47170321935428616,2,0.3620104841196423
previous_S1,0.015,0.47170321935428616,3,0.2614942528735632
previous_S1,0.015,0.6059627021136009,0,0.2619047619047619
previous_S1,0.015,0.6059627021136009,1,0.36247947454844004
previous_S1,0.015,0.6059627021136009,2,0.364221824686941
previous_S1,0.015,0.6059627021136009,3,0.26098901098901095
previous_S1,0.015,0.778436061673405,0,0.2626582278481013
previous_S1,0.015,0.778436061673405,1,0.3603913273400317
previous_S1,0.015,0.778436061673405,2,0.3672243672243672
previous_S1,0.015,0.778436061673405,3,0.27395295467584624
previous_S1,0.015,1.0,0,0.2623456790123457
previous_S1,0.015,1.0,1,0.35824275362318836
previous_S1,0.015,1.0,2,0.36801801801801803
previous_S1,0.015,1.0,3,0.312987012987013
previous_S1,0.015,2.0,0,0.2642857142857143
previous_S1,0.015,2.0,1,0.3565735717634452
previous_S1,0.015,2.0,2,0.38115449915110355
previous_S1,0.015,2.0,3,0.3550724637681159
previous_S1,0.015,3.0,0,0.2685185185185185
previous_S1,0.015,3.0,1,0.3605555555555555
previous_S1,0.015,3.0,2,0.38940092165898615
previous_S1,0.015,3.0,3,0.3645833333333333
previous_S1,0.015,10.0,0,0.18666666666666665
previous_S1,0.015,10.0,1,0.37334933973589435
previous_S1,0.015,10.0,2,0.36271498771498767
previous_S1,0.015,10.0,3,0.2661290322580645
previous_S1,0.02,0.003,0,0.260989010989011
previous_S1,0.02,0.003,1,0.4365079365079365
previous_S1,0.02,0.003,2,0.40512820512820513
previous_S1,0.02,0.003,3,0.21988795518207283
previous_S1,0.02,0.005,0,0.260989010989011
previous_S1,0.02,0.005,1,0.43358395989974935
previous_S1,0.02,0.005,2,0.4007936507936508
previous_S1,0.02,0.005,3,0.21838505171838504
previous_S1,0.02,0.01,0,0.260752688172043
previous_S1,0.02,0.01,1,0.43977591036414565
previous_S1,0.02,0.01,2,0.397037037037037
previous_S1,0.02,0.01,3,0.21666666666666667
previous_S1,0.02,0.02,0,0.2601010101010101
previous_S1,0.02,0.02,1,0.4476190476190476
previous_S1,0.02,0.02,2,0.38585858585858585
previous_S1,0.02,0.02,3,0.25502645502645505
previous_S1,0.02,0.03,0,0.2599009900990099
previous_S1,0.02,0.03,1,0.40485312899106
previous_S1,0.02,0.03,2,0.37516087516087515
previous_S1,0.02,0.03,3,0.2633333333333333
previous_S1,0.02,0.038538810670601456,0,0.25980392156862747
previous_S1,0.02,0.038538810670601456,1,0.39125
previous_S1,0.02,0.038538810670601456,2,0.37222222222222223
previous_S1,0.02,0.038538810670601456,3,0.2631578947368421
previous_S1,0.02,0.049507997596815526,0,0.2601010101010101
previous_S1,0.02,0.049507997596815526,1,0.3841269841269841
previous_S1,0.02,0.049507997596815526,2,0.3681481481481481
previous_S1,0.02,0.049507997596815526,3,0.2628205128205128
previous_S1,0.02,0.06359931153547553,0,0.2602040816326531
previous_S1,0.02,0.06359931153547553,1,0.3798076923076923
previous_S1,0.02,0.06359931153547553,2,0.3647959183673469
previous_S1,0.02,0.06359931153547553,3,0.2628205128205128
previous_S1,0.02,0.08170139420154304,0,0.2603092783505155
previous_S1,0.02,0.08170139420154304,1,0.3786967418546366
previous_S1,0.02,0.08170139420154304,2,0.364010989010989
previous_S1,0.02,0.08170139420154304,3,0.2628205128205128
previous_S1,0.02,0.10495581875524816,0,0.26052631578947366
previous_S1,0.02,0.10495581875524816,1,0.378021978021978
previous_S1,0.02,0.10495581875524816,2,0.36234567901234566
previous_S1,0.02,0.10495581875524816,3,0.2628205128205128
previous_S1,0.02,0.1348290809262157,0,0.26052631578947366
previous_S1,0.02,0.1348290809262157,1,0.37635135135135134
previous_S1,0.02,0.1348290809262157,2,0.36197839230845474
previous_S1,0.02,0.1348290809262157,3,0.2628205128205128
previous_S1,0.02,0.17320508075688773,0,0.2604166666666667
previous_S1,0.02,0.17320508075688773,1,0.37766714082503555
previous_S1,0.02,0.17320508075688773,2,0.3614226823890327
previous_S1,0.02,0.17320508075688773,3,0.2626582278481012
previous_S1,0.02,0.2225039271491978,0,0.26052631578947366
previous_S1,0.02,0.2225039271491978,1,0.37816764132553604
previous_S1,0.02,0.2225039271491978,2,0.36207245496862983
previous_S1,0.02,0.2225039271491978,3,0.26249999999999996
previous_S1,0.02,0.2858345573956079,0,0.260989010989011
previous_S1,0.02,0.2858345573956079,1,0.3765182186234818
previous_S1,0.02,0.2858345573956079,2,0.36232339089481946
previous_S1,0.02,0.2858345573956079,3,0.2621951219512195
previous_S1,0.02,0.3671907963528168,0,0.2612359550561798
previous_S1,0.02,0.3671907963528168,1,0.37142857142857144
previous_S1,0.02,0.3671907963528168,2,0.3627514600908501
previous_S1,0.02,0.3671907963528168,3,0.2616279069767442
previous_S1,0.02,0.47170321935428616,0,0.2616279069767442
previous_S1,0.02,0.47170321935428616,1,0.36627450980392157
previous_S1,0.02,0.47170321935428616,2,0.3620104841196423
previous_S1,0.02,0.47170321935428616,3,0.2614942528735632
previous_S1,0.02,0.6059627021136009,0,0.2619047619047619
previous_S1,0.02,0.6059627021136009,1,0.36247947454844004
previous_S1,0.02,0.6059627021136009,2,0.364221824686941
previous_S1,0.02,0.6059627021136009,3,0.26098901098901095
previous_S1,0.02,0.778436061673405,0,0.2626582278481013
previous_S1,0.02,0.778436061673405,1,0.3603913273400317
previous_S1,0.02,0.778436061673405,2,0.3672243672243672
previous_S1,0.02,0.778436061673405,3,0.27395295467584624
previous_S1,0.02,1.0,0,0.2623456790123457
previous_S1,0.02,1.0,1,0.35824275362318836
previous_S1,0.02,1.0,2,0.36801801801801803
previous_S1,0.02,1.0,3,0.312987012987013
previous_S1,0.02,2.0,0,0.2642857142857143
previous_S1,0.02,2.0,1,0.3565735717634452
previous_S1,0.02,2.0,2,0.38115449915110355
previous_S1,0.02,2.0,3,0.3550724637681159
previous_S1,0.02,3.0,0,0.2685185185185185
previous_S1,0.02,3.0,1,0.3605555555555555
previous_S1,0.02,3.0,2,0.38940092165898615
previous_S1,0.02,3.0,3,0.3645833333333333
previous_S1,0.02,10.0,0,0.18666666666666665
previous_S1,0.02,10.0,1,0.37334933973589435
previous_S1,0.02,10.0,2,0.36271498771498767
previous_S1,0.02,10.0,3,0.2661290322580645
previous_S1,0.025,0.003,0,0.2608695652173913
previous_S1,0.025,0.003,1,0.4512820512820513
previous_S1,0.025,0.003,2,0.3957142857142857
previous_S1,0.025,0.003,3,0.22196969696969696
previous_S1,0.025,0.005,0,0.26063829787234044
previous_S1,0.025,0.005,1,0.4512820512820513
previous_S1,0.025,0.005,2,0.39250744997871434
previous_S1,0.025,0.005,3,0.22113997113997114
previous_S1,0.025,0.01,0,0.2602040816326531
previous_S1,0.025,0.01,1,0.44027777777777777
previous_S1,0.025,0.01,2,0.38662486938349006
previous_S1,0.025,0.01,3,0.22997903563941297
previous_S1,0.025,0.02,0,0.26
previous_S1,0.025,0.02,1,0.40608465608465605
previous_S1,0.025,0.02,2,0.37587719298245614
previous_S1,0.025,0.02,3,0.2636986301369863
previous_S1,0.025,0.03,0,0.2601010101010101
previous_S1,0.025,0.03,1,0.3843404808317089
previous_S1,0.025,0.03,2,0.3672222222222222
previous_S1,0.025,0.03,3,0.2631578947368421
previous_S1,0.025,0.038538810670601456,0,0.2601010101010101
previous_S1,0.025,0.038538810670601456,1,0.38263762855414396
previous_S1,0.025,0.038538810670601456,2,0.36693877551020404
previous_S1,0.025,0.038538810670601456,3,0.2626582278481012
previous_S1,0.025,0.049507997596815526,0,0.2603092783505155
previous_S1,0.025,0.049507997596815526,1,0.38056238056238056
previous_S1,0.025,0.049507997596815526,2,0.36693877551020404
previous_S1,0.025,0.049507997596815526,3,0.2626582278481012
previous_S1,0.025,0.06359931153547553,0,0.2602040816326531
previous_S1,0.025,0.06359931153547553,1,0.3786967418546366
previous_S1,0.025,0.06359931153547553,2,0.3660901467505241
previous_S1,0.025,0.06359931153547553,3,0.2628205128205128
previous_S1,0.025,0.08170139420154304,0,0.2604166666666667
previous_S1,0.025,0.08170139420154304,1,0.37749287749287747
previous_S1,0.025,0.08170139420154304,2,0.3645238095238095
previous_S1,0.025,0.08170139420154304,3,0.2628205128205128
previous_S1,0.025,0.10495581875524816,0,0.26063829787234044
previous_S1,0.025,0.10495581875524816,1,0.3768518518518518
previous_S1,0.025,0.10495581875524816,2,0.36269592476489027
previous_S1,0.025,0.10495581875524816,3,0.2628205128205128
previous_S1,0.025,0.1348290809262157,0,0.26063829787234044
previous_S1,0.025,0.1348290809262157,1,0.37635135135135134
previous_S1,0.025,0.1348290809262157,2,0.36247947454844004
previous_S1,0.025,0.1348290809262157,3,0.2628205128205128
previous_S1,0.025,0.17320508075688773,0,0.26063829787234044
previous_S1,0.025,0.17320508075688773,1,0.37749287749287747
previous_S1,0.025,0.17320508075688773,2,0.36197839230845474
previous_S1,0.025,0.17320508075688773,3,0.2626582278481012
previous_S1,0.025,0.2225039271491978,0,0.26063829787234044
previous_S1,0.025,0.2225039271491978,1,0.3794079794079794
previous_S1,0.025,0.2225039271491978,2,0.36184798807749624
previous_S1,0.025,0.2225039271491978,3,0.26249999999999996
previous_S1,0.025,0.2858345573956079,0,0.260989010989011
previous_S1,0.025,0.2858345573956079,1,0.376992376992377
previous_S1,0.025,0.2858345573956079,2,0.36232339089481946
previous_S1,0.025,0.2858345573956079,3,0.2620481927710843
previous_S1,0.025,0.3671907963528168,0,0.2612359550561798
previous_S1,0.025,0.3671907963528168,1,0.37142857142857144
previous_S1,0.025,0.3671907963528168,2,0.3627514600908501
previous_S1,0.025,0.3671907963528168,3,0.2616279069767442
previous_S1,0.025,0.47170321935428616,0,0.2616279069767442
previous_S1,0.025,0.47170321935428616,1,0.36627450980392157
previous_S1,0.025,0.47170321935428616,2,0.3620104841196423
previous_S1,0.025,0.47170321935428616,3,0.2614942528735632
previous_S1,0.025,0.6059627021136009,0,0.2619047619047619
previous_S1,0.025,0.6059627021136009,1,0.36247947454844004
previous_S1,0.025,0.6059627021136009,2,0.364221824686941
previous_S1,0.025,0.6059627021136009,3,0.26098901098901095
previous_S1,0.025,0.778436061673405,0,0.2626582278481013
previous_S1,0.025,0.778436061673405,1,0.3603913273400317
previous_S1,0.025,0.778436061673405,2,0.3672243672243672
previous_S1,0.025,0.778436061673405,3,0.27395295467584624
previous_S1,0.025,1.0,0,0.2623456790123457
previous_S1,0.025,1.0,1,0.35824275362318836
previous_S1,0.025,1.0,2,0.36801801801801803
previous_S1,0.025,1.0,3,0.312987012987013
previous_S1,0.025,2.0,0,0.2642857142857143
previous_S1,0.025,2.0,1,0.3565735717634452
previous_S1,0.025,2.0,2,0.38115449915110355
previous_S1,0.025,2.0,3,0.3550724637681159
previous_S1,0.025,3.0,0,0.2685185185185185
previous_S1,0.025,3.0,1,0.3605555555555555
previous_S1,0.025,3.0,2,0.38940092165898615
previous_S1,0.025,3.0,3,0.3655913978494624
previous_S1,0.025,10.0,0,0.18666666666666665
previous_S1,0.025,10.0,1,0.37334933973589435
previous_S1,0.025,10.0,2,0.36271498771498767
previous_S1,0.025,10.0,3,0.2661290322580645
previous_S1,0.03,0.003,0,0.2602040816326531
previous_S1,0.03,0.003,1,0.44345238095238093
previous_S1,0.03,0.003,2,0.3875718390804598
previous_S1,0.03,0.003,3,0.22715894868585731
previous_S1,0.03,0.005,0,0.2602040816326531
previous_S1,0.03,0.005,1,0.4476190476190476
previous_S1,0.03,0.005,2,0.38585858585858585
previous_S1,0.03,0.005,3,0.2311111111111111
previous_S1,0.03,0.01,0,0.2601010101010101
previous_S1,0.03,0.01,1,0.43333333333333335
previous_S1,0.03,0.01,2,0.3785353535353535
previous_S1,0.03,0.01,3,0.2780337941628264
previous_S1,0.03,0.02,0,0.2601010101010101
previous_S1,0.03,0.02,1,0.3968253968253968
previous_S1,0.03,0.02,2,0.3672222222222222
previous_S1,0.03,0.02,3,0.2756033920417482
previous_S1,0.03,0.03,0,0.2601010101010101
previous_S1,0.03,0.03,1,0.3819628647214854
previous_S1,0.03,0.03,2,0.36627450980392157
previous_S1,0.03,0.03,3,0.27489177489177485
previous_S1,0.03,0.038538810670601456,0,0.2601010101010101
previous_S1,0.03,0.038538810670601456,1,0.3826164874551971
previous_S1,0.03,0.038538810670601456,2,0.36693877551020404
previous_S1,0.03,0.038538810670601456,3,0.2899728997289973
previous_S1,0.03,0.049507997596815526,0,0.2603092783505155
previous_S1,0.03,0.049507997596815526,1,0.38119369369369366
previous_S1,0.03,0.049507997596815526,2,0.36763038548752835
previous_S1,0.03,0.049507997596815526,3,0.2740998838559814
previous_S1,0.03,0.06359931153547553,0,0.2603092783505155
previous_S1,0.03,0.06359931153547553,1,0.37858220211161386
previous_S1,0.03,0.06359931153547553,2,0.36563599798893914
previous_S1,0.03,0.06359931153547553,3,0.2619047619047619
previous_S1,0.03,0.08170139420154304,0,0.2603092783505155
previous_S1,0.03,0.08170139420154304,1,0.37574159525379036
previous_S1,0.03,0.08170139420154304,2,0.36409376786735276
previous_S1,0.03,0.08170139420154304,3,0.2620481927710843
previous_S1,0.03,0.10495581875524816,0,0.2603092783505155
previous_S1,0.03,0.10495581875524816,1,0.37526743688489517
previous_S1,0.03,0.10495581875524816,2,0.36278195488721804
previous_S1,0.03,0.10495581875524816,3,0.2621951219512195
previous_S1,0.03,0.1348290809262157,0,0.2604166666666667
previous_S1,0.03,0.1348290809262157,1,0.37526743688489517
previous_S1,0.03,0.1348290809262157,2,0.36227061907642666
previous_S1,0.03,0.1348290809262157,3,0.2621951219512195
previous_S1,0.03,0.17320508075688773,0,0.26052631578947366
previous_S1,0.03,0.17320508075688773,1,0.3765182186234818
previous_S1,0.03,0.17320508075688773,2,0.3616959064327485
previous_S1,0.03,0.17320508075688773,3,0.2620481927710843
previous_S1,0.03,0.2225039271491978,0,0.2608695652173913
previous_S1,0.03,0.2225039271491978,1,0.3765182186234818
previous_S1,0.03,0.2225039271491978,2,0.3611111111111111
previous_S1,0.03,0.2225039271491978,3,0.2619047619047619
previous_S1,0.03,0.2858345573956079,0,0.260989010989011
previous_S1,0.03,0.2858345573956079,1,0.3754273504273504
previous_S1,0.03,0.2858345573956079,2,0.36155674390968506
previous_S1,0.03,0.2858345573956079,3,0.2616279069767442
previous_S1,0.03,0.3671907963528168,0,0.2612359550561798
previous_S1,0.03,0.3671907963528168,1,0.36898148148148147
previous_S1,0.03,0.3671907963528168,2,0.36244310363078225
previous_S1,0.03,0.3671907963528168,3,0.2614942528735632
previous_S1,0.03,0.47170321935428616,0,0.2616279069767442
previous_S1,0.03,0.47170321935428616,1,0.36563599798893914
previous_S1,0.03,0.47170321935428616,2,0.3622236128493951
previous_S1,0.03,0.47170321935428616,3,0.26098901098901095
previous_S1,0.03,0.6059627021136009,0,0.2619047619047619
previous_S1,0.03,0.6059627021136009,1,0.36247947454844004
previous_S1,0.03,0.6059627021136009,2,0.364221824686941
previous_S1,0.03,0.6059627021136009,3,0.26098901098901095
previous_S1,0.03,0.778436061673405,0,0.2626582278481013
previous_S1,0.03,0.778436061673405,1,0.3603913273400317
previous_S1,0.03,0.778436061673405,2,0.3672243672243672
previous_S1,0.03,0.778436061673405,3,0.27395295467584624
previous_S1,0.03,1.0,0,0.2623456790123457
previous_S1,0.03,1.0,1,0.35824275362318836
previous_S1,0.03,1.0,2,0.36801801801801803
previous_S1,0.03,1.0,3,0.312987012987013
previous_S1,0.03,2.0,0,0.2642857142857143
previous_S1,0.03,2.0,1,0.3565735717634452
previous_S1,0.03,2.0,2,0.38115449915110355
previous_S1,0.03,2.0,3,0.3550724637681159
previous_S1,0.03,3.0,0,0.2685185185185185
previous_S1,0.03,3.0,1,0.3605555555555555
previous_S1,0.03,3.0,2,0.38940092165898615
previous_S1,0.03,3.0,3,0.3645833333333333
previous_S1,0.03,10.0,0,0.18666666666666665
previous_S1,0.03,10.0,1,0.37334933973589435
previous_S1,0.03,10.0,2,0.36271498771498767
previous_S1,0.03,10.0,3,0.2661290322580645
previous_S1,0.035,0.003,0,0.2601010101010101
previous_S1,0.035,0.003,1,0.4305555555555555
previous_S1,0.035,0.003,2,0.38048245614035087
previous_S1,0.035,0.003,3,0.23946360153256704
previous_S1,0.035,0.005,0,0.2602040816326531
previous_S1,0.035,0.005,1,0.42037037037037034
previous_S1,0.035,0.005,2,0.37816764132553604
previous_S1,0.035,0.005,3,0.2777777777777778
previous_S1,0.035,0.01,0,0.2603092783505155
previous_S1,0.035,0.01,1,0.39814814814814814
previous_S1,0.035,0.01,2,0.374390243902439
previous_S1,0.035,0.01,3,0.2759892689470154
previous_S1,0.035,0.02,0,0.2603092783505155
previous_S1,0.035,0.02,1,0.39373897707231037
previous_S1,0.035,0.02,2,0.36865942028985504
previous_S1,0.035,0.02,3,0.275062656641604
previous_S1,0.035,0.03,0,0.2602040816326531
previous_S1,0.035,0.03,1,0.3849673202614379
previous_S1,0.035,0.03,2,0.3660901467505241
previous_S1,0.035,0.03,3,0.27489177489177485
previous_S1,0.035,0.038538810670601456,0,0.2603092783505155
previous_S1,0.035,0.038538810670601456,1,0.3798076923076923
previous_S1,0.035,0.038538810670601456,2,0.36512059369202227
previous_S1,0.035,0.038538810670601456,3,0.27456298975286314
previous_S1,0.035,0.049507997596815526,0,0.2603092783505155
previous_S1,0.035,0.049507997596815526,1,0.37917637917637914
previous_S1,0.035,0.049507997596815526,2,0.3649237472766884
previous_S1,0.035,0.049507997596815526,3,0.2744047619047619
previous_S1,0.035,0.06359931153547553,0,0.2603092783505155
previous_S1,0.035,0.06359931153547553,1,0.37749287749287747
previous_S1,0.035,0.06359931153547553,2,0.3631533289958794
previous_S1,0.035,0.06359931153547553,3,0.2740998838559814
previous_S1,0.035,0.08170139420154304,0,0.2604166666666667
previous_S1,0.035,0.08170139420154304,1,0.37766714082503555
previous_S1,0.035,0.08170139420154304,2,0.3609566184649611
previous_S1,0.035,0.08170139420154304,3,0.26176470588235295
previous_S1,0.035,0.10495581875524816,0,0.26052631578947366
previous_S1,0.035,0.10495581875524816,1,0.37816764132553604
previous_S1,0.035,0.10495581875524816,2,0.3604525862068965
previous_S1,0.035,0.10495581875524816,3,0.2614942528735632
previous_S1,0.035,0.1348290809262157,0,0.260752688172043
previous_S1,0.035,0.1348290809262157,1,0.37749287749287747
previous_S1,0.035,0.1348290809262157,2,0.3602122015915119
previous_S1,0.035,0.1348290809262157,3,0.26136363636363635
previous_S1,0.035,0.17320508075688773,0,0.2611111111111111
previous_S1,0.035,0.17320508075688773,1,0.37635135135135134
previous_S1,0.035,0.17320508075688773,2,0.360180754917597
previous_S1,0.035,0.17320508075688773,3,0.26098901098901095
previous_S1,0.035,0.2225039271491978,0,0.2608695652173913
previous_S1,0.035,0.2225039271491978,1,0.3741330069359445
previous_S1,0.035,0.2225039271491978,2,0.3601634683724236
previous_S1,0.035,0.2225039271491978,3,0.2608695652173913
previous_S1,0.035,0.2858345573956079,0,0.2611111111111111
previous_S1,0.035,0.2858345573956079,1,0.37048294495103007
previous_S1,0.035,0.2858345573956079,2,0.36089798238135834
previous_S1,0.035,0.2858345573956079,3,0.260752688172043
previous_S1,0.035,0.3671907963528168,0,0.2612359550561798
previous_S1,0.035,0.3671907963528168,1,0.36751773049645386
previous_S1,0.035,0.3671907963528168,2,0.36122448979591837
previous_S1,0.035,0.3671907963528168,3,0.26098901098901095
previous_S1,0.035,0.47170321935428616,0,0.2616279069767442
previous_S1,0.035,0.47170321935428616,1,0.3652731532864718
previous_S1,0.035,0.47170321935428616,2,0.36244310363078225
previous_S1,0.035,0.47170321935428616,3,0.260752688172043
previous_S1,0.035,0.6059627021136009,0,0.2619047619047619
previous_S1,0.035,0.6059627021136009,1,0.3621872477804681
previous_S1,0.035,0.6059627021136009,2,0.3645909645909646
previous_S1,0.035,0.6059627021136009,3,0.26098901098901095
previous_S1,0.035,0.778436061673405,0,0.2626582278481013
previous_S1,0.035,0.778436061673405,1,0.3603913273400317
previous_S1,0.035,0.778436061673405,2,0.3672243672243672
previous_S1,0.035,0.778436061673405,3,0.2898259705488621
previous_S1,0.035,1.0,0,0.2623456790123457
previous_S1,0.035,1.0,1,0.35824275362318836
previous_S1,0.035,1.0,2,0.36801801801801803
previous_S1,0.035,1.0,3,0.312987012987013
previous_S1,0.035,2.0,0,0.2642857142857143
previous_S1,0.035,2.0,1,0.3565735717634452
previous_S1,0.035,2.0,2,0.38115449915110355
previous_S1,0.035,2.0,3,0.3550724637681159
previous_S1,0.035,3.0,0,0.2685185185185185
previous_S1,0.035,3.0,1,0.3605555555555555
previous_S1,0.035,3.0,2,0.38940092165898615
previous_S1,0.035,3.0,3,0.3645833333333333
previous_S1,0.035,10.0,0,0.18666666666666665
previous_S1,0.035,10.0,1,0.37334933973589435
previous_S1,0.035,10.0,2,0.36271498771498767
previous_S1,0.035,10.0,3,0.2661290322580645
previous_S1,0.04,0.003,0,0.2603092783505155
previous_S1,0.04,0.003,1,0.40711462450592883
previous_S1,0.04,0.003,2,0.3754273504273504
previous_S1,0.04,0.003,3,0.2772893772893773
previous_S1,0.04,0.005,0,0.2604166666666667
previous_S1,0.04,0.005,1,0.4011111111111111
previous_S1,0.04,0.005,2,0.374390243902439
previous_S1,0.04,0.005,3,0.2766106442577031
previous_S1,0.04,0.01,0,0.2604166666666667
previous_S1,0.04,0.01,1,0.3946886446886447
previous_S1,0.04,0.01,2,0.3738095238095238
previous_S1,0.04,0.01,3,0.2752380952380952
previous_S1,0.04,0.02,0,0.2603092783505155
previous_S1,0.04,0.02,1,0.39373897707231037
previous_S1,0.04,0.02,2,0.37340301974448314
previous_S1,0.04,0.02,3,0.2742504409171076
previous_S1,0.04,0.03,0,0.2604166666666667
previous_S1,0.04,0.03,1,0.38585858585858585
previous_S1,0.04,0.03,2,0.364010989010989
previous_S1,0.04,0.03,3,0.2742504409171076
previous_S1,0.04,0.038538810670601456,0,0.26052631578947366
previous_S1,0.04,0.038538810670601456,1,0.3827380952380952
previous_S1,0.04,0.038538810670601456,2,0.36178496555855044
previous_S1,0.04,0.038538810670601456,3,0.2742504409171076
previous_S1,0.04,0.049507997596815526,0,0.260752688172043
previous_S1,0.04,0.049507997596815526,1,0.38131313131313127
previous_S1,0.04,0.049507997596815526,2,0.3610636277302944
previous_S1,0.04,0.049507997596815526,3,0.27456298975286314
previous_S1,0.04,0.06359931153547553,0,0.26063829787234044
previous_S1,0.04,0.06359931153547553,1,0.3815126050420168
previous_S1,0.04,0.06359931153547553,2,0.36129656507014996
previous_S1,0.04,0.06359931153547553,3,0.2744047619047619
previous_S1,0.04,0.08170139420154304,0,0.26052631578947366
previous_S1,0.04,0.08170139420154304,1,0.3815126050420168
previous_S1,0.04,0.08170139420154304,2,0.3610634648370497
previous_S1,0.04,0.08170139420154304,3,0.27380952380952384
previous_S1,0.04,0.10495581875524816,0,0.260752688172043
previous_S1,0.04,0.10495581875524816,1,0.3768518518518518
previous_S1,0.04,0.10495581875524816,2,0.3597402597402597
previous_S1,0.04,0.10495581875524816,3,0.2619047619047619
previous_S1,0.04,0.1348290809262157,0,0.260989010989011
previous_S1,0.04,0.1348290809262157,1,0.37574159525379036
previous_S1,0.04,0.1348290809262157,2,0.3597402597402597
previous_S1,0.04,0.1348290809262157,3,0.2614942528735632
previous_S1,0.04,0.17320508075688773,0,0.260989010989011
previous_S1,0.04,0.17320508075688773,1,0.3730994152046784
previous_S1,0.04,0.17320508075688773,2,0.36043956043956044
previous_S1,0.04,0.17320508075688773,3,0.26123595505617975
previous_S1,0.04,0.2225039271491978,0,0.2611111111111111
previous_S1,0.04,0.2225039271491978,1,0.3712606837606838
previous_S1,0.04,0.2225039271491978,2,0.3606909430438842
previous_S1,0.04,0.2225039271491978,3,0.26111111111111107
previous_S1,0.04,0.2858345573956079,0,0.2611111111111111
previous_S1,0.04,0.2858345573956079,1,0.36883720930232555
previous_S1,0.04,0.2858345573956079,2,0.3607511737089202
previous_S1,0.04,0.2858345573956079,3,0.260752688172043
previous_S1,0.04,0.3671907963528168,0,0.26136363636363635
previous_S1,0.04,0.3671907963528168,1,0.36737891737891737
previous_S1,0.04,0.3671907963528168,2,0.360827664399093
previous_S1,0.04,0.3671907963528168,3,0.260752688172043
previous_S1,0.04,0.47170321935428616,0,0.2616279069767442
previous_S1,0.04,0.47170321935428616,1,0.3645238095238095
previous_S1,0.04,0.47170321935428616,2,0.3627514600908501
previous_S1,0.04,0.47170321935428616,3,0.2606382978723404
previous_S1,0.04,0.6059627021136009,0,0.2619047619047619
previous_S1,0.04,0.6059627021136009,1,0.3609566184649611
previous_S1,0.04,0.6059627021136009,2,0.36413172234067753
previous_S1,0.04,0.6059627021136009,3,0.26098901098901095
previous_S1,0.04,0.778436061673405,0,0.2626582278481013
previous_S1,0.04,0.778436061673405,1,0.3599590373783922
previous_S1,0.04,0.778436061673405,2,0.36747685185185186
previous_S1,0.04,0.778436061673405,3,0.2898259705488621
previous_S1,0.04,1.0,0,0.2623456790123457
previous_S1,0.04,1.0,1,0.35824275362318836
previous_S1,0.04,1.0,2,0.36801801801801803
previous_S1,0.04,1.0,3,0.312987012987013
previous_S1,0.04,2.0,0,0.2642857142857143
previous_S1,0.04,2.0,1,0.3565735717634452
previous_S1,0.04,2.0,2,0.38115449915110355
previous_S1,0.04,2.0,3,0.3550724637681159
previous_S1,0.04,3.0,0,0.2685185185185185
previous_S1,0.04,3.0,1,0.3605555555555555
previous_S1,0.04,3.0,2,0.38940092165898615
previous_S1,0.04,3.0,3,0.3645833333333333
previous_S1,0.04,10.0,0,0.18666666666666665
previous_S1,0.04,10.0,1,0.37334933973589435
previous_S1,0.04,10.0,2,0.36271498771498767
previous_S1,0.04,10.0,3,0.2661290322580645
previous_S1,0.045,0.003,0,0.2602040816326531
previous_S1,0.045,0.003,1,0.39814814814814814
previous_S1,0.045,0.003,2,0.374390243902439
previous_S1,0.045,0.003,3,0.2766106442577031
previous_S1,0.045,0.005,0,0.2603092783505155
previous_S1,0.045,0.005,1,0.397037037037037
previous_S1,0.045,0.005,2,0.3738095238095238
previous_S1,0.045,0.005,3,0.2754182754182754
previous_S1,0.045,0.01,0,0.2604166666666667
previous_S1,0.045,0.01,1,0.3946886446886447
previous_S1,0.045,0.01,2,0.37325581395348834
previous_S1,0.045,0.01,3,0.2742504409171076
previous_S1,0.045,0.02,0,0.26052631578947366
previous_S1,0.045,0.02,1,0.3860887096774193
previous_S1,0.045,0.02,2,0.36751773049645386
previous_S1,0.045,0.02,3,0.2740998838559814
previous_S1,0.045,0.03,0,0.260752688172043
previous_S1,0.045,0.03,1,0.38585858585858585
previous_S1,0.045,0.03,2,0.3637690925426774
previous_S1,0.045,0.03,3,0.27380952380952384
previous_S1,0.045,0.038538810670601456,0,0.2604166666666667
previous_S1,0.045,0.038538810670601456,1,0.38446969696969696
previous_S1,0.045,0.038538810670601456,2,0.36286110222790746
previous_S1,0.045,0.038538810670601456,3,0.2736694677871149
previous_S1,0.045,0.049507997596815526,0,0.26052631578947366
previous_S1,0.045,0.049507997596815526,1,0.3829471182412359
previous_S1,0.045,0.049507997596815526,2,0.36060438548000734
previous_S1,0.045,0.049507997596815526,3,0.27353266888150607
previous_S1,0.045,0.06359931153547553,0,0.26052631578947366
previous_S1,0.045,0.06359931153547553,1,0.3815126050420168
previous_S1,0.045,0.06359931153547553,2,0.3601717659688674
previous_S1,0.045,0.06359931153547553,3,0.27353266888150607
previous_S1,0.045,0.08170139420154304,0,0.26052631578947366
previous_S1,0.045,0.08170139420154304,1,0.380718954248366
previous_S1,0.045,0.08170139420154304,2,0.3597402597402597
previous_S1,0.045,0.08170139420154304,3,0.2736694677871149
previous_S1,0.045,0.10495581875524816,0,0.26052631578947366
previous_S1,0.045,0.10495581875524816,1,0.376992376992377
previous_S1,0.045,0.10495581875524816,2,0.36019766397124886
previous_S1,0.045,0.10495581875524816,3,0.2616279069767442
previous_S1,0.045,0.1348290809262157,0,0.260752688172043
previous_S1,0.045,0.1348290809262157,1,0.37574159525379036
previous_S1,0.045,0.1348290809262157,2,0.3606909430438842
previous_S1,0.045,0.1348290809262157,3,0.26123595505617975
previous_S1,0.045,0.17320508075688773,0,0.2611111111111111
previous_S1,0.045,0.17320508075688773,1,0.3712606837606838
previous_S1,0.045,0.17320508075688773,2,0.3614315291333925
previous_S1,0.045,0.17320508075688773,3,0.26111111111111107
previous_S1,0.045,0.2225039271491978,0,0.2611111111111111
previous_S1,0.045,0.2225039271491978,1,0.3696705426356589
previous_S1,0.045,0.2225039271491978,2,0.3620104841196423
previous_S1,0.045,0.2225039271491978,3,0.2608695652173913
previous_S1,0.045,0.2858345573956079,0,0.2612359550561798
previous_S1,0.045,0.2858345573956079,1,0.3674339300937766
previous_S1,0.045,0.2858345573956079,2,0.36244310363078225
previous_S1,0.045,0.2858345573956079,3,0.260752688172043
previous_S1,0.045,0.3671907963528168,0,0.2614942528735632
previous_S1,0.045,0.3671907963528168,1,0.36512059369202227
previous_S1,0.045,0.3671907963528168,2,0.36264090177133657
previous_S1,0.045,0.3671907963528168,3,0.2606382978723404
previous_S1,0.045,0.47170321935428616,0,0.2614942528735632
previous_S1,0.045,0.47170321935428616,1,0.3632228719948018
previous_S1,0.045,0.47170321935428616,2,0.36376258243665394
previous_S1,0.045,0.47170321935428616,3,0.2606382978723404
previous_S1,0.045,0.6059627021136009,0,0.2619047619047619
previous_S1,0.045,0.6059627021136009,1,0.3609566184649611
previous_S1,0.045,0.6059627021136009,2,0.3649253731343283
previous_S1,0.045,0.6059627021136009,3,0.26098901098901095
previous_S1,0.045,0.778436061673405,0,0.2625
previous_S1,0.045,0.778436061673405,1,0.3599590373783922
previous_S1,0.045,0.778436061673405,2,0.3669763513513513
previous_S1,0.045,0.778436061673405,3,0.2899728997289973
previous_S1,0.045,1.0,0,0.2623456790123457
previous_S1,0.045,1.0,1,0.35824275362318836
previous_S1,0.045,1.0,2,0.36801801801801803
previous_S1,0.045,1.0,3,0.312987012987013
previous_S1,0.045,2.0,0,0.2642857142857143
previous_S1,0.045,2.0,1,0.3565735717634452
previous_S1,0.045,2.0,2,0.38115449915110355
previous_S1,0.045,2.0,3,0.3550724637681159
previous_S1,0.045,3.0,0,0.2685185185185185
previous_S1,0.045,3.0,1,0.3605555555555555
previous_S1,0.045,3.0,2,0.38940092165898615
previous_S1,0.045,3.0,3,0.3655913978494624
previous_S1,0.045,10.0,0,0.18666666666666665
previous_S1,0.045,10.0,1,0.37334933973589435
previous_S1,0.045,10.0,2,0.36271498771498767
previous_S1,0.045,10.0,3,0.2661290322580645
previous_S1,0.05,0.003,0,0.2602040816326531
previous_S1,0.05,0.003,1,0.3957142857142857
previous_S1,0.05,0.003,2,0.374390243902439
previous_S1,0.05,0.003,3,0.2757936507936508
previous_S1,0.05,0.005,0,0.2603092783505155
previous_S1,0.05,0.005,1,0.39345711759504864
previous_S1,0.05,0.005,2,0.374390243902439
previous_S1,0.05,0.005,3,0.2757936507936508
previous_S1,0.05,0.01,0,0.2604166666666667
previous_S1,0.05,0.01,1,0.39162561576354676
previous_S1,0.05,0.01,2,0.3719336219336219
previous_S1,0.05,0.01,3,0.2756033920417482
previous_S1,0.05,0.02,0,0.2604166666666667
previous_S1,0.05,0.02,1,0.3860887096774193
previous_S1,0.05,0.02,2,0.3642623716153128
previous_S1,0.05,0.02,3,0.2740998838559814
previous_S1,0.05,0.03,0,0.26052631578947366
previous_S1,0.05,0.03,1,0.3860887096774193
previous_S1,0.05,0.03,2,0.3633116883116883
previous_S1,0.05,0.03,3,0.27353266888150607
previous_S1,0.05,0.038538810670601456,0,0.26063829787234044
previous_S1,0.05,0.038538810670601456,1,0.3860887096774193
previous_S1,0.05,0.038538810670601456,2,0.36158357771260996
previous_S1,0.05,0.038538810670601456,3,0.2733990147783251
previous_S1,0.05,0.049507997596815526,0,0.26063829787234044
previous_S1,0.05,0.049507997596815526,1,0.38514173998044965
previous_S1,0.05,0.049507997596815526,2,0.3601634683724236
previous_S1,0.05,0.049507997596815526,3,0.27353266888150607
previous_S1,0.05,0.06359931153547553,0,0.26063829787234044
previous_S1,0.05,0.06359931153547553,1,0.38210678210678206
previous_S1,0.05,0.06359931153547553,2,0.36065423976608185
previous_S1,0.05,0.06359931153547553,3,0.2733990147783251
previous_S1,0.05,0.08170139420154304,0,0.26063829787234044
previous_S1,0.05,0.08170139420154304,1,0.3794079794079794
previous_S1,0.05,0.08170139420154304,2,0.3609022556390977
previous_S1,0.05,0.08170139420154304,3,0.27353266888150607
previous_S1,0.05,0.10495581875524816,0,0.260752688172043
previous_S1,0.05,0.10495581875524816,1,0.37325581395348834
previous_S1,0.05,0.10495581875524816,2,0.36086309523809523
previous_S1,0.05,0.10495581875524816,3,0.27326839826839827
previous_S1,0.05,0.1348290809262157,0,0.260752688172043
previous_S1,0.05,0.1348290809262157,1,0.3715644820295983
previous_S1,0.05,0.1348290809262157,2,0.36129656507014996
previous_S1,0.05,0.1348290809262157,3,0.27314071696094167
previous_S1,0.05,0.17320508075688773,0,0.260752688172043
previous_S1,0.05,0.17320508075688773,1,0.3715644820295983
previous_S1,0.05,0.17320508075688773,2,0.36232339089481946
previous_S1,0.05,0.17320508075688773,3,0.26098901098901095
previous_S1,0.05,0.2225039271491978,0,0.2611111111111111
previous_S1,0.05,0.2225039271491978,1,0.369424743892829
previous_S1,0.05,0.2225039271491978,2,0.3620902906617192
previous_S1,0.05,0.2225039271491978,3,0.2606382978723404
previous_S1,0.05,0.2858345573956079,0,0.26136363636363635
previous_S1,0.05,0.2858345573956079,1,0.36693877551020404
previous_S1,0.05,0.2858345573956079,2,0.36297760210803687
previous_S1,0.05,0.2858345573956079,3,0.27265745007680486
previous_S1,0.05,0.3671907963528168,0,0.2614942528735632
previous_S1,0.05,0.3671907963528168,1,0.3633116883116883
previous_S1,0.05,0.3671907963528168,2,0.3632996632996633
previous_S1,0.05,0.3671907963528168,3,0.260752688172043
previous_S1,0.05,0.47170321935428616,0,0.2614942528735632
previous_S1,0.05,0.47170321935428616,1,0.36227061907642666
previous_S1,0.05,0.47170321935428616,2,0.36376258243665394
previous_S1,0.05,0.47170321935428616,3,0.2606382978723404
previous_S1,0.05,0.6059627021136009,0,0.2620481927710843
previous_S1,0.05,0.6059627021136009,1,0.3614226823890327
previous_S1,0.05,0.6059627021136009,2,0.36557886557886554
previous_S1,0.05,0.6059627021136009,3,0.2608695652173913
previous_S1,0.05,0.778436061673405,0,0.2621951219512195
previous_S1,0.05,0.778436061673405,1,0.3595403439153439
previous_S1,0.05,0.778436061673405,2,0.3669763513513513
previous_S1,0.05,0.778436061673405,3,0.28968253968253965
previous_S1,0.05,1.0,0,0.2623456790123457
previous_S1,0.05,1.0,1,0.35824275362318836
previous_S1,0.05,1.0,2,0.367826345524829
previous_S1,0.05,1.0,3,0.3128205128205128
previous_S1,0.05,2.0,0,0.2642857142857143
previous_S1,0.05,2.0,1,0.3565735717634452
previous_S1,0.05,2.0,2,0.38115449915110355
previous_S1,0.05,2.0,3,0.3550724637681159
previous_S1,0.05,3.0,0,0.2685185185185185
previous_S1,0.05,3.0,1,0.3605555555555555
previous_S1,0.05,3.0,2,0.38940092165898615
previous_S1,0.05,3.0,3,0.3645833333333333
previous_S1,0.05,10.0,0,0.18666666666666665
previous_S1,0.05,10.0,1,0.37334933973589435
previous_S1,0.05,10.0,2,0.36271498771498767
previous_S1,0.05,10.0,3,0.2661290322580645
previous_S1,0.055,0.003,0,0.2602040816326531
previous_S1,0.055,0.003,1,0.39345711759504864
previous_S1,0.055,0.003,2,0.3754273504273504
previous_S1,0.055,0.003,3,0.2757936507936508
previous_S1,0.055,0.005,0,0.2602040816326531
previous_S1,0.055,0.005,1,0.391232423490488
previous_S1,0.055,0.005,2,0.3719336219336219
previous_S1,0.055,0.005,3,0.2759892689470154
previous_S1,0.055,0.01,0,0.2601010101010101
previous_S1,0.055,0.01,1,0.3875718390804598
previous_S1,0.055,0.01,2,0.36627450980392157
previous_S1,0.055,0.01,3,0.2757936507936508
previous_S1,0.055,0.02,0,0.2602040816326531
previous_S1,0.055,0.02,1,0.3860887096774193
previous_S1,0.055,0.02,2,0.36627450980392157
previous_S1,0.055,0.02,3,0.2747252747252747
previous_S1,0.055,0.03,0,0.2602040816326531
previous_S1,0.055,0.03,1,0.3834101382488479
previous_S1,0.055,0.03,2,0.36299840510366826
previous_S1,0.055,0.03,3,0.2742504409171076
previous_S1,0.055,0.038538810670601456,0,0.2603092783505155
previous_S1,0.055,0.038538810670601456,1,0.3849673202614379
previous_S1,0.055,0.038538810670601456,2,0.36136712749615973
previous_S1,0.055,0.038538810670601456,3,0.27380952380952384
previous_S1,0.055,0.049507997596815526,0,0.2604166666666667
previous_S1,0.055,0.049507997596815526,1,0.3834101382488479
previous_S1,0.055,0.049507997596815526,2,0.36136712749615973
previous_S1,0.055,0.049507997596815526,3,0.27326839826839827
previous_S1,0.055,0.06359931153547553,0,0.26052631578947366
previous_S1,0.055,0.06359931153547553,1,0.37925696594427244
previous_S1,0.055,0.06359931153547553,2,0.36115827202414635
previous_S1,0.055,0.06359931153547553,3,0.273015873015873
previous_S1,0.055,0.08170139420154304,0,0.26063829787234044
previous_S1,0.055,0.08170139420154304,1,0.37624209575429085
previous_S1,0.055,0.08170139420154304,2,0.36115827202414635
previous_S1,0.055,0.08170139420154304,3,0.273015873015873
previous_S1,0.055,0.10495581875524816,0,0.260752688172043
previous_S1,0.055,0.10495581875524816,1,0.3741330069359445
previous_S1,0.055,0.10495581875524816,2,0.36115827202414635
previous_S1,0.055,0.10495581875524816,3,0.273015873015873
previous_S1,0.055,0.1348290809262157,0,0.260752688172043
previous_S1,0.055,0.1348290809262157,1,0.3719336219336219
previous_S1,0.055,0.1348290809262157,2,0.36158357771260996
previous_S1,0.055,0.1348290809262157,3,0.27289377289377287
previous_S1,0.055,0.17320508075688773,0,0.2604166666666667
previous_S1,0.055,0.17320508075688773,1,0.3707070707070707
previous_S1,0.055,0.17320508075688773,2,0.3625342610162344
previous_S1,0.055,0.17320508075688773,3,0.2724310776942356
previous_S1,0.055,0.2225039271491978,0,0.26052631578947366
previous_S1,0.055,0.2225039271491978,1,0.3688930117501546
previous_S1,0.055,0.2225039271491978,2,0.3630678077682686
previous_S1,0.055,0.2225039271491978,3,0.27232142857142855
previous_S1,0.055,0.2858345573956079,0,0.260752688172043
previous_S1,0.055,0.2858345573956079,1,0.36645299145299143
previous_S1,0.055,0.2858345573956079,2,0.3633907463694698
previous_S1,0.055,0.2858345573956079,3,0.27265745007680486
previous_S1,0.055,0.3671907963528168,0,0.2611111111111111
previous_S1,0.055,0.3671907963528168,1,0.36394908840729273
previous_S1,0.055,0.3671907963528168,2,0.364021164021164
previous_S1,0.055,0.3671907963528168,3,0.27265745007680486
previous_S1,0.055,0.47170321935428616,0,0.26136363636363635
previous_S1,0.055,0.47170321935428616,1,0.36269592476489027
previous_S1,0.055,0.47170321935428616,2,0.36598693855791015
previous_S1,0.055,0.47170321935428616,3,0.2606382978723404
previous_S1,0.055,0.6059627021136009,0,0.2620481927710843
previous_S1,0.055,0.6059627021136009,1,0.3614226823890327
previous_S1,0.055,0.6059627021136009,2,0.3660523504273504
previous_S1,0.055,0.6059627021136009,3,0.26098901098901095
previous_S1,0.055,0.778436061673405,0,0.2621951219512195
previous_S1,0.055,0.778436061673405,1,0.3598290598290598
previous_S1,0.055,0.778436061673405,2,0.36747685185185186
previous_S1,0.055,0.778436061673405,3,0.2895424836601307
previous_S1,0.055,1.0,0,0.2623456790123457
previous_S1,0.055,1.0,1,0.35824275362318836
previous_S1,0.055,1.0,2,0.367826345524829
previous_S1,0.055,1.0,3,0.3128205128205128
previous_S1,0.055,2.0,0,0.2642857142857143
previous_S1,0.055,2.0,1,0.3565735717634452
previous_S1,0.055,2.0,2,0.38115449915110355
previous_S1,0.055,2.0,3,0.3550724637681159
previous_S1,0.055,3.0,0,0.2685185185185185
previous_S1,0.055,3.0,1,0.3605555555555555
previous_S1,0.055,3.0,2,0.38940092165898615
previous_S1,0.055,3.0,3,0.3645833333333333
previous_S1,0.055,10.0,0,0.18666666666666665
previous_S1,0.055,10.0,1,0.37334933973589435
previous_S1,0.055,10.0,2,0.36271498771498767
previous_S1,0.055,10.0,3,0.2661290322580645
previous_S1,0.06,0.003,0,0.26
previous_S1,0.06,0.003,1,0.39028275587415373
previous_S1,0.06,0.003,2,0.3677051338306275
previous_S1,0.06,0.003,3,0.2761904761904762
previous_S1,0.06,0.005,0,0.26
previous_S1,0.06,0.005,1,0.38927469135802467
previous_S1,0.06,0.005,2,0.36701607267645003
previous_S1,0.06,0.005,3,0.2759892689470154
previous_S1,0.06,0.01,0,0.26
previous_S1,0.06,0.01,1,0.3883928571428571
previous_S1,0.06,0.01,2,0.3667484997272231
previous_S1,0.06,0.01,3,0.2757936507936508
previous_S1,0.06,0.02,0,0.26
previous_S1,0.06,0.02,1,0.38446969696969696
previous_S1,0.06,0.02,2,0.36782608695652175
previous_S1,0.06,0.02,3,0.2754182754182754
previous_S1,0.06,0.03,0,0.26
previous_S1,0.06,0.03,1,0.38514173998044965
previous_S1,0.06,0.03,2,0.3644826351593269
previous_S1,0.06,0.03,3,0.2747252747252747
previous_S1,0.06,0.038538810670601456,0,0.26
previous_S1,0.06,0.038538810670601456,1,0.380718954248366
previous_S1,0.06,0.038538810670601456,2,0.362547288776797
previous_S1,0.06,0.038538810670601456,3,0.2899728997289973
previous_S1,0.06,0.049507997596815526,0,0.2601010101010101
previous_S1,0.06,0.049507997596815526,1,0.3786967418546366
previous_S1,0.06,0.049507997596815526,2,0.36279867138112076
previous_S1,0.06,0.049507997596815526,3,0.31136363636363634
previous_S1,0.06,0.06359931153547553,0,0.2601010101010101
previous_S1,0.06,0.06359931153547553,1,0.378021978021978
previous_S1,0.06,0.06359931153547553,2,0.36279867138112076
previous_S1,0.06,0.06359931153547553,3,0.3111111111111111
previous_S1,0.06,0.08170139420154304,0,0.2601010101010101
previous_S1,0.06,0.08170139420154304,1,0.37624209575429085
previous_S1,0.06,0.08170139420154304,2,0.36184798807749624
previous_S1,0.06,0.08170139420154304,3,0.3104166666666667
previous_S1,0.06,0.10495581875524816,0,0.2601010101010101
previous_S1,0.06,0.10495581875524816,1,0.37574159525379036
previous_S1,0.06,0.10495581875524816,2,0.36184798807749624
previous_S1,0.06,0.10495581875524816,3,0.3104166666666667
previous_S1,0.06,0.1348290809262157,0,0.2601010101010101
previous_S1,0.06,0.1348290809262157,1,0.37222222222222223
previous_S1,0.06,0.1348290809262157,2,0.36228287841191065
previous_S1,0.06,0.1348290809262157,3,0.2885304659498208
previous_S1,0.06,0.17320508075688773,0,0.2602040816326531
previous_S1,0.06,0.17320508075688773,1,0.3693181818181818
previous_S1,0.06,0.17320508075688773,2,0.36228287841191065
previous_S1,0.06,0.17320508075688773,3,0.28864734299516903
previous_S1,0.06,0.2225039271491978,0,0.2602040816326531
previous_S1,0.06,0.2225039271491978,1,0.36809269162210334
previous_S1,0.06,0.2225039271491978,2,0.3633512544802867
previous_S1,0.06,0.2225039271491978,3,0.27265745007680486
previous_S1,0.06,0.2858345573956079,0,0.2603092783505155
previous_S1,0.06,0.2858345573956079,1,0.3663856550247558
previous_S1,0.06,0.2858345573956079,2,0.36421952957947257
previous_S1,0.06,0.2858345573956079,3,0.27265745007680486
previous_S1,0.06,0.3671907963528168,0,0.2608695652173913
previous_S1,0.06,0.3671907963528168,1,0.36421052631578943
previous_S1,0.06,0.3671907963528168,2,0.36421952957947257
previous_S1,0.06,0.3671907963528168,3,0.2727743271221532
previous_S1,0.06,0.47170321935428616,0,0.26136363636363635
previous_S1,0.06,0.47170321935428616,1,0.3629203916560238
previous_S1,0.06,0.47170321935428616,2,0.36626016260162597
previous_S1,0.06,0.47170321935428616,3,0.260752688172043
previous_S1,0.06,0.6059627021136009,0,0.2619047619047619
previous_S1,0.06,0.6059627021136009,1,0.36115827202414635
previous_S1,0.06,0.6059627021136009,2,0.36682079305030124
previous_S1,0.06,0.6059627021136009,3,0.273015873015873
previous_S1,0.06,0.778436061673405,0,0.2621951219512195
previous_S1,0.06,0.778436061673405,1,0.3599791013584117
previous_S1,0.06,0.778436061673405,2,0.3677248677248677
previous_S1,0.06,0.778436061673405,3,0.2895424836601307
previous_S1,0.06,1.0,0,0.2623456790123457
previous_S1,0.06,1.0,1,0.3582010582010582
previous_S1,0.06,1.0,2,0.3688010043942247
previous_S1,0.06,1.0,3,0.31265822784810127
previous_S1,0.06,2.0,0,0.2642857142857143
previous_S1,0.06,2.0,1,0.3565735717634452
previous_S1,0.06,2.0,2,0.38115449915110355
previous_S1,0.06,2.0,3,0.3550724637681159
previous_S1,0.06,3.0,0,0.2685185185185185
previous_S1,0.06,3.0,1,0.3605555555555555
previous_S1,0.06,3.0,2,0.38940092165898615
previous_S1,0.06,3.0,3,0.3645833333333333
previous_S1,0.06,10.0,0,0.18666666666666665
previous_S1,0.06,10.0,1,0.37334933973589435
previous_S1,0.06,10.0,2,0.36271498771498767
previous_S1,0.06,10.0,3,0.2661290322580645
previous_S1,0.065,0.003,0,0.26
previous_S1,0.065,0.003,1,0.391358024691358
previous_S1,0.065,0.003,2,0.3684450524395805
previous_S1,0.065,0.003,3,0.2759892689470154
previous_S1,0.065,0.005,0,0.26
previous_S1,0.065,0.005,1,0.3885799035965888
previous_S1,0.065,0.005,2,0.36775599128540304
previous_S1,0.065,0.005,3,0.2759892689470154
previous_S1,0.065,0.01,0,0.26
previous_S1,0.065,0.01,1,0.38662486938349006
previous_S1,0.065,0.01,2,0.3654040404040404
previous_S1,0.065,0.01,3,0.2757936507936508
previous_S1,0.065,0.02,0,0.2599009900990099
previous_S1,0.065,0.02,1,0.38446969696969696
previous_S1,0.065,0.02,2,0.36506746626686654
previous_S1,0.065,0.02,3,0.2752380952380952
previous_S1,0.065,0.03,0,0.2599009900990099
previous_S1,0.065,0.03,1,0.3815126050420168
previous_S1,0.065,0.03,2,0.3647752394988946
previous_S1,0.065,0.03,3,0.27380952380952384
previous_S1,0.065,0.038538810670601456,0,0.2599009900990099
previous_S1,0.065,0.038538810670601456,1,0.3815126050420168
previous_S1,0.065,0.038538810670601456,2,0.36418439716312057
previous_S1,0.065,0.038538810670601456,3,0.28901373283395754
previous_S1,0.065,0.049507997596815526,0,0.26
previous_S1,0.065,0.049507997596815526,1,0.37858220211161386
previous_S1,0.065,0.049507997596815526,2,0.36421952957947257
previous_S1,0.065,0.049507997596815526,3,0.310989010989011
previous_S1,0.065,0.06359931153547553,0,0.2601010101010101
previous_S1,0.065,0.06359931153547553,1,0.376992376992377
previous_S1,0.065,0.06359931153547553,2,0.3648148148148148
previous_S1,0.065,0.06359931153547553,3,0.3108695652173913
previous_S1,0.065,0.08170139420154304,0,0.2601010101010101
previous_S1,0.065,0.08170139420154304,1,0.37526743688489517
previous_S1,0.065,0.08170139420154304,2,0.36454159077109893
previous_S1,0.065,0.08170139420154304,3,0.310752688172043
previous_S1,0.065,0.10495581875524816,0,0.2601010101010101
previous_S1,0.065,0.10495581875524816,1,0.37481759432978945
previous_S1,0.065,0.10495581875524816,2,0.36454159077109893
previous_S1,0.065,0.10495581875524816,3,0.310752688172043
previous_S1,0.065,0.1348290809262157,0,0.2601010101010101
previous_S1,0.065,0.1348290809262157,1,0.37423687423687424
previous_S1,0.065,0.1348290809262157,2,0.3630678077682686
previous_S1,0.065,0.1348290809262157,3,0.3108695652173913
previous_S1,0.065,0.17320508075688773,0,0.2602040816326531
previous_S1,0.065,0.17320508075688773,1,0.37222222222222223
previous_S1,0.065,0.17320508075688773,2,0.3630952380952381
previous_S1,0.065,0.17320508075688773,3,0.3108695652173913
previous_S1,0.065,0.2225039271491978,0,0.2602040816326531
previous_S1,0.065,0.2225039271491978,1,0.3692063492063492
previous_S1,0.065,0.2225039271491978,2,0.3630952380952381
previous_S1,0.065,0.2225039271491978,3,0.3108695652173913
previous_S1,0.065,0.2858345573956079,0,0.2603092783505155
previous_S1,0.065,0.2858345573956079,1,0.3688930117501546
previous_S1,0.065,0.2858345573956079,2,0.36395511921458623
previous_S1,0.065,0.2858345573956079,3,0.273015873015873
previous_S1,0.065,0.3671907963528168,0,0.260989010989011
previous_S1,0.065,0.3671907963528168,1,0.36545729402872257
previous_S1,0.065,0.3671907963528168,2,0.36454159077109893
previous_S1,0.065,0.3671907963528168,3,0.28876678876678874
previous_S1,0.065,0.47170321935428616,0,0.26136363636363635
previous_S1,0.065,0.47170321935428616,1,0.36339522546419095
previous_S1,0.065,0.47170321935428616,2,0.36550387596899225
previous_S1,0.065,0.47170321935428616,3,0.2727743271221532
previous_S1,0.065,0.6059627021136009,0,0.2614942528735632
previous_S1,0.065,0.6059627021136009,1,0.36136712749615973
previous_S1,0.065,0.6059627021136009,2,0.36626016260162597
previous_S1,0.065,0.6059627021136009,3,0.28914141414141414
previous_S1,0.065,0.778436061673405,0,0.2620481927710843
previous_S1,0.065,0.778436061673405,1,0.36038961038961037
previous_S1,0.065,0.778436061673405,2,0.3677248677248677
previous_S1,0.065,0.778436061673405,3,0.28968253968253965
previous_S1,0.065,1.0,0,0.2623456790123457
previous_S1,0.065,1.0,1,0.3583468021242207
previous_S1,0.065,1.0,2,0.3688010043942247
previous_S1,0.065,1.0,3,0.31265822784810127
previous_S1,0.065,2.0,0,0.2642857142857143
previous_S1,0.065,2.0,1,0.3565735717634452
previous_S1,0.065,2.0,2,0.38115449915110355
previous_S1,0.065,2.0,3,0.3550724637681159
previous_S1,0.065,3.0,0,0.2685185185185185
previous_S1,0.065,3.0,1,0.3605555555555555
previous_S1,0.065,3.0,2,0.38940092165898615
previous_S1,0.065,3.0,3,0.3645833333333333
previous_S1,0.065,10.0,0,0.18666666666666665
previous_S1,0.065,10.0,1,0.37334933973589435
previous_S1,0.065,10.0,2,0.36271498771498767
previous_S1,0.065,10.0,3,0.2661290322580645
previous_S1,0.07,0.003,0,0.2599009900990099
previous_S1,0.07,0.003,1,0.3946886446886447
previous_S1,0.07,0.003,2,0.36537487335359675
previous_S1,0.07,0.003,3,0.2757936507936508
previous_S1,0.07,0.005,0,0.2599009900990099
previous_S1,0.07,0.005,1,0.39373897707231037
previous_S1,0.07,0.005,2,0.364766081871345
previous_S1,0.07,0.005,3,0.2757936507936508
previous_S1,0.07,0.01,0,0.26
previous_S1,0.07,0.01,1,0.38927469135802467
previous_S1,0.07,0.01,2,0.364463601532567
previous_S1,0.07,0.01,3,0.2756033920417482
previous_S1,0.07,0.02,0,0.26
previous_S1,0.07,0.02,1,0.383578431372549
previous_S1,0.07,0.02,2,0.36536994660564454
previous_S1,0.07,0.02,3,0.2740998838559814
previous_S1,0.07,0.03,0,0.26
previous_S1,0.07,0.03,1,0.38210678210678206
previous_S1,0.07,0.03,2,0.36536994660564454
previous_S1,0.07,0.03,3,0.2895424836601307
previous_S1,0.07,0.038538810670601456,0,0.2601010101010101
previous_S1,0.07,0.038538810670601456,1,0.3815126050420168
previous_S1,0.07,0.038538810670601456,2,0.36537487335359675
previous_S1,0.07,0.038538810670601456,3,0.28901373283395754
previous_S1,0.07,0.049507997596815526,0,0.2601010101010101
previous_S1,0.07,0.049507997596815526,1,0.37996820349761523
previous_S1,0.07,0.049507997596815526,2,0.3647591098067987
previous_S1,0.07,0.049507997596815526,3,0.3108695652173913
previous_S1,0.07,0.06359931153547553,0,0.2601010101010101
previous_S1,0.07,0.06359931153547553,1,0.376992376992377
previous_S1,0.07,0.06359931153547553,2,0.36333221813315486
previous_S1,0.07,0.06359931153547553,3,0.3108695652173913
previous_S1,0.07,0.08170139420154304,0,0.2601010101010101
previous_S1,0.07,0.08170139420154304,1,0.3765182186234818
previous_S1,0.07,0.08170139420154304,2,0.3630678077682686
previous_S1,0.07,0.08170139420154304,3,0.31063829787234043
previous_S1,0.07,0.10495581875524816,0,0.2601010101010101
previous_S1,0.07,0.10495581875524816,1,0.37587719298245614
previous_S1,0.07,0.10495581875524816,2,0.3627956989247312
previous_S1,0.07,0.10495581875524816,3,0.3108695652173913
previous_S1,0.07,0.1348290809262157,0,0.2601010101010101
previous_S1,0.07,0.1348290809262157,1,0.374390243902439
previous_S1,0.07,0.1348290809262157,2,0.3625342610162344
previous_S1,0.07,0.1348290809262157,3,0.310989010989011
previous_S1,0.07,0.17320508075688773,0,0.2602040816326531
previous_S1,0.07,0.17320508075688773,1,0.374390243902439
previous_S1,0.07,0.17320508075688773,2,0.3622782446311858
previous_S1,0.07,0.17320508075688773,3,0.310989010989011
previous_S1,0.07,0.2225039271491978,0,0.2602040816326531
previous_S1,0.07,0.2225039271491978,1,0.3727272727272727
previous_S1,0.07,0.2225039271491978,2,0.3622782446311858
previous_S1,0.07,0.2225039271491978,3,0.28876678876678874
previous_S1,0.07,0.2858345573956079,0,0.2603092783505155
previous_S1,0.07,0.2858345573956079,1,0.36961451247165533
previous_S1,0.07,0.2858345573956079,2,0.3639111731194047
previous_S1,0.07,0.2858345573956079,3,0.28876678876678874
previous_S1,0.07,0.3671907963528168,0,0.2611111111111111
previous_S1,0.07,0.3671907963528168,1,0.3671255736337088
previous_S1,0.07,0.3671907963528168,2,0.36454159077109893
previous_S1,0.07,0.3671907963528168,3,0.28888888888888886
previous_S1,0.07,0.47170321935428616,0,0.26136363636363635
previous_S1,0.07,0.47170321935428616,1,0.36507936507936506
previous_S1,0.07,0.47170321935428616,2,0.3651515151515151
previous_S1,0.07,0.47170321935428616,3,0.28901373283395754
previous_S1,0.07,0.6059627021136009,0,0.2614942528735632
previous_S1,0.07,0.6059627021136009,1,0.3618080446037435
previous_S1,0.07,0.6059627021136009,2,0.3665426484773322
previous_S1,0.07,0.6059627021136009,3,0.2895424836601307
previous_S1,0.07,0.778436061673405,0,0.2621951219512195
previous_S1,0.07,0.778436061673405,1,0.36038961038961037
previous_S1,0.07,0.778436061673405,2,0.36798088410991636
previous_S1,0.07,0.778436061673405,3,0.28968253968253965
previous_S1,0.07,1.0,0,0.2623456790123457
previous_S1,0.07,1.0,1,0.35814307458143074
previous_S1,0.07,1.0,2,0.36909323116219667
previous_S1,0.07,1.0,3,0.31265822784810127
previous_S1,0.07,2.0,0,0.2642857142857143
previous_S1,0.07,2.0,1,0.3565735717634452
previous_S1,0.07,2.0,2,0.38115449915110355
previous_S1,0.07,2.0,3,0.3550724637681159
previous_S1,0.07,3.0,0,0.2685185185185185
previous_S1,0.07,3.0,1,0.3605555555555555
previous_S1,0.07,3.0,2,0.38940092165898615
previous_S1,0.07,3.0,3,0.3645833333333333
previous_S1,0.07,10.0,0,0.18666666666666665
previous_S1,0.07,10.0,1,0.37334933973589435
previous_S1,0.07,10.0,2,0.36271498771498767
previous_S1,0.07,10.0,3,0.2661290322580645
previous_S1,0.075,0.003,0,0.2599009900990099
previous_S1,0.075,0.003,1,0.3968253968253968
previous_S1,0.075,0.003,2,0.3641713747645951
previous_S1,0.075,0.003,3,0.2756033920417482
previous_S1,0.075,0.005,0,0.2599009900990099
previous_S1,0.075,0.005,1,0.3968253968253968
previous_S1,0.075,0.005,2,0.3641801548205489
previous_S1,0.075,0.005,3,0.2754182754182754
previous_S1,0.075,0.01,0,0.26
previous_S1,0.075,0.01,1,0.391358024691358
previous_S1,0.075,0.01,2,0.3639080459770115
previous_S1,0.075,0.01,3,0.2752380952380952
previous_S1,0.075,0.02,0,0.26
previous_S1,0.075,0.02,1,0.383578431372549
previous_S1,0.075,0.02,2,0.36537487335359675
previous_S1,0.075,0.02,3,0.2742504409171076
previous_S1,0.075,0.03,0,0.2601010101010101
previous_S1,0.075,0.03,1,0.3829471182412359
previous_S1,0.075,0.03,2,0.364766081871345
previous_S1,0.075,0.03,3,0.2895424836601307
previous_S1,0.075,0.038538810670601456,0,0.2601010101010101
previous_S1,0.075,0.038538810670601456,1,0.3829471182412359
previous_S1,0.075,0.038538810670601456,2,0.3645238095238095
previous_S1,0.075,0.038538810670601456,3,0.28901373283395754
previous_S1,0.075,0.049507997596815526,0,0.2601010101010101
previous_S1,0.075,0.049507997596815526,1,0.38056238056238056
previous_S1,0.075,0.049507997596815526,2,0.3639080459770115
previous_S1,0.075,0.049507997596815526,3,0.310752688172043
previous_S1,0.075,0.06359931153547553,0,0.2601010101010101
previous_S1,0.075,0.06359931153547553,1,0.3798511430090377
previous_S1,0.075,0.06359931153547553,2,0.3636158192090395
previous_S1,0.075,0.06359931153547553,3,0.310752688172043
previous_S1,0.075,0.08170139420154304,0,0.2601010101010101
previous_S1,0.075,0.08170139420154304,1,0.378021978021978
previous_S1,0.075,0.08170139420154304,2,0.36204098194359907
previous_S1,0.075,0.08170139420154304,3,0.3108695652173913
previous_S1,0.075,0.10495581875524816,0,0.2602040816326531
previous_S1,0.075,0.10495581875524816,1,0.3765182186234818
previous_S1,0.075,0.10495581875524816,2,0.3618080446037435
previous_S1,0.075,0.10495581875524816,3,0.3108695652173913
previous_S1,0.075,0.1348290809262157,0,0.2602040816326531
previous_S1,0.075,0.1348290809262157,1,0.374390243902439
previous_S1,0.075,0.1348290809262157,2,0.36155202821869487
previous_S1,0.075,0.1348290809262157,3,0.310989010989011
previous_S1,0.075,0.17320508075688773,0,0.2602040816326531
previous_S1,0.075,0.17320508075688773,1,0.374390243902439
previous_S1,0.075,0.17320508075688773,2,0.362026862026862
previous_S1,0.075,0.17320508075688773,3,0.28888888888888886
previous_S1,0.075,0.2225039271491978,0,0.2603092783505155
previous_S1,0.075,0.2225039271491978,1,0.3738095238095238
previous_S1,0.075,0.2225039271491978,2,0.3625342610162344
previous_S1,0.075,0.2225039271491978,3,0.28888888888888886
previous_S1,0.075,0.2858345573956079,0,0.26052631578947366
previous_S1,0.075,0.2858345573956079,1,0.37325581395348834
previous_S1,0.075,0.2858345573956079,2,0.3630678077682686
previous_S1,0.075,0.2858345573956079,3,0.273015873015873
previous_S1,0.075,0.3671907963528168,0,0.260989010989011
previous_S1,0.075,0.3671907963528168,1,0.3696705426356589
previous_S1,0.075,0.3671907963528168,2,0.36306010928961746
previous_S1,0.075,0.3671907963528168,3,0.28888888888888886
previous_S1,0.075,0.47170321935428616,0,0.2612359550561798
previous_S1,0.075,0.47170321935428616,1,0.3671255736337088
previous_S1,0.075,0.47170321935428616,2,0.3638888888888889
previous_S1,0.075,0.47170321935428616,3,0.28901373283395754
previous_S1,0.075,0.6059627021136009,0,0.2614942528735632
previous_S1,0.075,0.6059627021136009,1,0.36333221813315486
previous_S1,0.075,0.6059627021136009,2,0.3661555017487221
previous_S1,0.075,0.6059627021136009,3,0.28968253968253965
previous_S1,0.075,0.778436061673405,0,0.2620481927710843
previous_S1,0.075,0.778436061673405,1,0.36107954545454546
previous_S1,0.075,0.778436061673405,2,0.36709401709401707
previous_S1,0.075,0.778436061673405,3,0.2898259705488621
previous_S1,0.075,1.0,0,0.2621951219512195
previous_S1,0.075,1.0,1,0.3583313984985682
previous_S1,0.075,1.0,2,0.3697089947089947
previous_S1,0.075,1.0,3,0.31265822784810127
previous_S1,0.075,2.0,0,0.2642857142857143
previous_S1,0.075,2.0,1,0.3565735717634452
previous_S1,0.075,2.0,2,0.38115449915110355
previous_S1,0.075,2.0,3,0.3550724637681159
previous_S1,0.075,3.0,0,0.2685185185185185
previous_S1,0.075,3.0,1,0.3605555555555555
previous_S1,0.075,3.0,2,0.38940092165898615
previous_S1,0.075,3.0,3,0.3645833333333333
previous_S1,0.075,10.0,0,0.18666666666666665
previous_S1,0.075,10.0,1,0.37334933973589435
previous_S1,0.075,10.0,2,0.36271498771498767
previous_S1,0.075,10.0,3,0.2661290322580645
previous_S1,0.08,0.003,0,0.2599009900990099
previous_S1,0.08,0.003,1,0.3968253968253968
previous_S1,0.08,0.003,2,0.3638888888888889
previous_S1,0.08,0.003,3,0.2756033920417482
previous_S1,0.08,0.005,0,0.26
previous_S1,0.08,0.005,1,0.3968253968253968
previous_S1,0.08,0.005,2,0.364463601532567
previous_S1,0.08,0.005,3,0.2752380952380952
previous_S1,0.08,0.01,0,0.26
previous_S1,0.08,0.01,1,0.3923076923076923
previous_S1,0.08,0.01,2,0.364766081871345
previous_S1,0.08,0.01,3,0.275062656641604
previous_S1,0.08,0.02,0,0.26
previous_S1,0.08,0.02,1,0.3829471182412359
previous_S1,0.08,0.02,2,0.3657407407407407
previous_S1,0.08,0.02,3,0.2901234567901234
previous_S1,0.08,0.03,0,0.2601010101010101
previous_S1,0.08,0.03,1,0.3829471182412359
previous_S1,0.08,0.03,2,0.3657407407407407
previous_S1,0.08,0.03,3,0.2895424836601307
previous_S1,0.08,0.038538810670601456,0,0.2601010101010101
previous_S1,0.08,0.038538810670601456,1,0.3829471182412359
previous_S1,0.08,0.038538810670601456,2,0.36545729402872257
previous_S1,0.08,0.038538810670601456,3,0.289272030651341
previous_S1,0.08,0.049507997596815526,0,0.2601010101010101
previous_S1,0.08,0.049507997596815526,1,0.3829471182412359
previous_S1,0.08,0.049507997596815526,2,0.3642623716153128
previous_S1,0.08,0.049507997596815526,3,0.31136363636363634
previous_S1,0.08,0.06359931153547553,0,0.2601010101010101
previous_S1,0.08,0.06359931153547553,1,0.38131313131313127
previous_S1,0.08,0.06359931153547553,2,0.36364660806851473
previous_S1,0.08,0.06359931153547553,3,0.3112359550561798
previous_S1,0.08,0.08170139420154304,0,0.2601010101010101
previous_S1,0.08,0.08170139420154304,1,0.38056238056238056
previous_S1,0.08,0.08170139420154304,2,0.3626281648880519
previous_S1,0.08,0.08170139420154304,3,0.3112359550561798
previous_S1,0.08,0.10495581875524816,0,0.2602040816326531
previous_S1,0.08,0.10495581875524816,1,0.378021978021978
previous_S1,0.08,0.10495581875524816,2,0.36184798807749624
previous_S1,0.08,0.10495581875524816,3,0.31136363636363634
previous_S1,0.08,0.1348290809262157,0,0.2603092783505155
previous_S1,0.08,0.1348290809262157,1,0.37566137566137564
previous_S1,0.08,0.1348290809262157,2,0.3619047619047619
previous_S1,0.08,0.1348290809262157,3,0.28914141414141414
previous_S1,0.08,0.17320508075688773,0,0.2603092783505155
previous_S1,0.08,0.17320508075688773,1,0.3738095238095238
previous_S1,0.08,0.17320508075688773,2,0.36234567901234566
previous_S1,0.08,0.17320508075688773,3,0.28901373283395754
previous_S1,0.08,0.2225039271491978,0,0.26063829787234044
previous_S1,0.08,0.2225039271491978,1,0.3738095238095238
previous_S1,0.08,0.2225039271491978,2,0.36204098194359907
previous_S1,0.08,0.2225039271491978,3,0.27314071696094167
previous_S1,0.08,0.2858345573956079,0,0.2608695652173913
previous_S1,0.08,0.2858345573956079,1,0.3728493098884477
previous_S1,0.08,0.2858345573956079,2,0.3625342610162344
previous_S1,0.08,0.2858345573956079,3,0.273015873015873
previous_S1,0.08,0.3671907963528168,0,0.2608695652173913
previous_S1,0.08,0.3671907963528168,1,0.3709454796411318
previous_S1,0.08,0.3671907963528168,2,0.3627956989247312
previous_S1,0.08,0.3671907963528168,3,0.2733990147783251
previous_S1,0.08,0.47170321935428616,0,0.2611111111111111
previous_S1,0.08,0.47170321935428616,1,0.3681481481481481
previous_S1,0.08,0.47170321935428616,2,0.36361566484517305
previous_S1,0.08,0.47170321935428616,3,0.28914141414141414
previous_S1,0.08,0.6059627021136009,0,0.2612359550561798
previous_S1,0.08,0.6059627021136009,1,0.364766081871345
previous_S1,0.08,0.6059627021136009,2,0.3651515151515151
previous_S1,0.08,0.6059627021136009,3,0.2898259705488621
previous_S1,0.08,0.778436061673405,0,0.2619047619047619
previous_S1,0.08,0.778436061673405,1,0.36177884615384615
previous_S1,0.08,0.778436061673405,2,0.36766872973769527
previous_S1,0.08,0.778436061673405,3,0.3125
previous_S1,0.08,1.0,0,0.2621951219512195
previous_S1,0.08,1.0,1,0.3585262163438828
previous_S1,0.08,1.0,2,0.37003367003367005
previous_S1,0.08,1.0,3,0.3128205128205128
previous_S1,0.08,2.0,0,0.2642857142857143
previous_S1,0.08,2.0,1,0.3565735717634452
previous_S1,0.08,2.0,2,0.38115449915110355
previous_S1,0.08,2.0,3,0.3550724637681159
previous_S1,0.08,3.0,0,0.2685185185185185
previous_S1,0.08,3.0,1,0.3605555555555555
previous_S1,0.08,3.0,2,0.38940092165898615
previous_S1,0.08,3.0,3,0.3655913978494624
previous_S1,0.08,10.0,0,0.18666666666666665
previous_S1,0.08,10.0,1,0.37334933973589435
previous_S1,0.08,10.0,2,0.36271498771498767
previous_S1,0.08,10.0,3,0.2661290322580645
previous_S1,0.085,0.003,0,0.26
previous_S1,0.085,0.003,1,0.3968253968253968
previous_S1,0.085,0.003,2,0.3660079051383399
previous_S1,0.085,0.003,3,0.2756033920417482
previous_S1,0.085,0.005,0,0.26
previous_S1,0.085,0.005,1,0.3968253968253968
previous_S1,0.085,0.005,2,0.36537487335359675
previous_S1,0.085,0.005,3,0.2756033920417482
previous_S1,0.085,0.01,0,0.26
previous_S1,0.085,0.01,1,0.3923076923076923
previous_S1,0.085,0.01,2,0.3660079051383399
previous_S1,0.085,0.01,3,0.2907647907647908
previous_S1,0.085,0.02,0,0.26
previous_S1,0.085,0.02,1,0.3827380952380952
previous_S1,0.085,0.02,2,0.3660362490149724
previous_S1,0.085,0.02,3,0.290436005625879
previous_S1,0.085,0.03,0,0.2601010101010101
previous_S1,0.085,0.03,1,0.3829471182412359
previous_S1,0.085,0.03,2,0.3657407407407407
previous_S1,0.085,0.03,3,0.2895424836601307
previous_S1,0.085,0.038538810670601456,0,0.2601010101010101
previous_S1,0.085,0.038538810670601456,1,0.3829471182412359
previous_S1,0.085,0.038538810670601456,2,0.3654040404040404
previous_S1,0.085,0.038538810670601456,3,0.3114942528735632
previous_S1,0.085,0.049507997596815526,0,0.2601010101010101
previous_S1,0.085,0.049507997596815526,1,0.3829471182412359
previous_S1,0.085,0.049507997596815526,2,0.3647959183673469
previous_S1,0.085,0.049507997596815526,3,0.3114942528735632
previous_S1,0.085,0.06359931153547553,0,0.2602040816326531
previous_S1,0.085,0.06359931153547553,1,0.3829471182412359
previous_S1,0.085,0.06359931153547553,2,0.36394908840729273
previous_S1,0.085,0.06359931153547553,3,0.3114942528735632
previous_S1,0.085,0.08170139420154304,0,0.2604166666666667
previous_S1,0.085,0.08170139420154304,1,0.38131313131313127
previous_S1,0.085,0.08170139420154304,2,0.36286110222790746
previous_S1,0.085,0.08170139420154304,3,0.3116279069767442
previous_S1,0.085,0.10495581875524816,0,0.2604166666666667
previous_S1,0.085,0.10495581875524816,1,0.3773809523809524
previous_S1,0.085,0.10495581875524816,2,0.3626281648880519
previous_S1,0.085,0.10495581875524816,3,0.3116279069767442
previous_S1,0.085,0.1348290809262157,0,0.26052631578947366
previous_S1,0.085,0.1348290809262157,1,0.37566137566137564
previous_S1,0.085,0.1348290809262157,2,0.36234567901234566
previous_S1,0.085,0.1348290809262157,3,0.28940568475452194
previous_S1,0.085,0.17320508075688773,0,0.26063829787234044
previous_S1,0.085,0.17320508075688773,1,0.37423687423687424
previous_S1,0.085,0.17320508075688773,2,0.36257861635220123
previous_S1,0.085,0.17320508075688773,3,0.2895424836601307
previous_S1,0.085,0.2225039271491978,0,0.260752688172043
previous_S1,0.085,0.2225039271491978,1,0.37325581395348834
previous_S1,0.085,0.2225039271491978,2,0.3630718954248366
previous_S1,0.085,0.2225039271491978,3,0.289272030651341
previous_S1,0.085,0.2858345573956079,0,0.2608695652173913
previous_S1,0.085,0.2858345573956079,1,0.37232076866223207
previous_S1,0.085,0.2858345573956079,2,0.362547288776797
previous_S1,0.085,0.2858345573956079,3,0.27326839826839827
previous_S1,0.085,0.3671907963528168,0,0.2608695652173913
previous_S1,0.085,0.3671907963528168,1,0.37048294495103007
previous_S1,0.085,0.3671907963528168,2,0.3630678077682686
previous_S1,0.085,0.3671907963528168,3,0.2733990147783251
previous_S1,0.085,0.47170321935428616,0,0.2611111111111111
previous_S1,0.085,0.47170321935428616,1,0.36737891737891737
previous_S1,0.085,0.47170321935428616,2,0.36361566484517305
previous_S1,0.085,0.47170321935428616,3,0.289272030651341
previous_S1,0.085,0.6059627021136009,0,0.2612359550561798
previous_S1,0.085,0.6059627021136009,1,0.3641801548205489
previous_S1,0.085,0.6059627021136009,2,0.3648148148148148
previous_S1,0.085,0.6059627021136009,3,0.2898259705488621
previous_S1,0.085,0.778436061673405,0,0.26176470588235295
previous_S1,0.085,0.778436061673405,1,0.36153694968553457
previous_S1,0.085,0.778436061673405,2,0.3671373555840821
previous_S1,0.085,0.778436061673405,3,0.3125
previous_S1,0.085,1.0,0,0.2621951219512195
previous_S1,0.085,1.0,1,0.35872786990306815
previous_S1,0.085,1.0,2,0.369745117510758
previous_S1,0.085,1.0,3,0.312987012987013
previous_S1,0.085,2.0,0,0.2642857142857143
previous_S1,0.085,2.0,1,0.3565735717634452
previous_S1,0.085,2.0,2,0.38115449915110355
previous_S1,0.085,2.0,3,0.3550724637681159
previous_S1,0.085,3.0,0,0.2685185185185185
previous_S1,0.085,3.0,1,0.3605555555555555
previous_S1,0.085,3.0,2,0.38940092165898615
previous_S1,0.085,3.0,3,0.3655913978494624
previous_S1,0.085,10.0,0,0.18666666666666665
previous_S1,0.085,10.0,1,0.37334933973589435
previous_S1,0.085,10.0,2,0.36271498771498767
previous_S1,0.085,10.0,3,0.2661290322580645
previous_S1,0.09,0.003,0,0.26
previous_S1,0.09,0.003,1,0.3968253968253968
previous_S1,0.09,0.003,2,0.3680679785330948
previous_S1,0.09,0.003,3,0.29147640791476404
previous_S1,0.09,0.005,0,0.26
previous_S1,0.09,0.005,1,0.3955938697318008
previous_S1,0.09,0.005,2,0.3677248677248677
previous_S1,0.09,0.005,3,0.2912912912912913
previous_S1,0.09,0.01,0,0.26
previous_S1,0.09,0.01,1,0.3896551724137931
previous_S1,0.09,0.01,2,0.36669435215946844
previous_S1,0.09,0.01,3,0.29059829059829057
previous_S1,0.09,0.02,0,0.2601010101010101
previous_S1,0.09,0.02,1,0.38514173998044965
previous_S1,0.09,0.02,2,0.3660362490149724
previous_S1,0.09,0.02,3,0.29027777777777775
previous_S1,0.09,0.03,0,0.2602040816326531
previous_S1,0.09,0.03,1,0.3827380952380952
previous_S1,0.09,0.03,2,0.3660362490149724
previous_S1,0.09,0.03,3,0.3125
previous_S1,0.09,0.038538810670601456,0,0.2602040816326531
previous_S1,0.09,0.038538810670601456,1,0.3829471182412359
previous_S1,0.09,0.038538810670601456,2,0.3660362490149724
previous_S1,0.09,0.038538810670601456,3,0.3116279069767442
previous_S1,0.09,0.049507997596815526,0,0.2602040816326531
previous_S1,0.09,0.049507997596815526,1,0.3829471182412359
previous_S1,0.09,0.049507997596815526,2,0.3654040404040404
previous_S1,0.09,0.049507997596815526,3,0.31176470588235294
previous_S1,0.09,0.06359931153547553,0,0.2604166666666667
previous_S1,0.09,0.06359931153547553,1,0.38210678210678206
previous_S1,0.09,0.06359931153547553,2,0.3639080459770115
previous_S1,0.09,0.06359931153547553,3,0.3116279069767442
previous_S1,0.09,0.08170139420154304,0,0.2604166666666667
previous_S1,0.09,0.08170139420154304,1,0.3794079794079794
previous_S1,0.09,0.08170139420154304,2,0.3629203916560238
previous_S1,0.09,0.08170139420154304,3,0.3116279069767442
previous_S1,0.09,0.10495581875524816,0,0.26052631578947366
previous_S1,0.09,0.10495581875524816,1,0.37624209575429085
previous_S1,0.09,0.10495581875524816,2,0.36269592476489027
previous_S1,0.09,0.10495581875524816,3,0.3114942528735632
previous_S1,0.09,0.1348290809262157,0,0.26063829787234044
previous_S1,0.09,0.1348290809262157,1,0.37481759432978945
previous_S1,0.09,0.1348290809262157,2,0.3624036979969183
previous_S1,0.09,0.1348290809262157,3,0.3114942528735632
previous_S1,0.09,0.17320508075688773,0,0.26063829787234044
previous_S1,0.09,0.17320508075688773,1,0.37481759432978945
previous_S1,0.09,0.17320508075688773,2,0.3628205128205128
previous_S1,0.09,0.17320508075688773,3,0.3116279069767442
previous_S1,0.09,0.2225039271491978,0,0.2608695652173913
previous_S1,0.09,0.2225039271491978,1,0.37325581395348834
previous_S1,0.09,0.2225039271491978,2,0.3630718954248366
previous_S1,0.09,0.2225039271491978,3,0.3114942528735632
previous_S1,0.09,0.2858345573956079,0,0.2608695652173913
previous_S1,0.09,0.2858345573956079,1,0.37222222222222223
previous_S1,0.09,0.2858345573956079,2,0.362547288776797
previous_S1,0.09,0.2858345573956079,3,0.289272030651341
previous_S1,0.09,0.3671907963528168,0,0.2608695652173913
previous_S1,0.09,0.3671907963528168,1,0.3701138050470064
previous_S1,0.09,0.3671907963528168,2,0.36306010928961746
previous_S1,0.09,0.3671907963528168,3,0.27353266888150607
previous_S1,0.09,0.47170321935428616,0,0.2608695652173913
previous_S1,0.09,0.47170321935428616,1,0.3680679785330948
previous_S1,0.09,0.47170321935428616,2,0.3638888888888889
previous_S1,0.09,0.47170321935428616,3,0.28968253968253965
previous_S1,0.09,0.6059627021136009,0,0.2612359550561798
previous_S1,0.09,0.6059627021136009,1,0.36364660806851473
previous_S1,0.09,0.6059627021136009,2,0.3647752394988946
previous_S1,0.09,0.6059627021136009,3,0.3120481927710843
previous_S1,0.09,0.778436061673405,0,0.2614942528735632
previous_S1,0.09,0.778436061673405,1,0.36178496555855044
previous_S1,0.09,0.778436061673405,2,0.36706349206349204
previous_S1,0.09,0.778436061673405,3,0.3125
previous_S1,0.09,1.0,0,0.2619047619047619
previous_S1,0.09,1.0,1,0.36038961038961037
previous_S1,0.09,1.0,2,0.3696581196581196
previous_S1,0.09,1.0,3,0.312987012987013
previous_S1,0.09,2.0,0,0.2642857142857143
previous_S1,0.09,2.0,1,0.3565735717634452
previous_S1,0.09,2.0,2,0.38115449915110355
previous_S1,0.09,2.0,3,0.3550724637681159
previous_S1,0.09,3.0,0,0.2685185185185185
previous_S1,0.09,3.0,1,0.3605555555555555
previous_S1,0.09,3.0,2,0.38940092165898615
previous_S1,0.09,3.0,3,0.3645833333333333
previous_S1,0.09,10.0,0,0.18666666666666665
previous_S1,0.09,10.0,1,0.37334933973589435
previous_S1,0.09,10.0,2,0.36271498771498767
previous_S1,0.09,10.0,3,0.2661290322580645
previous_S1,0.095,0.003,0,0.26
previous_S1,0.095,0.003,1,0.39444444444444443
previous_S1,0.095,0.003,2,0.36920133907221425
previous_S1,0.095,0.003,3,0.29147640791476404
previous_S1,0.095,0.005,0,0.26
previous_S1,0.095,0.005,1,0.3923076923076923
previous_S1,0.095,0.005,2,0.3688242651657286
previous_S1,0.095,0.005,3,0.2911111111111111
previous_S1,0.095,0.01,0,0.26
previous_S1,0.095,0.01,1,0.3885799035965888
previous_S1,0.095,0.01,2,0.3677248677248677
previous_S1,0.095,0.01,3,0.2909356725146199
previous_S1,0.095,0.02,0,0.2602040816326531
previous_S1,0.095,0.02,1,0.3868055555555555
previous_S1,0.095,0.02,2,0.36771561771561767
previous_S1,0.095,0.02,3,0.290436005625879
previous_S1,0.095,0.03,0,0.2602040816326531
previous_S1,0.095,0.03,1,0.3860887096774193
previous_S1,0.095,0.03,2,0.3660362490149724
previous_S1,0.095,0.03,3,0.31265822784810127
previous_S1,0.095,0.038538810670601456,0,0.2602040816326531
previous_S1,0.095,0.038538810670601456,1,0.38514173998044965
previous_S1,0.095,0.038538810670601456,2,0.36569954867827204
previous_S1,0.095,0.038538810670601456,3,0.31265822784810127
previous_S1,0.095,0.049507997596815526,0,0.2602040816326531
previous_S1,0.095,0.049507997596815526,1,0.38210678210678206
previous_S1,0.095,0.049507997596815526,2,0.3654040404040404
previous_S1,0.095,0.049507997596815526,3,0.31265822784810127
previous_S1,0.095,0.06359931153547553,0,0.2603092783505155
previous_S1,0.095,0.06359931153547553,1,0.3785353535353535
previous_S1,0.095,0.06359931153547553,2,0.3642623716153128
previous_S1,0.095,0.06359931153547553,3,0.31265822784810127
previous_S1,0.095,0.08170139420154304,0,0.26052631578947366
previous_S1,0.095,0.08170139420154304,1,0.37574159525379036
previous_S1,0.095,0.08170139420154304,2,0.36299840510366826
previous_S1,0.095,0.08170139420154304,3,0.3125
previous_S1,0.095,0.10495581875524816,0,0.26063829787234044
previous_S1,0.095,0.10495581875524816,1,0.374390243902439
previous_S1,0.095,0.10495581875524816,2,0.36269592476489027
previous_S1,0.095,0.10495581875524816,3,0.3120481927710843
previous_S1,0.095,0.1348290809262157,0,0.26063829787234044
previous_S1,0.095,0.1348290809262157,1,0.374390243902439
previous_S1,0.095,0.1348290809262157,2,0.3631533289958794
previous_S1,0.095,0.1348290809262157,3,0.3116279069767442
previous_S1,0.095,0.17320508075688773,0,0.26063829787234044
previous_S1,0.095,0.17320508075688773,1,0.374390243902439
previous_S1,0.095,0.17320508075688773,2,0.36310299869621904
previous_S1,0.095,0.17320508075688773,3,0.3116279069767442
previous_S1,0.095,0.2225039271491978,0,0.260989010989011
previous_S1,0.095,0.2225039271491978,1,0.37325581395348834
previous_S1,0.095,0.2225039271491978,2,0.36257861635220123
previous_S1,0.095,0.2225039271491978,3,0.31176470588235294
previous_S1,0.095,0.2858345573956079,0,0.2608695652173913
previous_S1,0.095,0.2858345573956079,1,0.37246216315983754
previous_S1,0.095,0.2858345573956079,2,0.3628205128205128
previous_S1,0.095,0.2858345573956079,3,0.3120481927710843
previous_S1,0.095,0.3671907963528168,0,0.2608695652173913
previous_S1,0.095,0.3671907963528168,1,0.37142857142857144
previous_S1,0.095,0.3671907963528168,2,0.3636158192090395
previous_S1,0.095,0.3671907963528168,3,0.3116279069767442
previous_S1,0.095,0.47170321935428616,0,0.2608695652173913
previous_S1,0.095,0.47170321935428616,1,0.36735277301315034
previous_S1,0.095,0.47170321935428616,2,0.3641713747645951
previous_S1,0.095,0.47170321935428616,3,0.31176470588235294
previous_S1,0.095,0.6059627021136009,0,0.26136363636363635
previous_S1,0.095,0.6059627021136009,1,0.36421052631578943
previous_S1,0.095,0.6059627021136009,2,0.36421952957947257
previous_S1,0.095,0.6059627021136009,3,0.3120481927710843
previous_S1,0.095,0.778436061673405,0,0.2614942528735632
previous_S1,0.095,0.778436061673405,1,0.36178496555855044
previous_S1,0.095,0.778436061673405,2,0.36669435215946844
previous_S1,0.095,0.778436061673405,3,0.31265822784810127
previous_S1,0.095,1.0,0,0.2616279069767442
previous_S1,0.095,1.0,1,0.3599791013584117
previous_S1,0.095,1.0,2,0.3696581196581196
previous_S1,0.095,1.0,3,0.312987012987013
previous_S1,0.095,2.0,0,0.2642857142857143
previous_S1,0.095,2.0,1,0.3565735717634452
previous_S1,0.095,2.0,2,0.38115449915110355
previous_S1,0.095,2.0,3,0.3550724637681159
previous_S1,0.095,3.0,0,0.2685185185185185
previous_S1,0.095,3.0,1,0.3605555555555555
previous_S1,0.095,3.0,2,0.38940092165898615
previous_S1,0.095,3.0,3,0.3655913978494624
previous_S1,0.095,10.0,0,0.18666666666666665
previous_S1,0.095,10.0,1,0.37334933973589435
previous_S1,0.095,10.0,2,0.36271498771498767
previous_S1,0.095,10.0,3,0.2661290322580645
previous_S1,0.1,0.003,0,0.26
previous_S1,0.1,0.003,1,0.3923076923076923
previous_S1,0.1,0.003,2,0.37173913043478257
previous_S1,0.1,0.003,3,0.2912912912912913
previous_S1,0.1,0.005,0,0.26
previous_S1,0.1,0.005,1,0.3904761904761905
previous_S1,0.1,0.005,2,0.3704268292682927
previous_S1,0.1,0.005,3,0.2911111111111111
previous_S1,0.1,0.01,0,0.2601010101010101
previous_S1,0.1,0.01,1,0.3878136200716846
previous_S1,0.1,0.01,2,0.36920133907221425
previous_S1,0.1,0.01,3,0.2909356725146199
previous_S1,0.1,0.02,0,0.2602040816326531
previous_S1,0.1,0.02,1,0.3878136200716846
previous_S1,0.1,0.02,2,0.3680679785330948
previous_S1,0.1,0.02,3,0.2909356725146199
previous_S1,0.1,0.03,0,0.2602040816326531
previous_S1,0.1,0.03,1,0.3860887096774193
previous_S1,0.1,0.03,2,0.36705685618729095
previous_S1,0.1,0.03,3,0.3125
previous_S1,0.1,0.038538810670601456,0,0.2602040816326531
previous_S1,0.1,0.038538810670601456,1,0.3834101382488479
previous_S1,0.1,0.038538810670601456,2,0.3654040404040404
previous_S1,0.1,0.038538810670601456,3,0.3125
previous_S1,0.1,0.049507997596815526,0,0.2602040816326531
previous_S1,0.1,0.049507997596815526,1,0.38119369369369366
previous_S1,0.1,0.049507997596815526,2,0.364010989010989
previous_S1,0.1,0.049507997596815526,3,0.3125
previous_S1,0.1,0.06359931153547553,0,0.2604166666666667
previous_S1,0.1,0.06359931153547553,1,0.37858220211161386
previous_S1,0.1,0.06359931153547553,2,0.36299840510366826
previous_S1,0.1,0.06359931153547553,3,0.3125
previous_S1,0.1,0.08170139420154304,0,0.26052631578947366
previous_S1,0.1,0.08170139420154304,1,0.3765182186234818
previous_S1,0.1,0.08170139420154304,2,0.36299840510366826
previous_S1,0.1,0.08170139420154304,3,0.3125
previous_S1,0.1,0.10495581875524816,0,0.26063829787234044
previous_S1,0.1,0.10495581875524816,1,0.37587719298245614
previous_S1,0.1,0.10495581875524816,2,0.3624036979969183
previous_S1,0.1,0.10495581875524816,3,0.3125
previous_S1,0.1,0.1348290809262157,0,0.260752688172043
previous_S1,0.1,0.1348290809262157,1,0.3754273504273504
previous_S1,0.1,0.1348290809262157,2,0.3624036979969183
previous_S1,0.1,0.1348290809262157,3,0.31234567901234567
previous_S1,0.1,0.17320508075688773,0,0.26063829787234044
previous_S1,0.1,0.17320508075688773,1,0.374390243902439
previous_S1,0.1,0.17320508075688773,2,0.3626281648880519
previous_S1,0.1,0.17320508075688773,3,0.3119047619047619
previous_S1,0.1,0.2225039271491978,0,0.260989010989011
previous_S1,0.1,0.2225039271491978,1,0.37246216315983754
previous_S1,0.1,0.2225039271491978,2,0.36257861635220123
previous_S1,0.1,0.2225039271491978,3,0.31176470588235294
previous_S1,0.1,0.2858345573956079,0,0.2608695652173913
previous_S1,0.1,0.2858345573956079,1,0.37246216315983754
previous_S1,0.1,0.2858345573956079,2,0.3628205128205128
previous_S1,0.1,0.2858345573956079,3,0.3120481927710843
previous_S1,0.1,0.3671907963528168,0,0.2608695652173913
previous_S1,0.1,0.3671907963528168,1,0.3709454796411318
previous_S1,0.1,0.3671907963528168,2,0.3636158192090395
previous_S1,0.1,0.3671907963528168,3,0.3116279069767442
previous_S1,0.1,0.47170321935428616,0,0.2608695652173913
previous_S1,0.1,0.47170321935428616,1,0.366005291005291
previous_S1,0.1,0.47170321935428616,2,0.3641713747645951
previous_S1,0.1,0.47170321935428616,3,0.31176470588235294
previous_S1,0.1,0.6059627021136009,0,0.2614942528735632
previous_S1,0.1,0.6059627021136009,1,0.3630718954248366
previous_S1,0.1,0.6059627021136009,2,0.3639111731194047
previous_S1,0.1,0.6059627021136009,3,0.3119047619047619
previous_S1,0.1,0.778436061673405,0,0.2614942528735632
previous_S1,0.1,0.778436061673405,1,0.36107954545454546
previous_S1,0.1,0.778436061673405,2,0.3673881673881674
previous_S1,0.1,0.778436061673405,3,0.31265822784810127
previous_S1,0.1,1.0,0,0.2614942528735632
previous_S1,0.1,1.0,1,0.36041385515069724
previous_S1,0.1,1.0,2,0.3704273504273504
previous_S1,0.1,1.0,3,0.3131578947368421
previous_S1,0.1,2.0,0,0.2642857142857143
previous_S1,0.1,2.0,1,0.3565735717634452
previous_S1,0.1,2.0,2,0.38115449915110355
previous_S1,0.1,2.0,3,0.3550724637681159
previous_S1,0.1,3.0,0,0.2685185185185185
previous_S1,0.1,3.0,1,0.3605555555555555
previous_S1,0.1,3.0,2,0.38940092165898615
previous_S1,0.1,3.0,3,0.3645833333333333
previous_S1,0.1,10.0,0,0.18666666666666665
previous_S1,0.1,10.0,1,0.37334933973589435
previous_S1,0.1,10.0,2,0.36271498771498767
previous_S1,0.1,10.0,3,0.2661290322580645
previous_S1,0.125,0.003,0,0.2601010101010101
previous_S1,0.125,0.003,1,0.39373897707231037
previous_S1,0.125,0.003,2,0.367003367003367
previous_S1,0.125,0.003,3,0.292063492063492
previous_S1,0.125,0.005,0,0.2601010101010101
previous_S1,0.125,0.005,1,0.39250744997871434
previous_S1,0.125,0.005,2,0.3657407407407407
previous_S1,0.125,0.005,3,0.29166666666666663
previous_S1,0.125,0.01,0,0.2601010101010101
previous_S1,0.125,0.01,1,0.3868055555555555
previous_S1,0.125,0.01,2,0.364463601532567
previous_S1,0.125,0.01,3,0.312987012987013
previous_S1,0.125,0.02,0,0.2601010101010101
previous_S1,0.125,0.02,1,0.3868055555555555
previous_S1,0.125,0.02,2,0.3628472222222222
previous_S1,0.125,0.02,3,0.31234567901234567
previous_S1,0.125,0.03,0,0.2601010101010101
previous_S1,0.125,0.03,1,0.383578431372549
previous_S1,0.125,0.03,2,0.3639111731194047
previous_S1,0.125,0.03,3,0.3121951219512195
previous_S1,0.125,0.038538810670601456,0,0.2601010101010101
previous_S1,0.125,0.038538810670601456,1,0.38015873015873014
previous_S1,0.125,0.038538810670601456,2,0.36418439716312057
previous_S1,0.125,0.038538810670601456,3,0.3119047619047619
previous_S1,0.125,0.049507997596815526,0,0.2601010101010101
previous_S1,0.125,0.049507997596815526,1,0.3786967418546366
previous_S1,0.125,0.049507997596815526,2,0.36395511921458623
previous_S1,0.125,0.049507997596815526,3,0.3119047619047619
previous_S1,0.125,0.06359931153547553,0,0.2601010101010101
previous_S1,0.125,0.06359931153547553,1,0.3773809523809524
previous_S1,0.125,0.06359931153547553,2,0.3633512544802867
previous_S1,0.125,0.06359931153547553,3,0.31176470588235294
previous_S1,0.125,0.08170139420154304,0,0.2601010101010101
previous_S1,0.125,0.08170139420154304,1,0.37766714082503555
previous_S1,0.125,0.08170139420154304,2,0.36361566484517305
previous_S1,0.125,0.08170139420154304,3,0.31176470588235294
previous_S1,0.125,0.10495581875524816,0,0.2602040816326531
previous_S1,0.125,0.10495581875524816,1,0.37766714082503555
previous_S1,0.125,0.10495581875524816,2,0.3638888888888889
previous_S1,0.125,0.10495581875524816,3,0.3114942528735632
previous_S1,0.125,0.1348290809262157,0,0.26063829787234044
previous_S1,0.125,0.1348290809262157,1,0.37587719298245614
previous_S1,0.125,0.1348290809262157,2,0.3638888888888889
previous_S1,0.125,0.1348290809262157,3,0.3116279069767442
previous_S1,0.125,0.17320508075688773,0,0.26063829787234044
previous_S1,0.125,0.17320508075688773,1,0.37481759432978945
previous_S1,0.125,0.17320508075688773,2,0.3644668830388268
previous_S1,0.125,0.17320508075688773,3,0.3116279069767442
previous_S1,0.125,0.2225039271491978,0,0.260752688172043
previous_S1,0.125,0.2225039271491978,1,0.37325581395348834
previous_S1,0.125,0.2225039271491978,2,0.3647591098067987
previous_S1,0.125,0.2225039271491978,3,0.3120481927710843
previous_S1,0.125,0.2858345573956079,0,0.260752688172043
previous_S1,0.125,0.2858345573956079,1,0.37142857142857144
previous_S1,0.125,0.2858345573956079,2,0.36537487335359675
previous_S1,0.125,0.2858345573956079,3,0.3120481927710843
previous_S1,0.125,0.3671907963528168,0,0.2611111111111111
previous_S1,0.125,0.3671907963528168,1,0.3709454796411318
previous_S1,0.125,0.3671907963528168,2,0.3670190274841437
previous_S1,0.125,0.3671907963528168,3,0.31176470588235294
previous_S1,0.125,0.47170321935428616,0,0.2611111111111111
previous_S1,0.125,0.47170321935428616,1,0.3701138050470064
previous_S1,0.125,0.47170321935428616,2,0.36669435215946844
previous_S1,0.125,0.47170321935428616,3,0.3120481927710843
previous_S1,0.125,0.6059627021136009,0,0.260989010989011
previous_S1,0.125,0.6059627021136009,1,0.3681481481481481
previous_S1,0.125,0.6059627021136009,2,0.3677051338306275
previous_S1,0.125,0.6059627021136009,3,0.31234567901234567
previous_S1,0.125,0.778436061673405,0,0.2612359550561798
previous_S1,0.125,0.778436061673405,1,0.3627956989247312
previous_S1,0.125,0.778436061673405,2,0.36737891737891737
previous_S1,0.125,0.778436061673405,3,0.3131578947368421
previous_S1,0.125,1.0,0,0.26136363636363635
previous_S1,0.125,1.0,1,0.36065423976608185
previous_S1,0.125,1.0,2,0.3741330069359445
previous_S1,0.125,1.0,3,0.31351351351351353
previous_S1,0.125,2.0,0,0.2642857142857143
previous_S1,0.125,2.0,1,0.3567442493534776
previous_S1,0.125,2.0,2,0.38115449915110355
previous_S1,0.125,2.0,3,0.3550724637681159
previous_S1,0.125,3.0,0,0.2685185185185185
previous_S1,0.125,3.0,1,0.3605555555555555
previous_S1,0.125,3.0,2,0.38940092165898615
previous_S1,0.125,3.0,3,0.3645833333333333
previous_S1,0.125,10.0,0,0.18666666666666665
previous_S1,0.125,10.0,1,0.37334933973589435
previous_S1,0.125,10.0,2,0.36271498771498767
previous_S1,0.125,10.0,3,0.2661290322580645
previous_S1,0.15,0.003,0,0.2601010101010101
previous_S1,0.15,0.003,1,0.3923076923076923
previous_S1,0.15,0.003,2,0.3692063492063492
previous_S1,0.15,0.003,3,0.2912912912912913
previous_S1,0.15,0.005,0,0.2601010101010101
previous_S1,0.15,0.005,1,0.3923076923076923
previous_S1,0.15,0.005,2,0.36920133907221425
previous_S1,0.15,0.005,3,0.2911111111111111
previous_S1,0.15,0.01,0,0.2601010101010101
previous_S1,0.15,0.01,1,0.3923076923076923
previous_S1,0.15,0.01,2,0.3692307692307692
previous_S1,0.15,0.01,3,0.2911111111111111
previous_S1,0.15,0.02,0,0.2601010101010101
previous_S1,0.15,0.02,1,0.3883928571428571
previous_S1,0.15,0.02,2,0.3688242651657286
previous_S1,0.15,0.02,3,0.31333333333333335
previous_S1,0.15,0.03,0,0.2601010101010101
previous_S1,0.15,0.03,1,0.38662486938349006
previous_S1,0.15,0.03,2,0.36846142046326125
previous_S1,0.15,0.03,3,0.3131578947368421
previous_S1,0.15,0.038538810670601456,0,0.2601010101010101
previous_S1,0.15,0.038538810670601456,1,0.38662486938349006
previous_S1,0.15,0.038538810670601456,2,0.36543400102722134
previous_S1,0.15,0.038538810670601456,3,0.3131578947368421
previous_S1,0.15,0.049507997596815526,0,0.2601010101010101
previous_S1,0.15,0.049507997596815526,1,0.3849673202614379
previous_S1,0.15,0.049507997596815526,2,0.36421952957947257
previous_S1,0.15,0.049507997596815526,3,0.3131578947368421
previous_S1,0.15,0.06359931153547553,0,0.2601010101010101
previous_S1,0.15,0.06359931153547553,1,0.3826164874551971
previous_S1,0.15,0.06359931153547553,2,0.36395511921458623
previous_S1,0.15,0.06359931153547553,3,0.3131578947368421
previous_S1,0.15,0.08170139420154304,0,0.2601010101010101
previous_S1,0.15,0.08170139420154304,1,0.3826164874551971
previous_S1,0.15,0.08170139420154304,2,0.36421952957947257
previous_S1,0.15,0.08170139420154304,3,0.312987012987013
previous_S1,0.15,0.10495581875524816,0,0.2601010101010101
previous_S1,0.15,0.10495581875524816,1,0.37916666666666665
previous_S1,0.15,0.10495581875524816,2,0.36395511921458623
previous_S1,0.15,0.10495581875524816,3,0.312987012987013
previous_S1,0.15,0.1348290809262157,0,0.2601010101010101
previous_S1,0.15,0.1348290809262157,1,0.37916666666666665
previous_S1,0.15,0.1348290809262157,2,0.36395511921458623
previous_S1,0.15,0.1348290809262157,3,0.312987012987013
previous_S1,0.15,0.17320508075688773,0,0.2601010101010101
previous_S1,0.15,0.17320508075688773,1,0.3773809523809524
previous_S1,0.15,0.17320508075688773,2,0.3643578643578643
previous_S1,0.15,0.17320508075688773,3,0.312987012987013
previous_S1,0.15,0.2225039271491978,0,0.2601010101010101
previous_S1,0.15,0.2225039271491978,1,0.37574159525379036
previous_S1,0.15,0.2225039271491978,2,0.3643578643578643
previous_S1,0.15,0.2225039271491978,3,0.31265822784810127
previous_S1,0.15,0.2858345573956079,0,0.2603092783505155
previous_S1,0.15,0.2858345573956079,1,0.3741330069359445
previous_S1,0.15,0.2858345573956079,2,0.36587301587301585
previous_S1,0.15,0.2858345573956079,3,0.3121951219512195
previous_S1,0.15,0.3671907963528168,0,0.26063829787234044
previous_S1,0.15,0.3671907963528168,1,0.3741330069359445
previous_S1,0.15,0.3671907963528168,2,0.366750208855472
previous_S1,0.15,0.3671907963528168,3,0.3121951219512195
previous_S1,0.15,0.47170321935428616,0,0.260752688172043
previous_S1,0.15,0.47170321935428616,1,0.3709454796411318
previous_S1,0.15,0.47170321935428616,2,0.3670190274841437
previous_S1,0.15,0.47170321935428616,3,0.31265822784810127
previous_S1,0.15,0.6059627021136009,0,0.26063829787234044
previous_S1,0.15,0.6059627021136009,1,0.367003367003367
previous_S1,0.15,0.6059627021136009,2,0.3692453725676317
previous_S1,0.15,0.6059627021136009,3,0.3131578947368421
previous_S1,0.15,0.778436061673405,0,0.260989010989011
previous_S1,0.15,0.778436061673405,1,0.36421052631578943
previous_S1,0.15,0.778436061673405,2,0.3705763397371082
previous_S1,0.15,0.778436061673405,3,0.3140845070422535
previous_S1,0.15,1.0,0,0.2614942528735632
previous_S1,0.15,1.0,1,0.3618080446037435
previous_S1,0.15,1.0,2,0.37481759432978945
previous_S1,0.15,1.0,3,0.31470588235294117
previous_S1,0.15,2.0,0,0.2642857142857143
previous_S1,0.15,2.0,1,0.3579854809437386
previous_S1,0.15,2.0,2,0.37996820349761523
previous_S1,0.15,2.0,3,0.3565891472868217
previous_S1,0.15,3.0,0,0.2685185185185185
previous_S1,0.15,3.0,1,0.3605555555555555
previous_S1,0.15,3.0,2,0.38940092165898615
previous_S1,0.15,3.0,3,0.3645833333333333
previous_S1,0.15,10.0,0,0.18666666666666665
previous_S1,0.15,10.0,1,0.37334933973589435
previous_S1,0.15,10.0,2,0.36271498771498767
previous_S1,0.15,10.0,3,0.2661290322580645
previous_S1,0.2,0.003,0,0.2601010101010101
previous_S1,0.2,0.003,1,0.3904761904761905
previous_S1,0.2,0.003,2,0.36846142046326125
previous_S1,0.2,0.003,3,0.2756033920417482
previous_S1,0.2,0.005,0,0.26
previous_S1,0.2,0.005,1,0.3896551724137931
previous_S1,0.2,0.005,2,0.36811201445347785
previous_S1,0.2,0.005,3,0.2756033920417482
previous_S1,0.2,0.01,0,0.26
previous_S1,0.2,0.01,1,0.3896551724137931
previous_S1,0.2,0.01,2,0.3685185185185185
previous_S1,0.2,0.01,3,0.2756033920417482
previous_S1,0.2,0.02,0,0.26
previous_S1,0.2,0.02,1,0.3885799035965888
previous_S1,0.2,0.02,2,0.3685185185185185
previous_S1,0.2,0.02,3,0.2909356725146199
previous_S1,0.2,0.03,0,0.26
previous_S1,0.2,0.03,1,0.3848932676518883
previous_S1,0.2,0.03,2,0.3685185185185185
previous_S1,0.2,0.03,3,0.290436005625879
previous_S1,0.2,0.038538810670601456,0,0.26
previous_S1,0.2,0.038538810670601456,1,0.3848932676518883
previous_S1,0.2,0.038538810670601456,2,0.3677753141167775
previous_S1,0.2,0.038538810670601456,3,0.29027777777777775
previous_S1,0.2,0.049507997596815526,0,0.26
previous_S1,0.2,0.049507997596815526,1,0.3834101382488479
previous_S1,0.2,0.049507997596815526,2,0.36706349206349204
previous_S1,0.2,0.049507997596815526,3,0.29027777777777775
previous_S1,0.2,0.06359931153547553,0,0.26
previous_S1,0.2,0.06359931153547553,1,0.38115449915110355
previous_S1,0.2,0.06359931153547553,2,0.3673881673881674
previous_S1,0.2,0.06359931153547553,3,0.290436005625879
previous_S1,0.2,0.08170139420154304,0,0.26
previous_S1,0.2,0.08170139420154304,1,0.3798511430090377
previous_S1,0.2,0.08170139420154304,2,0.3673881673881674
previous_S1,0.2,0.08170139420154304,3,0.2907647907647908
previous_S1,0.2,0.10495581875524816,0,0.26
previous_S1,0.2,0.10495581875524816,1,0.3779411764705882
previous_S1,0.2,0.10495581875524816,2,0.36666666666666664
previous_S1,0.2,0.10495581875524816,3,0.2907647907647908
previous_S1,0.2,0.1348290809262157,0,0.26
previous_S1,0.2,0.1348290809262157,1,0.37733142037302725
previous_S1,0.2,0.1348290809262157,2,0.3663419913419913
previous_S1,0.2,0.1348290809262157,3,0.2907647907647908
previous_S1,0.2,0.17320508075688773,0,0.2599009900990099
previous_S1,0.2,0.17320508075688773,1,0.37675070028011204
previous_S1,0.2,0.17320508075688773,2,0.36669435215946844
previous_S1,0.2,0.17320508075688773,3,0.2907647907647908
previous_S1,0.2,0.2225039271491978,0,0.25961538461538464
previous_S1,0.2,0.2225039271491978,1,0.37563676633444076
previous_S1,0.2,0.2225039271491978,2,0.3670190274841437
previous_S1,0.2,0.2225039271491978,3,0.29059829059829057
previous_S1,0.2,0.2858345573956079,0,0.25970873786407767
previous_S1,0.2,0.2858345573956079,1,0.3751076658053402
previous_S1,0.2,0.2858345573956079,2,0.3670190274841437
previous_S1,0.2,0.2858345573956079,3,0.312987012987013
previous_S1,0.2,0.3671907963528168,0,0.25970873786407767
previous_S1,0.2,0.3671907963528168,1,0.3730994152046784
previous_S1,0.2,0.3671907963528168,2,0.36807427373465107
previous_S1,0.2,0.3671907963528168,3,0.31333333333333335
previous_S1,0.2,0.47170321935428616,0,0.25980392156862747
previous_S1,0.2,0.47170321935428616,1,0.3717039461720313
previous_S1,0.2,0.47170321935428616,2,0.3688141923436041
previous_S1,0.2,0.47170321935428616,3,0.31351351351351353
previous_S1,0.2,0.6059627021136009,0,0.25980392156862747
previous_S1,0.2,0.6059627021136009,1,0.3692307692307692
previous_S1,0.2,0.6059627021136009,2,0.36961451247165533
previous_S1,0.2,0.6059627021136009,3,0.31351351351351353
previous_S1,0.2,0.778436061673405,0,0.2603092783505155
previous_S1,0.2,0.778436061673405,1,0.366750208855472
previous_S1,0.2,0.778436061673405,2,0.3705763397371082
previous_S1,0.2,0.778436061673405,3,0.3142857142857143
previous_S1,0.2,1.0,0,0.260989010989011
previous_S1,0.2,1.0,1,0.3623053923084854
previous_S1,0.2,1.0,2,0.37133262636974196
previous_S1,0.2,1.0,3,0.31470588235294117
previous_S1,0.2,2.0,0,0.2642857142857143
previous_S1,0.2,2.0,1,0.3599647266313933
previous_S1,0.2,2.0,2,0.37887887887887883
previous_S1,0.2,2.0,3,0.3555555555555555
previous_S1,0.2,3.0,0,0.2685185185185185
previous_S1,0.2,3.0,1,0.3611111111111111
previous_S1,0.2,3.0,2,0.38940092165898615
previous_S1,0.2,3.0,3,0.3645833333333333
previous_S1,0.2,10.0,0,0.18666666666666665
previous_S1,0.2,10.0,1,0.37334933973589435
previous_S1,0.2,10.0,2,0.36271498771498767
previous_S1,0.2,10.0,3,0.2661290322580645
previous_S1,0.25,0.003,0,0.25980392156862747
previous_S1,0.25,0.003,1,0.38662486938349006
previous_S1,0.25,0.003,2,0.3670190274841437
previous_S1,0.25,0.003,3,0.2742504409171076
previous_S1,0.25,0.005,0,0.25980392156862747
previous_S1,0.25,0.005,1,0.3841269841269841
previous_S1,0.25,0.005,2,0.36666666666666664
previous_S1,0.25,0.005,3,0.2742504409171076
previous_S1,0.25,0.01,0,0.2599009900990099
previous_S1,0.25,0.01,1,0.3841269841269841
previous_S1,0.25,0.01,2,0.3670190274841437
previous_S1,0.25,0.01,3,0.2742504409171076
previous_S1,0.25,0.02,0,0.26
previous_S1,0.25,0.02,1,0.3798076923076923
previous_S1,0.25,0.02,2,0.36602870813397126
previous_S1,0.25,0.02,3,0.2740998838559814
previous_S1,0.25,0.03,0,0.26
previous_S1,0.25,0.03,1,0.3779411764705882
previous_S1,0.25,0.03,2,0.36602870813397126
previous_S1,0.25,0.03,3,0.2740998838559814
previous_S1,0.25,0.038538810670601456,0,0.26
previous_S1,0.25,0.038538810670601456,1,0.3768518518518518
previous_S1,0.25,0.038538810670601456,2,0.36506746626686654
previous_S1,0.25,0.038538810670601456,3,0.2740998838559814
previous_S1,0.25,0.049507997596815526,0,0.26
previous_S1,0.25,0.049507997596815526,1,0.37624209575429085
previous_S1,0.25,0.049507997596815526,2,0.3644668830388268
previous_S1,0.25,0.049507997596815526,3,0.2740998838559814
previous_S1,0.25,0.06359931153547553,0,0.26
previous_S1,0.25,0.06359931153547553,1,0.37624209575429085
previous_S1,0.25,0.06359931153547553,2,0.3644668830388268
previous_S1,0.25,0.06359931153547553,3,0.2740998838559814
previous_S1,0.25,0.08170139420154304,0,0.26
previous_S1,0.25,0.08170139420154304,1,0.37624209575429085
previous_S1,0.25,0.08170139420154304,2,0.3647752394988946
previous_S1,0.25,0.08170139420154304,3,0.27395295467584624
previous_S1,0.25,0.10495581875524816,0,0.26
previous_S1,0.25,0.10495581875524816,1,0.37468671679197996
previous_S1,0.25,0.10495581875524816,2,0.36538952745849296
previous_S1,0.25,0.10495581875524816,3,0.2740998838559814
previous_S1,0.25,0.1348290809262157,0,0.26
previous_S1,0.25,0.1348290809262157,1,0.37468671679197996
previous_S1,0.25,0.1348290809262157,2,0.36538952745849296
previous_S1,0.25,0.1348290809262157,3,0.2740998838559814
previous_S1,0.25,0.17320508075688773,0,0.26
previous_S1,0.25,0.17320508075688773,1,0.3741330069359445
previous_S1,0.25,0.17320508075688773,2,0.36569200779727096
previous_S1,0.25,0.17320508075688773,3,0.2899728997289973
previous_S1,0.25,0.2225039271491978,0,0.2602040816326531
previous_S1,0.25,0.2225039271491978,1,0.37232076866223207
previous_S1,0.25,0.2225039271491978,2,0.3663299663299663
previous_S1,0.25,0.2225039271491978,3,0.2901234567901234
previous_S1,0.25,0.2858345573956079,0,0.2603092783505155
previous_S1,0.25,0.2858345573956079,1,0.37232076866223207
previous_S1,0.25,0.2858345573956079,2,0.3663446054750402
previous_S1,0.25,0.2858345573956079,3,0.29027777777777775
previous_S1,0.25,0.3671907963528168,0,0.2604166666666667
previous_S1,0.25,0.3671907963528168,1,0.37181571815718156
previous_S1,0.25,0.3671907963528168,2,0.36782608695652175
previous_S1,0.25,0.3671907963528168,3,0.29027777777777775
previous_S1,0.25,0.47170321935428616,0,0.26052631578947366
previous_S1,0.25,0.47170321935428616,1,0.37127659574468086
previous_S1,0.25,0.47170321935428616,2,0.36976144422952933
previous_S1,0.25,0.47170321935428616,3,0.31265822784810127
previous_S1,0.25,0.6059627021136009,0,0.26063829787234044
previous_S1,0.25,0.6059627021136009,1,0.3692307692307692
previous_S1,0.25,0.6059627021136009,2,0.36988727858293075
previous_S1,0.25,0.6059627021136009,3,0.3128205128205128
previous_S1,0.25,0.778436061673405,0,0.26136363636363635
previous_S1,0.25,0.778436061673405,1,0.36669435215946844
previous_S1,0.25,0.778436061673405,2,0.3701138050470064
previous_S1,0.25,0.778436061673405,3,0.31351351351351353
previous_S1,0.25,1.0,0,0.2619047619047619
previous_S1,0.25,1.0,1,0.36509730069052104
previous_S1,0.25,1.0,2,0.37181571815718156
previous_S1,0.25,1.0,3,0.3140845070422535
previous_S1,0.25,2.0,0,0.26515151515151514
previous_S1,0.25,2.0,1,0.36297760210803687
previous_S1,0.25,2.0,2,0.37816764132553604
previous_S1,0.25,2.0,3,0.3555555555555555
previous_S1,0.25,3.0,0,0.2685185185185185
previous_S1,0.25,3.0,1,0.36191059399877523
previous_S1,0.25,3.0,2,0.3874458874458874
previous_S1,0.25,3.0,3,0.36363636363636365
previous_S1,0.25,10.0,0,0.18666666666666665
previous_S1,0.25,10.0,1,0.37334933973589435
previous_S1,0.25,10.0,2,0.36271498771498767
previous_S1,0.25,10.0,3,0.2661290322580645
previous_S1,0.3,0.003,0,0.2601010101010101
previous_S1,0.3,0.003,1,0.3785569105691057
previous_S1,0.3,0.003,2,0.36706349206349204
previous_S1,0.3,0.003,3,0.2744047619047619
previous_S1,0.3,0.005,0,0.2601010101010101
previous_S1,0.3,0.005,1,0.3785569105691057
previous_S1,0.3,0.005,2,0.36745063879210216
previous_S1,0.3,0.005,3,0.2744047619047619
previous_S1,0.3,0.01,0,0.2601010101010101
previous_S1,0.3,0.01,1,0.3779255974377925
previous_S1,0.3,0.01,2,0.3673881673881674
previous_S1,0.3,0.01,3,0.2742504409171076
previous_S1,0.3,0.02,0,0.2602040816326531
previous_S1,0.3,0.02,1,0.37917637917637914
previous_S1,0.3,0.02,2,0.3677753141167775
previous_S1,0.3,0.02,3,0.2740998838559814
previous_S1,0.3,0.03,0,0.2602040816326531
previous_S1,0.3,0.03,1,0.3779411764705882
previous_S1,0.3,0.03,2,0.3670190274841437
previous_S1,0.3,0.03,3,0.2736694677871149
previous_S1,0.3,0.038538810670601456,0,0.2602040816326531
previous_S1,0.3,0.038538810670601456,1,0.3773809523809524
previous_S1,0.3,0.038538810670601456,2,0.3670190274841437
previous_S1,0.3,0.038538810670601456,3,0.27380952380952384
previous_S1,0.3,0.049507997596815526,0,0.2602040816326531
previous_S1,0.3,0.049507997596815526,1,0.3768518518518518
previous_S1,0.3,0.049507997596815526,2,0.3670190274841437
previous_S1,0.3,0.049507997596815526,3,0.27380952380952384
previous_S1,0.3,0.06359931153547553,0,0.2602040816326531
previous_S1,0.3,0.06359931153547553,1,0.37624209575429085
previous_S1,0.3,0.06359931153547553,2,0.3670190274841437
previous_S1,0.3,0.06359931153547553,3,0.27380952380952384
previous_S1,0.3,0.08170139420154304,0,0.2602040816326531
previous_S1,0.3,0.08170139420154304,1,0.37566137566137564
previous_S1,0.3,0.08170139420154304,2,0.36669435215946844
previous_S1,0.3,0.08170139420154304,3,0.27380952380952384
previous_S1,0.3,0.10495581875524816,0,0.2602040816326531
previous_S1,0.3,0.10495581875524816,1,0.3751076658053402
previous_S1,0.3,0.10495581875524816,2,0.366005291005291
previous_S1,0.3,0.10495581875524816,3,0.27380952380952384
previous_S1,0.3,0.1348290809262157,0,0.2602040816326531
previous_S1,0.3,0.1348290809262157,1,0.37460716530483973
previous_S1,0.3,0.1348290809262157,2,0.3670190274841437
previous_S1,0.3,0.1348290809262157,3,0.27380952380952384
previous_S1,0.3,0.17320508075688773,0,0.2601010101010101
previous_S1,0.3,0.17320508075688773,1,0.37460716530483973
previous_S1,0.3,0.17320508075688773,2,0.3670190274841437
previous_S1,0.3,0.17320508075688773,3,0.2740998838559814
previous_S1,0.3,0.2225039271491978,0,0.2601010101010101
previous_S1,0.3,0.2225039271491978,1,0.37264957264957266
previous_S1,0.3,0.2225039271491978,2,0.3673557278208441
previous_S1,0.3,0.2225039271491978,3,0.2742504409171076
previous_S1,0.3,0.2858345573956079,0,0.2603092783505155
previous_S1,0.3,0.2858345573956079,1,0.372166480862133
previous_S1,0.3,0.2858345573956079,2,0.36735277301315034
previous_S1,0.3,0.2858345573956079,3,0.2901234567901234
previous_S1,0.3,0.3671907963528168,0,0.2603092783505155
previous_S1,0.3,0.3671907963528168,1,0.37127659574468086
previous_S1,0.3,0.3671907963528168,2,0.36848484848484847
previous_S1,0.3,0.3671907963528168,3,0.29027777777777775
previous_S1,0.3,0.47170321935428616,0,0.2604166666666667
previous_S1,0.3,0.47170321935428616,1,0.3700396825396825
previous_S1,0.3,0.47170321935428616,2,0.3696705426356589
previous_S1,0.3,0.47170321935428616,3,0.29059829059829057
previous_S1,0.3,0.6059627021136009,0,0.26063829787234044
previous_S1,0.3,0.6059627021136009,1,0.36961451247165533
previous_S1,0.3,0.6059627021136009,2,0.3715644820295983
previous_S1,0.3,0.6059627021136009,3,0.3131578947368421
previous_S1,0.3,0.778436061673405,0,0.2619047619047619
previous_S1,0.3,0.778436061673405,1,0.3677248677248677
previous_S1,0.3,0.778436061673405,2,0.37142857142857144
previous_S1,0.3,0.778436061673405,3,0.3136986301369863
previous_S1,0.3,1.0,0,0.2625
previous_S1,0.3,1.0,1,0.3660785886126704
previous_S1,0.3,1.0,2,0.37460716530483973
previous_S1,0.3,1.0,3,0.31470588235294117
previous_S1,0.3,2.0,0,0.26639344262295084
previous_S1,0.3,2.0,1,0.3630735212824765
previous_S1,0.3,2.0,2,0.38263762855414396
previous_S1,0.3,2.0,3,0.3212765957446808
previous_S1,0.3,3.0,0,0.2692307692307692
previous_S1,0.3,3.0,1,0.3644927536231884
previous_S1,0.3,3.0,2,0.3841698841698842
previous_S1,0.3,3.0,3,0.36363636363636365
previous_S1,0.3,10.0,0,0.18666666666666665
previous_S1,0.3,10.0,1,0.37334933973589435
previous_S1,0.3,10.0,2,0.36271498771498767
previous_S1,0.3,10.0,3,0.2661290322580645
previous_S1,0.4,0.003,0,0.2602040816326531
previous_S1,0.4,0.003,1,0.3842504743833017
previous_S1,0.4,0.003,2,0.36846142046326125
previous_S1,0.4,0.003,3,0.25389863547758285
previous_S1,0.4,0.005,0,0.2602040816326531
previous_S1,0.4,0.005,1,0.37996820349761523
previous_S1,0.4,0.005,2,0.3677248677248677
previous_S1,0.4,0.005,3,0.25389863547758285
previous_S1,0.4,0.01,0,0.2603092783505155
previous_S1,0.4,0.01,1,0.3786967418546366
previous_S1,0.4,0.01,2,0.36669435215946844
previous_S1,0.4,0.01,3,0.2537277537277537
previous_S1,0.4,0.02,0,0.2603092783505155
previous_S1,0.4,0.02,1,0.37749287749287747
previous_S1,0.4,0.02,2,0.36669435215946844
previous_S1,0.4,0.02,3,0.25356125356125353
previous_S1,0.4,0.03,0,0.2603092783505155
previous_S1,0.4,0.03,1,0.3765182186234818
previous_S1,0.4,0.03,2,0.36669435215946844
previous_S1,0.4,0.03,3,0.253398968588842
previous_S1,0.4,0.038538810670601456,0,0.2603092783505155
previous_S1,0.4,0.038538810670601456,1,0.37587719298245614
previous_S1,0.4,0.038538810670601456,2,0.3670190274841437
previous_S1,0.4,0.038538810670601456,3,0.253398968588842
previous_S1,0.4,0.049507997596815526,0,0.2604166666666667
previous_S1,0.4,0.049507997596815526,1,0.37587719298245614
previous_S1,0.4,0.049507997596815526,2,0.3670190274841437
previous_S1,0.4,0.049507997596815526,3,0.253398968588842
previous_S1,0.4,0.06359931153547553,0,0.2604166666666667
previous_S1,0.4,0.06359931153547553,1,0.37587719298245614
previous_S1,0.4,0.06359931153547553,2,0.3670190274841437
previous_S1,0.4,0.06359931153547553,3,0.253398968588842
previous_S1,0.4,0.08170139420154304,0,0.2604166666666667
previous_S1,0.4,0.08170139420154304,1,0.37526743688489517
previous_S1,0.4,0.08170139420154304,2,0.3670190274841437
previous_S1,0.4,0.08170139420154304,3,0.2626582278481012
previous_S1,0.4,0.10495581875524816,0,0.2604166666666667
previous_S1,0.4,0.10495581875524816,1,0.37468671679197996
previous_S1,0.4,0.10495581875524816,2,0.36666666666666664
previous_S1,0.4,0.10495581875524816,3,0.2626582278481012
previous_S1,0.4,0.1348290809262157,0,0.2604166666666667
previous_S1,0.4,0.1348290809262157,1,0.37468671679197996
previous_S1,0.4,0.1348290809262157,2,0.36666666666666664
previous_S1,0.4,0.1348290809262157,3,0.2626582278481012
previous_S1,0.4,0.17320508075688773,0,0.2604166666666667
previous_S1,0.4,0.17320508075688773,1,0.37526743688489517
previous_S1,0.4,0.17320508075688773,2,0.36666666666666664
previous_S1,0.4,0.17320508075688773,3,0.2626582278481012
previous_S1,0.4,0.2225039271491978,0,0.26052631578947366
previous_S1,0.4,0.2225039271491978,1,0.37368316438083876
previous_S1,0.4,0.2225039271491978,2,0.36666666666666664
previous_S1,0.4,0.2225039271491978,3,0.262987012987013
previous_S1,0.4,0.2858345573956079,0,0.26052631578947366
previous_S1,0.4,0.2858345573956079,1,0.37325581395348834
previous_S1,0.4,0.2858345573956079,2,0.36666666666666664
previous_S1,0.4,0.2858345573956079,3,0.2631578947368421
previous_S1,0.4,0.3671907963528168,0,0.260752688172043
previous_S1,0.4,0.3671907963528168,1,0.37232076866223207
previous_S1,0.4,0.3671907963528168,2,0.36701607267645003
previous_S1,0.4,0.3671907963528168,3,0.2752380952380952
previous_S1,0.4,0.47170321935428616,0,0.260989010989011
previous_S1,0.4,0.47170321935428616,1,0.3708700916796402
previous_S1,0.4,0.47170321935428616,2,0.36883720930232555
previous_S1,0.4,0.47170321935428616,3,0.2752380952380952
previous_S1,0.4,0.6059627021136009,0,0.2616279069767442
previous_S1,0.4,0.6059627021136009,1,0.37048294495103007
previous_S1,0.4,0.6059627021136009,2,0.3692453725676317
previous_S1,0.4,0.6059627021136009,3,0.2754182754182754
previous_S1,0.4,0.778436061673405,0,0.2626582278481013
previous_S1,0.4,0.778436061673405,1,0.3692453725676317
previous_S1,0.4,0.778436061673405,2,0.37181571815718156
previous_S1,0.4,0.778436061673405,3,0.29292929292929293
previous_S1,0.4,1.0,0,0.2631578947368421
previous_S1,0.4,1.0,1,0.36811201445347785
previous_S1,0.4,1.0,2,0.37340301974448314
previous_S1,0.4,1.0,3,0.3151515151515152
previous_S1,0.4,2.0,0,0.2661290322580645
previous_S1,0.4,2.0,1,0.3667359667359667
previous_S1,0.4,2.0,2,0.37936507936507935
previous_S1,0.4,2.0,3,0.3208333333333333
previous_S1,0.4,3.0,0,0.2696078431372549
previous_S1,0.4,3.0,1,0.3675324675324675
previous_S1,0.4,3.0,2,0.38024691358024687
previous_S1,0.4,3.0,3,0.35772357723577236
previous_S1,0.4,10.0,0,0.18666666666666665
previous_S1,0.4,10.0,1,0.37334933973589435
previous_S1,0.4,10.0,2,0.36271498771498767
previous_S1,0.4,10.0,3,0.2661290322580645
