candidate,nu,gamma_multiplier,fold,AP
stable_all,0.001,0.003,0,0.1923076923076923
stable_all,0.001,0.003,1,0.55
stable_all,0.001,0.003,2,0.4601449275362319
stable_all,0.001,0.003,3,0.5256410256410257
stable_all,0.001,0.005,0,0.19298245614035087
stable_all,0.001,0.005,1,0.55
stable_all,0.001,0.005,2,0.4720496894409938
stable_all,0.001,0.005,3,0.524390243902439
stable_all,0.001,0.01,0,0.19444444444444442
stable_all,0.001,0.01,1,0.5277777777777778
stable_all,0.001,0.01,2,0.5416666666666666
stable_all,0.001,0.01,3,0.5208333333333334
stable_all,0.001,0.02,0,0.17857142857142855
stable_all,0.001,0.02,1,0.48120300751879697
stable_all,0.001,0.02,2,0.6916666666666667
stable_all,0.001,0.02,3,0.42601246105919
stable_all,0.001,0.03,0,0.25900900900900903
stable_all,0.001,0.03,1,0.474025974025974
stable_all,0.001,0.03,2,0.6916666666666667
stable_all,0.001,0.03,3,0.4099009900990099
stable_all,0.001,0.038538810670601456,0,0.25952380952380955
stable_all,0.001,0.038538810670601456,1,0.4720496894409938
stable_all,0.001,0.038538810670601456,2,0.6904761904761905
stable_all,0.001,0.038538810670601456,3,0.4180457052797478
stable_all,0.001,0.049507997596815526,0,0.26
stable_all,0.001,0.049507997596815526,1,0.4537037037037037
stable_all,0.001,0.049507997596815526,2,0.6875
stable_all,0.001,0.049507997596815526,3,0.42765567765567764
stable_all,0.001,0.06359931153547553,0,0.2604166666666667
stable_all,0.001,0.06359931153547553,1,0.43448275862068964
stable_all,0.001,0.06359931153547553,2,0.6836158192090396
stable_all,0.001,0.06359931153547553,3,0.428030303030303
stable_all,0.001,0.08170139420154304,0,0.17719298245614035
stable_all,0.001,0.08170139420154304,1,0.43448275862068964
stable_all,0.001,0.08170139420154304,2,0.6848484848484848
stable_all,0.001,0.08170139420154304,3,0.42816091954022983
stable_all,0.001,0.10495581875524816,0,0.17730496453900707
stable_all,0.001,0.10495581875524816,1,0.43124999999999997
stable_all,0.001,0.10495581875524816,2,0.6851851851851851
stable_all,0.001,0.10495581875524816,3,0.4189016602809706
stable_all,0.001,0.1348290809262157,0,0.17753623188405795
stable_all,0.001,0.1348290809262157,1,0.44696969696969696
stable_all,0.001,0.1348290809262157,2,0.6870748299319728
stable_all,0.001,0.1348290809262157,3,0.4190353143841516
stable_all,0.001,0.17320508075688773,0,0.17790262172284643
stable_all,0.001,0.17320508075688773,1,0.4452380952380952
stable_all,0.001,0.17320508075688773,2,0.6875
stable_all,0.001,0.17320508075688773,3,0.2526455026455026
stable_all,0.001,0.2225039271491978,0,0.17916666666666667
stable_all,0.001,0.2225039271491978,1,0.44791666666666663
stable_all,0.001,0.2225039271491978,2,0.5777777777777777
stable_all,0.001,0.2225039271491978,3,0.2529358626919602
stable_all,0.001,0.2858345573956079,0,0.1827956989247312
stable_all,0.001,0.2858345573956079,1,0.4489247311827957
stable_all,0.001,0.2858345573956079,2,0.5793650793650793
stable_all,0.001,0.2858345573956079,3,0.24649122807017546
stable_all,0.001,0.3671907963528168,0,0.1893939393939394
stable_all,0.001,0.3671907963528168,1,0.44189016602809705
stable_all,0.001,0.3671907963528168,2,0.4923076923076923
stable_all,0.001,0.3671907963528168,3,0.24803921568627452
stable_all,0.001,0.47170321935428616,0,0.19298245614035087
stable_all,0.001,0.47170321935428616,1,0.437037037037037
stable_all,0.001,0.47170321935428616,2,0.4767025089605734
stable_all,0.001,0.47170321935428616,3,0.24545454545454545
stable_all,0.001,0.6059627021136009,0,0.19166666666666665
stable_all,0.001,0.6059627021136009,1,0.42727272727272725
stable_all,0.001,0.6059627021136009,2,0.4789272030651341
stable_all,0.001,0.6059627021136009,3,0.24067599067599066
stable_all,0.001,0.778436061673405,0,0.1923076923076923
stable_all,0.001,0.778436061673405,1,0.4152046783625731
stable_all,0.001,0.778436061673405,2,0.4738562091503268
stable_all,0.001,0.778436061673405,3,0.2512820512820513
stable_all,0.001,1.0,0,0.19369369369369369
stable_all,0.001,1.0,1,0.3866028708133971
stable_all,0.001,1.0,2,0.4518272425249169
stable_all,0.001,1.0,3,0.2585139318885449
stable_all,0.001,2.0,0,0.18361581920903955
stable_all,0.001,2.0,1,0.35765567765567763
stable_all,0.001,2.0,2,0.39093567251461986
stable_all,0.001,2.0,3,0.2399267399267399
stable_all,0.001,3.0,0,0.18253968253968253
stable_all,0.001,3.0,1,0.35519713261648744
stable_all,0.001,3.0,2,0.38227513227513227
stable_all,0.001,3.0,3,0.24494949494949494
stable_all,0.001,10.0,0,0.19444444444444442
stable_all,0.001,10.0,1,0.3519230769230769
stable_all,0.001,10.0,2,0.3926218708827404
stable_all,0.001,10.0,3,0.2542857142857143
stable_all,0.0025,0.003,0,0.1923076923076923
stable_all,0.0025,0.003,1,0.55
stable_all,0.0025,0.003,2,0.4601449275362319
stable_all,0.0025,0.003,3,0.5256410256410257
stable_all,0.0025,0.005,0,0.19298245614035087
stable_all,0.0025,0.005,1,0.55
stable_all,0.0025,0.005,2,0.4720496894409938
stable_all,0.0025,0.005,3,0.524390243902439
stable_all,0.0025,0.01,0,0.19444444444444442
stable_all,0.0025,0.01,1,0.5277777777777778
stable_all,0.0025,0.01,2,0.5416666666666666
stable_all,0.0025,0.01,3,0.5208333333333334
stable_all,0.0025,0.02,0,0.17857142857142855
stable_all,0.0025,0.02,1,0.47857142857142854
stable_all,0.0025,0.02,2,0.6916666666666667
stable_all,0.0025,0.02,3,0.4261904761904762
stable_all,0.0025,0.03,0,0.25900900900900903
stable_all,0.0025,0.03,1,0.474025974025974
stable_all,0.0025,0.03,2,0.6916666666666667
stable_all,0.0025,0.03,3,0.4173083975064173
stable_all,0.0025,0.038538810670601456,0,0.25952380952380955
stable_all,0.0025,0.038538810670601456,1,0.4720496894409938
stable_all,0.0025,0.038538810670601456,2,0.6904761904761905
stable_all,0.0025,0.038538810670601456,3,0.42730496453900707
stable_all,0.0025,0.049507997596815526,0,0.2599009900990099
stable_all,0.0025,0.049507997596815526,1,0.4537037037037037
stable_all,0.0025,0.049507997596815526,2,0.6866666666666666
stable_all,0.0025,0.049507997596815526,3,0.42777777777777776
stable_all,0.0025,0.06359931153547553,0,0.2604166666666667
stable_all,0.0025,0.06359931153547553,1,0.4357142857142857
stable_all,0.0025,0.06359931153547553,2,0.6839080459770115
stable_all,0.0025,0.06359931153547553,3,0.428030303030303
stable_all,0.0025,0.08170139420154304,0,0.17719298245614035
stable_all,0.0025,0.08170139420154304,1,0.43448275862068964
stable_all,0.0025,0.08170139420154304,2,0.6848484848484848
stable_all,0.0025,0.08170139420154304,3,0.42816091954022983
stable_all,0.0025,0.10495581875524816,0,0.17730496453900707
stable_all,0.0025,0.10495581875524816,1,0.43124999999999997
stable_all,0.0025,0.10495581875524816,2,0.6851851851851851
stable_all,0.0025,0.10495581875524816,3,0.4189016602809706
stable_all,0.0025,0.1348290809262157,0,0.17753623188405795
stable_all,0.0025,0.1348290809262157,1,0.44696969696969696
stable_all,0.0025,0.1348290809262157,2,0.6870748299319728
stable_all,0.0025,0.1348290809262157,3,0.4190353143841516
stable_all,0.0025,0.17320508075688773,0,0.17790262172284643
stable_all,0.0025,0.17320508075688773,1,0.4452380952380952
stable_all,0.0025,0.17320508075688773,2,0.6875
stable_all,0.0025,0.17320508075688773,3,0.25250544662309365
stable_all,0.0025,0.2225039271491978,0,0.17916666666666667
stable_all,0.0025,0.2225039271491978,1,0.44791666666666663
stable_all,0.0025,0.2225039271491978,2,0.5777777777777777
stable_all,0.0025,0.2225039271491978,3,0.2529358626919602
stable_all,0.0025,0.2858345573956079,0,0.1827956989247312
stable_all,0.0025,0.2858345573956079,1,0.4489247311827957
stable_all,0.0025,0.2858345573956079,2,0.5793650793650793
stable_all,0.0025,0.2858345573956079,3,0.24649122807017546
stable_all,0.0025,0.3671907963528168,0,0.1893939393939394
stable_all,0.0025,0.3671907963528168,1,0.44189016602809705
stable_all,0.0025,0.3671907963528168,2,0.4923076923076923
stable_all,0.0025,0.3671907963528168,3,0.24803921568627452
stable_all,0.0025,0.47170321935428616,0,0.19298245614035087
stable_all,0.0025,0.47170321935428616,1,0.437037037037037
stable_all,0.0025,0.47170321935428616,2,0.4767025089605734
stable_all,0.0025,0.47170321935428616,3,0.24545454545454545
stable_all,0.0025,0.6059627021136009,0,0.1923076923076923
stable_all,0.0025,0.6059627021136009,1,0.42727272727272725
stable_all,0.0025,0.6059627021136009,2,0.4789272030651341
stable_all,0.0025,0.6059627021136009,3,0.24067599067599066
stable_all,0.0025,0.778436061673405,0,0.1923076923076923
stable_all,0.0025,0.778436061673405,1,0.4152046783625731
stable_all,0.0025,0.778436061673405,2,0.4738562091503268
stable_all,0.0025,0.778436061673405,3,0.2512820512820513
stable_all,0.0025,1.0,0,0.19298245614035087
stable_all,0.0025,1.0,1,0.3866028708133971
stable_all,0.0025,1.0,2,0.4518272425249169
stable_all,0.0025,1.0,3,0.2585139318885449
stable_all,0.0025,2.0,0,0.18361581920903955
stable_all,0.0025,2.0,1,0.35777777777777775
stable_all,0.0025,2.0,2,0.39076479076479076
stable_all,0.0025,2.0,3,0.2399267399267399
stable_all,0.0025,3.0,0,0.18253968253968253
stable_all,0.0025,3.0,1,0.35519713261648744
stable_all,0.0025,3.0,2,0.38227513227513227
stable_all,0.0025,3.0,3,0.24494949494949494
stable_all,0.0025,10.0,0,0.19523809523809524
stable_all,0.0025,10.0,1,0.35224867724867726
stable_all,0.0025,10.0,2,0.3926218708827404
stable_all,0.0025,10.0,3,0.2542857142857143
stable_all,0.005,0.003,0,0.1923076923076923
stable_all,0.005,0.003,1,0.55
stable_all,0.005,0.003,2,0.4601449275362319
stable_all,0.005,0.003,3,0.5256410256410257
stable_all,0.005,0.005,0,0.19298245614035087
stable_all,0.005,0.005,1,0.55
stable_all,0.005,0.005,2,0.4720496894409938
stable_all,0.005,0.005,3,0.524390243902439
stable_all,0.005,0.01,0,0.19444444444444442
stable_all,0.005,0.01,1,0.5277777777777778
stable_all,0.005,0.01,2,0.5416666666666666
stable_all,0.005,0.01,3,0.5208333333333334
stable_all,0.005,0.02,0,0.17857142857142855
stable_all,0.005,0.02,1,0.47857142857142854
stable_all,0.005,0.02,2,0.6916666666666667
stable_all,0.005,0.02,3,0.4261904761904762
stable_all,0.005,0.03,0,0.25900900900900903
stable_all,0.005,0.03,1,0.474025974025974
stable_all,0.005,0.03,2,0.6916666666666667
stable_all,0.005,0.03,3,0.4173083975064173
stable_all,0.005,0.038538810670601456,0,0.25952380952380955
stable_all,0.005,0.038538810670601456,1,0.4720496894409938
stable_all,0.005,0.038538810670601456,2,0.6904761904761905
stable_all,0.005,0.038538810670601456,3,0.42730496453900707
stable_all,0.005,0.049507997596815526,0,0.2599009900990099
stable_all,0.005,0.049507997596815526,1,0.4537037037037037
stable_all,0.005,0.049507997596815526,2,0.6870748299319728
stable_all,0.005,0.049507997596815526,3,0.42777777777777776
stable_all,0.005,0.06359931153547553,0,0.2604166666666667
stable_all,0.005,0.06359931153547553,1,0.4458689458689459
stable_all,0.005,0.06359931153547553,2,0.6839080459770115
stable_all,0.005,0.06359931153547553,3,0.428030303030303
stable_all,0.005,0.08170139420154304,0,0.17719298245614035
stable_all,0.005,0.08170139420154304,1,0.43448275862068964
stable_all,0.005,0.08170139420154304,2,0.6848484848484848
stable_all,0.005,0.08170139420154304,3,0.42816091954022983
stable_all,0.005,0.10495581875524816,0,0.17730496453900707
stable_all,0.005,0.10495581875524816,1,0.43124999999999997
stable_all,0.005,0.10495581875524816,2,0.6851851851851851
stable_all,0.005,0.10495581875524816,3,0.4189016602809706
stable_all,0.005,0.1348290809262157,0,0.17753623188405795
stable_all,0.005,0.1348290809262157,1,0.44696969696969696
stable_all,0.005,0.1348290809262157,2,0.6870748299319728
stable_all,0.005,0.1348290809262157,3,0.4190353143841516
stable_all,0.005,0.17320508075688773,0,0.17790262172284643
stable_all,0.005,0.17320508075688773,1,0.4452380952380952
stable_all,0.005,0.17320508075688773,2,0.6875
stable_all,0.005,0.17320508075688773,3,0.25250544662309365
stable_all,0.005,0.2225039271491978,0,0.17916666666666667
stable_all,0.005,0.2225039271491978,1,0.44791666666666663
stable_all,0.005,0.2225039271491978,2,0.5777777777777777
stable_all,0.005,0.2225039271491978,3,0.2529358626919602
stable_all,0.005,0.2858345573956079,0,0.1827956989247312
stable_all,0.005,0.2858345573956079,1,0.4489247311827957
stable_all,0.005,0.2858345573956079,2,0.5793650793650793
stable_all,0.005,0.2858345573956079,3,0.24649122807017546
stable_all,0.005,0.3671907963528168,0,0.1893939393939394
stable_all,0.005,0.3671907963528168,1,0.44189016602809705
stable_all,0.005,0.3671907963528168,2,0.4923076923076923
stable_all,0.005,0.3671907963528168,3,0.24803921568627452
stable_all,0.005,0.47170321935428616,0,0.19298245614035087
stable_all,0.005,0.47170321935428616,1,0.437037037037037
stable_all,0.005,0.47170321935428616,2,0.4767025089605734
stable_all,0.005,0.47170321935428616,3,0.24545454545454545
stable_all,0.005,0.6059627021136009,0,0.1923076923076923
stable_all,0.005,0.6059627021136009,1,0.42727272727272725
stable_all,0.005,0.6059627021136009,2,0.4789272030651341
stable_all,0.005,0.6059627021136009,3,0.24067599067599066
stable_all,0.005,0.778436061673405,0,0.1923076923076923
stable_all,0.005,0.778436061673405,1,0.4152046783625731
stable_all,0.005,0.778436061673405,2,0.4738562091503268
stable_all,0.005,0.778436061673405,3,0.2512820512820513
stable_all,0.005,1.0,0,0.19369369369369369
stable_all,0.005,1.0,1,0.3866028708133971
stable_all,0.005,1.0,2,0.4518272425249169
stable_all,0.005,1.0,3,0.2585139318885449
stable_all,0.005,2.0,0,0.1839080459770115
stable_all,0.005,2.0,1,0.35777777777777775
stable_all,0.005,2.0,2,0.39076479076479076
stable_all,0.005,2.0,3,0.2399267399267399
stable_all,0.005,3.0,0,0.18253968253968253
stable_all,0.005,3.0,1,0.35519713261648744
stable_all,0.005,3.0,2,0.38227513227513227
stable_all,0.005,3.0,3,0.24494949494949494
stable_all,0.005,10.0,0,0.19523809523809524
stable_all,0.005,10.0,1,0.3520833333333333
stable_all,0.005,10.0,2,0.3926218708827404
stable_all,0.005,10.0,3,0.2542857142857143
stable_all,0.01,0.003,0,0.1839080459770115
stable_all,0.01,0.003,1,0.5277777777777778
stable_all,0.01,0.003,2,0.5416666666666666
stable_all,0.01,0.003,3,0.5755555555555556
stable_all,0.01,0.005,0,0.18137254901960784
stable_all,0.01,0.005,1,0.5277777777777778
stable_all,0.01,0.005,2,0.5416666666666666
stable_all,0.01,0.005,3,0.5734126984126985
stable_all,0.01,0.01,0,0.17753623188405795
stable_all,0.01,0.01,1,0.5277777777777778
stable_all,0.01,0.01,2,0.5416666666666666
stable_all,0.01,0.01,3,0.4548611111111111
stable_all,0.01,0.02,0,0.2591743119266055
stable_all,0.01,0.02,1,0.5277777777777778
stable_all,0.01,0.02,2,0.5416666666666666
stable_all,0.01,0.02,3,0.42628205128205127
stable_all,0.01,0.03,0,0.25952380952380955
stable_all,0.01,0.03,1,0.5054945054945055
stable_all,0.01,0.03,2,0.6952380952380952
stable_all,0.01,0.03,3,0.4268707482993197
stable_all,0.01,0.038538810670601456,0,0.2599009900990099
stable_all,0.01,0.038538810670601456,1,0.474025974025974
stable_all,0.01,0.038538810670601456,2,0.6904761904761905
stable_all,0.01,0.038538810670601456,3,0.42741935483870963
stable_all,0.01,0.049507997596815526,0,0.2602040816326531
stable_all,0.01,0.049507997596815526,1,0.4458689458689459
stable_all,0.01,0.049507997596815526,2,0.6858974358974359
stable_all,0.01,0.049507997596815526,3,0.428030303030303
stable_all,0.01,0.06359931153547553,0,0.26052631578947366
stable_all,0.01,0.06359931153547553,1,0.43448275862068964
stable_all,0.01,0.06359931153547553,2,0.6845238095238095
stable_all,0.01,0.06359931153547553,3,0.428030303030303
stable_all,0.01,0.08170139420154304,0,0.17719298245614035
stable_all,0.01,0.08170139420154304,1,0.432258064516129
stable_all,0.01,0.08170139420154304,2,0.6848484848484848
stable_all,0.01,0.08170139420154304,3,0.42816091954022983
stable_all,0.01,0.10495581875524816,0,0.17730496453900707
stable_all,0.01,0.10495581875524816,1,0.4377104377104377
stable_all,0.01,0.10495581875524816,2,0.6855345911949685
stable_all,0.01,0.10495581875524816,3,0.2523686477174849
stable_all,0.01,0.1348290809262157,0,0.17753623188405795
stable_all,0.01,0.1348290809262157,1,0.44696969696969696
stable_all,0.01,0.1348290809262157,2,0.6870748299319728
stable_all,0.01,0.1348290809262157,3,0.2523686477174849
stable_all,0.01,0.17320508075688773,0,0.17790262172284643
stable_all,0.01,0.17320508075688773,1,0.4452380952380952
stable_all,0.01,0.17320508075688773,2,0.6875
stable_all,0.01,0.17320508075688773,3,0.25250544662309365
stable_all,0.01,0.2225039271491978,0,0.17916666666666667
stable_all,0.01,0.2225039271491978,1,0.44791666666666663
stable_all,0.01,0.2225039271491978,2,0.5777777777777777
stable_all,0.01,0.2225039271491978,3,0.2529358626919602
stable_all,0.01,0.2858345573956079,0,0.1827956989247312
stable_all,0.01,0.2858345573956079,1,0.4489247311827957
stable_all,0.01,0.2858345573956079,2,0.5793650793650793
stable_all,0.01,0.2858345573956079,3,0.24649122807017546
stable_all,0.01,0.3671907963528168,0,0.1893939393939394
stable_all,0.01,0.3671907963528168,1,0.44189016602809705
stable_all,0.01,0.3671907963528168,2,0.4923076923076923
stable_all,0.01,0.3671907963528168,3,0.24803921568627452
stable_all,0.01,0.47170321935428616,0,0.1923076923076923
stable_all,0.01,0.47170321935428616,1,0.437037037037037
stable_all,0.01,0.47170321935428616,2,0.4767025089605734
stable_all,0.01,0.47170321935428616,3,0.24545454545454545
stable_all,0.01,0.6059627021136009,0,0.1923076923076923
stable_all,0.01,0.6059627021136009,1,0.42727272727272725
stable_all,0.01,0.6059627021136009,2,0.4789272030651341
stable_all,0.01,0.6059627021136009,3,0.24067599067599066
stable_all,0.01,0.778436061673405,0,0.1923076923076923
stable_all,0.01,0.778436061673405,1,0.4152046783625731
stable_all,0.01,0.778436061673405,2,0.4738562091503268
stable_all,0.01,0.778436061673405,3,0.2512820512820513
stable_all,0.01,1.0,0,0.19369369369369369
stable_all,0.01,1.0,1,0.3866028708133971
stable_all,0.01,1.0,2,0.4518272425249169
stable_all,0.01,1.0,3,0.2585139318885449
stable_all,0.01,2.0,0,0.1839080459770115
stable_all,0.01,2.0,1,0.35777777777777775
stable_all,0.01,2.0,2,0.39076479076479076
stable_all,0.01,2.0,3,0.2399267399267399
stable_all,0.01,3.0,0,0.18253968253968253
stable_all,0.01,3.0,1,0.35519713261648744
stable_all,0.01,3.0,2,0.38227513227513227
stable_all,0.01,3.0,3,0.24494949494949494
stable_all,0.01,10.0,0,0.19523809523809524
stable_all,0.01,10.0,1,0.35231870525988174
stable_all,0.01,10.0,2,0.3926218708827404
stable_all,0.01,10.0,3,0.2542857142857143
stable_all,0.015,0.003,0,0.17777777777777776
stable_all,0.015,0.003,1,0.55
stable_all,0.015,0.003,2,0.5416666666666666
stable_all,0.015,0.003,3,0.47965367965367967
stable_all,0.015,0.005,0,0.17719298245614035
stable_all,0.015,0.005,1,0.5277777777777778
stable_all,0.015,0.005,2,0.5416666666666666
stable_all,0.015,0.005,3,0.4776556776556776
stable_all,0.015,0.01,0,0.25970873786407767
stable_all,0.015,0.01,1,0.5277777777777778
stable_all,0.015,0.01,2,0.594017094017094
stable_all,0.015,0.01,3,0.42628205128205127
stable_all,0.015,0.02,0,0.25970873786407767
stable_all,0.015,0.02,1,0.47857142857142854
stable_all,0.015,0.02,2,0.6884057971014492
stable_all,0.015,0.02,3,0.42601246105919
stable_all,0.015,0.03,0,0.25943396226415094
stable_all,0.015,0.03,1,0.43333333333333335
stable_all,0.015,0.03,2,0.6833333333333333
stable_all,0.015,0.03,3,0.42656765676567654
stable_all,0.015,0.038538810670601456,0,0.25952380952380955
stable_all,0.015,0.038538810670601456,1,0.43333333333333335
stable_all,0.015,0.038538810670601456,2,0.6822916666666666
stable_all,0.015,0.038538810670601456,3,0.42676767676767674
stable_all,0.015,0.049507997596815526,0,0.25952380952380955
stable_all,0.015,0.049507997596815526,1,0.43124999999999997
stable_all,0.015,0.049507997596815526,2,0.6827956989247311
stable_all,0.015,0.049507997596815526,3,0.4270833333333333
stable_all,0.015,0.06359931153547553,0,0.25961538461538464
stable_all,0.015,0.06359931153547553,1,0.4303030303030303
stable_all,0.015,0.06359931153547553,2,0.6836158192090396
stable_all,0.015,0.06359931153547553,3,0.26098901098901095
stable_all,0.015,0.08170139420154304,0,0.25980392156862747
stable_all,0.015,0.08170139420154304,1,0.446078431372549
stable_all,0.015,0.08170139420154304,2,0.6842105263157894
stable_all,0.015,0.08170139420154304,3,0.26111111111111107
stable_all,0.015,0.10495581875524816,0,0.17687074829931973
stable_all,0.015,0.10495581875524816,1,0.4452380952380952
stable_all,0.015,0.10495581875524816,2,0.6855345911949685
stable_all,0.015,0.10495581875524816,3,0.26136363636363635
stable_all,0.015,0.1348290809262157,0,0.17730496453900707
stable_all,0.015,0.1348290809262157,1,0.4444444444444444
stable_all,0.015,0.1348290809262157,2,0.6858974358974359
stable_all,0.015,0.1348290809262157,3,0.25223499361430396
stable_all,0.015,0.17320508075688773,0,0.17790262172284643
stable_all,0.015,0.17320508075688773,1,0.4444444444444444
stable_all,0.015,0.17320508075688773,2,0.5763888888888888
stable_all,0.015,0.17320508075688773,3,0.25250544662309365
stable_all,0.015,0.2225039271491978,0,0.17916666666666667
stable_all,0.015,0.2225039271491978,1,0.44696969696969696
stable_all,0.015,0.2225039271491978,2,0.5777777777777777
stable_all,0.015,0.2225039271491978,3,0.2529358626919602
stable_all,0.015,0.2858345573956079,0,0.1827956989247312
stable_all,0.015,0.2858345573956079,1,0.4489247311827957
stable_all,0.015,0.2858345573956079,2,0.5793650793650793
stable_all,0.015,0.2858345573956079,3,0.24649122807017546
stable_all,0.015,0.3671907963528168,0,0.1893939393939394
stable_all,0.015,0.3671907963528168,1,0.44189016602809705
stable_all,0.015,0.3671907963528168,2,0.4923076923076923
stable_all,0.015,0.3671907963528168,3,0.24803921568627452
stable_all,0.015,0.47170321935428616,0,0.1923076923076923
stable_all,0.015,0.47170321935428616,1,0.437037037037037
stable_all,0.015,0.47170321935428616,2,0.4767025089605734
stable_all,0.015,0.47170321935428616,3,0.24545454545454545
stable_all,0.015,0.6059627021136009,0,0.1923076923076923
stable_all,0.015,0.6059627021136009,1,0.42727272727272725
stable_all,0.015,0.6059627021136009,2,0.4789272030651341
stable_all,0.015,0.6059627021136009,3,0.24067599067599066
stable_all,0.015,0.778436061673405,0,0.1923076923076923
stable_all,0.015,0.778436061673405,1,0.4152046783625731
stable_all,0.015,0.778436061673405,2,0.4738562091503268
stable_all,0.015,0.778436061673405,3,0.2512820512820513
stable_all,0.015,1.0,0,0.19369369369369369
stable_all,0.015,1.0,1,0.3866028708133971
stable_all,0.015,1.0,2,0.4518272425249169
stable_all,0.015,1.0,3,0.2585139318885449
stable_all,0.015,2.0,0,0.1839080459770115
stable_all,0.015,2.0,1,0.35777777777777775
stable_all,0.015,2.0,2,0.39076479076479076
stable_all,0.015,2.0,3,0.2399267399267399
stable_all,0.015,3.0,0,0.18253968253968253
stable_all,0.015,3.0,1,0.35519713261648744
stable_all,0.015,3.0,2,0.38227513227513227
stable_all,0.015,3.0,3,0.24494949494949494
stable_all,0.015,10.0,0,0.19523809523809524
stable_all,0.015,10.0,1,0.3519931049342814
stable_all,0.015,10.0,2,0.3926218708827404
stable_all,0.015,10.0,3,0.2542857142857143
stable_all,0.02,0.003,0,0.17719298245614035
stable_all,0.02,0.003,1,0.5277777777777778
stable_all,0.02,0.003,2,0.5416666666666666
stable_all,0.02,0.003,3,0.4769759450171821
stable_all,0.02,0.005,0,0.17687074829931973
stable_all,0.02,0.005,1,0.5213675213675213
stable_all,0.02,0.005,2,0.5912698412698412
stable_all,0.02,0.005,3,0.4542483660130719
stable_all,0.02,0.01,0,0.25970873786407767
stable_all,0.02,0.01,1,0.48120300751879697
stable_all,0.02,0.01,2,0.6923076923076923
stable_all,0.02,0.01,3,0.4380053908355795
stable_all,0.02,0.02,0,0.25943396226415094
stable_all,0.02,0.02,1,0.4261974584555229
stable_all,0.02,0.02,2,0.6830601092896175
stable_all,0.02,0.02,3,0.42601246105919
stable_all,0.02,0.03,0,0.2591743119266055
stable_all,0.02,0.03,1,0.42777777777777776
stable_all,0.02,0.03,2,0.6842105263157894
stable_all,0.02,0.03,3,0.42656765676567654
stable_all,0.02,0.038538810670601456,0,0.2590909090909091
stable_all,0.02,0.038538810670601456,1,0.41666666666666663
stable_all,0.02,0.038538810670601456,2,0.6845238095238095
stable_all,0.02,0.038538810670601456,3,0.42676767676767674
stable_all,0.02,0.049507997596815526,0,0.2590909090909091
stable_all,0.02,0.049507997596815526,1,0.4161616161616162
stable_all,0.02,0.049507997596815526,2,0.5178571428571428
stable_all,0.02,0.049507997596815526,3,0.2602040816326531
stable_all,0.02,0.06359931153547553,0,0.2590909090909091
stable_all,0.02,0.06359931153547553,1,0.4161616161616162
stable_all,0.02,0.06359931153547553,2,0.5181818181818182
stable_all,0.02,0.06359931153547553,3,0.26052631578947366
stable_all,0.02,0.08170139420154304,0,0.2591743119266055
stable_all,0.02,0.08170139420154304,1,0.4171952078928823
stable_all,0.02,0.08170139420154304,2,0.4858974358974359
stable_all,0.02,0.08170139420154304,3,0.26098901098901095
stable_all,0.02,0.10495581875524816,0,0.17592592592592593
stable_all,0.02,0.10495581875524816,1,0.4171952078928823
stable_all,0.02,0.10495581875524816,2,0.48518518518518516
stable_all,0.02,0.10495581875524816,3,0.26123595505617975
stable_all,0.02,0.1348290809262157,0,0.1764705882352941
stable_all,0.02,0.1348290809262157,1,0.4238095238095238
stable_all,0.02,0.1348290809262157,2,0.48627450980392156
stable_all,0.02,0.1348290809262157,3,0.27395295467584624
stable_all,0.02,0.17320508075688773,0,0.17708333333333331
stable_all,0.02,0.17320508075688773,1,0.4256410256410256
stable_all,0.02,0.17320508075688773,2,0.48627450980392156
stable_all,0.02,0.17320508075688773,3,0.2621951219512195
stable_all,0.02,0.2225039271491978,0,0.17765567765567764
stable_all,0.02,0.2225039271491978,1,0.427027027027027
stable_all,0.02,0.2225039271491978,2,0.5196078431372548
stable_all,0.02,0.2225039271491978,3,0.2532407407407407
stable_all,0.02,0.2858345573956079,0,0.18115942028985507
stable_all,0.02,0.2858345573956079,1,0.4294117647058823
stable_all,0.02,0.2858345573956079,2,0.48666666666666664
stable_all,0.02,0.2858345573956079,3,0.25482524778299426
stable_all,0.02,0.3671907963528168,0,0.18840579710144928
stable_all,0.02,0.3671907963528168,1,0.432258064516129
stable_all,0.02,0.3671907963528168,2,0.4671717171717171
stable_all,0.02,0.3671907963528168,3,0.24972677595628415
stable_all,0.02,0.47170321935428616,0,0.19298245614035087
stable_all,0.02,0.47170321935428616,1,0.437037037037037
stable_all,0.02,0.47170321935428616,2,0.4700854700854701
stable_all,0.02,0.47170321935428616,3,0.24545454545454545
stable_all,0.02,0.6059627021136009,0,0.1923076923076923
stable_all,0.02,0.6059627021136009,1,0.42727272727272725
stable_all,0.02,0.6059627021136009,2,0.47777777777777775
stable_all,0.02,0.6059627021136009,3,0.24067599067599066
stable_all,0.02,0.778436061673405,0,0.1923076923076923
stable_all,0.02,0.778436061673405,1,0.4152046783625731
stable_all,0.02,0.778436061673405,2,0.4738562091503268
stable_all,0.02,0.778436061673405,3,0.2512820512820513
stable_all,0.02,1.0,0,0.19369369369369369
stable_all,0.02,1.0,1,0.3866028708133971
stable_all,0.02,1.0,2,0.4518272425249169
stable_all,0.02,1.0,3,0.2585139318885449
stable_all,0.02,2.0,0,0.1839080459770115
stable_all,0.02,2.0,1,0.35777777777777775
stable_all,0.02,2.0,2,0.39076479076479076
stable_all,0.02,2.0,3,0.2399267399267399
stable_all,0.02,3.0,0,0.18253968253968253
stable_all,0.02,3.0,1,0.35519713261648744
stable_all,0.02,3.0,2,0.38227513227513227
stable_all,0.02,3.0,3,0.24494949494949494
stable_all,0.02,10.0,0,0.19523809523809524
stable_all,0.02,10.0,1,0.3519230769230769
stable_all,0.02,10.0,2,0.3926218708827404
stable_all,0.02,10.0,3,0.2542857142857143
stable_all,0.025,0.003,0,0.17719298245614035
stable_all,0.025,0.003,1,0.5158730158730158
stable_all,0.025,0.003,2,0.5868055555555556
stable_all,0.025,0.003,3,0.4542483660130719
stable_all,0.025,0.005,0,0.17687074829931973
stable_all,0.025,0.005,1,0.5069444444444444
stable_all,0.025,0.005,2,0.6916666666666667
stable_all,0.025,0.005,3,0.4381868131868132
stable_all,0.025,0.01,0,0.17637540453074432
stable_all,0.025,0.01,1,0.4284221525600836
stable_all,0.025,0.01,2,0.6830601092896175
stable_all,0.025,0.01,3,0.438375350140056
stable_all,0.025,0.02,0,0.17601246105919002
stable_all,0.025,0.02,1,0.4202551834130781
stable_all,0.025,0.02,2,0.6842105263157894
stable_all,0.025,0.02,3,0.4263754045307443
stable_all,0.025,0.03,0,0.2590909090909091
stable_all,0.025,0.03,1,0.41832963784183297
stable_all,0.025,0.03,2,0.6845238095238095
stable_all,0.025,0.03,3,0.42676767676767674
stable_all,0.025,0.038538810670601456,0,0.25900900900900903
stable_all,0.025,0.038538810670601456,1,0.41666666666666663
stable_all,0.025,0.038538810670601456,2,0.5734126984126984
stable_all,0.025,0.038538810670601456,3,0.2602040816326531
stable_all,0.025,0.049507997596815526,0,0.25892857142857145
stable_all,0.025,0.049507997596815526,1,0.4156785243741765
stable_all,0.025,0.049507997596815526,2,0.5178571428571428
stable_all,0.025,0.049507997596815526,3,0.2602040816326531
stable_all,0.025,0.06359931153547553,0,0.17567567567567566
stable_all,0.025,0.06359931153547553,1,0.4161616161616162
stable_all,0.025,0.06359931153547553,2,0.5181818181818182
stable_all,0.025,0.06359931153547553,3,0.2606382978723404
stable_all,0.025,0.08170139420154304,0,0.17584097859327216
stable_all,0.025,0.08170139420154304,1,0.4171952078928823
stable_all,0.025,0.08170139420154304,2,0.48484848484848486
stable_all,0.025,0.08170139420154304,3,0.26136363636363635
stable_all,0.025,0.10495581875524816,0,0.17592592592592593
stable_all,0.025,0.10495581875524816,1,0.4171952078928823
stable_all,0.025,0.10495581875524816,2,0.48452380952380947
stable_all,0.025,0.10495581875524816,3,0.25250544662309365
stable_all,0.025,0.1348290809262157,0,0.1761006289308176
stable_all,0.025,0.1348290809262157,1,0.41832963784183297
stable_all,0.025,0.1348290809262157,2,0.5178571428571428
stable_all,0.025,0.1348290809262157,3,0.24538152610441766
stable_all,0.025,0.17320508075688773,0,0.1764705882352941
stable_all,0.025,0.17320508075688773,1,0.4256410256410256
stable_all,0.025,0.17320508075688773,2,0.5192307692307692
stable_all,0.025,0.17320508075688773,3,0.24599156118143461
stable_all,0.025,0.2225039271491978,0,0.17765567765567764
stable_all,0.025,0.2225039271491978,1,0.427027027027027
stable_all,0.025,0.2225039271491978,2,0.5217391304347826
stable_all,0.025,0.2225039271491978,3,0.24761904761904763
stable_all,0.025,0.2858345573956079,0,0.18036529680365296
stable_all,0.025,0.2858345573956079,1,0.4294117647058823
stable_all,0.025,0.2858345573956079,2,0.5208333333333333
stable_all,0.025,0.2858345573956079,3,0.24972677595628415
stable_all,0.025,0.3671907963528168,0,0.18707482993197277
stable_all,0.025,0.3671907963528168,1,0.4303030303030303
stable_all,0.025,0.3671907963528168,2,0.46770025839793283
stable_all,0.025,0.3671907963528168,3,0.2585978835978836
stable_all,0.025,0.47170321935428616,0,0.19047619047619047
stable_all,0.025,0.47170321935428616,1,0.43448275862068964
stable_all,0.025,0.47170321935428616,2,0.473015873015873
stable_all,0.025,0.47170321935428616,3,0.26247987117552335
stable_all,0.025,0.6059627021136009,0,0.19105691056910568
stable_all,0.025,0.6059627021136009,1,0.42727272727272725
stable_all,0.025,0.6059627021136009,2,0.4767025089605734
stable_all,0.025,0.6059627021136009,3,0.2596491228070176
stable_all,0.025,0.778436061673405,0,0.1923076923076923
stable_all,0.025,0.778436061673405,1,0.4152046783625731
stable_all,0.025,0.778436061673405,2,0.4588744588744589
stable_all,0.025,0.778436061673405,3,0.25243147656940756
stable_all,0.025,1.0,0,0.19369369369369369
stable_all,0.025,1.0,1,0.3866028708133971
stable_all,0.025,1.0,2,0.4518272425249169
stable_all,0.025,1.0,3,0.2585139318885449
stable_all,0.025,2.0,0,0.1839080459770115
stable_all,0.025,2.0,1,0.35777777777777775
stable_all,0.025,2.0,2,0.39076479076479076
stable_all,0.025,2.0,3,0.2399267399267399
stable_all,0.025,3.0,0,0.18253968253968253
stable_all,0.025,3.0,1,0.35519713261648744
stable_all,0.025,3.0,2,0.38227513227513227
stable_all,0.025,3.0,3,0.24494949494949494
stable_all,0.025,10.0,0,0.19523809523809524
stable_all,0.025,10.0,1,0.3519230769230769
stable_all,0.025,10.0,2,0.3926218708827404
stable_all,0.025,10.0,3,0.2542857142857143
stable_all,0.03,0.003,0,0.17687074829931973
stable_all,0.03,0.003,1,0.4841269841269841
stable_all,0.03,0.003,2,0.5818713450292398
stable_all,0.03,0.003,3,0.4542483660130719
stable_all,0.03,0.005,0,0.1764705882352941
stable_all,0.03,0.005,1,0.43097643097643096
stable_all,0.03,0.005,2,0.6851851851851851
stable_all,0.03,0.005,3,0.4380952380952381
stable_all,0.03,0.01,0,0.17619047619047618
stable_all,0.03,0.01,1,0.4233511586452763
stable_all,0.03,0.01,2,0.6836158192090396
stable_all,0.03,0.01,3,0.43888070692194403
stable_all,0.03,0.02,0,0.17559523809523808
stable_all,0.03,0.02,1,0.41774891774891776
stable_all,0.03,0.02,2,0.6855345911949685
stable_all,0.03,0.02,3,0.428030303030303
stable_all,0.03,0.03,0,0.17543859649122806
stable_all,0.03,0.03,1,0.4161616161616162
stable_all,0.03,0.03,2,0.6845238095238095
stable_all,0.03,0.03,3,0.2614942528735632
stable_all,0.03,0.038538810670601456,0,0.1753623188405797
stable_all,0.03,0.038538810670601456,1,0.4156785243741765
stable_all,0.03,0.038538810670601456,2,0.5172413793103448
stable_all,0.03,0.038538810670601456,3,0.2614942528735632
stable_all,0.03,0.049507997596815526,0,0.17543859649122806
stable_all,0.03,0.049507997596815526,1,0.4156785243741765
stable_all,0.03,0.049507997596815526,2,0.482051282051282
stable_all,0.03,0.049507997596815526,3,0.2614942528735632
stable_all,0.03,0.06359931153547553,0,0.17543859649122806
stable_all,0.03,0.06359931153547553,1,0.41666666666666663
stable_all,0.03,0.06359931153547553,2,0.4605734767025089
stable_all,0.03,0.06359931153547553,3,0.2614942528735632
stable_all,0.03,0.08170139420154304,0,0.17559523809523808
stable_all,0.03,0.08170139420154304,1,0.4171952078928823
stable_all,0.03,0.08170139420154304,2,0.46083788706739526
stable_all,0.03,0.08170139420154304,3,0.24482758620689657
stable_all,0.03,0.10495581875524816,0,0.17575757575757575
stable_all,0.03,0.10495581875524816,1,0.4171952078928823
stable_all,0.03,0.10495581875524816,2,0.4619883040935672
stable_all,0.03,0.10495581875524816,3,0.24482758620689657
stable_all,0.03,0.1348290809262157,0,0.17619047619047618
stable_all,0.03,0.1348290809262157,1,0.424390243902439
stable_all,0.03,0.1348290809262157,2,0.44581280788177335
stable_all,0.03,0.1348290809262157,3,0.24538152610441766
stable_all,0.03,0.17320508075688773,0,0.17676767676767677
stable_all,0.03,0.17320508075688773,1,0.4256410256410256
stable_all,0.03,0.17320508075688773,2,0.44675324675324674
stable_all,0.03,0.17320508075688773,3,0.24599156118143461
stable_all,0.03,0.2225039271491978,0,0.17765567765567764
stable_all,0.03,0.2225039271491978,1,0.427027027027027
stable_all,0.03,0.2225039271491978,2,0.48707482993197276
stable_all,0.03,0.2225039271491978,3,0.24782608695652175
stable_all,0.03,0.2858345573956079,0,0.17982456140350878
stable_all,0.03,0.2858345573956079,1,0.4294117647058823
stable_all,0.03,0.2858345573956079,2,0.5232558139534884
stable_all,0.03,0.2858345573956079,3,0.24972677595628415
stable_all,0.03,0.3671907963528168,0,0.18553459119496854
stable_all,0.03,0.3671907963528168,1,0.4303030303030303
stable_all,0.03,0.3671907963528168,2,0.5263157894736842
stable_all,0.03,0.3671907963528168,3,0.25925925925925924
stable_all,0.03,0.47170321935428616,0,0.1893939393939394
stable_all,0.03,0.47170321935428616,1,0.4284221525600836
stable_all,0.03,0.47170321935428616,2,0.53125
stable_all,0.03,0.47170321935428616,3,0.2639965546942291
stable_all,0.03,0.6059627021136009,0,0.19047619047619047
stable_all,0.03,0.6059627021136009,1,0.42337164750957856
stable_all,0.03,0.6059627021136009,2,0.5011494252873563
stable_all,0.03,0.6059627021136009,3,0.2596491228070176
stable_all,0.03,0.778436061673405,0,0.19105691056910568
stable_all,0.03,0.778436061673405,1,0.4145299145299145
stable_all,0.03,0.778436061673405,2,0.49696969696969695
stable_all,0.03,0.778436061673405,3,0.25555555555555554
stable_all,0.03,1.0,0,0.19298245614035087
stable_all,0.03,1.0,1,0.38262322472848787
stable_all,0.03,1.0,2,0.4657210401891253
stable_all,0.03,1.0,3,0.25633528265107214
stable_all,0.03,2.0,0,0.1839080459770115
stable_all,0.03,2.0,1,0.35777777777777775
stable_all,0.03,2.0,2,0.39076479076479076
stable_all,0.03,2.0,3,0.2399267399267399
stable_all,0.03,3.0,0,0.18253968253968253
stable_all,0.03,3.0,1,0.35519713261648744
stable_all,0.03,3.0,2,0.38227513227513227
stable_all,0.03,3.0,3,0.24494949494949494
stable_all,0.03,10.0,0,0.19523809523809524
stable_all,0.03,10.0,1,0.3519230769230769
stable_all,0.03,10.0,2,0.3926218708827404
stable_all,0.03,10.0,3,0.2542857142857143
stable_all,0.035,0.003,0,0.17687074829931973
stable_all,0.035,0.003,1,0.43846153846153846
stable_all,0.035,0.003,2,0.5751633986928104
stable_all,0.035,0.003,3,0.4380952380952381
stable_all,0.035,0.005,0,0.17656765676567657
stable_all,0.035,0.005,1,0.44312169312169314
stable_all,0.035,0.005,2,0.6851851851851851
stable_all,0.035,0.005,3,0.43857142857142856
stable_all,0.035,0.01,0,0.17592592592592593
stable_all,0.035,0.01,1,0.42777777777777776
stable_all,0.035,0.01,2,0.6855345911949685
stable_all,0.035,0.01,3,0.43944099378881984
stable_all,0.035,0.02,0,0.17551622418879054
stable_all,0.035,0.02,1,0.41893939393939394
stable_all,0.035,0.02,2,0.5149253731343284
stable_all,0.035,0.02,3,0.42719298245614035
stable_all,0.035,0.03,0,0.17528735632183906
stable_all,0.035,0.03,1,0.4161616161616162
stable_all,0.035,0.03,2,0.45936981757877277
stable_all,0.035,0.03,3,0.2511574074074074
stable_all,0.035,0.038538810670601456,0,0.1753623188405797
stable_all,0.035,0.038538810670601456,1,0.41666666666666663
stable_all,0.035,0.038538810670601456,2,0.4598290598290598
stable_all,0.035,0.038538810670601456,3,0.24385964912280703
stable_all,0.035,0.049507997596815526,0,0.17528735632183906
stable_all,0.035,0.049507997596815526,1,0.4152159896840748
stable_all,0.035,0.049507997596815526,2,0.4603174603174603
stable_all,0.035,0.049507997596815526,3,0.24408602150537634
stable_all,0.035,0.06359931153547553,0,0.1753623188405797
stable_all,0.035,0.06359931153547553,1,0.4152159896840748
stable_all,0.035,0.06359931153547553,2,0.4611111111111111
stable_all,0.035,0.06359931153547553,3,0.24420289855072463
stable_all,0.035,0.08170139420154304,0,0.17543859649122806
stable_all,0.035,0.08170139420154304,1,0.41666666666666663
stable_all,0.035,0.08170139420154304,2,0.4613935969868173
stable_all,0.035,0.08170139420154304,3,0.24432234432234431
stable_all,0.035,0.10495581875524816,0,0.17551622418879054
stable_all,0.035,0.10495581875524816,1,0.41832963784183297
stable_all,0.035,0.10495581875524816,2,0.46230158730158727
stable_all,0.035,0.10495581875524816,3,0.2450980392156863
stable_all,0.035,0.1348290809262157,0,0.17584097859327216
stable_all,0.035,0.1348290809262157,1,0.4256410256410256
stable_all,0.035,0.1348290809262157,2,0.46230158730158727
stable_all,0.035,0.1348290809262157,3,0.24567901234567902
stable_all,0.035,0.17320508075688773,0,0.17676767676767677
stable_all,0.035,0.17320508075688773,1,0.4256410256410256
stable_all,0.035,0.17320508075688773,2,0.4626262626262626
stable_all,0.035,0.17320508075688773,3,0.24632034632034633
stable_all,0.035,0.2225039271491978,0,0.17765567765567764
stable_all,0.035,0.2225039271491978,1,0.427027027027027
stable_all,0.035,0.2225039271491978,2,0.48627450980392156
stable_all,0.035,0.2225039271491978,3,0.24825870646766168
stable_all,0.035,0.2858345573956079,0,0.18018018018018017
stable_all,0.035,0.2858345573956079,1,0.427027027027027
stable_all,0.035,0.2858345573956079,2,0.5208333333333333
stable_all,0.035,0.2858345573956079,3,0.25713418336369154
stable_all,0.035,0.3671907963528168,0,0.18553459119496854
stable_all,0.035,0.3671907963528168,1,0.42096642096642095
stable_all,0.035,0.3671907963528168,2,0.524390243902439
stable_all,0.035,0.3671907963528168,3,0.2589225589225589
stable_all,0.035,0.47170321935428616,0,0.1879432624113475
stable_all,0.035,0.47170321935428616,1,0.4211469534050179
stable_all,0.035,0.47170321935428616,2,0.5277777777777778
stable_all,0.035,0.47170321935428616,3,0.2717391304347826
stable_all,0.035,0.6059627021136009,0,0.18992248062015504
stable_all,0.035,0.6059627021136009,1,0.4109311740890688
stable_all,0.035,0.6059627021136009,2,0.5333333333333333
stable_all,0.035,0.6059627021136009,3,0.2657407407407407
stable_all,0.035,0.778436061673405,0,0.19105691056910568
stable_all,0.035,0.778436061673405,1,0.4005050505050505
stable_all,0.035,0.778436061673405,2,0.53125
stable_all,0.035,0.778436061673405,3,0.24825174825174823
stable_all,0.035,1.0,0,0.19166666666666665
stable_all,0.035,1.0,1,0.37666666666666665
stable_all,0.035,1.0,2,0.4879432624113475
stable_all,0.035,1.0,3,0.2585139318885449
stable_all,0.035,2.0,0,0.1839080459770115
stable_all,0.035,2.0,1,0.35777777777777775
stable_all,0.035,2.0,2,0.39076479076479076
stable_all,0.035,2.0,3,0.2399267399267399
stable_all,0.035,3.0,0,0.18253968253968253
stable_all,0.035,3.0,1,0.35519713261648744
stable_all,0.035,3.0,2,0.38227513227513227
stable_all,0.035,3.0,3,0.24494949494949494
stable_all,0.035,10.0,0,0.19523809523809524
stable_all,0.035,10.0,1,0.3519230769230769
stable_all,0.035,10.0,2,0.3926218708827404
stable_all,0.035,10.0,3,0.2542857142857143
stable_all,0.04,0.003,0,0.17656765676567657
stable_all,0.04,0.003,1,0.4444444444444444
stable_all,0.04,0.003,2,0.5763888888888888
stable_all,0.04,0.003,3,0.43847241867043846
stable_all,0.04,0.005,0,0.1764705882352941
stable_all,0.04,0.005,1,0.43966547192353644
stable_all,0.04,0.005,2,0.6870748299319728
stable_all,0.04,0.005,3,0.43888070692194403
stable_all,0.04,0.01,0,0.17575757575757575
stable_all,0.04,0.01,1,0.4202551834130781
stable_all,0.04,0.01,2,0.4629629629629629
stable_all,0.04,0.01,3,0.4387755102040816
stable_all,0.04,0.02,0,0.1753623188405797
stable_all,0.04,0.02,1,0.41666666666666663
stable_all,0.04,0.02,2,0.45936981757877277
stable_all,0.04,0.02,3,0.26
stable_all,0.04,0.03,0,0.17528735632183906
stable_all,0.04,0.03,1,0.4171952078928823
stable_all,0.04,0.03,2,0.4818181818181818
stable_all,0.04,0.03,3,0.26
stable_all,0.04,0.038538810670601456,0,0.1753623188405797
stable_all,0.04,0.038538810670601456,1,0.4171952078928823
stable_all,0.04,0.038538810670601456,2,0.4600694444444444
stable_all,0.04,0.038538810670601456,3,0.2507407407407407
stable_all,0.04,0.049507997596815526,0,0.17528735632183906
stable_all,0.04,0.049507997596815526,1,0.4106280193236715
stable_all,0.04,0.049507997596815526,2,0.4603174603174603
stable_all,0.04,0.049507997596815526,3,0.2507407407407407
stable_all,0.04,0.06359931153547553,0,0.17528735632183906
stable_all,0.04,0.06359931153547553,1,0.4097222222222222
stable_all,0.04,0.06359931153547553,2,0.46083788706739526
stable_all,0.04,0.06359931153547553,3,0.24375
stable_all,0.04,0.08170139420154304,0,0.17543859649122806
stable_all,0.04,0.08170139420154304,1,0.409297052154195
stable_all,0.04,0.08170139420154304,2,0.4449648711943794
stable_all,0.04,0.08170139420154304,3,0.24397163120567375
stable_all,0.04,0.10495581875524816,0,0.17543859649122806
stable_all,0.04,0.10495581875524816,1,0.4097222222222222
stable_all,0.04,0.10495581875524816,2,0.4616858237547893
stable_all,0.04,0.10495581875524816,3,0.2446969696969697
stable_all,0.04,0.1348290809262157,0,0.17575757575757575
stable_all,0.04,0.1348290809262157,1,0.4097222222222222
stable_all,0.04,0.1348290809262157,2,0.4842105263157894
stable_all,0.04,0.1348290809262157,3,0.2450980392156863
stable_all,0.04,0.17320508075688773,0,0.17637540453074432
stable_all,0.04,0.17320508075688773,1,0.4101654846335697
stable_all,0.04,0.17320508075688773,2,0.48518518518518516
stable_all,0.04,0.17320508075688773,3,0.24649122807017546
stable_all,0.04,0.2225039271491978,0,0.17753623188405795
stable_all,0.04,0.2225039271491978,1,0.4106280193236715
stable_all,0.04,0.2225039271491978,2,0.48518518518518516
stable_all,0.04,0.2225039271491978,3,0.24782608695652175
stable_all,0.04,0.2858345573956079,0,0.18036529680365296
stable_all,0.04,0.2858345573956079,1,0.4111111111111111
stable_all,0.04,0.2858345573956079,2,0.48707482993197276
stable_all,0.04,0.2858345573956079,3,0.25028248587570623
stable_all,0.04,0.3671907963528168,0,0.1839080459770115
stable_all,0.04,0.3671907963528168,1,0.4132791327913279
stable_all,0.04,0.3671907963528168,2,0.5227272727272727
stable_all,0.04,0.3671907963528168,3,0.25960866526904264
stable_all,0.04,0.47170321935428616,0,0.18666666666666665
stable_all,0.04,0.47170321935428616,1,0.41025641025641024
stable_all,0.04,0.47170321935428616,2,0.5277777777777778
stable_all,0.04,0.47170321935428616,3,0.2708333333333333
stable_all,0.04,0.6059627021136009,0,0.1879432624113475
stable_all,0.04,0.6059627021136009,1,0.4042081949058693
stable_all,0.04,0.6059627021136009,2,0.5285714285714286
stable_all,0.04,0.6059627021136009,3,0.2639965546942291
stable_all,0.04,0.778436061673405,0,0.18992248062015504
stable_all,0.04,0.778436061673405,1,0.39738562091503266
stable_all,0.04,0.778436061673405,2,0.5277777777777778
stable_all,0.04,0.778436061673405,3,0.24652014652014653
stable_all,0.04,1.0,0,0.19105691056910568
stable_all,0.04,1.0,1,0.3738997321086873
stable_all,0.04,1.0,2,0.48666666666666664
stable_all,0.04,1.0,3,0.2535014005602241
stable_all,0.04,2.0,0,0.1839080459770115
stable_all,0.04,2.0,1,0.35777777777777775
stable_all,0.04,2.0,2,0.39076479076479076
stable_all,0.04,2.0,3,0.2399267399267399
stable_all,0.04,3.0,0,0.18253968253968253
stable_all,0.04,3.0,1,0.35519713261648744
stable_all,0.04,3.0,2,0.38227513227513227
stable_all,0.04,3.0,3,0.24494949494949494
stable_all,0.04,10.0,0,0.19523809523809524
stable_all,0.04,10.0,1,0.3519230769230769
stable_all,0.04,10.0,2,0.3926218708827404
stable_all,0.04,10.0,3,0.2542857142857143
stable_all,0.045,0.003,0,0.17656765676567657
stable_all,0.045,0.003,1,0.4511494252873563
stable_all,0.045,0.003,2,0.44897959183673464
stable_all,0.045,0.003,3,0.43847241867043846
stable_all,0.045,0.005,0,0.17637540453074432
stable_all,0.045,0.005,1,0.42777777777777776
stable_all,0.045,0.005,2,0.44817927170868344
stable_all,0.045,0.005,3,0.43857142857142856
stable_all,0.045,0.01,0,0.17575757575757575
stable_all,0.045,0.01,1,0.4195804195804196
stable_all,0.045,0.01,2,0.4613935969868173
stable_all,0.045,0.01,3,0.43847241867043846
stable_all,0.045,0.02,0,0.17551622418879054
stable_all,0.045,0.02,1,0.4161616161616162
stable_all,0.045,0.02,2,0.4449648711943794
stable_all,0.045,0.02,3,0.25970873786407767
stable_all,0.045,0.03,0,0.17543859649122806
stable_all,0.045,0.03,1,0.4101654846335697
stable_all,0.045,0.03,2,0.44470046082949305
stable_all,0.045,0.03,3,0.2504494786048184
stable_all,0.045,0.038538810670601456,0,0.1753623188405797
stable_all,0.045,0.038538810670601456,1,0.4101654846335697
stable_all,0.045,0.038538810670601456,2,0.44419642857142855
stable_all,0.045,0.038538810670601456,3,0.2504494786048184
stable_all,0.045,0.049507997596815526,0,0.1753623188405797
stable_all,0.045,0.049507997596815526,1,0.4101654846335697
stable_all,0.045,0.049507997596815526,2,0.4444444444444444
stable_all,0.045,0.049507997596815526,3,0.24323432343234325
stable_all,0.045,0.06359931153547553,0,0.17543859649122806
stable_all,0.045,0.06359931153547553,1,0.4101654846335697
stable_all,0.045,0.06359931153547553,2,0.4449648711943794
stable_all,0.045,0.06359931153547553,3,0.2436426116838488
stable_all,0.045,0.08170139420154304,0,0.17551622418879054
stable_all,0.045,0.08170139420154304,1,0.4097222222222222
stable_all,0.045,0.08170139420154304,2,0.4611111111111111
stable_all,0.045,0.08170139420154304,3,0.24385964912280703
stable_all,0.045,0.10495581875524816,0,0.17551622418879054
stable_all,0.045,0.10495581875524816,1,0.40544871794871795
stable_all,0.045,0.10495581875524816,2,0.4619883040935672
stable_all,0.045,0.10495581875524816,3,0.24444444444444444
stable_all,0.045,0.1348290809262157,0,0.17601246105919002
stable_all,0.045,0.1348290809262157,1,0.4097222222222222
stable_all,0.045,0.1348290809262157,2,0.4619883040935672
stable_all,0.045,0.1348290809262157,3,0.2450980392156863
stable_all,0.045,0.17320508075688773,0,0.17666666666666667
stable_all,0.045,0.17320508075688773,1,0.4097222222222222
stable_all,0.045,0.17320508075688773,2,0.46230158730158727
stable_all,0.045,0.17320508075688773,3,0.24567901234567902
stable_all,0.045,0.2225039271491978,0,0.17777777777777776
stable_all,0.045,0.2225039271491978,1,0.4101654846335697
stable_all,0.045,0.2225039271491978,2,0.4636752136752137
stable_all,0.045,0.2225039271491978,3,0.24615384615384617
stable_all,0.045,0.2858345573956079,0,0.1807511737089202
stable_all,0.045,0.2858345573956079,1,0.4116161616161616
stable_all,0.045,0.2858345573956079,2,0.4671717171717171
stable_all,0.045,0.2858345573956079,3,0.24825870646766168
stable_all,0.045,0.3671907963528168,0,0.18361581920903955
stable_all,0.045,0.3671907963528168,1,0.407871198568873
stable_all,0.045,0.3671907963528168,2,0.4923076923076923
stable_all,0.045,0.3671907963528168,3,0.2511904761904762
stable_all,0.045,0.47170321935428616,0,0.18518518518518517
stable_all,0.045,0.47170321935428616,1,0.4090056285178236
stable_all,0.045,0.47170321935428616,2,0.49523809523809526
stable_all,0.045,0.47170321935428616,3,0.26034858387799564
stable_all,0.045,0.6059627021136009,0,0.18707482993197277
stable_all,0.045,0.6059627021136009,1,0.40589198036006546
stable_all,0.045,0.6059627021136009,2,0.49444444444444446
stable_all,0.045,0.6059627021136009,3,0.25606060606060604
stable_all,0.045,0.778436061673405,0,0.1879432624113475
stable_all,0.045,0.778436061673405,1,0.38649940262843485
stable_all,0.045,0.778436061673405,2,0.49369369369369365
stable_all,0.045,0.778436061673405,3,0.24924924924924924
stable_all,0.045,1.0,0,0.1893939393939394
stable_all,0.045,1.0,1,0.37492537313432833
stable_all,0.045,1.0,2,0.48666666666666664
stable_all,0.045,1.0,3,0.25181159420289856
stable_all,0.045,2.0,0,0.1839080459770115
stable_all,0.045,2.0,1,0.357536231884058
stable_all,0.045,2.0,2,0.394110275689223
stable_all,0.045,2.0,3,0.2399267399267399
stable_all,0.045,3.0,0,0.18253968253968253
stable_all,0.045,3.0,1,0.35519713261648744
stable_all,0.045,3.0,2,0.38227513227513227
stable_all,0.045,3.0,3,0.24494949494949494
stable_all,0.045,10.0,0,0.19523809523809524
stable_all,0.045,10.0,1,0.3519230769230769
stable_all,0.045,10.0,2,0.3926218708827404
stable_all,0.045,10.0,3,0.2542857142857143
stable_all,0.05,0.003,0,0.17656765676567657
stable_all,0.05,0.003,1,0.43966547192353644
stable_all,0.05,0.003,2,0.4512987012987013
stable_all,0.05,0.003,3,0.4380952380952381
stable_all,0.05,0.005,0,0.17637540453074432
stable_all,0.05,0.005,1,0.43966547192353644
stable_all,0.05,0.005,2,0.44780219780219777
stable_all,0.05,0.005,3,0.4381868131868132
stable_all,0.05,0.01,0,0.17575757575757575
stable_all,0.05,0.01,1,0.41774891774891776
stable_all,0.05,0.01,2,0.4616858237547893
stable_all,0.05,0.01,3,0.2713387241689128
stable_all,0.05,0.02,0,0.17551622418879054
stable_all,0.05,0.02,1,0.4106280193236715
stable_all,0.05,0.02,2,0.4449648711943794
stable_all,0.05,0.02,3,0.2596153846153846
stable_all,0.05,0.03,0,0.1753623188405797
stable_all,0.05,0.03,1,0.4101654846335697
stable_all,0.05,0.03,2,0.4449648711943794
stable_all,0.05,0.03,3,0.25035612535612534
stable_all,0.05,0.038538810670601456,0,0.17543859649122806
stable_all,0.05,0.038538810670601456,1,0.4101654846335697
stable_all,0.05,0.038538810670601456,2,0.43279569892473113
stable_all,0.05,0.038538810670601456,3,0.2504494786048184
stable_all,0.05,0.049507997596815526,0,0.17551622418879054
stable_all,0.05,0.049507997596815526,1,0.4097222222222222
stable_all,0.05,0.049507997596815526,2,0.43306010928961747
stable_all,0.05,0.049507997596815526,3,0.25094482237339377
stable_all,0.05,0.06359931153547553,0,0.17551622418879054
stable_all,0.05,0.06359931153547553,1,0.4097222222222222
stable_all,0.05,0.06359931153547553,2,0.43333333333333335
stable_all,0.05,0.06359931153547553,3,0.24375
stable_all,0.05,0.08170139420154304,0,0.17551622418879054
stable_all,0.05,0.08170139420154304,1,0.4097222222222222
stable_all,0.05,0.08170139420154304,2,0.43333333333333335
stable_all,0.05,0.08170139420154304,3,0.24397163120567375
stable_all,0.05,0.10495581875524816,0,0.17559523809523808
stable_all,0.05,0.10495581875524816,1,0.4097222222222222
stable_all,0.05,0.10495581875524816,2,0.4336158192090395
stable_all,0.05,0.10495581875524816,3,0.24432234432234431
stable_all,0.05,0.1348290809262157,0,0.17567567567567566
stable_all,0.05,0.1348290809262157,1,0.4101654846335697
stable_all,0.05,0.1348290809262157,2,0.4339080459770115
stable_all,0.05,0.1348290809262157,3,0.24432234432234431
stable_all,0.05,0.17320508075688773,0,0.17676767676767677
stable_all,0.05,0.17320508075688773,1,0.4156785243741765
stable_all,0.05,0.17320508075688773,2,0.4348484848484848
stable_all,0.05,0.17320508075688773,3,0.24482758620689657
stable_all,0.05,0.2225039271491978,0,0.17777777777777776
stable_all,0.05,0.2225039271491978,1,0.4156785243741765
stable_all,0.05,0.2225039271491978,2,0.4657210401891253
stable_all,0.05,0.2225039271491978,3,0.24496124031007752
stable_all,0.05,0.2858345573956079,0,0.18036529680365296
stable_all,0.05,0.2858345573956079,1,0.4106280193236715
stable_all,0.05,0.2858345573956079,2,0.46944444444444444
stable_all,0.05,0.2858345573956079,3,0.24684684684684685
stable_all,0.05,0.3671907963528168,0,0.18306010928961747
stable_all,0.05,0.3671907963528168,1,0.4063545150501672
stable_all,0.05,0.3671907963528168,2,0.4722222222222222
stable_all,0.05,0.3671907963528168,3,0.24972677595628415
stable_all,0.05,0.47170321935428616,0,0.18421052631578946
stable_all,0.05,0.47170321935428616,1,0.39951690821256036
stable_all,0.05,0.47170321935428616,2,0.49696969696969695
stable_all,0.05,0.47170321935428616,3,0.24512987012987011
stable_all,0.05,0.6059627021136009,0,0.1845238095238095
stable_all,0.05,0.6059627021136009,1,0.40348330914368646
stable_all,0.05,0.6059627021136009,2,0.49523809523809526
stable_all,0.05,0.6059627021136009,3,0.25507246376811593
stable_all,0.05,0.778436061673405,0,0.18627450980392157
stable_all,0.05,0.778436061673405,1,0.38070436507936506
stable_all,0.05,0.778436061673405,2,0.49298245614035086
stable_all,0.05,0.778436061673405,3,0.2535885167464115
stable_all,0.05,1.0,0,0.18888888888888888
stable_all,0.05,1.0,1,0.3734671125975474
stable_all,0.05,1.0,2,0.48707482993197276
stable_all,0.05,1.0,3,0.2542857142857143
stable_all,0.05,2.0,0,0.18361581920903955
stable_all,0.05,2.0,1,0.357536231884058
stable_all,0.05,2.0,2,0.40187590187590183
stable_all,0.05,2.0,3,0.2399267399267399
stable_all,0.05,3.0,0,0.18253968253968253
stable_all,0.05,3.0,1,0.35519713261648744
stable_all,0.05,3.0,2,0.38227513227513227
stable_all,0.05,3.0,3,0.24494949494949494
stable_all,0.05,10.0,0,0.19523809523809524
stable_all,0.05,10.0,1,0.3519230769230769
stable_all,0.05,10.0,2,0.3926218708827404
stable_all,0.05,10.0,3,0.2542857142857143
stable_all,0.055,0.003,0,0.1764705882352941
stable_all,0.055,0.003,1,0.44999999999999996
stable_all,0.055,0.003,2,0.4518272425249169
stable_all,0.055,0.003,3,0.43956043956043955
stable_all,0.055,0.005,0,0.17601246105919002
stable_all,0.055,0.005,1,0.4294117647058823
stable_all,0.055,0.005,2,0.44857142857142857
stable_all,0.055,0.005,3,0.438375350140056
stable_all,0.055,0.01,0,0.17551622418879054
stable_all,0.055,0.01,1,0.42272727272727273
stable_all,0.055,0.01,2,0.4351851851851852
stable_all,0.055,0.01,3,0.27125055629728523
stable_all,0.055,0.02,0,0.17551622418879054
stable_all,0.055,0.02,1,0.4101654846335697
stable_all,0.055,0.02,2,0.4449648711943794
stable_all,0.055,0.02,3,0.25026455026455025
stable_all,0.055,0.03,0,0.17551622418879054
stable_all,0.055,0.03,1,0.4046153846153846
stable_all,0.055,0.03,2,0.43306010928961747
stable_all,0.055,0.03,3,0.2504494786048184
stable_all,0.055,0.038538810670601456,0,0.17551622418879054
stable_all,0.055,0.038538810670601456,1,0.4005602240896358
stable_all,0.055,0.038538810670601456,2,0.43333333333333335
stable_all,0.055,0.038538810670601456,3,0.24333333333333335
stable_all,0.055,0.049507997596815526,0,0.17551622418879054
stable_all,0.055,0.049507997596815526,1,0.4005602240896358
stable_all,0.055,0.049507997596815526,2,0.43279569892473113
stable_all,0.055,0.049507997596815526,3,0.2435374149659864
stable_all,0.055,0.06359931153547553,0,0.17559523809523808
stable_all,0.055,0.06359931153547553,1,0.4013605442176871
stable_all,0.055,0.06359931153547553,2,0.43333333333333335
stable_all,0.055,0.06359931153547553,3,0.24375
stable_all,0.055,0.08170139420154304,0,0.17567567567567566
stable_all,0.055,0.08170139420154304,1,0.4013605442176871
stable_all,0.055,0.08170139420154304,2,0.4336158192090395
stable_all,0.055,0.08170139420154304,3,0.24385964912280703
stable_all,0.055,0.10495581875524816,0,0.17567567567567566
stable_all,0.055,0.10495581875524816,1,0.4013605442176871
stable_all,0.055,0.10495581875524816,2,0.4336158192090395
stable_all,0.055,0.10495581875524816,3,0.24375
stable_all,0.055,0.1348290809262157,0,0.17584097859327216
stable_all,0.055,0.1348290809262157,1,0.4013605442176871
stable_all,0.055,0.1348290809262157,2,0.43452380952380953
stable_all,0.055,0.1348290809262157,3,0.24408602150537634
stable_all,0.055,0.17320508075688773,0,0.17687074829931973
stable_all,0.055,0.17320508075688773,1,0.4013605442176871
stable_all,0.055,0.17320508075688773,2,0.4351851851851852
stable_all,0.055,0.17320508075688773,3,0.2446969696969697
stable_all,0.055,0.2225039271491978,0,0.17790262172284643
stable_all,0.055,0.2225039271491978,1,0.40095238095238095
stable_all,0.055,0.2225039271491978,2,0.45079365079365075
stable_all,0.055,0.2225039271491978,3,0.2450980392156863
stable_all,0.055,0.2858345573956079,0,0.18055555555555555
stable_all,0.055,0.2858345573956079,1,0.40095238095238095
stable_all,0.055,0.2858345573956079,2,0.47147147147147145
stable_all,0.055,0.2858345573956079,3,0.24632034632034633
stable_all,0.055,0.3671907963528168,0,0.18253968253968253
stable_all,0.055,0.3671907963528168,1,0.4017857142857143
stable_all,0.055,0.3671907963528168,2,0.4756944444444444
stable_all,0.055,0.3671907963528168,3,0.24782608695652175
stable_all,0.055,0.47170321935428616,0,0.1845238095238095
stable_all,0.055,0.47170321935428616,1,0.4005602240896358
stable_all,0.055,0.47170321935428616,2,0.49696969696969695
stable_all,0.055,0.47170321935428616,3,0.23888888888888887
stable_all,0.055,0.6059627021136009,0,0.18333333333333332
stable_all,0.055,0.6059627021136009,1,0.3922413793103448
stable_all,0.055,0.6059627021136009,2,0.49444444444444446
stable_all,0.055,0.6059627021136009,3,0.24263038548752833
stable_all,0.055,0.778436061673405,0,0.18553459119496854
stable_all,0.055,0.778436061673405,1,0.3877005347593583
stable_all,0.055,0.778436061673405,2,0.49298245614035086
stable_all,0.055,0.778436061673405,3,0.2472222222222222
stable_all,0.055,1.0,0,0.18707482993197277
stable_all,0.055,1.0,1,0.37122736418511065
stable_all,0.055,1.0,2,0.48666666666666664
stable_all,0.055,1.0,3,0.25274725274725274
stable_all,0.055,2.0,0,0.18361581920903955
stable_all,0.055,2.0,1,0.35643826547500823
stable_all,0.055,2.0,2,0.4128205128205128
stable_all,0.055,2.0,3,0.24572649572649571
stable_all,0.055,3.0,0,0.18253968253968253
stable_all,0.055,3.0,1,0.35519713261648744
stable_all,0.055,3.0,2,0.38227513227513227
stable_all,0.055,3.0,3,0.24494949494949494
stable_all,0.055,10.0,0,0.19523809523809524
stable_all,0.055,10.0,1,0.3519230769230769
stable_all,0.055,10.0,2,0.3926218708827404
stable_all,0.055,10.0,3,0.2542857142857143
stable_all,0.06,0.003,0,0.17559523809523808
stable_all,0.06,0.003,1,0.4489247311827957
stable_all,0.06,0.003,2,0.44897959183673464
stable_all,0.06,0.003,3,0.43898809523809523
stable_all,0.06,0.005,0,0.17559523809523808
stable_all,0.06,0.005,1,0.4351851851851852
stable_all,0.06,0.005,2,0.45031055900621114
stable_all,0.06,0.005,3,0.2724310776942356
stable_all,0.06,0.01,0,0.17559523809523808
stable_all,0.06,0.01,1,0.42777777777777776
stable_all,0.06,0.01,2,0.4358974358974359
stable_all,0.06,0.01,3,0.27161349976883953
stable_all,0.06,0.02,0,0.17551622418879054
stable_all,0.06,0.02,1,0.40888888888888886
stable_all,0.06,0.02,2,0.43333333333333335
stable_all,0.06,0.02,3,0.2504494786048184
stable_all,0.06,0.03,0,0.17551622418879054
stable_all,0.06,0.03,1,0.4005602240896358
stable_all,0.06,0.03,2,0.43229166666666663
stable_all,0.06,0.03,3,0.243042071197411
stable_all,0.06,0.038538810670601456,0,0.17559523809523808
stable_all,0.06,0.038538810670601456,1,0.40018315018315015
stable_all,0.06,0.038538810670601456,2,0.43279569892473113
stable_all,0.06,0.038538810670601456,3,0.24294871794871795
stable_all,0.06,0.049507997596815526,0,0.17559523809523808
stable_all,0.06,0.049507997596815526,1,0.3994708994708994
stable_all,0.06,0.049507997596815526,2,0.43306010928961747
stable_all,0.06,0.049507997596815526,3,0.24294871794871795
stable_all,0.06,0.06359931153547553,0,0.17575757575757575
stable_all,0.06,0.06359931153547553,1,0.3988095238095238
stable_all,0.06,0.06359931153547553,2,0.43333333333333335
stable_all,0.06,0.06359931153547553,3,0.24294871794871795
stable_all,0.06,0.08170139420154304,0,0.17575757575757575
stable_all,0.06,0.08170139420154304,1,0.3981937602627258
stable_all,0.06,0.08170139420154304,2,0.4336158192090395
stable_all,0.06,0.08170139420154304,3,0.243042071197411
stable_all,0.06,0.10495581875524816,0,0.17575757575757575
stable_all,0.06,0.10495581875524816,1,0.3981937602627258
stable_all,0.06,0.10495581875524816,2,0.4336158192090395
stable_all,0.06,0.10495581875524816,3,0.24323432343234325
stable_all,0.06,0.1348290809262157,0,0.17592592592592593
stable_all,0.06,0.1348290809262157,1,0.3981937602627258
stable_all,0.06,0.1348290809262157,2,0.43452380952380953
stable_all,0.06,0.1348290809262157,3,0.24333333333333335
stable_all,0.06,0.17320508075688773,0,0.17719298245614035
stable_all,0.06,0.17320508075688773,1,0.3991341991341991
stable_all,0.06,0.17320508075688773,2,0.4358974358974359
stable_all,0.06,0.17320508075688773,3,0.24408602150537634
stable_all,0.06,0.2225039271491978,0,0.17790262172284643
stable_all,0.06,0.2225039271491978,1,0.4005602240896358
stable_all,0.06,0.2225039271491978,2,0.4410569105691057
stable_all,0.06,0.2225039271491978,3,0.24444444444444444
stable_all,0.06,0.2858345573956079,0,0.17965367965367965
stable_all,0.06,0.2858345573956079,1,0.40095238095238095
stable_all,0.06,0.2858345573956079,2,0.4548872180451128
stable_all,0.06,0.2858345573956079,3,0.24583333333333335
stable_all,0.06,0.3671907963528168,0,0.18205128205128204
stable_all,0.06,0.3671907963528168,1,0.40095238095238095
stable_all,0.06,0.3671907963528168,2,0.4588744588744589
stable_all,0.06,0.3671907963528168,3,0.24782608695652175
stable_all,0.06,0.47170321935428616,0,0.1845238095238095
stable_all,0.06,0.47170321935428616,1,0.397008547008547
stable_all,0.06,0.47170321935428616,2,0.49607843137254903
stable_all,0.06,0.47170321935428616,3,0.23888888888888887
stable_all,0.06,0.6059627021136009,0,0.18361581920903955
stable_all,0.06,0.6059627021136009,1,0.3922413793103448
stable_all,0.06,0.6059627021136009,2,0.4923076923076923
stable_all,0.06,0.6059627021136009,3,0.23755656108597284
stable_all,0.06,0.778436061673405,0,0.1845238095238095
stable_all,0.06,0.778436061673405,1,0.39087301587301587
stable_all,0.06,0.778436061673405,2,0.4923076923076923
stable_all,0.06,0.778436061673405,3,0.24661246612466123
stable_all,0.06,1.0,0,0.18627450980392157
stable_all,0.06,1.0,1,0.3742857142857143
stable_all,0.06,1.0,2,0.4858974358974359
stable_all,0.06,1.0,3,0.2513227513227513
stable_all,0.06,2.0,0,0.18361581920903955
stable_all,0.06,2.0,1,0.35671450710868535
stable_all,0.06,2.0,2,0.42006563525550866
stable_all,0.06,2.0,3,0.2465201465201465
stable_all,0.06,3.0,0,0.18253968253968253
stable_all,0.06,3.0,1,0.35490059295430765
stable_all,0.06,3.0,2,0.38227513227513227
stable_all,0.06,3.0,3,0.24494949494949494
stable_all,0.06,10.0,0,0.19523809523809524
stable_all,0.06,10.0,1,0.3519230769230769
stable_all,0.06,10.0,2,0.3926218708827404
stable_all,0.06,10.0,3,0.2542857142857143
stable_all,0.065,0.003,0,0.17567567567567566
stable_all,0.065,0.003,1,0.4351851851851852
stable_all,0.065,0.003,2,0.44897959183673464
stable_all,0.065,0.003,3,0.4398073836276083
stable_all,0.065,0.005,0,0.17559523809523808
stable_all,0.065,0.005,1,0.43597883597883597
stable_all,0.065,0.005,2,0.4498480243161094
stable_all,0.065,0.005,3,0.27314071696094167
stable_all,0.065,0.01,0,0.17559523809523808
stable_all,0.065,0.01,1,0.4344344344344344
stable_all,0.065,0.01,2,0.4274074074074074
stable_all,0.065,0.01,3,0.26
stable_all,0.065,0.02,0,0.17551622418879054
stable_all,0.065,0.02,1,0.43013468013468015
stable_all,0.065,0.02,2,0.4249512670565302
stable_all,0.065,0.02,3,0.2596153846153846
stable_all,0.065,0.03,0,0.17551622418879054
stable_all,0.065,0.03,1,0.409297052154195
stable_all,0.065,0.03,2,0.4339080459770115
stable_all,0.065,0.03,3,0.25035612535612534
stable_all,0.065,0.038538810670601456,0,0.17551622418879054
stable_all,0.065,0.038538810670601456,1,0.39849624060150374
stable_all,0.065,0.038538810670601456,2,0.43421052631578944
stable_all,0.065,0.038538810670601456,3,0.24294871794871795
stable_all,0.065,0.049507997596815526,0,0.17559523809523808
stable_all,0.065,0.049507997596815526,1,0.39849624060150374
stable_all,0.065,0.049507997596815526,2,0.4336158192090395
stable_all,0.065,0.049507997596815526,3,0.24294871794871795
stable_all,0.065,0.06359931153547553,0,0.17567567567567566
stable_all,0.065,0.06359931153547553,1,0.39849624060150374
stable_all,0.065,0.06359931153547553,2,0.43333333333333335
stable_all,0.065,0.06359931153547553,3,0.24294871794871795
stable_all,0.065,0.08170139420154304,0,0.17575757575757575
stable_all,0.065,0.08170139420154304,1,0.39849624060150374
stable_all,0.065,0.08170139420154304,2,0.4336158192090395
stable_all,0.065,0.08170139420154304,3,0.24294871794871795
stable_all,0.065,0.10495581875524816,0,0.17584097859327216
stable_all,0.065,0.10495581875524816,1,0.3981937602627258
stable_all,0.065,0.10495581875524816,2,0.4339080459770115
stable_all,0.065,0.10495581875524816,3,0.243042071197411
stable_all,0.065,0.1348290809262157,0,0.1761006289308176
stable_all,0.065,0.1348290809262157,1,0.3981937602627258
stable_all,0.065,0.1348290809262157,2,0.43452380952380953
stable_all,0.065,0.1348290809262157,3,0.24313725490196078
stable_all,0.065,0.17320508075688773,0,0.17719298245614035
stable_all,0.065,0.17320508075688773,1,0.3991341991341991
stable_all,0.065,0.17320508075688773,2,0.4362745098039216
stable_all,0.065,0.17320508075688773,3,0.24343434343434342
stable_all,0.065,0.2225039271491978,0,0.178030303030303
stable_all,0.065,0.2225039271491978,1,0.4005602240896358
stable_all,0.065,0.2225039271491978,2,0.4388888888888889
stable_all,0.065,0.2225039271491978,3,0.24444444444444444
stable_all,0.065,0.2858345573956079,0,0.17965367965367965
stable_all,0.065,0.2858345573956079,1,0.40095238095238095
stable_all,0.065,0.2858345573956079,2,0.44166666666666665
stable_all,0.065,0.2858345573956079,3,0.24567901234567902
stable_all,0.065,0.3671907963528168,0,0.18095238095238095
stable_all,0.065,0.3671907963528168,1,0.40095238095238095
stable_all,0.065,0.3671907963528168,2,0.4548872180451128
stable_all,0.065,0.3671907963528168,3,0.24097135740971357
stable_all,0.065,0.47170321935428616,0,0.1845238095238095
stable_all,0.065,0.47170321935428616,1,0.39664570230607965
stable_all,0.065,0.47170321935428616,2,0.49166666666666664
stable_all,0.065,0.47170321935428616,3,0.2376068376068376
stable_all,0.065,0.6059627021136009,0,0.18361581920903955
stable_all,0.065,0.6059627021136009,1,0.3950191570881226
stable_all,0.065,0.6059627021136009,2,0.49298245614035086
stable_all,0.065,0.6059627021136009,3,0.23717948717948717
stable_all,0.065,0.778436061673405,0,0.1845238095238095
stable_all,0.065,0.778436061673405,1,0.38649940262843485
stable_all,0.065,0.778436061673405,2,0.4923076923076923
stable_all,0.065,0.778436061673405,3,0.24233896185115694
stable_all,0.065,1.0,0,0.1858974358974359
stable_all,0.065,1.0,1,0.38465608465608464
stable_all,0.065,1.0,2,0.4858974358974359
stable_all,0.065,1.0,3,0.2513227513227513
stable_all,0.065,2.0,0,0.1839080459770115
stable_all,0.065,2.0,1,0.3572747939755612
stable_all,0.065,2.0,2,0.4576023391812865
stable_all,0.065,2.0,3,0.2473604826546003
stable_all,0.065,3.0,0,0.18253968253968253
stable_all,0.065,3.0,1,0.35416666666666663
stable_all,0.065,3.0,2,0.38227513227513227
stable_all,0.065,3.0,3,0.24494949494949494
stable_all,0.065,10.0,0,0.19523809523809524
stable_all,0.065,10.0,1,0.3519230769230769
stable_all,0.065,10.0,2,0.3926218708827404
stable_all,0.065,10.0,3,0.2542857142857143
stable_all,0.07,0.003,0,0.17567567567567566
stable_all,0.07,0.003,1,0.44696969696969696
stable_all,0.07,0.003,2,0.45296167247386754
stable_all,0.07,0.003,3,0.27289377289377287
stable_all,0.07,0.005,0,0.17567567567567566
stable_all,0.07,0.005,1,0.43597883597883597
stable_all,0.07,0.005,2,0.4370748299319728
stable_all,0.07,0.005,3,0.27232142857142855
stable_all,0.07,0.01,0,0.17567567567567566
stable_all,0.07,0.01,1,0.4337231968810916
stable_all,0.07,0.01,2,0.4351851851851852
stable_all,0.07,0.01,3,0.25970873786407767
stable_all,0.07,0.02,0,0.17551622418879054
stable_all,0.07,0.02,1,0.4217391304347826
stable_all,0.07,0.02,2,0.4249512670565302
stable_all,0.07,0.02,3,0.2598039215686274
stable_all,0.07,0.03,0,0.17543859649122806
stable_all,0.07,0.03,1,0.42127659574468085
stable_all,0.07,0.03,2,0.43421052631578944
stable_all,0.07,0.03,3,0.2598039215686274
stable_all,0.07,0.038538810670601456,0,0.17543859649122806
stable_all,0.07,0.038538810670601456,1,0.4208333333333333
stable_all,0.07,0.038538810670601456,2,0.4348484848484848
stable_all,0.07,0.038538810670601456,3,0.2598039215686274
stable_all,0.07,0.049507997596815526,0,0.17551622418879054
stable_all,0.07,0.049507997596815526,1,0.42127659574468085
stable_all,0.07,0.049507997596815526,2,0.43421052631578944
stable_all,0.07,0.049507997596815526,3,0.2504494786048184
stable_all,0.07,0.06359931153547553,0,0.17559523809523808
stable_all,0.07,0.06359931153547553,1,0.40348330914368646
stable_all,0.07,0.06359931153547553,2,0.43452380952380953
stable_all,0.07,0.06359931153547553,3,0.2504494786048184
stable_all,0.07,0.08170139420154304,0,0.17575757575757575
stable_all,0.07,0.08170139420154304,1,0.39849624060150374
stable_all,0.07,0.08170139420154304,2,0.43452380952380953
stable_all,0.07,0.08170139420154304,3,0.25054466230936817
stable_all,0.07,0.10495581875524816,0,0.17584097859327216
stable_all,0.07,0.10495581875524816,1,0.3988095238095238
stable_all,0.07,0.10495581875524816,2,0.4351851851851852
stable_all,0.07,0.10495581875524816,3,0.24323432343234325
stable_all,0.07,0.1348290809262157,0,0.17619047619047618
stable_all,0.07,0.1348290809262157,1,0.3991341991341991
stable_all,0.07,0.1348290809262157,2,0.4348484848484848
stable_all,0.07,0.1348290809262157,3,0.2435374149659864
stable_all,0.07,0.17320508075688773,0,0.17719298245614035
stable_all,0.07,0.17320508075688773,1,0.3991341991341991
stable_all,0.07,0.17320508075688773,2,0.4379432624113475
stable_all,0.07,0.17320508075688773,3,0.2436426116838488
stable_all,0.07,0.2225039271491978,0,0.17857142857142855
stable_all,0.07,0.2225039271491978,1,0.40018315018315015
stable_all,0.07,0.2225039271491978,2,0.43939393939393934
stable_all,0.07,0.2225039271491978,3,0.24420289855072463
stable_all,0.07,0.2858345573956079,0,0.1794871794871795
stable_all,0.07,0.2858345573956079,1,0.4050235478806907
stable_all,0.07,0.2858345573956079,2,0.44047619047619047
stable_all,0.07,0.2858345573956079,3,0.24538152610441766
stable_all,0.07,0.3671907963528168,0,0.18055555555555555
stable_all,0.07,0.3671907963528168,1,0.40384615384615385
stable_all,0.07,0.3671907963528168,2,0.4542124542124542
stable_all,0.07,0.3671907963528168,3,0.24097135740971357
stable_all,0.07,0.47170321935428616,0,0.18361581920903955
stable_all,0.07,0.47170321935428616,1,0.40018315018315015
stable_all,0.07,0.47170321935428616,2,0.49166666666666664
stable_all,0.07,0.47170321935428616,3,0.24265734265734265
stable_all,0.07,0.6059627021136009,0,0.18333333333333332
stable_all,0.07,0.6059627021136009,1,0.39472693032015066
stable_all,0.07,0.6059627021136009,2,0.49298245614035086
stable_all,0.07,0.6059627021136009,3,0.23351648351648352
stable_all,0.07,0.778436061673405,0,0.1845238095238095
stable_all,0.07,0.778436061673405,1,0.38599537037037035
stable_all,0.07,0.778436061673405,2,0.4893939393939394
stable_all,0.07,0.778436061673405,3,0.24175824175824173
stable_all,0.07,1.0,0,0.18553459119496854
stable_all,0.07,1.0,1,0.38507625272331153
stable_all,0.07,1.0,2,0.4858974358974359
stable_all,0.07,1.0,3,0.25
stable_all,0.07,2.0,0,0.1839080459770115
stable_all,0.07,2.0,1,0.3576411838143497
stable_all,0.07,2.0,2,0.4576023391812865
stable_all,0.07,2.0,3,0.24919871794871795
stable_all,0.07,3.0,0,0.18253968253968253
stable_all,0.07,3.0,1,0.35353535353535354
stable_all,0.07,3.0,2,0.3864942528735632
stable_all,0.07,3.0,3,0.24494949494949494
stable_all,0.07,10.0,0,0.19523809523809524
stable_all,0.07,10.0,1,0.3519230769230769
stable_all,0.07,10.0,2,0.3926218708827404
stable_all,0.07,10.0,3,0.2542857142857143
stable_all,0.075,0.003,0,0.17567567567567566
stable_all,0.075,0.003,1,0.446078431372549
stable_all,0.075,0.003,2,0.4388888888888889
stable_all,0.075,0.003,3,0.27210884353741494
stable_all,0.075,0.005,0,0.17567567567567566
stable_all,0.075,0.005,1,0.43597883597883597
stable_all,0.075,0.005,2,0.4375
stable_all,0.075,0.005,3,0.2715201465201465
stable_all,0.075,0.01,0,0.17559523809523808
stable_all,0.075,0.01,1,0.43013468013468015
stable_all,0.075,0.01,2,0.4351851851851852
stable_all,0.075,0.01,3,0.2596153846153846
stable_all,0.075,0.02,0,0.17543859649122806
stable_all,0.075,0.02,1,0.42127659574468085
stable_all,0.075,0.02,2,0.4348484848484848
stable_all,0.075,0.02,3,0.2596153846153846
stable_all,0.075,0.03,0,0.17543859649122806
stable_all,0.075,0.03,1,0.42127659574468085
stable_all,0.075,0.03,2,0.4255892255892256
stable_all,0.075,0.03,3,0.25970873786407767
stable_all,0.075,0.038538810670601456,0,0.17543859649122806
stable_all,0.075,0.038538810670601456,1,0.42127659574468085
stable_all,0.075,0.038538810670601456,2,0.4178571428571428
stable_all,0.075,0.038538810670601456,3,0.25970873786407767
stable_all,0.075,0.049507997596815526,0,0.17543859649122806
stable_all,0.075,0.049507997596815526,1,0.4208333333333333
stable_all,0.075,0.049507997596815526,2,0.4185185185185185
stable_all,0.075,0.049507997596815526,3,0.2504494786048184
stable_all,0.075,0.06359931153547553,0,0.17567567567567566
stable_all,0.075,0.06359931153547553,1,0.4208333333333333
stable_all,0.075,0.06359931153547553,2,0.42592592592592593
stable_all,0.075,0.06359931153547553,3,0.2504494786048184
stable_all,0.075,0.08170139420154304,0,0.17575757575757575
stable_all,0.075,0.08170139420154304,1,0.4147727272727273
stable_all,0.075,0.08170139420154304,2,0.4351851851851852
stable_all,0.075,0.08170139420154304,3,0.2504494786048184
stable_all,0.075,0.10495581875524816,0,0.17584097859327216
stable_all,0.075,0.10495581875524816,1,0.4097222222222222
stable_all,0.075,0.10495581875524816,2,0.4355345911949685
stable_all,0.075,0.10495581875524816,3,0.243042071197411
stable_all,0.075,0.1348290809262157,0,0.17619047619047618
stable_all,0.075,0.1348290809262157,1,0.409297052154195
stable_all,0.075,0.1348290809262157,2,0.43666666666666665
stable_all,0.075,0.1348290809262157,3,0.24323432343234325
stable_all,0.075,0.17320508075688773,0,0.17719298245614035
stable_all,0.075,0.17320508075688773,1,0.4097222222222222
stable_all,0.075,0.17320508075688773,2,0.4388888888888889
stable_all,0.075,0.17320508075688773,3,0.2435374149659864
stable_all,0.075,0.2225039271491978,0,0.17886178861788618
stable_all,0.075,0.2225039271491978,1,0.40018315018315015
stable_all,0.075,0.2225039271491978,2,0.43013468013468015
stable_all,0.075,0.2225039271491978,3,0.24408602150537634
stable_all,0.075,0.2858345573956079,0,0.17916666666666667
stable_all,0.075,0.2858345573956079,1,0.40384615384615385
stable_all,0.075,0.2858345573956079,2,0.4410569105691057
stable_all,0.075,0.2858345573956079,3,0.24538152610441766
stable_all,0.075,0.3671907963528168,0,0.1807511737089202
stable_all,0.075,0.3671907963528168,1,0.3998203054806828
stable_all,0.075,0.3671907963528168,2,0.4535714285714285
stable_all,0.075,0.3671907963528168,3,0.2353801169590643
stable_all,0.075,0.47170321935428616,0,0.18333333333333332
stable_all,0.075,0.47170321935428616,1,0.40018315018315015
stable_all,0.075,0.47170321935428616,2,0.49166666666666664
stable_all,0.075,0.47170321935428616,3,0.23861566484517302
stable_all,0.075,0.6059627021136009,0,0.18361581920903955
stable_all,0.075,0.6059627021136009,1,0.39472693032015066
stable_all,0.075,0.6059627021136009,2,0.4923076923076923
stable_all,0.075,0.6059627021136009,3,0.2404040404040404
stable_all,0.075,0.778436061673405,0,0.18333333333333332
stable_all,0.075,0.778436061673405,1,0.38599537037037035
stable_all,0.075,0.778436061673405,2,0.4888888888888889
stable_all,0.075,0.778436061673405,3,0.24175824175824173
stable_all,0.075,1.0,0,0.18484848484848485
stable_all,0.075,1.0,1,0.3831269349845201
stable_all,0.075,1.0,2,0.4858974358974359
stable_all,0.075,1.0,3,0.25366300366300365
stable_all,0.075,2.0,0,0.18361581920903955
stable_all,0.075,2.0,1,0.3584313725490196
stable_all,0.075,2.0,2,0.4574314574314574
stable_all,0.075,2.0,3,0.2512820512820513
stable_all,0.075,3.0,0,0.18253968253968253
stable_all,0.075,3.0,1,0.3534876637222053
stable_all,0.075,3.0,2,0.4003831417624521
stable_all,0.075,3.0,3,0.2472222222222222
stable_all,0.075,10.0,0,0.19523809523809524
stable_all,0.075,10.0,1,0.3519230769230769
stable_all,0.075,10.0,2,0.3926218708827404
stable_all,0.075,10.0,3,0.2542857142857143
stable_all,0.08,0.003,0,0.17567567567567566
stable_all,0.08,0.003,1,0.43681917211328974
stable_all,0.08,0.003,2,0.4388888888888889
stable_all,0.08,0.003,3,0.2715201465201465
stable_all,0.08,0.005,0,0.17567567567567566
stable_all,0.08,0.005,1,0.4351851851851852
stable_all,0.08,0.005,2,0.4379432624113475
stable_all,0.08,0.005,3,0.2715201465201465
stable_all,0.08,0.01,0,0.17567567567567566
stable_all,0.08,0.01,1,0.43121693121693117
stable_all,0.08,0.01,2,0.4348484848484848
stable_all,0.08,0.01,3,0.25970873786407767
stable_all,0.08,0.02,0,0.17551622418879054
stable_all,0.08,0.02,1,0.42914653784219
stable_all,0.08,0.02,2,0.4255892255892256
stable_all,0.08,0.02,3,0.2596153846153846
stable_all,0.08,0.03,0,0.17543859649122806
stable_all,0.08,0.03,1,0.42127659574468085
stable_all,0.08,0.03,2,0.4255892255892256
stable_all,0.08,0.03,3,0.2595238095238095
stable_all,0.08,0.038538810670601456,0,0.17543859649122806
stable_all,0.08,0.038538810670601456,1,0.4208333333333333
stable_all,0.08,0.038538810670601456,2,0.42592592592592593
stable_all,0.08,0.038538810670601456,3,0.2595238095238095
stable_all,0.08,0.049507997596815526,0,0.17559523809523808
stable_all,0.08,0.049507997596815526,1,0.4208333333333333
stable_all,0.08,0.049507997596815526,2,0.4266381766381766
stable_all,0.08,0.049507997596815526,3,0.2595238095238095
stable_all,0.08,0.06359931153547553,0,0.17567567567567566
stable_all,0.08,0.06359931153547553,1,0.4208333333333333
stable_all,0.08,0.06359931153547553,2,0.42627533193570927
stable_all,0.08,0.06359931153547553,3,0.2504494786048184
stable_all,0.08,0.08170139420154304,0,0.17584097859327216
stable_all,0.08,0.08170139420154304,1,0.4208333333333333
stable_all,0.08,0.08170139420154304,2,0.4270152505446623
stable_all,0.08,0.08170139420154304,3,0.2504494786048184
stable_all,0.08,0.10495581875524816,0,0.17584097859327216
stable_all,0.08,0.10495581875524816,1,0.4097222222222222
stable_all,0.08,0.10495581875524816,2,0.4362745098039216
stable_all,0.08,0.10495581875524816,3,0.2504494786048184
stable_all,0.08,0.1348290809262157,0,0.17592592592592593
stable_all,0.08,0.1348290809262157,1,0.4097222222222222
stable_all,0.08,0.1348290809262157,2,0.43666666666666665
stable_all,0.08,0.1348290809262157,3,0.243042071197411
stable_all,0.08,0.17320508075688773,0,0.17708333333333331
stable_all,0.08,0.17320508075688773,1,0.409297052154195
stable_all,0.08,0.17320508075688773,2,0.42914653784219
stable_all,0.08,0.17320508075688773,3,0.24333333333333335
stable_all,0.08,0.2225039271491978,0,0.17829457364341084
stable_all,0.08,0.2225039271491978,1,0.40888888888888886
stable_all,0.08,0.2225039271491978,2,0.42272727272727273
stable_all,0.08,0.2225039271491978,3,0.24408602150537634
stable_all,0.08,0.2858345573956079,0,0.17901234567901234
stable_all,0.08,0.2858345573956079,1,0.40888888888888886
stable_all,0.08,0.2858345573956079,2,0.43992248062015504
stable_all,0.08,0.2858345573956079,3,0.24444444444444444
stable_all,0.08,0.3671907963528168,0,0.18095238095238095
stable_all,0.08,0.3671907963528168,1,0.40095238095238095
stable_all,0.08,0.3671907963528168,2,0.45296167247386754
stable_all,0.08,0.3671907963528168,3,0.23014383989993747
stable_all,0.08,0.47170321935428616,0,0.18229166666666666
stable_all,0.08,0.47170321935428616,1,0.3994708994708994
stable_all,0.08,0.47170321935428616,2,0.49105691056910566
stable_all,0.08,0.47170321935428616,3,0.23809523809523808
stable_all,0.08,0.6059627021136009,0,0.18333333333333332
stable_all,0.08,0.6059627021136009,1,0.39444444444444443
stable_all,0.08,0.6059627021136009,2,0.49047619047619045
stable_all,0.08,0.6059627021136009,3,0.23946360153256704
stable_all,0.08,0.778436061673405,0,0.1839080459770115
stable_all,0.08,0.778436061673405,1,0.3842940685045948
stable_all,0.08,0.778436061673405,2,0.4888888888888889
stable_all,0.08,0.778436061673405,3,0.2412045319022063
stable_all,0.08,1.0,0,0.18484848484848485
stable_all,0.08,1.0,1,0.37978524743230624
stable_all,0.08,1.0,2,0.48518518518518516
stable_all,0.08,1.0,3,0.25243147656940756
stable_all,0.08,2.0,0,0.1839080459770115
stable_all,0.08,2.0,1,0.35829457364341083
stable_all,0.08,2.0,2,0.4793248945147679
stable_all,0.08,2.0,3,0.25366300366300365
stable_all,0.08,3.0,0,0.1827956989247312
stable_all,0.08,3.0,1,0.3534876637222053
stable_all,0.08,3.0,2,0.4111111111111111
stable_all,0.08,3.0,3,0.24661246612466123
stable_all,0.08,10.0,0,0.19523809523809524
stable_all,0.08,10.0,1,0.3519230769230769
stable_all,0.08,10.0,2,0.3926218708827404
stable_all,0.08,10.0,3,0.2542857142857143
stable_all,0.085,0.003,0,0.17567567567567566
stable_all,0.085,0.003,1,0.43597883597883597
stable_all,0.085,0.003,2,0.4379432624113475
stable_all,0.085,0.003,3,0.2715201465201465
stable_all,0.085,0.005,0,0.17567567567567566
stable_all,0.085,0.005,1,0.4344344344344344
stable_all,0.085,0.005,2,0.4379432624113475
stable_all,0.085,0.005,3,0.25970873786407767
stable_all,0.085,0.01,0,0.17567567567567566
stable_all,0.085,0.01,1,0.43121693121693117
stable_all,0.085,0.01,2,0.4358974358974359
stable_all,0.085,0.01,3,0.2595238095238095
stable_all,0.085,0.02,0,0.17543859649122806
stable_all,0.085,0.02,1,0.42914653784219
stable_all,0.085,0.02,2,0.4255892255892256
stable_all,0.085,0.02,3,0.2595238095238095
stable_all,0.085,0.03,0,0.17543859649122806
stable_all,0.085,0.03,1,0.4286840031520882
stable_all,0.085,0.03,2,0.42627533193570927
stable_all,0.085,0.03,3,0.2596153846153846
stable_all,0.085,0.038538810670601456,0,0.17543859649122806
stable_all,0.085,0.038538810670601456,1,0.4286840031520882
stable_all,0.085,0.038538810670601456,2,0.4266381766381766
stable_all,0.085,0.038538810670601456,3,0.2596153846153846
stable_all,0.085,0.049507997596815526,0,0.17559523809523808
stable_all,0.085,0.049507997596815526,1,0.4282407407407407
stable_all,0.085,0.049507997596815526,2,0.4266381766381766
stable_all,0.085,0.049507997596815526,3,0.2596153846153846
stable_all,0.085,0.06359931153547553,0,0.17567567567567566
stable_all,0.085,0.06359931153547553,1,0.4208333333333333
stable_all,0.085,0.06359931153547553,2,0.4266381766381766
stable_all,0.085,0.06359931153547553,3,0.2596153846153846
stable_all,0.085,0.08170139420154304,0,0.17575757575757575
stable_all,0.085,0.08170139420154304,1,0.409297052154195
stable_all,0.085,0.08170139420154304,2,0.4270152505446623
stable_all,0.085,0.08170139420154304,3,0.25970873786407767
stable_all,0.085,0.10495581875524816,0,0.17584097859327216
stable_all,0.085,0.10495581875524816,1,0.409297052154195
stable_all,0.085,0.10495581875524816,2,0.42
stable_all,0.085,0.10495581875524816,3,0.26
stable_all,0.085,0.1348290809262157,0,0.17619047619047618
stable_all,0.085,0.1348290809262157,1,0.4097222222222222
stable_all,0.085,0.1348290809262157,2,0.42127659574468085
stable_all,0.085,0.1348290809262157,3,0.2510500190912562
stable_all,0.085,0.17320508075688773,0,0.17719298245614035
stable_all,0.085,0.17320508075688773,1,0.4097222222222222
stable_all,0.085,0.17320508075688773,2,0.4222222222222222
stable_all,0.085,0.17320508075688773,3,0.24385964912280703
stable_all,0.085,0.2225039271491978,0,0.178030303030303
stable_all,0.085,0.2225039271491978,1,0.4101654846335697
stable_all,0.085,0.2225039271491978,2,0.42272727272727273
stable_all,0.085,0.2225039271491978,3,0.24408602150537634
stable_all,0.085,0.2858345573956079,0,0.17857142857142855
stable_all,0.085,0.2858345573956079,1,0.4152159896840748
stable_all,0.085,0.2858345573956079,2,0.44047619047619047
stable_all,0.085,0.2858345573956079,3,0.24432234432234431
stable_all,0.085,0.3671907963528168,0,0.18
stable_all,0.085,0.3671907963528168,1,0.40095238095238095
stable_all,0.085,0.3671907963528168,2,0.45296167247386754
stable_all,0.085,0.3671907963528168,3,0.23014383989993747
stable_all,0.085,0.47170321935428616,0,0.18137254901960784
stable_all,0.085,0.47170321935428616,1,0.3950191570881226
stable_all,0.085,0.47170321935428616,2,0.4700854700854701
stable_all,0.085,0.47170321935428616,3,0.2376068376068376
stable_all,0.085,0.6059627021136009,0,0.18253968253968253
stable_all,0.085,0.6059627021136009,1,0.39444444444444443
stable_all,0.085,0.6059627021136009,2,0.49105691056910566
stable_all,0.085,0.6059627021136009,3,0.23861566484517302
stable_all,0.085,0.778436061673405,0,0.18361581920903955
stable_all,0.085,0.778436061673405,1,0.38229166666666664
stable_all,0.085,0.778436061673405,2,0.4893939393939394
stable_all,0.085,0.778436061673405,3,0.24444444444444444
stable_all,0.085,1.0,0,0.18484848484848485
stable_all,0.085,1.0,1,0.378129117259552
stable_all,0.085,1.0,2,0.4858974358974359
stable_all,0.085,1.0,3,0.25020678246484696
stable_all,0.085,2.0,0,0.1858974358974359
stable_all,0.085,2.0,1,0.35932033983008493
stable_all,0.085,2.0,2,0.4790123456790123
stable_all,0.085,2.0,3,0.2564102564102564
stable_all,0.085,3.0,0,0.18253968253968253
stable_all,0.085,3.0,1,0.3534876637222053
stable_all,0.085,3.0,2,0.4182769726247987
stable_all,0.085,3.0,3,0.24786324786324787
stable_all,0.085,10.0,0,0.19523809523809524
stable_all,0.085,10.0,1,0.3519230769230769
stable_all,0.085,10.0,2,0.3926218708827404
stable_all,0.085,10.0,3,0.2542857142857143
stable_all,0.09,0.003,0,0.17567567567567566
stable_all,0.09,0.003,1,0.4344344344344344
stable_all,0.09,0.003,2,0.4379432624113475
stable_all,0.09,0.003,3,0.2714285714285714
stable_all,0.09,0.005,0,0.17567567567567566
stable_all,0.09,0.005,1,0.43304843304843305
stable_all,0.09,0.005,2,0.4379432624113475
stable_all,0.09,0.005,3,0.2595238095238095
stable_all,0.09,0.01,0,0.17567567567567566
stable_all,0.09,0.01,1,0.43121693121693117
stable_all,0.09,0.01,2,0.4379432624113475
stable_all,0.09,0.01,3,0.25943396226415094
stable_all,0.09,0.02,0,0.17559523809523808
stable_all,0.09,0.02,1,0.42914653784219
stable_all,0.09,0.02,2,0.4351851851851852
stable_all,0.09,0.02,3,0.2595238095238095
stable_all,0.09,0.03,0,0.17551622418879054
stable_all,0.09,0.03,1,0.4208333333333333
stable_all,0.09,0.03,2,0.4270152505446623
stable_all,0.09,0.03,3,0.2596153846153846
stable_all,0.09,0.038538810670601456,0,0.17551622418879054
stable_all,0.09,0.038538810670601456,1,0.4208333333333333
stable_all,0.09,0.038538810670601456,2,0.4274074074074074
stable_all,0.09,0.038538810670601456,3,0.2596153846153846
stable_all,0.09,0.049507997596815526,0,0.17575757575757575
stable_all,0.09,0.049507997596815526,1,0.4208333333333333
stable_all,0.09,0.049507997596815526,2,0.4274074074074074
stable_all,0.09,0.049507997596815526,3,0.2596153846153846
stable_all,0.09,0.06359931153547553,0,0.17575757575757575
stable_all,0.09,0.06359931153547553,1,0.4208333333333333
stable_all,0.09,0.06359931153547553,2,0.42
stable_all,0.09,0.06359931153547553,3,0.2596153846153846
stable_all,0.09,0.08170139420154304,0,0.17584097859327216
stable_all,0.09,0.08170139420154304,1,0.4208333333333333
stable_all,0.09,0.08170139420154304,2,0.4208333333333333
stable_all,0.09,0.08170139420154304,3,0.25970873786407767
stable_all,0.09,0.10495581875524816,0,0.17584097859327216
stable_all,0.09,0.10495581875524816,1,0.4208333333333333
stable_all,0.09,0.10495581875524816,2,0.4152159896840748
stable_all,0.09,0.10495581875524816,3,0.2599009900990099
stable_all,0.09,0.1348290809262157,0,0.17619047619047618
stable_all,0.09,0.1348290809262157,1,0.42127659574468085
stable_all,0.09,0.1348290809262157,2,0.4156785243741765
stable_all,0.09,0.1348290809262157,3,0.25084175084175087
stable_all,0.09,0.17320508075688773,0,0.17719298245614035
stable_all,0.09,0.17320508075688773,1,0.4152159896840748
stable_all,0.09,0.17320508075688773,2,0.41666666666666663
stable_all,0.09,0.17320508075688773,3,0.24385964912280703
stable_all,0.09,0.2225039271491978,0,0.1781609195402299
stable_all,0.09,0.2225039271491978,1,0.4101654846335697
stable_all,0.09,0.2225039271491978,2,0.43939393939393934
stable_all,0.09,0.2225039271491978,3,0.24397163120567375
stable_all,0.09,0.2858345573956079,0,0.17843137254901958
stable_all,0.09,0.2858345573956079,1,0.4156785243741765
stable_all,0.09,0.2858345573956079,2,0.4410569105691057
stable_all,0.09,0.2858345573956079,3,0.24420289855072463
stable_all,0.09,0.3671907963528168,0,0.17982456140350878
stable_all,0.09,0.3671907963528168,1,0.40384615384615385
stable_all,0.09,0.3671907963528168,2,0.45296167247386754
stable_all,0.09,0.3671907963528168,3,0.22985347985347987
stable_all,0.09,0.47170321935428616,0,0.18137254901960784
stable_all,0.09,0.47170321935428616,1,0.3981937602627258
stable_all,0.09,0.47170321935428616,2,0.4542124542124542
stable_all,0.09,0.47170321935428616,3,0.24176548089591568
stable_all,0.09,0.6059627021136009,0,0.1827956989247312
stable_all,0.09,0.6059627021136009,1,0.3892156862745098
stable_all,0.09,0.6059627021136009,2,0.49105691056910566
stable_all,0.09,0.6059627021136009,3,0.24393939393939393
stable_all,0.09,0.778436061673405,0,0.18361581920903955
stable_all,0.09,0.778436061673405,1,0.3840460526315789
stable_all,0.09,0.778436061673405,2,0.48992248062015503
stable_all,0.09,0.778436061673405,3,0.24349881796690306
stable_all,0.09,1.0,0,0.18484848484848485
stable_all,0.09,1.0,1,0.3795721187025535
stable_all,0.09,1.0,2,0.48707482993197276
stable_all,0.09,1.0,3,0.2473604826546003
stable_all,0.09,2.0,0,0.18666666666666665
stable_all,0.09,2.0,1,0.35945399393326594
stable_all,0.09,2.0,2,0.4782945736434108
stable_all,0.09,2.0,3,0.2564102564102564
stable_all,0.09,3.0,0,0.18229166666666666
stable_all,0.09,3.0,1,0.3534876637222053
stable_all,0.09,3.0,2,0.41793372319688105
stable_all,0.09,3.0,3,0.25
stable_all,0.09,10.0,0,0.19523809523809524
stable_all,0.09,10.0,1,0.3519230769230769
stable_all,0.09,10.0,2,0.3926218708827404
stable_all,0.09,10.0,3,0.2542857142857143
stable_all,0.095,0.003,0,0.17575757575757575
stable_all,0.095,0.003,1,0.43304843304843305
stable_all,0.095,0.003,2,0.4379432624113475
stable_all,0.095,0.003,3,0.2595238095238095
stable_all,0.095,0.005,0,0.17567567567567566
stable_all,0.095,0.005,1,0.4317976513098464
stable_all,0.095,0.005,2,0.4384057971014492
stable_all,0.095,0.005,3,0.2595238095238095
stable_all,0.095,0.01,0,0.17567567567567566
stable_all,0.095,0.01,1,0.4296296296296296
stable_all,0.095,0.01,2,0.4388888888888889
stable_all,0.095,0.01,3,0.25943396226415094
stable_all,0.095,0.02,0,0.17559523809523808
stable_all,0.095,0.02,1,0.42914653784219
stable_all,0.095,0.02,2,0.4370748299319728
stable_all,0.095,0.02,3,0.25943396226415094
stable_all,0.095,0.03,0,0.17559523809523808
stable_all,0.095,0.03,1,0.4208333333333333
stable_all,0.095,0.03,2,0.4192307692307692
stable_all,0.095,0.03,3,0.25943396226415094
stable_all,0.095,0.038538810670601456,0,0.17567567567567566
stable_all,0.095,0.038538810670601456,1,0.4208333333333333
stable_all,0.095,0.038538810670601456,2,0.41317016317016314
stable_all,0.095,0.038538810670601456,3,0.2596153846153846
stable_all,0.095,0.049507997596815526,0,0.17567567567567566
stable_all,0.095,0.049507997596815526,1,0.4208333333333333
stable_all,0.095,0.049507997596815526,2,0.4135472370766488
stable_all,0.095,0.049507997596815526,3,0.2596153846153846
stable_all,0.095,0.06359931153547553,0,0.17575757575757575
stable_all,0.095,0.06359931153547553,1,0.4208333333333333
stable_all,0.095,0.06359931153547553,2,0.41393939393939394
stable_all,0.095,0.06359931153547553,3,0.2596153846153846
stable_all,0.095,0.08170139420154304,0,0.17584097859327216
stable_all,0.095,0.08170139420154304,1,0.4208333333333333
stable_all,0.095,0.08170139420154304,2,0.4147727272727273
stable_all,0.095,0.08170139420154304,3,0.2596153846153846
stable_all,0.095,0.10495581875524816,0,0.17592592592592593
stable_all,0.095,0.10495581875524816,1,0.4282407407407407
stable_all,0.095,0.10495581875524816,2,0.4152159896840748
stable_all,0.095,0.10495581875524816,3,0.25054466230936817
stable_all,0.095,0.1348290809262157,0,0.17619047619047618
stable_all,0.095,0.1348290809262157,1,0.42127659574468085
stable_all,0.095,0.1348290809262157,2,0.4296296296296296
stable_all,0.095,0.1348290809262157,3,0.2506417308397506
stable_all,0.095,0.17320508075688773,0,0.17719298245614035
stable_all,0.095,0.17320508075688773,1,0.4101654846335697
stable_all,0.095,0.17320508075688773,2,0.41666666666666663
stable_all,0.095,0.17320508075688773,3,0.25084175084175087
stable_all,0.095,0.2225039271491978,0,0.17790262172284643
stable_all,0.095,0.2225039271491978,1,0.4156785243741765
stable_all,0.095,0.2225039271491978,2,0.41774891774891776
stable_all,0.095,0.2225039271491978,3,0.24375
stable_all,0.095,0.2858345573956079,0,0.1781609195402299
stable_all,0.095,0.2858345573956079,1,0.4147727272727273
stable_all,0.095,0.2858345573956079,2,0.4410569105691057
stable_all,0.095,0.2858345573956079,3,0.2381422924901186
stable_all,0.095,0.3671907963528168,0,0.1794871794871795
stable_all,0.095,0.3671907963528168,1,0.4081196581196581
stable_all,0.095,0.3671907963528168,2,0.4410569105691057
stable_all,0.095,0.3671907963528168,3,0.23371647509578544
stable_all,0.095,0.47170321935428616,0,0.18137254901960784
stable_all,0.095,0.47170321935428616,1,0.3988095238095238
stable_all,0.095,0.47170321935428616,2,0.46944444444444444
stable_all,0.095,0.47170321935428616,3,0.23630672926447574
stable_all,0.095,0.6059627021136009,0,0.18306010928961747
stable_all,0.095,0.6059627021136009,1,0.3892156862745098
stable_all,0.095,0.6059627021136009,2,0.49166666666666664
stable_all,0.095,0.6059627021136009,3,0.25
stable_all,0.095,0.778436061673405,0,0.18361581920903955
stable_all,0.095,0.778436061673405,1,0.3842940685045948
stable_all,0.095,0.778436061673405,2,0.49105691056910566
stable_all,0.095,0.778436061673405,3,0.24349881796690306
stable_all,0.095,1.0,0,0.18666666666666665
stable_all,0.095,1.0,1,0.38357256778309406
stable_all,0.095,1.0,2,0.4879432624113475
stable_all,0.095,1.0,3,0.24652014652014653
stable_all,0.095,2.0,0,0.18840579710144928
stable_all,0.095,2.0,1,0.3595907928388747
stable_all,0.095,2.0,2,0.4776556776556776
stable_all,0.095,2.0,3,0.2564102564102564
stable_all,0.095,3.0,0,0.18205128205128204
stable_all,0.095,3.0,1,0.3539540816326531
stable_all,0.095,3.0,2,0.43867243867243866
stable_all,0.095,3.0,3,0.2525252525252525
stable_all,0.095,10.0,0,0.19523809523809524
stable_all,0.095,10.0,1,0.3519230769230769
stable_all,0.095,10.0,2,0.3926218708827404
stable_all,0.095,10.0,3,0.2542857142857143
stable_all,0.1,0.003,0,0.17575757575757575
stable_all,0.1,0.003,1,0.4317976513098464
stable_all,0.1,0.003,2,0.4388888888888889
stable_all,0.1,0.003,3,0.25934579439252337
stable_all,0.1,0.005,0,0.17575757575757575
stable_all,0.1,0.005,1,0.43121693121693117
stable_all,0.1,0.005,2,0.4388888888888889
stable_all,0.1,0.005,3,0.25943396226415094
stable_all,0.1,0.01,0,0.17567567567567566
stable_all,0.1,0.01,1,0.4296296296296296
stable_all,0.1,0.01,2,0.4388888888888889
stable_all,0.1,0.01,3,0.25934579439252337
stable_all,0.1,0.02,0,0.17575757575757575
stable_all,0.1,0.02,1,0.4286840031520882
stable_all,0.1,0.02,2,0.4384057971014492
stable_all,0.1,0.02,3,0.25925925925925924
stable_all,0.1,0.03,0,0.17567567567567566
stable_all,0.1,0.03,1,0.4286840031520882
stable_all,0.1,0.03,2,0.4282407407407407
stable_all,0.1,0.03,3,0.25943396226415094
stable_all,0.1,0.038538810670601456,0,0.17575757575757575
stable_all,0.1,0.038538810670601456,1,0.4208333333333333
stable_all,0.1,0.038538810670601456,2,0.4379432624113475
stable_all,0.1,0.038538810670601456,3,0.2595238095238095
stable_all,0.1,0.049507997596815526,0,0.17575757575757575
stable_all,0.1,0.049507997596815526,1,0.4282407407407407
stable_all,0.1,0.049507997596815526,2,0.4379432624113475
stable_all,0.1,0.049507997596815526,3,0.2596153846153846
stable_all,0.1,0.06359931153547553,0,0.17575757575757575
stable_all,0.1,0.06359931153547553,1,0.4282407407407407
stable_all,0.1,0.06359931153547553,2,0.41434755720470007
stable_all,0.1,0.06359931153547553,3,0.2596153846153846
stable_all,0.1,0.08170139420154304,0,0.17592592592592593
stable_all,0.1,0.08170139420154304,1,0.4282407407407407
stable_all,0.1,0.08170139420154304,2,0.41434755720470007
stable_all,0.1,0.08170139420154304,3,0.2596153846153846
stable_all,0.1,0.10495581875524816,0,0.17592592592592593
stable_all,0.1,0.10495581875524816,1,0.4282407407407407
stable_all,0.1,0.10495581875524816,2,0.4147727272727273
stable_all,0.1,0.10495581875524816,3,0.2504494786048184
stable_all,0.1,0.1348290809262157,0,0.17619047619047618
stable_all,0.1,0.1348290809262157,1,0.42127659574468085
stable_all,0.1,0.1348290809262157,2,0.4296296296296296
stable_all,0.1,0.1348290809262157,3,0.2504494786048184
stable_all,0.1,0.17320508075688773,0,0.17708333333333331
stable_all,0.1,0.17320508075688773,1,0.42127659574468085
stable_all,0.1,0.17320508075688773,2,0.42272727272727273
stable_all,0.1,0.17320508075688773,3,0.2506417308397506
stable_all,0.1,0.2225039271491978,0,0.17753623188405795
stable_all,0.1,0.2225039271491978,1,0.4156785243741765
stable_all,0.1,0.2225039271491978,2,0.43066322136089574
stable_all,0.1,0.2225039271491978,3,0.24375
stable_all,0.1,0.2858345573956079,0,0.17790262172284643
stable_all,0.1,0.2858345573956079,1,0.4147727272727273
stable_all,0.1,0.2858345573956079,2,0.4410569105691057
stable_all,0.1,0.2858345573956079,3,0.2380254154447703
stable_all,0.1,0.3671907963528168,0,0.17965367965367965
stable_all,0.1,0.3671907963528168,1,0.4084967320261438
stable_all,0.1,0.3671907963528168,2,0.44047619047619047
stable_all,0.1,0.3671907963528168,3,0.23371647509578544
stable_all,0.1,0.47170321935428616,0,0.18115942028985507
stable_all,0.1,0.47170321935428616,1,0.3994708994708994
stable_all,0.1,0.47170321935428616,2,0.46944444444444444
stable_all,0.1,0.47170321935428616,3,0.2353801169590643
stable_all,0.1,0.6059627021136009,0,0.18253968253968253
stable_all,0.1,0.6059627021136009,1,0.39166666666666666
stable_all,0.1,0.6059627021136009,2,0.4700854700854701
stable_all,0.1,0.6059627021136009,3,0.25
stable_all,0.1,0.778436061673405,0,0.18361581920903955
stable_all,0.1,0.778436061673405,1,0.3842940685045948
stable_all,0.1,0.778436061673405,2,0.49298245614035086
stable_all,0.1,0.778436061673405,3,0.24396135265700483
stable_all,0.1,1.0,0,0.1875
stable_all,0.1,1.0,1,0.381592039800995
stable_all,0.1,1.0,2,0.49047619047619045
stable_all,0.1,1.0,3,0.24060150375939848
stable_all,0.1,2.0,0,0.1875
stable_all,0.1,2.0,1,0.36011275546159266
stable_all,0.1,2.0,2,0.4775362318840579
stable_all,0.1,2.0,3,0.254985754985755
stable_all,0.1,3.0,0,0.181592039800995
stable_all,0.1,3.0,1,0.3549420467120974
stable_all,0.1,3.0,2,0.4547537227949599
stable_all,0.1,3.0,3,0.2525252525252525
stable_all,0.1,10.0,0,0.19523809523809524
stable_all,0.1,10.0,1,0.3519230769230769
stable_all,0.1,10.0,2,0.3926218708827404
stable_all,0.1,10.0,3,0.2542857142857143
stable_all,0.125,0.003,0,0.17592592592592593
stable_all,0.125,0.003,1,0.42914653784219
stable_all,0.125,0.003,2,0.4388888888888889
stable_all,0.125,0.003,3,0.2595238095238095
stable_all,0.125,0.005,0,0.17584097859327216
stable_all,0.125,0.005,1,0.42914653784219
stable_all,0.125,0.005,2,0.4388888888888889
stable_all,0.125,0.005,3,0.25934579439252337
stable_all,0.125,0.01,0,0.17584097859327216
stable_all,0.125,0.01,1,0.42914653784219
stable_all,0.125,0.01,2,0.4388888888888889
stable_all,0.125,0.01,3,0.25943396226415094
stable_all,0.125,0.02,0,0.17584097859327216
stable_all,0.125,0.02,1,0.4286840031520882
stable_all,0.125,0.02,2,0.4384057971014492
stable_all,0.125,0.02,3,0.25943396226415094
stable_all,0.125,0.03,0,0.17592592592592593
stable_all,0.125,0.03,1,0.4208333333333333
stable_all,0.125,0.03,2,0.4379432624113475
stable_all,0.125,0.03,3,0.25943396226415094
stable_all,0.125,0.038538810670601456,0,0.17592592592592593
stable_all,0.125,0.038538810670601456,1,0.4208333333333333
stable_all,0.125,0.038538810670601456,2,0.4379432624113475
stable_all,0.125,0.038538810670601456,3,0.25943396226415094
stable_all,0.125,0.049507997596815526,0,0.17584097859327216
stable_all,0.125,0.049507997596815526,1,0.4208333333333333
stable_all,0.125,0.049507997596815526,2,0.4379432624113475
stable_all,0.125,0.049507997596815526,3,0.25943396226415094
stable_all,0.125,0.06359931153547553,0,0.17584097859327216
stable_all,0.125,0.06359931153547553,1,0.4208333333333333
stable_all,0.125,0.06359931153547553,2,0.4286840031520882
stable_all,0.125,0.06359931153547553,3,0.25934579439252337
stable_all,0.125,0.08170139420154304,0,0.17584097859327216
stable_all,0.125,0.08170139420154304,1,0.4208333333333333
stable_all,0.125,0.08170139420154304,2,0.42272727272727273
stable_all,0.125,0.08170139420154304,3,0.25934579439252337
stable_all,0.125,0.10495581875524816,0,0.17601246105919002
stable_all,0.125,0.10495581875524816,1,0.4204081632653061
stable_all,0.125,0.10495581875524816,2,0.4232558139534883
stable_all,0.125,0.10495581875524816,3,0.25
stable_all,0.125,0.1348290809262157,0,0.17628205128205127
stable_all,0.125,0.1348290809262157,1,0.4204081632653061
stable_all,0.125,0.1348290809262157,2,0.42272727272727273
stable_all,0.125,0.1348290809262157,3,0.24991505266734623
stable_all,0.125,0.17320508075688773,0,0.1769759450171821
stable_all,0.125,0.17320508075688773,1,0.4278155706727135
stable_all,0.125,0.17320508075688773,2,0.43066322136089574
stable_all,0.125,0.17320508075688773,3,0.23644703919933277
stable_all,0.125,0.2225039271491978,0,0.17708333333333331
stable_all,0.125,0.2225039271491978,1,0.4077568134171907
stable_all,0.125,0.2225039271491978,2,0.45296167247386754
stable_all,0.125,0.2225039271491978,3,0.23688811188811187
stable_all,0.125,0.2858345573956079,0,0.17790262172284643
stable_all,0.125,0.2858345573956079,1,0.4128073184676958
stable_all,0.125,0.2858345573956079,2,0.4423076923076923
stable_all,0.125,0.2858345573956079,3,0.24420289855072463
stable_all,0.125,0.3671907963528168,0,0.17965367965367965
stable_all,0.125,0.3671907963528168,1,0.4031339031339031
stable_all,0.125,0.3671907963528168,2,0.4423076923076923
stable_all,0.125,0.3671907963528168,3,0.2519766957969205
stable_all,0.125,0.47170321935428616,0,0.18036529680365296
stable_all,0.125,0.47170321935428616,1,0.40348330914368646
stable_all,0.125,0.47170321935428616,2,0.4542124542124542
stable_all,0.125,0.47170321935428616,3,0.24722222222222223
stable_all,0.125,0.6059627021136009,0,0.18205128205128204
stable_all,0.125,0.6059627021136009,1,0.39444444444444443
stable_all,0.125,0.6059627021136009,2,0.473015873015873
stable_all,0.125,0.6059627021136009,3,0.24481658692185007
stable_all,0.125,0.778436061673405,0,0.1879432624113475
stable_all,0.125,0.778436061673405,1,0.39194915254237284
stable_all,0.125,0.778436061673405,2,0.49523809523809526
stable_all,0.125,0.778436061673405,3,0.23968784838350055
stable_all,0.125,1.0,0,0.19298245614035087
stable_all,0.125,1.0,1,0.3827956989247312
stable_all,0.125,1.0,2,0.49696969696969695
stable_all,0.125,1.0,3,0.24358974358974358
stable_all,0.125,2.0,0,0.18992248062015504
stable_all,0.125,2.0,1,0.36450924608819346
stable_all,0.125,2.0,2,0.4825396825396825
stable_all,0.125,2.0,3,0.24537037037037035
stable_all,0.125,3.0,0,0.1845238095238095
stable_all,0.125,3.0,1,0.35730496453900706
stable_all,0.125,3.0,2,0.47719298245614034
stable_all,0.125,3.0,3,0.26340326340326337
stable_all,0.125,10.0,0,0.19523809523809524
stable_all,0.125,10.0,1,0.3519230769230769
stable_all,0.125,10.0,2,0.3926218708827404
stable_all,0.125,10.0,3,0.2542857142857143
stable_all,0.15,0.003,0,0.17601246105919002
stable_all,0.15,0.003,1,0.43066322136089574
stable_all,0.15,0.003,2,0.4410569105691057
stable_all,0.15,0.003,3,0.2589285714285714
stable_all,0.15,0.005,0,0.1761006289308176
stable_all,0.15,0.005,1,0.4296296296296296
stable_all,0.15,0.005,2,0.4388888888888889
stable_all,0.15,0.005,3,0.25900900900900903
stable_all,0.15,0.01,0,0.17584097859327216
stable_all,0.15,0.01,1,0.4286840031520882
stable_all,0.15,0.01,2,0.4384057971014492
stable_all,0.15,0.01,3,0.25900900900900903
stable_all,0.15,0.02,0,0.17567567567567566
stable_all,0.15,0.02,1,0.4208333333333333
stable_all,0.15,0.02,2,0.4384057971014492
stable_all,0.15,0.02,3,0.2590909090909091
stable_all,0.15,0.03,0,0.17584097859327216
stable_all,0.15,0.03,1,0.4208333333333333
stable_all,0.15,0.03,2,0.4379432624113475
stable_all,0.15,0.03,3,0.25900900900900903
stable_all,0.15,0.038538810670601456,0,0.17601246105919002
stable_all,0.15,0.038538810670601456,1,0.4204081632653061
stable_all,0.15,0.038538810670601456,2,0.4379432624113475
stable_all,0.15,0.038538810670601456,3,0.25900900900900903
stable_all,0.15,0.049507997596815526,0,0.1761006289308176
stable_all,0.15,0.049507997596815526,1,0.4204081632653061
stable_all,0.15,0.049507997596815526,2,0.4379432624113475
stable_all,0.15,0.049507997596815526,3,0.25900900900900903
stable_all,0.15,0.06359931153547553,0,0.17637540453074432
stable_all,0.15,0.06359931153547553,1,0.4204081632653061
stable_all,0.15,0.06359931153547553,2,0.42914653784219
stable_all,0.15,0.06359931153547553,3,0.25900900900900903
stable_all,0.15,0.08170139420154304,0,0.17637540453074432
stable_all,0.15,0.08170139420154304,1,0.4204081632653061
stable_all,0.15,0.08170139420154304,2,0.4296296296296296
stable_all,0.15,0.08170139420154304,3,0.25900900900900903
stable_all,0.15,0.10495581875524816,0,0.1764705882352941
stable_all,0.15,0.10495581875524816,1,0.42
stable_all,0.15,0.10495581875524816,2,0.43066322136089574
stable_all,0.15,0.10495581875524816,3,0.25900900900900903
stable_all,0.15,0.1348290809262157,0,0.17656765676567657
stable_all,0.15,0.1348290809262157,1,0.4204081632653061
stable_all,0.15,0.1348290809262157,2,0.43013468013468015
stable_all,0.15,0.1348290809262157,3,0.24991505266734623
stable_all,0.15,0.17320508075688773,0,0.17676767676767677
stable_all,0.15,0.17320508075688773,1,0.4084967320261438
stable_all,0.15,0.17320508075688773,2,0.4512987012987013
stable_all,0.15,0.17320508075688773,3,0.25
stable_all,0.15,0.2225039271491978,0,0.17687074829931973
stable_all,0.15,0.2225039271491978,1,0.4077568134171907
stable_all,0.15,0.2225039271491978,2,0.4410569105691057
stable_all,0.15,0.2225039271491978,3,0.23661852166525063
stable_all,0.15,0.2858345573956079,0,0.17777777777777776
stable_all,0.15,0.2858345573956079,1,0.40674603174603174
stable_all,0.15,0.2858345573956079,2,0.44298245614035087
stable_all,0.15,0.2858345573956079,3,0.23768939393939392
stable_all,0.15,0.3671907963528168,0,0.17857142857142855
stable_all,0.15,0.3671907963528168,1,0.4031339031339031
stable_all,0.15,0.3671907963528168,2,0.4535714285714285
stable_all,0.15,0.3671907963528168,3,0.24408602150537634
stable_all,0.15,0.47170321935428616,0,0.18055555555555555
stable_all,0.15,0.47170321935428616,1,0.3979015334947538
stable_all,0.15,0.47170321935428616,2,0.4542124542124542
stable_all,0.15,0.47170321935428616,3,0.24703196347031964
stable_all,0.15,0.6059627021136009,0,0.18484848484848485
stable_all,0.15,0.6059627021136009,1,0.39472693032015066
stable_all,0.15,0.6059627021136009,2,0.49523809523809526
stable_all,0.15,0.6059627021136009,3,0.24242424242424243
stable_all,0.15,0.778436061673405,0,0.18888888888888888
stable_all,0.15,0.778436061673405,1,0.387037037037037
stable_all,0.15,0.778436061673405,2,0.49607843137254903
stable_all,0.15,0.778436061673405,3,0.2379487179487179
stable_all,0.15,1.0,0,0.19999999999999998
stable_all,0.15,1.0,1,0.38120839733742956
stable_all,0.15,1.0,2,0.5011494252873563
stable_all,0.15,1.0,3,0.2386759581881533
stable_all,0.15,2.0,0,0.19105691056910568
stable_all,0.15,2.0,1,0.36315789473684207
stable_all,0.15,2.0,2,0.48840579710144927
stable_all,0.15,2.0,3,0.24937343358395989
stable_all,0.15,3.0,0,0.18553459119496854
stable_all,0.15,3.0,1,0.35973084886128365
stable_all,0.15,3.0,2,0.4605734767025089
stable_all,0.15,3.0,3,0.2637426900584795
stable_all,0.15,10.0,0,0.19523809523809524
stable_all,0.15,10.0,1,0.3519230769230769
stable_all,0.15,10.0,2,0.3926218708827404
stable_all,0.15,10.0,3,0.2542857142857143
stable_all,0.2,0.003,0,0.17601246105919002
stable_all,0.2,0.003,1,0.44047619047619047
stable_all,0.2,0.003,2,0.43939393939393934
stable_all,0.2,0.003,3,0.25900900900900903
stable_all,0.2,0.005,0,0.17601246105919002
stable_all,0.2,0.005,1,0.43939393939393934
stable_all,0.2,0.005,2,0.43939393939393934
stable_all,0.2,0.005,3,0.25900900900900903
stable_all,0.2,0.01,0,0.1761006289308176
stable_all,0.2,0.01,1,0.4388888888888889
stable_all,0.2,0.01,2,0.4388888888888889
stable_all,0.2,0.01,3,0.25900900900900903
stable_all,0.2,0.02,0,0.17592592592592593
stable_all,0.2,0.02,1,0.4286840031520882
stable_all,0.2,0.02,2,0.43939393939393934
stable_all,0.2,0.02,3,0.25900900900900903
stable_all,0.2,0.03,0,0.17601246105919002
stable_all,0.2,0.03,1,0.4282407407407407
stable_all,0.2,0.03,2,0.43939393939393934
stable_all,0.2,0.03,3,0.25900900900900903
stable_all,0.2,0.038538810670601456,0,0.17601246105919002
stable_all,0.2,0.038538810670601456,1,0.4282407407407407
stable_all,0.2,0.038538810670601456,2,0.43939393939393934
stable_all,0.2,0.038538810670601456,3,0.25900900900900903
stable_all,0.2,0.049507997596815526,0,0.1761006289308176
stable_all,0.2,0.049507997596815526,1,0.4282407407407407
stable_all,0.2,0.049507997596815526,2,0.43939393939393934
stable_all,0.2,0.049507997596815526,3,0.25900900900900903
stable_all,0.2,0.06359931153547553,0,0.1761006289308176
stable_all,0.2,0.06359931153547553,1,0.4282407407407407
stable_all,0.2,0.06359931153547553,2,0.43939393939393934
stable_all,0.2,0.06359931153547553,3,0.2590909090909091
stable_all,0.2,0.08170139420154304,0,0.1761006289308176
stable_all,0.2,0.08170139420154304,1,0.4282407407407407
stable_all,0.2,0.08170139420154304,2,0.43939393939393934
stable_all,0.2,0.08170139420154304,3,0.2590909090909091
stable_all,0.2,0.10495581875524816,0,0.1761006289308176
stable_all,0.2,0.10495581875524816,1,0.4278155706727135
stable_all,0.2,0.10495581875524816,2,0.4388888888888889
stable_all,0.2,0.10495581875524816,3,0.24991505266734623
stable_all,0.2,0.1348290809262157,0,0.1761006289308176
stable_all,0.2,0.1348290809262157,1,0.4278155706727135
stable_all,0.2,0.1348290809262157,2,0.4388888888888889
stable_all,0.2,0.1348290809262157,3,0.24991505266734623
stable_all,0.2,0.17320508075688773,0,0.17619047619047618
stable_all,0.2,0.17320508075688773,1,0.41960784313725485
stable_all,0.2,0.17320508075688773,2,0.45079365079365075
stable_all,0.2,0.17320508075688773,3,0.24991505266734623
stable_all,0.2,0.2225039271491978,0,0.17656765676567657
stable_all,0.2,0.2225039271491978,1,0.4135472370766488
stable_all,0.2,0.2225039271491978,2,0.4518272425249169
stable_all,0.2,0.2225039271491978,3,0.243042071197411
stable_all,0.2,0.2858345573956079,0,0.17741935483870966
stable_all,0.2,0.2858345573956079,1,0.4064327485380117
stable_all,0.2,0.2858345573956079,2,0.45296167247386754
stable_all,0.2,0.2858345573956079,3,0.23717371737173715
stable_all,0.2,0.3671907963528168,0,0.17790262172284643
stable_all,0.2,0.3671907963528168,1,0.4021592442645074
stable_all,0.2,0.3671907963528168,2,0.4542124542124542
stable_all,0.2,0.3671907963528168,3,0.24420289855072463
stable_all,0.2,0.47170321935428616,0,0.18095238095238095
stable_all,0.2,0.47170321935428616,1,0.40185676392572944
stable_all,0.2,0.47170321935428616,2,0.46944444444444444
stable_all,0.2,0.47170321935428616,3,0.23917748917748916
stable_all,0.2,0.6059627021136009,0,0.1839080459770115
stable_all,0.2,0.6059627021136009,1,0.3927031509121061
stable_all,0.2,0.6059627021136009,2,0.49444444444444446
stable_all,0.2,0.6059627021136009,3,0.24176548089591568
stable_all,0.2,0.778436061673405,0,0.1893939393939394
stable_all,0.2,0.778436061673405,1,0.39390681003584227
stable_all,0.2,0.778436061673405,2,0.4989247311827957
stable_all,0.2,0.778436061673405,3,0.23519009725906276
stable_all,0.2,1.0,0,0.19791666666666666
stable_all,0.2,1.0,1,0.37834224598930477
stable_all,0.2,1.0,2,0.5011494252873563
stable_all,0.2,1.0,3,0.23007246376811594
stable_all,0.2,2.0,0,0.19791666666666666
stable_all,0.2,2.0,1,0.36636178861788615
stable_all,0.2,2.0,2,0.49105691056910566
stable_all,0.2,2.0,3,0.24588235294117647
stable_all,0.2,3.0,0,0.18992248062015504
stable_all,0.2,3.0,1,0.35888136686009026
stable_all,0.2,3.0,2,0.4657210401891253
stable_all,0.2,3.0,3,0.26111111111111107
stable_all,0.2,10.0,0,0.19523809523809524
stable_all,0.2,10.0,1,0.3526330300523849
stable_all,0.2,10.0,2,0.3996710526315789
stable_all,0.2,10.0,3,0.24833333333333332
stable_all,0.25,0.003,0,0.17584097859327216
stable_all,0.25,0.003,1,0.44166666666666665
stable_all,0.25,0.003,2,0.43939393939393934
stable_all,0.25,0.003,3,0.25900900900900903
stable_all,0.25,0.005,0,0.17575757575757575
stable_all,0.25,0.005,1,0.43992248062015504
stable_all,0.25,0.005,2,0.43939393939393934
stable_all,0.25,0.005,3,0.25900900900900903
stable_all,0.25,0.01,0,0.17575757575757575
stable_all,0.25,0.01,1,0.4384057971014492
stable_all,0.25,0.01,2,0.43939393939393934
stable_all,0.25,0.01,3,0.25900900900900903
stable_all,0.25,0.02,0,0.17575757575757575
stable_all,0.25,0.02,1,0.4379432624113475
stable_all,0.25,0.02,2,0.43939393939393934
stable_all,0.25,0.02,3,0.25900900900900903
stable_all,0.25,0.03,0,0.17567567567567566
stable_all,0.25,0.03,1,0.4286840031520882
stable_all,0.25,0.03,2,0.43939393939393934
stable_all,0.25,0.03,3,0.2590909090909091
stable_all,0.25,0.038538810670601456,0,0.17567567567567566
stable_all,0.25,0.038538810670601456,1,0.4286840031520882
stable_all,0.25,0.038538810670601456,2,0.4388888888888889
stable_all,0.25,0.038538810670601456,3,0.2590909090909091
stable_all,0.25,0.049507997596815526,0,0.17559523809523808
stable_all,0.25,0.049507997596815526,1,0.4282407407407407
stable_all,0.25,0.049507997596815526,2,0.4384057971014492
stable_all,0.25,0.049507997596815526,3,0.2590909090909091
stable_all,0.25,0.06359931153547553,0,0.17559523809523808
stable_all,0.25,0.06359931153547553,1,0.4282407407407407
stable_all,0.25,0.06359931153547553,2,0.4384057971014492
stable_all,0.25,0.06359931153547553,3,0.2590909090909091
stable_all,0.25,0.08170139420154304,0,0.17567567567567566
stable_all,0.25,0.08170139420154304,1,0.4282407407407407
stable_all,0.25,0.08170139420154304,2,0.4384057971014492
stable_all,0.25,0.08170139420154304,3,0.2591743119266055
stable_all,0.25,0.10495581875524816,0,0.17584097859327216
stable_all,0.25,0.10495581875524816,1,0.4278155706727135
stable_all,0.25,0.10495581875524816,2,0.42914653784219
stable_all,0.25,0.10495581875524816,3,0.25925925925925924
stable_all,0.25,0.1348290809262157,0,0.17584097859327216
stable_all,0.25,0.1348290809262157,1,0.4274074074074074
stable_all,0.25,0.1348290809262157,2,0.42914653784219
stable_all,0.25,0.1348290809262157,3,0.25
stable_all,0.25,0.17320508075688773,0,0.1764705882352941
stable_all,0.25,0.17320508075688773,1,0.4270152505446623
stable_all,0.25,0.17320508075688773,2,0.43013468013468015
stable_all,0.25,0.17320508075688773,3,0.25
stable_all,0.25,0.2225039271491978,0,0.17666666666666667
stable_all,0.25,0.2225039271491978,1,0.4270152505446623
stable_all,0.25,0.2225039271491978,2,0.45238095238095233
stable_all,0.25,0.2225039271491978,3,0.25008653513326407
stable_all,0.25,0.2858345573956079,0,0.17719298245614035
stable_all,0.25,0.2858345573956079,1,0.4124579124579124
stable_all,0.25,0.2858345573956079,2,0.44166666666666665
stable_all,0.25,0.2858345573956079,3,0.23717371737173715
stable_all,0.25,0.3671907963528168,0,0.17753623188405795
stable_all,0.25,0.3671907963528168,1,0.407070707070707
stable_all,0.25,0.3671907963528168,2,0.4423076923076923
stable_all,0.25,0.3671907963528168,3,0.23791102514506768
stable_all,0.25,0.47170321935428616,0,0.17932489451476794
stable_all,0.25,0.47170321935428616,1,0.4012820512820513
stable_all,0.25,0.47170321935428616,2,0.4579831932773109
stable_all,0.25,0.47170321935428616,3,0.23850868232890704
stable_all,0.25,0.6059627021136009,0,0.181592039800995
stable_all,0.25,0.6059627021136009,1,0.39734582357533177
stable_all,0.25,0.6059627021136009,2,0.4738562091503268
stable_all,0.25,0.6059627021136009,3,0.24741784037558687
stable_all,0.25,0.778436061673405,0,0.1879432624113475
stable_all,0.25,0.778436061673405,1,0.3927031509121061
stable_all,0.25,0.778436061673405,2,0.49696969696969695
stable_all,0.25,0.778436061673405,3,0.2272401433691756
stable_all,0.25,1.0,0,0.19607843137254902
stable_all,0.25,1.0,1,0.3821196827685652
stable_all,0.25,1.0,2,0.4989247311827957
stable_all,0.25,1.0,3,0.22756410256410256
stable_all,0.25,2.0,0,0.20666666666666667
stable_all,0.25,2.0,1,0.3648459383753501
stable_all,0.25,2.0,2,0.49105691056910566
stable_all,0.25,2.0,3,0.23941798941798942
stable_all,0.25,3.0,0,0.19791666666666666
stable_all,0.25,3.0,1,0.3595117845117845
stable_all,0.25,3.0,2,0.4671717171717171
stable_all,0.25,3.0,3,0.25277777777777777
stable_all,0.25,10.0,0,0.19523809523809524
stable_all,0.25,10.0,1,0.35317460317460314
stable_all,0.25,10.0,2,0.40797940797940796
stable_all,0.25,10.0,3,0.2471819645732689
stable_all,0.3,0.003,0,0.17628205128205127
stable_all,0.3,0.003,1,0.44047619047619047
stable_all,0.3,0.003,2,0.4317976513098464
stable_all,0.3,0.003,3,0.2589285714285714
stable_all,0.3,0.005,0,0.17628205128205127
stable_all,0.3,0.005,1,0.43992248062015504
stable_all,0.3,0.005,2,0.4317976513098464
stable_all,0.3,0.005,3,0.25900900900900903
stable_all,0.3,0.01,0,0.17592592592592593
stable_all,0.3,0.01,1,0.4375
stable_all,0.3,0.01,2,0.43013468013468015
stable_all,0.3,0.01,3,0.25900900900900903
stable_all,0.3,0.02,0,0.17592592592592593
stable_all,0.3,0.02,1,0.4375
stable_all,0.3,0.02,2,0.42272727272727273
stable_all,0.3,0.02,3,0.25900900900900903
stable_all,0.3,0.03,0,0.17592592592592593
stable_all,0.3,0.03,1,0.4375
stable_all,0.3,0.03,2,0.42272727272727273
stable_all,0.3,0.03,3,0.25900900900900903
stable_all,0.3,0.038538810670601456,0,0.17592592592592593
stable_all,0.3,0.038538810670601456,1,0.4375
stable_all,0.3,0.038538810670601456,2,0.42272727272727273
stable_all,0.3,0.038538810670601456,3,0.25900900900900903
stable_all,0.3,0.049507997596815526,0,0.17592592592592593
stable_all,0.3,0.049507997596815526,1,0.4375
stable_all,0.3,0.049507997596815526,2,0.41666666666666663
stable_all,0.3,0.049507997596815526,3,0.25900900900900903
stable_all,0.3,0.06359931153547553,0,0.17592592592592593
stable_all,0.3,0.06359931153547553,1,0.4375
stable_all,0.3,0.06359931153547553,2,0.4296296296296296
stable_all,0.3,0.06359931153547553,3,0.25900900900900903
stable_all,0.3,0.08170139420154304,0,0.17619047619047618
stable_all,0.3,0.08170139420154304,1,0.4278155706727135
stable_all,0.3,0.08170139420154304,2,0.43013468013468015
stable_all,0.3,0.08170139420154304,3,0.25900900900900903
stable_all,0.3,0.10495581875524816,0,0.1764705882352941
stable_all,0.3,0.10495581875524816,1,0.4270152505446623
stable_all,0.3,0.10495581875524816,2,0.42272727272727273
stable_all,0.3,0.10495581875524816,3,0.25900900900900903
stable_all,0.3,0.1348290809262157,0,0.1764705882352941
stable_all,0.3,0.1348290809262157,1,0.4266381766381766
stable_all,0.3,0.1348290809262157,2,0.42272727272727273
stable_all,0.3,0.1348290809262157,3,0.24974974974974973
stable_all,0.3,0.17320508075688773,0,0.17656765676567657
stable_all,0.3,0.17320508075688773,1,0.4270152505446623
stable_all,0.3,0.17320508075688773,2,0.42272727272727273
stable_all,0.3,0.17320508075688773,3,0.24974974974974973
stable_all,0.3,0.2225039271491978,0,0.17666666666666667
stable_all,0.3,0.2225039271491978,1,0.4270152505446623
stable_all,0.3,0.2225039271491978,2,0.424390243902439
stable_all,0.3,0.2225039271491978,3,0.2425925925925926
stable_all,0.3,0.2858345573956079,0,0.1769759450171821
stable_all,0.3,0.2858345573956079,1,0.42526455026455023
stable_all,0.3,0.2858345573956079,2,0.43304843304843305
stable_all,0.3,0.2858345573956079,3,0.23679653679653678
stable_all,0.3,0.3671907963528168,0,0.17829457364341084
stable_all,0.3,0.3671907963528168,1,0.4124579124579124
stable_all,0.3,0.3671907963528168,2,0.44369369369369366
stable_all,0.3,0.3671907963528168,3,0.23717371737173715
stable_all,0.3,0.47170321935428616,0,0.17965367965367965
stable_all,0.3,0.47170321935428616,1,0.4061302681992337
stable_all,0.3,0.47170321935428616,2,0.4444444444444444
stable_all,0.3,0.47170321935428616,3,0.23263888888888887
stable_all,0.3,0.6059627021136009,0,0.1827956989247312
stable_all,0.3,0.6059627021136009,1,0.39999999999999997
stable_all,0.3,0.6059627021136009,2,0.4608294930875576
stable_all,0.3,0.6059627021136009,3,0.23504273504273504
stable_all,0.3,0.778436061673405,0,0.1879432624113475
stable_all,0.3,0.778436061673405,1,0.3927031509121061
stable_all,0.3,0.778436061673405,2,0.4588744588744589
stable_all,0.3,0.778436061673405,3,0.2304147465437788
stable_all,0.3,1.0,0,0.19444444444444442
stable_all,0.3,1.0,1,0.38357256778309406
stable_all,0.3,1.0,2,0.4738562091503268
stable_all,0.3,1.0,3,0.23151927437641723
stable_all,0.3,2.0,0,0.1989247311827957
stable_all,0.3,2.0,1,0.36666666666666664
stable_all,0.3,2.0,2,0.49369369369369365
stable_all,0.3,2.0,3,0.24036511156186613
stable_all,0.3,3.0,0,0.20512820512820512
stable_all,0.3,3.0,1,0.3595959595959596
stable_all,0.3,3.0,2,0.46825396825396826
stable_all,0.3,3.0,3,0.24216524216524216
stable_all,0.3,10.0,0,0.19523809523809524
stable_all,0.3,10.0,1,0.3531135531135531
stable_all,0.3,10.0,2,0.41893939393939394
stable_all,0.3,10.0,3,0.24937343358395989
stable_all,0.4,0.003,0,0.17719298245614035
stable_all,0.4,0.003,1,0.4548872180451128
stable_all,0.4,0.003,2,0.4337231968810916
stable_all,0.4,0.003,3,0.24974974974974973
stable_all,0.4,0.005,0,0.17719298245614035
stable_all,0.4,0.005,1,0.4548872180451128
stable_all,0.4,0.005,2,0.4337231968810916
stable_all,0.4,0.005,3,0.24974974974974973
stable_all,0.4,0.01,0,0.17719298245614035
stable_all,0.4,0.01,1,0.4535714285714285
stable_all,0.4,0.01,2,0.4344344344344344
stable_all,0.4,0.01,3,0.24974974974974973
stable_all,0.4,0.02,0,0.1769759450171821
stable_all,0.4,0.02,1,0.45238095238095233
stable_all,0.4,0.02,2,0.4337231968810916
stable_all,0.4,0.02,3,0.24974974974974973
stable_all,0.4,0.03,0,0.1769759450171821
stable_all,0.4,0.03,1,0.45238095238095233
stable_all,0.4,0.03,2,0.4337231968810916
stable_all,0.4,0.03,3,0.24974974974974973
stable_all,0.4,0.038538810670601456,0,0.17708333333333331
stable_all,0.4,0.038538810670601456,1,0.4518272425249169
stable_all,0.4,0.038538810670601456,2,0.4337231968810916
stable_all,0.4,0.038538810670601456,3,0.24974974974974973
stable_all,0.4,0.049507997596815526,0,0.17719298245614035
stable_all,0.4,0.049507997596815526,1,0.4518272425249169
stable_all,0.4,0.049507997596815526,2,0.4337231968810916
stable_all,0.4,0.049507997596815526,3,0.24974974974974973
stable_all,0.4,0.06359931153547553,0,0.17719298245614035
stable_all,0.4,0.06359931153547553,1,0.4518272425249169
stable_all,0.4,0.06359931153547553,2,0.4337231968810916
stable_all,0.4,0.06359931153547553,3,0.25900900900900903
stable_all,0.4,0.08170139420154304,0,0.17708333333333331
stable_all,0.4,0.08170139420154304,1,0.4512987012987013
stable_all,0.4,0.08170139420154304,2,0.43304843304843305
stable_all,0.4,0.08170139420154304,3,0.2589285714285714
stable_all,0.4,0.10495581875524816,0,0.17730496453900707
stable_all,0.4,0.10495581875524816,1,0.44897959183673464
stable_all,0.4,0.10495581875524816,2,0.41893939393939394
stable_all,0.4,0.10495581875524816,3,0.2589285714285714
stable_all,0.4,0.1348290809262157,0,0.17730496453900707
stable_all,0.4,0.1348290809262157,1,0.44857142857142857
stable_all,0.4,0.1348290809262157,2,0.4195804195804196
stable_all,0.4,0.1348290809262157,3,0.2589285714285714
stable_all,0.4,0.17320508075688773,0,0.17719298245614035
stable_all,0.4,0.17320508075688773,1,0.44857142857142857
stable_all,0.4,0.17320508075688773,2,0.427027027027027
stable_all,0.4,0.17320508075688773,3,0.24974974974974973
stable_all,0.4,0.2225039271491978,0,0.17777777777777776
stable_all,0.4,0.2225039271491978,1,0.44780219780219777
stable_all,0.4,0.2225039271491978,2,0.427027027027027
stable_all,0.4,0.2225039271491978,3,0.24983164983164982
stable_all,0.4,0.2858345573956079,0,0.17843137254901958
stable_all,0.4,0.2858345573956079,1,0.42627533193570927
stable_all,0.4,0.2858345573956079,2,0.42777777777777776
stable_all,0.4,0.2858345573956079,3,0.24250764525993884
stable_all,0.4,0.3671907963528168,0,0.17901234567901234
stable_all,0.4,0.3671907963528168,1,0.4249512670565302
stable_all,0.4,0.3671907963528168,2,0.42857142857142855
stable_all,0.4,0.3671907963528168,3,0.23698146513680493
stable_all,0.4,0.47170321935428616,0,0.17965367965367965
stable_all,0.4,0.47170321935428616,1,0.4050179211469534
stable_all,0.4,0.47170321935428616,2,0.43681917211328974
stable_all,0.4,0.47170321935428616,3,0.23253150057273766
stable_all,0.4,0.6059627021136009,0,0.18253968253968253
stable_all,0.4,0.6059627021136009,1,0.3997668997668997
stable_all,0.4,0.6059627021136009,2,0.4377104377104377
stable_all,0.4,0.6059627021136009,3,0.2338501291989664
stable_all,0.4,0.778436061673405,0,0.1875
stable_all,0.4,0.778436061673405,1,0.39248366013071895
stable_all,0.4,0.778436061673405,2,0.4579831932773109
stable_all,0.4,0.778436061673405,3,0.23357371794871795
stable_all,0.4,1.0,0,0.1923076923076923
stable_all,0.4,1.0,1,0.3867638129933212
stable_all,0.4,1.0,2,0.4588744588744589
stable_all,0.4,1.0,3,0.229979035639413
stable_all,0.4,2.0,0,0.2037037037037037
stable_all,0.4,2.0,1,0.3655388471177945
stable_all,0.4,2.0,2,0.446078431372549
stable_all,0.4,2.0,3,0.24572649572649571
stable_all,0.4,3.0,0,0.20238095238095238
stable_all,0.4,3.0,1,0.3629273504273504
stable_all,0.4,3.0,2,0.43121693121693117
stable_all,0.4,3.0,3,0.24141414141414141
stable_all,0.4,10.0,0,0.19444444444444442
stable_all,0.4,10.0,1,0.3541531473069435
stable_all,0.4,10.0,2,0.41434755720470007
stable_all,0.4,10.0,3,0.25
