candidate,nu,gamma_multiplier,fold,AP
stable_derived,0.001,0.003,0,0.1467391304347826
stable_derived,0.001,0.003,1,0.49107142857142855
stable_derived,0.001,0.003,2,0.4142156862745098
stable_derived,0.001,0.003,3,0.40598758671047824
stable_derived,0.001,0.005,0,0.1467391304347826
stable_derived,0.001,0.005,1,0.48120300751879697
stable_derived,0.001,0.005,2,0.4125490196078431
stable_derived,0.001,0.005,3,0.4054336468129571
stable_derived,0.001,0.01,0,0.14772727272727273
stable_derived,0.001,0.01,1,0.4574074074074074
stable_derived,0.001,0.01,2,0.3996710526315789
stable_derived,0.001,0.01,3,0.3961096374889478
stable_derived,0.001,0.02,0,0.1488095238095238
stable_derived,0.001,0.02,1,0.4365079365079365
stable_derived,0.001,0.02,2,0.3849129593810445
stable_derived,0.001,0.02,3,0.3922705314009662
stable_derived,0.001,0.03,0,0.15064102564102563
stable_derived,0.001,0.03,1,0.39457690509583915
stable_derived,0.001,0.03,2,0.3622236128493951
stable_derived,0.001,0.03,3,0.38504611330698285
stable_derived,0.001,0.038538810670601456,0,0.14939024390243902
stable_derived,0.001,0.038538810670601456,1,0.3874458874458874
stable_derived,0.001,0.038538810670601456,2,0.3601038588951562
stable_derived,0.001,0.038538810670601456,3,0.37706093189964157
stable_derived,0.001,0.049507997596815526,0,0.1527777777777778
stable_derived,0.001,0.049507997596815526,1,0.39250744997871434
stable_derived,0.001,0.049507997596815526,2,0.3614066193853428
stable_derived,0.001,0.049507997596815526,3,0.3862781954887218
stable_derived,0.001,0.06359931153547553,0,0.1488095238095238
stable_derived,0.001,0.06359931153547553,1,0.39373897707231037
stable_derived,0.001,0.06359931153547553,2,0.36218347862183475
stable_derived,0.001,0.06359931153547553,3,0.3825396825396825
stable_derived,0.001,0.08170139420154304,0,0.1488095238095238
stable_derived,0.001,0.08170139420154304,1,0.3904761904761905
stable_derived,0.001,0.08170139420154304,2,0.3640350877192982
stable_derived,0.001,0.08170139420154304,3,0.3852957435046987
stable_derived,0.001,0.10495581875524816,0,0.14627659574468085
stable_derived,0.001,0.10495581875524816,1,0.37996820349761523
stable_derived,0.001,0.10495581875524816,2,0.36609907120743035
stable_derived,0.001,0.10495581875524816,3,0.22150735294117646
stable_derived,0.001,0.1348290809262157,0,0.14627659574468085
stable_derived,0.001,0.1348290809262157,1,0.37481759432978945
stable_derived,0.001,0.1348290809262157,2,0.3694444444444444
stable_derived,0.001,0.1348290809262157,3,0.23015873015873015
stable_derived,0.001,0.17320508075688773,0,0.14583333333333334
stable_derived,0.001,0.17320508075688773,1,0.37526743688489517
stable_derived,0.001,0.17320508075688773,2,0.3775252525252525
stable_derived,0.001,0.17320508075688773,3,0.23861566484517305
stable_derived,0.001,0.2225039271491978,0,0.14540816326530612
stable_derived,0.001,0.2225039271491978,1,0.37587719298245614
stable_derived,0.001,0.2225039271491978,2,0.38095238095238093
stable_derived,0.001,0.2225039271491978,3,0.24946236559139787
stable_derived,0.001,0.2858345573956079,0,0.14423076923076922
stable_derived,0.001,0.2858345573956079,1,0.37816764132553604
stable_derived,0.001,0.2858345573956079,2,0.39657738095238093
stable_derived,0.001,0.2858345573956079,3,0.25713418336369154
stable_derived,0.001,0.3671907963528168,0,0.1446078431372549
stable_derived,0.001,0.3671907963528168,1,0.3765182186234818
stable_derived,0.001,0.3671907963528168,2,0.41033283656234476
stable_derived,0.001,0.3671907963528168,3,0.2563657407407407
stable_derived,0.001,0.47170321935428616,0,0.1446078431372549
stable_derived,0.001,0.47170321935428616,1,0.37587719298245614
stable_derived,0.001,0.47170321935428616,2,0.41587301587301584
stable_derived,0.001,0.47170321935428616,3,0.25482524778299426
stable_derived,0.001,0.6059627021136009,0,0.14351851851851852
stable_derived,0.001,0.6059627021136009,1,0.369424743892829
stable_derived,0.001,0.6059627021136009,2,0.43159203980099503
stable_derived,0.001,0.6059627021136009,3,0.2537277537277537
stable_derived,0.001,0.778436061673405,0,0.14351851851851852
stable_derived,0.001,0.778436061673405,1,0.36184798807749624
stable_derived,0.001,0.778436061673405,2,0.4426559356136821
stable_derived,0.001,0.778436061673405,3,0.2621951219512195
stable_derived,0.001,1.0,0,0.1446078431372549
stable_derived,0.001,1.0,1,0.3587550487051556
stable_derived,0.001,1.0,2,0.4219001610305958
stable_derived,0.001,1.0,3,0.29059829059829057
stable_derived,0.001,2.0,0,0.14540816326530612
stable_derived,0.001,2.0,1,0.3564082278481012
stable_derived,0.001,2.0,2,0.409297052154195
stable_derived,0.001,2.0,3,0.3169491525423729
stable_derived,0.001,3.0,0,0.14583333333333334
stable_derived,0.001,3.0,1,0.3581511839708561
stable_derived,0.001,3.0,2,0.39693926351028214
stable_derived,0.001,3.0,3,0.35833333333333334
stable_derived,0.001,10.0,0,0.15725806451612903
stable_derived,0.001,10.0,1,0.3973973973973974
stable_derived,0.001,10.0,2,0.3817391304347826
stable_derived,0.001,10.0,3,0.2481060606060606
stable_derived,0.0025,0.003,0,0.1467391304347826
stable_derived,0.0025,0.003,1,0.49107142857142855
stable_derived,0.0025,0.003,2,0.4142156862745098
stable_derived,0.0025,0.003,3,0.40598758671047824
stable_derived,0.0025,0.005,0,0.1467391304347826
stable_derived,0.0025,0.005,1,0.48120300751879697
stable_derived,0.0025,0.005,2,0.4125490196078431
stable_derived,0.0025,0.005,3,0.4054336468129571
stable_derived,0.0025,0.01,0,0.14772727272727273
stable_derived,0.0025,0.01,1,0.4574074074074074
stable_derived,0.0025,0.01,2,0.3996710526315789
stable_derived,0.0025,0.01,3,0.3961096374889478
stable_derived,0.0025,0.02,0,0.1488095238095238
stable_derived,0.0025,0.02,1,0.4365079365079365
stable_derived,0.0025,0.02,2,0.3849129593810445
stable_derived,0.0025,0.02,3,0.39206349206349206
stable_derived,0.0025,0.03,0,0.15064102564102563
stable_derived,0.0025,0.03,1,0.39457690509583915
stable_derived,0.0025,0.03,2,0.3622236128493951
stable_derived,0.0025,0.03,3,0.38504611330698285
stable_derived,0.0025,0.038538810670601456,0,0.14939024390243902
stable_derived,0.0025,0.038538810670601456,1,0.3883928571428571
stable_derived,0.0025,0.038538810670601456,2,0.3601038588951562
stable_derived,0.0025,0.038538810670601456,3,0.37777777777777777
stable_derived,0.0025,0.049507997596815526,0,0.1527777777777778
stable_derived,0.0025,0.049507997596815526,1,0.39250744997871434
stable_derived,0.0025,0.049507997596815526,2,0.3617149758454106
stable_derived,0.0025,0.049507997596815526,3,0.3862781954887218
stable_derived,0.0025,0.06359931153547553,0,0.1488095238095238
stable_derived,0.0025,0.06359931153547553,1,0.39373897707231037
stable_derived,0.0025,0.06359931153547553,2,0.36218347862183475
stable_derived,0.0025,0.06359931153547553,3,0.3825396825396825
stable_derived,0.0025,0.08170139420154304,0,0.1488095238095238
stable_derived,0.0025,0.08170139420154304,1,0.3904761904761905
stable_derived,0.0025,0.08170139420154304,2,0.36421052631578943
stable_derived,0.0025,0.08170139420154304,3,0.3852957435046987
stable_derived,0.0025,0.10495581875524816,0,0.14627659574468085
stable_derived,0.0025,0.10495581875524816,1,0.37925696594427244
stable_derived,0.0025,0.10495581875524816,2,0.36609907120743035
stable_derived,0.0025,0.10495581875524816,3,0.22150735294117646
stable_derived,0.0025,0.1348290809262157,0,0.14627659574468085
stable_derived,0.0025,0.1348290809262157,1,0.374390243902439
stable_derived,0.0025,0.1348290809262157,2,0.3694444444444444
stable_derived,0.0025,0.1348290809262157,3,0.23015873015873015
stable_derived,0.0025,0.17320508075688773,0,0.14627659574468085
stable_derived,0.0025,0.17320508075688773,1,0.37574159525379036
stable_derived,0.0025,0.17320508075688773,2,0.3775252525252525
stable_derived,0.0025,0.17320508075688773,3,0.23888888888888887
stable_derived,0.0025,0.2225039271491978,0,0.14540816326530612
stable_derived,0.0025,0.2225039271491978,1,0.37587719298245614
stable_derived,0.0025,0.2225039271491978,2,0.38095238095238093
stable_derived,0.0025,0.2225039271491978,3,0.24946236559139787
stable_derived,0.0025,0.2858345573956079,0,0.14423076923076922
stable_derived,0.0025,0.2858345573956079,1,0.37816764132553604
stable_derived,0.0025,0.2858345573956079,2,0.39657738095238093
stable_derived,0.0025,0.2858345573956079,3,0.25713418336369154
stable_derived,0.0025,0.3671907963528168,0,0.1446078431372549
stable_derived,0.0025,0.3671907963528168,1,0.3765182186234818
stable_derived,0.0025,0.3671907963528168,2,0.41033283656234476
stable_derived,0.0025,0.3671907963528168,3,0.2566137566137566
stable_derived,0.0025,0.47170321935428616,0,0.1446078431372549
stable_derived,0.0025,0.47170321935428616,1,0.37587719298245614
stable_derived,0.0025,0.47170321935428616,2,0.41587301587301584
stable_derived,0.0025,0.47170321935428616,3,0.25482524778299426
stable_derived,0.0025,0.6059627021136009,0,0.14351851851851852
stable_derived,0.0025,0.6059627021136009,1,0.369424743892829
stable_derived,0.0025,0.6059627021136009,2,0.42233278054173573
stable_derived,0.0025,0.6059627021136009,3,0.2537277537277537
stable_derived,0.0025,0.778436061673405,0,0.14351851851851852
stable_derived,0.0025,0.778436061673405,1,0.36184798807749624
stable_derived,0.0025,0.778436061673405,2,0.4426559356136821
stable_derived,0.0025,0.778436061673405,3,0.2621951219512195
stable_derived,0.0025,1.0,0,0.1446078431372549
stable_derived,0.0025,1.0,1,0.3587550487051556
stable_derived,0.0025,1.0,2,0.4219001610305958
stable_derived,0.0025,1.0,3,0.29059829059829057
stable_derived,0.0025,2.0,0,0.14540816326530612
stable_derived,0.0025,2.0,1,0.3564082278481012
stable_derived,0.0025,2.0,2,0.409297052154195
stable_derived,0.0025,2.0,3,0.3169491525423729
stable_derived,0.0025,3.0,0,0.14540816326530612
stable_derived,0.0025,3.0,1,0.3581511839708561
stable_derived,0.0025,3.0,2,0.39693926351028214
stable_derived,0.0025,3.0,3,0.35833333333333334
stable_derived,0.0025,10.0,0,0.15725806451612903
stable_derived,0.0025,10.0,1,0.3973973973973974
stable_derived,0.0025,10.0,2,0.3817391304347826
stable_derived,0.0025,10.0,3,0.2481060606060606
stable_derived,0.005,0.003,0,0.1467391304347826
stable_derived,0.005,0.003,1,0.49107142857142855
stable_derived,0.005,0.003,2,0.4142156862745098
stable_derived,0.005,0.003,3,0.40598758671047824
stable_derived,0.005,0.005,0,0.1467391304347826
stable_derived,0.005,0.005,1,0.48120300751879697
stable_derived,0.005,0.005,2,0.4125490196078431
stable_derived,0.005,0.005,3,0.4054336468129571
stable_derived,0.005,0.01,0,0.14772727272727273
stable_derived,0.005,0.01,1,0.4574074074074074
stable_derived,0.005,0.01,2,0.3996710526315789
stable_derived,0.005,0.01,3,0.3961096374889478
stable_derived,0.005,0.02,0,0.1488095238095238
stable_derived,0.005,0.02,1,0.4365079365079365
stable_derived,0.005,0.02,2,0.3849129593810445
stable_derived,0.005,0.02,3,0.39206349206349206
stable_derived,0.005,0.03,0,0.15064102564102563
stable_derived,0.005,0.03,1,0.39457690509583915
stable_derived,0.005,0.03,2,0.3622236128493951
stable_derived,0.005,0.03,3,0.38504611330698285
stable_derived,0.005,0.038538810670601456,0,0.14939024390243902
stable_derived,0.005,0.038538810670601456,1,0.38940092165898615
stable_derived,0.005,0.038538810670601456,2,0.3601038588951562
stable_derived,0.005,0.038538810670601456,3,0.378544061302682
stable_derived,0.005,0.049507997596815526,0,0.1527777777777778
stable_derived,0.005,0.049507997596815526,1,0.39373897707231037
stable_derived,0.005,0.049507997596815526,2,0.36152471709350803
stable_derived,0.005,0.049507997596815526,3,0.3862781954887218
stable_derived,0.005,0.06359931153547553,0,0.1488095238095238
stable_derived,0.005,0.06359931153547553,1,0.39373897707231037
stable_derived,0.005,0.06359931153547553,2,0.36218347862183475
stable_derived,0.005,0.06359931153547553,3,0.3825396825396825
stable_derived,0.005,0.08170139420154304,0,0.14939024390243902
stable_derived,0.005,0.08170139420154304,1,0.3904761904761905
stable_derived,0.005,0.08170139420154304,2,0.36421052631578943
stable_derived,0.005,0.08170139420154304,3,0.3852957435046987
stable_derived,0.005,0.10495581875524816,0,0.14627659574468085
stable_derived,0.005,0.10495581875524816,1,0.37925696594427244
stable_derived,0.005,0.10495581875524816,2,0.36609907120743035
stable_derived,0.005,0.10495581875524816,3,0.22150735294117646
stable_derived,0.005,0.1348290809262157,0,0.14627659574468085
stable_derived,0.005,0.1348290809262157,1,0.37481759432978945
stable_derived,0.005,0.1348290809262157,2,0.3694444444444444
stable_derived,0.005,0.1348290809262157,3,0.23015873015873015
stable_derived,0.005,0.17320508075688773,0,0.14627659574468085
stable_derived,0.005,0.17320508075688773,1,0.37574159525379036
stable_derived,0.005,0.17320508075688773,2,0.3775252525252525
stable_derived,0.005,0.17320508075688773,3,0.23888888888888887
stable_derived,0.005,0.2225039271491978,0,0.14540816326530612
stable_derived,0.005,0.2225039271491978,1,0.37587719298245614
stable_derived,0.005,0.2225039271491978,2,0.38095238095238093
stable_derived,0.005,0.2225039271491978,3,0.24946236559139787
stable_derived,0.005,0.2858345573956079,0,0.14423076923076922
stable_derived,0.005,0.2858345573956079,1,0.37816764132553604
stable_derived,0.005,0.2858345573956079,2,0.39657738095238093
stable_derived,0.005,0.2858345573956079,3,0.25713418336369154
stable_derived,0.005,0.3671907963528168,0,0.1446078431372549
stable_derived,0.005,0.3671907963528168,1,0.3765182186234818
stable_derived,0.005,0.3671907963528168,2,0.41033283656234476
stable_derived,0.005,0.3671907963528168,3,0.2566137566137566
stable_derived,0.005,0.47170321935428616,0,0.1446078431372549
stable_derived,0.005,0.47170321935428616,1,0.37587719298245614
stable_derived,0.005,0.47170321935428616,2,0.41587301587301584
stable_derived,0.005,0.47170321935428616,3,0.25482524778299426
stable_derived,0.005,0.6059627021136009,0,0.14351851851851852
stable_derived,0.005,0.6059627021136009,1,0.369424743892829
stable_derived,0.005,0.6059627021136009,2,0.42233278054173573
stable_derived,0.005,0.6059627021136009,3,0.2537277537277537
stable_derived,0.005,0.778436061673405,0,0.14351851851851852
stable_derived,0.005,0.778436061673405,1,0.36184798807749624
stable_derived,0.005,0.778436061673405,2,0.4426559356136821
stable_derived,0.005,0.778436061673405,3,0.2621951219512195
stable_derived,0.005,1.0,0,0.1446078431372549
stable_derived,0.005,1.0,1,0.3587550487051556
stable_derived,0.005,1.0,2,0.4219001610305958
stable_derived,0.005,1.0,3,0.29059829059829057
stable_derived,0.005,2.0,0,0.14540816326530612
stable_derived,0.005,2.0,1,0.3564082278481012
stable_derived,0.005,2.0,2,0.409297052154195
stable_derived,0.005,2.0,3,0.3169491525423729
stable_derived,0.005,3.0,0,0.14583333333333334
stable_derived,0.005,3.0,1,0.3581511839708561
stable_derived,0.005,3.0,2,0.39693926351028214
stable_derived,0.005,3.0,3,0.35833333333333334
stable_derived,0.005,10.0,0,0.15725806451612903
stable_derived,0.005,10.0,1,0.39544807965860596
stable_derived,0.005,10.0,2,0.3817391304347826
stable_derived,0.005,10.0,3,0.2481060606060606
stable_derived,0.01,0.003,0,0.1488095238095238
stable_derived,0.01,0.003,1,0.44657097288676234
stable_derived,0.01,0.003,2,0.3961988304093567
stable_derived,0.01,0.003,3,0.3876582278481012
stable_derived,0.01,0.005,0,0.14772727272727273
stable_derived,0.01,0.005,1,0.44657097288676234
stable_derived,0.01,0.005,2,0.39668615984405453
stable_derived,0.01,0.005,3,0.39147640791476407
stable_derived,0.01,0.01,0,0.14825581395348836
stable_derived,0.01,0.01,1,0.44657097288676234
stable_derived,0.01,0.01,2,0.3922305764411027
stable_derived,0.01,0.01,3,0.3850877192982456
stable_derived,0.01,0.02,0,0.14939024390243902
stable_derived,0.01,0.02,1,0.4346153846153846
stable_derived,0.01,0.02,2,0.38
stable_derived,0.01,0.02,3,0.3867521367521367
stable_derived,0.01,0.03,0,0.1513157894736842
stable_derived,0.01,0.03,1,0.425
stable_derived,0.01,0.03,2,0.3713924963924964
stable_derived,0.01,0.03,3,0.3967391304347826
stable_derived,0.01,0.038538810670601456,0,0.1467391304347826
stable_derived,0.01,0.038538810670601456,1,0.41384863123993554
stable_derived,0.01,0.038538810670601456,2,0.37171052631578944
stable_derived,0.01,0.038538810670601456,3,0.390406162464986
stable_derived,0.01,0.049507997596815526,0,0.1467391304347826
stable_derived,0.01,0.049507997596815526,1,0.4007803790412486
stable_derived,0.01,0.049507997596815526,2,0.36727063560540696
stable_derived,0.01,0.049507997596815526,3,0.3867638129933212
stable_derived,0.01,0.06359931153547553,0,0.15
stable_derived,0.01,0.06359931153547553,1,0.3984615384615384
stable_derived,0.01,0.06359931153547553,2,0.36538461538461536
stable_derived,0.01,0.06359931153547553,3,0.22126696832579185
stable_derived,0.01,0.08170139420154304,0,0.14825581395348836
stable_derived,0.01,0.08170139420154304,1,0.39162561576354676
stable_derived,0.01,0.08170139420154304,2,0.3643907064959696
stable_derived,0.01,0.08170139420154304,3,0.21908831908831908
stable_derived,0.01,0.10495581875524816,0,0.1467391304347826
stable_derived,0.01,0.10495581875524816,1,0.37996820349761523
stable_derived,0.01,0.10495581875524816,2,0.36609907120743035
stable_derived,0.01,0.10495581875524816,3,0.22150735294117646
stable_derived,0.01,0.1348290809262157,0,0.14627659574468085
stable_derived,0.01,0.1348290809262157,1,0.37481759432978945
stable_derived,0.01,0.1348290809262157,2,0.3694444444444444
stable_derived,0.01,0.1348290809262157,3,0.23015873015873015
stable_derived,0.01,0.17320508075688773,0,0.14627659574468085
stable_derived,0.01,0.17320508075688773,1,0.37574159525379036
stable_derived,0.01,0.17320508075688773,2,0.3775252525252525
stable_derived,0.01,0.17320508075688773,3,0.23888888888888887
stable_derived,0.01,0.2225039271491978,0,0.14540816326530612
stable_derived,0.01,0.2225039271491978,1,0.37587719298245614
stable_derived,0.01,0.2225039271491978,2,0.38095238095238093
stable_derived,0.01,0.2225039271491978,3,0.24946236559139787
stable_derived,0.01,0.2858345573956079,0,0.14423076923076922
stable_derived,0.01,0.2858345573956079,1,0.37816764132553604
stable_derived,0.01,0.2858345573956079,2,0.39657738095238093
stable_derived,0.01,0.2858345573956079,3,0.25713418336369154
stable_derived,0.01,0.3671907963528168,0,0.1446078431372549
stable_derived,0.01,0.3671907963528168,1,0.3765182186234818
stable_derived,0.01,0.3671907963528168,2,0.41033283656234476
stable_derived,0.01,0.3671907963528168,3,0.2566137566137566
stable_derived,0.01,0.47170321935428616,0,0.1446078431372549
stable_derived,0.01,0.47170321935428616,1,0.37587719298245614
stable_derived,0.01,0.47170321935428616,2,0.41587301587301584
stable_derived,0.01,0.47170321935428616,3,0.25482524778299426
stable_derived,0.01,0.6059627021136009,0,0.14351851851851852
stable_derived,0.01,0.6059627021136009,1,0.369424743892829
stable_derived,0.01,0.6059627021136009,2,0.42233278054173573
stable_derived,0.01,0.6059627021136009,3,0.2537277537277537
stable_derived,0.01,0.778436061673405,0,0.14351851851851852
stable_derived,0.01,0.778436061673405,1,0.36184798807749624
stable_derived,0.01,0.778436061673405,2,0.4426559356136821
stable_derived,0.01,0.778436061673405,3,0.2621951219512195
stable_derived,0.01,1.0,0,0.1446078431372549
stable_derived,0.01,1.0,1,0.3587550487051556
stable_derived,0.01,1.0,2,0.4219001610305958
stable_derived,0.01,1.0,3,0.29059829059829057
stable_derived,0.01,2.0,0,0.14540816326530612
stable_derived,0.01,2.0,1,0.3564082278481012
stable_derived,0.01,2.0,2,0.409297052154195
stable_derived,0.01,2.0,3,0.3169491525423729
stable_derived,0.01,3.0,0,0.14583333333333334
stable_derived,0.01,3.0,1,0.3581511839708561
stable_derived,0.01,3.0,2,0.39693926351028214
stable_derived,0.01,3.0,3,0.35833333333333334
stable_derived,0.01,10.0,0,0.15725806451612903
stable_derived,0.01,10.0,1,0.3973973973973974
stable_derived,0.01,10.0,2,0.3817391304347826
stable_derived,0.01,10.0,3,0.2481060606060606
stable_derived,0.015,0.003,0,0.14825581395348836
stable_derived,0.015,0.003,1,0.4606060606060606
stable_derived,0.015,0.003,2,0.4246031746031746
stable_derived,0.015,0.003,3,0.3867638129933212
stable_derived,0.015,0.005,0,0.14825581395348836
stable_derived,0.015,0.005,1,0.4653679653679654
stable_derived,0.015,0.005,2,0.4246031746031746
stable_derived,0.015,0.005,3,0.3862781954887218
stable_derived,0.015,0.01,0,0.14772727272727273
stable_derived,0.015,0.01,1,0.47086247086247085
stable_derived,0.015,0.01,2,0.42337164750957856
stable_derived,0.015,0.01,3,0.3978328173374613
stable_derived,0.015,0.02,0,0.1488095238095238
stable_derived,0.015,0.02,1,0.4434389140271493
stable_derived,0.015,0.02,2,0.40625
stable_derived,0.015,0.02,3,0.4010335917312661
stable_derived,0.015,0.03,0,0.14627659574468085
stable_derived,0.015,0.03,1,0.4138755980861244
stable_derived,0.015,0.03,2,0.38794326241134747
stable_derived,0.015,0.03,3,0.2265151515151515
stable_derived,0.015,0.038538810670601456,0,0.14627659574468085
stable_derived,0.015,0.038538810670601456,1,0.4007936507936508
stable_derived,0.015,0.038538810670601456,2,0.3782051282051282
stable_derived,0.015,0.038538810670601456,3,0.23182957393483708
stable_derived,0.015,0.049507997596815526,0,0.1488095238095238
stable_derived,0.015,0.049507997596815526,1,0.39444444444444443
stable_derived,0.015,0.049507997596815526,2,0.36960784313725487
stable_derived,0.015,0.049507997596815526,3,0.23461538461538461
stable_derived,0.015,0.06359931153547553,0,0.14939024390243902
stable_derived,0.015,0.06359931153547553,1,0.3819444444444444
stable_derived,0.015,0.06359931153547553,2,0.3676470588235294
stable_derived,0.015,0.06359931153547553,3,0.23382173382173382
stable_derived,0.015,0.08170139420154304,0,0.14772727272727273
stable_derived,0.015,0.08170139420154304,1,0.37996820349761523
stable_derived,0.015,0.08170139420154304,2,0.3674339300937766
stable_derived,0.015,0.08170139420154304,3,0.23382173382173382
stable_derived,0.015,0.10495581875524816,0,0.14722222222222223
stable_derived,0.015,0.10495581875524816,1,0.37816764132553604
stable_derived,0.015,0.10495581875524816,2,0.370607553366174
stable_derived,0.015,0.10495581875524816,3,0.23434216057166876
stable_derived,0.015,0.1348290809262157,0,0.14627659574468085
stable_derived,0.015,0.1348290809262157,1,0.376992376992377
stable_derived,0.015,0.1348290809262157,2,0.376984126984127
stable_derived,0.015,0.1348290809262157,3,0.25087719298245614
stable_derived,0.015,0.17320508075688773,0,0.14583333333333334
stable_derived,0.015,0.17320508075688773,1,0.37766714082503555
stable_derived,0.015,0.17320508075688773,2,0.37926136363636365
stable_derived,0.015,0.17320508075688773,3,0.25087719298245614
stable_derived,0.015,0.2225039271491978,0,0.14540816326530612
stable_derived,0.015,0.2225039271491978,1,0.376992376992377
stable_derived,0.015,0.2225039271491978,2,0.38575498575498574
stable_derived,0.015,0.2225039271491978,3,0.25798212005108556
stable_derived,0.015,0.2858345573956079,0,0.14423076923076922
stable_derived,0.015,0.2858345573956079,1,0.37816764132553604
stable_derived,0.015,0.2858345573956079,2,0.39340277777777777
stable_derived,0.015,0.2858345573956079,3,0.2574074074074074
stable_derived,0.015,0.3671907963528168,0,0.1446078431372549
stable_derived,0.015,0.3671907963528168,1,0.3765182186234818
stable_derived,0.015,0.3671907963528168,2,0.41033283656234476
stable_derived,0.015,0.3671907963528168,3,0.2566137566137566
stable_derived,0.015,0.47170321935428616,0,0.1446078431372549
stable_derived,0.015,0.47170321935428616,1,0.37587719298245614
stable_derived,0.015,0.47170321935428616,2,0.41587301587301584
stable_derived,0.015,0.47170321935428616,3,0.25482524778299426
stable_derived,0.015,0.6059627021136009,0,0.14351851851851852
stable_derived,0.015,0.6059627021136009,1,0.369424743892829
stable_derived,0.015,0.6059627021136009,2,0.42233278054173573
stable_derived,0.015,0.6059627021136009,3,0.2537277537277537
stable_derived,0.015,0.778436061673405,0,0.14351851851851852
stable_derived,0.015,0.778436061673405,1,0.36184798807749624
stable_derived,0.015,0.778436061673405,2,0.4426559356136821
stable_derived,0.015,0.778436061673405,3,0.2621951219512195
stable_derived,0.015,1.0,0,0.1446078431372549
stable_derived,0.015,1.0,1,0.3587550487051556
stable_derived,0.015,1.0,2,0.4219001610305958
stable_derived,0.015,1.0,3,0.29059829059829057
stable_derived,0.015,2.0,0,0.14540816326530612
stable_derived,0.015,2.0,1,0.3564082278481012
stable_derived,0.015,2.0,2,0.409297052154195
stable_derived,0.015,2.0,3,0.3169491525423729
stable_derived,0.015,3.0,0,0.14583333333333334
stable_derived,0.015,3.0,1,0.3581511839708561
stable_derived,0.015,3.0,2,0.39693926351028214
stable_derived,0.015,3.0,3,0.35833333333333334
stable_derived,0.015,10.0,0,0.15725806451612903
stable_derived,0.015,10.0,1,0.3973973973973974
stable_derived,0.015,10.0,2,0.3817391304347826
stable_derived,0.015,10.0,3,0.2481060606060606
stable_derived,0.02,0.003,0,0.14583333333333334
stable_derived,0.02,0.003,1,0.4564393939393939
stable_derived,0.02,0.003,2,0.4537037037037037
stable_derived,0.02,0.003,3,0.3910569105691057
stable_derived,0.02,0.005,0,0.14540816326530612
stable_derived,0.02,0.005,1,0.45555555555555555
stable_derived,0.02,0.005,2,0.44312169312169314
stable_derived,0.02,0.005,3,0.2222222222222222
stable_derived,0.02,0.01,0,0.14627659574468085
stable_derived,0.02,0.01,1,0.45604395604395603
stable_derived,0.02,0.01,2,0.41941391941391937
stable_derived,0.02,0.01,3,0.22474747474747475
stable_derived,0.02,0.02,0,0.14772727272727273
stable_derived,0.02,0.02,1,0.4037037037037037
stable_derived,0.02,0.02,2,0.3922305764411027
stable_derived,0.02,0.02,3,0.24614065180102915
stable_derived,0.02,0.03,0,0.1488095238095238
stable_derived,0.02,0.03,1,0.3926218708827404
stable_derived,0.02,0.03,2,0.37637362637362637
stable_derived,0.02,0.03,3,0.24422187981510016
stable_derived,0.02,0.038538810670601456,0,0.14825581395348836
stable_derived,0.02,0.038538810670601456,1,0.38659611992945325
stable_derived,0.02,0.038538810670601456,2,0.3720800889877642
stable_derived,0.02,0.038538810670601456,3,0.2434017595307918
stable_derived,0.02,0.049507997596815526,0,0.14825581395348836
stable_derived,0.02,0.049507997596815526,1,0.3826164874551971
stable_derived,0.02,0.049507997596815526,2,0.37083333333333335
stable_derived,0.02,0.049507997596815526,3,0.23434216057166876
stable_derived,0.02,0.06359931153547553,0,0.14772727272727273
stable_derived,0.02,0.06359931153547553,1,0.38186573670444635
stable_derived,0.02,0.06359931153547553,2,0.37386569872958253
stable_derived,0.02,0.06359931153547553,3,0.23461538461538461
stable_derived,0.02,0.08170139420154304,0,0.14772727272727273
stable_derived,0.02,0.08170139420154304,1,0.3825825825825826
stable_derived,0.02,0.08170139420154304,2,0.3765182186234818
stable_derived,0.02,0.08170139420154304,3,0.2445141065830721
stable_derived,0.02,0.10495581875524816,0,0.14722222222222223
stable_derived,0.02,0.10495581875524816,1,0.3825825825825826
stable_derived,0.02,0.10495581875524816,2,0.3796296296296296
stable_derived,0.02,0.10495581875524816,3,0.25087719298245614
stable_derived,0.02,0.1348290809262157,0,0.14627659574468085
stable_derived,0.02,0.1348290809262157,1,0.38210678210678206
stable_derived,0.02,0.1348290809262157,2,0.3796296296296296
stable_derived,0.02,0.1348290809262157,3,0.2511904761904762
stable_derived,0.02,0.17320508075688773,0,0.14583333333333334
stable_derived,0.02,0.17320508075688773,1,0.3815126050420168
stable_derived,0.02,0.17320508075688773,2,0.3851851851851852
stable_derived,0.02,0.17320508075688773,3,0.25087719298245614
stable_derived,0.02,0.2225039271491978,0,0.14540816326530612
stable_derived,0.02,0.2225039271491978,1,0.37996820349761523
stable_derived,0.02,0.2225039271491978,2,0.39285714285714285
stable_derived,0.02,0.2225039271491978,3,0.2585978835978836
stable_derived,0.02,0.2858345573956079,0,0.14423076923076922
stable_derived,0.02,0.2858345573956079,1,0.3794079794079794
stable_derived,0.02,0.2858345573956079,2,0.40674603174603174
stable_derived,0.02,0.2858345573956079,3,0.25798212005108556
stable_derived,0.02,0.3671907963528168,0,0.1446078431372549
stable_derived,0.02,0.3671907963528168,1,0.37766714082503555
stable_derived,0.02,0.3671907963528168,2,0.4111807732497388
stable_derived,0.02,0.3671907963528168,3,0.2566137566137566
stable_derived,0.02,0.47170321935428616,0,0.1446078431372549
stable_derived,0.02,0.47170321935428616,1,0.37587719298245614
stable_derived,0.02,0.47170321935428616,2,0.41587301587301584
stable_derived,0.02,0.47170321935428616,3,0.25482524778299426
stable_derived,0.02,0.6059627021136009,0,0.14351851851851852
stable_derived,0.02,0.6059627021136009,1,0.369424743892829
stable_derived,0.02,0.6059627021136009,2,0.42233278054173573
stable_derived,0.02,0.6059627021136009,3,0.2537277537277537
stable_derived,0.02,0.778436061673405,0,0.14351851851851852
stable_derived,0.02,0.778436061673405,1,0.36184798807749624
stable_derived,0.02,0.778436061673405,2,0.4426559356136821
stable_derived,0.02,0.778436061673405,3,0.2621951219512195
stable_derived,0.02,1.0,0,0.1446078431372549
stable_derived,0.02,1.0,1,0.3587550487051556
stable_derived,0.02,1.0,2,0.4219001610305958
stable_derived,0.02,1.0,3,0.29059829059829057
stable_derived,0.02,2.0,0,0.14540816326530612
stable_derived,0.02,2.0,1,0.3564082278481012
stable_derived,0.02,2.0,2,0.409297052154195
stable_derived,0.02,2.0,3,0.3169491525423729
stable_derived,0.02,3.0,0,0.14583333333333334
stable_derived,0.02,3.0,1,0.3581511839708561
stable_derived,0.02,3.0,2,0.39693926351028214
stable_derived,0.02,3.0,3,0.35833333333333334
stable_derived,0.02,10.0,0,0.15725806451612903
stable_derived,0.02,10.0,1,0.3973973973973974
stable_derived,0.02,10.0,2,0.3817391304347826
stable_derived,0.02,10.0,3,0.2481060606060606
stable_derived,0.025,0.003,0,0.1446078431372549
stable_derived,0.025,0.003,1,0.4471153846153846
stable_derived,0.025,0.003,2,0.4230769230769231
stable_derived,0.025,0.003,3,0.22802197802197802
stable_derived,0.025,0.005,0,0.14285714285714285
stable_derived,0.025,0.005,1,0.45604395604395603
stable_derived,0.025,0.005,2,0.4284221525600836
stable_derived,0.025,0.005,3,0.2222222222222222
stable_derived,0.025,0.01,0,0.14583333333333334
stable_derived,0.025,0.01,1,0.4304093567251462
stable_derived,0.025,0.01,2,0.4233511586452763
stable_derived,0.025,0.01,3,0.24305555555555555
stable_derived,0.025,0.02,0,0.14722222222222223
stable_derived,0.025,0.02,1,0.3939393939393939
stable_derived,0.025,0.02,2,0.39120370370370366
stable_derived,0.025,0.02,3,0.23946360153256704
stable_derived,0.025,0.03,0,0.14772727272727273
stable_derived,0.025,0.03,1,0.3840996168582375
stable_derived,0.025,0.03,2,0.3796296296296296
stable_derived,0.025,0.03,3,0.25028248587570623
stable_derived,0.025,0.038538810670601456,0,0.14722222222222223
stable_derived,0.025,0.038538810670601456,1,0.3840996168582375
stable_derived,0.025,0.038538810670601456,2,0.380175983436853
stable_derived,0.025,0.038538810670601456,3,0.2574074074074074
stable_derived,0.025,0.049507997596815526,0,0.14722222222222223
stable_derived,0.025,0.049507997596815526,1,0.38131313131313127
stable_derived,0.025,0.049507997596815526,2,0.3843101343101343
stable_derived,0.025,0.049507997596815526,3,0.25028248587570623
stable_derived,0.025,0.06359931153547553,0,0.1467391304347826
stable_derived,0.025,0.06359931153547553,1,0.38131313131313127
stable_derived,0.025,0.06359931153547553,2,0.3835978835978836
stable_derived,0.025,0.06359931153547553,3,0.25028248587570623
stable_derived,0.025,0.08170139420154304,0,0.14627659574468085
stable_derived,0.025,0.08170139420154304,1,0.3815126050420168
stable_derived,0.025,0.08170139420154304,2,0.3835978835978836
stable_derived,0.025,0.08170139420154304,3,0.25057471264367814
stable_derived,0.025,0.10495581875524816,0,0.14583333333333334
stable_derived,0.025,0.10495581875524816,1,0.3815126050420168
stable_derived,0.025,0.10495581875524816,2,0.38693957115009747
stable_derived,0.025,0.10495581875524816,3,0.25057471264367814
stable_derived,0.025,0.1348290809262157,0,0.14540816326530612
stable_derived,0.025,0.1348290809262157,1,0.3829471182412359
stable_derived,0.025,0.1348290809262157,2,0.3872889771598808
stable_derived,0.025,0.1348290809262157,3,0.25057471264367814
stable_derived,0.025,0.17320508075688773,0,0.14627659574468085
stable_derived,0.025,0.17320508075688773,1,0.38131313131313127
stable_derived,0.025,0.17320508075688773,2,0.3938679245283019
stable_derived,0.025,0.17320508075688773,3,0.25768989328311365
stable_derived,0.025,0.2225039271491978,0,0.14540816326530612
stable_derived,0.025,0.2225039271491978,1,0.38015873015873014
stable_derived,0.025,0.2225039271491978,2,0.3994708994708994
stable_derived,0.025,0.2225039271491978,3,0.25798212005108556
stable_derived,0.025,0.2858345573956079,0,0.14423076923076922
stable_derived,0.025,0.2858345573956079,1,0.38131313131313127
stable_derived,0.025,0.2858345573956079,2,0.4074074074074074
stable_derived,0.025,0.2858345573956079,3,0.25713418336369154
stable_derived,0.025,0.3671907963528168,0,0.1446078431372549
stable_derived,0.025,0.3671907963528168,1,0.3786967418546366
stable_derived,0.025,0.3671907963528168,2,0.41179653679653677
stable_derived,0.025,0.3671907963528168,3,0.2566137566137566
stable_derived,0.025,0.47170321935428616,0,0.1446078431372549
stable_derived,0.025,0.47170321935428616,1,0.3765182186234818
stable_derived,0.025,0.47170321935428616,2,0.4163934426229508
stable_derived,0.025,0.47170321935428616,3,0.25482524778299426
stable_derived,0.025,0.6059627021136009,0,0.14351851851851852
stable_derived,0.025,0.6059627021136009,1,0.369424743892829
stable_derived,0.025,0.6059627021136009,2,0.4225589225589225
stable_derived,0.025,0.6059627021136009,3,0.25407407407407406
stable_derived,0.025,0.778436061673405,0,0.14351851851851852
stable_derived,0.025,0.778436061673405,1,0.36184798807749624
stable_derived,0.025,0.778436061673405,2,0.4426559356136821
stable_derived,0.025,0.778436061673405,3,0.2621951219512195
stable_derived,0.025,1.0,0,0.1446078431372549
stable_derived,0.025,1.0,1,0.3587550487051556
stable_derived,0.025,1.0,2,0.4219001610305958
stable_derived,0.025,1.0,3,0.29059829059829057
stable_derived,0.025,2.0,0,0.14540816326530612
stable_derived,0.025,2.0,1,0.3564082278481012
stable_derived,0.025,2.0,2,0.409297052154195
stable_derived,0.025,2.0,3,0.3169491525423729
stable_derived,0.025,3.0,0,0.14583333333333334
stable_derived,0.025,3.0,1,0.3581511839708561
stable_derived,0.025,3.0,2,0.39693926351028214
stable_derived,0.025,3.0,3,0.35833333333333334
stable_derived,0.025,10.0,0,0.15725806451612903
stable_derived,0.025,10.0,1,0.3973973973973974
stable_derived,0.025,10.0,2,0.3817391304347826
stable_derived,0.025,10.0,3,0.2481060606060606
stable_derived,0.03,0.003,0,0.1431818181818182
stable_derived,0.03,0.003,1,0.43977591036414565
stable_derived,0.03,0.003,2,0.42777777777777776
stable_derived,0.03,0.003,3,0.2200424178154825
stable_derived,0.03,0.005,0,0.14386792452830188
stable_derived,0.03,0.005,1,0.43333333333333335
stable_derived,0.03,0.005,2,0.4263157894736842
stable_derived,0.03,0.005,3,0.23511904761904762
stable_derived,0.03,0.01,0,0.14540816326530612
stable_derived,0.03,0.01,1,0.4125490196078431
stable_derived,0.03,0.01,2,0.4042081949058693
stable_derived,0.03,0.01,3,0.24512987012987011
stable_derived,0.03,0.02,0,0.1467391304347826
stable_derived,0.03,0.02,1,0.38941176470588235
stable_derived,0.03,0.02,2,0.39106753812636164
stable_derived,0.03,0.02,3,0.25057471264367814
stable_derived,0.03,0.03,0,0.1467391304347826
stable_derived,0.03,0.03,1,0.38580246913580246
stable_derived,0.03,0.03,2,0.38855218855218854
stable_derived,0.03,0.03,3,0.24422187981510016
stable_derived,0.03,0.038538810670601456,0,0.14583333333333334
stable_derived,0.03,0.038538810670601456,1,0.3825825825825826
stable_derived,0.03,0.038538810670601456,2,0.38855218855218854
stable_derived,0.03,0.038538810670601456,3,0.25057471264367814
stable_derived,0.03,0.049507997596815526,0,0.14583333333333334
stable_derived,0.03,0.049507997596815526,1,0.3819444444444444
stable_derived,0.03,0.049507997596815526,2,0.38566243194192373
stable_derived,0.03,0.049507997596815526,3,0.25028248587570623
stable_derived,0.03,0.06359931153547553,0,0.14627659574468085
stable_derived,0.03,0.06359931153547553,1,0.3794079794079794
stable_derived,0.03,0.06359931153547553,2,0.38566243194192373
stable_derived,0.03,0.06359931153547553,3,0.25057471264367814
stable_derived,0.03,0.08170139420154304,0,0.145
stable_derived,0.03,0.08170139420154304,1,0.37887887887887883
stable_derived,0.03,0.08170139420154304,2,0.38361581920903953
stable_derived,0.03,0.08170139420154304,3,0.25057471264367814
stable_derived,0.03,0.10495581875524816,0,0.145
stable_derived,0.03,0.10495581875524816,1,0.3794079794079794
stable_derived,0.03,0.10495581875524816,2,0.3833333333333333
stable_derived,0.03,0.10495581875524816,3,0.25057471264367814
stable_derived,0.03,0.1348290809262157,0,0.14540816326530612
stable_derived,0.03,0.1348290809262157,1,0.37887887887887883
stable_derived,0.03,0.1348290809262157,2,0.3892156862745098
stable_derived,0.03,0.1348290809262157,3,0.25768989328311365
stable_derived,0.03,0.17320508075688773,0,0.14583333333333334
stable_derived,0.03,0.17320508075688773,1,0.38015873015873014
stable_derived,0.03,0.17320508075688773,2,0.39166666666666666
stable_derived,0.03,0.17320508075688773,3,0.25798212005108556
stable_derived,0.03,0.2225039271491978,0,0.145
stable_derived,0.03,0.2225039271491978,1,0.38015873015873014
stable_derived,0.03,0.2225039271491978,2,0.3979015334947538
stable_derived,0.03,0.2225039271491978,3,0.2574074074074074
stable_derived,0.03,0.2858345573956079,0,0.14423076923076922
stable_derived,0.03,0.2858345573956079,1,0.38015873015873014
stable_derived,0.03,0.2858345573956079,2,0.4124579124579124
stable_derived,0.03,0.2858345573956079,3,0.25686977299880526
stable_derived,0.03,0.3671907963528168,0,0.1446078431372549
stable_derived,0.03,0.3671907963528168,1,0.37766714082503555
stable_derived,0.03,0.3671907963528168,2,0.41148325358851673
stable_derived,0.03,0.3671907963528168,3,0.2556661138750691
stable_derived,0.03,0.47170321935428616,0,0.1446078431372549
stable_derived,0.03,0.47170321935428616,1,0.3765182186234818
stable_derived,0.03,0.47170321935428616,2,0.4163934426229508
stable_derived,0.03,0.47170321935428616,3,0.25482524778299426
stable_derived,0.03,0.6059627021136009,0,0.14351851851851852
stable_derived,0.03,0.6059627021136009,1,0.369424743892829
stable_derived,0.03,0.6059627021136009,2,0.41515151515151516
stable_derived,0.03,0.6059627021136009,3,0.25389863547758285
stable_derived,0.03,0.778436061673405,0,0.14351851851851852
stable_derived,0.03,0.778436061673405,1,0.36184798807749624
stable_derived,0.03,0.778436061673405,2,0.4426559356136821
stable_derived,0.03,0.778436061673405,3,0.2621951219512195
stable_derived,0.03,1.0,0,0.1446078431372549
stable_derived,0.03,1.0,1,0.3587550487051556
stable_derived,0.03,1.0,2,0.4219001610305958
stable_derived,0.03,1.0,3,0.29059829059829057
stable_derived,0.03,2.0,0,0.14540816326530612
stable_derived,0.03,2.0,1,0.3564082278481012
stable_derived,0.03,2.0,2,0.409297052154195
stable_derived,0.03,2.0,3,0.3169491525423729
stable_derived,0.03,3.0,0,0.14583333333333334
stable_derived,0.03,3.0,1,0.3581511839708561
stable_derived,0.03,3.0,2,0.39693926351028214
stable_derived,0.03,3.0,3,0.35833333333333334
stable_derived,0.03,10.0,0,0.15725806451612903
stable_derived,0.03,10.0,1,0.3973973973973974
stable_derived,0.03,10.0,2,0.3817391304347826
stable_derived,0.03,10.0,3,0.2481060606060606
stable_derived,0.035,0.003,0,0.14386792452830188
stable_derived,0.035,0.003,1,0.4103703703703704
stable_derived,0.035,0.003,2,0.42127659574468085
stable_derived,0.035,0.003,3,0.2338935574229692
stable_derived,0.035,0.005,0,0.14386792452830188
stable_derived,0.035,0.005,1,0.40512820512820513
stable_derived,0.035,0.005,2,0.39738562091503266
stable_derived,0.035,0.005,3,0.2338935574229692
stable_derived,0.035,0.01,0,0.14423076923076922
stable_derived,0.035,0.01,1,0.3968015992003998
stable_derived,0.035,0.01,2,0.3942307692307692
stable_derived,0.035,0.01,3,0.24393939393939393
stable_derived,0.035,0.02,0,0.14583333333333334
stable_derived,0.035,0.02,1,0.38743645606390703
stable_derived,0.035,0.02,2,0.39629629629629626
stable_derived,0.035,0.02,3,0.24972677595628415
stable_derived,0.035,0.03,0,0.14627659574468085
stable_derived,0.035,0.03,1,0.38119369369369366
stable_derived,0.035,0.03,2,0.38566243194192373
stable_derived,0.035,0.03,3,0.24972677595628415
stable_derived,0.035,0.038538810670601456,0,0.14583333333333334
stable_derived,0.035,0.038538810670601456,1,0.38056238056238056
stable_derived,0.035,0.038538810670601456,2,0.3833464257659073
stable_derived,0.035,0.038538810670601456,3,0.24972677595628415
stable_derived,0.035,0.049507997596815526,0,0.1446078431372549
stable_derived,0.035,0.049507997596815526,1,0.37925696594427244
stable_derived,0.035,0.049507997596815526,2,0.3831269349845201
stable_derived,0.035,0.049507997596815526,3,0.24972677595628415
stable_derived,0.035,0.06359931153547553,0,0.14386792452830188
stable_derived,0.035,0.06359931153547553,1,0.37816764132553604
stable_derived,0.035,0.06359931153547553,2,0.3813725490196078
stable_derived,0.035,0.06359931153547553,3,0.24972677595628415
stable_derived,0.035,0.08170139420154304,0,0.1446078431372549
stable_derived,0.035,0.08170139420154304,1,0.37887887887887883
stable_derived,0.035,0.08170139420154304,2,0.38291380625476734
stable_derived,0.035,0.08170139420154304,3,0.25
stable_derived,0.035,0.10495581875524816,0,0.14423076923076922
stable_derived,0.035,0.10495581875524816,1,0.3794079794079794
stable_derived,0.035,0.10495581875524816,2,0.38486312399355876
stable_derived,0.035,0.10495581875524816,3,0.25768989328311365
stable_derived,0.035,0.1348290809262157,0,0.1446078431372549
stable_derived,0.035,0.1348290809262157,1,0.38015873015873014
stable_derived,0.035,0.1348290809262157,2,0.38725490196078427
stable_derived,0.035,0.1348290809262157,3,0.25768989328311365
stable_derived,0.035,0.17320508075688773,0,0.1446078431372549
stable_derived,0.035,0.17320508075688773,1,0.38015873015873014
stable_derived,0.035,0.17320508075688773,2,0.39015151515151514
stable_derived,0.035,0.17320508075688773,3,0.25686977299880526
stable_derived,0.035,0.2225039271491978,0,0.1446078431372549
stable_derived,0.035,0.2225039271491978,1,0.38015873015873014
stable_derived,0.035,0.2225039271491978,2,0.4007444168734491
stable_derived,0.035,0.2225039271491978,3,0.2563657407407407
stable_derived,0.035,0.2858345573956079,0,0.1446078431372549
stable_derived,0.035,0.2858345573956079,1,0.37816764132553604
stable_derived,0.035,0.2858345573956079,2,0.40555555555555556
stable_derived,0.035,0.2858345573956079,3,0.2566137566137566
stable_derived,0.035,0.3671907963528168,0,0.1446078431372549
stable_derived,0.035,0.3671907963528168,1,0.3765182186234818
stable_derived,0.035,0.3671907963528168,2,0.4100684261974584
stable_derived,0.035,0.3671907963528168,3,0.25544662309368193
stable_derived,0.035,0.47170321935428616,0,0.1446078431372549
stable_derived,0.035,0.47170321935428616,1,0.3754273504273504
stable_derived,0.035,0.47170321935428616,2,0.4230324074074074
stable_derived,0.035,0.47170321935428616,3,0.25462962962962965
stable_derived,0.035,0.6059627021136009,0,0.14351851851851852
stable_derived,0.035,0.6059627021136009,1,0.36898148148148147
stable_derived,0.035,0.6059627021136009,2,0.43159203980099503
stable_derived,0.035,0.6059627021136009,3,0.2537277537277537
stable_derived,0.035,0.778436061673405,0,0.14351851851851852
stable_derived,0.035,0.778436061673405,1,0.36184798807749624
stable_derived,0.035,0.778436061673405,2,0.4426559356136821
stable_derived,0.035,0.778436061673405,3,0.2621951219512195
stable_derived,0.035,1.0,0,0.1446078431372549
stable_derived,0.035,1.0,1,0.3587550487051556
stable_derived,0.035,1.0,2,0.4219001610305958
stable_derived,0.035,1.0,3,0.29059829059829057
stable_derived,0.035,2.0,0,0.14540816326530612
stable_derived,0.035,2.0,1,0.3564082278481012
stable_derived,0.035,2.0,2,0.409297052154195
stable_derived,0.035,2.0,3,0.3169491525423729
stable_derived,0.035,3.0,0,0.14583333333333334
stable_derived,0.035,3.0,1,0.3581511839708561
stable_derived,0.035,3.0,2,0.39693926351028214
stable_derived,0.035,3.0,3,0.35833333333333334
stable_derived,0.035,10.0,0,0.15725806451612903
stable_derived,0.035,10.0,1,0.3973973973973974
stable_derived,0.035,10.0,2,0.3817391304347826
stable_derived,0.035,10.0,3,0.2481060606060606
stable_derived,0.04,0.003,0,0.14351851851851852
stable_derived,0.04,0.003,1,0.4006734006734006
stable_derived,0.04,0.003,2,0.39664570230607965
stable_derived,0.04,0.003,3,0.22777777777777775
stable_derived,0.04,0.005,0,0.14351851851851852
stable_derived,0.04,0.005,1,0.3955938697318008
stable_derived,0.04,0.005,2,0.3925438596491228
stable_derived,0.04,0.005,3,0.23461538461538461
stable_derived,0.04,0.01,0,0.14386792452830188
stable_derived,0.04,0.01,1,0.39448275862068966
stable_derived,0.04,0.01,2,0.39595959595959596
stable_derived,0.04,0.01,3,0.24393939393939393
stable_derived,0.04,0.02,0,0.145
stable_derived,0.04,0.02,1,0.3825825825825826
stable_derived,0.04,0.02,2,0.3925438596491228
stable_derived,0.04,0.02,3,0.24366616989567808
stable_derived,0.04,0.03,0,0.1431818181818182
stable_derived,0.04,0.03,1,0.37733142037302725
stable_derived,0.04,0.03,2,0.38357256778309406
stable_derived,0.04,0.03,3,0.24946236559139787
stable_derived,0.04,0.038538810670601456,0,0.14285714285714285
stable_derived,0.04,0.038538810670601456,1,0.3767711962833914
stable_derived,0.04,0.038538810670601456,2,0.3838056680161943
stable_derived,0.04,0.038538810670601456,3,0.24946236559139787
stable_derived,0.04,0.049507997596815526,0,0.14285714285714285
stable_derived,0.04,0.049507997596815526,1,0.37749287749287747
stable_derived,0.04,0.049507997596815526,2,0.3818181818181818
stable_derived,0.04,0.049507997596815526,3,0.24895833333333334
stable_derived,0.04,0.06359931153547553,0,0.1425438596491228
stable_derived,0.04,0.06359931153547553,1,0.37749287749287747
stable_derived,0.04,0.06359931153547553,2,0.3818181818181818
stable_derived,0.04,0.06359931153547553,3,0.2563657407407407
stable_derived,0.04,0.08170139420154304,0,0.14285714285714285
stable_derived,0.04,0.08170139420154304,1,0.37749287749287747
stable_derived,0.04,0.08170139420154304,2,0.3838056680161943
stable_derived,0.04,0.08170139420154304,3,0.25612535612535614
stable_derived,0.04,0.10495581875524816,0,0.14285714285714285
stable_derived,0.04,0.10495581875524816,1,0.3773809523809524
stable_derived,0.04,0.10495581875524816,2,0.3877005347593583
stable_derived,0.04,0.10495581875524816,3,0.2558922558922559
stable_derived,0.04,0.1348290809262157,0,0.1431818181818182
stable_derived,0.04,0.1348290809262157,1,0.3773809523809524
stable_derived,0.04,0.1348290809262157,2,0.39015151515151514
stable_derived,0.04,0.1348290809262157,3,0.25612535612535614
stable_derived,0.04,0.17320508075688773,0,0.14285714285714285
stable_derived,0.04,0.17320508075688773,1,0.378021978021978
stable_derived,0.04,0.17320508075688773,2,0.39610389610389607
stable_derived,0.04,0.17320508075688773,3,0.2556661138750691
stable_derived,0.04,0.2225039271491978,0,0.14285714285714285
stable_derived,0.04,0.2225039271491978,1,0.376992376992377
stable_derived,0.04,0.2225039271491978,2,0.39657738095238093
stable_derived,0.04,0.2225039271491978,3,0.2556661138750691
stable_derived,0.04,0.2858345573956079,0,0.14351851851851852
stable_derived,0.04,0.2858345573956079,1,0.3765182186234818
stable_derived,0.04,0.2858345573956079,2,0.40476190476190477
stable_derived,0.04,0.2858345573956079,3,0.2558922558922559
stable_derived,0.04,0.3671907963528168,0,0.14386792452830188
stable_derived,0.04,0.3671907963528168,1,0.3765182186234818
stable_derived,0.04,0.3671907963528168,2,0.41515151515151516
stable_derived,0.04,0.3671907963528168,3,0.25443937087772706
stable_derived,0.04,0.47170321935428616,0,0.1446078431372549
stable_derived,0.04,0.47170321935428616,1,0.37340301974448314
stable_derived,0.04,0.47170321935428616,2,0.42233278054173573
stable_derived,0.04,0.47170321935428616,3,0.25389863547758285
stable_derived,0.04,0.6059627021136009,0,0.14351851851851852
stable_derived,0.04,0.6059627021136009,1,0.3671255736337088
stable_derived,0.04,0.6059627021136009,2,0.42211328976034856
stable_derived,0.04,0.6059627021136009,3,0.2532407407407407
stable_derived,0.04,0.778436061673405,0,0.14351851851851852
stable_derived,0.04,0.778436061673405,1,0.361631537861046
stable_derived,0.04,0.778436061673405,2,0.4426559356136821
stable_derived,0.04,0.778436061673405,3,0.2621951219512195
stable_derived,0.04,1.0,0,0.1446078431372549
stable_derived,0.04,1.0,1,0.3587550487051556
stable_derived,0.04,1.0,2,0.4219001610305958
stable_derived,0.04,1.0,3,0.29059829059829057
stable_derived,0.04,2.0,0,0.14540816326530612
stable_derived,0.04,2.0,1,0.3564082278481012
stable_derived,0.04,2.0,2,0.409297052154195
stable_derived,0.04,2.0,3,0.3169491525423729
stable_derived,0.04,3.0,0,0.14583333333333334
stable_derived,0.04,3.0,1,0.3581511839708561
stable_derived,0.04,3.0,2,0.39693926351028214
stable_derived,0.04,3.0,3,0.35833333333333334
stable_derived,0.04,10.0,0,0.15725806451612903
stable_derived,0.04,10.0,1,0.3973973973973974
stable_derived,0.04,10.0,2,0.3817391304347826
stable_derived,0.04,10.0,3,0.2481060606060606
stable_derived,0.045,0.003,0,0.1431818181818182
stable_derived,0.045,0.003,1,0.3957142857142857
stable_derived,0.045,0.003,2,0.4058380414312618
stable_derived,0.045,0.003,3,0.22991071428571427
stable_derived,0.045,0.005,0,0.14285714285714285
stable_derived,0.045,0.005,1,0.39448275862068966
stable_derived,0.045,0.005,2,0.4058380414312618
stable_derived,0.045,0.005,3,0.24314574314574314
stable_derived,0.045,0.01,0,0.1431818181818182
stable_derived,0.045,0.01,1,0.39345711759504864
stable_derived,0.045,0.01,2,0.4024725274725275
stable_derived,0.045,0.01,3,0.24314574314574314
stable_derived,0.045,0.02,0,0.1431818181818182
stable_derived,0.045,0.02,1,0.3849673202614379
stable_derived,0.045,0.02,2,0.38575498575498574
stable_derived,0.045,0.02,3,0.25612535612535614
stable_derived,0.045,0.03,0,0.1425438596491228
stable_derived,0.045,0.03,1,0.37635135135135134
stable_derived,0.045,0.03,2,0.38445487741262385
stable_derived,0.045,0.03,3,0.2644927536231884
stable_derived,0.045,0.038538810670601456,0,0.1425438596491228
stable_derived,0.045,0.038538810670601456,1,0.37749287749287747
stable_derived,0.045,0.038538810670601456,2,0.38291380625476734
stable_derived,0.045,0.038538810670601456,3,0.2642857142857143
stable_derived,0.045,0.049507997596815526,0,0.1425438596491228
stable_derived,0.045,0.049507997596815526,1,0.37816764132553604
stable_derived,0.045,0.049507997596815526,2,0.3833464257659073
stable_derived,0.045,0.049507997596815526,3,0.25462962962962965
stable_derived,0.045,0.06359931153547553,0,0.1425438596491228
stable_derived,0.045,0.06359931153547553,1,0.3768518518518518
stable_derived,0.045,0.06359931153547553,2,0.3833464257659073
stable_derived,0.045,0.06359931153547553,3,0.25462962962962965
stable_derived,0.045,0.08170139420154304,0,0.14285714285714285
stable_derived,0.045,0.08170139420154304,1,0.37587719298245614
stable_derived,0.045,0.08170139420154304,2,0.3833464257659073
stable_derived,0.045,0.08170139420154304,3,0.25443937087772706
stable_derived,0.045,0.10495581875524816,0,0.14285714285714285
stable_derived,0.045,0.10495581875524816,1,0.37423687423687424
stable_derived,0.045,0.10495581875524816,2,0.38725490196078427
stable_derived,0.045,0.10495581875524816,3,0.25425425425425424
stable_derived,0.045,0.1348290809262157,0,0.1425438596491228
stable_derived,0.045,0.1348290809262157,1,0.37340301974448314
stable_derived,0.045,0.1348290809262157,2,0.39248366013071895
stable_derived,0.045,0.1348290809262157,3,0.25407407407407406
stable_derived,0.045,0.17320508075688773,0,0.14285714285714285
stable_derived,0.045,0.17320508075688773,1,0.37340301974448314
stable_derived,0.045,0.17320508075688773,2,0.3956582633053221
stable_derived,0.045,0.17320508075688773,3,0.25425425425425424
stable_derived,0.045,0.2225039271491978,0,0.14285714285714285
stable_derived,0.045,0.2225039271491978,1,0.374390243902439
stable_derived,0.045,0.2225039271491978,2,0.3958777540867093
stable_derived,0.045,0.2225039271491978,3,0.25443937087772706
stable_derived,0.045,0.2858345573956079,0,0.1431818181818182
stable_derived,0.045,0.2858345573956079,1,0.3754273504273504
stable_derived,0.045,0.2858345573956079,2,0.4042735042735043
stable_derived,0.045,0.2858345573956079,3,0.25425425425425424
stable_derived,0.045,0.3671907963528168,0,0.14351851851851852
stable_derived,0.045,0.3671907963528168,1,0.37246216315983754
stable_derived,0.045,0.3671907963528168,2,0.40909090909090906
stable_derived,0.045,0.3671907963528168,3,0.25389863547758285
stable_derived,0.045,0.47170321935428616,0,0.1431818181818182
stable_derived,0.045,0.47170321935428616,1,0.36976144422952933
stable_derived,0.045,0.47170321935428616,2,0.4086452762923351
stable_derived,0.045,0.47170321935428616,3,0.253398968588842
stable_derived,0.045,0.6059627021136009,0,0.14351851851851852
stable_derived,0.045,0.6059627021136009,1,0.3645870469399881
stable_derived,0.045,0.6059627021136009,2,0.42211328976034856
stable_derived,0.045,0.6059627021136009,3,0.25308641975308643
stable_derived,0.045,0.778436061673405,0,0.14351851851851852
stable_derived,0.045,0.778436061673405,1,0.3605057842345978
stable_derived,0.045,0.778436061673405,2,0.4426559356136821
stable_derived,0.045,0.778436061673405,3,0.2621951219512195
stable_derived,0.045,1.0,0,0.1446078431372549
stable_derived,0.045,1.0,1,0.3585480093676815
stable_derived,0.045,1.0,2,0.4219001610305958
stable_derived,0.045,1.0,3,0.29059829059829057
stable_derived,0.045,2.0,0,0.14540816326530612
stable_derived,0.045,2.0,1,0.3564082278481012
stable_derived,0.045,2.0,2,0.409297052154195
stable_derived,0.045,2.0,3,0.3169491525423729
stable_derived,0.045,3.0,0,0.14583333333333334
stable_derived,0.045,3.0,1,0.3581511839708561
stable_derived,0.045,3.0,2,0.39693926351028214
stable_derived,0.045,3.0,3,0.35833333333333334
stable_derived,0.045,10.0,0,0.15725806451612903
stable_derived,0.045,10.0,1,0.3973973973973974
stable_derived,0.045,10.0,2,0.3817391304347826
stable_derived,0.045,10.0,3,0.2481060606060606
stable_derived,0.05,0.003,0,0.1425438596491228
stable_derived,0.05,0.003,1,0.39345711759504864
stable_derived,0.05,0.003,2,0.4058380414312618
stable_derived,0.05,0.003,3,0.24289772727272727
stable_derived,0.05,0.005,0,0.1425438596491228
stable_derived,0.05,0.005,1,0.391232423490488
stable_derived,0.05,0.005,2,0.4052823315118397
stable_derived,0.05,0.005,3,0.24265734265734265
stable_derived,0.05,0.01,0,0.14285714285714285
stable_derived,0.05,0.01,1,0.3875718390804598
stable_derived,0.05,0.01,2,0.4010088272383354
stable_derived,0.05,0.01,3,0.25612535612535614
stable_derived,0.05,0.02,0,0.1431818181818182
stable_derived,0.05,0.02,1,0.3834101382488479
stable_derived,0.05,0.02,2,0.38445487741262385
stable_derived,0.05,0.02,3,0.2644927536231884
stable_derived,0.05,0.03,0,0.14285714285714285
stable_derived,0.05,0.03,1,0.3798511430090377
stable_derived,0.05,0.03,2,0.38465608465608464
stable_derived,0.05,0.03,3,0.2638888888888889
stable_derived,0.05,0.038538810670601456,0,0.14285714285714285
stable_derived,0.05,0.038538810670601456,1,0.37635135135135134
stable_derived,0.05,0.038538810670601456,2,0.3831269349845201
stable_derived,0.05,0.038538810670601456,3,0.2638888888888889
stable_derived,0.05,0.049507997596815526,0,0.14285714285714285
stable_derived,0.05,0.049507997596815526,1,0.3726163234172387
stable_derived,0.05,0.049507997596815526,2,0.3831269349845201
stable_derived,0.05,0.049507997596815526,3,0.2638888888888889
stable_derived,0.05,0.06359931153547553,0,0.14285714285714285
stable_derived,0.05,0.06359931153547553,1,0.37222222222222223
stable_derived,0.05,0.06359931153547553,2,0.38507625272331153
stable_derived,0.05,0.06359931153547553,3,0.2638888888888889
stable_derived,0.05,0.08170139420154304,0,0.14285714285714285
stable_derived,0.05,0.08170139420154304,1,0.37232076866223207
stable_derived,0.05,0.08170139420154304,2,0.38507625272331153
stable_derived,0.05,0.08170139420154304,3,0.2635135135135135
stable_derived,0.05,0.10495581875524816,0,0.14285714285714285
stable_derived,0.05,0.10495581875524816,1,0.3719336219336219
stable_derived,0.05,0.10495581875524816,2,0.39248366013071895
stable_derived,0.05,0.10495581875524816,3,0.2633333333333333
stable_derived,0.05,0.1348290809262157,0,0.14285714285714285
stable_derived,0.05,0.1348290809262157,1,0.37246216315983754
stable_derived,0.05,0.1348290809262157,2,0.3922705314009662
stable_derived,0.05,0.1348290809262157,3,0.25407407407407406
stable_derived,0.05,0.17320508075688773,0,0.14285714285714285
stable_derived,0.05,0.17320508075688773,1,0.37246216315983754
stable_derived,0.05,0.17320508075688773,2,0.3927031509121061
stable_derived,0.05,0.17320508075688773,3,0.2537277537277537
stable_derived,0.05,0.2225039271491978,0,0.1431818181818182
stable_derived,0.05,0.2225039271491978,1,0.3728493098884477
stable_derived,0.05,0.2225039271491978,2,0.3997668997668997
stable_derived,0.05,0.2225039271491978,3,0.2537277537277537
stable_derived,0.05,0.2858345573956079,0,0.1431818181818182
stable_derived,0.05,0.2858345573956079,1,0.3707070707070707
stable_derived,0.05,0.2858345573956079,2,0.40381426202321724
stable_derived,0.05,0.2858345573956079,3,0.25356125356125353
stable_derived,0.05,0.3671907963528168,0,0.1431818181818182
stable_derived,0.05,0.3671907963528168,1,0.369424743892829
stable_derived,0.05,0.3671907963528168,2,0.40909090909090906
stable_derived,0.05,0.3671907963528168,3,0.2532407407407407
stable_derived,0.05,0.47170321935428616,0,0.1431818181818182
stable_derived,0.05,0.47170321935428616,1,0.36563599798893914
stable_derived,0.05,0.47170321935428616,2,0.40909090909090906
stable_derived,0.05,0.47170321935428616,3,0.2532407407407407
stable_derived,0.05,0.6059627021136009,0,0.14351851851851852
stable_derived,0.05,0.6059627021136009,1,0.3638608305274972
stable_derived,0.05,0.6059627021136009,2,0.4313725490196078
stable_derived,0.05,0.6059627021136009,3,0.2529358626919602
stable_derived,0.05,0.778436061673405,0,0.14351851851851852
stable_derived,0.05,0.778436061673405,1,0.3598290598290598
stable_derived,0.05,0.778436061673405,2,0.4426559356136821
stable_derived,0.05,0.778436061673405,3,0.2621951219512195
stable_derived,0.05,1.0,0,0.1446078431372549
stable_derived,0.05,1.0,1,0.3585480093676815
stable_derived,0.05,1.0,2,0.4219001610305958
stable_derived,0.05,1.0,3,0.29059829059829057
stable_derived,0.05,2.0,0,0.14540816326530612
stable_derived,0.05,2.0,1,0.3564082278481012
stable_derived,0.05,2.0,2,0.409297052154195
stable_derived,0.05,2.0,3,0.3169491525423729
stable_derived,0.05,3.0,0,0.14583333333333334
stable_derived,0.05,3.0,1,0.3581511839708561
stable_derived,0.05,3.0,2,0.39693926351028214
stable_derived,0.05,3.0,3,0.35833333333333334
stable_derived,0.05,10.0,0,0.15725806451612903
stable_derived,0.05,10.0,1,0.3973973973973974
stable_derived,0.05,10.0,2,0.3817391304347826
stable_derived,0.05,10.0,3,0.2481060606060606
stable_derived,0.055,0.003,0,0.14285714285714285
stable_derived,0.055,0.003,1,0.3868055555555555
stable_derived,0.055,0.003,2,0.4052823315118397
stable_derived,0.055,0.003,3,0.24871794871794872
stable_derived,0.055,0.005,0,0.14285714285714285
stable_derived,0.055,0.005,1,0.3826164874551971
stable_derived,0.055,0.005,2,0.4064327485380117
stable_derived,0.055,0.005,3,0.24825870646766168
stable_derived,0.055,0.01,0,0.1431818181818182
stable_derived,0.055,0.01,1,0.383578431372549
stable_derived,0.055,0.01,2,0.3950191570881226
stable_derived,0.055,0.01,3,0.2642857142857143
stable_derived,0.055,0.02,0,0.14285714285714285
stable_derived,0.055,0.02,1,0.38132183908045975
stable_derived,0.055,0.02,2,0.38599537037037035
stable_derived,0.055,0.02,3,0.2644927536231884
stable_derived,0.055,0.03,0,0.14351851851851852
stable_derived,0.055,0.03,1,0.37983870967741934
stable_derived,0.055,0.03,2,0.3877005347593583
stable_derived,0.055,0.03,3,0.2640845070422535
stable_derived,0.055,0.038538810670601456,0,0.14351851851851852
stable_derived,0.055,0.038538810670601456,1,0.3779411764705882
stable_derived,0.055,0.038538810670601456,2,0.38725490196078427
stable_derived,0.055,0.038538810670601456,3,0.2635135135135135
stable_derived,0.055,0.049507997596815526,0,0.1431818181818182
stable_derived,0.055,0.049507997596815526,1,0.3779411764705882
stable_derived,0.055,0.049507997596815526,2,0.38507625272331153
stable_derived,0.055,0.049507997596815526,3,0.2633333333333333
stable_derived,0.055,0.06359931153547553,0,0.1431818181818182
stable_derived,0.055,0.06359931153547553,1,0.3773809523809524
stable_derived,0.055,0.06359931153547553,2,0.38507625272331153
stable_derived,0.055,0.06359931153547553,3,0.2633333333333333
stable_derived,0.055,0.08170139420154304,0,0.1431818181818182
stable_derived,0.055,0.08170139420154304,1,0.3768518518518518
stable_derived,0.055,0.08170139420154304,2,0.3897058823529412
stable_derived,0.055,0.08170139420154304,3,0.2633333333333333
stable_derived,0.055,0.10495581875524816,0,0.1431818181818182
stable_derived,0.055,0.10495581875524816,1,0.37516087516087515
stable_derived,0.055,0.10495581875524816,2,0.3929292929292929
stable_derived,0.055,0.10495581875524816,3,0.2631578947368421
stable_derived,0.055,0.1348290809262157,0,0.1431818181818182
stable_derived,0.055,0.1348290809262157,1,0.3741330069359445
stable_derived,0.055,0.1348290809262157,2,0.3929292929292929
stable_derived,0.055,0.1348290809262157,3,0.262987012987013
stable_derived,0.055,0.17320508075688773,0,0.1431818181818182
stable_derived,0.055,0.17320508075688773,1,0.37325581395348834
stable_derived,0.055,0.17320508075688773,2,0.39610389610389607
stable_derived,0.055,0.17320508075688773,3,0.2631578947368421
stable_derived,0.055,0.2225039271491978,0,0.14285714285714285
stable_derived,0.055,0.2225039271491978,1,0.3709454796411318
stable_derived,0.055,0.2225039271491978,2,0.3997668997668997
stable_derived,0.055,0.2225039271491978,3,0.2628205128205128
stable_derived,0.055,0.2858345573956079,0,0.1431818181818182
stable_derived,0.055,0.2858345573956079,1,0.36988727858293075
stable_derived,0.055,0.2858345573956079,2,0.3997668997668997
stable_derived,0.055,0.2858345573956079,3,0.253398968588842
stable_derived,0.055,0.3671907963528168,0,0.1431818181818182
stable_derived,0.055,0.3671907963528168,1,0.36782608695652175
stable_derived,0.055,0.3671907963528168,2,0.40909090909090906
stable_derived,0.055,0.3671907963528168,3,0.2529358626919602
stable_derived,0.055,0.47170321935428616,0,0.14386792452830188
stable_derived,0.055,0.47170321935428616,1,0.3652731532864718
stable_derived,0.055,0.47170321935428616,2,0.40843214756258234
stable_derived,0.055,0.47170321935428616,3,0.2526455026455027
stable_derived,0.055,0.6059627021136009,0,0.14386792452830188
stable_derived,0.055,0.6059627021136009,1,0.3629203916560238
stable_derived,0.055,0.6059627021136009,2,0.4309523809523809
stable_derived,0.055,0.6059627021136009,3,0.2527889335118251
stable_derived,0.055,0.778436061673405,0,0.1446078431372549
stable_derived,0.055,0.778436061673405,1,0.3599791013584117
stable_derived,0.055,0.778436061673405,2,0.43075117370892013
stable_derived,0.055,0.778436061673405,3,0.2621951219512195
stable_derived,0.055,1.0,0,0.1446078431372549
stable_derived,0.055,1.0,1,0.3585480093676815
stable_derived,0.055,1.0,2,0.4216931216931217
stable_derived,0.055,1.0,3,0.29059829059829057
stable_derived,0.055,2.0,0,0.14540816326530612
stable_derived,0.055,2.0,1,0.3564082278481012
stable_derived,0.055,2.0,2,0.409297052154195
stable_derived,0.055,2.0,3,0.3169491525423729
stable_derived,0.055,3.0,0,0.14583333333333334
stable_derived,0.055,3.0,1,0.3581511839708561
stable_derived,0.055,3.0,2,0.39693926351028214
stable_derived,0.055,3.0,3,0.35833333333333334
stable_derived,0.055,10.0,0,0.15725806451612903
stable_derived,0.055,10.0,1,0.3973973973973974
stable_derived,0.055,10.0,2,0.3817391304347826
stable_derived,0.055,10.0,3,0.2481060606060606
stable_derived,0.06,0.003,0,0.1431818181818182
stable_derived,0.06,0.003,1,0.3826164874551971
stable_derived,0.06,0.003,2,0.3991341991341991
stable_derived,0.06,0.003,3,0.24871794871794872
stable_derived,0.06,0.005,0,0.1431818181818182
stable_derived,0.06,0.005,1,0.38186573670444635
stable_derived,0.06,0.005,2,0.39595959595959596
stable_derived,0.06,0.005,3,0.2644927536231884
stable_derived,0.06,0.01,0,0.1431818181818182
stable_derived,0.06,0.01,1,0.38119369369369366
stable_derived,0.06,0.01,2,0.3900928792569659
stable_derived,0.06,0.01,3,0.2640845070422535
stable_derived,0.06,0.02,0,0.1431818181818182
stable_derived,0.06,0.02,1,0.37574159525379036
stable_derived,0.06,0.02,2,0.387037037037037
stable_derived,0.06,0.02,3,0.2638888888888889
stable_derived,0.06,0.03,0,0.1431818181818182
stable_derived,0.06,0.03,1,0.3779411764705882
stable_derived,0.06,0.03,2,0.39087301587301587
stable_derived,0.06,0.03,3,0.2638888888888889
stable_derived,0.06,0.038538810670601456,0,0.14285714285714285
stable_derived,0.06,0.038538810670601456,1,0.3779411764705882
stable_derived,0.06,0.038538810670601456,2,0.39340277777777777
stable_derived,0.06,0.038538810670601456,3,0.2633333333333333
stable_derived,0.06,0.049507997596815526,0,0.14285714285714285
stable_derived,0.06,0.049507997596815526,1,0.3779411764705882
stable_derived,0.06,0.049507997596815526,2,0.39365079365079364
stable_derived,0.06,0.049507997596815526,3,0.2631578947368421
stable_derived,0.06,0.06359931153547553,0,0.14285714285714285
stable_derived,0.06,0.06359931153547553,1,0.3773809523809524
stable_derived,0.06,0.06359931153547553,2,0.39365079365079364
stable_derived,0.06,0.06359931153547553,3,0.2631578947368421
stable_derived,0.06,0.08170139420154304,0,0.14285714285714285
stable_derived,0.06,0.08170139420154304,1,0.3773809523809524
stable_derived,0.06,0.08170139420154304,2,0.39365079365079364
stable_derived,0.06,0.08170139420154304,3,0.2631578947368421
stable_derived,0.06,0.10495581875524816,0,0.14285714285714285
stable_derived,0.06,0.10495581875524816,1,0.37635135135135134
stable_derived,0.06,0.10495581875524816,2,0.39365079365079364
stable_derived,0.06,0.10495581875524816,3,0.2631578947368421
stable_derived,0.06,0.1348290809262157,0,0.1431818181818182
stable_derived,0.06,0.1348290809262157,1,0.37516087516087515
stable_derived,0.06,0.1348290809262157,2,0.39657738095238093
stable_derived,0.06,0.1348290809262157,3,0.262987012987013
stable_derived,0.06,0.17320508075688773,0,0.14285714285714285
stable_derived,0.06,0.17320508075688773,1,0.37264957264957266
stable_derived,0.06,0.17320508075688773,2,0.3963369963369963
stable_derived,0.06,0.17320508075688773,3,0.2626582278481012
stable_derived,0.06,0.2225039271491978,0,0.14285714285714285
stable_derived,0.06,0.2225039271491978,1,0.3709454796411318
stable_derived,0.06,0.2225039271491978,2,0.4002403846153846
stable_derived,0.06,0.2225039271491978,3,0.2628205128205128
stable_derived,0.06,0.2858345573956079,0,0.1431818181818182
stable_derived,0.06,0.2858345573956079,1,0.36988727858293075
stable_derived,0.06,0.2858345573956079,2,0.4002403846153846
stable_derived,0.06,0.2858345573956079,3,0.26249999999999996
stable_derived,0.06,0.3671907963528168,0,0.14351851851851852
stable_derived,0.06,0.3671907963528168,1,0.36737891737891737
stable_derived,0.06,0.3671907963528168,2,0.4042735042735043
stable_derived,0.06,0.3671907963528168,3,0.26249999999999996
stable_derived,0.06,0.47170321935428616,0,0.14423076923076922
stable_derived,0.06,0.47170321935428616,1,0.3648484848484848
stable_derived,0.06,0.47170321935428616,2,0.40843214756258234
stable_derived,0.06,0.47170321935428616,3,0.2526455026455027
stable_derived,0.06,0.6059627021136009,0,0.1446078431372549
stable_derived,0.06,0.6059627021136009,1,0.36207245496862983
stable_derived,0.06,0.6059627021136009,2,0.4209209209209209
stable_derived,0.06,0.6059627021136009,3,0.2526455026455027
stable_derived,0.06,0.778436061673405,0,0.145
stable_derived,0.06,0.778436061673405,1,0.3599791013584117
stable_derived,0.06,0.778436061673405,2,0.43036529680365293
stable_derived,0.06,0.778436061673405,3,0.2620481927710843
stable_derived,0.06,1.0,0,0.1446078431372549
stable_derived,0.06,1.0,1,0.3581705285476299
stable_derived,0.06,1.0,2,0.4216931216931217
stable_derived,0.06,1.0,3,0.29059829059829057
stable_derived,0.06,2.0,0,0.14540816326530612
stable_derived,0.06,2.0,1,0.3564082278481012
stable_derived,0.06,2.0,2,0.409297052154195
stable_derived,0.06,2.0,3,0.3169491525423729
stable_derived,0.06,3.0,0,0.14583333333333334
stable_derived,0.06,3.0,1,0.3581511839708561
stable_derived,0.06,3.0,2,0.39693926351028214
stable_derived,0.06,3.0,3,0.35833333333333334
stable_derived,0.06,10.0,0,0.15725806451612903
stable_derived,0.06,10.0,1,0.3973973973973974
stable_derived,0.06,10.0,2,0.3817391304347826
stable_derived,0.06,10.0,3,0.2481060606060606
stable_derived,0.065,0.003,0,0.14351851851851852
stable_derived,0.065,0.003,1,0.391358024691358
stable_derived,0.065,0.003,2,0.39595959595959596
stable_derived,0.065,0.003,3,0.2640845070422535
stable_derived,0.065,0.005,0,0.1431818181818182
stable_derived,0.065,0.005,1,0.388327721661055
stable_derived,0.065,0.005,2,0.39073083778966133
stable_derived,0.065,0.005,3,0.2638888888888889
stable_derived,0.065,0.01,0,0.1431818181818182
stable_derived,0.065,0.01,1,0.38055555555555554
stable_derived,0.065,0.01,2,0.38791423001949316
stable_derived,0.065,0.01,3,0.2636986301369863
stable_derived,0.065,0.02,0,0.1431818181818182
stable_derived,0.065,0.02,1,0.37526743688489517
stable_derived,0.065,0.02,2,0.38894246223079393
stable_derived,0.065,0.02,3,0.2635135135135135
stable_derived,0.065,0.03,0,0.14285714285714285
stable_derived,0.065,0.03,1,0.37516087516087515
stable_derived,0.065,0.03,2,0.3913934426229508
stable_derived,0.065,0.03,3,0.2633333333333333
stable_derived,0.065,0.038538810670601456,0,0.1425438596491228
stable_derived,0.065,0.038538810670601456,1,0.37468671679197996
stable_derived,0.065,0.038538810670601456,2,0.3941712204007286
stable_derived,0.065,0.038538810670601456,3,0.262987012987013
stable_derived,0.065,0.049507997596815526,0,0.14224137931034483
stable_derived,0.065,0.049507997596815526,1,0.37516087516087515
stable_derived,0.065,0.049507997596815526,2,0.39390681003584227
stable_derived,0.065,0.049507997596815526,3,0.262987012987013
stable_derived,0.065,0.06359931153547553,0,0.14224137931034483
stable_derived,0.065,0.06359931153547553,1,0.37516087516087515
stable_derived,0.065,0.06359931153547553,2,0.39390681003584227
stable_derived,0.065,0.06359931153547553,3,0.262987012987013
stable_derived,0.065,0.08170139420154304,0,0.14224137931034483
stable_derived,0.065,0.08170139420154304,1,0.37460716530483973
stable_derived,0.065,0.08170139420154304,2,0.39390681003584227
stable_derived,0.065,0.08170139420154304,3,0.2631578947368421
stable_derived,0.065,0.10495581875524816,0,0.14224137931034483
stable_derived,0.065,0.10495581875524816,1,0.37460716530483973
stable_derived,0.065,0.10495581875524816,2,0.39390681003584227
stable_derived,0.065,0.10495581875524816,3,0.262987012987013
stable_derived,0.065,0.1348290809262157,0,0.1419491525423729
stable_derived,0.065,0.1348290809262157,1,0.3740786240786241
stable_derived,0.065,0.1348290809262157,2,0.39390681003584227
stable_derived,0.065,0.1348290809262157,3,0.2626582278481012
stable_derived,0.065,0.17320508075688773,0,0.1419491525423729
stable_derived,0.065,0.17320508075688773,1,0.3726163234172387
stable_derived,0.065,0.17320508075688773,2,0.3941712204007286
stable_derived,0.065,0.17320508075688773,3,0.2626582278481012
stable_derived,0.065,0.2225039271491978,0,0.1425438596491228
stable_derived,0.065,0.2225039271491978,1,0.3709454796411318
stable_derived,0.065,0.2225039271491978,2,0.3968253968253968
stable_derived,0.065,0.2225039271491978,3,0.2623456790123457
stable_derived,0.065,0.2858345573956079,0,0.1425438596491228
stable_derived,0.065,0.2858345573956079,1,0.36988727858293075
stable_derived,0.065,0.2858345573956079,2,0.39657738095238093
stable_derived,0.065,0.2858345573956079,3,0.26249999999999996
stable_derived,0.065,0.3671907963528168,0,0.14351851851851852
stable_derived,0.065,0.3671907963528168,1,0.36737891737891737
stable_derived,0.065,0.3671907963528168,2,0.40404040404040403
stable_derived,0.065,0.3671907963528168,3,0.26249999999999996
stable_derived,0.065,0.47170321935428616,0,0.145
stable_derived,0.065,0.47170321935428616,1,0.3636158192090395
stable_derived,0.065,0.47170321935428616,2,0.40404040404040403
stable_derived,0.065,0.47170321935428616,3,0.2619047619047619
stable_derived,0.065,0.6059627021136009,0,0.14540816326530612
stable_derived,0.065,0.6059627021136009,1,0.3618080446037435
stable_derived,0.065,0.6059627021136009,2,0.4080239009816474
stable_derived,0.065,0.6059627021136009,3,0.26176470588235295
stable_derived,0.065,0.778436061673405,0,0.14540816326530612
stable_derived,0.065,0.778436061673405,1,0.3599546129004102
stable_derived,0.065,0.778436061673405,2,0.4211060375443937
stable_derived,0.065,0.778436061673405,3,0.2619047619047619
stable_derived,0.065,1.0,0,0.145
stable_derived,0.065,1.0,1,0.3583468021242207
stable_derived,0.065,1.0,2,0.4212962962962963
stable_derived,0.065,1.0,3,0.290436005625879
stable_derived,0.065,2.0,0,0.14540816326530612
stable_derived,0.065,2.0,1,0.3564082278481012
stable_derived,0.065,2.0,2,0.409297052154195
stable_derived,0.065,2.0,3,0.3169491525423729
stable_derived,0.065,3.0,0,0.14583333333333334
stable_derived,0.065,3.0,1,0.3581511839708561
stable_derived,0.065,3.0,2,0.39693926351028214
stable_derived,0.065,3.0,3,0.35833333333333334
stable_derived,0.065,10.0,0,0.15725806451612903
stable_derived,0.065,10.0,1,0.3973973973973974
stable_derived,0.065,10.0,2,0.3817391304347826
stable_derived,0.065,10.0,3,0.2481060606060606
stable_derived,0.07,0.003,0,0.1431818181818182
stable_derived,0.07,0.003,1,0.3946886446886447
stable_derived,0.07,0.003,2,0.38791423001949316
stable_derived,0.07,0.003,3,0.2636986301369863
stable_derived,0.07,0.005,0,0.1431818181818182
stable_derived,0.07,0.005,1,0.391358024691358
stable_derived,0.07,0.005,2,0.38791423001949316
stable_derived,0.07,0.005,3,0.2638888888888889
stable_derived,0.07,0.01,0,0.14285714285714285
stable_derived,0.07,0.01,1,0.3767711962833914
stable_derived,0.07,0.01,2,0.38791423001949316
stable_derived,0.07,0.01,3,0.2635135135135135
stable_derived,0.07,0.02,0,0.14224137931034483
stable_derived,0.07,0.02,1,0.37526743688489517
stable_derived,0.07,0.02,2,0.38979039891818795
stable_derived,0.07,0.02,3,0.2633333333333333
stable_derived,0.07,0.03,0,0.14166666666666666
stable_derived,0.07,0.03,1,0.37566137566137564
stable_derived,0.07,0.03,2,0.39194915254237284
stable_derived,0.07,0.03,3,0.262987012987013
stable_derived,0.07,0.038538810670601456,0,0.14166666666666666
stable_derived,0.07,0.038538810670601456,1,0.37516087516087515
stable_derived,0.07,0.038538810670601456,2,0.39166666666666666
stable_derived,0.07,0.038538810670601456,3,0.262987012987013
stable_derived,0.07,0.049507997596815526,0,0.1413934426229508
stable_derived,0.07,0.049507997596815526,1,0.37468671679197996
stable_derived,0.07,0.049507997596815526,2,0.3913934426229508
stable_derived,0.07,0.049507997596815526,3,0.2628205128205128
stable_derived,0.07,0.06359931153547553,0,0.1411290322580645
stable_derived,0.07,0.06359931153547553,1,0.37468671679197996
stable_derived,0.07,0.06359931153547553,2,0.3911290322580645
stable_derived,0.07,0.06359931153547553,3,0.2626582278481012
stable_derived,0.07,0.08170139420154304,0,0.1411290322580645
stable_derived,0.07,0.08170139420154304,1,0.3740786240786241
stable_derived,0.07,0.08170139420154304,2,0.38842203548085896
stable_derived,0.07,0.08170139420154304,3,0.2626582278481012
stable_derived,0.07,0.10495581875524816,0,0.1413934426229508
stable_derived,0.07,0.10495581875524816,1,0.3726163234172387
stable_derived,0.07,0.10495581875524816,2,0.3879336349924585
stable_derived,0.07,0.10495581875524816,3,0.2626582278481012
stable_derived,0.07,0.1348290809262157,0,0.1413934426229508
stable_derived,0.07,0.1348290809262157,1,0.372166480862133
stable_derived,0.07,0.1348290809262157,2,0.3903846153846154
stable_derived,0.07,0.1348290809262157,3,0.2626582278481012
stable_derived,0.07,0.17320508075688773,0,0.1419491525423729
stable_derived,0.07,0.17320508075688773,1,0.37173913043478257
stable_derived,0.07,0.17320508075688773,2,0.390625
stable_derived,0.07,0.17320508075688773,3,0.26249999999999996
stable_derived,0.07,0.2225039271491978,0,0.1419491525423729
stable_derived,0.07,0.2225039271491978,1,0.37133262636974196
stable_derived,0.07,0.2225039271491978,2,0.390625
stable_derived,0.07,0.2225039271491978,3,0.2623456790123457
stable_derived,0.07,0.2858345573956079,0,0.1425438596491228
stable_derived,0.07,0.2858345573956079,1,0.3693181818181818
stable_derived,0.07,0.2858345573956079,2,0.38992537313432835
stable_derived,0.07,0.2858345573956079,3,0.2623456790123457
stable_derived,0.07,0.3671907963528168,0,0.14386792452830188
stable_derived,0.07,0.3671907963528168,1,0.36737891737891737
stable_derived,0.07,0.3671907963528168,2,0.3927031509121061
stable_derived,0.07,0.3671907963528168,3,0.26249999999999996
stable_derived,0.07,0.47170321935428616,0,0.14583333333333334
stable_derived,0.07,0.47170321935428616,1,0.36360544217687074
stable_derived,0.07,0.47170321935428616,2,0.3958777540867093
stable_derived,0.07,0.47170321935428616,3,0.2619047619047619
stable_derived,0.07,0.6059627021136009,0,0.14627659574468085
stable_derived,0.07,0.6059627021136009,1,0.361304012345679
stable_derived,0.07,0.6059627021136009,2,0.4029733959311424
stable_derived,0.07,0.6059627021136009,3,0.26176470588235295
stable_derived,0.07,0.778436061673405,0,0.14583333333333334
stable_derived,0.07,0.778436061673405,1,0.3599439775910364
stable_derived,0.07,0.778436061673405,2,0.42149191444966094
stable_derived,0.07,0.778436061673405,3,0.2736694677871149
stable_derived,0.07,1.0,0,0.145
stable_derived,0.07,1.0,1,0.3589120932491501
stable_derived,0.07,1.0,2,0.4212962962962963
stable_derived,0.07,1.0,3,0.290436005625879
stable_derived,0.07,2.0,0,0.14540816326530612
stable_derived,0.07,2.0,1,0.3564082278481012
stable_derived,0.07,2.0,2,0.409297052154195
stable_derived,0.07,2.0,3,0.3169491525423729
stable_derived,0.07,3.0,0,0.14583333333333334
stable_derived,0.07,3.0,1,0.3581511839708561
stable_derived,0.07,3.0,2,0.39693926351028214
stable_derived,0.07,3.0,3,0.35833333333333334
stable_derived,0.07,10.0,0,0.15725806451612903
stable_derived,0.07,10.0,1,0.3973973973973974
stable_derived,0.07,10.0,2,0.3817391304347826
stable_derived,0.07,10.0,3,0.2481060606060606
stable_derived,0.075,0.003,0,0.1431818181818182
stable_derived,0.075,0.003,1,0.3946886446886447
stable_derived,0.075,0.003,2,0.3946078431372549
stable_derived,0.075,0.003,3,0.2636986301369863
stable_derived,0.075,0.005,0,0.14285714285714285
stable_derived,0.075,0.005,1,0.390224358974359
stable_derived,0.075,0.005,2,0.3931818181818182
stable_derived,0.075,0.005,3,0.2635135135135135
stable_derived,0.075,0.01,0,0.14285714285714285
stable_derived,0.075,0.01,1,0.380479735318445
stable_derived,0.075,0.01,2,0.3931818181818182
stable_derived,0.075,0.01,3,0.2635135135135135
stable_derived,0.075,0.02,0,0.14166666666666666
stable_derived,0.075,0.02,1,0.37574159525379036
stable_derived,0.075,0.02,2,0.39285714285714285
stable_derived,0.075,0.02,3,0.2635135135135135
stable_derived,0.075,0.03,0,0.14166666666666666
stable_derived,0.075,0.03,1,0.37574159525379036
stable_derived,0.075,0.03,2,0.39194915254237284
stable_derived,0.075,0.03,3,0.262987012987013
stable_derived,0.075,0.038538810670601456,0,0.14166666666666666
stable_derived,0.075,0.038538810670601456,1,0.37574159525379036
stable_derived,0.075,0.038538810670601456,2,0.3913934426229508
stable_derived,0.075,0.038538810670601456,3,0.2626582278481012
stable_derived,0.075,0.049507997596815526,0,0.1419491525423729
stable_derived,0.075,0.049507997596815526,1,0.37635135135135134
stable_derived,0.075,0.049507997596815526,2,0.38842203548085896
stable_derived,0.075,0.049507997596815526,3,0.2626582278481012
stable_derived,0.075,0.06359931153547553,0,0.1419491525423729
stable_derived,0.075,0.06359931153547553,1,0.37574159525379036
stable_derived,0.075,0.06359931153547553,2,0.3855218855218855
stable_derived,0.075,0.06359931153547553,3,0.26249999999999996
stable_derived,0.075,0.08170139420154304,0,0.14166666666666666
stable_derived,0.075,0.08170139420154304,1,0.3740786240786241
stable_derived,0.075,0.08170139420154304,2,0.3855218855218855
stable_derived,0.075,0.08170139420154304,3,0.26249999999999996
stable_derived,0.075,0.10495581875524816,0,0.14166666666666666
stable_derived,0.075,0.10495581875524816,1,0.3730994152046784
stable_derived,0.075,0.10495581875524816,2,0.38507625272331153
stable_derived,0.075,0.10495581875524816,3,0.26249999999999996
stable_derived,0.075,0.1348290809262157,0,0.14166666666666666
stable_derived,0.075,0.1348290809262157,1,0.3726163234172387
stable_derived,0.075,0.1348290809262157,2,0.38465608465608464
stable_derived,0.075,0.1348290809262157,3,0.26249999999999996
stable_derived,0.075,0.17320508075688773,0,0.1419491525423729
stable_derived,0.075,0.17320508075688773,1,0.37127659574468086
stable_derived,0.075,0.17320508075688773,2,0.38445487741262385
stable_derived,0.075,0.17320508075688773,3,0.26249999999999996
stable_derived,0.075,0.2225039271491978,0,0.1419491525423729
stable_derived,0.075,0.2225039271491978,1,0.3704081632653061
stable_derived,0.075,0.2225039271491978,2,0.38663352665009665
stable_derived,0.075,0.2225039271491978,3,0.2623456790123457
stable_derived,0.075,0.2858345573956079,0,0.14224137931034483
stable_derived,0.075,0.2858345573956079,1,0.3688141923436041
stable_derived,0.075,0.2858345573956079,2,0.38949275362318836
stable_derived,0.075,0.2858345573956079,3,0.2623456790123457
stable_derived,0.075,0.3671907963528168,0,0.14351851851851852
stable_derived,0.075,0.3671907963528168,1,0.36735277301315034
stable_derived,0.075,0.3671907963528168,2,0.3897058823529412
stable_derived,0.075,0.3671907963528168,3,0.26249999999999996
stable_derived,0.075,0.47170321935428616,0,0.14583333333333334
stable_derived,0.075,0.47170321935428616,1,0.3638888888888889
stable_derived,0.075,0.47170321935428616,2,0.39186228482003127
stable_derived,0.075,0.47170321935428616,3,0.2621951219512195
stable_derived,0.075,0.6059627021136009,0,0.14627659574468085
stable_derived,0.075,0.6059627021136009,1,0.3610636277302944
stable_derived,0.075,0.6059627021136009,2,0.39186228482003127
stable_derived,0.075,0.6059627021136009,3,0.2620481927710843
stable_derived,0.075,0.778436061673405,0,0.14627659574468085
stable_derived,0.075,0.778436061673405,1,0.3599439775910364
stable_derived,0.075,0.778436061673405,2,0.4140845070422535
stable_derived,0.075,0.778436061673405,3,0.2740998838559814
stable_derived,0.075,1.0,0,0.1467391304347826
stable_derived,0.075,1.0,1,0.35911374680833535
stable_derived,0.075,1.0,2,0.4144927536231884
stable_derived,0.075,1.0,3,0.29059829059829057
stable_derived,0.075,2.0,0,0.14540816326530612
stable_derived,0.075,2.0,1,0.3564082278481012
stable_derived,0.075,2.0,2,0.409297052154195
stable_derived,0.075,2.0,3,0.3169491525423729
stable_derived,0.075,3.0,0,0.14583333333333334
stable_derived,0.075,3.0,1,0.3581511839708561
stable_derived,0.075,3.0,2,0.39693926351028214
stable_derived,0.075,3.0,3,0.35833333333333334
stable_derived,0.075,10.0,0,0.15725806451612903
stable_derived,0.075,10.0,1,0.3973973973973974
stable_derived,0.075,10.0,2,0.3817391304347826
stable_derived,0.075,10.0,3,0.2481060606060606
stable_derived,0.08,0.003,0,0.14285714285714285
stable_derived,0.08,0.003,1,0.388327721661055
stable_derived,0.08,0.003,2,0.3942307692307692
stable_derived,0.08,0.003,3,0.2635135135135135
stable_derived,0.08,0.005,0,0.1425438596491228
stable_derived,0.08,0.005,1,0.38743645606390703
stable_derived,0.08,0.005,2,0.3938679245283019
stable_derived,0.08,0.005,3,0.2635135135135135
stable_derived,0.08,0.01,0,0.1419491525423729
stable_derived,0.08,0.01,1,0.3798076923076923
stable_derived,0.08,0.01,2,0.39285714285714285
stable_derived,0.08,0.01,3,0.2635135135135135
stable_derived,0.08,0.02,0,0.1419491525423729
stable_derived,0.08,0.02,1,0.3779411764705882
stable_derived,0.08,0.02,2,0.39194915254237284
stable_derived,0.08,0.02,3,0.2635135135135135
stable_derived,0.08,0.03,0,0.14166666666666666
stable_derived,0.08,0.03,1,0.3773809523809524
stable_derived,0.08,0.03,2,0.3913934426229508
stable_derived,0.08,0.03,3,0.262987012987013
stable_derived,0.08,0.038538810670601456,0,0.1419491525423729
stable_derived,0.08,0.038538810670601456,1,0.37635135135135134
stable_derived,0.08,0.038538810670601456,2,0.38842203548085896
stable_derived,0.08,0.038538810670601456,3,0.2626582278481012
stable_derived,0.08,0.049507997596815526,0,0.1419491525423729
stable_derived,0.08,0.049507997596815526,1,0.37574159525379036
stable_derived,0.08,0.049507997596815526,2,0.38575498575498574
stable_derived,0.08,0.049507997596815526,3,0.2626582278481012
stable_derived,0.08,0.06359931153547553,0,0.1419491525423729
stable_derived,0.08,0.06359931153547553,1,0.3740786240786241
stable_derived,0.08,0.06359931153547553,2,0.3855218855218855
stable_derived,0.08,0.06359931153547553,3,0.2626582278481012
stable_derived,0.08,0.08170139420154304,0,0.14166666666666666
stable_derived,0.08,0.08170139420154304,1,0.37357357357357357
stable_derived,0.08,0.08170139420154304,2,0.38465608465608464
stable_derived,0.08,0.08170139420154304,3,0.2626582278481012
stable_derived,0.08,0.10495581875524816,0,0.14166666666666666
stable_derived,0.08,0.10495581875524816,1,0.37357357357357357
stable_derived,0.08,0.10495581875524816,2,0.38425925925925924
stable_derived,0.08,0.10495581875524816,3,0.2626582278481012
stable_derived,0.08,0.1348290809262157,0,0.14166666666666666
stable_derived,0.08,0.1348290809262157,1,0.37357357357357357
stable_derived,0.08,0.1348290809262157,2,0.38406900050735665
stable_derived,0.08,0.1348290809262157,3,0.2626582278481012
stable_derived,0.08,0.17320508075688773,0,0.1419491525423729
stable_derived,0.08,0.17320508075688773,1,0.3704081632653061
stable_derived,0.08,0.17320508075688773,2,0.38352826510721244
stable_derived,0.08,0.17320508075688773,3,0.2623456790123457
stable_derived,0.08,0.2225039271491978,0,0.1419491525423729
stable_derived,0.08,0.2225039271491978,1,0.3704081632653061
stable_derived,0.08,0.2225039271491978,2,0.38352826510721244
stable_derived,0.08,0.2225039271491978,3,0.2623456790123457
stable_derived,0.08,0.2858345573956079,0,0.14224137931034483
stable_derived,0.08,0.2858345573956079,1,0.3692307692307692
stable_derived,0.08,0.2858345573956079,2,0.38588235294117645
stable_derived,0.08,0.2858345573956079,3,0.26249999999999996
stable_derived,0.08,0.3671907963528168,0,0.14351851851851852
stable_derived,0.08,0.3671907963528168,1,0.3660785886126704
stable_derived,0.08,0.3671907963528168,2,0.38888888888888884
stable_derived,0.08,0.3671907963528168,3,0.26249999999999996
stable_derived,0.08,0.47170321935428616,0,0.14627659574468085
stable_derived,0.08,0.47170321935428616,1,0.3639111731194047
stable_derived,0.08,0.47170321935428616,2,0.38888888888888884
stable_derived,0.08,0.47170321935428616,3,0.2620481927710843
stable_derived,0.08,0.6059627021136009,0,0.14627659574468085
stable_derived,0.08,0.6059627021136009,1,0.36129656507014996
stable_derived,0.08,0.6059627021136009,2,0.39166666666666666
stable_derived,0.08,0.6059627021136009,3,0.27395295467584624
stable_derived,0.08,0.778436061673405,0,0.14627659574468085
stable_derived,0.08,0.778436061673405,1,0.35973084886128365
stable_derived,0.08,0.778436061673405,2,0.4029733959311424
stable_derived,0.08,0.778436061673405,3,0.2740998838559814
stable_derived,0.08,1.0,0,0.1467391304347826
stable_derived,0.08,1.0,1,0.35911374680833535
stable_derived,0.08,1.0,2,0.40886476707372227
stable_derived,0.08,1.0,3,0.29059829059829057
stable_derived,0.08,2.0,0,0.14540816326530612
stable_derived,0.08,2.0,1,0.3564082278481012
stable_derived,0.08,2.0,2,0.409297052154195
stable_derived,0.08,2.0,3,0.3169491525423729
stable_derived,0.08,3.0,0,0.14583333333333334
stable_derived,0.08,3.0,1,0.3581511839708561
stable_derived,0.08,3.0,2,0.39693926351028214
stable_derived,0.08,3.0,3,0.35833333333333334
stable_derived,0.08,10.0,0,0.15725806451612903
stable_derived,0.08,10.0,1,0.3973973973973974
stable_derived,0.08,10.0,2,0.3817391304347826
stable_derived,0.08,10.0,3,0.2481060606060606
stable_derived,0.085,0.003,0,0.14224137931034483
stable_derived,0.085,0.003,1,0.38743645606390703
stable_derived,0.085,0.003,2,0.3942307692307692
stable_derived,0.085,0.003,3,0.25443937087772706
stable_derived,0.085,0.005,0,0.14224137931034483
stable_derived,0.085,0.005,1,0.38743645606390703
stable_derived,0.085,0.005,2,0.3931818181818182
stable_derived,0.085,0.005,3,0.25425425425425424
stable_derived,0.085,0.01,0,0.1419491525423729
stable_derived,0.085,0.01,1,0.38119369369369366
stable_derived,0.085,0.01,2,0.39194915254237284
stable_derived,0.085,0.01,3,0.2635135135135135
stable_derived,0.085,0.02,0,0.14166666666666666
stable_derived,0.085,0.02,1,0.37858220211161386
stable_derived,0.085,0.02,2,0.39087301587301587
stable_derived,0.085,0.02,3,0.2631578947368421
stable_derived,0.085,0.03,0,0.1413934426229508
stable_derived,0.085,0.03,1,0.3768518518518518
stable_derived,0.085,0.03,2,0.390625
stable_derived,0.085,0.03,3,0.2628205128205128
stable_derived,0.085,0.038538810670601456,0,0.14087301587301587
stable_derived,0.085,0.038538810670601456,1,0.37574159525379036
stable_derived,0.085,0.038538810670601456,2,0.3874743927421715
stable_derived,0.085,0.038538810670601456,3,0.2628205128205128
stable_derived,0.085,0.049507997596815526,0,0.14087301587301587
stable_derived,0.085,0.049507997596815526,1,0.37460716530483973
stable_derived,0.085,0.049507997596815526,2,0.3852957435046987
stable_derived,0.085,0.049507997596815526,3,0.2626582278481012
stable_derived,0.085,0.06359931153547553,0,0.1411290322580645
stable_derived,0.085,0.06359931153547553,1,0.3740786240786241
stable_derived,0.085,0.06359931153547553,2,0.3852957435046987
stable_derived,0.085,0.06359931153547553,3,0.2626582278481012
stable_derived,0.085,0.08170139420154304,0,0.1413934426229508
stable_derived,0.085,0.08170139420154304,1,0.3740786240786241
stable_derived,0.085,0.08170139420154304,2,0.38465608465608464
stable_derived,0.085,0.08170139420154304,3,0.2626582278481012
stable_derived,0.085,0.10495581875524816,0,0.14166666666666666
stable_derived,0.085,0.10495581875524816,1,0.3730994152046784
stable_derived,0.085,0.10495581875524816,2,0.38388388388388384
stable_derived,0.085,0.10495581875524816,3,0.2626582278481012
stable_derived,0.085,0.1348290809262157,0,0.14166666666666666
stable_derived,0.085,0.1348290809262157,1,0.3717039461720313
stable_derived,0.085,0.1348290809262157,2,0.38352826510721244
stable_derived,0.085,0.1348290809262157,3,0.26249999999999996
stable_derived,0.085,0.17320508075688773,0,0.1419491525423729
stable_derived,0.085,0.17320508075688773,1,0.3704081632653061
stable_derived,0.085,0.17320508075688773,2,0.38335738335738334
stable_derived,0.085,0.17320508075688773,3,0.26249999999999996
stable_derived,0.085,0.2225039271491978,0,0.14224137931034483
stable_derived,0.085,0.2225039271491978,1,0.3704081632653061
stable_derived,0.085,0.2225039271491978,2,0.3831908831908832
stable_derived,0.085,0.2225039271491978,3,0.2623456790123457
stable_derived,0.085,0.2858345573956079,0,0.1425438596491228
stable_derived,0.085,0.2858345573956079,1,0.36846142046326125
stable_derived,0.085,0.2858345573956079,2,0.3831908831908832
stable_derived,0.085,0.2858345573956079,3,0.26249999999999996
stable_derived,0.085,0.3671907963528168,0,0.14351851851851852
stable_derived,0.085,0.3671907963528168,1,0.366750208855472
stable_derived,0.085,0.3671907963528168,2,0.38570691434468524
stable_derived,0.085,0.3671907963528168,3,0.26249999999999996
stable_derived,0.085,0.47170321935428616,0,0.14583333333333334
stable_derived,0.085,0.47170321935428616,1,0.3630678077682686
stable_derived,0.085,0.47170321935428616,2,0.3886986301369863
stable_derived,0.085,0.47170321935428616,3,0.2621951219512195
stable_derived,0.085,0.6059627021136009,0,0.14627659574468085
stable_derived,0.085,0.6059627021136009,1,0.362051282051282
stable_derived,0.085,0.6059627021136009,2,0.39186228482003127
stable_derived,0.085,0.6059627021136009,3,0.2740998838559814
stable_derived,0.085,0.778436061673405,0,0.1467391304347826
stable_derived,0.085,0.778436061673405,1,0.3599472990777338
stable_derived,0.085,0.778436061673405,2,0.3986998916576381
stable_derived,0.085,0.778436061673405,3,0.2740998838559814
stable_derived,0.085,1.0,0,0.1467391304347826
stable_derived,0.085,1.0,1,0.35932260228034874
stable_derived,0.085,1.0,2,0.40909090909090906
stable_derived,0.085,1.0,3,0.2907647907647908
stable_derived,0.085,2.0,0,0.14540816326530612
stable_derived,0.085,2.0,1,0.3564082278481012
stable_derived,0.085,2.0,2,0.409297052154195
stable_derived,0.085,2.0,3,0.3169491525423729
stable_derived,0.085,3.0,0,0.14583333333333334
stable_derived,0.085,3.0,1,0.3581511839708561
stable_derived,0.085,3.0,2,0.39693926351028214
stable_derived,0.085,3.0,3,0.35833333333333334
stable_derived,0.085,10.0,0,0.15725806451612903
stable_derived,0.085,10.0,1,0.3973973973973974
stable_derived,0.085,10.0,2,0.3817391304347826
stable_derived,0.085,10.0,3,0.2481060606060606
stable_derived,0.09,0.003,0,0.1419491525423729
stable_derived,0.09,0.003,1,0.38743645606390703
stable_derived,0.09,0.003,2,0.3935185185185185
stable_derived,0.09,0.003,3,0.25462962962962965
stable_derived,0.09,0.005,0,0.1419491525423729
stable_derived,0.09,0.005,1,0.38659611992945325
stable_derived,0.09,0.005,2,0.3925438596491228
stable_derived,0.09,0.005,3,0.25462962962962965
stable_derived,0.09,0.01,0,0.14166666666666666
stable_derived,0.09,0.01,1,0.3798511430090377
stable_derived,0.09,0.01,2,0.39166666666666666
stable_derived,0.09,0.01,3,0.2635135135135135
stable_derived,0.09,0.02,0,0.1413934426229508
stable_derived,0.09,0.02,1,0.37858220211161386
stable_derived,0.09,0.02,2,0.390625
stable_derived,0.09,0.02,3,0.262987012987013
stable_derived,0.09,0.03,0,0.1411290322580645
stable_derived,0.09,0.03,1,0.37635135135135134
stable_derived,0.09,0.03,2,0.39015151515151514
stable_derived,0.09,0.03,3,0.2628205128205128
stable_derived,0.09,0.038538810670601456,0,0.14087301587301587
stable_derived,0.09,0.038538810670601456,1,0.37574159525379036
stable_derived,0.09,0.038538810670601456,2,0.3852957435046987
stable_derived,0.09,0.038538810670601456,3,0.2628205128205128
stable_derived,0.09,0.049507997596815526,0,0.14087301587301587
stable_derived,0.09,0.049507997596815526,1,0.37460716530483973
stable_derived,0.09,0.049507997596815526,2,0.3852957435046987
stable_derived,0.09,0.049507997596815526,3,0.2626582278481012
stable_derived,0.09,0.06359931153547553,0,0.14087301587301587
stable_derived,0.09,0.06359931153547553,1,0.37460716530483973
stable_derived,0.09,0.06359931153547553,2,0.38486312399355876
stable_derived,0.09,0.06359931153547553,3,0.2626582278481012
stable_derived,0.09,0.08170139420154304,0,0.1411290322580645
stable_derived,0.09,0.08170139420154304,1,0.37264957264957266
stable_derived,0.09,0.08170139420154304,2,0.38445487741262385
stable_derived,0.09,0.08170139420154304,3,0.2626582278481012
stable_derived,0.09,0.10495581875524816,0,0.14166666666666666
stable_derived,0.09,0.10495581875524816,1,0.3717039461720313
stable_derived,0.09,0.10495581875524816,2,0.38370370370370366
stable_derived,0.09,0.10495581875524816,3,0.2626582278481012
stable_derived,0.09,0.1348290809262157,0,0.1419491525423729
stable_derived,0.09,0.1348290809262157,1,0.37083333333333335
stable_derived,0.09,0.1348290809262157,2,0.38352826510721244
stable_derived,0.09,0.1348290809262157,3,0.2623456790123457
stable_derived,0.09,0.17320508075688773,0,0.14224137931034483
stable_derived,0.09,0.17320508075688773,1,0.37000165920026545
stable_derived,0.09,0.17320508075688773,2,0.3831908831908832
stable_derived,0.09,0.17320508075688773,3,0.2623456790123457
stable_derived,0.09,0.2225039271491978,0,0.14224137931034483
stable_derived,0.09,0.2225039271491978,1,0.36920133907221425
stable_derived,0.09,0.2225039271491978,2,0.3831908831908832
stable_derived,0.09,0.2225039271491978,3,0.2623456790123457
stable_derived,0.09,0.2858345573956079,0,0.1425438596491228
stable_derived,0.09,0.2858345573956079,1,0.36846142046326125
stable_derived,0.09,0.2858345573956079,2,0.3830285982184716
stable_derived,0.09,0.2858345573956079,3,0.26249999999999996
stable_derived,0.09,0.3671907963528168,0,0.14423076923076922
stable_derived,0.09,0.3671907963528168,1,0.3660785886126704
stable_derived,0.09,0.3671907963528168,2,0.38553603259485614
stable_derived,0.09,0.3671907963528168,3,0.26249999999999996
stable_derived,0.09,0.47170321935428616,0,0.14540816326530612
stable_derived,0.09,0.47170321935428616,1,0.3639111731194047
stable_derived,0.09,0.47170321935428616,2,0.3881578947368421
stable_derived,0.09,0.47170321935428616,3,0.2620481927710843
stable_derived,0.09,0.6059627021136009,0,0.14627659574468085
stable_derived,0.09,0.6059627021136009,1,0.3622916666666666
stable_derived,0.09,0.6059627021136009,2,0.38888888888888884
stable_derived,0.09,0.6059627021136009,3,0.2740998838559814
stable_derived,0.09,0.778436061673405,0,0.14722222222222223
stable_derived,0.09,0.778436061673405,1,0.3603848946986202
stable_derived,0.09,0.778436061673405,2,0.39890109890109887
stable_derived,0.09,0.778436061673405,3,0.2744047619047619
stable_derived,0.09,1.0,0,0.14722222222222223
stable_derived,0.09,1.0,1,0.35912698412698413
stable_derived,0.09,1.0,2,0.40909090909090906
stable_derived,0.09,1.0,3,0.312987012987013
stable_derived,0.09,2.0,0,0.14540816326530612
stable_derived,0.09,2.0,1,0.3564082278481012
stable_derived,0.09,2.0,2,0.409297052154195
stable_derived,0.09,2.0,3,0.3169491525423729
stable_derived,0.09,3.0,0,0.14583333333333334
stable_derived,0.09,3.0,1,0.3581511839708561
stable_derived,0.09,3.0,2,0.39693926351028214
stable_derived,0.09,3.0,3,0.35833333333333334
stable_derived,0.09,10.0,0,0.15725806451612903
stable_derived,0.09,10.0,1,0.3973973973973974
stable_derived,0.09,10.0,2,0.3817391304347826
stable_derived,0.09,10.0,3,0.2481060606060606
stable_derived,0.095,0.003,0,0.14166666666666666
stable_derived,0.095,0.003,1,0.3833333333333333
stable_derived,0.095,0.003,2,0.3931818181818182
stable_derived,0.095,0.003,3,0.25462962962962965
stable_derived,0.095,0.005,0,0.1413934426229508
stable_derived,0.095,0.005,1,0.3833333333333333
stable_derived,0.095,0.005,2,0.3925438596491228
stable_derived,0.095,0.005,3,0.25462962962962965
stable_derived,0.095,0.01,0,0.14166666666666666
stable_derived,0.095,0.01,1,0.37858220211161386
stable_derived,0.095,0.01,2,0.39166666666666666
stable_derived,0.095,0.01,3,0.2635135135135135
stable_derived,0.095,0.02,0,0.1411290322580645
stable_derived,0.095,0.02,1,0.3773809523809524
stable_derived,0.095,0.02,2,0.38992537313432835
stable_derived,0.095,0.02,3,0.2628205128205128
stable_derived,0.095,0.03,0,0.14087301587301587
stable_derived,0.095,0.03,1,0.37574159525379036
stable_derived,0.095,0.03,2,0.3874743927421715
stable_derived,0.095,0.03,3,0.2628205128205128
stable_derived,0.095,0.038538810670601456,0,0.14087301587301587
stable_derived,0.095,0.038538810670601456,1,0.37460716530483973
stable_derived,0.095,0.038538810670601456,2,0.3852957435046987
stable_derived,0.095,0.038538810670601456,3,0.2626582278481012
stable_derived,0.095,0.049507997596815526,0,0.1411290322580645
stable_derived,0.095,0.049507997596815526,1,0.37460716530483973
stable_derived,0.095,0.049507997596815526,2,0.38507625272331153
stable_derived,0.095,0.049507997596815526,3,0.2626582278481012
stable_derived,0.095,0.06359931153547553,0,0.14166666666666666
stable_derived,0.095,0.06359931153547553,1,0.372166480862133
stable_derived,0.095,0.06359931153547553,2,0.38465608465608464
stable_derived,0.095,0.06359931153547553,3,0.2626582278481012
stable_derived,0.095,0.08170139420154304,0,0.14166666666666666
stable_derived,0.095,0.08170139420154304,1,0.37083333333333335
stable_derived,0.095,0.08170139420154304,2,0.38406900050735665
stable_derived,0.095,0.08170139420154304,3,0.2626582278481012
stable_derived,0.095,0.10495581875524816,0,0.14166666666666666
stable_derived,0.095,0.10495581875524816,1,0.37083333333333335
stable_derived,0.095,0.10495581875524816,2,0.38352826510721244
stable_derived,0.095,0.10495581875524816,3,0.26249999999999996
stable_derived,0.095,0.1348290809262157,0,0.14224137931034483
stable_derived,0.095,0.1348290809262157,1,0.3704081632653061
stable_derived,0.095,0.1348290809262157,2,0.38352826510721244
stable_derived,0.095,0.1348290809262157,3,0.2623456790123457
stable_derived,0.095,0.17320508075688773,0,0.14224137931034483
stable_derived,0.095,0.17320508075688773,1,0.37000165920026545
stable_derived,0.095,0.17320508075688773,2,0.3831908831908832
stable_derived,0.095,0.17320508075688773,3,0.2623456790123457
stable_derived,0.095,0.2225039271491978,0,0.14285714285714285
stable_derived,0.095,0.2225039271491978,1,0.36920133907221425
stable_derived,0.095,0.2225039271491978,2,0.3831908831908832
stable_derived,0.095,0.2225039271491978,3,0.2623456790123457
stable_derived,0.095,0.2858345573956079,0,0.1431818181818182
stable_derived,0.095,0.2858345573956079,1,0.36846142046326125
stable_derived,0.095,0.2858345573956079,2,0.3830285982184716
stable_derived,0.095,0.2858345573956079,3,0.26249999999999996
stable_derived,0.095,0.3671907963528168,0,0.14423076923076922
stable_derived,0.095,0.3671907963528168,1,0.3660785886126704
stable_derived,0.095,0.3671907963528168,2,0.38553603259485614
stable_derived,0.095,0.3671907963528168,3,0.26249999999999996
stable_derived,0.095,0.47170321935428616,0,0.14627659574468085
stable_derived,0.095,0.47170321935428616,1,0.3639111731194047
stable_derived,0.095,0.47170321935428616,2,0.3881578947368421
stable_derived,0.095,0.47170321935428616,3,0.2620481927710843
stable_derived,0.095,0.6059627021136009,0,0.14627659574468085
stable_derived,0.095,0.6059627021136009,1,0.3620302287581699
stable_derived,0.095,0.6059627021136009,2,0.3886986301369863
stable_derived,0.095,0.6059627021136009,3,0.2744047619047619
stable_derived,0.095,0.778436061673405,0,0.14722222222222223
stable_derived,0.095,0.778436061673405,1,0.3603799185888738
stable_derived,0.095,0.778436061673405,2,0.4033816425120773
stable_derived,0.095,0.778436061673405,3,0.3128205128205128
stable_derived,0.095,1.0,0,0.14772727272727273
stable_derived,0.095,1.0,1,0.35932260228034874
stable_derived,0.095,1.0,2,0.4095643939393939
stable_derived,0.095,1.0,3,0.3131578947368421
stable_derived,0.095,2.0,0,0.14540816326530612
stable_derived,0.095,2.0,1,0.3564082278481012
stable_derived,0.095,2.0,2,0.409297052154195
stable_derived,0.095,2.0,3,0.3169491525423729
stable_derived,0.095,3.0,0,0.14583333333333334
stable_derived,0.095,3.0,1,0.3581511839708561
stable_derived,0.095,3.0,2,0.39693926351028214
stable_derived,0.095,3.0,3,0.35833333333333334
stable_derived,0.095,10.0,0,0.15725806451612903
stable_derived,0.095,10.0,1,0.3973973973973974
stable_derived,0.095,10.0,2,0.3817391304347826
stable_derived,0.095,10.0,3,0.2481060606060606
stable_derived,0.1,0.003,0,0.14166666666666666
stable_derived,0.1,0.003,1,0.3826164874551971
stable_derived,0.1,0.003,2,0.3925438596491228
stable_derived,0.1,0.003,3,0.25462962962962965
stable_derived,0.1,0.005,0,0.14166666666666666
stable_derived,0.1,0.005,1,0.3819444444444444
stable_derived,0.1,0.005,2,0.3922413793103448
stable_derived,0.1,0.005,3,0.25462962962962965
stable_derived,0.1,0.01,0,0.14166666666666666
stable_derived,0.1,0.01,1,0.3798511430090377
stable_derived,0.1,0.01,2,0.39087301587301587
stable_derived,0.1,0.01,3,0.2635135135135135
stable_derived,0.1,0.02,0,0.1411290322580645
stable_derived,0.1,0.02,1,0.3773809523809524
stable_derived,0.1,0.02,2,0.3874743927421715
stable_derived,0.1,0.02,3,0.2628205128205128
stable_derived,0.1,0.03,0,0.1413934426229508
stable_derived,0.1,0.03,1,0.37516087516087515
stable_derived,0.1,0.03,2,0.38507625272331153
stable_derived,0.1,0.03,3,0.2628205128205128
stable_derived,0.1,0.038538810670601456,0,0.14166666666666666
stable_derived,0.1,0.038538810670601456,1,0.37460716530483973
stable_derived,0.1,0.038538810670601456,2,0.38486312399355876
stable_derived,0.1,0.038538810670601456,3,0.2626582278481012
stable_derived,0.1,0.049507997596815526,0,0.14166666666666666
stable_derived,0.1,0.049507997596815526,1,0.37357357357357357
stable_derived,0.1,0.049507997596815526,2,0.38445487741262385
stable_derived,0.1,0.049507997596815526,3,0.2626582278481012
stable_derived,0.1,0.06359931153547553,0,0.1419491525423729
stable_derived,0.1,0.06359931153547553,1,0.37127659574468086
stable_derived,0.1,0.06359931153547553,2,0.38425925925925924
stable_derived,0.1,0.06359931153547553,3,0.2626582278481012
stable_derived,0.1,0.08170139420154304,0,0.14224137931034483
stable_derived,0.1,0.08170139420154304,1,0.37083333333333335
stable_derived,0.1,0.08170139420154304,2,0.38388388388388384
stable_derived,0.1,0.08170139420154304,3,0.26249999999999996
stable_derived,0.1,0.10495581875524816,0,0.14224137931034483
stable_derived,0.1,0.10495581875524816,1,0.3704081632653061
stable_derived,0.1,0.10495581875524816,2,0.38335738335738334
stable_derived,0.1,0.10495581875524816,3,0.26249999999999996
stable_derived,0.1,0.1348290809262157,0,0.14224137931034483
stable_derived,0.1,0.1348290809262157,1,0.3704081632653061
stable_derived,0.1,0.1348290809262157,2,0.38335738335738334
stable_derived,0.1,0.1348290809262157,3,0.26249999999999996
stable_derived,0.1,0.17320508075688773,0,0.1425438596491228
stable_derived,0.1,0.17320508075688773,1,0.3695934959349593
stable_derived,0.1,0.17320508075688773,2,0.3831908831908832
stable_derived,0.1,0.17320508075688773,3,0.2623456790123457
stable_derived,0.1,0.2225039271491978,0,0.14285714285714285
stable_derived,0.1,0.2225039271491978,1,0.36920133907221425
stable_derived,0.1,0.2225039271491978,2,0.3831908831908832
stable_derived,0.1,0.2225039271491978,3,0.26249999999999996
stable_derived,0.1,0.2858345573956079,0,0.1431818181818182
stable_derived,0.1,0.2858345573956079,1,0.36807427373465107
stable_derived,0.1,0.2858345573956079,2,0.3830285982184716
stable_derived,0.1,0.2858345573956079,3,0.26249999999999996
stable_derived,0.1,0.3671907963528168,0,0.1446078431372549
stable_derived,0.1,0.3671907963528168,1,0.3650615901455767
stable_derived,0.1,0.3671907963528168,2,0.38553603259485614
stable_derived,0.1,0.3671907963528168,3,0.2626582278481012
stable_derived,0.1,0.47170321935428616,0,0.14627659574468085
stable_derived,0.1,0.47170321935428616,1,0.3639111731194047
stable_derived,0.1,0.47170321935428616,2,0.3883333333333333
stable_derived,0.1,0.47170321935428616,3,0.2620481927710843
stable_derived,0.1,0.6059627021136009,0,0.14583333333333334
stable_derived,0.1,0.6059627021136009,1,0.3620302287581699
stable_derived,0.1,0.6059627021136009,2,0.3886986301369863
stable_derived,0.1,0.6059627021136009,3,0.31265822784810127
stable_derived,0.1,0.778436061673405,0,0.14722222222222223
stable_derived,0.1,0.778436061673405,1,0.3601634683724236
stable_derived,0.1,0.778436061673405,2,0.399108138238573
stable_derived,0.1,0.778436061673405,3,0.3128205128205128
stable_derived,0.1,1.0,0,0.14772727272727273
stable_derived,0.1,1.0,1,0.35891812865497075
stable_derived,0.1,1.0,2,0.4095643939393939
stable_derived,0.1,1.0,3,0.31333333333333335
stable_derived,0.1,2.0,0,0.14540816326530612
stable_derived,0.1,2.0,1,0.3564082278481012
stable_derived,0.1,2.0,2,0.409297052154195
stable_derived,0.1,2.0,3,0.3169491525423729
stable_derived,0.1,3.0,0,0.14583333333333334
stable_derived,0.1,3.0,1,0.3581511839708561
stable_derived,0.1,3.0,2,0.39693926351028214
stable_derived,0.1,3.0,3,0.35833333333333334
stable_derived,0.1,10.0,0,0.15725806451612903
stable_derived,0.1,10.0,1,0.3973973973973974
stable_derived,0.1,10.0,2,0.3817391304347826
stable_derived,0.1,10.0,3,0.2481060606060606
stable_derived,0.125,0.003,0,0.14224137931034483
stable_derived,0.125,0.003,1,0.38048245614035087
stable_derived,0.125,0.003,2,0.39087301587301587
stable_derived,0.125,0.003,3,0.2638888888888889
stable_derived,0.125,0.005,0,0.1425438596491228
stable_derived,0.125,0.005,1,0.38048245614035087
stable_derived,0.125,0.005,2,0.3903846153846154
stable_derived,0.125,0.005,3,0.2757936507936508
stable_derived,0.125,0.01,0,0.14285714285714285
stable_derived,0.125,0.01,1,0.3779411764705882
stable_derived,0.125,0.01,2,0.3852957435046987
stable_derived,0.125,0.01,3,0.2756033920417482
stable_derived,0.125,0.02,0,0.1425438596491228
stable_derived,0.125,0.02,1,0.3768518518518518
stable_derived,0.125,0.02,2,0.38425925925925924
stable_derived,0.125,0.02,3,0.2633333333333333
stable_derived,0.125,0.03,0,0.14224137931034483
stable_derived,0.125,0.03,1,0.37624209575429085
stable_derived,0.125,0.03,2,0.38388388388388384
stable_derived,0.125,0.03,3,0.2623456790123457
stable_derived,0.125,0.038538810670601456,0,0.14224137931034483
stable_derived,0.125,0.038538810670601456,1,0.37624209575429085
stable_derived,0.125,0.038538810670601456,2,0.38388388388388384
stable_derived,0.125,0.038538810670601456,3,0.2623456790123457
stable_derived,0.125,0.049507997596815526,0,0.14224137931034483
stable_derived,0.125,0.049507997596815526,1,0.37624209575429085
stable_derived,0.125,0.049507997596815526,2,0.38406900050735665
stable_derived,0.125,0.049507997596815526,3,0.2623456790123457
stable_derived,0.125,0.06359931153547553,0,0.1425438596491228
stable_derived,0.125,0.06359931153547553,1,0.37624209575429085
stable_derived,0.125,0.06359931153547553,2,0.38406900050735665
stable_derived,0.125,0.06359931153547553,3,0.2621951219512195
stable_derived,0.125,0.08170139420154304,0,0.1425438596491228
stable_derived,0.125,0.08170139420154304,1,0.37624209575429085
stable_derived,0.125,0.08170139420154304,2,0.38445487741262385
stable_derived,0.125,0.08170139420154304,3,0.2620481927710843
stable_derived,0.125,0.10495581875524816,0,0.1425438596491228
stable_derived,0.125,0.10495581875524816,1,0.37574159525379036
stable_derived,0.125,0.10495581875524816,2,0.38465608465608464
stable_derived,0.125,0.10495581875524816,3,0.2619047619047619
stable_derived,0.125,0.1348290809262157,0,0.1425438596491228
stable_derived,0.125,0.1348290809262157,1,0.37481759432978945
stable_derived,0.125,0.1348290809262157,2,0.38663352665009665
stable_derived,0.125,0.1348290809262157,3,0.2619047619047619
stable_derived,0.125,0.17320508075688773,0,0.14285714285714285
stable_derived,0.125,0.17320508075688773,1,0.37423687423687424
stable_derived,0.125,0.17320508075688773,2,0.3862476497448294
stable_derived,0.125,0.17320508075688773,3,0.2620481927710843
stable_derived,0.125,0.2225039271491978,0,0.1431818181818182
stable_derived,0.125,0.2225039271491978,1,0.3738095238095238
stable_derived,0.125,0.2225039271491978,2,0.3886986301369863
stable_derived,0.125,0.2225039271491978,3,0.2623456790123457
stable_derived,0.125,0.2858345573956079,0,0.1431818181818182
stable_derived,0.125,0.2858345573956079,1,0.3727272727272727
stable_derived,0.125,0.2858345573956079,2,0.3885135135135135
stable_derived,0.125,0.2858345573956079,3,0.2628205128205128
stable_derived,0.125,0.3671907963528168,0,0.14386792452830188
stable_derived,0.125,0.3671907963528168,1,0.37000165920026545
stable_derived,0.125,0.3671907963528168,2,0.3883333333333333
stable_derived,0.125,0.3671907963528168,3,0.2752380952380952
stable_derived,0.125,0.47170321935428616,0,0.14540816326530612
stable_derived,0.125,0.47170321935428616,1,0.36569200779727096
stable_derived,0.125,0.47170321935428616,2,0.3885135135135135
stable_derived,0.125,0.47170321935428616,3,0.31333333333333335
stable_derived,0.125,0.6059627021136009,0,0.14722222222222223
stable_derived,0.125,0.6059627021136009,1,0.36086309523809523
stable_derived,0.125,0.6059627021136009,2,0.39186228482003127
stable_derived,0.125,0.6059627021136009,3,0.31333333333333335
stable_derived,0.125,0.778436061673405,0,0.14722222222222223
stable_derived,0.125,0.778436061673405,1,0.3581705285476299
stable_derived,0.125,0.778436061673405,2,0.39186228482003127
stable_derived,0.125,0.778436061673405,3,0.31333333333333335
stable_derived,0.125,1.0,0,0.14825581395348836
stable_derived,0.125,1.0,1,0.3579609252189535
stable_derived,0.125,1.0,2,0.4050179211469534
stable_derived,0.125,1.0,3,0.31351351351351353
stable_derived,0.125,2.0,0,0.14540816326530612
stable_derived,0.125,2.0,1,0.35641025641025637
stable_derived,0.125,2.0,2,0.40888888888888886
stable_derived,0.125,2.0,3,0.3169491525423729
stable_derived,0.125,3.0,0,0.14583333333333334
stable_derived,0.125,3.0,1,0.3581511839708561
stable_derived,0.125,3.0,2,0.39693926351028214
stable_derived,0.125,3.0,3,0.35833333333333334
stable_derived,0.125,10.0,0,0.15725806451612903
stable_derived,0.125,10.0,1,0.3973973973973974
stable_derived,0.125,10.0,2,0.3817391304347826
stable_derived,0.125,10.0,3,0.2481060606060606
stable_derived,0.15,0.003,0,0.1413934426229508
stable_derived,0.15,0.003,1,0.3798511430090377
stable_derived,0.15,0.003,2,0.38992537313432835
stable_derived,0.15,0.003,3,0.2640845070422535
stable_derived,0.15,0.005,0,0.1413934426229508
stable_derived,0.15,0.005,1,0.378021978021978
stable_derived,0.15,0.005,2,0.38992537313432835
stable_derived,0.15,0.005,3,0.2638888888888889
stable_derived,0.15,0.01,0,0.1413934426229508
stable_derived,0.15,0.01,1,0.37749287749287747
stable_derived,0.15,0.01,2,0.38928571428571423
stable_derived,0.15,0.01,3,0.2635135135135135
stable_derived,0.15,0.02,0,0.1411290322580645
stable_derived,0.15,0.02,1,0.37749287749287747
stable_derived,0.15,0.02,2,0.38445487741262385
stable_derived,0.15,0.02,3,0.275062656641604
stable_derived,0.15,0.03,0,0.14087301587301587
stable_derived,0.15,0.03,1,0.37635135135135134
stable_derived,0.15,0.03,2,0.38465608465608464
stable_derived,0.15,0.03,3,0.2742504409171076
stable_derived,0.15,0.038538810670601456,0,0.14087301587301587
stable_derived,0.15,0.038538810670601456,1,0.37635135135135134
stable_derived,0.15,0.038538810670601456,2,0.38465608465608464
stable_derived,0.15,0.038538810670601456,3,0.2742504409171076
stable_derived,0.15,0.049507997596815526,0,0.14087301587301587
stable_derived,0.15,0.049507997596815526,1,0.37574159525379036
stable_derived,0.15,0.049507997596815526,2,0.38486312399355876
stable_derived,0.15,0.049507997596815526,3,0.2742504409171076
stable_derived,0.15,0.06359931153547553,0,0.14087301587301587
stable_derived,0.15,0.06359931153547553,1,0.3741330069359445
stable_derived,0.15,0.06359931153547553,2,0.38486312399355876
stable_derived,0.15,0.06359931153547553,3,0.2742504409171076
stable_derived,0.15,0.08170139420154304,0,0.14087301587301587
stable_derived,0.15,0.08170139420154304,1,0.3731546231546231
stable_derived,0.15,0.08170139420154304,2,0.38465608465608464
stable_derived,0.15,0.08170139420154304,3,0.2744047619047619
stable_derived,0.15,0.10495581875524816,0,0.14087301587301587
stable_derived,0.15,0.10495581875524816,1,0.37222222222222223
stable_derived,0.15,0.10495581875524816,2,0.386437908496732
stable_derived,0.15,0.10495581875524816,3,0.2744047619047619
stable_derived,0.15,0.1348290809262157,0,0.14166666666666666
stable_derived,0.15,0.1348290809262157,1,0.37222222222222223
stable_derived,0.15,0.1348290809262157,2,0.38588235294117645
stable_derived,0.15,0.1348290809262157,3,0.27456298975286314
stable_derived,0.15,0.17320508075688773,0,0.14224137931034483
stable_derived,0.15,0.17320508075688773,1,0.37222222222222223
stable_derived,0.15,0.17320508075688773,2,0.38553603259485614
stable_derived,0.15,0.17320508075688773,3,0.27456298975286314
stable_derived,0.15,0.2225039271491978,0,0.14224137931034483
stable_derived,0.15,0.2225039271491978,1,0.37173913043478257
stable_derived,0.15,0.2225039271491978,2,0.3853695324283559
stable_derived,0.15,0.2225039271491978,3,0.2907647907647908
stable_derived,0.15,0.2858345573956079,0,0.14224137931034483
stable_derived,0.15,0.2858345573956079,1,0.37000165920026545
stable_derived,0.15,0.2858345573956079,2,0.3876582278481012
stable_derived,0.15,0.2858345573956079,3,0.2907647907647908
stable_derived,0.15,0.3671907963528168,0,0.14351851851851852
stable_derived,0.15,0.3671907963528168,1,0.36960784313725487
stable_derived,0.15,0.3671907963528168,2,0.3878205128205128
stable_derived,0.15,0.3671907963528168,3,0.2907647907647908
stable_derived,0.15,0.47170321935428616,0,0.14423076923076922
stable_derived,0.15,0.47170321935428616,1,0.3677753141167775
stable_derived,0.15,0.47170321935428616,2,0.3878205128205128
stable_derived,0.15,0.47170321935428616,3,0.3128205128205128
stable_derived,0.15,0.6059627021136009,0,0.14540816326530612
stable_derived,0.15,0.6059627021136009,1,0.3627956989247312
stable_derived,0.15,0.6059627021136009,2,0.3890845070422535
stable_derived,0.15,0.6059627021136009,3,0.3131578947368421
stable_derived,0.15,0.778436061673405,0,0.14722222222222223
stable_derived,0.15,0.778436061673405,1,0.36041385515069724
stable_derived,0.15,0.778436061673405,2,0.3927031509121061
stable_derived,0.15,0.778436061673405,3,0.3136986301369863
stable_derived,0.15,1.0,0,0.14772727272727273
stable_derived,0.15,1.0,1,0.3583468021242207
stable_derived,0.15,1.0,2,0.3979015334947538
stable_derived,0.15,1.0,3,0.3136986301369863
stable_derived,0.15,2.0,0,0.14540816326530612
stable_derived,0.15,2.0,1,0.3569023569023569
stable_derived,0.15,2.0,2,0.40544871794871795
stable_derived,0.15,2.0,3,0.31851851851851853
stable_derived,0.15,3.0,0,0.14583333333333334
stable_derived,0.15,3.0,1,0.3581511839708561
stable_derived,0.15,3.0,2,0.39693926351028214
stable_derived,0.15,3.0,3,0.35833333333333334
stable_derived,0.15,10.0,0,0.15725806451612903
stable_derived,0.15,10.0,1,0.3973973973973974
stable_derived,0.15,10.0,2,0.3817391304347826
stable_derived,0.15,10.0,3,0.2481060606060606
stable_derived,0.2,0.003,0,0.1413934426229508
stable_derived,0.2,0.003,1,0.37858220211161386
stable_derived,0.2,0.003,2,0.38445487741262385
stable_derived,0.2,0.003,3,0.25425425425425424
stable_derived,0.2,0.005,0,0.1413934426229508
stable_derived,0.2,0.005,1,0.37733142037302725
stable_derived,0.2,0.005,2,0.38445487741262385
stable_derived,0.2,0.005,3,0.25425425425425424
stable_derived,0.2,0.01,0,0.1413934426229508
stable_derived,0.2,0.01,1,0.3740786240786241
stable_derived,0.2,0.01,2,0.38445487741262385
stable_derived,0.2,0.01,3,0.25425425425425424
stable_derived,0.2,0.02,0,0.1413934426229508
stable_derived,0.2,0.02,1,0.37128535624776227
stable_derived,0.2,0.02,2,0.38445487741262385
stable_derived,0.2,0.02,3,0.262987012987013
stable_derived,0.2,0.03,0,0.1411290322580645
stable_derived,0.2,0.03,1,0.3704273504273504
stable_derived,0.2,0.03,2,0.38663352665009665
stable_derived,0.2,0.03,3,0.26249999999999996
stable_derived,0.2,0.038538810670601456,0,0.1411290322580645
stable_derived,0.2,0.038538810670601456,1,0.3704273504273504
stable_derived,0.2,0.038538810670601456,2,0.38663352665009665
stable_derived,0.2,0.038538810670601456,3,0.26249999999999996
stable_derived,0.2,0.049507997596815526,0,0.1411290322580645
stable_derived,0.2,0.049507997596815526,1,0.3695934959349593
stable_derived,0.2,0.049507997596815526,2,0.38663352665009665
stable_derived,0.2,0.049507997596815526,3,0.26249999999999996
stable_derived,0.2,0.06359931153547553,0,0.1411290322580645
stable_derived,0.2,0.06359931153547553,1,0.3695934959349593
stable_derived,0.2,0.06359931153547553,2,0.38663352665009665
stable_derived,0.2,0.06359931153547553,3,0.26249999999999996
stable_derived,0.2,0.08170139420154304,0,0.1413934426229508
stable_derived,0.2,0.08170139420154304,1,0.3695934959349593
stable_derived,0.2,0.08170139420154304,2,0.38663352665009665
stable_derived,0.2,0.08170139420154304,3,0.26249999999999996
stable_derived,0.2,0.10495581875524816,0,0.14166666666666666
stable_derived,0.2,0.10495581875524816,1,0.3692063492063492
stable_derived,0.2,0.10495581875524816,2,0.386437908496732
stable_derived,0.2,0.10495581875524816,3,0.26249999999999996
stable_derived,0.2,0.1348290809262157,0,0.14224137931034483
stable_derived,0.2,0.1348290809262157,1,0.3688141923436041
stable_derived,0.2,0.1348290809262157,2,0.3886986301369863
stable_derived,0.2,0.1348290809262157,3,0.26249999999999996
stable_derived,0.2,0.17320508075688773,0,0.1425438596491228
stable_derived,0.2,0.17320508075688773,1,0.36771561771561767
stable_derived,0.2,0.17320508075688773,2,0.38888888888888884
stable_derived,0.2,0.17320508075688773,3,0.26249999999999996
stable_derived,0.2,0.2225039271491978,0,0.1425438596491228
stable_derived,0.2,0.2225039271491978,1,0.36666666666666664
stable_derived,0.2,0.2225039271491978,2,0.3886986301369863
stable_derived,0.2,0.2225039271491978,3,0.26249999999999996
stable_derived,0.2,0.2858345573956079,0,0.1425438596491228
stable_derived,0.2,0.2858345573956079,1,0.36543400102722134
stable_derived,0.2,0.2858345573956079,2,0.38888888888888884
stable_derived,0.2,0.2858345573956079,3,0.2742504409171076
stable_derived,0.2,0.3671907963528168,0,0.14224137931034483
stable_derived,0.2,0.3671907963528168,1,0.3644668830388268
stable_derived,0.2,0.3671907963528168,2,0.38928571428571423
stable_derived,0.2,0.3671907963528168,3,0.2901234567901234
stable_derived,0.2,0.47170321935428616,0,0.14224137931034483
stable_derived,0.2,0.47170321935428616,1,0.36395511921458623
stable_derived,0.2,0.47170321935428616,2,0.3897058823529412
stable_derived,0.2,0.47170321935428616,3,0.290436005625879
stable_derived,0.2,0.6059627021136009,0,0.14351851851851852
stable_derived,0.2,0.6059627021136009,1,0.3630952380952381
stable_derived,0.2,0.6059627021136009,2,0.3897058823529412
stable_derived,0.2,0.6059627021136009,3,0.312987012987013
stable_derived,0.2,0.778436061673405,0,0.145
stable_derived,0.2,0.778436061673405,1,0.361304012345679
stable_derived,0.2,0.778436061673405,2,0.39390681003584227
stable_derived,0.2,0.778436061673405,3,0.3131578947368421
stable_derived,0.2,1.0,0,0.14627659574468085
stable_derived,0.2,1.0,1,0.3599791013584117
stable_derived,0.2,1.0,2,0.39444444444444443
stable_derived,0.2,1.0,3,0.3140845070422535
stable_derived,0.2,2.0,0,0.145
stable_derived,0.2,2.0,1,0.35814307458143074
stable_derived,0.2,2.0,2,0.4022289766970618
stable_derived,0.2,2.0,3,0.31886792452830187
stable_derived,0.2,3.0,0,0.14583333333333334
stable_derived,0.2,3.0,1,0.3587172754038354
stable_derived,0.2,3.0,2,0.39693926351028214
stable_derived,0.2,3.0,3,0.35833333333333334
stable_derived,0.2,10.0,0,0.15725806451612903
stable_derived,0.2,10.0,1,0.3973973973973974
stable_derived,0.2,10.0,2,0.3817391304347826
stable_derived,0.2,10.0,3,0.2481060606060606
stable_derived,0.25,0.003,0,0.14166666666666666
stable_derived,0.25,0.003,1,0.37407407407407406
stable_derived,0.25,0.003,2,0.3821196827685652
stable_derived,0.25,0.003,3,0.24567901234567902
stable_derived,0.25,0.005,0,0.1413934426229508
stable_derived,0.25,0.005,1,0.37359098228663445
stable_derived,0.25,0.005,2,0.3823099415204678
stable_derived,0.25,0.005,3,0.24523809523809526
stable_derived,0.25,0.01,0,0.14166666666666666
stable_derived,0.25,0.01,1,0.37175951461665746
stable_derived,0.25,0.01,2,0.38663352665009665
stable_derived,0.25,0.01,3,0.2450980392156863
stable_derived,0.25,0.02,0,0.14166666666666666
stable_derived,0.25,0.02,1,0.37135135135135133
stable_derived,0.25,0.02,2,0.386437908496732
stable_derived,0.25,0.02,3,0.2450980392156863
stable_derived,0.25,0.03,0,0.1413934426229508
stable_derived,0.25,0.03,1,0.37010796221322534
stable_derived,0.25,0.03,2,0.3862476497448294
stable_derived,0.25,0.03,3,0.2450980392156863
stable_derived,0.25,0.038538810670601456,0,0.1413934426229508
stable_derived,0.25,0.038538810670601456,1,0.3688242651657286
stable_derived,0.25,0.038538810670601456,2,0.38606253312135663
stable_derived,0.25,0.038538810670601456,3,0.2450980392156863
stable_derived,0.25,0.049507997596815526,0,0.1413934426229508
stable_derived,0.25,0.049507997596815526,1,0.3688242651657286
stable_derived,0.25,0.049507997596815526,2,0.38588235294117645
stable_derived,0.25,0.049507997596815526,3,0.2450980392156863
stable_derived,0.25,0.06359931153547553,0,0.14166666666666666
stable_derived,0.25,0.06359931153547553,1,0.3684371184371184
stable_derived,0.25,0.06359931153547553,2,0.38588235294117645
stable_derived,0.25,0.06359931153547553,3,0.2450980392156863
stable_derived,0.25,0.08170139420154304,0,0.1419491525423729
stable_derived,0.25,0.08170139420154304,1,0.36807427373465107
stable_derived,0.25,0.08170139420154304,2,0.38588235294117645
stable_derived,0.25,0.08170139420154304,3,0.24523809523809526
stable_derived,0.25,0.10495581875524816,0,0.1425438596491228
stable_derived,0.25,0.10495581875524816,1,0.3677051338306275
stable_derived,0.25,0.10495581875524816,2,0.38606253312135663
stable_derived,0.25,0.10495581875524816,3,0.2525054466230937
stable_derived,0.25,0.1348290809262157,0,0.1425438596491228
stable_derived,0.25,0.1348290809262157,1,0.3673557278208441
stable_derived,0.25,0.1348290809262157,2,0.38606253312135663
stable_derived,0.25,0.1348290809262157,3,0.2525054466230937
stable_derived,0.25,0.17320508075688773,0,0.1425438596491228
stable_derived,0.25,0.17320508075688773,1,0.36669435215946844
stable_derived,0.25,0.17320508075688773,2,0.38606253312135663
stable_derived,0.25,0.17320508075688773,3,0.2525054466230937
stable_derived,0.25,0.2225039271491978,0,0.1425438596491228
stable_derived,0.25,0.2225039271491978,1,0.3663810689514484
stable_derived,0.25,0.2225039271491978,2,0.38606253312135663
stable_derived,0.25,0.2225039271491978,3,0.2525054466230937
stable_derived,0.25,0.2858345573956079,0,0.1425438596491228
stable_derived,0.25,0.2858345573956079,1,0.3657262277951933
stable_derived,0.25,0.2858345573956079,2,0.38928571428571423
stable_derived,0.25,0.2858345573956079,3,0.2526455026455027
stable_derived,0.25,0.3671907963528168,0,0.14224137931034483
stable_derived,0.25,0.3671907963528168,1,0.36509730069052104
stable_derived,0.25,0.3671907963528168,2,0.39015151515151514
stable_derived,0.25,0.3671907963528168,3,0.2527889335118251
stable_derived,0.25,0.47170321935428616,0,0.14224137931034483
stable_derived,0.25,0.47170321935428616,1,0.3636467627545184
stable_derived,0.25,0.47170321935428616,2,0.38992537313432835
stable_derived,0.25,0.47170321935428616,3,0.2744047619047619
stable_derived,0.25,0.6059627021136009,0,0.14224137931034483
stable_derived,0.25,0.6059627021136009,1,0.3630952380952381
stable_derived,0.25,0.6059627021136009,2,0.39316239316239315
stable_derived,0.25,0.6059627021136009,3,0.2744047619047619
stable_derived,0.25,0.778436061673405,0,0.145
stable_derived,0.25,0.778436061673405,1,0.3617898441427853
stable_derived,0.25,0.778436061673405,2,0.39365079365079364
stable_derived,0.25,0.778436061673405,3,0.275062656641604
stable_derived,0.25,1.0,0,0.14627659574468085
stable_derived,0.25,1.0,1,0.3591133004926108
stable_derived,0.25,1.0,2,0.3950191570881226
stable_derived,0.25,1.0,3,0.31333333333333335
stable_derived,0.25,2.0,0,0.14722222222222223
stable_derived,0.25,2.0,1,0.3583468021242207
stable_derived,0.25,2.0,2,0.39999999999999997
stable_derived,0.25,2.0,3,0.31785714285714284
stable_derived,0.25,3.0,0,0.14540816326530612
stable_derived,0.25,3.0,1,0.35931495405179614
stable_derived,0.25,3.0,2,0.3975490196078431
stable_derived,0.25,3.0,3,0.35833333333333334
stable_derived,0.25,10.0,0,0.15725806451612903
stable_derived,0.25,10.0,1,0.3973973973973974
stable_derived,0.25,10.0,2,0.3817391304347826
stable_derived,0.25,10.0,3,0.2481060606060606
stable_derived,0.3,0.003,0,0.14087301587301587
stable_derived,0.3,0.003,1,0.37359098228663445
stable_derived,0.3,0.003,2,0.3897058823529412
stable_derived,0.3,0.003,3,0.23961840628507294
stable_derived,0.3,0.005,0,0.14087301587301587
stable_derived,0.3,0.005,1,0.3731284475965327
stable_derived,0.3,0.005,2,0.38949275362318836
stable_derived,0.3,0.005,3,0.2394678492239468
stable_derived,0.3,0.01,0,0.14087301587301587
stable_derived,0.3,0.01,1,0.37128535624776227
stable_derived,0.3,0.01,2,0.3886986301369863
stable_derived,0.3,0.01,3,0.24538152610441769
stable_derived,0.3,0.02,0,0.140625
stable_derived,0.3,0.02,1,0.37
stable_derived,0.3,0.02,2,0.38888888888888884
stable_derived,0.3,0.02,3,0.24538152610441769
stable_derived,0.3,0.03,0,0.1411290322580645
stable_derived,0.3,0.03,1,0.37
stable_derived,0.3,0.03,2,0.38888888888888884
stable_derived,0.3,0.03,3,0.24538152610441769
stable_derived,0.3,0.038538810670601456,0,0.1411290322580645
stable_derived,0.3,0.038538810670601456,1,0.3688141923436041
stable_derived,0.3,0.038538810670601456,2,0.38888888888888884
stable_derived,0.3,0.038538810670601456,3,0.24538152610441769
stable_derived,0.3,0.049507997596815526,0,0.1413934426229508
stable_derived,0.3,0.049507997596815526,1,0.3692063492063492
stable_derived,0.3,0.049507997596815526,2,0.3886986301369863
stable_derived,0.3,0.049507997596815526,3,0.24523809523809526
stable_derived,0.3,0.06359931153547553,0,0.1419491525423729
stable_derived,0.3,0.06359931153547553,1,0.3692063492063492
stable_derived,0.3,0.06359931153547553,2,0.3885135135135135
stable_derived,0.3,0.06359931153547553,3,0.2526455026455027
stable_derived,0.3,0.08170139420154304,0,0.1419491525423729
stable_derived,0.3,0.08170139420154304,1,0.3688141923436041
stable_derived,0.3,0.08170139420154304,2,0.3885135135135135
stable_derived,0.3,0.08170139420154304,3,0.2527889335118251
stable_derived,0.3,0.10495581875524816,0,0.1425438596491228
stable_derived,0.3,0.10495581875524816,1,0.3684371184371184
stable_derived,0.3,0.10495581875524816,2,0.3885135135135135
stable_derived,0.3,0.10495581875524816,3,0.2527889335118251
stable_derived,0.3,0.1348290809262157,0,0.1425438596491228
stable_derived,0.3,0.1348290809262157,1,0.3680679785330948
stable_derived,0.3,0.1348290809262157,2,0.3885135135135135
stable_derived,0.3,0.1348290809262157,3,0.2621951219512195
stable_derived,0.3,0.17320508075688773,0,0.1425438596491228
stable_derived,0.3,0.17320508075688773,1,0.36735277301315034
stable_derived,0.3,0.17320508075688773,2,0.38888888888888884
stable_derived,0.3,0.17320508075688773,3,0.2623456790123457
stable_derived,0.3,0.2225039271491978,0,0.1425438596491228
stable_derived,0.3,0.2225039271491978,1,0.36735277301315034
stable_derived,0.3,0.2225039271491978,2,0.38888888888888884
stable_derived,0.3,0.2225039271491978,3,0.2623456790123457
stable_derived,0.3,0.2858345573956079,0,0.1425438596491228
stable_derived,0.3,0.2858345573956079,1,0.36701607267645003
stable_derived,0.3,0.2858345573956079,2,0.3890845070422535
stable_derived,0.3,0.2858345573956079,3,0.26249999999999996
stable_derived,0.3,0.3671907963528168,0,0.1425438596491228
stable_derived,0.3,0.3671907963528168,1,0.3666940114848236
stable_derived,0.3,0.3671907963528168,2,0.3922705314009662
stable_derived,0.3,0.3671907963528168,3,0.27456298975286314
stable_derived,0.3,0.47170321935428616,0,0.14224137931034483
stable_derived,0.3,0.47170321935428616,1,0.3654040404040404
stable_derived,0.3,0.47170321935428616,2,0.3929292929292929
stable_derived,0.3,0.47170321935428616,3,0.2747252747252747
stable_derived,0.3,0.6059627021136009,0,0.14351851851851852
stable_derived,0.3,0.6059627021136009,1,0.36333221813315486
stable_derived,0.3,0.6059627021136009,2,0.39444444444444443
stable_derived,0.3,0.6059627021136009,3,0.27489177489177485
stable_derived,0.3,0.778436061673405,0,0.14540816326530612
stable_derived,0.3,0.778436061673405,1,0.3622916666666666
stable_derived,0.3,0.778436061673405,2,0.3991341991341991
stable_derived,0.3,0.778436061673405,3,0.2754182754182754
stable_derived,0.3,1.0,0,0.14583333333333334
stable_derived,0.3,1.0,1,0.36107954545454546
stable_derived,0.3,1.0,2,0.4031339031339031
stable_derived,0.3,1.0,3,0.29166666666666663
stable_derived,0.3,2.0,0,0.14722222222222223
stable_derived,0.3,2.0,1,0.3585480093676815
stable_derived,0.3,2.0,2,0.4096153846153846
stable_derived,0.3,2.0,3,0.3172413793103448
stable_derived,0.3,3.0,0,0.14627659574468085
stable_derived,0.3,3.0,1,0.36060438548000734
stable_derived,0.3,3.0,2,0.3988648090815273
stable_derived,0.3,3.0,3,0.358974358974359
stable_derived,0.3,10.0,0,0.15725806451612903
stable_derived,0.3,10.0,1,0.3973973973973974
stable_derived,0.3,10.0,2,0.3817391304347826
stable_derived,0.3,10.0,3,0.2481060606060606
stable_derived,0.4,0.003,0,0.1425438596491228
stable_derived,0.4,0.003,1,0.3767711962833914
stable_derived,0.4,0.003,2,0.4015645371577575
stable_derived,0.4,0.003,3,0.2369281045751634
stable_derived,0.4,0.005,0,0.14224137931034483
stable_derived,0.4,0.005,1,0.3761904761904762
stable_derived,0.4,0.005,2,0.4015645371577575
stable_derived,0.4,0.005,3,0.24197860962566844
stable_derived,0.4,0.01,0,0.1425438596491228
stable_derived,0.4,0.01,1,0.37563676633444076
stable_derived,0.4,0.01,2,0.3976190476190476
stable_derived,0.4,0.01,3,0.24197860962566844
stable_derived,0.4,0.02,0,0.14285714285714285
stable_derived,0.4,0.02,1,0.37357357357357357
stable_derived,0.4,0.02,2,0.3976190476190476
stable_derived,0.4,0.02,3,0.24176548089591568
stable_derived,0.4,0.03,0,0.14285714285714285
stable_derived,0.4,0.03,1,0.372153788727137
stable_derived,0.4,0.03,2,0.39365079365079364
stable_derived,0.4,0.03,3,0.24176548089591568
stable_derived,0.4,0.038538810670601456,0,0.14285714285714285
stable_derived,0.4,0.038538810670601456,1,0.3717039461720313
stable_derived,0.4,0.038538810670601456,2,0.39087301587301587
stable_derived,0.4,0.038538810670601456,3,0.2413572343149808
stable_derived,0.4,0.049507997596815526,0,0.14285714285714285
stable_derived,0.4,0.049507997596815526,1,0.3712606837606838
stable_derived,0.4,0.049507997596815526,2,0.390625
stable_derived,0.4,0.049507997596815526,3,0.2413572343149808
stable_derived,0.4,0.06359931153547553,0,0.14285714285714285
stable_derived,0.4,0.06359931153547553,1,0.3712606837606838
stable_derived,0.4,0.06359931153547553,2,0.390625
stable_derived,0.4,0.06359931153547553,3,0.2413572343149808
stable_derived,0.4,0.08170139420154304,0,0.14285714285714285
stable_derived,0.4,0.08170139420154304,1,0.3717039461720313
stable_derived,0.4,0.08170139420154304,2,0.390625
stable_derived,0.4,0.08170139420154304,3,0.24722222222222223
stable_derived,0.4,0.10495581875524816,0,0.14285714285714285
stable_derived,0.4,0.10495581875524816,1,0.3712606837606838
stable_derived,0.4,0.10495581875524816,2,0.390625
stable_derived,0.4,0.10495581875524816,3,0.24722222222222223
stable_derived,0.4,0.1348290809262157,0,0.14285714285714285
stable_derived,0.4,0.1348290809262157,1,0.37000165920026545
stable_derived,0.4,0.1348290809262157,2,0.390625
stable_derived,0.4,0.1348290809262157,3,0.24722222222222223
stable_derived,0.4,0.17320508075688773,0,0.14285714285714285
stable_derived,0.4,0.17320508075688773,1,0.3692063492063492
stable_derived,0.4,0.17320508075688773,2,0.390625
stable_derived,0.4,0.17320508075688773,3,0.24761904761904763
stable_derived,0.4,0.2225039271491978,0,0.14285714285714285
stable_derived,0.4,0.2225039271491978,1,0.37000165920026545
stable_derived,0.4,0.2225039271491978,2,0.3913934426229508
stable_derived,0.4,0.2225039271491978,3,0.24761904761904763
stable_derived,0.4,0.2858345573956079,0,0.14386792452830188
stable_derived,0.4,0.2858345573956079,1,0.37000165920026545
stable_derived,0.4,0.2858345573956079,2,0.39444444444444443
stable_derived,0.4,0.2858345573956079,3,0.24761904761904763
stable_derived,0.4,0.3671907963528168,0,0.1446078431372549
stable_derived,0.4,0.3671907963528168,1,0.3695934959349593
stable_derived,0.4,0.3671907963528168,2,0.3979015334947538
stable_derived,0.4,0.3671907963528168,3,0.25462962962962965
stable_derived,0.4,0.47170321935428616,0,0.14627659574468085
stable_derived,0.4,0.47170321935428616,1,0.3684450524395805
stable_derived,0.4,0.47170321935428616,2,0.4064327485380117
stable_derived,0.4,0.47170321935428616,3,0.2638888888888889
stable_derived,0.4,0.6059627021136009,0,0.1467391304347826
stable_derived,0.4,0.6059627021136009,1,0.3663446054750402
stable_derived,0.4,0.6059627021136009,2,0.4064327485380117
stable_derived,0.4,0.6059627021136009,3,0.2757936507936508
stable_derived,0.4,0.778436061673405,0,0.14825581395348836
stable_derived,0.4,0.778436061673405,1,0.3660079051383399
stable_derived,0.4,0.778436061673405,2,0.41317016317016314
stable_derived,0.4,0.778436061673405,3,0.2761904761904762
stable_derived,0.4,1.0,0,0.1513157894736842
stable_derived,0.4,1.0,1,0.3644668830388268
stable_derived,0.4,1.0,2,0.4204081632653061
stable_derived,0.4,1.0,3,0.29292929292929293
stable_derived,0.4,2.0,0,0.15441176470588236
stable_derived,0.4,2.0,1,0.3613053613053613
stable_derived,0.4,2.0,2,0.42777777777777776
stable_derived,0.4,2.0,3,0.31886792452830187
stable_derived,0.4,3.0,0,0.14939024390243902
stable_derived,0.4,3.0,1,0.3618641486445324
stable_derived,0.4,3.0,2,0.4222222222222222
stable_derived,0.4,3.0,3,0.3571428571428571
stable_derived,0.4,10.0,0,0.15725806451612903
stable_derived,0.4,10.0,1,0.3973973973973974
stable_derived,0.4,10.0,2,0.3817391304347826
stable_derived,0.4,10.0,3,0.2481060606060606
