record_id,pattern_row,Injection_Time,Filling_Time,Plasticizing_Time,Cycle_Time,Clamp_Close_Time,Cushion_Position,Plasticizing_Position,Clamp_Open_Position,Max_Injection_Speed,Max_Screw_RPM,Average_Screw_RPM,Max_Injection_Pressure,Max_Switch_Over_Pressure,Max_Back_Pressure,Average_Back_Pressure,Barrel_Temperature_1,Barrel_Temperature_2,Barrel_Temperature_3,Barrel_Temperature_4,Barrel_Temperature_5,Barrel_Temperature_6,Hopper_Temperature,Mold_Temperature_3,Mold_Temperature_4,input_position,if_score,label,if_rank
CN7_L_000605,605,-7.549090604630035,-7.776798839482837,20.038456444622817,-3.706092122256563,-0.9024657082140384,6.9435031517245385,-2.8769620681080283,0.0,8.776929138003235,3.4307518863528785,16.086876378791573,-10.861190943613664,-10.462947080871016,-1.2685314782559842,-6.631852464101554,0.0561532265506022,-0.7653547258750445,0.914107037788434,1.6519763994644017,-0.29962644618755063,2.290015811002544,1.4424707271569734,0.09315350381198793,-0.20539050253337238,483,0.7798461233326432,0,1
CN7_L_000604,604,-4.740483847259819,-4.553062560733791,9.829303493347478,-1.6725707985238774,-0.9024657082140384,3.1161693652264866,-1.4878489394388819,0.0,5.467150972538262,1.7401525364158585,10.294387547102595,-5.6355831924042,-5.711808732184076,0.13888189539987494,-3.2016884640652123,-0.8411639896421402,1.1777550832710504,-0.9895634650470151,1.7794891104624142,0.3158922709251282,0.013158100971789112,1.4424707271569734,0.09315350381198793,-0.20539050253337238,482,0.7106536273304626,0,2
CN7_L_000059,59,-3.938052105065424,-4.150107535183516,-0.42893304924863257,-2.1809753715213724,0.978580361513066,-2.6131626139519994,1.4716080594590133,0.0,9.555703092326354,0.8948528614473485,-0.13202164084538018,-3.545371986498973,1.5732314042730364,-2.8518757180415353,-2.82054943808302,1.177731291099114,-1.0429539430941461,-0.355038907311476,-0.006116999743272883,-0.29962644618755063,-0.8975710862039038,-1.075448476063022,1.2376965969602847,1.3871048330551345,47,0.574705787401984,1,3
CN7_L_000060,60,-4.339287108100588,-4.150107535183516,-0.47801664056940424,-1.6725707985238774,0.978580361513066,-2.6131626139519994,1.592428553832081,0.0,9.361005890276147,-0.7957303657393812,-0.13202164084538018,-3.545371986498973,1.8899932932835977,-2.5000206968584866,-2.4394249510680592,-0.392505381545769,-0.21015629143684125,-0.6723496009936615,0.8867055170065484,-0.9150982058149447,-0.8975710862039038,-1.075448476063022,1.2376965969602847,1.3373391758428135,48,0.5698850552325756,1,4
CN7_L_000058,58,-3.938052105065424,-4.150107535183516,-0.2816916370241243,1.8862612124585887,0.978580361513066,-2.6131626139519994,1.4716080594590133,0.0,9.166316115164793,0.049553186478838565,-0.13202164084538018,-3.545371986498973,1.256517846341055,-1.4444623443856761,-1.2960369510559453,-1.9627420541906522,0.06735821439464394,0.279582480052895,-0.7713878822011261,0.008132912368788797,0.4685574366511583,-0.06828079477502394,1.1661623978132603,1.3871048330551345,46,0.5472121187603782,1,5
CN7_L_000048,48,1.6791231457990747,1.8943715670255628,-0.33076586660708923,0.36104749346610326,0.978580361513066,1.2025024719774604,1.4716080594590133,0.0,-1.3470951335030374,-0.7957303657393812,-0.13202164084538018,0.6352098982042783,1.5732314042730364,-1.0926073232026277,-0.9148979250737528,-0.16817607749758343,2.8431809638104273,0.5968931737350806,-0.5162846136171899,-2.7615134846971268,1.834616475323175,0.43530304586897517,1.309230796107309,1.3871048330551345,39,0.5339218340696511,1,6
CN7_L_000036,36,0.8766531397287465,0.6854680606359991,-0.33076586660708923,12.562466340634103,0.978580361513066,-0.7111644212715653,1.4716080594590133,0.0,-0.5683211791799189,-0.7957303657393812,-0.13202164084538018,-0.40997544119473406,-0.01048137862261042,-1.620386499439033,-1.6771614380709061,2.0749800515994403,-2.153266100582936,-0.9895634650470151,-0.3887329793252218,-0.6073388472586053,0.4685574366511583,-0.9747332447501422,1.309230796107309,1.3871048330551345,28,0.5266048107979382,0,7
CN7_L_000103,103,0.47545640056951544,0.6854680606359991,-0.5271002318901759,0.36104749346610326,-0.9024657082140384,-0.7111644212715653,1.4716080594590133,0.0,-0.5683211791799189,0.8948528614473485,-0.13202164084538018,-0.40997544119473406,-0.32719493655459203,-2.148165675675438,-2.0582859250858667,0.9534019870509284,-2.153266100582936,0.5968931737350806,-1.7917231099489601,0.008132912368788797,2.745415146681913,-2.0826161573510205,1.2376965969602847,1.3373391758428135,82,0.5190623521433192,0,8
CN7_L_000032,32,2.080358148834239,1.8943715670255628,-0.6743510058524909,1.3778566394610936,0.978580361513066,-0.7111644212715653,1.411243891789784,0.0,-1.3470951335030374,0.049553186478838565,-0.13202164084538018,0.6352098982042783,0.9397559573304937,-0.5648281469662223,-0.15263441207659956,-0.8411639896421402,-0.7653547258750445,1.8660391188349905,1.3968731308804654,0.6236046719961829,-0.8975710862039038,-1.8811856947252605,1.0946281986662358,1.3373391758428135,26,0.518278135029026,0,9
CN7_L_000016,16,0.47545640056951544,0.6854680606359991,-0.5761838232109475,0.36104749346610326,2.8595367380268515,-0.7111644212715653,1.592428553832081,0.0,-0.5683211791799189,0.8948528614473485,-0.13202164084538018,-2.5001866470999605,-0.6439568255651532,-1.4444623443856761,-1.2960369510559453,1.4019921394548833,0.3449574316137456,-0.0377282136292905,0.3765379031326314,0.3158922709251282,1.3792866238268513,-0.9747332447501422,0.9515611647735517,1.2378078614181713,13,0.5181991414203257,0,10
CN7_L_000022,22,2.080358148834239,1.8943715670255628,-0.7234252354354558,1.8862612124585887,0.978580361513066,-0.7111644212715653,1.4716080594590133,0.0,-1.3470951335030374,0.8948528614473485,-1.2905901162753592,0.6352098982042783,1.5732314042730364,-0.9166764570729355,-0.5337734380587921,0.28041407490637155,-0.21015629143684125,1.2314177314706196,0.7591538827145803,-1.8383293239986782,0.923887288147482,-1.176163707375902,1.1661623978132603,1.2875735186304924,17,0.5177688945961846,0,11
CN7_L_000207,207,0.8766531397287465,0.6854680606359991,-0.3798494579278609,0.36104749346610326,0.978580361513066,1.2025024719774604,-0.642289796896626,0.0,-0.37363140406856615,-0.7957303657393812,-0.13202164084538018,1.6802357647104924,0.9397559573304937,1.5462952690557341,1.7530171009326676,1.8506507475512546,0.9001558660519489,-0.0377282136292905,0.7591538827145803,0.3158922709251282,0.013158100971789112,0.43530304586897517,-1.9097958858965078,-1.598823209272595,164,0.5091254552832389,0,12
CN7_L_000002,2,1.6791231457990747,1.8943715670255628,-0.5271002318901759,1.3778566394610936,0.978580361513066,1.2025024719774604,1.4716080594590133,0.0,-1.3470951335030374,1.7401525364158585,-0.13202164084538018,0.6352098982042783,1.256517846341055,-0.740752302019579,-0.5337734380587921,0.7290726830027427,-0.7653547258750445,1.2314177314706196,0.8867055170065484,-0.29962644618755063,0.013158100971789112,-1.176163707375902,1.1661623978132603,1.3373391758428135,1,0.5086078643496927,0,13
CN7_L_000117,117,2.080358148834239,1.8943715670255628,-0.2816916370241243,0.36104749346610326,-0.9024657082140384,-0.7111644212715653,1.592428553832081,0.0,-1.3470951335030374,-0.7957303657393812,-1.2905901162753592,0.6352098982042783,1.8899932932835977,-0.9166764570729355,-0.5337734380587921,0.28041407490637155,1.7328688063216373,2.183349812517176,-0.006116999743272883,1.239076431623577,0.4685574366511583,-0.8740180134372624,1.1661623978132603,1.2875735186304924,91,0.507488297306924,0,14
CN7_L_000037,37,0.47545640056951544,0.6854680606359991,-0.23260804570335264,0.36104749346610326,0.978580361513066,-0.7111644212715653,1.411243891789784,0.0,-0.5683211791799189,-1.641030040707891,-1.2905901162753592,-1.4550013077009483,-0.01048137862261042,-1.9722415206220814,-1.6771614380709061,-0.16817607749758343,-0.21015629143684125,0.914107037788434,-1.5366198413650238,2.4700669083636497,0.013158100971789112,-1.075448476063022,1.309230796107309,1.3871048330551345,29,0.5073151638497924,0,15
CN7_L_000110,110,0.47545640056951544,0.6854680606359991,-0.5761838232109475,0.36104749346610326,-0.9024657082140384,-0.7111644212715653,1.4716080594590133,0.0,-0.5683211791799189,-0.7957303657393812,-1.2905901162753592,-2.5001866470999605,-0.32719493655459203,-1.620386499439033,-1.2960369510559453,0.5047433789545571,-2.153266100582936,2.183349812517176,1.5244247651724334,0.3158922709251282,0.013158100971789112,-0.9747332447501422,1.1661623978132603,1.3373391758428135,88,0.5068490403470682,0,16
CN7_L_000015,15,0.47545640056951544,0.6854680606359991,-0.6743510058524909,0.36104749346610326,0.978580361513066,1.2025024719774604,1.4716080594590133,0.0,-0.5683211791799189,0.049553186478838565,-0.13202164084538018,-0.40997544119473406,-1.5941941615182573,-1.620386499439033,-1.6771614380709061,0.5047433789545571,-0.7653547258750445,2.183349812517176,1.0142571512985166,0.9313640305525223,0.4685574366511583,-1.075448476063022,1.0946281986662358,1.2875735186304924,12,0.5067547397233504,0,17
CN7_L_000209,209,0.47545640056951544,0.6854680606359991,-0.3798494579278609,0.36104749346610326,0.978580361513066,1.2025024719774604,-0.5214693025235582,0.0,-0.5683211791799189,0.049553186478838565,-0.13202164084538018,1.6802357647104924,1.256517846341055,1.5462952690557341,1.7530171009326676,0.5047433789545571,1.4552695891025356,0.279582480052895,0.24898626884066333,-0.29962644618755063,-0.8975710862039038,-0.47114940410614314,-1.9097958858965078,-1.598823209272595,166,0.5065133916208763,0,18
CN7_L_000364,364,-1.5306803507303721,-1.329345496854114,-0.03627368042026596,-1.1641662255263823,0.978580361513066,1.2025024719774604,-0.642289796896626,0.0,0.7945295274161116,0.049553186478838565,-0.13202164084538018,-1.4550013077009483,-1.5941941615182573,-0.5648281469662223,-0.5337734380587921,-1.514083446094281,-0.7653547258750445,-0.9895634650470151,0.7591538827145803,2.1623075498073105,-1.8083002733795968,-0.16899602608790382,-0.47911736056147813,-0.5537491538186587,290,0.5064066829195712,0,19
CN7_L_000018,18,0.8766531397287465,0.6854680606359991,-0.6252674145317192,0.36104749346610326,0.978580361513066,-0.7111644212715653,1.4716080594590133,0.0,-0.5683211791799189,0.049553186478838565,-1.2905901162753592,0.6352098982042783,-0.6439568255651532,-1.7963106544923895,-1.6771614380709061,0.28041407490637155,-1.3205531603132479,-1.3068741587292005,-1.7917231099489601,2.7777793094347043,-0.8975710862039038,-0.9747332447501422,1.0230939995192114,1.2378078614181713,15,0.5057524468986572,0,20
CN7_L_000156,156,2.080358148834239,1.8943715670255628,-0.2816916370241243,1.8862612124585887,-0.9024657082140384,-0.7111644212715653,1.4716080594590133,0.0,-1.152397931452831,-0.7957303657393812,-0.13202164084538018,0.6352098982042783,1.5732314042730364,-1.2685314782559842,-0.9148979250737528,-0.6168346855939546,1.1777550832710504,-2.8933307975112963,0.12143463454869523,1.5468357901799163,0.013158100971789112,-0.672579866731903,1.1661623978132603,1.3871048330551345,122,0.5037751429186924,0,21
CN7_L_000012,12,1.6791231457990747,1.4913973266059182,-0.5271002318901759,1.3778566394610936,0.978580361513066,-0.7111644212715653,1.592428553832081,0.0,-1.152397931452831,-1.641030040707891,-0.13202164084538018,0.6352098982042783,1.256517846341055,-0.38889728083653036,-0.15263441207659956,-0.16817607749758343,-1.3205531603132479,-1.6241848524113862,1.5244247651724334,-1.5305699654423388,-1.8083002733795968,-0.9747332447501422,1.0946281986662358,1.2875735186304924,11,0.5035738406419964,0,22
CN7_L_000054,54,0.47545640056951544,0.28251303508572423,-0.47801664056940424,0.36104749346610326,0.978580361513066,-0.7111644212715653,1.4716080594590133,0.0,-0.37363140406856615,-0.7957303657393812,-0.13202164084538018,-1.4550013077009483,-0.9606703834971348,-1.620386499439033,-1.6771614380709061,-2.1870029025464213,-1.598067666144733,-2.2588062397757573,0.12143463454869523,-0.9150982058149447,0.4685574366511583,-0.571864635419023,1.1661623978132603,1.3373391758428135,43,0.5026232726162796,1,23
CN7_L_000009,9,1.2778881427639106,1.4913973266059182,-0.47801664056940424,0.36104749346610326,0.978580361513066,-0.7111644212715653,1.4716080594590133,0.0,-0.9577081563414782,-0.7957303657393812,-1.2905901162753592,-0.40997544119473406,1.256517846341055,-1.4444623443856761,-1.2960369510559453,0.5047433789545571,-0.7653547258750445,2.50056367657053,-1.6641714756569919,-1.8383293239986782,-0.8975710862039038,-0.2697112574007837,0.9515611647735517,1.3373391758428135,8,0.5015115826867224,0,24
CN7_L_000063,63,0.47545640056951544,0.28251303508572423,-0.5761838232109475,0.36104749346610326,0.978580361513066,1.2025024719774604,1.4716080594590133,0.0,-0.37363140406856615,0.8948528614473485,-0.13202164084538018,-1.4550013077009483,-1.5941941615182573,-1.4444623443856761,-1.2960369510559453,2.0749800515994403,0.3449574316137456,-0.0377282136292905,0.5040506141306441,-1.2228106068859994,0.4685574366511583,-1.075448476063022,1.2376965969602847,1.3871048330551345,50,0.5007516088489183,0,25
CN7_L_000019,19,1.2778881427639106,1.0884423010556434,-0.7234252354354558,0.36104749346610326,2.8595367380268515,-0.7111644212715653,1.532018306645547,0.0,-0.7630183812301254,1.7401525364158585,-0.13202164084538018,-0.40997544119473406,-0.01048137862261042,-1.4444623443856761,-1.2960369510559453,-0.16817607749758343,0.6225566488328472,-0.6723496009936615,-1.154003861783075,0.008132912368788797,-0.8975710862039038,-0.9747332447501422,1.0230939995192114,1.2378078614181713,16,0.49967689405534516,0,26
CN7_L_000195,195,0.8766531397287465,0.6854680606359991,0.012809910900505709,0.36104749346610326,0.978580361513066,1.2025024719774604,-0.642289796896626,0.0,-0.37363140406856615,-0.7957303657393812,-0.13202164084538018,1.6802357647104924,0.623042399398512,1.5462952690557341,1.371878074950475,1.4019921394548833,0.06735821439464394,0.914107037788434,0.12143463454869523,-2.146041725069733,-1.352970421883273,-0.672579866731903,-1.8382630511508482,-1.598823209272595,155,0.49938235614480303,0,27
CN7_L_000095,95,1.2778881427639106,1.4913973266059182,-0.3798494579278609,0.36104749346610326,-0.9024657082140384,-0.7111644212715653,1.4716080594590133,0.0,-1.152397931452831,-0.7957303657393812,-1.2905901162753592,0.6352098982042783,1.256517846341055,-1.2685314782559842,-1.2960369510559453,-0.8411639896421402,-1.3205531603132479,-0.9895634650470151,-1.7917231099489601,2.1623075498073105,2.290015811002544,-0.47114940410614314,1.1661623978132603,1.3373391758428135,75,0.4984869345969481,0,28
CN7_L_000601,601,-0.728248608535977,-0.9263904713038393,1.1907880173856056,-0.6557616525288871,-0.9024657082140384,-0.7111644212715653,-0.7630642117523891,0.0,0.9892193025274644,0.049553186478838565,2.185115310014578,0.6352098982042783,0.3062805103879508,0.49073691658292357,0.22849007493836115,-0.16817607749758343,2.2880672407598404,-0.355038907311476,-1.0264522274911068,0.6236046719961829,-1.8083002733795968,2.4496384084449714,0.09315350381198793,-0.15562484532105123,480,0.4980049792836461,0,29
CN7_L_000211,211,-0.3270136055008128,-0.12046120533392016,-0.08535727174103763,-0.6557616525288871,0.978580361513066,1.2025024719774604,-0.7026539645658552,0.0,0.01575557309299311,-2.486329715676401,-0.13202164084538018,0.6352098982042783,-0.01048137862261042,0.31480605045323157,0.22849007493836115,0.7290726830027427,-0.7653547258750445,2.50056367657053,-1.409107130367011,0.6236046719961829,2.290015811002544,-0.7732950980447828,-1.9097958858965078,-1.598823209272595,168,0.49740134507305644,0,30
CN7_L_000017,17,0.8766531397287465,0.6854680606359991,-0.6252674145317192,0.36104749346610326,2.8595367380268515,-0.7111644212715653,1.4716080594590133,0.0,-0.7630183812301254,0.049553186478838565,-1.2905901162753592,-0.40997544119473406,-0.32719493655459203,-1.7963106544923895,-1.6771614380709061,-0.16817607749758343,2.010468023540739,-0.355038907311476,-0.3887329793252218,-0.6073388472586053,0.013158100971789112,-1.176163707375902,1.0946281986662358,1.2378078614181713,14,0.49688718644813273,0,31
CN7_L_000147,147,2.080358148834239,2.2973265925758373,-0.42893304924863257,1.3778566394610936,-0.9024657082140384,-0.7111644212715653,1.4716080594590133,0.0,-1.5417849086143902,0.049553186478838565,-1.2905901162753592,0.6352098982042783,1.5732314042730364,-0.9166764570729355,-0.5337734380587921,-1.2897541420460952,-1.3205531603132479,-0.0377282136292905,0.8867055170065484,0.3158922709251282,0.013158100971789112,-0.8740180134372624,1.2376965969602847,1.3373391758428135,116,0.49639404942515963,0,32
CN7_L_000031,31,1.6791231457990747,1.4913973266059182,-0.6252674145317192,1.8862612124585887,0.978580361513066,-0.7111644212715653,1.592428553832081,0.0,-0.9577081563414782,0.8948528614473485,-0.13202164084538018,-0.40997544119473406,1.256517846341055,-0.5648281469662223,-0.5337734380587921,-0.16817607749758343,0.9001558660519489,-0.0377282136292905,1.141769862296529,0.3158922709251282,-2.263699609058966,-1.075448476063022,1.309230796107309,1.3871048330551345,25,0.4957517546743807,0,33
CN7_L_000223,223,0.07422139753435131,0.28251303508572423,-0.1344408630618093,-0.6557616525288871,0.978580361513066,1.2025024719774604,-0.7026539645658552,0.0,0.01575557309299311,1.7401525364158585,-0.13202164084538018,1.6802357647104924,-0.32719493655459203,1.3703711140023773,1.371878074950475,1.626321443503069,0.06735821439464394,-0.355038907311476,-0.3887329793252218,-0.9150982058149447,-2.719098944738335,-0.2697112574007837,-1.9097958858965078,-1.598823209272595,177,0.4956660961813765,0,34
CN7_L_000082,82,0.47545640056951544,0.6854680606359991,-0.3798494579278609,0.36104749346610326,-0.9024657082140384,-0.7111644212715653,1.411243891789784,0.0,-0.5683211791799189,-0.7957303657393812,-1.2905901162753592,-1.4550013077009483,-0.6439568255651532,-1.7963106544923895,-1.6771614380709061,-0.392505381545769,-0.21015629143684125,1.8660391188349905,0.3765379031326314,-2.453801083626072,0.4685574366511583,-1.6797475480199011,1.380763630852969,1.3871048330551345,64,0.4956578882292688,0,35
CN7_L_000325,325,-1.129445347695208,-1.329345496854114,0.061893502221277374,-0.6557616525288871,0.978580361513066,-0.7111644212715653,-0.642289796896626,0.0,0.9892193025274644,0.049553186478838565,-1.2905901162753592,-0.40997544119473406,-1.9109077194502389,0.13888189539987494,0.22849007493836115,-0.8411639896421402,0.6225566488328472,0.5968931737350806,-1.154003861783075,0.9313640305525223,-0.8975710862039038,-0.37043417279326324,-0.8367869918952355,-0.8523411986906625,259,0.49521915392865873,0,36
CN7_L_000194,194,0.07422139753435131,0.28251303508572423,-0.1344408630618093,0.36104749346610326,0.978580361513066,-0.7111644212715653,-0.5818795497100921,0.0,0.01575557309299311,-0.7957303657393812,-0.13202164084538018,1.6802357647104924,0.9397559573304937,1.1944402478726854,1.371878074950475,0.0561532265506022,0.3449574316137456,-0.6723496009936615,-0.8989005931991387,2.1623075498073105,-1.8083002733795968,0.43530304586897517,-1.9097958858965078,-1.648588866484916,154,0.49464129496319964,0,37
CN7_L_000247,247,-0.728248608535977,-0.9263904713038393,-0.2816916370241243,-1.1641662255263823,0.978580361513066,3.1161693652264866,-0.7026539645658552,0.0,0.40514255025455237,0.8948528614473485,-0.13202164084538018,0.6352098982042783,-2.2276696084608,0.31480605045323157,0.22849007493836115,-0.392505381545769,-0.21015629143684125,1.2314177314706196,0.3765379031326314,0.9313640305525223,0.923887288147482,-0.2697112574007837,-1.5521262545627506,-1.3499958724119507,195,0.4924133412010075,0,38
CN7_L_000068,68,1.2778881427639106,1.4913973266059182,-0.3798494579278609,0.8694520664635984,0.978580361513066,-0.7111644212715653,1.592428553832081,0.0,-0.9577081563414782,0.049553186478838565,-0.13202164084538018,0.6352098982042783,1.256517846341055,-0.740752302019579,-0.9148979250737528,1.177731291099114,-1.3205531603132479,-0.6723496009936615,-1.0264522274911068,2.1623075498073105,1.834616475323175,-1.9819009260381404,1.309230796107309,1.3871048330551345,54,0.49136303393549047,0,39
CN7_L_000056,56,1.2778881427639106,1.0884423010556434,-0.33076586660708923,0.36104749346610326,2.8595367380268515,-0.7111644212715653,1.592428553832081,0.0,-0.9577081563414782,0.8948528614473485,-0.13202164084538018,0.6352098982042783,0.3062805103879508,-1.4444623443856761,-1.2960369510559453,2.0749800515994403,0.06735821439464394,0.279582480052895,-1.154003861783075,0.9313640305525223,-0.8975710862039038,-0.2697112574007837,1.1661623978132603,1.3871048330551345,45,0.49034752066799514,1,40
CN7_L_000026,26,0.47545640056951544,0.28251303508572423,-0.5271002318901759,0.36104749346610326,0.978580361513066,-0.7111644212715653,1.4716080594590133,0.0,-0.37363140406856615,0.049553186478838565,-0.13202164084538018,-1.4550013077009483,-0.9606703834971348,-1.620386499439033,-1.2960369510559453,-1.514083446094281,2.010468023540739,-1.3068741587292005,-0.006116999743272883,2.1623075498073105,-0.8975710862039038,-0.9747332447501422,1.0230939995192114,1.2875735186304924,21,0.4903384808672716,0,41
CN7_L_000602,602,-0.728248608535977,-0.523416230884195,2.417849715191477,-0.6557616525288871,-0.9024657082140384,-0.7111644212715653,-0.944248873794686,0.0,0.9892193025274644,1.7401525364158585,2.185115310014578,0.6352098982042783,-0.01048137862261042,0.6666610716362802,0.22849007493836115,0.28041407490637155,0.6225566488328472,1.2314177314706196,-0.5162846136171899,0.9313640305525223,0.4685574366511583,1.4424707271569734,0.09315350381198793,-0.15562484532105123,481,0.4902065276226187,0,42
CN7_L_000044,44,0.8766531397287465,1.0884423010556434,-0.3798494579278609,0.36104749346610326,2.8595367380268515,-0.7111644212715653,1.4716080594590133,0.0,-0.9577081563414782,-1.641030040707891,-0.13202164084538018,-0.40997544119473406,-0.01048137862261042,-1.2685314782559842,-1.2960369510559453,0.9534019870509284,1.1777550832710504,-0.0377282136292905,0.6316022484226123,-0.6073388472586053,0.923887288147482,-2.0826161573510205,1.309230796107309,1.3871048330551345,35,0.48989667547480675,0,43
CN7_L_000005,5,0.8766531397287465,0.6854680606359991,-0.5271002318901759,0.36104749346610326,2.8595367380268515,-0.7111644212715653,1.411243891789784,0.0,-0.5683211791799189,0.049553186478838565,-0.13202164084538018,-1.4550013077009483,-0.01048137862261042,-1.4444623443856761,-1.2960369510559453,-1.0654248379979097,-1.0429539430941461,-0.6723496009936615,0.5040506141306441,1.239076431623577,0.4685574366511583,-1.3776018540812613,1.0230939995192114,1.2875735186304924,4,0.4896596207249839,0,44
CN7_L_000104,104,0.8766531397287465,1.0884423010556434,-0.47801664056940424,0.8694520664635984,-0.9024657082140384,-0.7111644212715653,1.4716080594590133,0.0,-0.5683211791799189,0.049553186478838565,-1.2905901162753592,0.6352098982042783,-0.6439568255651532,-1.620386499439033,-1.2960369510559453,1.4019921394548833,1.7328688063216373,1.548728425152805,-1.9192747442409281,0.008132912368788797,0.013158100971789112,-1.5790323167070213,1.0946281986662358,1.2875735186304924,83,0.48845807394774216,0,45
CN7_L_000071,71,1.2778881427639106,1.0884423010556434,-0.6252674145317192,1.8862612124585887,0.978580361513066,-0.7111644212715653,1.4716080594590133,0.0,-0.9577081563414782,0.8948528614473485,-1.2905901162753592,0.6352098982042783,-0.01048137862261042,-0.9166764570729355,-0.5337734380587921,1.177731291099114,1.4552695891025356,0.5968931737350806,0.7591538827145803,0.008132912368788797,-0.8975710862039038,-0.37043417279326324,1.0946281986662358,1.3373391758428135,57,0.48750446397096703,0,46
CN7_L_000023,23,1.2778881427639106,1.4913973266059182,-0.6743510058524909,1.3778566394610936,0.978580361513066,-0.7111644212715653,1.592428553832081,0.0,-1.152397931452831,-0.7957303657393812,-0.13202164084538018,0.6352098982042783,1.5732314042730364,-0.5648281469662223,-0.15263441207659956,2.2993093556476256,0.6225566488328472,1.2314177314706196,1.2693214965884974,-0.29962644618755063,-0.8975710862039038,-1.075448476063022,1.0946281986662358,1.2875735186304924,18,0.4867802105610694,0,47
CN7_L_000155,155,2.080358148834239,1.8943715670255628,-0.23260804570335264,0.36104749346610326,-0.9024657082140384,-0.7111644212715653,1.4716080594590133,0.0,-1.3470951335030374,0.049553186478838565,-0.13202164084538018,0.6352098982042783,1.256517846341055,-1.2685314782559842,-1.2960369510559453,-0.16817607749758343,0.06735821439464394,-0.6723496009936615,-1.6641714756569919,3.085538667991044,0.4685574366511583,-0.47114940410614314,1.1661623978132603,1.3871048330551345,121,0.4864611838845192,0,48
CN7_L_000049,49,1.6791231457990747,1.4913973266059182,-0.42893304924863257,1.8862612124585887,0.978580361513066,-0.7111644212715653,1.4716080594590133,0.0,-1.152397931452831,-1.641030040707891,-0.13202164084538018,0.6352098982042783,1.256517846341055,-0.5648281469662223,-0.15263441207659956,0.7290726830027427,-1.8756668833638346,0.5968931737350806,-0.6438362479091579,0.008132912368788797,0.4685574366511583,-1.075448476063022,1.309230796107309,1.3871048330551345,40,0.48624291958301186,0,49
CN7_L_000055,55,0.47545640056951544,0.6854680606359991,-0.47801664056940424,0.36104749346610326,2.8595367380268515,-0.7111644212715653,1.4716080594590133,0.0,-0.37363140406856615,0.8948528614473485,-0.13202164084538018,-0.40997544119473406,-0.6439568255651532,-1.4444623443856761,-1.2960369510559453,0.0561532265506022,-0.21015629143684125,0.5968931737350806,-0.5162846136171899,0.3158922709251282,1.834616475323175,-0.9747332447501422,1.0230939995192114,1.2875735186304924,44,0.4857942019770858,1,50
CN7_L_000163,163,1.2778881427639106,1.0884423010556434,-0.33076586660708923,0.36104749346610326,-0.9024657082140384,-0.7111644212715653,1.532018306645547,0.0,-1.152397931452831,-1.641030040707891,-0.13202164084538018,0.6352098982042783,0.623042399398512,-1.9722415206220814,-2.0582859250858667,1.4019921394548833,-1.3205531603132479,-0.9895634650470151,-1.154003861783075,-2.453801083626072,0.4685574366511583,-0.672579866731903,1.1661623978132603,1.3871048330551345,129,0.4856887867065258,0,51
CN7_L_000045,45,0.8766531397287465,0.6854680606359991,-0.5271002318901759,0.36104749346610326,2.8595367380268515,-0.7111644212715653,1.411243891789784,0.0,-0.7630183812301254,-0.7957303657393812,-0.13202164084538018,-0.40997544119473406,0.3062805103879508,-1.620386499439033,-1.2960369510559453,-0.6168346855939546,-2.153266100582936,-0.0377282136292905,-0.26118134503325363,0.6236046719961829,0.4685574366511583,-1.075448476063022,1.309230796107309,1.3871048330551345,36,0.48503462179536433,0,52
CN7_L_000041,41,1.6791231457990747,1.8943715670255628,-0.5271002318901759,1.3778566394610936,0.978580361513066,-0.7111644212715653,1.411243891789784,0.0,-1.3470951335030374,-0.7957303657393812,-0.13202164084538018,0.6352098982042783,1.256517846341055,-0.740752302019579,-0.15263441207659956,-0.6168346855939546,2.010468023540739,-0.0377282136292905,0.5040506141306441,-0.29962644618755063,-0.44224123470758003,-1.176163707375902,1.380763630852969,1.3871048330551345,33,0.48448445152264563,0,53
CN7_L_000006,6,0.47545640056951544,0.6854680606359991,-0.5761838232109475,0.36104749346610326,2.8595367380268515,-0.7111644212715653,1.4716080594590133,0.0,-0.5683211791799189,-0.7957303657393812,-0.13202164084538018,-1.4550013077009483,-0.32719493655459203,-1.7963106544923895,-1.6771614380709061,0.0561532265506022,-0.21015629143684125,-1.6241848524113862,-0.13366863403524099,0.008132912368788797,0.4685574366511583,-1.075448476063022,1.1661623978132603,1.3373391758428135,5,0.4843735226418685,0,54
CN7_L_000069,69,2.080358148834239,2.2973265925758373,-0.6252674145317192,1.3778566394610936,0.978580361513066,-0.7111644212715653,1.4716080594590133,0.0,-1.5417849086143902,0.049553186478838565,-0.13202164084538018,0.6352098982042783,1.5732314042730364,-0.5648281469662223,-0.5337734380587921,0.5047433789545571,-0.7653547258750445,0.279582480052895,-0.006116999743272883,-0.29962644618755063,0.013158100971789112,-1.075448476063022,1.309230796107309,1.3871048330551345,55,0.4841086142881222,0,55
CN7_L_000363,363,-1.5306803507303721,-1.329345496854114,0.11097709354204904,-0.6557616525288871,0.978580361513066,1.2025024719774604,-0.5818795497100921,0.0,0.7945295274161116,-0.7957303657393812,-0.13202164084538018,-1.4550013077009483,-2.2276696084608,-0.03704225965348172,0.22849007493836115,-0.8411639896421402,1.4552695891025356,0.279582480052895,1.3968731308804654,-0.29962644618755063,0.013158100971789112,-0.37043417279326324,-0.5506515597085025,-0.5537491538186587,289,0.4840943389241798,0,56
CN7_L_000086,86,1.2778881427639106,1.4913973266059182,-0.2816916370241243,0.8694520664635984,-0.9024657082140384,-0.7111644212715653,1.4716080594590133,0.0,-0.9577081563414782,-0.7957303657393812,-1.2905901162753592,0.6352098982042783,0.9397559573304937,-1.4444623443856761,-1.2960369510559453,-0.8411639896421402,-1.0429539430941461,-0.355038907311476,-1.281555496075043,2.1623075498073105,0.923887288147482,0.33458781455609526,1.1661623978132603,1.3373391758428135,67,0.4840893669430903,0,57
CN7_L_000040,40,2.080358148834239,1.8943715670255628,-0.47801664056940424,0.36104749346610326,0.978580361513066,-0.7111644212715653,1.4716080594590133,0.0,-1.3470951335030374,0.049553186478838565,-0.13202164084538018,0.6352098982042783,1.256517846341055,-0.740752302019579,-0.5337734380587921,-0.392505381545769,0.9001558660519489,-0.0377282136292905,-0.3887329793252218,1.5468357901799163,0.923887288147482,-1.276878938688782,1.309230796107309,1.3871048330551345,32,0.4826890586740291,1,58
CN7_L_000029,29,1.2778881427639106,1.4913973266059182,-0.47801664056940424,0.36104749346610326,0.978580361513066,-0.7111644212715653,1.411243891789784,0.0,-1.152397931452831,0.049553186478838565,-1.2905901162753592,0.6352098982042783,1.256517846341055,-1.2685314782559842,-0.9148979250737528,0.9534019870509284,1.1777550832710504,2.183349812517176,-1.9192747442409281,0.008132912368788797,0.4685574366511583,-1.075448476063022,1.309230796107309,1.3373391758428135,23,0.4826793924615085,0,59
CN7_L_000548,548,-1.129445347695208,-1.329345496854114,0.2582185057665573,-0.6557616525288871,-0.9024657082140384,-0.7111644212715653,-0.642289796896626,0.0,0.7945295274161116,3.4307518863528785,1.026546834584599,-1.4550013077009483,-1.9109077194502389,0.13888189539987494,-0.15263441207659956,-0.392505381545769,-0.21015629143684125,-1.6241848524113862,-0.13366863403524099,-1.5305699654423388,0.013158100971789112,1.3417554958440934,0.379288935998721,0.04343683432727175,436,0.48116032639086165,0,60
CN7_L_000233,233,0.47545640056951544,0.28251303508572423,-0.1344408630618093,0.36104749346610326,0.978580361513066,1.2025024719774604,-0.642289796896626,0.0,-0.17893420201835966,-1.641030040707891,-0.13202164084538018,1.6802357647104924,0.623042399398512,1.5462952690557341,1.7530171009326676,2.2993093556476256,0.6225566488328472,-0.0377282136292905,-0.13366863403524099,0.3158922709251282,0.013158100971789112,-0.47114940410614314,-1.7667288520038238,-1.4992928440489142,183,0.4810364105314586,0,61
CN7_L_000141,141,0.47545640056951544,0.28251303508572423,-0.3798494579278609,0.36104749346610326,-0.9024657082140384,-0.7111644212715653,1.4716080594590133,0.0,-0.37363140406856615,0.8948528614473485,-0.13202164084538018,-1.4550013077009483,-1.9109077194502389,-1.9722415206220814,-2.0582859250858667,-0.8411639896421402,0.3449574316137456,-0.355038907311476,0.24898626884066333,1.5468357901799163,0.013158100971789112,-0.7732950980447828,1.1661623978132603,1.3373391758428135,112,0.48093837543117773,0,62
CN7_L_000567,567,-1.129445347695208,-1.329345496854114,0.4054692797288723,-0.6557616525288871,-0.9024657082140384,-0.7111644212715653,-0.7026539645658552,0.0,0.7945295274161116,1.7401525364158585,1.026546834584599,-2.5001866470999605,-2.2276696084608,0.31480605045323157,-0.15263441207659956,0.7290726830027427,-1.0429539430941461,0.279582480052895,0.8867055170065484,-0.29962644618755063,0.923887288147482,0.7374564238872144,0.23622190210603677,-0.05609448009737051,452,0.48073473578843773,0,63
CN7_L_000242,242,0.47545640056951544,0.28251303508572423,-0.08535727174103763,-0.6557616525288871,0.978580361513066,3.1161693652264866,-0.642289796896626,0.0,0.01575557309299311,-0.7957303657393812,-0.13202164084538018,1.6802357647104924,-0.32719493655459203,1.0185160928193289,0.9907535879355144,0.7290726830027427,2.8431809638104273,0.5968931737350806,-0.8989005931991387,0.3158922709251282,-0.44224123470758003,-0.47114940410614314,-1.6951946528567994,-1.3997615296242718,191,0.4806105725869873,0,64
CN7_L_000362,362,-1.5306803507303721,-1.329345496854114,0.012809910900505709,0.36104749346610326,0.978580361513066,1.2025024719774604,-0.5818795497100921,0.0,0.7945295274161116,-1.641030040707891,-0.13202164084538018,-1.4550013077009483,-1.277432272507696,0.6666610716362802,0.6096145619533219,0.5047433789545571,-0.21015629143684125,-0.0377282136292905,2.2896956476302868,0.3158922709251282,0.4685574366511583,-0.7732950980447828,-0.5506515597085025,-0.6035138618300183,288,0.47992038659216524,0,65
CN7_L_000080,80,1.2778881427639106,1.0884423010556434,-0.6252674145317192,0.36104749346610326,-0.9024657082140384,-0.7111644212715653,1.592428553832081,0.0,-0.9577081563414782,0.049553186478838565,-1.2905901162753592,-0.40997544119473406,0.623042399398512,-0.740752302019579,-0.5337734380587921,-0.392505381545769,-0.7653547258750445,-0.0377282136292905,1.141769862296529,-1.2228106068859994,-2.263699609058966,-0.16899602608790382,1.309230796107309,1.3871048330551345,62,0.47984011190011555,0,66
CN7_L_000000,0,1.6791231457990747,1.4913973266059182,-0.47801664056940424,0.36104749346610326,0.978580361513066,-0.7111644212715653,1.532018306645547,0.0,-1.152397931452831,-0.7957303657393812,-0.13202164084538018,0.6352098982042783,1.256517846341055,-0.9166764570729355,-0.5337734380587921,0.7290726830027427,-1.598067666144733,-0.6723496009936615,-1.5366198413650238,0.008132912368788797,-1.352970421883273,-1.780462779332781,1.0230939995192114,1.2875735186304924,0,0.479257242425558,0,67
CN7_L_000234,234,0.47545640056951544,0.6854680606359991,-0.1344408630618093,0.36104749346610326,0.978580361513066,1.2025024719774604,-0.5214693025235582,0.0,-0.37363140406856615,-0.7957303657393812,-0.13202164084538018,1.6802357647104924,1.5732314042730364,1.3703711140023773,1.371878074950475,0.5047433789545571,0.3449574316137456,0.279582480052895,0.5040506141306441,0.6236046719961829,-1.8083002733795968,-0.37043417279326324,-1.7667288520038238,-1.4992928440489142,184,0.4782899601575616,0,68
CN7_L_000074,74,0.8766531397287465,0.6854680606359991,-0.42893304924863257,0.36104749346610326,0.978580361513066,-0.7111644212715653,1.4716080594590133,0.0,-0.5683211791799189,0.049553186478838565,-1.2905901162753592,-0.40997544119473406,-0.32719493655459203,-1.4444623443856761,-1.2960369510559453,0.9534019870509284,-0.48775550865594286,2.183349812517176,-1.0264522274911068,-1.5305699654423388,1.3792866238268513,-0.571864635419023,1.309230796107309,1.3871048330551345,59,0.47778125685591166,0,69
CN7_L_000077,77,1.6791231457990747,1.8943715670255628,-0.2816916370241243,0.36104749346610326,0.978580361513066,-0.7111644212715653,1.4716080594590133,0.0,-1.3470951335030374,0.049553186478838565,-1.2905901162753592,0.6352098982042783,0.9397559573304937,-0.740752302019579,-0.5337734380587921,-0.8411639896421402,0.3449574316137456,-0.0377282136292905,-0.3887329793252218,-0.9150982058149447,1.834616475323175,-1.075448476063022,1.309230796107309,1.3871048330551345,60,0.4772409917262964,0,70
CN7_L_000231,231,0.07422139753435131,0.28251303508572423,-0.08535727174103763,0.36104749346610326,0.978580361513066,1.2025024719774604,-0.7026539645658552,0.0,-0.17893420201835966,-0.7957303657393812,-0.13202164084538018,0.6352098982042783,0.623042399398512,0.8425919377659722,0.9907535879355144,0.7290726830027427,-0.48775550865594286,1.548728425152805,-1.6641714756569919,-2.146041725069733,-1.352970421883273,-0.9747332447501422,-1.8382630511508482,-1.5490585012612352,181,0.47708456530467197,0,71
CN7_L_000111,111,0.47545640056951544,0.28251303508572423,-0.5761838232109475,0.36104749346610326,-0.9024657082140384,-0.7111644212715653,1.4716080594590133,0.0,-0.5683211791799189,0.049553186478838565,-0.13202164084538018,-2.5001866470999605,-0.9606703834971348,-1.9722415206220814,-2.0582859250858667,0.7290726830027427,-0.21015629143684125,0.279582480052895,1.0142571512985166,0.3158922709251282,0.013158100971789112,0.13314966785073584,1.1661623978132603,1.3373391758428135,89,0.476831570444186,0,72
CN7_L_000200,200,0.47545640056951544,0.28251303508572423,-0.1344408630618093,0.36104749346610326,0.978580361513066,1.2025024719774604,-0.642289796896626,0.0,0.01575557309299311,-0.7957303657393812,-0.13202164084538018,1.6802357647104924,-0.01048137862261042,1.1944402478726854,1.371878074950475,2.0749800515994403,-1.3205531603132479,-1.9414955460935717,-0.6438362479091579,-0.6073388472586053,-0.8975710862039038,-0.571864635419023,-1.9097958858965078,-1.598823209272595,160,0.4764987767266003,0,73
CN7_L_000164,164,1.2778881427639106,1.0884423010556434,-0.3798494579278609,10.020540443903922,-0.9024657082140384,-0.7111644212715653,1.4716080594590133,0.0,-0.9577081563414782,0.049553186478838565,-0.13202164084538018,0.6352098982042783,1.256517846341055,-1.7963106544923895,-1.6771614380709061,0.0561532265506022,0.3449574316137456,-0.355038907311476,-1.154003861783075,-0.9150982058149447,0.4685574366511583,-0.8740180134372624,1.1661623978132603,1.3871048330551345,130,0.4764097335981552,0,74
CN7_L_000199,199,0.47545640056951544,0.28251303508572423,-0.1344408630618093,0.36104749346610326,0.978580361513066,1.2025024719774604,-0.5818795497100921,0.0,-0.17893420201835966,0.049553186478838565,-0.13202164084538018,1.6802357647104924,0.9397559573304937,1.3703711140023773,1.7530171009326676,-1.7384127501424664,0.06735821439464394,-0.0377282136292905,0.3765379031326314,-1.2228106068859994,-0.8975710862039038,-0.47114940410614314,-1.8382630511508482,-1.5490585012612352,159,0.4763180382330895,0,75
CN7_L_000208,208,0.47545640056951544,0.28251303508572423,-0.23260804570335264,0.36104749346610326,0.978580361513066,1.2025024719774604,-0.642289796896626,0.0,-0.17893420201835966,-0.7957303657393812,-0.13202164084538018,1.6802357647104924,0.623042399398512,1.3703711140023773,1.7530171009326676,0.7290726830027427,2.8431809638104273,0.5968931737350806,-0.7713878822011261,0.3158922709251282,-0.44224123470758003,-0.571864635419023,-1.9097958858965078,-1.648588866484916,165,0.47626153133958266,0,76
CN7_L_000365,365,-1.5306803507303721,-1.7323197372737587,0.061893502221277374,-0.6557616525288871,0.978580361513066,1.2025024719774604,-0.7026539645658552,0.0,0.9892193025274644,1.7401525364158585,-0.13202164084538018,-1.4550013077009483,-1.5941941615182573,-0.38889728083653036,-0.5337734380587921,0.5047433789545571,0.06735821439464394,-0.0377282136292905,-0.13366863403524099,0.008132912368788797,0.013158100971789112,0.03243443653785595,-0.47911736056147813,-0.5537491538186587,291,0.475853277743676,0,77
CN7_L_000034,34,0.47545640056951544,0.28251303508572423,-0.6252674145317192,0.36104749346610326,0.978580361513066,-0.7111644212715653,1.4716080594590133,0.0,-0.37363140406856615,0.049553186478838565,-0.13202164084538018,-1.4550013077009483,-1.5941941615182573,-1.4444623443856761,-1.2960369510559453,0.28041407490637155,0.06735821439464394,0.914107037788434,1.0142571512985166,0.008132912368788797,-1.352970421883273,-1.9819009260381404,1.0946281986662358,1.3373391758428135,27,0.475205517746303,0,78
CN7_L_000136,136,2.080358148834239,1.8943715670255628,-0.3798494579278609,0.36104749346610326,-0.9024657082140384,-0.7111644212715653,1.4716080594590133,0.0,-1.3470951335030374,-0.7957303657393812,-1.2905901162753592,0.6352098982042783,1.256517846341055,-1.0926073232026277,-0.9148979250737528,1.177731291099114,-0.21015629143684125,-0.355038907311476,-0.006116999743272883,0.6236046719961829,0.923887288147482,-0.37043417279326324,1.2376965969602847,1.2875735186304924,107,0.47491317986563386,0,79
CN7_L_000525,525,-0.3270136055008128,-0.12046120533392016,0.2582185057665573,0.36104749346610326,-0.9024657082140384,1.2025024719774604,-0.5818795497100921,0.0,0.01575557309299311,-0.7957303657393812,1.026546834584599,-0.40997544119473406,0.9397559573304937,1.1944402478726854,0.9907535879355144,-1.0654248379979097,-1.8756668833638346,-0.355038907311476,1.2693214965884974,-0.29962644618755063,-1.352970421883273,1.9460545678009724,0.23622190210603677,-0.05609448009737051,415,0.4747518534147819,0,80
CN7_L_000010,10,1.2778881427639106,1.4913973266059182,-0.33076586660708923,0.36104749346610326,0.978580361513066,-0.7111644212715653,1.4716080594590133,0.0,-0.9577081563414782,-0.7957303657393812,-1.2905901162753592,-0.40997544119473406,0.9397559573304937,-0.9166764570729355,-0.5337734380587921,1.626321443503069,-0.48775550865594286,0.279582480052895,-1.409107130367011,-0.29962644618755063,0.013158100971789112,-0.47114940410614314,0.9515611647735517,1.18804220420585,9,0.4746508528677185,0,81
CN7_L_000461,461,-1.5306803507303721,-1.7323197372737587,0.061893502221277374,-1.1641662255263823,-0.9024657082140384,-0.7111644212715653,-0.5214693025235582,0.0,0.7945295274161116,0.049553186478838565,-0.13202164084538018,-2.5001866470999605,-1.277432272507696,0.13888189539987494,0.22849007493836115,0.5047433789545571,-0.7653547258750445,1.2314177314706196,0.8867055170065484,0.008132912368788797,-0.8975710862039038,0.7374564238872144,-0.049914894482060906,-0.20539050253337238,370,0.47402521031105516,0,82
CN7_L_000079,79,1.2778881427639106,1.4913973266059182,-0.5761838232109475,0.36104749346610326,-0.9024657082140384,-0.7111644212715653,1.4716080594590133,0.0,-1.152397931452831,0.049553186478838565,-1.2905901162753592,0.6352098982042783,0.623042399398512,-0.9166764570729355,-0.5337734380587921,-1.0654248379979097,1.1777550832710504,-1.9414955460935717,1.141769862296529,-0.6073388472586053,-0.8975710862039038,-1.075448476063022,1.309230796107309,1.3871048330551345,61,0.4740062708317717,0,83
CN7_L_000408,408,0.47545640056951544,0.28251303508572423,0.061893502221277374,0.36104749346610326,-0.9024657082140384,1.2025024719774604,-0.642289796896626,0.0,-0.17893420201835966,-0.7957303657393812,-0.13202164084538018,0.6352098982042783,1.5732314042730364,1.0185160928193289,1.371878074950475,-0.16817607749758343,3.398379398248631,0.914107037788434,0.3765379031326314,0.9313640305525223,1.834616475323175,0.8381716552000944,-0.1929819283747451,-0.35468652496937425,325,0.47341476223228945,0,84
CN7_L_000123,123,0.8766531397287465,0.6854680606359991,-0.33076586660708923,0.36104749346610326,-0.9024657082140384,-0.7111644212715653,1.411243891789784,0.0,-0.7630183812301254,-0.7957303657393812,-1.2905901162753592,-0.40997544119473406,-0.32719493655459203,-1.7963106544923895,-1.6771614380709061,1.8506507475512546,-0.48775550865594286,-1.3068741587292005,-0.8989005931991387,-0.29962644618755063,-0.44224123470758003,-0.9747332447501422,1.0946281986662358,1.2875735186304924,95,0.4732854668114395,0,85
CN7_L_000126,126,2.080358148834239,1.8943715670255628,-0.23260804570335264,0.36104749346610326,-0.9024657082140384,-0.7111644212715653,1.4716080594590133,0.0,-1.3470951335030374,0.049553186478838565,-0.13202164084538018,0.6352098982042783,1.256517846341055,-1.0926073232026277,-0.9148979250737528,-1.2897541420460952,-0.21015629143684125,-0.355038907311476,-0.3887329793252218,-1.2228106068859994,0.923887288147482,0.13314966785073584,1.1661623978132603,1.2875735186304924,98,0.472606215787578,0,86
CN7_L_000160,160,0.8766531397287465,0.6854680606359991,-0.47801664056940424,0.36104749346610326,-0.9024657082140384,-0.7111644212715653,1.411243891789784,0.0,-0.7630183812301254,-1.641030040707891,-0.13202164084538018,-1.4550013077009483,-0.01048137862261042,-1.7963106544923895,-1.6771614380709061,2.2993093556476256,-0.48775550865594286,1.2314177314706196,1.141769862296529,0.3158922709251282,0.013158100971789112,-1.9819009260381404,1.0946281986662358,1.3871048330551345,126,0.47249208534467574,0,87
CN7_L_000008,8,1.2778881427639106,1.4913973266059182,-0.47801664056940424,0.36104749346610326,0.978580361513066,-0.7111644212715653,1.532018306645547,0.0,-1.152397931452831,-0.7957303657393812,-1.2905901162753592,0.6352098982042783,0.9397559573304937,-1.620386499439033,-1.2960369510559453,-0.16817607749758343,-0.7653547258750445,0.914107037788434,-1.7917231099489601,1.239076431623577,0.013158100971789112,-1.176163707375902,1.0230939995192114,1.2378078614181713,7,0.4718438747447202,0,88
CN7_L_000100,100,0.47545640056951544,0.6854680606359991,-0.3798494579278609,0.36104749346610326,-0.9024657082140384,-0.7111644212715653,1.4716080594590133,0.0,-0.5683211791799189,1.7401525364158585,-0.13202164084538018,-0.40997544119473406,-0.9606703834971348,-1.2685314782559842,-0.9148979250737528,-1.514083446094281,-1.0429539430941461,-1.3068741587292005,1.2693214965884974,0.008132912368788797,-1.352970421883273,-1.075448476063022,1.1661623978132603,1.2875735186304924,80,0.4705414010167052,0,89
CN7_L_000067,67,1.2778881427639106,1.0884423010556434,-0.3798494579278609,0.36104749346610326,0.978580361513066,-0.7111644212715653,1.4716080594590133,0.0,-0.7630183812301254,0.049553186478838565,-1.2905901162753592,0.6352098982042783,-0.01048137862261042,-1.2685314782559842,-1.2960369510559453,-0.16817607749758343,-0.48775550865594286,0.279582480052895,-1.7917231099489601,3.085538667991044,0.4685574366511583,-0.9747332447501422,1.2376965969602847,1.3871048330551345,53,0.47031653242065014,0,90
CN7_L_000568,568,-1.5306803507303721,-1.329345496854114,0.35638568840810064,-1.1641662255263823,-0.9024657082140384,-0.7111644212715653,-0.642289796896626,0.0,0.9892193025274644,0.049553186478838565,1.026546834584599,-1.4550013077009483,-0.9606703834971348,-0.03704225965348172,-0.5337734380587921,-0.16817607749758343,0.9001558660519489,-0.0377282136292905,-0.006116999743272883,0.3158922709251282,-2.263699609058966,1.7446241051752127,0.16468770295901236,-0.05609448009737051,453,0.4703103935192428,0,91
CN7_L_000196,196,0.47545640056951544,0.6854680606359991,-0.08535727174103763,0.36104749346610326,0.978580361513066,1.2025024719774604,-0.7026539645658552,0.0,-0.37363140406856615,0.049553186478838565,-0.13202164084538018,1.6802357647104924,1.256517846341055,1.3703711140023773,1.371878074950475,-0.6168346855939546,-0.7653547258750445,-1.6241848524113862,0.5040506141306441,-0.29962644618755063,0.013158100971789112,-0.571864635419023,-1.9097958858965078,-1.5490585012612352,156,0.47004059285626576,0,92
CN7_L_000324,324,-1.129445347695208,-1.329345496854114,0.061893502221277374,-0.6557616525288871,0.978580361513066,1.2025024719774604,-0.642289796896626,0.0,0.5998323253659051,0.049553186478838565,-0.13202164084538018,-0.40997544119473406,-1.5941941615182573,-0.38889728083653036,-0.5337734380587921,-1.9627420541906522,0.06735821439464394,-1.6241848524113862,-0.26118134503325363,0.9313640305525223,-0.44224123470758003,0.2338725832432154,-0.8367869918952355,-0.8523411986906625,258,0.46987354887253163,0,93
CN7_L_000376,376,-1.129445347695208,-0.9263904713038393,0.307302097087329,-0.6557616525288871,0.978580361513066,1.2025024719774604,-0.7026539645658552,0.0,0.7945295274161116,-0.7957303657393812,-0.13202164084538018,-0.40997544119473406,-1.5941941615182573,-0.38889728083653036,-0.5337734380587921,-0.6168346855939546,-1.3205531603132479,-0.355038907311476,-0.6438362479091579,0.6236046719961829,2.290015811002544,0.43530304586897517,-0.47911736056147813,-0.5537491538186587,301,0.46951553393883705,0,94
CN7_L_000546,546,-1.129445347695208,-1.329345496854114,0.454552871049644,0.36104749346610326,-0.9024657082140384,-0.7111644212715653,-0.7630642117523891,0.0,0.7945295274161116,0.8948528614473485,1.026546834584599,-1.4550013077009483,-0.9606703834971348,0.31480605045323157,0.22849007493836115,-1.2897541420460952,1.7328688063216373,-0.0377282136292905,1.3968731308804654,1.8545951487362557,-0.8975710862039038,1.6439011897827331,0.3077547368516965,-0.05609448009737051,434,0.4695060927929411,0,95
CN7_L_000210,210,0.07422139753435131,0.28251303508572423,-0.1344408630618093,0.36104749346610326,0.978580361513066,1.2025024719774604,-0.642289796896626,0.0,-0.17893420201835966,-0.7957303657393812,-0.13202164084538018,1.6802357647104924,0.3062805103879508,0.6666610716362802,0.6096145619533219,2.0749800515994403,0.3449574316137456,-0.355038907311476,-0.7713878822011261,-2.146041725069733,-0.8975710862039038,0.2338725832432154,-1.9097958858965078,-1.648588866484916,167,0.4691836335111001,0,96
CN7_L_000356,356,-0.3270136055008128,-0.523416230884195,0.061893502221277374,-0.6557616525288871,0.978580361513066,1.2025024719774604,-0.7026539645658552,0.0,0.40514255025455237,1.7401525364158585,-0.13202164084538018,0.6352098982042783,-1.5941941615182573,0.6666610716362802,0.6096145619533219,1.8506507475512546,0.6225566488328472,-0.0377282136292905,-1.9192747442409281,-2.453801083626072,-1.352970421883273,0.13314966785073584,-0.622185758855527,-0.6532795190423395,284,0.4691808133190494,0,97
CN7_L_000007,7,0.8766531397287465,0.6854680606359991,-0.5761838232109475,0.36104749346610326,0.978580361513066,-0.7111644212715653,1.4716080594590133,0.0,-0.5683211791799189,0.049553186478838565,-0.13202164084538018,-0.40997544119473406,-1.277432272507696,-1.7963106544923895,-1.6771614380709061,0.5047433789545571,-1.3205531603132479,-0.0377282136292905,-1.281555496075043,1.239076431623577,-1.352970421883273,-0.06828079477502394,1.1661623978132603,1.3373391758428135,6,0.46878634358810317,0,98
CN7_L_000390,390,0.07422139753435131,-0.12046120533392016,0.16005132312501397,-0.6557616525288871,-0.9024657082140384,1.2025024719774604,-0.5214693025235582,0.0,0.21044534820434588,0.049553186478838565,-0.13202164084538018,0.6352098982042783,1.256517846341055,1.3703711140023773,1.371878074950475,-1.0654248379979097,-0.7653547258750445,-1.3068741587292005,0.6316022484226123,-1.2228106068859994,-0.8975710862039038,0.03243443653785595,-0.47911736056147813,-0.5537491538186587,313,0.4687072316589744,0,99
CN7_L_000073,73,1.2778881427639106,1.0884423010556434,-0.3798494579278609,0.36104749346610326,0.978580361513066,1.2025024719774604,1.4716080594590133,0.0,-1.152397931452831,0.049553186478838565,-0.13202164084538018,0.6352098982042783,0.3062805103879508,-1.0926073232026277,-0.9148979250737528,0.9534019870509284,0.9001558660519489,-0.6723496009936615,-0.13366863403524099,0.008132912368788797,-0.8975710862039038,-0.9747332447501422,1.0946281986662358,1.2875735186304924,58,0.46840736350766,0,100
CN7_L_000039,39,1.2778881427639106,1.4913973266059182,-0.5271002318901759,0.36104749346610326,0.978580361513066,-0.7111644212715653,1.532018306645547,0.0,-0.9577081563414782,0.8948528614473485,-0.13202164084538018,-0.40997544119473406,0.9397559573304937,-1.0926073232026277,-0.9148979250737528,-1.0654248379979097,0.06735821439464394,2.50056367657053,-1.154003861783075,0.6236046719961829,0.013158100971789112,-1.075448476063022,1.309230796107309,1.3871048330551345,31,0.46826910500341234,0,101
CN7_L_000138,138,1.6791231457990747,1.4913973266059182,-0.5271002318901759,0.36104749346610326,-0.9024657082140384,-0.7111644212715653,1.532018306645547,0.0,-1.3470951335030374,0.049553186478838565,-0.13202164084538018,0.6352098982042783,1.256517846341055,-0.5648281469662223,-0.15263441207659956,-1.0654248379979097,0.06735821439464394,-1.6241848524113862,1.6519763994644017,-0.9150982058149447,-0.44224123470758003,-0.37043417279326324,1.2376965969602847,1.3373391758428135,109,0.4682145044269507,0,102
CN7_L_000375,375,-1.129445347695208,-1.329345496854114,0.11097709354204904,-0.6557616525288871,0.978580361513066,1.2025024719774604,-0.642289796896626,0.0,0.7945295274161116,0.8948528614473485,1.026546834584599,-1.4550013077009483,-1.277432272507696,-0.38889728083653036,-0.5337734380587921,0.9534019870509284,-0.21015629143684125,-0.0377282136292905,0.12143463454869523,0.008132912368788797,0.923887288147482,0.13314966785073584,-0.47911736056147813,-0.5537491538186587,300,0.46729478962010257,0,103
CN7_L_000153,153,0.47545640056951544,0.6854680606359991,-0.33076586660708923,0.36104749346610326,-0.9024657082140384,-0.7111644212715653,1.411243891789784,0.0,-0.5683211791799189,-0.7957303657393812,-0.13202164084538018,-0.40997544119473406,-0.9606703834971348,-1.9722415206220814,-2.0582859250858667,2.0749800515994403,-1.0429539430941461,-0.0377282136292905,-1.0264522274911068,0.6236046719961829,0.923887288147482,-0.9747332447501422,1.1661623978132603,1.3871048330551345,119,0.46701362344840824,0,104
CN7_L_000140,140,0.47545640056951544,0.28251303508572423,-0.5271002318901759,0.36104749346610326,-0.9024657082140384,-0.7111644212715653,1.4716080594590133,0.0,-0.5683211791799189,-0.7957303657393812,-0.13202164084538018,-1.4550013077009483,-1.277432272507696,-1.7963106544923895,-1.6771614380709061,-1.514083446094281,-1.0429539430941461,0.5968931737350806,1.0142571512985166,0.3158922709251282,-1.352970421883273,-1.276878938688782,1.2376965969602847,1.3373391758428135,111,0.466927772967544,0,105
CN7_L_000118,118,1.6791231457990747,1.4913973266059182,-0.47801664056940424,1.8862612124585887,-0.9024657082140384,-0.7111644212715653,1.4716080594590133,0.0,-1.152397931452831,-0.7957303657393812,-0.13202164084538018,0.6352098982042783,1.5732314042730364,-0.740752302019579,-0.5337734380587921,-1.7384127501424664,-0.7653547258750445,-0.355038907311476,0.8867055170065484,-0.29962644618755063,0.4685574366511583,-1.780462779332781,1.1661623978132603,1.2875735186304924,92,0.46677536332900493,0,106
CN7_L_000528,528,-1.129445347695208,-1.329345496854114,0.35638568840810064,-0.6557616525288871,-0.9024657082140384,-0.7111644212715653,-0.7026539645658552,0.0,0.5998323253659051,0.8948528614473485,1.026546834584599,-1.4550013077009483,-0.32719493655459203,-0.03704225965348172,-0.5337734380587921,-1.7384127501424664,0.3449574316137456,-1.6241848524113862,-0.13366863403524099,-1.2228106068859994,0.013158100971789112,2.3489231771320918,0.23622190210603677,-0.1058591881087301,418,0.46663907103478386,0,107
CN7_L_000342,342,-0.728248608535977,-0.9263904713038393,0.061893502221277374,-1.1641662255263823,0.978580361513066,1.2025024719774604,-0.5818795497100921,0.0,0.21044534820434588,0.8948528614473485,-0.13202164084538018,-0.40997544119473406,-0.9606703834971348,0.8425919377659722,0.9907535879355144,-1.0654248379979097,0.3449574316137456,2.50056367657053,1.2693214965884974,1.239076431623577,0.923887288147482,-0.16899602608790382,-0.7652541571495758,-0.7528108334669817,273,0.46663438619186265,0,108
CN7_L_000134,134,1.6791231457990747,1.4913973266059182,-0.1344408630618093,0.36104749346610326,-0.9024657082140384,-0.7111644212715653,1.532018306645547,0.0,-1.152397931452831,-0.7957303657393812,-0.13202164084538018,0.6352098982042783,0.9397559573304937,-1.4444623443856761,-1.2960369510559453,0.28041407490637155,-1.3205531603132479,-0.355038907311476,-1.5366198413650238,1.8545951487362557,0.4685574366511583,-1.6797475480199011,1.1661623978132603,1.2875735186304924,106,0.46661893541612415,0,109
CN7_L_000084,84,0.8766531397287465,0.6854680606359991,-0.47801664056940424,0.36104749346610326,-0.9024657082140384,-0.7111644212715653,1.532018306645547,0.0,-0.5683211791799189,0.049553186478838565,-1.2905901162753592,-0.40997544119473406,-0.01048137862261042,-1.620386499439033,-1.2960369510559453,0.7290726830027427,-0.7653547258750445,0.279582480052895,-1.5366198413650238,0.008132912368788797,-1.352970421883273,0.03243443653785595,1.309230796107309,1.3871048330551345,66,0.46640290826043884,0,110
CN7_L_000070,70,1.2778881427639106,1.4913973266059182,-0.5761838232109475,1.3778566394610936,0.978580361513066,-0.7111644212715653,1.411243891789784,0.0,-0.9577081563414782,-0.7957303657393812,-1.2905901162753592,0.6352098982042783,0.3062805103879508,-0.740752302019579,-0.5337734380587921,-0.8411639896421402,0.06735821439464394,0.5968931737350806,0.8867055170065484,1.239076431623577,0.4685574366511583,-1.3776018540812613,1.0946281986662358,1.3373391758428135,56,0.46629562948566655,0,111
CN7_L_000046,46,0.47545640056951544,0.6854680606359991,-0.47801664056940424,0.36104749346610326,0.978580361513066,-0.7111644212715653,1.411243891789784,0.0,-0.5683211791799189,-0.7957303657393812,-0.13202164084538018,-0.40997544119473406,-0.32719493655459203,-1.620386499439033,-1.2960369510559453,-0.8411639896421402,-1.0429539430941461,-1.9414955460935717,-0.8989005931991387,0.008132912368788797,0.4685574366511583,-1.780462779332781,1.309230796107309,1.3871048330551345,37,0.46600598980174934,0,112
CN7_L_000224,224,0.07422139753435131,0.28251303508572423,-0.03627368042026596,0.36104749346610326,0.978580361513066,1.2025024719774604,-0.5818795497100921,0.0,0.21044534820434588,-0.7957303657393812,-0.13202164084538018,0.6352098982042783,0.9397559573304937,1.5462952690557341,1.7530171009326676,-0.16817607749758343,1.1777550832710504,-1.6241848524113862,-0.13366863403524099,-0.29962644618755063,-0.8975710862039038,0.536018277181855,-1.8382630511508482,-1.5490585012612352,178,0.4655491687101594,0,113
CN7_L_000127,127,1.6791231457990747,1.8943715670255628,-0.47801664056940424,1.3778566394610936,-0.9024657082140384,-0.7111644212715653,1.411243891789784,0.0,-1.3470951335030374,0.049553186478838565,-0.13202164084538018,-0.40997544119473406,1.5732314042730364,-1.2685314782559842,-1.2960369510559453,1.8506507475512546,-0.21015629143684125,-0.0377282136292905,0.12143463454869523,-0.29962644618755063,0.923887288147482,-0.8740180134372624,1.1661623978132603,1.2875735186304924,99,0.4655110610572595,0,114
CN7_L_000025,25,0.8766531397287465,0.6854680606359991,-0.5761838232109475,0.36104749346610326,0.978580361513066,-0.7111644212715653,1.4716080594590133,0.0,-0.7630183812301254,-1.641030040707891,-1.2905901162753592,-0.40997544119473406,-0.01048137862261042,-1.4444623443856761,-1.2960369510559453,0.28041407490637155,-0.21015629143684125,-0.0377282136292905,0.7591538827145803,-1.2228106068859994,1.3792866238268513,-1.075448476063022,1.0230939995192114,1.2378078614181713,20,0.4652114057756219,0,115
CN7_L_000158,158,1.2778881427639106,1.4913973266059182,-0.5761838232109475,0.36104749346610326,-0.9024657082140384,-0.7111644212715653,1.4716080594590133,0.0,-0.9577081563414782,0.049553186478838565,-0.13202164084538018,0.6352098982042783,-0.32719493655459203,-0.740752302019579,-0.5337734380587921,0.7290726830027427,1.4552695891025356,-0.0377282136292905,1.7794891104624142,-2.453801083626072,-1.352970421883273,-0.8740180134372624,1.1661623978132603,1.3871048330551345,124,0.46497581258136583,0,116
CN7_L_000458,458,-0.3270136055008128,-0.12046120533392016,0.2582185057665573,0.8694520664635984,-0.9024657082140384,-0.7111644212715653,-0.7630642117523891,0.0,0.01575557309299311,1.7401525364158585,-0.13202164084538018,-0.40997544119473406,0.3062805103879508,1.0185160928193289,1.371878074950475,0.9534019870509284,-1.598067666144733,-0.355038907311476,1.7794891104624142,-0.6073388472586053,2.290015811002544,1.4424707271569734,-0.049914894482060906,-0.2551561597456935,367,0.4648327389958652,0,117
CN7_L_000193,193,0.07422139753435131,0.28251303508572423,-0.08535727174103763,-0.6557616525288871,0.978580361513066,1.2025024719774604,-0.642289796896626,0.0,0.01575557309299311,-0.7957303657393812,-0.13202164084538018,0.6352098982042783,-0.32719493655459203,0.49073691658292357,0.22849007493836115,-1.0654248379979097,-1.598067666144733,-2.2588062397757573,-1.5366198413650238,1.239076431623577,0.013158100971789112,0.8381716552000944,-1.9097958858965078,-1.598823209272595,153,0.46475952461109366,0,118
CN7_L_000569,569,-1.129445347695208,-1.329345496854114,0.5527106919533805,-1.6725707985238774,-0.9024657082140384,-0.7111644212715653,-0.5818795497100921,0.0,0.7945295274161116,0.049553186478838565,1.026546834584599,-1.4550013077009483,-0.9606703834971348,-0.03704225965348172,-0.15263441207659956,-0.16817607749758343,0.06735821439464394,-0.0377282136292905,-0.7713878822011261,1.239076431623577,0.923887288147482,2.2482079458192117,0.3077547368516965,-0.006328822885049378,454,0.46460850385993313,0,119
CN7_L_000150,150,0.47545640056951544,0.6854680606359991,-0.5271002318901759,0.36104749346610326,-0.9024657082140384,-0.7111644212715653,1.532018306645547,0.0,-0.5683211791799189,0.049553186478838565,-1.2905901162753592,-1.4550013077009483,-0.32719493655459203,-1.7963106544923895,-1.6771614380709061,0.28041407490637155,-0.7653547258750445,0.5968931737350806,1.0142571512985166,1.239076431623577,-0.44224123470758003,-1.6797475480199011,1.1661623978132603,1.3871048330551345,117,0.46391498715976737,0,120
CN7_L_000109,109,1.2778881427639106,1.0884423010556434,-0.6252674145317192,0.36104749346610326,-0.9024657082140384,-0.7111644212715653,1.532018306645547,0.0,-1.152397931452831,0.8948528614473485,-0.13202164084538018,0.6352098982042783,0.623042399398512,-1.2685314782559842,-0.9148979250737528,1.8506507475512546,-1.0429539430941461,-0.0377282136292905,1.6519763994644017,0.9313640305525223,-1.352970421883273,-0.571864635419023,1.1661623978132603,1.3373391758428135,87,0.4638276301919457,0,121
CN7_L_000162,162,0.47545640056951544,0.28251303508572423,-0.47801664056940424,0.36104749346610326,-0.9024657082140384,-0.7111644212715653,1.4716080594590133,0.0,-0.37363140406856615,0.049553186478838565,-0.13202164084538018,-1.4550013077009483,-0.9606703834971348,-2.148165675675438,-2.0582859250858667,-0.392505381545769,0.3449574316137456,0.5968931737350806,-0.006116999743272883,-1.5305699654423388,-1.352970421883273,-0.672579866731903,1.1661623978132603,1.3871048330551345,128,0.4637742151742182,0,122
CN7_L_000146,146,1.6791231457990747,1.4913973266059182,-0.33076586660708923,0.8694520664635984,-0.9024657082140384,-0.7111644212715653,1.532018306645547,0.0,-0.9577081563414782,-0.7957303657393812,-1.2905901162753592,0.6352098982042783,1.5732314042730364,-1.0926073232026277,-0.9148979250737528,0.28041407490637155,-0.7653547258750445,-0.355038907311476,-0.13366863403524099,0.008132912368788797,-1.352970421883273,-0.571864635419023,1.309230796107309,1.3373391758428135,115,0.4634927340438272,0,123
CN7_L_000361,361,-0.728248608535977,-0.523416230884195,-0.03627368042026596,0.36104749346610326,0.978580361513066,1.2025024719774604,-0.642289796896626,0.0,0.21044534820434588,2.5854522113843683,-0.13202164084538018,-0.40997544119473406,-0.9606703834971348,1.0185160928193289,0.9907535879355144,0.28041407490637155,-1.3205531603132479,1.548728425152805,2.5447599929202673,0.008132912368788797,0.013158100971789112,0.536018277181855,-0.5506515597085025,-0.6035138618300183,287,0.4634764865161494,0,124
CN7_L_000107,107,1.6791231457990747,1.8943715670255628,-0.5271002318901759,0.36104749346610326,-0.9024657082140384,-0.7111644212715653,1.4716080594590133,0.0,-1.152397931452831,0.049553186478838565,-0.13202164084538018,0.6352098982042783,1.256517846341055,-0.9166764570729355,-0.9148979250737528,-2.6356615106427927,-0.7653547258750445,-0.0377282136292905,0.8867055170065484,-0.29962644618755063,0.4685574366511583,-1.8811856947252605,1.1661623978132603,1.3871048330551345,85,0.4634590051313969,0,125
CN7_L_000182,182,1.2778881427639106,1.0884423010556434,-0.1344408630618093,0.36104749346610326,-0.9024657082140384,-0.7111644212715653,1.592428553832081,0.0,-0.7630183812301254,-0.7957303657393812,-0.13202164084538018,-0.40997544119473406,1.5732314042730364,-1.4444623443856761,-1.6771614380709061,0.7290726830027427,0.6225566488328472,1.2314177314706196,-1.0264522274911068,1.239076431623577,-1.352970421883273,-0.9747332447501422,1.2376965969602847,1.3871048330551345,143,0.46325812652504145,0,126
CN7_L_000089,89,1.6791231457990747,1.4913973266059182,-0.5761838232109475,0.36104749346610326,-0.9024657082140384,-0.7111644212715653,1.532018306645547,0.0,-1.152397931452831,-1.641030040707891,-0.13202164084538018,0.6352098982042783,0.9397559573304937,-1.0926073232026277,-0.9148979250737528,0.7290726830027427,-1.0429539430941461,1.2314177314706196,1.141769862296529,-0.29962644618755063,0.013158100971789112,-1.780462779332781,1.380763630852969,1.3373391758428135,70,0.46321086243550363,0,127
CN7_L_000053,53,0.8766531397287465,1.0884423010556434,-0.47801664056940424,0.36104749346610326,0.978580361513066,-0.7111644212715653,1.4716080594590133,0.0,-0.9577081563414782,-0.7957303657393812,-1.2905901162753592,-0.40997544119473406,0.623042399398512,-1.2685314782559842,-0.9148979250737528,-0.6168346855939546,-1.0429539430941461,1.8660391188349905,0.7591538827145803,1.239076431623577,1.3792866238268513,-0.9747332447501422,1.2376965969602847,1.3871048330551345,42,0.4620664473084601,1,128
CN7_L_000098,98,1.6791231457990747,1.4913973266059182,-0.5761838232109475,0.36104749346610326,-0.9024657082140384,-0.7111644212715653,1.4716080594590133,0.0,-1.3470951335030374,-1.641030040707891,-0.13202164084538018,-0.40997544119473406,1.8899932932835977,-1.0926073232026277,-0.9148979250737528,-0.8411639896421402,0.06735821439464394,0.279582480052895,1.6519763994644017,-0.6073388472586053,1.3792866238268513,-1.075448476063022,1.1661623978132603,1.3373391758428135,78,0.4618992669862675,0,129
CN7_L_000460,460,-1.129445347695208,-0.9263904713038393,0.061893502221277374,-0.6557616525288871,-0.9024657082140384,-0.7111644212715653,-0.7026539645658552,0.0,0.5998323253659051,1.7401525364158585,-0.13202164084538018,-1.4550013077009483,-2.2276696084608,0.49073691658292357,0.6096145619533219,0.9534019870509284,0.6225566488328472,0.5968931737350806,1.6519763994644017,0.008132912368788797,0.013158100971789112,1.8453393364880926,-0.049914894482060906,-0.2551561597456935,369,0.4616753889669608,0,130
CN7_L_000052,52,0.8766531397287465,1.0884423010556434,-0.5761838232109475,0.36104749346610326,0.978580361513066,-0.7111644212715653,1.532018306645547,0.0,-0.9577081563414782,-2.486329715676401,-0.13202164084538018,-0.40997544119473406,0.3062805103879508,-0.740752302019579,-0.5337734380587921,0.9534019870509284,-0.21015629143684125,0.279582480052895,1.2693214965884974,-0.9150982058149447,0.4685574366511583,-0.16899602608790382,1.2376965969602847,1.3871048330551345,41,0.4611460773618406,1,131
CN7_L_000133,133,0.8766531397287465,0.6854680606359991,-0.3798494579278609,0.36104749346610326,-0.9024657082140384,-0.7111644212715653,1.4716080594590133,0.0,-0.5683211791799189,-0.7957303657393812,-0.13202164084538018,0.6352098982042783,0.3062805103879508,-1.620386499439033,-1.2960369510559453,1.177731291099114,-0.48775550865594286,-0.6723496009936615,-1.5366198413650238,3.393298026547383,-0.8975710862039038,-1.176163707375902,1.1661623978132603,1.2875735186304924,105,0.4609556056420086,0,132
CN7_L_000252,252,-0.3270136055008128,-0.12046120533392016,-0.08535727174103763,0.36104749346610326,0.978580361513066,1.2025024719774604,-0.5818795497100921,0.0,0.21044534820434588,0.049553186478838565,-1.2905901162753592,0.6352098982042783,0.3062805103879508,0.8425919377659722,0.9907535879355144,2.0749800515994403,0.6225566488328472,1.8660391188349905,-0.26118134503325363,0.008132912368788797,-0.8975710862039038,-0.37043417279326324,-1.4090592206700663,-1.25046550718827,200,0.4601748808512763,0,133
CN7_L_000004,4,1.2778881427639106,1.0884423010556434,-0.47801664056940424,1.3778566394610936,0.978580361513066,-0.7111644212715653,1.532018306645547,0.0,-0.9577081563414782,-1.641030040707891,-1.2905901162753592,0.6352098982042783,0.9397559573304937,-0.9166764570729355,-0.5337734380587921,-0.8411639896421402,0.3449574316137456,-0.0377282136292905,1.141769862296529,0.008132912368788797,0.013158100971789112,-1.075448476063022,1.1661623978132603,1.3373391758428135,3,0.4594975260461307,0,134
CN7_L_000168,168,1.6791231457990747,1.8943715670255628,-0.6252674145317192,0.36104749346610326,-0.9024657082140384,-0.7111644212715653,1.4716080594590133,0.0,-1.3470951335030374,-0.7957303657393812,-0.13202164084538018,-0.40997544119473406,2.206755182294159,-1.0926073232026277,-0.9148979250737528,-0.392505381545769,-1.3205531603132479,-0.6723496009936615,0.3765379031326314,0.3158922709251282,0.923887288147482,-1.176163707375902,1.0946281986662358,1.3871048330551345,134,0.45942103001988266,0,135
CN7_L_000396,396,-0.3270136055008128,-0.12046120533392016,0.20913491444578564,-0.6557616525288871,-0.9024657082140384,1.2025024719774604,-0.5818795497100921,0.0,0.21044534820434588,0.049553186478838565,-0.13202164084538018,1.6802357647104924,0.3062805103879508,0.13888189539987494,-0.15263441207659956,-0.6168346855939546,-1.0429539430941461,-1.6241848524113862,-1.154003861783075,1.239076431623577,0.923887288147482,-1.075448476063022,-0.40758452581581833,-0.5039834966063376,317,0.4591362632863647,0,136
CN7_L_000108,108,1.2778881427639106,1.4913973266059182,-0.6743510058524909,1.3778566394610936,-0.9024657082140384,-0.7111644212715653,1.532018306645547,0.0,-0.9577081563414782,0.8948528614473485,-0.13202164084538018,0.6352098982042783,0.3062805103879508,-0.9166764570729355,-0.9148979250737528,0.5047433789545571,0.3449574316137456,0.279582480052895,2.1621440133383185,0.3158922709251282,-0.44224123470758003,-0.9747332447501422,1.1661623978132603,1.3373391758428135,86,0.4589938781184363,0,137
CN7_L_000517,517,-1.129445347695208,-1.329345496854114,0.20913491444578564,-0.6557616525288871,-0.9024657082140384,1.2025024719774604,-0.642289796896626,0.0,0.7945295274161116,-0.7957303657393812,1.026546834584599,-1.4550013077009483,-1.5941941615182573,0.49073691658292357,0.22849007493836115,-0.392505381545769,-1.3205531603132479,-0.355038907311476,0.7591538827145803,0.008132912368788797,0.4685574366511583,2.2482079458192117,0.16468770295901236,-0.1058591881087301,410,0.45894982246049915,0,138
CN7_L_000511,511,-0.728248608535977,-0.523416230884195,0.307302097087329,-0.6557616525288871,-0.9024657082140384,1.2025024719774604,-0.7026539645658552,0.0,0.40514255025455237,0.8948528614473485,1.026546834584599,0.6352098982042783,-0.6439568255651532,0.6666610716362802,0.6096145619533219,0.7290726830027427,2.565666457978942,1.8660391188349905,-1.0264522274911068,-0.9150982058149447,-2.263699609058966,0.536018277181855,0.16468770295901236,-0.1058591881087301,405,0.4588256116145268,0,139
CN7_L_000544,544,-0.3270136055008128,-0.12046120533392016,0.2582185057665573,0.36104749346610326,-0.9024657082140384,-0.7111644212715653,-0.5818795497100921,0.0,0.01575557309299311,0.049553186478838565,-0.13202164084538018,-0.40997544119473406,0.3062805103879508,1.1944402478726854,1.371878074950475,0.0561532265506022,-1.8756668833638346,-1.6241848524113862,1.2693214965884974,-1.2228106068859994,0.013158100971789112,2.2482079458192117,0.3077547368516965,-0.006328822885049378,432,0.4587822720146511,0,140
CN7_L_000167,167,1.6791231457990747,1.4913973266059182,-0.5271002318901759,0.36104749346610326,-0.9024657082140384,-0.7111644212715653,1.592428553832081,0.0,-1.3470951335030374,0.049553186478838565,-1.2905901162753592,0.6352098982042783,1.8899932932835977,-0.9166764570729355,-0.5337734380587921,-0.16817607749758343,-0.48775550865594286,-0.355038907311476,0.24898626884066333,-0.9150982058149447,-0.8975710862039038,-1.075448476063022,1.1661623978132603,1.3871048330551345,133,0.45854763294818385,0,141
CN7_L_000097,97,1.6791231457990747,1.4913973266059182,-0.5271002318901759,1.3778566394610936,-0.9024657082140384,-0.7111644212715653,1.532018306645547,0.0,-1.3470951335030374,-0.7957303657393812,-0.13202164084538018,0.6352098982042783,1.8899932932835977,-0.740752302019579,-0.9148979250737528,-0.6168346855939546,-1.598067666144733,0.279582480052895,1.0142571512985166,-0.29962644618755063,0.4685574366511583,-1.3776018540812613,1.1661623978132603,1.3373391758428135,77,0.45797654958360673,0,142
CN7_L_000216,216,-0.3270136055008128,-0.523416230884195,-0.23260804570335264,0.36104749346610326,0.978580361513066,1.2025024719774604,-0.642289796896626,0.0,0.01575557309299311,0.049553186478838565,-1.2905901162753592,0.6352098982042783,-0.32719493655459203,1.0185160928193289,1.371878074950475,-0.392505381545769,0.06735821439464394,-0.9895634650470151,1.3968731308804654,-0.29962644618755063,-0.8975710862039038,-0.47114940410614314,-1.9097958858965078,-1.648588866484916,171,0.4579264596760246,0,143
CN7_L_000383,383,-0.728248608535977,-0.523416230884195,0.2582185057665573,0.36104749346610326,0.978580361513066,1.2025024719774604,-0.642289796896626,0.0,0.5998323253659051,-0.7957303657393812,1.026546834584599,0.6352098982042783,-1.277432272507696,0.8425919377659722,0.22849007493836115,-1.7384127501424664,-0.21015629143684125,-1.9414955460935717,0.6316022484226123,-0.9150982058149447,-0.8975710862039038,0.2338725832432154,-0.40758452581581833,-0.4542178393940165,307,0.45786400780420544,0,144
CN7_L_000261,261,0.07422139753435131,-0.12046120533392016,-0.03627368042026596,0.36104749346610326,0.978580361513066,1.2025024719774604,-0.642289796896626,0.0,0.01575557309299311,1.7401525364158585,-0.13202164084538018,0.6352098982042783,-0.01048137862261042,0.6666610716362802,0.6096145619533219,0.28041407490637155,-1.598067666144733,1.8660391188349905,-1.5366198413650238,0.6236046719961829,-1.352970421883273,-0.9747332447501422,-1.3375250215230419,-1.200699849975949,207,0.4578464494790168,0,145
CN7_L_000024,24,1.2778881427639106,1.4913973266059182,-0.6252674145317192,0.36104749346610326,0.978580361513066,-0.7111644212715653,1.4716080594590133,0.0,-1.152397931452831,-1.641030040707891,-0.13202164084538018,0.6352098982042783,0.623042399398512,-0.5648281469662223,-0.15263441207659956,-0.16817607749758343,-0.21015629143684125,0.279582480052895,1.2693214965884974,0.6236046719961829,0.923887288147482,-0.2697112574007837,1.1661623978132603,1.2875735186304924,19,0.45784418617823686,1,146
CN7_L_000314,314,-1.5306803507303721,-1.329345496854114,0.012809910900505709,-1.1641662255263823,0.978580361513066,1.2025024719774604,-0.7026539645658552,0.0,0.7945295274161116,0.049553186478838565,-0.13202164084538018,-1.4550013077009483,-1.5941941615182573,-0.03704225965348172,-0.15263441207659956,-0.8411639896421402,-1.0429539430941461,-0.6723496009936615,0.6316022484226123,0.008132912368788797,0.4685574366511583,-0.06828079477502394,-0.8367869918952355,-0.8523411986906625,249,0.4577812526138348,0,147
CN7_L_000456,456,0.47545640056951544,0.28251303508572423,0.20913491444578564,-1.1641662255263823,-0.9024657082140384,-0.7111644212715653,-0.5214693025235582,0.0,-0.17893420201835966,0.049553186478838565,1.026546834584599,0.6352098982042783,0.9397559573304937,0.8425919377659722,0.6096145619533219,0.5047433789545571,-0.48775550865594286,1.548728425152805,-0.7713878822011261,3.393298026547383,0.4685574366511583,0.03243443653785595,-0.049914894482060906,-0.2551561597456935,365,0.45773222023791144,0,148
CN7_L_000124,124,0.8766531397287465,1.0884423010556434,-0.33076586660708923,0.36104749346610326,-0.9024657082140384,-0.7111644212715653,1.411243891789784,0.0,-0.5683211791799189,0.8948528614473485,-0.13202164084538018,0.6352098982042783,-0.6439568255651532,-1.7963106544923895,-1.6771614380709061,0.0561532265506022,0.6225566488328472,0.5968931737350806,-0.7713878822011261,0.9313640305525223,-1.352970421883273,-1.3776018540812613,1.1661623978132603,1.2875735186304924,96,0.4572002555987233,0,149
CN7_L_000335,335,-0.728248608535977,-0.9263904713038393,0.061893502221277374,-1.1641662255263823,0.978580361513066,1.2025024719774604,-0.642289796896626,0.0,0.5998323253659051,0.049553186478838565,-0.13202164084538018,0.6352098982042783,-1.9109077194502389,0.31480605045323157,0.22849007493836115,-0.8411639896421402,-0.21015629143684125,-2.2588062397757573,-0.5162846136171899,0.008132912368788797,-1.8083002733795968,-0.06828079477502394,-0.8367869918952355,-0.8025764906793029,267,0.456715891848579,0,150
CN7_L_000213,213,-0.728248608535977,-0.9263904713038393,-0.08535727174103763,-1.1641662255263823,0.978580361513066,1.2025024719774604,-0.5818795497100921,0.0,0.40514255025455237,0.049553186478838565,-0.13202164084538018,0.6352098982042783,-0.01048137862261042,0.49073691658292357,0.22849007493836115,-0.16817607749758343,1.4552695891025356,-0.0377282136292905,-0.3887329793252218,-1.2228106068859994,0.923887288147482,-0.06828079477502394,-1.9097958858965078,-1.648588866484916,170,0.4565625535262625,0,151
CN7_L_000189,189,-0.728248608535977,-0.523416230884195,-0.1344408630618093,0.36104749346610326,0.978580361513066,1.2025024719774604,-0.642289796896626,0.0,0.21044534820434588,0.8948528614473485,-0.13202164084538018,0.6352098982042783,-1.277432272507696,0.6666610716362802,0.6096145619533219,-2.411332206594607,0.3449574316137456,-1.3068741587292005,0.6316022484226123,-0.29962644618755063,-0.8975710862039038,-0.47114940410614314,-1.9097958858965078,-1.598823209272595,149,0.4565213943144968,0,152
CN7_L_000198,198,0.47545640056951544,0.6854680606359991,-0.23260804570335264,0.36104749346610326,0.978580361513066,1.2025024719774604,-0.7026539645658552,0.0,-0.17893420201835966,-0.7957303657393812,-0.13202164084538018,1.6802357647104924,0.623042399398512,1.3703711140023773,1.371878074950475,-0.6168346855939546,0.6225566488328472,-0.0377282136292905,1.141769862296529,0.3158922709251282,-0.8975710862039038,-0.571864635419023,-1.9097958858965078,-1.598823209272595,158,0.45639532742564376,0,153
CN7_L_000246,246,-0.728248608535977,-0.9263904713038393,-0.2816916370241243,0.36104749346610326,0.978580361513066,1.2025024719774604,-0.7026539645658552,0.0,0.40514255025455237,0.049553186478838565,-0.13202164084538018,0.6352098982042783,-1.5941941615182573,0.31480605045323157,0.22849007493836115,-0.8411639896421402,-0.7653547258750445,-0.355038907311476,0.8867055170065484,0.6236046719961829,-1.352970421883273,-0.9747332447501422,-1.5521262545627506,-1.3499958724119507,194,0.4563392548361984,0,154
CN7_L_000027,27,0.8766531397287465,0.6854680606359991,-0.42893304924863257,0.36104749346610326,0.978580361513066,-0.7111644212715653,1.532018306645547,0.0,-0.7630183812301254,0.049553186478838565,-1.2905901162753592,-0.40997544119473406,0.9397559573304937,-1.620386499439033,-1.6771614380709061,-0.8411639896421402,0.3449574316137456,-0.0377282136292905,-0.7713878822011261,0.3158922709251282,0.4685574366511583,-1.176163707375902,1.0230939995192114,1.2378078614181713,22,0.4563308661610966,0,155
CN7_L_000143,143,0.8766531397287465,1.0884423010556434,-0.2816916370241243,0.36104749346610326,-0.9024657082140384,-0.7111644212715653,1.4716080594590133,0.0,-0.7630183812301254,0.049553186478838565,-0.13202164084538018,-0.40997544119473406,0.623042399398512,-2.148165675675438,-2.0582859250858667,-1.9627420541906522,-0.7653547258750445,-0.0377282136292905,-1.0264522274911068,-0.29962644618755063,0.013158100971789112,-0.8740180134372624,1.1661623978132603,1.3373391758428135,113,0.4559809452574738,0,156
CN7_L_000151,151,0.8766531397287465,0.6854680606359991,-0.47801664056940424,0.36104749346610326,-0.9024657082140384,-0.7111644212715653,1.411243891789784,0.0,-0.7630183812301254,-1.641030040707891,-0.13202164084538018,-1.4550013077009483,-0.6439568255651532,-1.620386499439033,-1.2960369510559453,0.7290726830027427,-1.3205531603132479,-0.355038907311476,0.24898626884066333,0.6236046719961829,-0.8975710862039038,-1.780462779332781,1.2376965969602847,1.3871048330551345,118,0.4559566302437066,0,157
CN7_L_000293,293,-0.728248608535977,-0.9263904713038393,-0.03627368042026596,0.36104749346610326,0.978580361513066,1.2025024719774604,-0.7026539645658552,0.0,0.40514255025455237,-1.641030040707891,-0.13202164084538018,-0.40997544119473406,-0.9606703834971348,0.6666610716362802,0.9907535879355144,0.0561532265506022,-0.48775550865594286,2.50056367657053,1.0142571512985166,0.6236046719961829,1.3792866238268513,-0.37043417279326324,-0.9798553901892844,-0.9518725131153047,231,0.4558466161664879,0,158
CN7_L_000235,235,0.47545640056951544,0.28251303508572423,-0.08535727174103763,0.36104749346610326,0.978580361513066,1.2025024719774604,-0.642289796896626,0.0,-0.37363140406856615,-0.7957303657393812,-0.13202164084538018,0.6352098982042783,0.9397559573304937,1.0185160928193289,1.371878074950475,-0.392505381545769,-1.598067666144733,1.2314177314706196,0.7591538827145803,1.239076431623577,0.013158100971789112,-0.47114940410614314,-1.7667288520038238,-1.4495271868365929,185,0.45565848826965405,0,159
CN7_L_000317,317,-0.728248608535977,-0.9263904713038393,0.012809910900505709,-1.1641662255263823,0.978580361513066,1.2025024719774604,-0.5214693025235582,0.0,0.40514255025455237,-1.641030040707891,-0.13202164084538018,-0.40997544119473406,-0.32719493655459203,0.49073691658292357,0.22849007493836115,0.0561532265506022,0.06735821439464394,1.548728425152805,-0.8989005931991387,-0.9150982058149447,-1.8083002733795968,0.2338725832432154,-0.90832119104226,-0.8523411986906625,252,0.45552910614000447,0,160
CN7_L_000206,206,0.47545640056951544,0.28251303508572423,-0.18352445438258097,0.36104749346610326,0.978580361513066,1.2025024719774604,-0.7026539645658552,0.0,-0.37363140406856615,0.8948528614473485,-0.13202164084538018,0.6352098982042783,0.3062805103879508,1.1944402478726854,1.371878074950475,-1.7384127501424664,0.06735821439464394,0.279582480052895,0.6316022484226123,0.008132912368788797,-0.8975710862039038,-0.47114940410614314,-1.9097958858965078,-1.598823209272595,163,0.4552692410006716,0,161
CN7_L_000239,239,-0.3270136055008128,-0.523416230884195,0.012809910900505709,-1.1641662255263823,0.978580361513066,1.2025024719774604,-0.5818795497100921,0.0,0.21044534820434588,-0.7957303657393812,-0.13202164084538018,0.6352098982042783,0.3062805103879508,0.6666610716362802,0.6096145619533219,1.177731291099114,0.6225566488328472,1.8660391188349905,-0.5162846136171899,-0.29962644618755063,-2.263699609058966,-0.06828079477502394,-1.6951946528567994,-1.3997615296242718,189,0.45521609450854433,0,162
CN7_L_000093,93,1.2778881427639106,1.0884423010556434,-0.47801664056940424,0.36104749346610326,-0.9024657082140384,-0.7111644212715653,1.532018306645547,0.0,-0.9577081563414782,-2.486329715676401,-0.13202164084538018,0.6352098982042783,0.623042399398512,-1.7963106544923895,-1.6771614380709061,0.9534019870509284,-1.0429539430941461,-0.355038907311476,-1.6641714756569919,0.008132912368788797,0.013158100971789112,-1.3776018540812613,1.1661623978132603,1.3373391758428135,74,0.45490535593726555,0,163
CN7_L_000125,125,1.2778881427639106,1.4913973266059182,-0.18352445438258097,0.36104749346610326,-0.9024657082140384,-0.7111644212715653,1.532018306645547,0.0,-0.9577081563414782,-0.7957303657393812,-0.13202164084538018,0.6352098982042783,1.256517846341055,-1.2685314782559842,-1.2960369510559453,1.626321443503069,0.3449574316137456,1.2314177314706196,-1.5366198413650238,-0.29962644618755063,0.923887288147482,-0.8740180134372624,1.1661623978132603,1.2875735186304924,97,0.4547780093693287,0,164
CN7_L_000547,547,-1.129445347695208,-1.329345496854114,0.307302097087329,-1.1641662255263823,-0.9024657082140384,1.2025024719774604,-0.7026539645658552,0.0,0.7945295274161116,0.049553186478838565,1.026546834584599,-1.4550013077009483,-1.277432272507696,-0.21297312578317368,-0.5337734380587921,-0.6168346855939546,0.9001558660519489,-0.355038907311476,0.3765379031326314,-0.29962644618755063,-0.44224123470758003,1.4424707271569734,0.3077547368516965,0.04343683432727175,435,0.4544393042671151,0,165
CN7_L_000030,30,1.6791231457990747,1.4913973266059182,-0.42893304924863257,0.36104749346610326,0.978580361513066,-0.7111644212715653,1.4716080594590133,0.0,-0.9577081563414782,0.8948528614473485,-0.13202164084538018,0.6352098982042783,0.3062805103879508,-1.0926073232026277,-0.9148979250737528,2.2993093556476256,-0.21015629143684125,-0.0377282136292905,-0.3887329793252218,0.6236046719961829,-0.44224123470758003,-0.7732950980447828,1.2376965969602847,1.3871048330551345,24,0.4542916304231797,0,166
CN7_L_000003,3,1.2778881427639106,1.0884423010556434,-0.5761838232109475,1.8862612124585887,0.978580361513066,-0.7111644212715653,1.4716080594590133,0.0,-0.7630183812301254,0.8948528614473485,-0.13202164084538018,-0.40997544119473406,-0.01048137862261042,-0.38889728083653036,-0.15263441207659956,0.28041407490637155,0.06735821439464394,0.5968931737350806,1.2693214965884974,0.008132912368788797,0.013158100971789112,-0.571864635419023,1.1661623978132603,1.3373391758428135,2,0.45421586611022174,0,167
CN7_L_000011,11,1.6791231457990747,1.8943715670255628,-0.5761838232109475,0.36104749346610326,0.978580361513066,-0.7111644212715653,1.4716080594590133,0.0,-1.152397931452831,0.049553186478838565,-0.13202164084538018,0.6352098982042783,0.623042399398512,-0.740752302019579,-0.5337734380587921,0.28041407490637155,0.3449574316137456,0.279582480052895,0.3765379031326314,-1.2228106068859994,-0.8975710862039038,-1.9819009260381404,1.0946281986662358,1.3373391758428135,10,0.45420784154467314,0,168
CN7_L_000154,154,0.8766531397287465,1.0884423010556434,-0.3798494579278609,0.36104749346610326,-0.9024657082140384,-0.7111644212715653,1.532018306645547,0.0,-0.5683211791799189,-0.7957303657393812,-0.13202164084538018,0.6352098982042783,0.623042399398512,-1.7963106544923895,-1.6771614380709061,0.0561532265506022,0.6225566488328472,0.914107037788434,-1.154003861783075,-4.6079757210645935,-0.44224123470758003,-1.176163707375902,1.1661623978132603,1.3373391758428135,120,0.4541756607330363,0,169
CN7_L_000424,424,-0.3270136055008128,-0.523416230884195,0.2582185057665573,-1.1641662255263823,-0.9024657082140384,1.2025024719774604,-0.7026539645658552,0.0,0.01575557309299311,0.8948528614473485,-0.13202164084538018,0.6352098982042783,0.623042399398512,-0.03704225965348172,-0.15263441207659956,0.5047433789545571,0.3449574316137456,1.8660391188349905,-1.154003861783075,-2.146041725069733,-1.352970421883273,0.03243443653785595,-0.12144772922772068,-0.35468652496937425,339,0.4538559746413246,0,170
CN7_L_000282,282,0.07422139753435131,-0.12046120533392016,-0.23260804570335264,-0.6557616525288871,0.978580361513066,1.2025024719774604,-0.5818795497100921,0.0,0.01575557309299311,-0.7957303657393812,-0.13202164084538018,0.6352098982042783,-0.6439568255651532,1.1944402478726854,0.9907535879355144,-1.7384127501424664,0.3449574316137456,-1.3068741587292005,1.0142571512985166,-0.9150982058149447,-0.8975710862039038,-0.47114940410614314,-1.2659908223760175,-1.1011685355513066,224,0.453559202464004,0,171
CN7_L_000510,510,-0.728248608535977,-0.9263904713038393,0.4054692797288723,-1.1641662255263823,-0.9024657082140384,-0.7111644212715653,-0.7026539645658552,0.0,0.40514255025455237,-0.7957303657393812,-0.13202164084538018,-0.40997544119473406,-0.32719493655459203,-0.21297312578317368,-0.5337734380587921,-0.16817607749758343,-2.153266100582936,-0.0377282136292905,-1.6641714756569919,2.1623075498073105,-0.44224123470758003,1.140317349138734,0.16468770295901236,-0.1058591881087301,404,0.4532303760165139,0,172
CN7_L_000225,225,0.47545640056951544,0.6854680606359991,-0.08535727174103763,0.36104749346610326,0.978580361513066,1.2025024719774604,-0.7026539645658552,0.0,-0.37363140406856615,-0.7957303657393812,-0.13202164084538018,0.6352098982042783,0.623042399398512,1.3703711140023773,1.371878074950475,0.5047433789545571,2.2880672407598404,-0.0377282136292905,0.24898626884066333,0.008132912368788797,0.4685574366511583,-0.47114940410614314,-1.9097958858965078,-1.5490585012612352,179,0.4529839153667076,0,173
CN7_L_000192,192,-0.3270136055008128,-0.523416230884195,-0.03627368042026596,-1.1641662255263823,0.978580361513066,1.2025024719774604,-0.7026539645658552,0.0,0.21044534820434588,-0.7957303657393812,-0.13202164084538018,0.6352098982042783,-0.01048137862261042,0.49073691658292357,0.6096145619533219,-1.514083446094281,1.1777550832710504,-2.2588062397757573,-1.0264522274911068,-0.29962644618755063,0.013158100971789112,0.43530304586897517,-1.9097958858965078,-1.598823209272595,152,0.4529766544449218,0,174
CN7_L_000065,65,1.2778881427639106,1.0884423010556434,-0.47801664056940424,0.36104749346610326,0.978580361513066,-0.7111644212715653,1.4716080594590133,0.0,-0.9577081563414782,1.7401525364158585,-0.13202164084538018,-0.40997544119473406,0.3062805103879508,-1.4444623443856761,-1.2960369510559453,-0.16817607749758343,-0.21015629143684125,-1.6241848524113862,-0.7713878822011261,-0.29962644618755063,0.4685574366511583,-1.075448476063022,1.2376965969602847,1.3871048330551345,52,0.45283988554490373,0,175
CN7_L_000260,260,-0.3270136055008128,-0.523416230884195,0.012809910900505709,0.36104749346610326,0.978580361513066,1.2025024719774604,-0.7026539645658552,0.0,0.40514255025455237,0.049553186478838565,1.026546834584599,0.6352098982042783,-0.6439568255651532,0.31480605045323157,-0.15263441207659956,1.4019921394548833,0.06735821439464394,-0.355038907311476,-0.6438362479091579,-2.146041725069733,0.923887288147482,-0.37043417279326324,-1.4090592206700663,-1.25046550718827,206,0.4522883689146813,0,176
CN7_L_000232,232,0.47545640056951544,0.6854680606359991,-0.08535727174103763,0.36104749346610326,0.978580361513066,1.2025024719774604,-0.642289796896626,0.0,-0.17893420201835966,0.8948528614473485,-0.13202164084538018,1.6802357647104924,0.3062805103879508,0.8425919377659722,0.9907535879355144,0.0561532265506022,-1.598067666144733,-0.9895634650470151,-0.7713878822011261,-0.6073388472586053,0.013158100971789112,-0.37043417279326324,-1.7667288520038238,-1.4992928440489142,182,0.4515010115220318,0,177
CN7_L_000590,590,-0.728248608535977,-0.523416230884195,0.5527106919533805,-1.1641662255263823,-0.9024657082140384,-0.7111644212715653,-0.7026539645658552,0.0,0.40514255025455237,0.049553186478838565,-0.13202164084538018,-0.40997544119473406,0.9397559573304937,0.13888189539987494,-0.15263441207659956,1.626321443503069,1.7328688063216373,0.5968931737350806,-1.6641714756569919,-1.2228106068859994,1.3792866238268513,1.4424707271569734,0.16468770295901236,-0.1058591881087301,471,0.45146975001773776,0,178
CN7_L_000407,407,0.47545640056951544,0.6854680606359991,0.16005132312501397,0.36104749346610326,-0.9024657082140384,-0.7111644212715653,-0.642289796896626,0.0,-0.17893420201835966,1.7401525364158585,-0.13202164084538018,1.6802357647104924,0.9397559573304937,0.8425919377659722,0.6096145619533219,-0.16817607749758343,0.9001558660519489,-2.2588062397757573,-0.3887329793252218,-0.29962644618755063,0.4685574366511583,0.43530304586897517,-0.1929819283747451,-0.35468652496937425,324,0.4513299917507752,0,179
CN7_L_000372,372,-0.3270136055008128,-0.12046120533392016,0.012809910900505709,0.36104749346610326,0.978580361513066,1.2025024719774604,-0.642289796896626,0.0,0.40514255025455237,0.8948528614473485,-0.13202164084538018,-0.40997544119473406,-0.6439568255651532,1.1944402478726854,0.9907535879355144,1.177731291099114,0.9001558660519489,1.8660391188349905,1.7794891104624142,0.008132912368788797,-0.44224123470758003,-0.672579866731903,-0.47911736056147813,-0.5039834966063376,298,0.4513075552563731,0,180
CN7_L_000491,491,-1.129445347695208,-1.329345496854114,0.307302097087329,-0.6557616525288871,-0.9024657082140384,-0.7111644212715653,-0.7630642117523891,0.0,0.7945295274161116,0.8948528614473485,1.026546834584599,-1.4550013077009483,-0.9606703834971348,-0.38889728083653036,-0.9148979250737528,0.0561532265506022,-0.48775550865594286,-0.0377282136292905,-0.3887329793252218,-1.5305699654423388,0.923887288147482,1.140317349138734,0.16468770295901236,-0.1058591881087301,389,0.45130591047715785,0,181
CN7_L_000083,83,0.8766531397287465,0.6854680606359991,-0.47801664056940424,0.36104749346610326,-0.9024657082140384,-0.7111644212715653,1.4716080594590133,0.0,-0.5683211791799189,-0.7957303657393812,-0.13202164084538018,-0.40997544119473406,-0.6439568255651532,-1.9722415206220814,-2.0582859250858667,-1.514083446094281,0.9001558660519489,-0.6723496009936615,-0.3887329793252218,-1.2228106068859994,-1.352970421883273,-0.9747332447501422,1.1661623978132603,1.3373391758428135,65,0.45101647669151873,0,182
CN7_L_000340,340,0.07422139753435131,-0.12046120533392016,-0.08535727174103763,0.36104749346610326,0.978580361513066,1.2025024719774604,-0.642289796896626,0.0,0.01575557309299311,1.7401525364158585,1.026546834584599,0.6352098982042783,-0.6439568255651532,1.0185160928193289,0.6096145619533219,-0.8411639896421402,1.4552695891025356,0.914107037788434,1.2693214965884974,0.9313640305525223,-1.8083002733795968,0.03243443653785595,-0.7652541571495758,-0.7528108334669817,272,0.4510130973695793,0,183
CN7_L_000579,579,-1.129445347695208,-0.9263904713038393,0.454552871049644,-0.6557616525288871,-0.9024657082140384,1.2025024719774604,-0.7026539645658552,0.0,0.5998323253659051,0.049553186478838565,-0.13202164084538018,-0.40997544119473406,-0.9606703834971348,-0.38889728083653036,-0.5337734380587921,-1.2897541420460952,0.06735821439464394,-0.9895634650470151,-0.8989005931991387,0.9313640305525223,0.013158100971789112,2.1474850304267323,0.16468770295901236,-0.1058591881087301,462,0.45098847945382664,0,184
CN7_L_000043,43,0.8766531397287465,1.0884423010556434,-0.5761838232109475,0.36104749346610326,0.978580361513066,-0.7111644212715653,1.532018306645547,0.0,-0.7630183812301254,0.049553186478838565,-1.2905901162753592,0.6352098982042783,0.623042399398512,-0.740752302019579,-0.5337734380587921,-0.6168346855939546,0.06735821439464394,-0.0377282136292905,0.8867055170065484,-0.29962644618755063,-0.8975710862039038,-0.9747332447501422,1.309230796107309,1.4368695410664942,34,0.45089309598069355,0,185
CN7_L_000292,292,-0.3270136055008128,-0.12046120533392016,-0.18352445438258097,0.36104749346610326,0.978580361513066,1.2025024719774604,-0.7026539645658552,0.0,0.01575557309299311,1.7401525364158585,-0.13202164084538018,0.6352098982042783,-0.6439568255651532,1.1944402478726854,1.371878074950475,2.2993093556476256,0.6225566488328472,0.5968931737350806,1.7794891104624142,0.008132912368788797,0.923887288147482,-0.47114940410614314,-1.1229237884833332,-1.0016381703276258,230,0.4506500896767366,0,186
CN7_L_000492,492,-0.728248608535977,-0.523416230884195,0.35638568840810064,-1.1641662255263823,-0.9024657082140384,-0.7111644212715653,-0.7026539645658552,0.0,0.40514255025455237,0.8948528614473485,-0.13202164084538018,0.6352098982042783,-0.9606703834971348,-0.21297312578317368,-0.15263441207659956,-0.8411639896421402,1.4552695891025356,-0.6723496009936615,-1.5366198413650238,3.393298026547383,-0.8975710862039038,1.039602117825854,0.16468770295901236,-0.1058591881087301,390,0.4506083321796493,0,187
CN7_L_000366,366,-1.129445347695208,-0.9263904713038393,0.16005132312501397,-0.6557616525288871,0.978580361513066,1.2025024719774604,-0.7026539645658552,0.0,0.7945295274161116,0.049553186478838565,-0.13202164084538018,-0.40997544119473406,-1.5941941615182573,-0.21297312578317368,-0.5337734380587921,-0.392505381545769,1.1777550832710504,-0.355038907311476,-0.8989005931991387,-0.9150982058149447,0.923887288147482,-0.7732950980447828,-0.47911736056147813,-0.5537491538186587,292,0.45047153382374566,0,188
CN7_L_000519,519,-0.728248608535977,-0.9263904713038393,0.4054692797288723,-1.1641662255263823,-0.9024657082140384,-0.7111644212715653,-0.5818795497100921,0.0,0.5998323253659051,1.7401525364158585,1.026546834584599,-0.40997544119473406,-0.6439568255651532,0.13888189539987494,-0.15263441207659956,0.5047433789545571,-1.3205531603132479,0.5968931737350806,-1.281555496075043,1.8545951487362557,0.923887288147482,-0.2697112574007837,0.23622190210603677,-0.05609448009737051,411,0.4503264794723363,0,189
CN7_L_000090,90,0.8766531397287465,1.0884423010556434,-0.6252674145317192,0.36104749346610326,-0.9024657082140384,-0.7111644212715653,1.4716080594590133,0.0,-0.9577081563414782,-0.7957303657393812,-1.2905901162753592,-0.40997544119473406,0.623042399398512,-1.4444623443856761,-0.9148979250737528,0.0561532265506022,0.9001558660519489,-0.6723496009936615,0.8867055170065484,0.008132912368788797,-1.352970421883273,-1.075448476063022,1.1661623978132603,1.3871048330551345,71,0.4503110688717898,0,190
CN7_L_000106,106,1.6791231457990747,1.8943715670255628,-0.42893304924863257,0.36104749346610326,-0.9024657082140384,-0.7111644212715653,1.4716080594590133,0.0,-1.3470951335030374,0.049553186478838565,-1.2905901162753592,0.6352098982042783,1.5732314042730364,-1.2685314782559842,-0.9148979250737528,0.0561532265506022,0.6225566488328472,-0.0377282136292905,-0.13366863403524099,-0.9150982058149447,0.923887288147482,-0.9747332447501422,1.1661623978132603,1.3871048330551345,84,0.450287322507762,0,191
CN7_L_000438,438,-0.728248608535977,-0.523416230884195,0.11097709354204904,0.36104749346610326,-0.9024657082140384,-0.7111644212715653,-0.642289796896626,0.0,0.5998323253659051,0.049553186478838565,-0.13202164084538018,-0.40997544119473406,-0.6439568255651532,1.0185160928193289,1.371878074950475,-0.16817607749758343,0.6225566488328472,2.183349812517176,1.6519763994644017,0.9313640305525223,-1.352970421883273,0.536018277181855,-0.12144772922772068,-0.3049218169580146,350,0.45028402295566106,0,192
CN7_L_000389,389,0.07422139753435131,0.28251303508572423,0.061893502221277374,0.36104749346610326,-0.9024657082140384,-0.7111644212715653,-0.642289796896626,0.0,0.21044534820434588,1.7401525364158585,-0.13202164084538018,1.6802357647104924,0.623042399398512,1.3703711140023773,1.371878074950475,-0.392505381545769,0.06735821439464394,1.548728425152805,-0.13366863403524099,-0.29962644618755063,-0.8975710862039038,0.2338725832432154,-0.3360503266687939,-0.4542178393940165,312,0.4501831913715749,0,193
CN7_L_000256,256,-0.728248608535977,-0.9263904713038393,-0.1344408630618093,-0.6557616525288871,0.978580361513066,1.2025024719774604,-0.642289796896626,0.0,0.5998323253659051,0.8948528614473485,-0.13202164084538018,0.6352098982042783,-1.9109077194502389,0.49073691658292357,0.22849007493836115,1.8506507475512546,0.9001558660519489,0.279582480052895,0.8867055170065484,0.3158922709251282,-0.8975710862039038,0.33458781455609526,-1.4090592206700663,-1.200699849975949,203,0.4501611673802984,0,194
CN7_L_000387,387,-0.3270136055008128,-0.523416230884195,0.11097709354204904,-1.1641662255263823,0.978580361513066,-0.7111644212715653,-0.7026539645658552,0.0,0.40514255025455237,-0.7957303657393812,-0.13202164084538018,-0.40997544119473406,0.3062805103879508,0.31480605045323157,-0.15263441207659956,-1.7384127501424664,0.3449574316137456,-0.355038907311476,-1.7917231099489601,1.5468357901799163,0.923887288147482,0.2338725832432154,-0.40758452581581833,-0.5537491538186587,310,0.45014560576374046,0,195
CN7_L_000575,575,-0.728248608535977,-0.9263904713038393,0.307302097087329,-0.6557616525288871,-0.9024657082140384,-0.7111644212715653,-0.642289796896626,0.0,0.40514255025455237,2.5854522113843683,-0.13202164084538018,-0.40997544119473406,0.3062805103879508,1.0185160928193289,0.9907535879355144,2.2993093556476256,0.9001558660519489,1.548728425152805,1.2693214965884974,0.9313640305525223,-0.44224123470758003,0.536018277181855,0.23622190210603677,-0.1058591881087301,459,0.4497282596421096,0,196
CN7_L_000177,177,0.8766531397287465,0.6854680606359991,-0.5761838232109475,0.36104749346610326,-0.9024657082140384,-0.7111644212715653,1.4716080594590133,0.0,-0.5683211791799189,0.8948528614473485,-0.13202164084538018,0.6352098982042783,-0.9606703834971348,-1.0926073232026277,-1.2960369510559453,-1.9627420541906522,0.06735821439464394,-0.0377282136292905,0.7591538827145803,-0.9150982058149447,-1.352970421883273,-0.8740180134372624,1.1661623978132603,1.3871048330551345,139,0.4495998036563811,0,197
CN7_L_000385,385,-0.3270136055008128,-0.523416230884195,0.16005132312501397,0.36104749346610326,0.978580361513066,1.2025024719774604,-0.5818795497100921,0.0,0.40514255025455237,0.049553186478838565,1.026546834584599,0.6352098982042783,-0.6439568255651532,0.49073691658292357,-0.15263441207659956,0.7290726830027427,-2.9859790408526248,0.5968931737350806,-0.6438362479091579,0.9313640305525223,0.013158100971789112,0.43530304586897517,-0.40758452581581833,-0.5039834966063376,309,0.4495923815267093,0,198
CN7_L_000062,62,0.8766531397287465,0.6854680606359991,-0.47801664056940424,0.36104749346610326,0.978580361513066,-0.7111644212715653,1.411243891789784,0.0,-0.5683211791799189,-1.641030040707891,-0.13202164084538018,-0.40997544119473406,-0.32719493655459203,-1.0926073232026277,-0.9148979250737528,1.626321443503069,-0.21015629143684125,0.279582480052895,1.0142571512985166,0.008132912368788797,0.013158100971789112,-1.8811856947252605,1.1661623978132603,1.3373391758428135,49,0.44947851983271175,0,199
CN7_L_000455,455,-0.3270136055008128,-0.12046120533392016,0.307302097087329,0.36104749346610326,-0.9024657082140384,-0.7111644212715653,-0.642289796896626,0.0,0.21044534820434588,1.7401525364158585,1.026546834584599,0.6352098982042783,0.3062805103879508,0.6666610716362802,0.6096145619533219,1.4019921394548833,1.4552695891025356,-0.9895634650470151,-1.5366198413650238,2.4700669083636497,-0.8975710862039038,0.8381716552000944,-0.049914894482060906,-0.2551561597456935,364,0.44888658097005324,0,200
CN7_L_000367,367,-0.728248608535977,-0.523416230884195,0.11097709354204904,-1.1641662255263823,0.978580361513066,1.2025024719774604,-0.642289796896626,0.0,0.40514255025455237,-0.7957303657393812,-0.13202164084538018,-0.40997544119473406,-0.32719493655459203,0.49073691658292357,0.22849007493836115,1.4019921394548833,-0.7653547258750445,1.548728425152805,-2.0468263785328964,1.8545951487362557,0.013158100971789112,0.03243443653785595,-0.47911736056147813,-0.5537491538186587,293,0.44861670696118944,0,201
CN7_L_000596,596,-0.728248608535977,-0.9263904713038393,0.4054692797288723,-0.6557616525288871,-0.9024657082140384,-0.7111644212715653,-0.7630642117523891,0.0,0.40514255025455237,-0.7957303657393812,1.026546834584599,-1.4550013077009483,-0.6439568255651532,0.31480605045323157,0.22849007493836115,-1.0654248379979097,0.3449574316137456,1.8660391188349905,1.2693214965884974,-1.5305699654423388,0.923887288147482,1.2410402645312135,0.021619304664963514,-0.15562484532105123,476,0.44853213660407554,0,202
CN7_L_000248,248,-0.728248608535977,-0.9263904713038393,-0.18352445438258097,-0.6557616525288871,0.978580361513066,1.2025024719774604,-0.5214693025235582,0.0,0.40514255025455237,-0.7957303657393812,-0.13202164084538018,0.6352098982042783,-0.32719493655459203,0.31480605045323157,0.22849007493836115,1.8506507475512546,-1.0429539430941461,1.2314177314706196,-0.26118134503325363,0.3158922709251282,0.013158100971789112,0.2338725832432154,-1.5521262545627506,-1.3499958724119507,196,0.4478583519552912,0,203
CN7_L_000343,343,-1.129445347695208,-0.9263904713038393,0.012809910900505709,-0.6557616525288871,0.978580361513066,1.2025024719774604,-0.7026539645658552,0.0,0.5998323253659051,0.049553186478838565,-0.13202164084538018,-1.4550013077009483,-1.277432272507696,0.31480605045323157,0.22849007493836115,-1.514083446094281,1.1777550832710504,-0.9895634650470151,0.7591538827145803,0.6236046719961829,0.923887288147482,-0.8740180134372624,-0.6937199580025514,-0.7528108334669817,274,0.4477628609572286,0,204
CN7_L_000533,533,0.07422139753435131,-0.12046120533392016,0.35638568840810064,0.36104749346610326,-0.9024657082140384,-0.7111644212715653,-0.7026539645658552,0.0,0.01575557309299311,1.7401525364158585,1.026546834584599,0.6352098982042783,1.256517846341055,1.0185160928193289,0.9907535879355144,-1.7384127501424664,-1.598067666144733,-1.3068741587292005,0.7591538827145803,-0.29962644618755063,0.4685574366511583,1.5431859584698533,0.3077547368516965,-0.006328822885049378,422,0.4475631212295903,0,205
CN7_L_000169,169,0.8766531397287465,0.6854680606359991,-0.5271002318901759,0.36104749346610326,-0.9024657082140384,-0.7111644212715653,1.4716080594590133,0.0,-0.7630183812301254,-1.641030040707891,-1.2905901162753592,-0.40997544119473406,-0.01048137862261042,-1.0926073232026277,-0.5337734380587921,0.28041407490637155,0.06735821439464394,-0.6723496009936615,0.5040506141306441,0.3158922709251282,0.013158100971789112,-1.276878938688782,1.1661623978132603,1.3871048330551345,135,0.4475458944332314,0,206
CN7_L_000137,137,1.6791231457990747,1.8943715670255628,-0.5271002318901759,1.3778566394610936,-0.9024657082140384,-0.7111644212715653,1.4716080594590133,0.0,-1.152397931452831,-0.7957303657393812,-0.13202164084538018,0.6352098982042783,0.9397559573304937,-0.740752302019579,-0.5337734380587921,0.5047433789545571,-0.7653547258750445,0.279582480052895,0.7591538827145803,1.5468357901799163,0.4685574366511583,-0.9747332447501422,1.2376965969602847,1.3373391758428135,108,0.4473853737160993,0,207
CN7_L_000352,352,-0.728248608535977,-0.9263904713038393,-0.03627368042026596,0.36104749346610326,0.978580361513066,-0.7111644212715653,-0.5214693025235582,0.0,0.40514255025455237,0.049553186478838565,1.026546834584599,-0.40997544119473406,-0.32719493655459203,0.8425919377659722,0.9907535879355144,0.28041407490637155,-1.3205531603132479,0.5968931737350806,1.2693214965884974,0.9313640305525223,0.013158100971789112,0.9388868865129743,-0.5506515597085025,-0.6035138618300183,281,0.4472262717707923,0,208
CN7_L_000296,296,-1.129445347695208,-0.9263904713038393,0.012809910900505709,-0.6557616525288871,0.978580361513066,1.2025024719774604,-0.5214693025235582,0.0,0.5998323253659051,-0.7957303657393812,-0.13202164084538018,-0.40997544119473406,-0.01048137862261042,0.31480605045323157,0.22849007493836115,0.7290726830027427,0.06735821439464394,1.548728425152805,-0.7713878822011261,-1.5305699654423388,-0.44224123470758003,0.2338725832432154,-0.9798553901892844,-0.9021068559029836,234,0.44708047588039296,0,209
CN7_L_000381,381,0.07422139753435131,0.28251303508572423,0.061893502221277374,0.36104749346610326,0.978580361513066,-0.7111644212715653,-0.7026539645658552,0.0,0.01575557309299311,1.7401525364158585,-0.13202164084538018,1.6802357647104924,0.623042399398512,1.1944402478726854,0.9907535879355144,-0.8411639896421402,0.3449574316137456,-0.0377282136292905,0.8867055170065484,-1.5305699654423388,0.923887288147482,0.536018277181855,-0.40758452581581833,-0.4542178393940165,305,0.4467589036989158,0,210
CN7_L_000422,422,-1.5306803507303721,-1.329345496854114,0.16005132312501397,-0.6557616525288871,-0.9024657082140384,1.2025024719774604,-0.642289796896626,0.0,0.9892193025274644,0.049553186478838565,1.026546834584599,-1.4550013077009483,-1.277432272507696,0.31480605045323157,0.22849007493836115,0.0561532265506022,0.06735821439464394,-0.0377282136292905,0.24898626884066333,-0.9150982058149447,0.013158100971789112,0.7374564238872144,-0.1929819283747451,-0.35468652496937425,337,0.4467228398110899,0,211
CN7_L_000450,450,-1.129445347695208,-0.9263904713038393,0.012809910900505709,-1.1641662255263823,-0.9024657082140384,-0.7111644212715653,-0.5818795497100921,0.0,0.5998323253659051,0.8948528614473485,1.026546834584599,-1.4550013077009483,-0.6439568255651532,0.49073691658292357,0.6096145619533219,-0.392505381545769,-0.48775550865594286,-0.0377282136292905,1.141769862296529,-2.146041725069733,0.4685574366511583,1.039602117825854,-0.049914894482060906,-0.2551561597456935,359,0.4465087872976848,0,212
CN7_L_000159,159,1.2778881427639106,1.0884423010556434,-0.5271002318901759,0.36104749346610326,-0.9024657082140384,-0.7111644212715653,1.532018306645547,0.0,-0.9577081563414782,-0.7957303657393812,-1.2905901162753592,-0.40997544119473406,0.3062805103879508,-1.2685314782559842,-0.9148979250737528,-0.16817607749758343,0.9001558660519489,0.914107037788434,1.5244247651724334,1.239076431623577,-0.44224123470758003,-0.9747332447501422,1.1661623978132603,1.3871048330551345,125,0.44612668080833895,0,213
CN7_L_000130,130,1.2778881427639106,1.0884423010556434,-0.47801664056940424,0.36104749346610326,-0.9024657082140384,-0.7111644212715653,1.4716080594590133,0.0,-0.9577081563414782,-1.641030040707891,-0.13202164084538018,-0.40997544119473406,0.3062805103879508,-1.4444623443856761,-1.2960369510559453,-0.6168346855939546,-0.7653547258750445,0.279582480052895,0.6316022484226123,0.9313640305525223,-1.8083002733795968,-0.2697112574007837,1.1661623978132603,1.2875735186304924,102,0.4459792540189496,0,214
CN7_L_000165,165,0.8766531397287465,1.0884423010556434,-0.3798494579278609,0.8694520664635984,-0.9024657082140384,-0.7111644212715653,1.411243891789784,0.0,-0.7630183812301254,-0.7957303657393812,-0.13202164084538018,-0.40997544119473406,0.9397559573304937,-1.620386499439033,-1.2960369510559453,-0.6168346855939546,1.1777550832710504,-0.355038907311476,-0.6438362479091579,-1.5305699654423388,0.923887288147482,-0.9747332447501422,1.0946281986662358,1.3871048330551345,131,0.4457903572934583,0,215
CN7_L_000597,597,-1.129445347695208,-1.329345496854114,0.4054692797288723,-0.6557616525288871,-0.9024657082140384,-0.7111644212715653,-0.7630642117523891,0.0,0.7945295274161116,2.5854522113843683,-0.13202164084538018,-1.4550013077009483,-0.6439568255651532,0.13888189539987494,-0.15263441207659956,-0.6168346855939546,-1.598067666144733,-0.0377282136292905,0.12143463454869523,0.008132912368788797,0.923887288147482,1.039602117825854,0.021619304664963514,-0.20539050253337238,477,0.4454850124776133,0,216
CN7_L_000368,368,0.07422139753435131,-0.12046120533392016,0.20913491444578564,-0.6557616525288871,0.978580361513066,1.2025024719774604,-0.5214693025235582,0.0,0.21044534820434588,-0.7957303657393812,-0.13202164084538018,0.6352098982042783,0.3062805103879508,0.6666610716362802,0.6096145619533219,-1.0654248379979097,1.1777550832710504,-2.2588062397757573,-1.281555496075043,-0.29962644618755063,-0.44224123470758003,0.8381716552000944,-0.47911736056147813,-0.5537491538186587,294,0.44541760584664614,0,217
CN7_L_000592,592,0.07422139753435131,-0.12046120533392016,0.35638568840810064,-1.1641662255263823,-0.9024657082140384,-0.7111644212715653,-0.7026539645658552,0.0,0.01575557309299311,3.4307518863528785,1.026546834584599,0.6352098982042783,0.9397559573304937,0.6666610716362802,0.22849007493836115,-0.16817607749758343,0.06735821439464394,1.8660391188349905,-0.3887329793252218,-0.29962644618755063,0.013158100971789112,1.5431859584698533,0.16468770295901236,-0.1058591881087301,472,0.445198469730334,0,218
CN7_L_000102,102,0.47545640056951544,0.6854680606359991,-0.3798494579278609,0.36104749346610326,-0.9024657082140384,-0.7111644212715653,1.4716080594590133,0.0,-0.5683211791799189,-0.7957303657393812,-0.13202164084538018,-1.4550013077009483,-0.01048137862261042,-1.9722415206220814,-2.0582859250858667,0.28041407490637155,1.1777550832710504,-0.0377282136292905,-0.26118134503325363,0.6236046719961829,0.4685574366511583,-0.9747332447501422,1.0946281986662358,1.2875735186304924,81,0.44518802078776026,0,219
CN7_L_000181,181,0.8766531397287465,0.6854680606359991,-0.47801664056940424,0.36104749346610326,-0.9024657082140384,-0.7111644212715653,1.4716080594590133,0.0,-0.5683211791799189,0.049553186478838565,-0.13202164084538018,0.6352098982042783,-0.01048137862261042,-1.620386499439033,-1.6771614380709061,0.0561532265506022,1.1777550832710504,-0.355038907311476,-1.281555496075043,2.7777793094347043,-0.44224123470758003,-0.8740180134372624,1.1661623978132603,1.2875735186304924,142,0.44511315760305487,0,220
CN7_L_000038,38,0.8766531397287465,1.0884423010556434,-0.3798494579278609,0.36104749346610326,0.978580361513066,-0.7111644212715653,1.4716080594590133,0.0,-0.5683211791799189,-0.7957303657393812,-0.13202164084538018,0.6352098982042783,0.3062805103879508,-1.7963106544923895,-1.6771614380709061,-0.16817607749758343,0.06735821439464394,-0.6723496009936615,-1.0264522274911068,-0.9150982058149447,0.923887288147482,-0.2697112574007837,1.309230796107309,1.3871048330551345,30,0.44502906818434457,0,221
CN7_L_000295,295,-1.129445347695208,-1.329345496854114,-0.18352445438258097,-1.1641662255263823,0.978580361513066,1.2025024719774604,-0.642289796896626,0.0,0.7945295274161116,-0.7957303657393812,-0.13202164084538018,-0.40997544119473406,-1.9109077194502389,0.31480605045323157,0.22849007493836115,0.7290726830027427,0.06735821439464394,-0.0377282136292905,-0.26118134503325363,-0.29962644618755063,-0.8975710862039038,-0.37043417279326324,-0.9798553901892844,-0.9021068559029836,233,0.4449549564190669,0,222
CN7_L_000377,377,-0.728248608535977,-0.523416230884195,0.20913491444578564,-1.1641662255263823,0.978580361513066,1.2025024719774604,-0.7026539645658552,0.0,0.40514255025455237,1.7401525364158585,-0.13202164084538018,0.6352098982042783,-1.277432272507696,0.13888189539987494,-0.15263441207659956,2.0749800515994403,-0.7653547258750445,-0.0377282136292905,-0.8989005931991387,-0.29962644618755063,0.923887288147482,-0.2697112574007837,-0.47911736056147813,-0.5537491538186587,302,0.4448755719369637,0,223
CN7_L_000301,301,-0.3270136055008128,-0.12046120533392016,-0.08535727174103763,0.36104749346610326,0.978580361513066,1.2025024719774604,-0.5214693025235582,0.0,0.21044534820434588,-0.7957303657393812,-0.13202164084538018,0.6352098982042783,0.623042399398512,1.1944402478726854,1.371878074950475,0.28041407490637155,-1.8756668833638346,-0.355038907311476,0.8867055170065484,-0.29962644618755063,-0.8975710862039038,-1.176163707375902,-0.9798553901892844,-1.051403827539947,239,0.44461938549506214,0,224
CN7_L_000599,599,-1.129445347695208,-0.9263904713038393,0.5036364623704156,-0.6557616525288871,-0.9024657082140384,-0.7111644212715653,-0.7026539645658552,0.0,0.7945295274161116,0.8948528614473485,1.026546834584599,-0.40997544119473406,-1.277432272507696,-0.03704225965348172,-0.5337734380587921,-0.392505381545769,1.1777550832710504,-1.3068741587292005,-1.0264522274911068,-0.6073388472586053,0.4685574366511583,1.3417554958440934,0.09315350381198793,-0.15562484532105123,479,0.44459734287016783,0,225
CN7_L_000560,560,-0.728248608535977,-0.523416230884195,0.4054692797288723,-1.1641662255263823,-0.9024657082140384,-0.7111644212715653,-0.7026539645658552,0.0,0.40514255025455237,1.7401525364158585,1.026546834584599,0.6352098982042783,-0.9606703834971348,-0.03704225965348172,-0.5337734380587921,-1.2897541420460952,0.9001558660519489,-0.0377282136292905,-1.0264522274911068,-1.2228106068859994,0.4685574366511583,1.5431859584698533,0.23622190210603677,-0.006328822885049378,446,0.4444339393804897,0,226
CN7_L_000482,482,-1.129445347695208,-0.9263904713038393,0.307302097087329,-0.6557616525288871,-0.9024657082140384,-0.7111644212715653,-0.642289796896626,0.0,0.5998323253659051,0.049553186478838565,1.026546834584599,-0.40997544119473406,-0.6439568255651532,0.49073691658292357,0.6096145619533219,2.7478995080515807,-1.3205531603132479,1.548728425152805,-0.8989005931991387,0.008132912368788797,-0.44224123470758003,0.13314966785073584,0.09315350381198793,-0.15562484532105123,384,0.4441736639392851,0,227
CN7_L_000241,241,-0.3270136055008128,-0.12046120533392016,-0.03627368042026596,0.36104749346610326,0.978580361513066,1.2025024719774604,-0.7026539645658552,0.0,0.01575557309299311,-0.7957303657393812,-0.13202164084538018,0.6352098982042783,0.3062805103879508,0.6666610716362802,0.6096145619533219,-2.1870029025464213,0.3449574316137456,-0.6723496009936615,-1.281555496075043,-0.9150982058149447,-1.352970421883273,0.7374564238872144,-1.623660453709775,-1.3997615296242718,190,0.4441531671709984,0,228
CN7_L_000088,88,1.6791231457990747,1.4913973266059182,-0.47801664056940424,0.36104749346610326,-0.9024657082140384,-0.7111644212715653,1.532018306645547,0.0,-0.9577081563414782,-0.7957303657393812,-0.13202164084538018,0.6352098982042783,0.9397559573304937,-0.9166764570729355,-0.5337734380587921,-0.6168346855939546,0.9001558660519489,-0.355038907311476,0.8867055170065484,-1.2228106068859994,0.013158100971789112,-0.9747332447501422,1.380763630852969,1.4368695410664942,69,0.4439957263980089,0,229
CN7_L_000493,493,-0.3270136055008128,-0.523416230884195,0.4054692797288723,-0.6557616525288871,-0.9024657082140384,-0.7111644212715653,-0.7026539645658552,0.0,0.40514255025455237,0.049553186478838565,-0.13202164084538018,0.6352098982042783,-0.32719493655459203,0.6666610716362802,0.6096145619533219,-0.392505381545769,-1.3205531603132479,1.8660391188349905,-1.7917231099489601,1.239076431623577,-2.263699609058966,1.140317349138734,0.16468770295901236,-0.15562484532105123,391,0.44399386992883033,0,230
CN7_L_000087,87,1.2778881427639106,1.4913973266059182,-0.3798494579278609,1.3778566394610936,-0.9024657082140384,-0.7111644212715653,1.411243891789784,0.0,-0.9577081563414782,0.049553186478838565,-0.13202164084538018,0.6352098982042783,0.9397559573304937,-1.2685314782559842,-1.2960369510559453,-0.6168346855939546,-1.0429539430941461,-0.355038907311476,-0.8989005931991387,-0.9150982058149447,0.923887288147482,-0.47114940410614314,1.1661623978132603,1.3871048330551345,68,0.44398689307245687,0,231
CN7_L_000573,573,0.07422139753435131,-0.12046120533392016,0.454552871049644,-1.1641662255263823,-0.9024657082140384,1.2025024719774604,-0.7026539645658552,0.0,0.01575557309299311,0.8948528614473485,-0.13202164084538018,0.6352098982042783,0.9397559573304937,0.6666610716362802,0.6096145619533219,0.5047433789545571,-0.48775550865594286,-0.355038907311476,-0.3887329793252218,-1.2228106068859994,-1.8083002733795968,1.140317349138734,0.23622190210603677,-0.05609448009737051,458,0.4439762751912135,0,232
CN7_L_000251,251,0.07422139753435131,-0.12046120533392016,-0.08535727174103763,0.36104749346610326,0.978580361513066,1.2025024719774604,-0.642289796896626,0.0,0.01575557309299311,-0.7957303657393812,-0.13202164084538018,0.6352098982042783,-0.6439568255651532,0.31480605045323157,0.22849007493836115,0.0561532265506022,0.6225566488328472,-2.8933307975112963,-0.6438362479091579,-1.8383293239986782,0.013158100971789112,0.43530304586897517,-1.5521262545627506,-1.300231164400591,199,0.44366932172137746,0,233
CN7_L_000587,587,-1.129445347695208,-1.329345496854114,0.35638568840810064,-0.6557616525288871,-0.9024657082140384,-0.7111644212715653,-0.7026539645658552,0.0,0.9892193025274644,0.049553186478838565,1.026546834584599,-1.4550013077009483,-1.277432272507696,0.31480605045323157,-0.15263441207659956,1.8506507475512546,0.3449574316137456,1.548728425152805,0.3765379031326314,0.008132912368788797,0.4685574366511583,0.8381716552000944,0.16468770295901236,-0.1058591881087301,470,0.44359771203821163,0,234
CN7_L_000273,273,0.47545640056951544,0.28251303508572423,-0.18352445438258097,0.36104749346610326,0.978580361513066,1.2025024719774604,-0.642289796896626,0.0,-0.17893420201835966,-0.7957303657393812,-0.13202164084538018,0.6352098982042783,0.3062805103879508,1.0185160928193289,1.371878074950475,-1.0654248379979097,-1.0429539430941461,-1.6241848524113862,1.0142571512985166,-1.2228106068859994,-0.44224123470758003,0.33458781455609526,-1.2659908223760175,-1.1509341927636276,217,0.44354071667531847,0,235
CN7_L_000594,594,-0.3270136055008128,-0.523416230884195,0.307302097087329,-0.6557616525288871,-0.9024657082140384,-0.7111644212715653,-0.642289796896626,0.0,0.40514255025455237,1.7401525364158585,1.026546834584599,-0.40997544119473406,0.9397559573304937,1.3703711140023773,1.371878074950475,0.28041407490637155,-0.48775550865594286,0.279582480052895,1.2693214965884974,-0.9150982058149447,-1.352970421883273,1.5431859584698533,0.09315350381198793,-0.15562484532105123,474,0.44338488644910445,0,236
CN7_L_000521,521,-0.728248608535977,-0.523416230884195,0.4054692797288723,-1.1641662255263823,-0.9024657082140384,-0.7111644212715653,-0.7026539645658552,0.0,0.40514255025455237,2.5854522113843683,1.026546834584599,0.6352098982042783,0.623042399398512,0.31480605045323157,-0.15263441207659956,-1.514083446094281,-0.7653547258750445,-0.355038907311476,-1.9192747442409281,0.3158922709251282,0.923887288147482,0.8381716552000944,0.23622190210603677,-0.05609448009737051,413,0.44323497498955683,0,237
CN7_L_000513,513,0.07422139753435131,-0.12046120533392016,0.4054692797288723,-0.6557616525288871,-0.9024657082140384,-0.7111644212715653,-0.5818795497100921,0.0,0.01575557309299311,-1.641030040707891,1.026546834584599,0.6352098982042783,0.9397559573304937,0.8425919377659722,0.6096145619533219,-1.2897541420460952,-0.21015629143684125,-0.0377282136292905,-0.13366863403524099,-1.2228106068859994,-1.352970421883273,1.3417554958440934,0.16468770295901236,-0.1058591881087301,406,0.4430999098785783,0,238
CN7_L_000139,139,0.8766531397287465,1.0884423010556434,-0.47801664056940424,0.36104749346610326,-0.9024657082140384,-0.7111644212715653,1.411243891789784,0.0,-0.7630183812301254,-0.7957303657393812,-1.2905901162753592,-0.40997544119473406,-0.01048137862261042,-1.2685314782559842,-0.9148979250737528,0.28041407490637155,0.3449574316137456,1.2314177314706196,1.5244247651724334,0.6236046719961829,0.4685574366511583,-0.8740180134372624,1.2376965969602847,1.3373391758428135,110,0.44308677256140167,0,239
CN7_L_000442,442,-1.129445347695208,-0.9263904713038393,0.11097709354204904,-1.6725707985238774,-0.9024657082140384,-0.7111644212715653,-0.7026539645658552,0.0,0.5998323253659051,0.049553186478838565,1.026546834584599,-0.40997544119473406,-0.9606703834971348,-0.38889728083653036,-0.5337734380587921,-1.0654248379979097,0.3449574316137456,-0.355038907311476,-0.7713878822011261,0.6236046719961829,1.3792866238268513,0.636733508494735,-0.049914894482060906,-0.2551561597456935,353,0.44294427372581846,0,240
CN7_L_000226,226,-0.3270136055008128,-0.12046120533392016,-0.08535727174103763,0.36104749346610326,0.978580361513066,1.2025024719774604,-0.7026539645658552,0.0,0.21044534820434588,-1.641030040707891,-0.13202164084538018,0.6352098982042783,0.3062805103879508,1.1944402478726854,1.371878074950475,-0.16817607749758343,-0.7653547258750445,0.5968931737350806,0.3765379031326314,-0.6073388472586053,1.3792866238268513,-0.7732950980447828,-1.8382630511508482,-1.5490585012612352,180,0.4428430094305117,0,241
CN7_L_000486,486,0.07422139753435131,0.28251303508572423,0.2582185057665573,-0.6557616525288871,-0.9024657082140384,-0.7111644212715653,-0.7630642117523891,0.0,0.01575557309299311,0.8948528614473485,1.026546834584599,0.6352098982042783,0.3062805103879508,0.8425919377659722,0.6096145619533219,3.196558116147952,0.06735821439464394,-0.355038907311476,0.7591538827145803,0.008132912368788797,0.923887288147482,1.9460545678009724,0.09315350381198793,-0.15562484532105123,387,0.4426833474018909,0,242
CN7_L_000598,598,-1.129445347695208,-1.329345496854114,0.5036364623704156,-1.1641662255263823,-0.9024657082140384,-0.7111644212715653,-0.7630642117523891,0.0,0.7945295274161116,0.8948528614473485,1.026546834584599,-1.4550013077009483,-1.277432272507696,-0.21297312578317368,-0.5337734380587921,-1.0654248379979097,0.3449574316137456,-0.355038907311476,-0.5162846136171899,0.3158922709251282,0.013158100971789112,1.6439011897827331,0.16468770295901236,-0.15562484532105123,478,0.4425189837200416,0,243
CN7_L_000173,173,1.2778881427639106,1.0884423010556434,-0.42893304924863257,0.36104749346610326,-0.9024657082140384,-0.7111644212715653,1.411243891789784,0.0,-0.9577081563414782,0.049553186478838565,-0.13202164084538018,-0.40997544119473406,-0.01048137862261042,-1.0926073232026277,-0.9148979250737528,0.0561532265506022,2.010468023540739,-0.355038907311476,-0.7713878822011261,-2.146041725069733,0.4685574366511583,-0.9747332447501422,1.1661623978132603,1.3871048330551345,138,0.4425037791362432,0,244
CN7_L_000360,360,-0.3270136055008128,-0.12046120533392016,0.061893502221277374,0.36104749346610326,0.978580361513066,1.2025024719774604,-0.7026539645658552,0.0,0.21044534820434588,0.8948528614473485,-0.13202164084538018,0.6352098982042783,-0.01048137862261042,1.0185160928193289,0.9907535879355144,-1.0654248379979097,0.3449574316137456,-1.9414955460935717,1.9070407447543825,1.239076431623577,1.3792866238268513,0.33458781455609526,-0.5506515597085025,-0.6035138618300183,286,0.4424152708343585,0,245
CN7_L_000345,345,-0.728248608535977,-0.9263904713038393,0.11097709354204904,-1.1641662255263823,0.978580361513066,1.2025024719774604,-0.7026539645658552,0.0,0.5998323253659051,0.8948528614473485,-0.13202164084538018,0.6352098982042783,-1.5941941615182573,-0.21297312578317368,-0.5337734380587921,-1.514083446094281,0.06735821439464394,-0.355038907311476,-0.5162846136171899,-0.9150982058149447,0.4685574366511583,0.7374564238872144,-0.6937199580025514,-0.7030451762546606,275,0.4418791828853288,0,246
CN7_L_000122,122,0.8766531397287465,1.0884423010556434,-0.5271002318901759,0.36104749346610326,-0.9024657082140384,-0.7111644212715653,1.4716080594590133,0.0,-0.7630183812301254,-1.641030040707891,-0.13202164084538018,-0.40997544119473406,-0.32719493655459203,-1.620386499439033,-1.2960369510559453,0.9534019870509284,1.7328688063216373,0.279582480052895,-0.13366863403524099,0.3158922709251282,-0.8975710862039038,-1.276878938688782,1.0946281986662358,1.2875735186304924,94,0.44185376554376066,0,247
CN7_L_000433,433,-1.129445347695208,-0.9263904713038393,0.061893502221277374,-0.6557616525288871,-0.9024657082140384,-0.7111644212715653,-0.642289796896626,0.0,0.5998323253659051,2.5854522113843683,1.026546834584599,-0.40997544119473406,-1.277432272507696,0.13888189539987494,0.22849007493836115,-1.2897541420460952,-0.21015629143684125,-0.0377282136292905,-0.5162846136171899,-0.29962644618755063,-2.263699609058966,0.536018277181855,-0.12144772922772068,-0.2551561597456935,345,0.4409976639617749,0,248
CN7_L_000280,280,0.07422139753435131,0.28251303508572423,-0.08535727174103763,0.36104749346610326,0.978580361513066,1.2025024719774604,-0.642289796896626,0.0,-0.17893420201835966,-0.7957303657393812,-0.13202164084538018,1.6802357647104924,-0.01048137862261042,0.6666610716362802,0.6096145619533219,1.177731291099114,-1.0429539430941461,-1.3068741587292005,-1.0264522274911068,-0.9150982058149447,1.3792866238268513,-0.672579866731903,-1.194456623228993,-1.1011685355513066,223,0.4408579509964969,0,249
CN7_L_000237,237,-0.728248608535977,-0.523416230884195,0.012809910900505709,0.36104749346610326,0.978580361513066,1.2025024719774604,-0.642289796896626,0.0,0.21044534820434588,0.049553186478838565,-0.13202164084538018,0.6352098982042783,-1.5941941615182573,0.6666610716362802,0.6096145619533219,0.5047433789545571,1.4552695891025356,0.5968931737350806,0.5040506141306441,0.9313640305525223,1.834616475323175,-0.37043417279326324,-1.6951946528567994,-1.4495271868365929,187,0.44069883009941907,0,250
CN7_L_000374,374,-1.129445347695208,-0.9263904713038393,0.16005132312501397,-1.1641662255263823,0.978580361513066,1.2025024719774604,-0.642289796896626,0.0,0.5998323253659051,0.8948528614473485,-0.13202164084538018,-0.40997544119473406,-1.5941941615182573,0.13888189539987494,-0.15263441207659956,0.28041407490637155,-1.3205531603132479,0.279582480052895,1.0142571512985166,0.3158922709251282,0.923887288147482,1.039602117825854,-0.47911736056147813,-0.5039834966063376,299,0.4406263725132273,0,251
CN7_L_000264,264,0.07422139753435131,-0.12046120533392016,-0.18352445438258097,0.36104749346610326,0.978580361513066,1.2025024719774604,-0.7026539645658552,0.0,-0.17893420201835966,-1.641030040707891,-0.13202164084538018,0.6352098982042783,0.623042399398512,0.8425919377659722,0.9907535879355144,-0.8411639896421402,-1.3205531603132479,0.5968931737350806,1.0142571512985166,0.3158922709251282,-0.44224123470758003,-0.8740180134372624,-1.3375250215230419,-1.200699849975949,210,0.4401499596496504,0,252
CN7_L_000453,453,-0.728248608535977,-0.9263904713038393,0.2582185057665573,-1.1641662255263823,-0.9024657082140384,-0.7111644212715653,-0.7026539645658552,0.0,0.40514255025455237,0.8948528614473485,-0.13202164084538018,-0.40997544119473406,-0.6439568255651532,-0.38889728083653036,-0.5337734380587921,1.626321443503069,0.06735821439464394,1.548728425152805,-1.5366198413650238,0.008132912368788797,0.4685574366511583,0.43530304586897517,-0.049914894482060906,-0.2551561597456935,362,0.440136108912262,0,253
CN7_L_000263,263,0.47545640056951544,0.28251303508572423,-0.1344408630618093,-0.6557616525288871,0.978580361513066,1.2025024719774604,-0.5818795497100921,0.0,-0.17893420201835966,-0.7957303657393812,-0.13202164084538018,0.6352098982042783,0.623042399398512,1.1944402478726854,1.371878074950475,0.7290726830027427,0.9001558660519489,-0.0377282136292905,0.3765379031326314,-0.29962644618755063,0.013158100971789112,0.536018277181855,-1.3375250215230419,-1.200699849975949,209,0.4395191497573582,0,254
CN7_L_000348,348,0.07422139753435131,0.28251303508572423,0.16005132312501397,0.36104749346610326,0.978580361513066,1.2025024719774604,-0.7026539645658552,0.0,-0.17893420201835966,-1.641030040707891,-0.13202164084538018,0.6352098982042783,0.623042399398512,0.8425919377659722,0.9907535879355144,-0.8411639896421402,-0.48775550865594286,-0.355038907311476,-0.6438362479091579,-2.453801083626072,-0.44224123470758003,-0.7732950980447828,-0.622185758855527,-0.7030451762546606,278,0.43951737115283906,0,255
CN7_L_000409,409,-0.3270136055008128,-0.12046120533392016,0.16005132312501397,0.36104749346610326,-0.9024657082140384,-0.7111644212715653,-0.7026539645658552,0.0,0.21044534820434588,0.049553186478838565,-0.13202164084538018,0.6352098982042783,0.3062805103879508,0.8425919377659722,0.9907535879355144,0.7290726830027427,2.8431809638104273,-0.0377282136292905,1.2693214965884974,0.9313640305525223,2.290015811002544,0.43530304586897517,-0.1929819283747451,-0.35468652496937425,326,0.43945377875056485,0,256
CN7_L_000451,451,-1.129445347695208,-0.9263904713038393,0.11097709354204904,-0.6557616525288871,-0.9024657082140384,-0.7111644212715653,-0.7026539645658552,0.0,0.40514255025455237,0.8948528614473485,1.026546834584599,-1.4550013077009483,-0.9606703834971348,-0.38889728083653036,-0.5337734380587921,1.4019921394548833,-0.7653547258750445,-0.355038907311476,0.6316022484226123,-0.9150982058149447,0.013158100971789112,1.4424707271569734,-0.049914894482060906,-0.2551561597456935,360,0.43944780544243933,0,257
CN7_L_000238,238,-0.728248608535977,-0.523416230884195,-0.1344408630618093,0.36104749346610326,0.978580361513066,1.2025024719774604,-0.642289796896626,0.0,0.40514255025455237,0.8948528614473485,-0.13202164084538018,0.6352098982042783,-0.6439568255651532,0.8425919377659722,0.6096145619533219,0.7290726830027427,-0.7653547258750445,-0.355038907311476,-0.3887329793252218,1.239076431623577,-1.352970421883273,-0.2697112574007837,-1.7667288520038238,-1.4495271868365929,188,0.4392925686001538,0,258
CN7_L_000495,495,0.47545640056951544,0.28251303508572423,0.307302097087329,-1.1641662255263823,-0.9024657082140384,-0.7111644212715653,-0.5818795497100921,0.0,-0.17893420201835966,0.8948528614473485,-0.13202164084538018,0.6352098982042783,0.623042399398512,0.8425919377659722,0.9907535879355144,-1.9627420541906522,0.9001558660519489,-0.0377282136292905,-0.13366863403524099,-0.9150982058149447,-0.44224123470758003,1.140317349138734,0.16468770295901236,-0.1058591881087301,393,0.4391655172199998,0,259
CN7_L_000429,429,-0.3270136055008128,-0.523416230884195,0.061893502221277374,0.36104749346610326,-0.9024657082140384,-0.7111644212715653,-0.5214693025235582,0.0,0.21044534820434588,-2.486329715676401,-0.13202164084538018,-0.40997544119473406,0.9397559573304937,0.8425919377659722,0.9907535879355144,-0.392505381545769,0.06735821439464394,0.279582480052895,1.6519763994644017,0.3158922709251282,1.3792866238268513,0.536018277181855,-0.12144772922772068,-0.3049218169580146,343,0.439150302562638,0,260
CN7_L_000379,379,0.07422139753435131,-0.12046120533392016,0.16005132312501397,-1.1641662255263823,0.978580361513066,1.2025024719774604,-0.5214693025235582,0.0,0.21044534820434588,-0.7957303657393812,-0.13202164084538018,0.6352098982042783,0.9397559573304937,0.8425919377659722,0.6096145619533219,1.626321443503069,-0.7653547258750445,1.548728425152805,-0.7713878822011261,0.008132912368788797,0.013158100971789112,0.13314966785073584,-0.40758452581581833,-0.4542178393940165,304,0.4390182120535023,0,261
CN7_L_000580,580,-0.728248608535977,-0.9263904713038393,0.454552871049644,-0.6557616525288871,-0.9024657082140384,1.2025024719774604,-0.7026539645658552,0.0,0.5998323253659051,1.7401525364158585,1.026546834584599,-0.40997544119473406,-0.9606703834971348,0.31480605045323157,-0.15263441207659956,-0.392505381545769,0.9001558660519489,-0.355038907311476,-1.281555496075043,-0.29962644618755063,-1.352970421883273,1.4424707271569734,0.09315350381198793,-0.1058591881087301,463,0.43886205147718804,0,262
CN7_L_000099,99,0.8766531397287465,0.6854680606359991,-0.6743510058524909,0.36104749346610326,-0.9024657082140384,-0.7111644212715653,1.4716080594590133,0.0,-0.7630183812301254,-0.7957303657393812,-0.13202164084538018,-0.40997544119473406,-0.32719493655459203,-1.4444623443856761,-1.2960369510559453,-0.16817607749758343,0.9001558660519489,0.914107037788434,1.6519763994644017,-1.5305699654423388,-0.44224123470758003,-0.9747332447501422,1.1661623978132603,1.3373391758428135,79,0.43874955659262294,0,263
CN7_L_000417,417,0.07422139753435131,-0.12046120533392016,0.20913491444578564,0.36104749346610326,-0.9024657082140384,-0.7111644212715653,-0.5818795497100921,0.0,0.21044534820434588,0.049553186478838565,-0.13202164084538018,-0.40997544119473406,1.5732314042730364,1.0185160928193289,0.9907535879355144,-0.6168346855939546,1.1777550832710504,-0.355038907311476,-0.3887329793252218,0.008132912368788797,-2.263699609058966,0.43530304586897517,-0.1929819283747451,-0.35468652496937425,333,0.43871445360370764,0,264
CN7_L_000439,439,-0.728248608535977,-0.9263904713038393,0.061893502221277374,-1.1641662255263823,-0.9024657082140384,-0.7111644212715653,-0.5214693025235582,0.0,0.5998323253659051,0.8948528614473485,-0.13202164084538018,-0.40997544119473406,-0.9606703834971348,0.6666610716362802,0.9907535879355144,-0.6168346855939546,-1.3205531603132479,-1.6241848524113862,1.7794891104624142,-0.9150982058149447,0.013158100971789112,0.636733508494735,-0.12144772922772068,-0.3049218169580146,351,0.43856696833491526,0,265
CN7_L_000254,254,0.07422139753435131,0.28251303508572423,-0.1344408630618093,0.36104749346610326,0.978580361513066,1.2025024719774604,-0.642289796896626,0.0,-0.17893420201835966,0.8948528614473485,-0.13202164084538018,0.6352098982042783,-0.01048137862261042,1.1944402478726854,1.371878074950475,-1.7384127501424664,0.06735821439464394,-0.9895634650470151,1.3968731308804654,-0.29962644618755063,0.923887288147482,-0.37043417279326324,-1.4090592206700663,-1.25046550718827,202,0.4384394259776151,0,266
CN7_L_000581,581,-0.728248608535977,-0.9263904713038393,0.5036364623704156,-1.1641662255263823,-0.9024657082140384,-0.7111644212715653,-0.642289796896626,0.0,0.7945295274161116,0.049553186478838565,-0.13202164084538018,0.6352098982042783,0.3062805103879508,0.6666610716362802,0.6096145619533219,0.0561532265506022,1.4552695891025356,-0.0377282136292905,-1.0264522274911068,1.5468357901799163,-1.8083002733795968,1.3417554958440934,0.16468770295901236,-0.1058591881087301,464,0.4383287128990261,0,267
CN7_L_000484,484,0.07422139753435131,-0.12046120533392016,0.35638568840810064,-0.6557616525288871,-0.9024657082140384,-0.7111644212715653,-0.7630642117523891,0.0,0.01575557309299311,0.049553186478838565,-0.13202164084538018,-0.40997544119473406,0.623042399398512,0.6666610716362802,0.6096145619533219,-0.16817607749758343,2.565666457978942,0.5968931737350806,-1.5366198413650238,-2.146041725069733,0.013158100971789112,1.140317349138734,0.16468770295901236,-0.15562484532105123,386,0.43826352501389465,0,268
CN7_L_000336,336,-0.728248608535977,-0.9263904713038393,0.11097709354204904,-0.6557616525288871,0.978580361513066,-0.7111644212715653,-0.5818795497100921,0.0,0.5998323253659051,-0.7957303657393812,-0.13202164084538018,0.6352098982042783,0.3062805103879508,0.6666610716362802,0.6096145619533219,-0.6168346855939546,-0.21015629143684125,0.5968931737350806,-1.154003861783075,0.008132912368788797,-2.263699609058966,0.13314966785073584,-0.8367869918952355,-0.8025764906793029,268,0.4381567892199181,0,269
CN7_L_000202,202,-0.3270136055008128,-0.12046120533392016,-0.08535727174103763,0.36104749346610326,0.978580361513066,1.2025024719774604,-0.7026539645658552,0.0,0.01575557309299311,-0.7957303657393812,-0.13202164084538018,0.6352098982042783,0.3062805103879508,0.6666610716362802,0.9907535879355144,0.7290726830027427,1.7328688063216373,-0.0377282136292905,-1.9192747442409281,0.9313640305525223,-0.44224123470758003,-0.47114940410614314,-1.9097958858965078,-1.598823209272595,161,0.43806500906546375,0,270
CN7_L_000191,191,-0.3270136055008128,-0.12046120533392016,-0.08535727174103763,0.36104749346610326,0.978580361513066,1.2025024719774604,-0.7026539645658552,0.0,0.01575557309299311,-1.641030040707891,-0.13202164084538018,0.6352098982042783,0.3062805103879508,0.31480605045323157,0.6096145619533219,0.0561532265506022,0.6225566488328472,0.914107037788434,-0.7713878822011261,-1.5305699654423388,0.923887288147482,-0.672579866731903,-1.9097958858965078,-1.598823209272595,151,0.43794312217730247,0,271
CN7_L_000326,326,-0.728248608535977,-0.9263904713038393,0.061893502221277374,-1.1641662255263823,0.978580361513066,1.2025024719774604,-0.5214693025235582,0.0,0.5998323253659051,0.049553186478838565,-0.13202164084538018,0.6352098982042783,-0.32719493655459203,0.31480605045323157,0.22849007493836115,-0.16817607749758343,-1.0429539430941461,-0.355038907311476,-1.0264522274911068,-0.9150982058149447,0.013158100971789112,-1.3776018540812613,-0.8367869918952355,-0.8523411986906625,260,0.4378201846939391,0,272
CN7_L_000378,378,-0.3270136055008128,-0.523416230884195,0.307302097087329,-0.6557616525288871,0.978580361513066,1.2025024719774604,-0.642289796896626,0.0,0.5998323253659051,0.049553186478838565,-0.13202164084538018,0.6352098982042783,-0.32719493655459203,0.49073691658292357,0.22849007493836115,-0.6168346855939546,-1.0429539430941461,-1.6241848524113862,-1.0264522274911068,-1.2228106068859994,-1.352970421883273,-0.571864635419023,-0.47911736056147813,-0.5537491538186587,303,0.43776703944455936,0,273
CN7_L_000553,553,-0.3270136055008128,-0.12046120533392016,0.5527106919533805,0.36104749346610326,-0.9024657082140384,-0.7111644212715653,-0.7630642117523891,0.0,0.21044534820434588,2.5854522113843683,1.026546834584599,0.6352098982042783,0.9397559573304937,0.6666610716362802,0.22849007493836115,-0.16817607749758343,0.9001558660519489,-1.3068741587292005,-0.13366863403524099,-0.29962644618755063,0.013158100971789112,1.3417554958440934,0.3077547368516965,0.04343683432727175,440,0.43757461580333407,0,274
CN7_L_000307,307,-0.3270136055008128,-0.12046120533392016,0.20913491444578564,0.36104749346610326,0.978580361513066,1.2025024719774604,-0.7026539645658552,0.0,0.21044534820434588,-1.641030040707891,-0.13202164084538018,0.6352098982042783,0.623042399398512,0.6666610716362802,0.6096145619533219,0.0561532265506022,0.9001558660519489,-0.355038907311476,-0.6438362479091579,-2.453801083626072,0.923887288147482,-0.9747332447501422,-0.90832119104226,-0.8523411986906625,243,0.43754086230008465,0,275
CN7_L_000221,221,0.07422139753435131,-0.12046120533392016,-0.08535727174103763,0.36104749346610326,0.978580361513066,1.2025024719774604,-0.7026539645658552,0.0,0.01575557309299311,-0.7957303657393812,-0.13202164084538018,0.6352098982042783,0.3062805103879508,0.6666610716362802,0.9907535879355144,-2.1870029025464213,1.4552695891025356,-0.0377282136292905,-0.8989005931991387,-0.9150982058149447,0.013158100971789112,0.2338725832432154,-1.9097958858965078,-1.598823209272595,175,0.43730140168259507,0,276
CN7_L_000299,299,-0.3270136055008128,-0.12046120533392016,-0.08535727174103763,0.36104749346610326,0.978580361513066,1.2025024719774604,-0.7026539645658552,0.0,0.21044534820434588,1.7401525364158585,-0.13202164084538018,0.6352098982042783,-0.01048137862261042,0.6666610716362802,0.6096145619533219,1.4019921394548833,1.1777550832710504,-0.355038907311476,-0.8989005931991387,2.4700669083636497,-0.8975710862039038,-0.47114940410614314,-0.9798553901892844,-0.9021068559029836,237,0.43726570869412806,0,277
CN7_L_000313,313,-1.129445347695208,-0.9263904713038393,-0.03627368042026596,0.36104749346610326,0.978580361513066,1.2025024719774604,-0.7026539645658552,0.0,0.5998323253659051,0.049553186478838565,-0.13202164084538018,-0.40997544119473406,-0.6439568255651532,0.13888189539987494,0.22849007493836115,-1.514083446094281,-2.153266100582936,-0.0377282136292905,0.7591538827145803,0.008132912368788797,0.4685574366511583,0.636733508494735,-0.8367869918952355,-0.8523411986906625,248,0.43725070272697814,0,278
CN7_L_000259,259,-0.728248608535977,-0.523416230884195,0.11097709354204904,-0.6557616525288871,0.978580361513066,1.2025024719774604,-0.7026539645658552,0.0,0.40514255025455237,-1.641030040707891,-0.13202164084538018,0.6352098982042783,-0.6439568255651532,-0.03704225965348172,0.22849007493836115,0.5047433789545571,0.3449574316137456,0.914107037788434,-0.8989005931991387,0.3158922709251282,1.3792866238268513,-0.37043417279326324,-1.4090592206700663,-1.200699849975949,205,0.437185090217899,0,279
CN7_L_000388,388,0.07422139753435131,0.28251303508572423,0.16005132312501397,-0.6557616525288871,0.978580361513066,1.2025024719774604,-0.642289796896626,0.0,0.01575557309299311,0.8948528614473485,-0.13202164084538018,1.6802357647104924,0.623042399398512,0.6666610716362802,0.6096145619533219,1.177731291099114,0.06735821439464394,-0.6723496009936615,-1.154003861783075,0.9313640305525223,0.923887288147482,0.8381716552000944,-0.3360503266687939,-0.4542178393940165,311,0.43704860309965593,0,280
CN7_L_000258,258,-0.728248608535977,-0.523416230884195,-0.03627368042026596,-1.1641662255263823,0.978580361513066,1.2025024719774604,-0.642289796896626,0.0,0.5998323253659051,-0.7957303657393812,-0.13202164084538018,-0.40997544119473406,-1.277432272507696,0.13888189539987494,-0.15263441207659956,-0.16817607749758343,0.3449574316137456,-0.6723496009936615,-0.3887329793252218,-0.29962644618755063,0.4685574366511583,-0.9747332447501422,-1.4090592206700663,-1.200699849975949,204,0.43689441195213924,0,281
CN7_L_000243,243,0.07422139753435131,0.28251303508572423,-0.1344408630618093,0.36104749346610326,0.978580361513066,1.2025024719774604,-0.5818795497100921,0.0,0.01575557309299311,0.049553186478838565,-0.13202164084538018,0.6352098982042783,0.9397559573304937,1.3703711140023773,1.371878074950475,0.28041407490637155,-0.7653547258750445,-1.3068741587292005,0.6316022484226123,0.3158922709251282,0.013158100971789112,-0.47114940410614314,-1.623660453709775,-1.3997615296242718,192,0.4368425595238236,0,282
CN7_L_000595,595,-0.728248608535977,-0.523416230884195,0.2582185057665573,-1.1641662255263823,-0.9024657082140384,-0.7111644212715653,-0.5214693025235582,0.0,0.21044534820434588,-0.7957303657393812,1.026546834584599,0.6352098982042783,0.3062805103879508,0.8425919377659722,0.9907535879355144,-0.8411639896421402,-1.598067666144733,-0.6723496009936615,1.3968731308804654,-0.29962644618755063,0.4685574366511583,0.636733508494735,0.021619304664963514,-0.15562484532105123,475,0.43673038339772247,0,283
CN7_L_000249,249,-0.3270136055008128,-0.12046120533392016,-0.2816916370241243,-0.6557616525288871,0.978580361513066,1.2025024719774604,-0.7026539645658552,0.0,0.01575557309299311,-1.641030040707891,-0.13202164084538018,0.6352098982042783,-0.01048137862261042,0.31480605045323157,0.22849007493836115,-1.514083446094281,0.06735821439464394,0.279582480052895,-1.6641714756569919,0.3158922709251282,-0.44224123470758003,-0.37043417279326324,-1.4805934198170907,-1.25046550718827,197,0.43637832043461033,0,284
CN7_L_000514,514,0.07422139753435131,0.28251303508572423,0.16005132312501397,-0.6557616525288871,-0.9024657082140384,-0.7111644212715653,-0.7026539645658552,0.0,-0.17893420201835966,2.5854522113843683,-0.13202164084538018,0.6352098982042783,1.5732314042730364,0.8425919377659722,0.9907535879355144,-1.0654248379979097,-1.598067666144733,-0.0377282136292905,0.8867055170065484,0.6236046719961829,0.013158100971789112,1.2410402645312135,0.16468770295901236,-0.05609448009737051,407,0.43637643391914516,0,285
CN7_L_000477,477,0.07422139753435131,0.28251303508572423,0.2582185057665573,-0.6557616525288871,-0.9024657082140384,-0.7111644212715653,-0.5214693025235582,0.0,-0.17893420201835966,0.8948528614473485,1.026546834584599,0.6352098982042783,1.256517846341055,1.3703711140023773,1.371878074950475,0.0561532265506022,0.6225566488328472,0.279582480052895,0.5040506141306441,0.3158922709251282,0.4685574366511583,0.636733508494735,0.16468770295901236,-0.1058591881087301,380,0.4360968490030012,0,286
CN7_L_000467,467,0.47545640056951544,0.28251303508572423,0.20913491444578564,-0.6557616525288871,-0.9024657082140384,-0.7111644212715653,-0.5818795497100921,0.0,-0.17893420201835966,0.8948528614473485,-0.13202164084538018,0.6352098982042783,0.9397559573304937,1.1944402478726854,1.371878074950475,0.9534019870509284,1.1777550832710504,-0.355038907311476,0.12143463454869523,-0.9150982058149447,-0.8975710862039038,0.8381716552000944,0.09315350381198793,-0.20539050253337238,375,0.4357000133950704,0,287
CN7_L_000382,382,-0.3270136055008128,-0.523416230884195,0.20913491444578564,0.36104749346610326,0.978580361513066,-0.7111644212715653,-0.7026539645658552,0.0,0.40514255025455237,0.8948528614473485,-0.13202164084538018,1.6802357647104924,-0.01048137862261042,0.8425919377659722,0.6096145619533219,0.0561532265506022,-1.0429539430941461,-0.0377282136292905,0.8867055170065484,0.3158922709251282,0.923887288147482,-0.8740180134372624,-0.47911736056147813,-0.5537491538186587,306,0.43569576407016564,0,288
CN7_L_000539,539,-0.728248608535977,-0.9263904713038393,0.4054692797288723,-0.6557616525288871,-0.9024657082140384,-0.7111644212715653,-0.7026539645658552,0.0,0.5998323253659051,0.8948528614473485,1.026546834584599,-0.40997544119473406,-0.01048137862261042,-0.21297312578317368,-0.5337734380587921,0.5047433789545571,0.06735821439464394,-0.355038907311476,-1.281555496075043,3.085538667991044,0.013158100971789112,1.3417554958440934,0.3077547368516965,-0.006328822885049378,428,0.435679759640271,0,289
CN7_L_000291,291,-0.3270136055008128,-0.12046120533392016,-0.03627368042026596,0.36104749346610326,0.978580361513066,1.2025024719774604,-0.5214693025235582,0.0,0.21044534820434588,-0.7957303657393812,-0.13202164084538018,-0.40997544119473406,0.3062805103879508,1.3703711140023773,1.371878074950475,-1.2897541420460952,-0.21015629143684125,0.279582480052895,1.2693214965884974,0.008132912368788797,0.013158100971789112,0.43530304586897517,-1.1229237884833332,-1.0016381703276258,229,0.43537431256243464,0,290
CN7_L_000092,92,0.8766531397287465,0.6854680606359991,-0.42893304924863257,0.36104749346610326,-0.9024657082140384,-0.7111644212715653,1.4716080594590133,0.0,-0.5683211791799189,-0.7957303657393812,-0.13202164084538018,-0.40997544119473406,-0.32719493655459203,-1.620386499439033,-1.6771614380709061,-0.16817607749758343,0.9001558660519489,1.548728425152805,-0.3887329793252218,0.6236046719961829,-1.352970421883273,-1.075448476063022,1.1661623978132603,1.3373391758428135,73,0.4352406034772134,0,291
CN7_L_000515,515,-0.728248608535977,-0.523416230884195,0.20913491444578564,0.36104749346610326,-0.9024657082140384,-0.7111644212715653,-0.7026539645658552,0.0,0.21044534820434588,0.049553186478838565,-0.13202164084538018,-0.40997544119473406,0.9397559573304937,0.8425919377659722,0.6096145619533219,-1.0654248379979097,0.3449574316137456,-1.3068741587292005,1.3968731308804654,2.1623075498073105,0.923887288147482,1.7446241051752127,0.23622190210603677,-0.05609448009737051,408,0.43504835195810926,0,292
CN7_L_000121,121,0.8766531397287465,1.0884423010556434,-0.6252674145317192,0.36104749346610326,-0.9024657082140384,-0.7111644212715653,1.592428553832081,0.0,-0.7630183812301254,-0.7957303657393812,-0.13202164084538018,-0.40997544119473406,0.623042399398512,-1.620386499439033,-1.6771614380709061,-0.6168346855939546,0.06735821439464394,0.914107037788434,0.5040506141306441,0.008132912368788797,-0.44224123470758003,-0.9747332447501422,1.0946281986662358,1.2875735186304924,93,0.43496117923466515,0,293
CN7_L_000115,115,1.2778881427639106,1.0884423010556434,-0.2816916370241243,0.36104749346610326,-0.9024657082140384,-0.7111644212715653,1.4716080594590133,0.0,-0.9577081563414782,-0.7957303657393812,-0.13202164084538018,0.6352098982042783,0.9397559573304937,-1.620386499439033,-1.6771614380709061,-0.16817607749758343,-1.0429539430941461,-0.355038907311476,-1.281555496075043,0.3158922709251282,1.3792866238268513,-0.8740180134372624,1.0946281986662358,1.2875735186304924,90,0.4349369729135122,0,294
CN7_L_000129,129,1.2778881427639106,1.0884423010556434,-0.5271002318901759,0.36104749346610326,-0.9024657082140384,-0.7111644212715653,1.532018306645547,0.0,-0.9577081563414782,0.8948528614473485,-0.13202164084538018,-0.40997544119473406,0.9397559573304937,-1.0926073232026277,-0.9148979250737528,0.0561532265506022,0.9001558660519489,-0.0377282136292905,1.141769862296529,1.5468357901799163,0.013158100971789112,-0.7732950980447828,1.1661623978132603,1.2875735186304924,101,0.4348530363716085,0,295
CN7_L_000558,558,-0.728248608535977,-0.9263904713038393,0.5036364623704156,-0.6557616525288871,-0.9024657082140384,-0.7111644212715653,-0.7026539645658552,0.0,0.40514255025455237,0.8948528614473485,-0.13202164084538018,-0.40997544119473406,-0.32719493655459203,-0.03704225965348172,-0.15263441207659956,-1.0654248379979097,0.9001558660519489,-0.0377282136292905,-0.26118134503325363,-0.6073388472586053,2.745415146681913,1.5431859584698533,0.3077547368516965,-0.006328822885049378,444,0.43472333849806244,0,296
CN7_L_000358,358,0.47545640056951544,0.6854680606359991,0.061893502221277374,0.36104749346610326,0.978580361513066,1.2025024719774604,-0.5818795497100921,0.0,-0.37363140406856615,0.049553186478838565,-0.13202164084538018,0.6352098982042783,0.623042399398512,1.0185160928193289,0.9907535879355144,-1.514083446094281,0.6225566488328472,-0.355038907311476,-0.5162846136171899,0.008132912368788797,-0.8975710862039038,0.13314966785073584,-0.622185758855527,-0.6532795190423395,285,0.43465566886179696,0,297
CN7_L_000542,542,-0.3270136055008128,-0.12046120533392016,0.454552871049644,-0.6557616525288871,-0.9024657082140384,-0.7111644212715653,-0.642289796896626,0.0,0.21044534820434588,0.049553186478838565,1.026546834584599,-0.40997544119473406,-0.01048137862261042,1.0185160928193289,0.6096145619533219,0.5047433789545571,0.6225566488328472,-0.0377282136292905,-0.13366863403524099,-0.9150982058149447,-2.263699609058966,2.0467697991138523,0.3077547368516965,-0.006328822885049378,430,0.4346318899676468,0,298
CN7_L_000245,245,-0.3270136055008128,-0.523416230884195,-0.2816916370241243,0.36104749346610326,0.978580361513066,1.2025024719774604,-0.642289796896626,0.0,0.01575557309299311,0.049553186478838565,-0.13202164084538018,0.6352098982042783,-0.32719493655459203,1.0185160928193289,0.9907535879355144,-1.7384127501424664,0.06735821439464394,0.5968931737350806,1.3968731308804654,-1.2228106068859994,0.013158100971789112,-0.37043417279326324,-1.5521262545627506,-1.3499958724119507,193,0.4345356202241048,0,299
CN7_L_000471,471,-1.129445347695208,-1.329345496854114,0.061893502221277374,-1.1641662255263823,-0.9024657082140384,-0.7111644212715653,-0.642289796896626,0.0,0.5998323253659051,0.049553186478838565,-0.13202164084538018,-1.4550013077009483,-1.9109077194502389,0.13888189539987494,-0.15263441207659956,0.7290726830027427,-1.0429539430941461,-0.0377282136292905,1.141769862296529,0.6236046719961829,0.4685574366511583,0.8381716552000944,0.09315350381198793,-0.20539050253337238,377,0.4345318308652133,0,300
CN7_L_000279,279,-0.3270136055008128,-0.523416230884195,-0.23260804570335264,0.36104749346610326,0.978580361513066,-0.7111644212715653,-0.7026539645658552,0.0,0.21044534820434588,-0.7957303657393812,-0.13202164084538018,0.6352098982042783,-0.01048137862261042,0.6666610716362802,0.6096145619533219,-1.514083446094281,-1.3205531603132479,0.279582480052895,-1.409107130367011,1.239076431623577,0.013158100971789112,-0.571864635419023,-1.194456623228993,-1.051403827539947,222,0.4344685625161394,0,301
CN7_L_000371,371,0.07422139753435131,-0.12046120533392016,0.11097709354204904,0.36104749346610326,0.978580361513066,1.2025024719774604,-0.7026539645658552,0.0,0.01575557309299311,-1.641030040707891,-0.13202164084538018,0.6352098982042783,0.9397559573304937,1.0185160928193289,0.9907535879355144,-0.392505381545769,0.06735821439464394,-1.6241848524113862,1.5244247651724334,-1.2228106068859994,0.4685574366511583,0.03243443653785595,-0.5506515597085025,-0.5537491538186587,297,0.4342425010696319,0,302
CN7_L_000178,178,0.47545640056951544,0.6854680606359991,-0.42893304924863257,0.36104749346610326,-0.9024657082140384,-0.7111644212715653,1.592428553832081,0.0,-0.5683211791799189,0.049553186478838565,-0.13202164084538018,-1.4550013077009483,-0.01048137862261042,-1.620386499439033,-1.6771614380709061,0.28041407490637155,0.06735821439464394,0.279582480052895,0.5040506141306441,-0.9150982058149447,-0.8975710862039038,-0.8740180134372624,1.2376965969602847,1.3871048330551345,140,0.43400293036132676,0,303
CN7_L_000479,479,-0.728248608535977,-0.523416230884195,0.11097709354204904,0.36104749346610326,-0.9024657082140384,1.2025024719774604,-0.7630642117523891,0.0,0.21044534820434588,-0.7957303657393812,-0.13202164084538018,-0.40997544119473406,-0.32719493655459203,0.8425919377659722,0.9907535879355144,0.7290726830027427,-1.3205531603132479,-0.0377282136292905,1.141769862296529,0.3158922709251282,1.834616475323175,0.9388868865129743,0.16468770295901236,-0.1058591881087301,382,0.4339565056563525,0,304
CN7_L_000395,395,-0.728248608535977,-0.9263904713038393,0.20913491444578564,-0.6557616525288871,-0.9024657082140384,-0.7111644212715653,-0.642289796896626,0.0,0.5998323253659051,-1.641030040707891,-0.13202164084538018,0.6352098982042783,0.3062805103879508,0.13888189539987494,-0.15263441207659956,-0.6168346855939546,-1.0429539430941461,-0.355038907311476,-0.7713878822011261,1.239076431623577,-0.8975710862039038,0.33458781455609526,-0.40758452581581833,-0.4542178393940165,316,0.4339047551934978,0,305
CN7_L_000197,197,0.07422139753435131,-0.12046120533392016,-0.18352445438258097,0.36104749346610326,0.978580361513066,1.2025024719774604,-0.7026539645658552,0.0,-0.17893420201835966,0.8948528614473485,-0.13202164084538018,0.6352098982042783,0.3062805103879508,1.0185160928193289,0.9907535879355144,-0.8411639896421402,-1.0429539430941461,-0.0377282136292905,1.2693214965884974,1.239076431623577,0.013158100971789112,-0.571864635419023,-1.9097958858965078,-1.598823209272595,157,0.43373783957662376,0,306
CN7_L_000190,190,-0.3270136055008128,-0.523416230884195,-0.1344408630618093,0.36104749346610326,0.978580361513066,1.2025024719774604,-0.5818795497100921,0.0,0.01575557309299311,-0.7957303657393812,-0.13202164084538018,0.6352098982042783,-0.32719493655459203,0.49073691658292357,0.6096145619533219,0.5047433789545571,-0.21015629143684125,-0.355038907311476,-0.26118134503325363,0.6236046719961829,-1.8083002733795968,-0.571864635419023,-1.9097958858965078,-1.598823209272595,150,0.43360259077116325,0,307
CN7_L_000457,457,0.47545640056951544,0.6854680606359991,0.16005132312501397,0.36104749346610326,-0.9024657082140384,-0.7111644212715653,-0.7026539645658552,0.0,-0.17893420201835966,-0.7957303657393812,-0.13202164084538018,0.6352098982042783,1.256517846341055,1.0185160928193289,0.9907535879355144,-1.2897541420460952,0.6225566488328472,-1.3068741587292005,0.8867055170065484,-0.29962644618755063,0.013158100971789112,0.8381716552000944,-0.049914894482060906,-0.2551561597456935,366,0.4334478476782025,0,308
CN7_L_000269,269,-0.3270136055008128,-0.12046120533392016,-0.08535727174103763,0.36104749346610326,0.978580361513066,1.2025024719774604,-0.7026539645658552,0.0,0.01575557309299311,0.049553186478838565,-1.2905901162753592,0.6352098982042783,0.3062805103879508,0.49073691658292357,0.6096145619533219,0.28041407490637155,-0.48775550865594286,-1.6241848524113862,-1.0264522274911068,-0.9150982058149447,0.013158100971789112,-0.37043417279326324,-1.2659908223760175,-1.1509341927636276,213,0.43344759266310706,0,309
CN7_L_000218,218,-0.3270136055008128,-0.12046120533392016,-0.1344408630618093,-0.6557616525288871,0.978580361513066,1.2025024719774604,-0.642289796896626,0.0,-0.17893420201835966,0.049553186478838565,-0.13202164084538018,0.6352098982042783,-0.6439568255651532,0.8425919377659722,0.9907535879355144,1.4019921394548833,1.1777550832710504,-0.0377282136292905,0.5040506141306441,-0.29962644618755063,0.923887288147482,-0.571864635419023,-1.9097958858965078,-1.598823209272595,173,0.4331383758495621,0,310
CN7_L_000470,470,-0.728248608535977,-0.9263904713038393,0.012809910900505709,-0.6557616525288871,-0.9024657082140384,-0.7111644212715653,-0.7026539645658552,0.0,0.40514255025455237,-0.7957303657393812,-0.13202164084538018,-0.40997544119473406,-0.6439568255651532,0.6666610716362802,0.6096145619533219,-2.411332206594607,0.3449574316137456,0.914107037788434,1.7794891104624142,0.008132912368788797,0.923887288147482,0.2338725832432154,0.021619304664963514,-0.20539050253337238,376,0.43287720035514743,0,311
CN7_L_000064,64,0.47545640056951544,0.6854680606359991,-0.3798494579278609,0.36104749346610326,0.978580361513066,-0.7111644212715653,1.592428553832081,0.0,-0.5683211791799189,-0.7957303657393812,-0.13202164084538018,-0.40997544119473406,0.3062805103879508,-1.4444623443856761,-1.2960369510559453,0.0561532265506022,-0.21015629143684125,0.279582480052895,-0.006116999743272883,-0.9150982058149447,0.4685574366511583,-1.4783170853941414,1.1661623978132603,1.3871048330551345,51,0.4326961655667113,0,312
CN7_L_000278,278,0.07422139753435131,-0.12046120533392016,-0.03627368042026596,-0.6557616525288871,0.978580361513066,1.2025024719774604,-0.7026539645658552,0.0,0.01575557309299311,0.049553186478838565,-0.13202164084538018,-0.40997544119473406,-0.01048137862261042,0.49073691658292357,0.6096145619533219,2.2993093556476256,-0.48775550865594286,-0.0377282136292905,-1.0264522274911068,0.6236046719961829,0.923887288147482,-1.4783170853941414,-1.2659908223760175,-1.1011685355513066,221,0.4325015343392977,0,313
CN7_L_000454,454,-0.3270136055008128,-0.523416230884195,0.307302097087329,-0.6557616525288871,-0.9024657082140384,-0.7111644212715653,-0.7026539645658552,0.0,0.40514255025455237,0.8948528614473485,-0.13202164084538018,-0.40997544119473406,-0.6439568255651532,0.31480605045323157,0.22849007493836115,1.626321443503069,2.2880672407598404,-0.355038907311476,-0.7713878822011261,-0.29962644618755063,-2.263699609058966,0.13314966785073584,-0.049914894482060906,-0.2551561597456935,363,0.43241887639170423,0,314
CN7_L_000096,96,1.6791231457990747,1.4913973266059182,-0.33076586660708923,0.36104749346610326,-0.9024657082140384,-0.7111644212715653,1.4716080594590133,0.0,-0.9577081563414782,0.049553186478838565,-0.13202164084538018,0.6352098982042783,1.256517846341055,-1.0926073232026277,-0.9148979250737528,-0.6168346855939546,-0.7653547258750445,1.548728425152805,-0.26118134503325363,-0.29962644618755063,0.4685574366511583,-1.075448476063022,1.1661623978132603,1.3373391758428135,76,0.4316936205342905,0,315
CN7_L_000308,308,-0.3270136055008128,-0.12046120533392016,0.11097709354204904,0.36104749346610326,0.978580361513066,1.2025024719774604,-0.7026539645658552,0.0,0.21044534820434588,0.8948528614473485,1.026546834584599,0.6352098982042783,0.3062805103879508,0.6666610716362802,0.22849007493836115,-0.392505381545769,1.1777550832710504,-0.0377282136292905,-0.5162846136171899,-1.8383293239986782,-1.352970421883273,-0.37043417279326324,-0.90832119104226,-0.9021068559029836,244,0.43167967539469826,0,316
CN7_L_000555,555,-0.3270136055008128,-0.523416230884195,0.2582185057665573,0.36104749346610326,-0.9024657082140384,-0.7111644212715653,-0.7026539645658552,0.0,0.40514255025455237,0.8948528614473485,-0.13202164084538018,0.6352098982042783,-0.32719493655459203,1.1944402478726854,1.371878074950475,0.9534019870509284,0.9001558660519489,-0.0377282136292905,1.0142571512985166,0.3158922709251282,-1.8083002733795968,1.4424707271569734,0.3077547368516965,0.04343683432727175,441,0.43138709140989995,0,317
CN7_L_000311,311,-0.3270136055008128,-0.523416230884195,-0.1344408630618093,0.36104749346610326,0.978580361513066,1.2025024719774604,-0.5214693025235582,0.0,0.21044534820434588,-1.641030040707891,-0.13202164084538018,0.6352098982042783,0.3062805103879508,1.1944402478726854,1.371878074950475,0.0561532265506022,-0.21015629143684125,0.5968931737350806,1.3968731308804654,0.3158922709251282,0.4685574366511583,0.43530304586897517,-0.90832119104226,-0.9021068559029836,246,0.4313197486495853,0,318
CN7_L_000328,328,-0.3270136055008128,-0.12046120533392016,0.061893502221277374,0.36104749346610326,0.978580361513066,1.2025024719774604,-0.7026539645658552,0.0,0.21044534820434588,0.8948528614473485,-0.13202164084538018,0.6352098982042783,0.3062805103879508,0.6666610716362802,0.9907535879355144,0.9534019870509284,1.4552695891025356,2.183349812517176,-0.5162846136171899,0.008132912368788797,0.013158100971789112,-0.9747332447501422,-0.90832119104226,-0.8523411986906625,261,0.4312715703815659,0,319
CN7_L_000416,416,-0.3270136055008128,-0.12046120533392016,0.307302097087329,-0.6557616525288871,-0.9024657082140384,-0.7111644212715653,-0.7026539645658552,0.0,0.40514255025455237,-0.7957303657393812,1.026546834584599,-0.40997544119473406,-0.01048137862261042,0.8425919377659722,0.6096145619533219,1.4019921394548833,1.1777550832710504,0.914107037788434,-0.6438362479091579,0.6236046719961829,-1.352970421883273,-0.06828079477502394,-0.1929819283747451,-0.35468652496937425,332,0.4310459185994322,0,320
CN7_L_000262,262,-0.3270136055008128,-0.12046120533392016,-0.03627368042026596,0.36104749346610326,0.978580361513066,1.2025024719774604,-0.5818795497100921,0.0,0.21044534820434588,-0.7957303657393812,-0.13202164084538018,0.6352098982042783,0.9397559573304937,1.1944402478726854,0.9907535879355144,1.4019921394548833,0.06735821439464394,1.548728425152805,-0.3887329793252218,-0.29962644618755063,0.013158100971789112,-0.37043417279326324,-1.3375250215230419,-1.200699849975949,208,0.4307521069588951,0,321
CN7_L_000571,571,-0.728248608535977,-0.523416230884195,0.6508778745949239,-0.6557616525288871,-0.9024657082140384,-0.7111644212715653,-0.642289796896626,0.0,0.40514255025455237,0.049553186478838565,1.026546834584599,-0.40997544119473406,0.623042399398512,-0.03704225965348172,-0.15263441207659956,0.0561532265506022,0.6225566488328472,-0.355038907311476,-1.281555496075043,0.6236046719961829,0.923887288147482,2.2482079458192117,0.23622190210603677,-0.05609448009737051,456,0.430739452508637,0,322
CN7_L_000523,523,0.07422139753435131,-0.12046120533392016,0.307302097087329,-0.6557616525288871,-0.9024657082140384,-0.7111644212715653,-0.642289796896626,0.0,0.21044534820434588,0.8948528614473485,-0.13202164084538018,0.6352098982042783,0.623042399398512,1.0185160928193289,0.6096145619533219,-0.392505381545769,-1.8756668833638346,-1.6241848524113862,-0.13366863403524099,0.008132912368788797,1.834616475323175,1.2410402645312135,0.23622190210603677,-0.05609448009737051,414,0.43071962444056294,0,323
CN7_L_000578,578,-1.129445347695208,-1.329345496854114,0.307302097087329,-1.1641662255263823,-0.9024657082140384,-0.7111644212715653,-0.7026539645658552,0.0,0.7945295274161116,0.049553186478838565,-0.13202164084538018,-1.4550013077009483,-0.32719493655459203,-0.21297312578317368,-0.15263441207659956,-1.514083446094281,0.06735821439464394,-1.6241848524113862,-0.006116999743272883,0.008132912368788797,0.4685574366511583,1.5431859584698533,0.16468770295901236,-0.1058591881087301,461,0.4306557692378819,0,324
CN7_L_000272,272,0.07422139753435131,0.28251303508572423,-0.1344408630618093,0.36104749346610326,0.978580361513066,1.2025024719774604,-0.5214693025235582,0.0,-0.17893420201835966,-0.7957303657393812,-0.13202164084538018,0.6352098982042783,0.9397559573304937,1.1944402478726854,1.371878074950475,0.9534019870509284,0.3449574316137456,-0.6723496009936615,0.12143463454869523,0.6236046719961829,0.4685574366511583,-0.571864635419023,-1.194456623228993,-1.051403827539947,216,0.4305278370139219,0,325
CN7_L_000478,478,0.07422139753435131,0.28251303508572423,0.11097709354204904,0.36104749346610326,-0.9024657082140384,-0.7111644212715653,-0.7026539645658552,0.0,-0.17893420201835966,0.049553186478838565,1.026546834584599,0.6352098982042783,0.623042399398512,1.0185160928193289,0.9907535879355144,-1.2897541420460952,0.6225566488328472,0.5968931737350806,1.141769862296529,-0.9150982058149447,0.4685574366511583,1.7446241051752127,0.16468770295901236,-0.15562484532105123,381,0.4302826513397129,0,326
CN7_L_000530,530,-0.728248608535977,-0.9263904713038393,0.5036364623704156,-0.6557616525288871,-0.9024657082140384,-0.7111644212715653,-0.642289796896626,0.0,0.5998323253659051,0.049553186478838565,1.026546834584599,-0.40997544119473406,0.623042399398512,0.49073691658292357,0.22849007493836115,-1.514083446094281,-0.21015629143684125,-0.9895634650470151,-1.5366198413650238,0.3158922709251282,-0.8975710862039038,1.4424707271569734,0.3077547368516965,-0.05609448009737051,420,0.43017481723265943,0,327
CN7_L_000466,466,0.07422139753435131,-0.12046120533392016,0.307302097087329,-0.14735707953139193,-0.9024657082140384,-0.7111644212715653,-0.642289796896626,0.0,0.21044534820434588,0.049553186478838565,1.026546834584599,0.6352098982042783,-0.01048137862261042,1.0185160928193289,0.6096145619533219,0.9534019870509284,-1.0429539430941461,0.279582480052895,-0.6438362479091579,-2.146041725069733,-1.8083002733795968,0.43530304586897517,0.021619304664963514,-0.2551561597456935,374,0.4300055504578884,0,328
CN7_L_000285,285,-0.728248608535977,-0.9263904713038393,-0.1344408630618093,0.36104749346610326,0.978580361513066,1.2025024719774604,-0.642289796896626,0.0,0.5998323253659051,0.049553186478838565,-0.13202164084538018,-0.40997544119473406,-1.5941941615182573,0.49073691658292357,0.22849007493836115,0.28041407490637155,0.3449574316137456,-1.9414955460935717,-0.13366863403524099,0.008132912368788797,0.013158100971789112,-0.47114940410614314,-1.194456623228993,-1.0016381703276258,225,0.42990813697019753,0,329
CN7_L_000161,161,0.47545640056951544,0.28251303508572423,-0.47801664056940424,0.36104749346610326,-0.9024657082140384,-0.7111644212715653,1.4716080594590133,0.0,-0.37363140406856615,0.049553186478838565,-0.13202164084538018,-1.4550013077009483,-0.6439568255651532,-1.7963106544923895,-1.6771614380709061,0.28041407490637155,0.06735821439464394,0.279582480052895,0.3765379031326314,-0.29962644618755063,0.013158100971789112,-0.8740180134372624,1.1661623978132603,1.3871048330551345,127,0.4297639779072021,0,330
CN7_L_000310,310,0.07422139753435131,0.28251303508572423,0.012809910900505709,0.8694520664635984,0.978580361513066,1.2025024719774604,-0.642289796896626,0.0,0.01575557309299311,1.7401525364158585,-0.13202164084538018,0.6352098982042783,-0.01048137862261042,1.3703711140023773,1.371878074950475,-0.392505381545769,-1.3205531603132479,0.279582480052895,1.0142571512985166,0.3158922709251282,0.4685574366511583,-0.47114940410614314,-0.90832119104226,-0.9021068559029836,245,0.4296820558596399,0,331
CN7_L_000452,452,-1.129445347695208,-1.329345496854114,0.16005132312501397,-0.6557616525288871,-0.9024657082140384,-0.7111644212715653,-0.7026539645658552,0.0,0.5998323253659051,-0.7957303657393812,-0.13202164084538018,-1.4550013077009483,-0.9606703834971348,-0.38889728083653036,-0.15263441207659956,0.28041407490637155,0.6225566488328472,-0.9895634650470151,-0.26118134503325363,-0.6073388472586053,0.4685574366511583,0.2338725832432154,-0.049914894482060906,-0.2551561597456935,361,0.42964135779396495,0,332
CN7_L_000559,559,-1.129445347695208,-0.9263904713038393,0.5036364623704156,-0.6557616525288871,-0.9024657082140384,-0.7111644212715653,-0.7026539645658552,0.0,0.5998323253659051,0.049553186478838565,1.026546834584599,-1.4550013077009483,-0.6439568255651532,-0.03704225965348172,-0.5337734380587921,0.5047433789545571,-1.0429539430941461,-0.355038907311476,-0.8989005931991387,0.3158922709251282,0.4685574366511583,1.5431859584698533,0.23622190210603677,-0.006328822885049378,445,0.4295793174805654,0,333
CN7_L_000318,318,-0.3270136055008128,-0.12046120533392016,0.012809910900505709,-0.14735707953139193,0.978580361513066,1.2025024719774604,-0.7026539645658552,0.0,0.01575557309299311,-1.641030040707891,-0.13202164084538018,0.6352098982042783,0.623042399398512,0.31480605045323157,0.22849007493836115,-0.8411639896421402,0.06735821439464394,-1.9414955460935717,-1.281555496075043,0.6236046719961829,-0.44224123470758003,-0.37043417279326324,-0.90832119104226,-0.8523411986906625,253,0.429481941428536,0,334
CN7_L_000494,494,-0.3270136055008128,-0.523416230884195,0.35638568840810064,-0.6557616525288871,-0.9024657082140384,-0.7111644212715653,-0.5818795497100921,0.0,0.21044534820434588,0.8948528614473485,-0.13202164084538018,-0.40997544119473406,0.9397559573304937,0.8425919377659722,0.9907535879355144,1.4019921394548833,0.06735821439464394,1.2314177314706196,-0.7713878822011261,-0.29962644618755063,0.013158100971789112,1.9460545678009724,0.16468770295901236,-0.15562484532105123,392,0.42873996870134945,0,335
CN7_L_000423,423,-1.129445347695208,-0.9263904713038393,0.2582185057665573,-0.6557616525288871,-0.9024657082140384,-0.7111644212715653,-0.5214693025235582,0.0,0.5998323253659051,-0.7957303657393812,-0.13202164084538018,-0.40997544119473406,-0.01048137862261042,0.13888189539987494,0.22849007493836115,0.28041407490637155,-2.430865317802038,0.5968931737350806,-0.7713878822011261,0.008132912368788797,0.013158100971789112,0.536018277181855,-0.12144772922772068,-0.3049218169580146,338,0.4286335788864208,0,336
CN7_L_000564,564,0.07422139753435131,-0.12046120533392016,0.35638568840810064,-1.1641662255263823,-0.9024657082140384,-0.7111644212715653,-0.7026539645658552,0.0,0.01575557309299311,0.049553186478838565,1.026546834584599,-0.40997544119473406,0.9397559573304937,1.0185160928193289,0.9907535879355144,-0.8411639896421402,1.1777550832710504,-0.0377282136292905,1.141769862296529,0.008132912368788797,-0.44224123470758003,1.4424707271569734,0.23622190210603677,-0.05609448009737051,450,0.4285515049465112,0,337
CN7_L_000253,253,0.07422139753435131,0.28251303508572423,-0.23260804570335264,0.36104749346610326,0.978580361513066,1.2025024719774604,-0.5818795497100921,0.0,0.01575557309299311,-0.7957303657393812,-0.13202164084538018,0.6352098982042783,0.623042399398512,1.3703711140023773,1.371878074950475,0.28041407490637155,0.9001558660519489,-0.0377282136292905,0.6316022484226123,0.9313640305525223,-0.8975710862039038,-0.37043417279326324,-1.4090592206700663,-1.25046550718827,201,0.42847818917664104,0,338
CN7_L_000572,572,-0.728248608535977,-0.523416230884195,0.454552871049644,-0.6557616525288871,-0.9024657082140384,-0.7111644212715653,-0.7630642117523891,0.0,0.5998323253659051,1.7401525364158585,1.026546834584599,0.6352098982042783,0.623042399398512,0.31480605045323157,-0.15263441207659956,0.5047433789545571,1.4552695891025356,-0.0377282136292905,-1.281555496075043,-0.9150982058149447,-0.44224123470758003,1.4424707271569734,0.23622190210603677,-0.1058591881087301,457,0.4282630458368065,0,339
CN7_L_000212,212,-0.3270136055008128,-0.12046120533392016,-0.08535727174103763,-0.6557616525288871,0.978580361513066,1.2025024719774604,-0.7026539645658552,0.0,0.21044534820434588,-0.7957303657393812,-0.13202164084538018,0.6352098982042783,0.3062805103879508,0.31480605045323157,0.6096145619533219,0.5047433789545571,-0.48775550865594286,0.914107037788434,-1.409107130367011,-0.29962644618755063,1.3792866238268513,-0.47114940410614314,-1.9097958858965078,-1.598823209272595,169,0.4281303349020324,0,340
CN7_L_000354,354,-1.129445347695208,-0.9263904713038393,0.11097709354204904,0.36104749346610326,0.978580361513066,1.2025024719774604,-0.642289796896626,0.0,0.5998323253659051,-0.7957303657393812,-0.13202164084538018,-0.40997544119473406,-0.6439568255651532,-0.03704225965348172,-0.15263441207659956,-1.2897541420460952,1.1777550832710504,0.279582480052895,-0.26118134503325363,0.3158922709251282,1.3792866238268513,0.03243443653785595,-0.5506515597085025,-0.6532795190423395,282,0.42808344683730637,0,341
CN7_L_000440,440,-1.129445347695208,-0.9263904713038393,0.16005132312501397,-0.6557616525288871,-0.9024657082140384,1.2025024719774604,-0.7026539645658552,0.0,0.40514255025455237,0.049553186478838565,-0.13202164084538018,-1.4550013077009483,-0.9606703834971348,-0.03704225965348172,0.22849007493836115,0.7290726830027427,-0.21015629143684125,1.548728425152805,1.0142571512985166,0.6236046719961829,0.013158100971789112,0.7374564238872144,-0.049914894482060906,-0.3049218169580146,352,0.4278902206643014,0,342
CN7_L_000507,507,-0.3270136055008128,-0.523416230884195,0.307302097087329,-1.1641662255263823,-0.9024657082140384,-0.7111644212715653,-0.5818795497100921,0.0,0.01575557309299311,0.8948528614473485,-0.13202164084538018,0.6352098982042783,-0.32719493655459203,0.6666610716362802,0.6096145619533219,-1.2897541420460952,1.1777550832710504,-1.3068741587292005,0.8867055170065484,1.8545951487362557,0.013158100971789112,0.8381716552000944,0.16468770295901236,-0.1058591881087301,401,0.42771870282241653,0,343
CN7_L_000582,582,-0.3270136055008128,-0.12046120533392016,0.4054692797288723,-0.6557616525288871,-0.9024657082140384,-0.7111644212715653,-0.5818795497100921,0.0,0.01575557309299311,0.049553186478838565,1.026546834584599,0.6352098982042783,0.623042399398512,0.6666610716362802,0.6096145619533219,0.0561532265506022,-0.21015629143684125,2.50056367657053,-0.7713878822011261,0.6236046719961829,0.923887288147482,1.5431859584698533,0.16468770295901236,-0.1058591881087301,465,0.42738278115802253,0,344
CN7_L_000145,145,1.2778881427639106,1.4913973266059182,-0.3798494579278609,0.36104749346610326,-0.9024657082140384,-0.7111644212715653,1.411243891789784,0.0,-0.7630183812301254,-0.7957303657393812,-0.13202164084538018,0.6352098982042783,0.3062805103879508,-1.4444623443856761,-1.2960369510559453,-1.514083446094281,0.06735821439464394,-0.6723496009936615,-0.6438362479091579,-0.29962644618755063,0.013158100971789112,-1.176163707375902,1.2376965969602847,1.3373391758428135,114,0.42729728154407987,0,345
CN7_L_000268,268,-0.3270136055008128,-0.12046120533392016,-0.23260804570335264,0.36104749346610326,0.978580361513066,1.2025024719774604,-0.642289796896626,0.0,0.01575557309299311,0.049553186478838565,-0.13202164084538018,-0.40997544119473406,-0.32719493655459203,0.6666610716362802,0.6096145619533219,0.5047433789545571,0.9001558660519489,0.914107037788434,-0.6438362479091579,-1.5305699654423388,-1.8083002733795968,-0.47114940410614314,-1.2659908223760175,-1.1509341927636276,212,0.4272848738432364,0,346
CN7_L_000584,584,-0.3270136055008128,-0.12046120533392016,0.307302097087329,0.36104749346610326,-0.9024657082140384,-0.7111644212715653,-0.7026539645658552,0.0,0.21044534820434588,-0.7957303657393812,1.026546834584599,-0.40997544119473406,0.623042399398512,0.8425919377659722,0.9907535879355144,-0.392505381545769,-1.3205531603132479,0.279582480052895,0.8867055170065484,-1.2228106068859994,-0.44224123470758003,1.5431859584698533,0.09315350381198793,-0.1058591881087301,467,0.4272185065960243,0,347
CN7_L_000236,236,-0.3270136055008128,-0.523416230884195,-0.1344408630618093,0.36104749346610326,0.978580361513066,1.2025024719774604,-0.7026539645658552,0.0,0.21044534820434588,0.049553186478838565,-0.13202164084538018,0.6352098982042783,-0.01048137862261042,1.0185160928193289,1.371878074950475,1.177731291099114,-0.21015629143684125,-0.9895634650470151,0.7591538827145803,0.008132912368788797,-0.44224123470758003,0.2338725832432154,-1.7667288520038238,-1.4495271868365929,186,0.42705529919814894,0,348
CN7_L_000217,217,-0.3270136055008128,-0.12046120533392016,-0.2816916370241243,0.36104749346610326,0.978580361513066,1.2025024719774604,-0.7026539645658552,0.0,0.01575557309299311,-0.7957303657393812,-0.13202164084538018,0.6352098982042783,0.3062805103879508,1.0185160928193289,1.371878074950475,-1.0654248379979097,0.06735821439464394,-0.0377282136292905,0.7591538827145803,-0.29962644618755063,0.013158100971789112,0.43530304586897517,-1.9097958858965078,-1.598823209272595,172,0.4269368412601343,0,349
CN7_L_000081,81,0.8766531397287465,1.0884423010556434,-0.47801664056940424,0.36104749346610326,-0.9024657082140384,-0.7111644212715653,1.4716080594590133,0.0,-0.7630183812301254,-0.7957303657393812,-0.13202164084538018,-0.40997544119473406,-0.6439568255651532,-1.2685314782559842,-0.9148979250737528,-0.8411639896421402,0.9001558660519489,0.5968931737350806,1.0142571512985166,0.9313640305525223,0.013158100971789112,-0.9747332447501422,1.309230796107309,1.3871048330551345,63,0.42693136392819225,0,350
CN7_L_000315,315,-1.129445347695208,-0.9263904713038393,-0.1344408630618093,-1.1641662255263823,0.978580361513066,1.2025024719774604,-0.642289796896626,0.0,0.5998323253659051,-0.7957303657393812,-0.13202164084538018,-0.40997544119473406,-1.5941941615182573,-0.03704225965348172,-0.15263441207659956,-1.2897541420460952,-0.21015629143684125,-0.0377282136292905,-0.13366863403524099,0.008132912368788797,0.013158100971789112,-0.37043417279326324,-0.90832119104226,-0.8523411986906625,250,0.4268956347148816,0,351
CN7_L_000570,570,-0.728248608535977,-0.523416230884195,0.454552871049644,-1.1641662255263823,-0.9024657082140384,-0.7111644212715653,-0.642289796896626,0.0,0.40514255025455237,1.7401525364158585,-0.13202164084538018,-0.40997544119473406,-0.01048137862261042,-0.21297312578317368,-0.5337734380587921,-0.6168346855939546,0.06735821439464394,-1.6241848524113862,-1.0264522274911068,0.008132912368788797,0.923887288147482,1.4424707271569734,0.3077547368516965,-0.05609448009737051,455,0.426859002847152,0,352
CN7_L_000047,47,0.8766531397287465,0.6854680606359991,-0.42893304924863257,0.36104749346610326,0.978580361513066,-0.7111644212715653,1.4716080594590133,0.0,-0.5683211791799189,-0.7957303657393812,-0.13202164084538018,0.6352098982042783,0.3062805103879508,-1.0926073232026277,-0.9148979250737528,-0.392505381545769,-0.21015629143684125,0.279582480052895,-1.154003861783075,-0.9150982058149447,-0.44224123470758003,-1.075448476063022,1.309230796107309,1.3871048330551345,38,0.4267842770410781,0,353
CN7_L_000499,499,-1.129445347695208,-0.9263904713038393,0.2582185057665573,-0.6557616525288871,-0.9024657082140384,1.2025024719774604,-0.7026539645658552,0.0,0.7945295274161116,0.8948528614473485,-0.13202164084538018,-0.40997544119473406,-0.9606703834971348,0.49073691658292357,0.22849007493836115,0.5047433789545571,-1.3205531603132479,1.548728425152805,-0.13366863403524099,0.008132912368788797,-0.44224123470758003,1.039602117825854,0.16468770295901236,-0.1058591881087301,396,0.4267551771838963,0,354
CN7_L_000220,220,0.07422139753435131,-0.12046120533392016,-0.1344408630618093,-0.6557616525288871,0.978580361513066,1.2025024719774604,-0.642289796896626,0.0,-0.17893420201835966,-0.7957303657393812,-0.13202164084538018,0.6352098982042783,-0.32719493655459203,0.8425919377659722,0.9907535879355144,-0.6168346855939546,-1.0429539430941461,-1.6241848524113862,-0.6438362479091579,-0.29962644618755063,0.4685574366511583,-0.37043417279326324,-1.9097958858965078,-1.598823209272595,174,0.4267206645011384,0,355
CN7_L_000447,447,-0.3270136055008128,-0.12046120533392016,0.16005132312501397,0.36104749346610326,-0.9024657082140384,-0.7111644212715653,-0.7026539645658552,0.0,0.21044534820434588,0.8948528614473485,-0.13202164084538018,-0.40997544119473406,0.623042399398512,0.8425919377659722,0.9907535879355144,1.4019921394548833,-0.48775550865594286,-0.0377282136292905,1.3968731308804654,-1.2228106068859994,1.834616475323175,0.7374564238872144,-0.049914894482060906,-0.3049218169580146,357,0.42659116701381256,0,356
CN7_L_000459,459,-0.728248608535977,-0.523416230884195,0.11097709354204904,0.36104749346610326,-0.9024657082140384,-0.7111644212715653,-0.7026539645658552,0.0,0.21044534820434588,-1.641030040707891,-0.13202164084538018,-0.40997544119473406,-0.9606703834971348,0.6666610716362802,0.9907535879355144,-0.392505381545769,0.06735821439464394,0.5968931737350806,2.0345923790463507,-0.6073388472586053,0.923887288147482,0.7374564238872144,-0.049914894482060906,-0.2551561597456935,368,0.4264559899582697,0,357
CN7_L_000312,312,-0.728248608535977,-0.523416230884195,-0.1344408630618093,0.36104749346610326,0.978580361513066,1.2025024719774604,-0.642289796896626,0.0,0.21044534820434588,-0.7957303657393812,-0.13202164084538018,-0.40997544119473406,-0.32719493655459203,0.6666610716362802,0.6096145619533219,0.9534019870509284,-1.0429539430941461,-1.3068741587292005,0.8867055170065484,1.8545951487362557,0.923887288147482,-0.37043417279326324,-0.8367869918952355,-0.8523411986906625,247,0.42638363777076665,0,358
CN7_L_000188,188,-0.3270136055008128,-0.12046120533392016,-0.1344408630618093,0.36104749346610326,0.978580361513066,1.2025024719774604,-0.7026539645658552,0.0,0.01575557309299311,-0.7957303657393812,-0.13202164084538018,0.6352098982042783,-0.6439568255651532,0.8425919377659722,0.9907535879355144,0.0561532265506022,0.06735821439464394,-1.3068741587292005,1.2693214965884974,0.3158922709251282,0.4685574366511583,-0.571864635419023,-1.8382630511508482,-1.5490585012612352,148,0.4262779725457166,0,359
CN7_L_000421,421,-0.728248608535977,-0.9263904713038393,0.16005132312501397,-1.1641662255263823,-0.9024657082140384,1.2025024719774604,-0.7026539645658552,0.0,0.5998323253659051,1.7401525364158585,1.026546834584599,-0.40997544119473406,-0.9606703834971348,0.49073691658292357,0.22849007493836115,0.28041407490637155,-1.0429539430941461,0.279582480052895,0.7591538827145803,0.3158922709251282,0.4685574366511583,0.636733508494735,-0.12144772922772068,-0.4044521821816954,336,0.4260338090831813,0,360
CN7_L_000394,394,-0.728248608535977,-0.9263904713038393,0.11097709354204904,-0.14735707953139193,0.978580361513066,1.2025024719774604,-0.642289796896626,0.0,0.5998323253659051,0.049553186478838565,-0.13202164084538018,1.6802357647104924,-0.9606703834971348,0.49073691658292357,0.22849007493836115,-1.514083446094281,0.3449574316137456,-0.0377282136292905,-0.26118134503325363,-0.9150982058149447,-0.8975710862039038,0.2338725832432154,-0.40758452581581833,-0.4542178393940165,315,0.425966340353435,0,361
CN7_L_000446,446,0.47545640056951544,0.28251303508572423,0.20913491444578564,0.36104749346610326,-0.9024657082140384,-0.7111644212715653,-0.7026539645658552,0.0,-0.17893420201835966,0.8948528614473485,-0.13202164084538018,0.6352098982042783,1.5732314042730364,0.8425919377659722,0.9907535879355144,-0.8411639896421402,0.06735821439464394,0.5968931737350806,-0.3887329793252218,-1.2228106068859994,0.923887288147482,0.13314966785073584,-0.049914894482060906,-0.2551561597456935,356,0.42586674973784544,0,362
CN7_L_000536,536,-1.129445347695208,-0.9263904713038393,0.2582185057665573,-0.6557616525288871,-0.9024657082140384,-0.7111644212715653,-0.7026539645658552,0.0,0.5998323253659051,1.7401525364158585,1.026546834584599,-0.40997544119473406,-0.6439568255651532,0.8425919377659722,0.6096145619533219,-1.0654248379979097,0.3449574316137456,0.5968931737350806,1.141769862296529,0.008132912368788797,-0.8975710862039038,0.536018277181855,0.3077547368516965,-0.006328822885049378,425,0.42578804248581537,0,363
CN7_L_000419,419,-0.3270136055008128,-0.12046120533392016,0.20913491444578564,0.36104749346610326,-0.9024657082140384,-0.7111644212715653,-0.7026539645658552,0.0,0.01575557309299311,-0.7957303657393812,1.026546834584599,-0.40997544119473406,0.9397559573304937,0.8425919377659722,0.9907535879355144,-0.392505381545769,-0.21015629143684125,1.8660391188349905,1.141769862296529,0.008132912368788797,0.923887288147482,0.536018277181855,-0.12144772922772068,-0.35468652496937425,335,0.42577472054076765,0,364
CN7_L_000166,166,1.6791231457990747,1.4913973266059182,-0.5271002318901759,0.36104749346610326,-0.9024657082140384,-0.7111644212715653,1.4716080594590133,0.0,-1.152397931452831,0.049553186478838565,-0.13202164084538018,0.6352098982042783,0.623042399398512,-1.2685314782559842,-1.2960369510559453,0.9534019870509284,-0.21015629143684125,-0.6723496009936615,-0.26118134503325363,-0.29962644618755063,0.4685574366511583,-0.8740180134372624,1.0946281986662358,1.3871048330551345,132,0.4256552167576338,0,365
CN7_L_000535,535,-0.728248608535977,-0.523416230884195,0.307302097087329,-1.1641662255263823,-0.9024657082140384,-0.7111644212715653,-0.642289796896626,0.0,0.40514255025455237,0.8948528614473485,-0.13202164084538018,-0.40997544119473406,-1.277432272507696,0.8425919377659722,0.9907535879355144,-0.8411639896421402,-1.598067666144733,0.279582480052895,1.6519763994644017,-0.29962644618755063,0.923887288147482,1.2410402645312135,0.3077547368516965,-0.006328822885049378,424,0.4255910825147635,0,366
CN7_L_000355,355,-0.728248608535977,-0.523416230884195,0.16005132312501397,-1.1641662255263823,0.978580361513066,1.2025024719774604,-0.7026539645658552,0.0,0.40514255025455237,0.049553186478838565,-0.13202164084538018,-0.40997544119473406,-0.9606703834971348,-0.21297312578317368,-0.5337734380587921,-0.16817607749758343,-0.48775550865594286,-0.355038907311476,-0.8989005931991387,0.008132912368788797,1.3792866238268513,0.03243443653785595,-0.5506515597085025,-0.6532795190423395,283,0.42558175753743027,0,367
CN7_L_000562,562,-0.3270136055008128,-0.12046120533392016,0.5527106919533805,0.36104749346610326,-0.9024657082140384,-0.7111644212715653,-0.642289796896626,0.0,0.40514255025455237,1.7401525364158585,1.026546834584599,0.6352098982042783,0.9397559573304937,1.0185160928193289,0.9907535879355144,-0.392505381545769,0.6225566488328472,0.279582480052895,-0.6438362479091579,-0.29962644618755063,-0.8975710862039038,1.6439011897827331,0.23622190210603677,-0.05609448009737051,448,0.42539047657048285,0,368
CN7_L_000277,277,-0.3270136055008128,-0.523416230884195,-0.18352445438258097,-1.1641662255263823,0.978580361513066,1.2025024719774604,-0.5818795497100921,0.0,0.21044534820434588,-0.7957303657393812,-0.13202164084538018,0.6352098982042783,-0.32719493655459203,0.49073691658292357,0.6096145619533219,0.7290726830027427,-1.8756668833638346,-0.355038907311476,-1.0264522274911068,0.008132912368788797,0.013158100971789112,-0.47114940410614314,-1.2659908223760175,-1.051403827539947,220,0.4253663597496463,0,369
CN7_L_000091,91,0.47545640056951544,0.6854680606359991,-0.5271002318901759,0.36104749346610326,-0.9024657082140384,-0.7111644212715653,1.4716080594590133,0.0,-0.5683211791799189,0.049553186478838565,-0.13202164084538018,-0.40997544119473406,-0.6439568255651532,-1.620386499439033,-1.6771614380709061,-0.392505381545769,0.3449574316137456,-0.0377282136292905,-0.006116999743272883,0.3158922709251282,0.4685574366511583,-0.16899602608790382,1.1661623978132603,1.3373391758428135,72,0.4253329436358934,0,370
CN7_L_000465,465,-0.3270136055008128,-0.12046120533392016,0.307302097087329,-0.6557616525288871,-0.9024657082140384,-0.7111644212715653,-0.7026539645658552,0.0,0.21044534820434588,1.7401525364158585,-0.13202164084538018,0.6352098982042783,-0.6439568255651532,0.31480605045323157,0.22849007493836115,0.28041407490637155,-0.7653547258750445,1.2314177314706196,-1.9192747442409281,1.239076431623577,-0.44224123470758003,0.33458781455609526,0.021619304664963514,-0.2551561597456935,373,0.4252727175755756,0,371
CN7_L_000338,338,0.07422139753435131,0.28251303508572423,0.16005132312501397,0.36104749346610326,0.978580361513066,1.2025024719774604,-0.7026539645658552,0.0,-0.17893420201835966,0.049553186478838565,-0.13202164084538018,0.6352098982042783,1.256517846341055,0.6666610716362802,0.6096145619533219,-0.6168346855939546,0.9001558660519489,1.2314177314706196,-1.281555496075043,0.008132912368788797,0.923887288147482,0.33458781455609526,-0.7652541571495758,-0.7528108334669817,270,0.4251387409156741,0,372
CN7_L_000172,172,1.2778881427639106,1.0884423010556434,-0.5271002318901759,0.36104749346610326,-0.9024657082140384,-0.7111644212715653,1.4716080594590133,0.0,-0.9577081563414782,0.049553186478838565,-0.13202164084538018,0.6352098982042783,0.623042399398512,-1.4444623443856761,-1.2960369510559453,0.0561532265506022,0.06735821439464394,0.914107037788434,-1.0264522274911068,-1.8383293239986782,0.4685574366511583,-1.075448476063022,1.1661623978132603,1.3871048330551345,137,0.4248854510749805,0,373
CN7_L_000537,537,-1.129445347695208,-1.329345496854114,0.4054692797288723,-0.6557616525288871,-0.9024657082140384,-0.7111644212715653,-0.5214693025235582,0.0,0.5998323253659051,0.049553186478838565,1.026546834584599,-1.4550013077009483,-0.6439568255651532,0.31480605045323157,0.22849007493836115,-0.392505381545769,-0.21015629143684125,0.914107037788434,0.3765379031326314,0.008132912368788797,0.4685574366511583,1.4424707271569734,0.3077547368516965,-0.006328822885049378,426,0.4248335445339549,0,374
CN7_L_000267,267,-0.728248608535977,-0.9263904713038393,-0.1344408630618093,0.36104749346610326,0.978580361513066,1.2025024719774604,-0.5818795497100921,0.0,0.40514255025455237,0.049553186478838565,-0.13202164084538018,0.6352098982042783,-0.6439568255651532,0.8425919377659722,0.6096145619533219,-0.8411639896421402,-1.3205531603132479,-0.355038907311476,-0.5162846136171899,0.008132912368788797,1.3792866238268513,-0.47114940410614314,-1.3375250215230419,-1.200699849975949,211,0.42467152953945114,0,375
CN7_L_000347,347,0.07422139753435131,-0.12046120533392016,0.061893502221277374,-0.6557616525288871,0.978580361513066,1.2025024719774604,-0.5214693025235582,0.0,0.01575557309299311,0.8948528614473485,-0.13202164084538018,0.6352098982042783,0.623042399398512,0.6666610716362802,0.6096145619533219,1.8506507475512546,0.3449574316137456,-0.0377282136292905,-1.0264522274911068,0.9313640305525223,0.4685574366511583,-0.16899602608790382,-0.622185758855527,-0.7030451762546606,277,0.424253134576016,0,376
CN7_L_000305,305,-0.728248608535977,-0.9263904713038393,0.16005132312501397,0.36104749346610326,0.978580361513066,1.2025024719774604,-0.642289796896626,0.0,0.5998323253659051,0.049553186478838565,-0.13202164084538018,-0.40997544119473406,-0.32719493655459203,0.49073691658292357,0.22849007493836115,-1.514083446094281,0.06735821439464394,-1.6241848524113862,-0.7713878822011261,-0.29962644618755063,-0.44224123470758003,-0.37043417279326324,-0.90832119104226,-0.9021068559029836,242,0.4242142349218892,0,377
CN7_L_000406,406,-0.3270136055008128,-0.523416230884195,0.2582185057665573,0.36104749346610326,-0.9024657082140384,-0.7111644212715653,-0.5818795497100921,0.0,0.40514255025455237,-0.7957303657393812,-0.13202164084538018,-0.40997544119473406,1.256517846341055,0.8425919377659722,0.9907535879355144,-0.392505381545769,0.3449574316137456,0.279582480052895,-1.281555496075043,0.008132912368788797,-0.44224123470758003,-0.37043417279326324,-0.1929819283747451,-0.35468652496937425,323,0.4241422591719931,0,378
CN7_L_000397,397,0.07422139753435131,0.28251303508572423,0.2582185057665573,0.36104749346610326,-0.9024657082140384,1.2025024719774604,-0.7026539645658552,0.0,0.01575557309299311,0.049553186478838565,-0.13202164084538018,-0.40997544119473406,0.9397559573304937,0.6666610716362802,0.6096145619533219,0.0561532265506022,0.3449574316137456,-1.6241848524113862,-0.8989005931991387,-0.6073388472586053,0.4685574366511583,0.9388868865129743,-0.40758452581581833,-0.4542178393940165,318,0.4241044895868788,0,379
CN7_L_000333,333,-0.728248608535977,-0.9263904713038393,0.11097709354204904,0.36104749346610326,0.978580361513066,-0.7111644212715653,-0.7026539645658552,0.0,0.40514255025455237,0.8948528614473485,-0.13202164084538018,0.6352098982042783,-0.32719493655459203,0.6666610716362802,0.6096145619533219,-0.392505381545769,1.1777550832710504,-0.0377282136292905,0.3765379031326314,0.6236046719961829,1.834616475323175,0.2338725832432154,-0.7652541571495758,-0.8025764906793029,265,0.42410112786948045,0,380
CN7_L_000529,529,-1.129445347695208,-0.9263904713038393,0.4054692797288723,-1.1641662255263823,-0.9024657082140384,-0.7111644212715653,-0.7026539645658552,0.0,0.5998323253659051,0.049553186478838565,1.026546834584599,-0.40997544119473406,-0.9606703834971348,0.13888189539987494,-0.15263441207659956,-0.16817607749758343,0.6225566488328472,0.914107037788434,-0.7713878822011261,-0.29962644618755063,0.013158100971789112,2.0467697991138523,0.3077547368516965,-0.05609448009737051,419,0.42397460814349275,0,381
CN7_L_000443,443,-0.728248608535977,-0.9263904713038393,0.20913491444578564,-1.1641662255263823,-0.9024657082140384,-0.7111644212715653,-0.7026539645658552,0.0,0.5998323253659051,1.7401525364158585,-0.13202164084538018,-0.40997544119473406,-0.9606703834971348,-0.03704225965348172,0.22849007493836115,0.28041407490637155,2.010468023540739,-0.0377282136292905,-1.154003861783075,0.3158922709251282,-1.352970421883273,0.7374564238872144,-0.049914894482060906,-0.2551561597456935,354,0.4239658101338761,0,382
CN7_L_000556,556,-0.728248608535977,-0.9263904713038393,0.2582185057665573,0.36104749346610326,-0.9024657082140384,-0.7111644212715653,-0.5214693025235582,0.0,0.40514255025455237,0.049553186478838565,1.026546834584599,-0.40997544119473406,-0.01048137862261042,0.8425919377659722,0.6096145619533219,-1.0654248379979097,-1.598067666144733,-0.0377282136292905,1.0142571512985166,0.008132912368788797,-0.8975710862039038,0.636733508494735,0.3077547368516965,-0.006328822885049378,442,0.42388786342161194,0,383
CN7_L_000549,549,-1.129445347695208,-0.9263904713038393,0.307302097087329,-0.6557616525288871,-0.9024657082140384,-0.7111644212715653,-0.642289796896626,0.0,0.5998323253659051,-0.7957303657393812,-0.13202164084538018,-1.4550013077009483,-0.32719493655459203,0.13888189539987494,-0.15263441207659956,0.7290726830027427,0.06735821439464394,1.2314177314706196,-0.8989005931991387,-0.29962644618755063,-0.8975710862039038,1.3417554958440934,0.3077547368516965,0.04343683432727175,437,0.42373958731475225,0,384
CN7_L_000483,483,-0.3270136055008128,-0.523416230884195,0.2582185057665573,-1.1641662255263823,-0.9024657082140384,-0.7111644212715653,-0.5818795497100921,0.0,0.01575557309299311,0.049553186478838565,1.026546834584599,0.6352098982042783,-0.32719493655459203,0.31480605045323157,0.22849007493836115,-0.8411639896421402,0.3449574316137456,-0.355038907311476,-0.8989005931991387,0.9313640305525223,-1.352970421883273,1.140317349138734,0.16468770295901236,-0.1058591881087301,385,0.4235057015381729,0,385
CN7_L_000294,294,-1.129445347695208,-0.9263904713038393,-0.08535727174103763,0.36104749346610326,0.978580361513066,1.2025024719774604,-0.642289796896626,0.0,0.5998323253659051,0.049553186478838565,-0.13202164084538018,-0.40997544119473406,-1.277432272507696,-0.03704225965348172,-0.15263441207659956,-0.6168346855939546,-0.48775550865594286,-0.0377282136292905,0.5040506141306441,-0.6073388472586053,-0.44224123470758003,-0.37043417279326324,-1.1229237884833332,-0.9518725131153047,232,0.42323531552353544,0,386
CN7_L_000497,497,-0.728248608535977,-0.523416230884195,0.307302097087329,-0.6557616525288871,-0.9024657082140384,-0.7111644212715653,-0.7630642117523891,0.0,0.21044534820434588,2.5854522113843683,-0.13202164084538018,-0.40997544119473406,-0.01048137862261042,0.6666610716362802,0.6096145619533219,-0.16817607749758343,0.06735821439464394,1.548728425152805,0.7591538827145803,0.9313640305525223,-0.8975710862039038,1.140317349138734,0.16468770295901236,-0.1058591881087301,395,0.4232146858911783,0,387
CN7_L_000585,585,-0.728248608535977,-0.523416230884195,0.35638568840810064,-0.6557616525288871,-0.9024657082140384,-0.7111644212715653,-0.7630642117523891,0.0,0.40514255025455237,1.7401525364158585,1.026546834584599,-0.40997544119473406,-0.32719493655459203,0.6666610716362802,0.22849007493836115,0.9534019870509284,0.6225566488328472,-0.0377282136292905,1.0142571512985166,-0.9150982058149447,0.013158100971789112,1.9460545678009724,0.23622190210603677,-0.05609448009737051,468,0.42310946971827673,0,388
CN7_L_000412,412,-0.728248608535977,-0.9263904713038393,0.061893502221277374,-1.1641662255263823,-0.9024657082140384,-0.7111644212715653,-0.5818795497100921,0.0,0.40514255025455237,0.049553186478838565,-0.13202164084538018,-0.40997544119473406,-0.6439568255651532,0.31480605045323157,0.22849007493836115,-1.7384127501424664,-1.0429539430941461,-0.355038907311476,0.24898626884066333,-0.6073388472586053,0.923887288147482,0.03243443653785595,-0.1929819283747451,-0.35468652496937425,329,0.4227643878831823,0,389
CN7_L_000448,448,-0.3270136055008128,-0.523416230884195,0.20913491444578564,0.36104749346610326,-0.9024657082140384,-0.7111644212715653,-0.642289796896626,0.0,0.21044534820434588,0.8948528614473485,-0.13202164084538018,-0.40997544119473406,-0.32719493655459203,0.8425919377659722,0.9907535879355144,0.9534019870509284,0.06735821439464394,1.8660391188349905,1.5244247651724334,0.9313640305525223,0.923887288147482,1.5431859584698533,-0.12144772922772068,-0.3049218169580146,358,0.4225410480175462,0,390
CN7_L_000526,526,-0.728248608535977,-0.523416230884195,0.2582185057665573,-1.1641662255263823,-0.9024657082140384,-0.7111644212715653,-0.7026539645658552,0.0,0.40514255025455237,-0.7957303657393812,-0.13202164084538018,-0.40997544119473406,0.3062805103879508,0.6666610716362802,0.6096145619533219,-0.392505381545769,0.3449574316137456,0.279582480052895,1.2693214965884974,-1.2228106068859994,1.834616475323175,1.2410402645312135,0.23622190210603677,-0.1058591881087301,416,0.42236734878793714,0,391
CN7_L_000331,331,-0.3270136055008128,-0.523416230884195,0.11097709354204904,0.36104749346610326,0.978580361513066,1.2025024719774604,-0.5214693025235582,0.0,0.21044534820434588,0.049553186478838565,-0.13202164084538018,0.6352098982042783,0.623042399398512,1.1944402478726854,1.371878074950475,0.0561532265506022,-0.7653547258750445,0.914107037788434,0.7591538827145803,0.008132912368788797,-0.44224123470758003,0.13314966785073584,-0.8367869918952355,-0.8025764906793029,263,0.4221545115782872,0,392
CN7_L_000157,157,1.6791231457990747,1.4913973266059182,-0.42893304924863257,1.3778566394610936,-0.9024657082140384,-0.7111644212715653,1.4716080594590133,0.0,-0.9577081563414782,-0.7957303657393812,-0.13202164084538018,0.6352098982042783,0.623042399398512,-1.0926073232026277,-0.9148979250737528,0.7290726830027427,0.3449574316137456,-0.0377282136292905,0.8867055170065484,-0.29962644618755063,0.4685574366511583,-0.8740180134372624,1.1661623978132603,1.3871048330551345,123,0.4219833736889902,0,393
CN7_L_000304,304,-0.728248608535977,-0.9263904713038393,-0.1344408630618093,-0.6557616525288871,0.978580361513066,1.2025024719774604,-0.642289796896626,0.0,0.5998323253659051,0.049553186478838565,-0.13202164084538018,0.6352098982042783,-1.277432272507696,0.13888189539987494,0.22849007493836115,-0.6168346855939546,1.1777550832710504,0.914107037788434,-0.5162846136171899,-0.9150982058149447,0.013158100971789112,-0.672579866731903,-0.90832119104226,-0.9021068559029836,241,0.4218618022517763,0,394
CN7_L_000428,428,-0.3270136055008128,-0.523416230884195,0.11097709354204904,0.36104749346610326,-0.9024657082140384,-0.7111644212715653,-0.642289796896626,0.0,0.40514255025455237,1.7401525364158585,1.026546834584599,-0.40997544119473406,0.623042399398512,1.0185160928193289,0.9907535879355144,-0.6168346855939546,0.06735821439464394,-0.6723496009936615,1.141769862296529,-0.9150982058149447,0.013158100971789112,1.4424707271569734,-0.1929819283747451,-0.3049218169580146,342,0.42161357896913837,0,395
CN7_L_000545,545,-0.3270136055008128,-0.523416230884195,0.4054692797288723,0.36104749346610326,-0.9024657082140384,-0.7111644212715653,-0.7026539645658552,0.0,0.21044534820434588,0.8948528614473485,1.026546834584599,-0.40997544119473406,0.9397559573304937,0.8425919377659722,0.9907535879355144,-0.392505381545769,1.1777550832710504,-0.355038907311476,1.3968731308804654,0.008132912368788797,0.923887288147482,1.3417554958440934,0.3077547368516965,-0.05609448009737051,433,0.42145924071485347,0,396
CN7_L_000171,171,0.8766531397287465,0.6854680606359991,-0.42893304924863257,0.36104749346610326,-0.9024657082140384,-0.7111644212715653,1.592428553832081,0.0,-0.5683211791799189,-0.7957303657393812,-0.13202164084538018,-0.40997544119473406,0.3062805103879508,-1.620386499439033,-1.2960369510559453,-0.8411639896421402,0.06735821439464394,-0.355038907311476,-0.3887329793252218,-0.29962644618755063,-0.8975710862039038,-0.8740180134372624,1.1661623978132603,1.3871048330551345,136,0.4213456218069288,0,397
CN7_L_000346,346,-0.728248608535977,-0.9263904713038393,0.11097709354204904,-0.6557616525288871,0.978580361513066,1.2025024719774604,-0.642289796896626,0.0,0.5998323253659051,0.049553186478838565,-0.13202164084538018,0.6352098982042783,-0.32719493655459203,0.49073691658292357,0.22849007493836115,-0.392505381545769,0.06735821439464394,-1.6241848524113862,-1.409107130367011,0.9313640305525223,-0.8975710862039038,0.33458781455609526,-0.622185758855527,-0.7030451762546606,276,0.42117206220694475,0,398
CN7_L_000183,183,1.2778881427639106,1.4913973266059182,-0.42893304924863257,0.8694520664635984,-0.9024657082140384,-0.7111644212715653,1.411243891789784,0.0,-0.9577081563414782,0.049553186478838565,-0.13202164084538018,0.6352098982042783,0.9397559573304937,-0.9166764570729355,-0.9148979250737528,-0.16817607749758343,0.9001558660519489,0.279582480052895,0.3765379031326314,-0.9150982058149447,0.013158100971789112,-0.9747332447501422,1.1661623978132603,1.3871048330551345,144,0.4211705001813075,0,399
CN7_L_000332,332,-0.3270136055008128,-0.12046120533392016,-0.08535727174103763,0.36104749346610326,0.978580361513066,1.2025024719774604,-0.642289796896626,0.0,0.01575557309299311,0.049553186478838565,-0.13202164084538018,-0.40997544119473406,-0.32719493655459203,0.8425919377659722,0.9907535879355144,-2.411332206594607,0.3449574316137456,-0.355038907311476,0.7591538827145803,-0.6073388472586053,0.923887288147482,-0.37043417279326324,-0.8367869918952355,-0.8025764906793029,264,0.4210430558307171,0,400
CN7_L_000551,551,-0.3270136055008128,-0.12046120533392016,0.5527106919533805,-0.6557616525288871,-0.9024657082140384,-0.7111644212715653,-0.642289796896626,0.0,0.21044534820434588,0.8948528614473485,1.026546834584599,-0.40997544119473406,0.9397559573304937,0.49073691658292357,0.22849007493836115,-0.8411639896421402,0.9001558660519489,-0.0377282136292905,-1.154003861783075,0.3158922709251282,0.923887288147482,1.3417554958440934,0.3077547368516965,-0.006328822885049378,439,0.42086786596274856,0,401
CN7_L_000276,276,-0.728248608535977,-0.523416230884195,-0.1344408630618093,0.36104749346610326,0.978580361513066,1.2025024719774604,-0.642289796896626,0.0,0.40514255025455237,0.8948528614473485,-0.13202164084538018,0.6352098982042783,-0.9606703834971348,0.6666610716362802,0.6096145619533219,-0.16817607749758343,-1.598067666144733,-0.6723496009936615,-0.7713878822011261,0.9313640305525223,0.4685574366511583,0.13314966785073584,-1.194456623228993,-1.051403827539947,219,0.4208416252060866,0,402
CN7_L_000414,414,-0.728248608535977,-0.523416230884195,0.2582185057665573,-1.1641662255263823,-0.9024657082140384,-0.7111644212715653,-0.7630642117523891,0.0,0.40514255025455237,0.049553186478838565,-0.13202164084538018,-0.40997544119473406,-0.01048137862261042,-0.03704225965348172,0.22849007493836115,0.5047433789545571,2.8431809638104273,0.5968931737350806,-1.154003861783075,0.9313640305525223,0.013158100971789112,1.2410402645312135,-0.12144772922772068,-0.35468652496937425,331,0.42070963601373634,0,403
CN7_L_000566,566,-1.129445347695208,-0.9263904713038393,0.4054692797288723,-0.14735707953139193,-0.9024657082140384,-0.7111644212715653,-0.7026539645658552,0.0,0.40514255025455237,0.049553186478838565,-0.13202164084538018,-0.40997544119473406,-0.9606703834971348,0.49073691658292357,0.6096145619533219,0.28041407490637155,1.4552695891025356,1.2314177314706196,1.5244247651724334,0.6236046719961829,0.013158100971789112,1.4424707271569734,0.23622190210603677,-0.05609448009737051,451,0.4206916786453274,0,404
CN7_L_000418,418,0.47545640056951544,0.28251303508572423,0.20913491444578564,0.36104749346610326,-0.9024657082140384,-0.7111644212715653,-0.642289796896626,0.0,-0.17893420201835966,0.049553186478838565,-0.13202164084538018,0.6352098982042783,1.256517846341055,1.1944402478726854,1.371878074950475,0.5047433789545571,0.06735821439464394,0.279582480052895,0.8867055170065484,0.6236046719961829,0.4685574366511583,1.2410402645312135,-0.12144772922772068,-0.3049218169580146,334,0.42067661883345675,0,405
CN7_L_000132,132,0.8766531397287465,1.0884423010556434,-0.42893304924863257,0.36104749346610326,-0.9024657082140384,-0.7111644212715653,1.4716080594590133,0.0,-0.7630183812301254,0.049553186478838565,-0.13202164084538018,0.6352098982042783,-0.01048137862261042,-1.620386499439033,-1.6771614380709061,0.5047433789545571,1.1777550832710504,-0.0377282136292905,-0.5162846136171899,-0.6073388472586053,0.013158100971789112,-0.7732950980447828,1.1661623978132603,1.2875735186304924,104,0.4205607084186132,0,406
CN7_L_000286,286,-0.728248608535977,-0.9263904713038393,-0.03627368042026596,0.36104749346610326,0.978580361513066,1.2025024719774604,-0.5818795497100921,0.0,0.40514255025455237,-0.7957303657393812,-0.13202164084538018,-0.40997544119473406,-0.32719493655459203,0.49073691658292357,0.22849007493836115,-0.392505381545769,0.9001558660519489,-0.6723496009936615,-0.8989005931991387,0.008132912368788797,0.013158100971789112,0.536018277181855,-1.1229237884833332,-1.0016381703276258,226,0.4203633780694449,0,407
CN7_L_000501,501,-0.3270136055008128,-0.523416230884195,0.35638568840810064,-1.1641662255263823,-0.9024657082140384,-0.7111644212715653,-0.5818795497100921,0.0,0.21044534820434588,-0.7957303657393812,1.026546834584599,-0.40997544119473406,-0.32719493655459203,0.31480605045323157,-0.15263441207659956,0.0561532265506022,0.9001558660519489,-0.355038907311476,-1.281555496075043,0.3158922709251282,-0.8975710862039038,0.536018277181855,0.16468770295901236,-0.1058591881087301,398,0.42029833431522085,0,408
CN7_L_000369,369,0.47545640056951544,0.28251303508572423,0.20913491444578564,0.36104749346610326,0.978580361513066,1.2025024719774604,-0.7026539645658552,0.0,-0.17893420201835966,-1.641030040707891,-0.13202164084538018,0.6352098982042783,0.623042399398512,0.8425919377659722,0.6096145619533219,-0.392505381545769,-0.7653547258750445,-0.355038907311476,-0.8989005931991387,0.6236046719961829,0.4685574366511583,0.13314966785073584,-0.47911736056147813,-0.5537491538186587,295,0.4200474523300845,0,409
CN7_L_000300,300,-0.3270136055008128,-0.12046120533392016,-0.08535727174103763,0.36104749346610326,0.978580361513066,1.2025024719774604,-0.642289796896626,0.0,0.21044534820434588,-1.641030040707891,-0.13202164084538018,0.6352098982042783,-0.01048137862261042,1.1944402478726854,0.9907535879355144,-0.8411639896421402,-1.0429539430941461,-0.6723496009936615,0.6316022484226123,0.9313640305525223,0.4685574366511583,-0.2697112574007837,-0.9798553901892844,-0.9518725131153047,238,0.4199401899278898,0,410
CN7_L_000321,321,-0.3270136055008128,-0.12046120533392016,-0.1344408630618093,0.36104749346610326,0.978580361513066,1.2025024719774604,-0.642289796896626,0.0,0.21044534820434588,0.8948528614473485,-0.13202164084538018,0.6352098982042783,-0.6439568255651532,1.3703711140023773,1.371878074950475,-0.392505381545769,-0.48775550865594286,-0.0377282136292905,1.0142571512985166,-1.2228106068859994,0.4685574366511583,-0.2697112574007837,-0.90832119104226,-0.9021068559029836,256,0.4194682108913089,0,411
CN7_L_000384,384,-0.728248608535977,-0.9263904713038393,0.16005132312501397,0.36104749346610326,0.978580361513066,1.2025024719774604,-0.642289796896626,0.0,0.5998323253659051,0.049553186478838565,1.026546834584599,0.6352098982042783,-0.32719493655459203,0.49073691658292357,0.22849007493836115,-0.16817607749758343,-0.48775550865594286,0.279582480052895,0.3765379031326314,-0.29962644618755063,-0.8975710862039038,-0.2697112574007837,-0.40758452581581833,-0.5039834966063376,308,0.4191235368092149,0,412
CN7_L_000398,398,-0.3270136055008128,-0.12046120533392016,0.11097709354204904,0.36104749346610326,-0.9024657082140384,-0.7111644212715653,-0.7026539645658552,0.0,0.21044534820434588,1.7401525364158585,-0.13202164084538018,1.6802357647104924,0.9397559573304937,0.8425919377659722,0.6096145619533219,-0.16817607749758343,0.9001558660519489,-0.0377282136292905,-0.13366863403524099,0.3158922709251282,0.013158100971789112,0.2338725832432154,-0.40758452581581833,-0.4542178393940165,319,0.41888466201063396,0,413
CN7_L_000413,413,-0.728248608535977,-0.9263904713038393,0.2582185057665573,-0.6557616525288871,-0.9024657082140384,-0.7111644212715653,-0.7026539645658552,0.0,0.40514255025455237,-0.7957303657393812,-0.13202164084538018,-0.40997544119473406,-0.01048137862261042,-0.03704225965348172,0.22849007493836115,0.0561532265506022,0.3449574316137456,-0.355038907311476,-0.3887329793252218,0.9313640305525223,1.834616475323175,-0.16899602608790382,-0.12144772922772068,-0.35468652496937425,330,0.418812071500579,0,414
CN7_L_000337,337,0.07422139753435131,-0.12046120533392016,0.012809910900505709,-0.6557616525288871,0.978580361513066,1.2025024719774604,-0.642289796896626,0.0,-0.17893420201835966,0.049553186478838565,1.026546834584599,0.6352098982042783,0.623042399398512,0.8425919377659722,0.6096145619533219,-0.392505381545769,0.3449574316137456,-0.355038907311476,-1.154003861783075,-0.6073388472586053,0.4685574366511583,-0.2697112574007837,-0.7652541571495758,-0.7528108334669817,269,0.4184179091650884,0,415
CN7_L_000316,316,-0.728248608535977,-0.9263904713038393,-0.03627368042026596,-0.6557616525288871,0.978580361513066,1.2025024719774604,-0.7026539645658552,0.0,0.5998323253659051,1.7401525364158585,-0.13202164084538018,0.6352098982042783,-1.277432272507696,0.31480605045323157,0.22849007493836115,0.28041407490637155,-0.48775550865594286,-0.0377282136292905,-0.7713878822011261,0.6236046719961829,-0.8975710862039038,-0.37043417279326324,-0.90832119104226,-0.8523411986906625,251,0.41815158228767657,0,416
CN7_L_000445,445,0.07422139753435131,0.28251303508572423,0.2582185057665573,-0.6557616525288871,-0.9024657082140384,-0.7111644212715653,-0.5818795497100921,0.0,-0.17893420201835966,-0.7957303657393812,-0.13202164084538018,0.6352098982042783,0.623042399398512,0.49073691658292357,0.6096145619533219,1.4019921394548833,0.9001558660519489,0.914107037788434,-0.8989005931991387,0.008132912368788797,0.013158100971789112,1.5431859584698533,-0.049914894482060906,-0.3049218169580146,355,0.4177863912169592,0,417
CN7_L_000204,204,0.07422139753435131,-0.12046120533392016,-0.08535727174103763,0.36104749346610326,0.978580361513066,1.2025024719774604,-0.642289796896626,0.0,-0.17893420201835966,0.049553186478838565,-0.13202164084538018,0.6352098982042783,-0.32719493655459203,0.8425919377659722,0.6096145619533219,-1.514083446094281,-0.21015629143684125,-0.0377282136292905,-0.7713878822011261,-0.29962644618755063,0.013158100971789112,0.536018277181855,-1.9097958858965078,-1.598823209272595,162,0.41751758587151855,0,418
CN7_L_000516,516,-0.728248608535977,-0.9263904713038393,0.2582185057665573,-1.1641662255263823,-0.9024657082140384,-0.7111644212715653,-0.7026539645658552,0.0,0.40514255025455237,0.049553186478838565,-0.13202164084538018,-0.40997544119473406,-0.6439568255651532,0.31480605045323157,0.22849007493836115,0.5047433789545571,0.9001558660519489,1.8660391188349905,1.2693214965884974,0.9313640305525223,0.4685574366511583,1.2410402645312135,0.16468770295901236,-0.1058591881087301,409,0.4175153902034025,0,419
CN7_L_000426,426,-0.3270136055008128,-0.12046120533392016,0.35638568840810064,-0.6557616525288871,-0.9024657082140384,-0.7111644212715653,-0.7026539645658552,0.0,0.21044534820434588,0.049553186478838565,1.026546834584599,-0.40997544119473406,1.256517846341055,0.49073691658292357,0.22849007493836115,0.9534019870509284,-0.7653547258750445,-0.355038907311476,-0.6438362479091579,-0.9150982058149447,0.013158100971789112,-0.47114940410614314,-0.12144772922772068,-0.3049218169580146,341,0.4172865076982897,0,420
CN7_L_000425,425,-0.3270136055008128,-0.523416230884195,0.35638568840810064,-0.6557616525288871,-0.9024657082140384,-0.7111644212715653,-0.7630642117523891,0.0,0.40514255025455237,0.8948528614473485,-0.13202164084538018,0.6352098982042783,1.256517846341055,0.31480605045323157,0.6096145619533219,0.28041407490637155,1.1777550832710504,-0.355038907311476,-1.281555496075043,-0.9150982058149447,0.013158100971789112,0.636733508494735,-0.12144772922772068,-0.3049218169580146,340,0.41715354852740166,0,421
CN7_L_000370,370,0.07422139753435131,0.28251303508572423,0.16005132312501397,0.36104749346610326,0.978580361513066,-0.7111644212715653,-0.7026539645658552,0.0,0.01575557309299311,1.7401525364158585,-0.13202164084538018,0.6352098982042783,0.9397559573304937,1.0185160928193289,0.9907535879355144,0.28041407490637155,1.1777550832710504,-0.355038907311476,0.6316022484226123,0.008132912368788797,0.4685574366511583,0.13314966785073584,-0.40758452581581833,-0.5039834966063376,296,0.4171065973667686,0,422
CN7_L_000349,349,0.07422139753435131,-0.12046120533392016,0.11097709354204904,0.36104749346610326,0.978580361513066,-0.7111644212715653,-0.7026539645658552,0.0,0.01575557309299311,-0.7957303657393812,-0.13202164084538018,0.6352098982042783,0.3062805103879508,0.8425919377659722,0.9907535879355144,0.7290726830027427,-1.0429539430941461,1.548728425152805,-0.006116999743272883,0.6236046719961829,0.4685574366511583,-0.06828079477502394,-0.622185758855527,-0.6532795190423395,279,0.4170584153890046,0,423
CN7_L_000561,561,-0.3270136055008128,-0.523416230884195,0.454552871049644,-0.6557616525288871,-0.9024657082140384,-0.7111644212715653,-0.642289796896626,0.0,0.40514255025455237,0.8948528614473485,-0.13202164084538018,-0.40997544119473406,-0.32719493655459203,0.8425919377659722,0.6096145619533219,-0.6168346855939546,1.1777550832710504,-1.6241848524113862,-1.154003861783075,-0.29962644618755063,-0.8975710862039038,1.4424707271569734,0.23622190210603677,-0.05609448009737051,447,0.41705385350638485,0,424
CN7_L_000500,500,-0.728248608535977,-0.9263904713038393,0.35638568840810064,-0.6557616525288871,-0.9024657082140384,-0.7111644212715653,-0.5818795497100921,0.0,0.5998323253659051,-0.7957303657393812,1.026546834584599,-0.40997544119473406,0.3062805103879508,0.49073691658292357,0.6096145619533219,0.5047433789545571,0.6225566488328472,0.279582480052895,-0.6438362479091579,-1.2228106068859994,-0.44224123470758003,1.140317349138734,0.16468770295901236,-0.1058591881087301,397,0.41693749015200904,0,425
CN7_L_000271,271,0.07422139753435131,0.28251303508572423,-0.1344408630618093,0.36104749346610326,0.978580361513066,1.2025024719774604,-0.642289796896626,0.0,0.01575557309299311,-1.641030040707891,-0.13202164084538018,0.6352098982042783,-0.01048137862261042,1.0185160928193289,0.9907535879355144,0.9534019870509284,0.9001558660519489,-0.355038907311476,-0.13366863403524099,0.008132912368788797,0.4685574366511583,-0.16899602608790382,-1.194456623228993,-1.051403827539947,215,0.4167550888984197,0,426
CN7_L_000404,404,-0.3270136055008128,-0.523416230884195,0.061893502221277374,-0.6557616525288871,-0.9024657082140384,-0.7111644212715653,-0.642289796896626,0.0,0.40514255025455237,1.7401525364158585,-0.13202164084538018,-0.40997544119473406,-0.32719493655459203,0.6666610716362802,0.6096145619533219,2.0749800515994403,0.3449574316137456,-0.0377282136292905,-1.154003861783075,0.008132912368788797,0.013158100971789112,-0.16899602608790382,-0.2645161275217695,-0.35468652496937425,322,0.4166491115105611,0,427
CN7_L_000557,557,-0.728248608535977,-0.523416230884195,0.35638568840810064,-1.1641662255263823,-0.9024657082140384,-0.7111644212715653,-0.642289796896626,0.0,0.40514255025455237,0.049553186478838565,1.026546834584599,-0.40997544119473406,-0.9606703834971348,0.31480605045323157,-0.15263441207659956,-1.0654248379979097,0.6225566488328472,-1.6241848524113862,0.5040506141306441,0.008132912368788797,-0.44224123470758003,1.3417554958440934,0.3077547368516965,-0.006328822885049378,443,0.4166363024056252,0,428
CN7_L_000464,464,-0.728248608535977,-0.523416230884195,0.307302097087329,-0.6557616525288871,-0.9024657082140384,-0.7111644212715653,-0.7026539645658552,0.0,0.40514255025455237,0.049553186478838565,-0.13202164084538018,0.6352098982042783,-0.9606703834971348,-0.21297312578317368,-0.5337734380587921,0.0561532265506022,0.06735821439464394,-0.355038907311476,-1.0264522274911068,-0.9150982058149447,1.3792866238268513,1.6439011897827331,0.021619304664963514,-0.20539050253337238,372,0.41637058466712223,0,429
CN7_L_000250,250,-0.3270136055008128,-0.523416230884195,-0.18352445438258097,0.36104749346610326,0.978580361513066,1.2025024719774604,-0.7026539645658552,0.0,0.21044534820434588,-0.7957303657393812,-0.13202164084538018,0.6352098982042783,-0.32719493655459203,0.31480605045323157,0.6096145619533219,-0.6168346855939546,0.9001558660519489,-0.355038907311476,-1.281555496075043,-1.2228106068859994,0.4685574366511583,-0.37043417279326324,-1.5521262545627506,-1.300231164400591,198,0.41628590172648217,0,430
CN7_L_000583,583,0.07422139753435131,0.28251303508572423,0.4054692797288723,0.36104749346610326,-0.9024657082140384,-0.7111644212715653,-0.642289796896626,0.0,0.01575557309299311,0.8948528614473485,-0.13202164084538018,0.6352098982042783,0.9397559573304937,0.8425919377659722,0.6096145619533219,-1.514083446094281,-0.7653547258750445,-1.3068741587292005,0.12143463454869523,-0.29962644618755063,1.3792866238268513,0.8381716552000944,0.09315350381198793,-0.1058591881087301,466,0.4161575531928795,0,431
CN7_L_000534,534,-0.3270136055008128,-0.12046120533392016,0.2582185057665573,0.36104749346610326,-0.9024657082140384,-0.7111644212715653,-0.7026539645658552,0.0,0.21044534820434588,-0.7957303657393812,-0.13202164084538018,0.6352098982042783,0.623042399398512,0.8425919377659722,0.6096145619533219,0.0561532265506022,0.3449574316137456,-0.0377282136292905,1.2693214965884974,-2.146041725069733,1.3792866238268513,0.7374564238872144,0.3077547368516965,-0.006328822885049378,423,0.41611263076177213,0,432
CN7_L_000463,463,-1.129445347695208,-0.9263904713038393,0.2582185057665573,-0.6557616525288871,-0.9024657082140384,-0.7111644212715653,-0.7026539645658552,0.0,0.5998323253659051,-1.641030040707891,-0.13202164084538018,-0.40997544119473406,-0.6439568255651532,-0.38889728083653036,-0.15263441207659956,-0.392505381545769,-0.21015629143684125,-0.355038907311476,-0.7713878822011261,0.008132912368788797,0.4685574366511583,0.7374564238872144,0.021619304664963514,-0.20539050253337238,371,0.4160902077668135,0,433
CN7_L_000184,184,1.2778881427639106,1.4913973266059182,-0.42893304924863257,0.36104749346610326,-0.9024657082140384,-0.7111644212715653,1.4716080594590133,0.0,-0.9577081563414782,-0.7957303657393812,-0.13202164084538018,-0.40997544119473406,0.623042399398512,-0.9166764570729355,-0.9148979250737528,-0.392505381545769,-1.0429539430941461,-0.0377282136292905,0.7591538827145803,-0.9150982058149447,0.013158100971789112,-0.9747332447501422,1.2376965969602847,1.3373391758428135,145,0.41581914578324874,0,434
CN7_L_000527,527,-1.129445347695208,-1.329345496854114,0.4054692797288723,-0.6557616525288871,-0.9024657082140384,-0.7111644212715653,-0.7026539645658552,0.0,0.5998323253659051,0.049553186478838565,-0.13202164084538018,-1.4550013077009483,-0.32719493655459203,0.13888189539987494,0.22849007493836115,0.7290726830027427,-1.3205531603132479,-0.0377282136292905,0.6316022484226123,0.6236046719961829,0.4685574366511583,1.3417554958440934,0.16468770295901236,-0.1058591881087301,417,0.4155035135727866,0,435
CN7_L_000298,298,-0.3270136055008128,-0.12046120533392016,0.061893502221277374,0.36104749346610326,0.978580361513066,1.2025024719774604,-0.7026539645658552,0.0,0.21044534820434588,0.049553186478838565,-0.13202164084538018,0.6352098982042783,-0.01048137862261042,0.49073691658292357,0.6096145619533219,1.626321443503069,-1.3205531603132479,-0.355038907311476,-1.0264522274911068,0.3158922709251282,0.4685574366511583,-1.276878938688782,-0.9798553901892844,-0.9021068559029836,236,0.41544668736063356,0,436
CN7_L_000410,410,-0.3270136055008128,-0.523416230884195,-0.08535727174103763,-0.6557616525288871,-0.9024657082140384,1.2025024719774604,-0.642289796896626,0.0,0.40514255025455237,0.049553186478838565,-0.13202164084538018,-0.40997544119473406,-0.6439568255651532,0.8425919377659722,0.6096145619533219,-0.8411639896421402,-0.21015629143684125,-0.0377282136292905,1.3968731308804654,-0.9150982058149447,0.4685574366511583,1.140317349138734,-0.1929819283747451,-0.35468652496937425,327,0.41501212365862433,0,437
CN7_L_000520,520,-0.3270136055008128,-0.523416230884195,0.454552871049644,-0.6557616525288871,-0.9024657082140384,-0.7111644212715653,-0.7026539645658552,0.0,0.40514255025455237,-0.7957303657393812,1.026546834584599,0.6352098982042783,0.3062805103879508,-0.03704225965348172,-0.15263441207659956,-0.392505381545769,-0.7653547258750445,-0.355038907311476,-1.154003861783075,0.6236046719961829,0.4685574366511583,1.2410402645312135,0.23622190210603677,-0.05609448009737051,412,0.4149970742333455,0,438
CN7_L_000550,550,-0.3270136055008128,-0.523416230884195,0.307302097087329,-1.1641662255263823,-0.9024657082140384,-0.7111644212715653,-0.5818795497100921,0.0,0.21044534820434588,0.8948528614473485,-0.13202164084538018,-0.40997544119473406,-0.01048137862261042,0.31480605045323157,0.22849007493836115,-1.2897541420460952,0.6225566488328472,-0.355038907311476,-1.0264522274911068,0.008132912368788797,1.3792866238268513,1.140317349138734,0.379288935998721,0.04343683432727175,438,0.4149119171955842,0,439
CN7_L_000187,187,0.8766531397287465,0.6854680606359991,-0.5761838232109475,0.36104749346610326,-0.9024657082140384,-0.7111644212715653,1.4716080594590133,0.0,-0.5683211791799189,0.049553186478838565,-0.13202164084538018,-0.40997544119473406,-0.01048137862261042,-1.620386499439033,-1.2960369510559453,-0.392505381545769,0.06735821439464394,-0.355038907311476,-0.3887329793252218,0.9313640305525223,-0.44224123470758003,-0.8740180134372624,1.1661623978132603,1.3373391758428135,147,0.41452660914408107,0,440
CN7_L_000474,474,-0.728248608535977,-0.523416230884195,0.20913491444578564,-1.1641662255263823,-0.9024657082140384,-0.7111644212715653,-0.7026539645658552,0.0,0.40514255025455237,1.7401525364158585,-0.13202164084538018,-0.40997544119473406,-0.01048137862261042,-0.03704225965348172,0.22849007493836115,-1.0654248379979097,0.6225566488328472,-1.9414955460935717,-0.7713878822011261,0.008132912368788797,0.4685574366511583,0.9388868865129743,0.09315350381198793,-0.20539050253337238,378,0.4142230992378607,0,441
CN7_L_000334,334,-1.129445347695208,-0.9263904713038393,0.061893502221277374,0.36104749346610326,0.978580361513066,1.2025024719774604,-0.7026539645658552,0.0,0.5998323253659051,-0.7957303657393812,-0.13202164084538018,-0.40997544119473406,-0.9606703834971348,0.13888189539987494,-0.15263441207659956,-0.6168346855939546,0.06735821439464394,0.5968931737350806,-0.13366863403524099,0.3158922709251282,0.013158100971789112,-0.2697112574007837,-0.8367869918952355,-0.8025764906793029,266,0.41402397084122927,0,442
CN7_L_000430,430,-0.728248608535977,-0.523416230884195,0.061893502221277374,0.36104749346610326,-0.9024657082140384,-0.7111644212715653,-0.7026539645658552,0.0,0.40514255025455237,-0.7957303657393812,-0.13202164084538018,-0.40997544119473406,-0.6439568255651532,0.31480605045323157,0.6096145619533219,0.5047433789545571,-0.7653547258750445,-0.0377282136292905,1.2693214965884974,0.6236046719961829,-1.352970421883273,0.9388868865129743,-0.12144772922772068,-0.3049218169580146,344,0.413947946718777,0,443
CN7_L_000323,323,-0.728248608535977,-0.523416230884195,-0.03627368042026596,0.36104749346610326,0.978580361513066,1.2025024719774604,-0.7026539645658552,0.0,0.21044534820434588,0.8948528614473485,-0.13202164084538018,0.6352098982042783,-0.9606703834971348,0.49073691658292357,0.6096145619533219,0.0561532265506022,0.6225566488328472,-0.0377282136292905,1.141769862296529,0.9313640305525223,-1.352970421883273,-0.2697112574007837,-0.8367869918952355,-0.8523411986906625,257,0.41385822016435436,0,444
CN7_L_000538,538,-0.728248608535977,-0.9263904713038393,0.35638568840810064,-1.1641662255263823,-0.9024657082140384,-0.7111644212715653,-0.642289796896626,0.0,0.40514255025455237,0.049553186478838565,-0.13202164084538018,-0.40997544119473406,-1.277432272507696,-0.21297312578317368,-0.5337734380587921,0.7290726830027427,0.6225566488328472,-0.0377282136292905,-0.26118134503325363,-0.29962644618755063,-0.44224123470758003,1.6439011897827331,0.3077547368516965,-0.006328822885049378,427,0.413705586122763,0,445
CN7_L_000496,496,0.07422139753435131,-0.12046120533392016,0.2582185057665573,0.36104749346610326,-0.9024657082140384,-0.7111644212715653,-0.7026539645658552,0.0,0.01575557309299311,-0.7957303657393812,1.026546834584599,-0.40997544119473406,0.623042399398512,0.8425919377659722,0.9907535879355144,1.4019921394548833,-0.48775550865594286,-0.355038907311476,0.5040506141306441,-0.9150982058149447,0.4685574366511583,0.43530304586897517,0.16468770295901236,-0.1058591881087301,394,0.413490615446441,0,446
CN7_L_000576,576,-0.728248608535977,-0.523416230884195,0.307302097087329,-1.1641662255263823,-0.9024657082140384,-0.7111644212715653,-0.5818795497100921,0.0,0.40514255025455237,0.049553186478838565,1.026546834584599,-0.40997544119473406,-0.01048137862261042,0.49073691658292357,0.22849007493836115,0.0561532265506022,-0.48775550865594286,0.279582480052895,1.141769862296529,0.6236046719961829,-1.352970421883273,1.4424707271569734,0.23622190210603677,-0.05609448009737051,460,0.41333297940120417,0,447
CN7_L_000487,487,-0.3270136055008128,-0.523416230884195,0.20913491444578564,-0.6557616525288871,-0.9024657082140384,-0.7111644212715653,-0.642289796896626,0.0,0.21044534820434588,0.049553186478838565,1.026546834584599,0.6352098982042783,-0.6439568255651532,1.1944402478726854,0.9907535879355144,-0.392505381545769,0.9001558660519489,-0.0377282136292905,1.2693214965884974,0.008132912368788797,-0.8975710862039038,1.140317349138734,0.09315350381198793,-0.15562484532105123,388,0.4133305822794884,0,448
CN7_L_000508,508,-0.728248608535977,-0.9263904713038393,0.307302097087329,-0.6557616525288871,-0.9024657082140384,-0.7111644212715653,-0.7026539645658552,0.0,0.5998323253659051,0.049553186478838565,-0.13202164084538018,-0.40997544119473406,-1.277432272507696,-0.03704225965348172,-0.15263441207659956,-2.411332206594607,-0.21015629143684125,-0.0377282136292905,0.24898626884066333,-0.29962644618755063,0.013158100971789112,1.2410402645312135,0.16468770295901236,-0.1058591881087301,402,0.41258812239468856,0,449
CN7_L_000222,222,0.07422139753435131,-0.12046120533392016,-0.03627368042026596,0.36104749346610326,0.978580361513066,1.2025024719774604,-0.642289796896626,0.0,0.01575557309299311,-0.7957303657393812,-0.13202164084538018,0.6352098982042783,-0.32719493655459203,0.8425919377659722,0.6096145619533219,-0.6168346855939546,0.06735821439464394,-0.355038907311476,-0.8989005931991387,-0.6073388472586053,0.4685574366511583,0.43530304586897517,-1.9097958858965078,-1.598823209272595,176,0.41250768732935106,0,450
CN7_L_000128,128,1.2778881427639106,1.4913973266059182,-0.5271002318901759,0.36104749346610326,-0.9024657082140384,-0.7111644212715653,1.4716080594590133,0.0,-1.152397931452831,-0.7957303657393812,-0.13202164084538018,0.6352098982042783,0.3062805103879508,-1.0926073232026277,-0.9148979250737528,0.0561532265506022,0.3449574316137456,0.279582480052895,0.8867055170065484,-0.6073388472586053,0.4685574366511583,-1.075448476063022,1.1661623978132603,1.2875735186304924,100,0.4124275371611819,0,451
CN7_L_000502,502,-0.3270136055008128,-0.12046120533392016,0.454552871049644,-0.6557616525288871,-0.9024657082140384,-0.7111644212715653,-0.7026539645658552,0.0,0.01575557309299311,1.7401525364158585,-0.13202164084538018,0.6352098982042783,0.623042399398512,0.31480605045323157,0.22849007493836115,-1.0654248379979097,-1.0429539430941461,-0.6723496009936615,-1.281555496075043,-0.6073388472586053,0.4685574366511583,1.3417554958440934,0.16468770295901236,-0.05609448009737051,399,0.4121017298054685,0,452
CN7_L_000481,481,-0.728248608535977,-0.9263904713038393,0.16005132312501397,-0.6557616525288871,-0.9024657082140384,1.2025024719774604,-0.7026539645658552,0.0,0.5998323253659051,0.8948528614473485,-0.13202164084538018,0.6352098982042783,-1.277432272507696,0.31480605045323157,0.22849007493836115,-0.392505381545769,-0.48775550865594286,-0.6723496009936615,-0.26118134503325363,0.3158922709251282,-0.44224123470758003,0.9388868865129743,0.16468770295901236,-0.15562484532105123,383,0.4120872565482236,0,453
CN7_L_000541,541,-0.3270136055008128,-0.523416230884195,0.4054692797288723,-0.6557616525288871,-0.9024657082140384,-0.7111644212715653,-0.7026539645658552,0.0,0.21044534820434588,2.5854522113843683,-0.13202164084538018,0.6352098982042783,-0.01048137862261042,0.31480605045323157,0.22849007493836115,0.0561532265506022,-0.21015629143684125,-0.6723496009936615,-1.0264522274911068,-0.29962644618755063,0.013158100971789112,1.3417554958440934,0.3077547368516965,-0.006328822885049378,429,0.4120145838059488,0,454
CN7_L_000303,303,-0.728248608535977,-0.9263904713038393,-0.18352445438258097,-0.6557616525288871,0.978580361513066,1.2025024719774604,-0.7026539645658552,0.0,0.40514255025455237,-0.7957303657393812,-0.13202164084538018,-0.40997544119473406,-0.9606703834971348,0.6666610716362802,0.6096145619533219,-1.0654248379979097,1.1777550832710504,-0.0377282136292905,0.3765379031326314,0.3158922709251282,-0.8975710862039038,0.2338725832432154,-0.90832119104226,-0.9021068559029836,240,0.41126095407156993,0,455
CN7_L_000532,532,0.07422139753435131,0.28251303508572423,0.35638568840810064,0.36104749346610326,-0.9024657082140384,-0.7111644212715653,-0.642289796896626,0.0,0.01575557309299311,-0.7957303657393812,-0.13202164084538018,0.6352098982042783,0.9397559573304937,0.6666610716362802,0.6096145619533219,0.7290726830027427,-1.598067666144733,-0.9895634650470151,-0.8989005931991387,0.3158922709251282,0.4685574366511583,0.43530304586897517,0.3077547368516965,-0.006328822885049378,421,0.41082668933577665,0,456
CN7_L_000186,186,1.2778881427639106,1.0884423010556434,-0.5271002318901759,0.36104749346610326,-0.9024657082140384,-0.7111644212715653,1.4716080594590133,0.0,-1.152397931452831,-0.7957303657393812,-0.13202164084538018,0.6352098982042783,0.3062805103879508,-1.2685314782559842,-1.2960369510559453,0.5047433789545571,0.3449574316137456,0.279582480052895,0.24898626884066333,0.3158922709251282,-0.8975710862039038,-0.9747332447501422,1.1661623978132603,1.3373391758428135,146,0.4101306203408077,0,457
CN7_L_000391,391,0.07422139753435131,-0.12046120533392016,0.012809910900505709,0.36104749346610326,-0.9024657082140384,-0.7111644212715653,-0.642289796896626,0.0,0.01575557309299311,0.8948528614473485,-0.13202164084538018,0.6352098982042783,0.623042399398512,1.0185160928193289,0.6096145619533219,-0.6168346855939546,0.06735821439464394,0.5968931737350806,1.141769862296529,0.008132912368788797,0.923887288147482,0.33458781455609526,-0.47911736056147813,-0.5537491538186587,314,0.4100544773894193,0,458
CN7_L_000131,131,0.8766531397287465,0.6854680606359991,-0.42893304924863257,0.36104749346610326,-0.9024657082140384,-0.7111644212715653,1.411243891789784,0.0,-0.5683211791799189,-0.7957303657393812,-0.13202164084538018,-0.40997544119473406,-0.01048137862261042,-1.620386499439033,-1.2960369510559453,-0.16817607749758343,0.06735821439464394,0.5968931737350806,0.12143463454869523,0.008132912368788797,0.013158100971789112,-0.8740180134372624,1.1661623978132603,1.2875735186304924,103,0.41002094836013714,0,459
CN7_L_000563,563,0.07422139753435131,0.28251303508572423,0.35638568840810064,0.36104749346610326,-0.9024657082140384,-0.7111644212715653,-0.5818795497100921,0.0,0.01575557309299311,0.8948528614473485,-0.13202164084538018,0.6352098982042783,0.9397559573304937,1.0185160928193289,0.9907535879355144,0.28041407490637155,0.3449574316137456,-0.355038907311476,0.24898626884066333,-0.29962644618755063,0.4685574366511583,1.7446241051752127,0.23622190210603677,-0.05609448009737051,449,0.40969072953227625,0,460
CN7_L_000339,339,0.07422139753435131,-0.12046120533392016,0.11097709354204904,0.36104749346610326,0.978580361513066,1.2025024719774604,-0.7026539645658552,0.0,0.01575557309299311,-0.7957303657393812,-0.13202164084538018,0.6352098982042783,0.623042399398512,0.8425919377659722,0.9907535879355144,1.4019921394548833,0.06735821439464394,0.914107037788434,0.3765379031326314,-0.29962644618755063,0.923887288147482,-0.2697112574007837,-0.7652541571495758,-0.7528108334669817,271,0.4093112732593264,0,461
CN7_L_000288,288,-0.3270136055008128,-0.12046120533392016,0.11097709354204904,0.36104749346610326,0.978580361513066,1.2025024719774604,-0.642289796896626,0.0,0.01575557309299311,-0.7957303657393812,-0.13202164084538018,0.6352098982042783,0.3062805103879508,0.49073691658292357,0.6096145619533219,-0.8411639896421402,-0.21015629143684125,-0.355038907311476,-1.281555496075043,0.9313640305525223,0.923887288147482,-0.672579866731903,-1.194456623228993,-1.051403827539947,227,0.4093056415672761,0,462
CN7_L_000509,509,-1.129445347695208,-0.9263904713038393,0.2582185057665573,-0.6557616525288871,-0.9024657082140384,-0.7111644212715653,-0.7026539645658552,0.0,0.5998323253659051,0.8948528614473485,-0.13202164084538018,-1.4550013077009483,-0.32719493655459203,-0.21297312578317368,-0.15263441207659956,0.28041407490637155,0.06735821439464394,-0.355038907311476,-0.3887329793252218,0.008132912368788797,0.923887288147482,0.13314966785073584,0.16468770295901236,-0.1058591881087301,403,0.40877796049961407,0,463
CN7_L_000350,350,0.07422139753435131,-0.12046120533392016,-0.03627368042026596,0.36104749346610326,0.978580361513066,1.2025024719774604,-0.642289796896626,0.0,0.01575557309299311,0.049553186478838565,-0.13202164084538018,0.6352098982042783,-0.32719493655459203,0.8425919377659722,0.9907535879355144,-0.16817607749758343,0.06735821439464394,-1.6241848524113862,0.7591538827145803,-0.9150982058149447,-0.8975710862039038,-0.06828079477502394,-0.622185758855527,-0.6532795190423395,280,0.4087008762354696,0,464
CN7_L_000400,400,-0.3270136055008128,-0.523416230884195,0.012809910900505709,0.36104749346610326,-0.9024657082140384,-0.7111644212715653,-0.642289796896626,0.0,0.40514255025455237,0.8948528614473485,-0.13202164084538018,0.6352098982042783,-0.32719493655459203,1.1944402478726854,0.9907535879355144,0.5047433789545571,0.3449574316137456,-0.6723496009936615,0.8867055170065484,0.008132912368788797,0.013158100971789112,0.33458781455609526,-0.40758452581581833,-0.4542178393940165,320,0.40864281833767335,0,465
CN7_L_000411,411,-1.129445347695208,-0.9263904713038393,0.012809910900505709,0.36104749346610326,-0.9024657082140384,-0.7111644212715653,-0.5818795497100921,0.0,0.5998323253659051,0.049553186478838565,-0.13202164084538018,-0.40997544119473406,-0.32719493655459203,0.6666610716362802,0.6096145619533219,0.7290726830027427,0.6225566488328472,0.5968931737350806,0.7591538827145803,-0.29962644618755063,0.013158100971789112,0.43530304586897517,-0.1929819283747451,-0.35468652496937425,328,0.4082107270757901,0,466
CN7_L_000543,543,-0.3270136055008128,-0.12046120533392016,0.2582185057665573,0.36104749346610326,-0.9024657082140384,-0.7111644212715653,-0.642289796896626,0.0,0.21044534820434588,0.8948528614473485,1.026546834584599,0.6352098982042783,0.9397559573304937,1.0185160928193289,0.9907535879355144,0.5047433789545571,0.06735821439464394,-0.0377282136292905,0.3765379031326314,0.3158922709251282,-0.44224123470758003,1.4424707271569734,0.3077547368516965,-0.006328822885049378,431,0.40806627775575954,0,467
CN7_L_000179,179,0.8766531397287465,1.0884423010556434,-0.47801664056940424,0.36104749346610326,-0.9024657082140384,-0.7111644212715653,1.4716080594590133,0.0,-0.9577081563414782,-0.7957303657393812,-0.13202164084538018,-0.40997544119473406,-0.01048137862261042,-1.4444623443856761,-1.2960369510559453,0.0561532265506022,-0.48775550865594286,0.914107037788434,-0.3887329793252218,0.008132912368788797,0.4685574366511583,-0.8740180134372624,1.1661623978132603,1.3871048330551345,141,0.40714378492501646,0,468
CN7_L_000476,476,-0.3270136055008128,-0.12046120533392016,0.20913491444578564,-1.1641662255263823,-0.9024657082140384,-0.7111644212715653,-0.642289796896626,0.0,0.01575557309299311,0.8948528614473485,-0.13202164084538018,0.6352098982042783,-0.32719493655459203,0.49073691658292357,0.22849007493836115,-0.392505381545769,0.3449574316137456,-0.0377282136292905,-0.5162846136171899,0.3158922709251282,1.834616475323175,0.9388868865129743,0.09315350381198793,-0.20539050253337238,379,0.40669906419723495,0,469
CN7_L_000434,434,-1.129445347695208,-0.9263904713038393,0.2582185057665573,-1.1641662255263823,-0.9024657082140384,-0.7111644212715653,-0.642289796896626,0.0,0.5998323253659051,-0.7957303657393812,-0.13202164084538018,-0.40997544119473406,-0.01048137862261042,-0.03704225965348172,0.22849007493836115,0.5047433789545571,0.3449574316137456,-0.0377282136292905,-1.0264522274911068,0.008132912368788797,0.923887288147482,1.4424707271569734,-0.049914894482060906,-0.3049218169580146,346,0.40641464426167684,0,470
CN7_L_000437,437,0.07422139753435131,-0.12046120533392016,0.20913491444578564,0.36104749346610326,-0.9024657082140384,-0.7111644212715653,-0.7026539645658552,0.0,0.21044534820434588,0.049553186478838565,-0.13202164084538018,-0.40997544119473406,-0.01048137862261042,0.8425919377659722,0.9907535879355144,0.0561532265506022,-1.0429539430941461,0.279582480052895,1.3968731308804654,0.6236046719961829,-0.8975710862039038,0.33458781455609526,-0.12144772922772068,-0.3049218169580146,349,0.4057267512130113,0,471
CN7_L_000320,320,0.07422139753435131,-0.12046120533392016,-0.1344408630618093,-0.6557616525288871,0.978580361513066,1.2025024719774604,-0.642289796896626,0.0,0.01575557309299311,0.049553186478838565,-0.13202164084538018,0.6352098982042783,-0.01048137862261042,0.49073691658292357,0.22849007493836115,-0.8411639896421402,0.3449574316137456,0.279582480052895,0.5040506141306441,-0.29962644618755063,1.3792866238268513,-0.8740180134372624,-0.90832119104226,-0.8523411986906625,255,0.4047559193070822,0,472
CN7_L_000593,593,-0.3270136055008128,-0.12046120533392016,0.307302097087329,-0.6557616525288871,-0.9024657082140384,-0.7111644212715653,-0.7026539645658552,0.0,0.40514255025455237,0.049553186478838565,-0.13202164084538018,0.6352098982042783,-0.01048137862261042,1.0185160928193289,0.9907535879355144,0.7290726830027427,0.06735821439464394,-0.0377282136292905,0.6316022484226123,0.3158922709251282,0.4685574366511583,1.9460545678009724,0.16468770295901236,-0.15562484532105123,473,0.40360613504386567,0,473
CN7_L_000275,275,-0.3270136055008128,-0.523416230884195,-0.1344408630618093,-0.6557616525288871,0.978580361513066,1.2025024719774604,-0.642289796896626,0.0,0.21044534820434588,-0.7957303657393812,-0.13202164084538018,0.6352098982042783,-0.9606703834971348,0.49073691658292357,0.22849007493836115,-0.16817607749758343,-0.48775550865594286,-0.0377282136292905,0.5040506141306441,0.6236046719961829,0.923887288147482,-0.37043417279326324,-1.194456623228993,-1.051403827539947,218,0.40308776593465584,0,474
CN7_L_000436,436,-0.3270136055008128,-0.12046120533392016,0.16005132312501397,0.36104749346610326,-0.9024657082140384,-0.7111644212715653,-0.7026539645658552,0.0,0.21044534820434588,0.8948528614473485,-0.13202164084538018,-0.40997544119473406,0.623042399398512,0.8425919377659722,0.9907535879355144,0.9534019870509284,0.9001558660519489,-0.9895634650470151,0.3765379031326314,0.008132912368788797,0.4685574366511583,0.536018277181855,-0.12144772922772068,-0.35468652496937425,348,0.4023721011871915,0,475
CN7_L_000319,319,-0.3270136055008128,-0.12046120533392016,0.11097709354204904,-0.14735707953139193,0.978580361513066,1.2025024719774604,-0.7026539645658552,0.0,0.21044534820434588,-0.7957303657393812,-0.13202164084538018,0.6352098982042783,0.623042399398512,0.49073691658292357,0.6096145619533219,0.9534019870509284,-1.0429539430941461,-0.355038907311476,-0.6438362479091579,0.008132912368788797,0.923887288147482,-0.37043417279326324,-0.90832119104226,-0.8523411986906625,254,0.4018890633951532,0,476
CN7_L_000330,330,0.07422139753435131,-0.12046120533392016,-0.03627368042026596,0.36104749346610326,0.978580361513066,1.2025024719774604,-0.642289796896626,0.0,0.21044534820434588,0.049553186478838565,-0.13202164084538018,0.6352098982042783,-0.6439568255651532,1.0185160928193289,0.9907535879355144,-0.392505381545769,1.1777550832710504,-0.0377282136292905,0.7591538827145803,-0.9150982058149447,0.013158100971789112,-0.37043417279326324,-0.7652541571495758,-0.8025764906793029,262,0.4018487620871969,0,477
CN7_L_000504,504,0.07422139753435131,-0.12046120533392016,0.307302097087329,0.36104749346610326,-0.9024657082140384,-0.7111644212715653,-0.7026539645658552,0.0,0.01575557309299311,1.7401525364158585,-0.13202164084538018,0.6352098982042783,0.623042399398512,0.6666610716362802,0.6096145619533219,1.626321443503069,0.3449574316137456,-0.355038907311476,0.3765379031326314,0.3158922709251282,0.013158100971789112,1.2410402645312135,0.23622190210603677,-0.1058591881087301,400,0.40183894073706056,0,478
CN7_L_000297,297,-0.3270136055008128,-0.523416230884195,-0.1344408630618093,-0.6557616525288871,0.978580361513066,1.2025024719774604,-0.642289796896626,0.0,0.21044534820434588,0.049553186478838565,-0.13202164084538018,0.6352098982042783,-0.32719493655459203,0.31480605045323157,0.22849007493836115,0.5047433789545571,0.3449574316137456,0.5968931737350806,-1.154003861783075,0.008132912368788797,0.923887288147482,-0.47114940410614314,-0.9798553901892844,-0.9021068559029836,235,0.40180214528115393,0,479
CN7_L_000586,586,-0.728248608535977,-0.9263904713038393,0.35638568840810064,-1.1641662255263823,-0.9024657082140384,-0.7111644212715653,-0.7026539645658552,0.0,0.40514255025455237,0.8948528614473485,1.026546834584599,-0.40997544119473406,-0.9606703834971348,0.6666610716362802,0.6096145619533219,0.28041407490637155,-0.21015629143684125,-0.355038907311476,0.7591538827145803,0.3158922709251282,0.4685574366511583,1.5431859584698533,0.16468770295901236,-0.1058591881087301,469,0.4012229067484743,0,480
CN7_L_000270,270,-0.3270136055008128,-0.12046120533392016,-0.08535727174103763,0.36104749346610326,0.978580361513066,1.2025024719774604,-0.7026539645658552,0.0,0.01575557309299311,0.8948528614473485,-0.13202164084538018,0.6352098982042783,0.3062805103879508,0.6666610716362802,0.6096145619533219,-0.392505381545769,0.06735821439464394,-0.6723496009936615,-0.8989005931991387,-0.29962644618755063,0.4685574366511583,-0.47114940410614314,-1.2659908223760175,-1.1509341927636276,214,0.40005765783080843,0,481
CN7_L_000402,402,-0.3270136055008128,-0.523416230884195,0.061893502221277374,-0.6557616525288871,-0.9024657082140384,1.2025024719774604,-0.7026539645658552,0.0,0.21044534820434588,-0.7957303657393812,-0.13202164084538018,0.6352098982042783,-0.32719493655459203,0.6666610716362802,0.6096145619533219,0.0561532265506022,0.3449574316137456,-0.355038907311476,0.5040506141306441,0.6236046719961829,0.4685574366511583,0.43530304586897517,-0.2645161275217695,-0.4044521821816954,321,0.3981768495918935,0,482
CN7_L_000435,435,0.07422139753435131,-0.12046120533392016,0.20913491444578564,-0.6557616525288871,-0.9024657082140384,-0.7111644212715653,-0.7026539645658552,0.0,0.01575557309299311,0.049553186478838565,-0.13202164084538018,0.6352098982042783,0.623042399398512,0.49073691658292357,0.6096145619533219,-0.392505381545769,0.3449574316137456,0.279582480052895,-0.7713878822011261,1.239076431623577,1.3792866238268513,0.636733508494735,-0.049914894482060906,-0.35468652496937425,347,0.39810160952717677,0,483
CN7_L_000289,289,0.07422139753435131,-0.12046120533392016,0.012809910900505709,0.36104749346610326,0.978580361513066,1.2025024719774604,-0.7026539645658552,0.0,0.21044534820434588,-0.7957303657393812,-0.13202164084538018,0.6352098982042783,-0.32719493655459203,0.6666610716362802,0.6096145619533219,0.7290726830027427,-0.7653547258750445,0.5968931737350806,-0.6438362479091579,-0.29962644618755063,0.4685574366511583,-0.47114940410614314,-1.1229237884833332,-1.0016381703276258,228,0.39795207332344357,0,484
