record_id,pattern_row,Injection_Time,Filling_Time,Plasticizing_Time,Cycle_Time,Clamp_Close_Time,Cushion_Position,Plasticizing_Position,Clamp_Open_Position,Max_Injection_Speed,Max_Screw_RPM,Average_Screw_RPM,Max_Injection_Pressure,Max_Switch_Over_Pressure,Max_Back_Pressure,Average_Back_Pressure,Barrel_Temperature_1,Barrel_Temperature_2,Barrel_Temperature_3,Barrel_Temperature_4,Barrel_Temperature_5,Barrel_Temperature_6,Hopper_Temperature,Mold_Temperature_3,Mold_Temperature_4,input_position,if_score,label,if_rank
CN7_L_000605,605,-7.549090604630035,-7.776798839482837,20.038456444622817,-3.706092122256563,-0.9024657082140384,6.9435031517245385,-2.8769620681080283,0.0,8.776929138003235,3.4307518863528785,16.086876378791573,-10.861190943613664,-10.462947080871016,-1.2685314782559842,-6.631852464101554,0.0561532265506022,-0.7653547258750445,0.914107037788434,1.6519763994644017,-0.29962644618755063,2.290015811002544,1.4424707271569734,0.09315350381198793,-0.20539050253337238,362,0.7944266014557074,0,1
CN7_L_000604,604,-4.740483847259819,-4.553062560733791,9.829303493347478,-1.6725707985238774,-0.9024657082140384,3.1161693652264866,-1.4878489394388819,0.0,5.467150972538262,1.7401525364158585,10.294387547102595,-5.6355831924042,-5.711808732184076,0.13888189539987494,-3.2016884640652123,-0.8411639896421402,1.1777550832710504,-0.9895634650470151,1.7794891104624142,0.3158922709251282,0.013158100971789112,1.4424707271569734,0.09315350381198793,-0.20539050253337238,361,0.710687752902446,0,2
CN7_L_000059,59,-3.938052105065424,-4.150107535183516,-0.42893304924863257,-2.1809753715213724,0.978580361513066,-2.6131626139519994,1.4716080594590133,0.0,9.555703092326354,0.8948528614473485,-0.13202164084538018,-3.545371986498973,1.5732314042730364,-2.8518757180415353,-2.82054943808302,1.177731291099114,-1.0429539430941461,-0.355038907311476,-0.006116999743272883,-0.29962644618755063,-0.8975710862039038,-1.075448476063022,1.2376965969602847,1.3871048330551345,39,0.5669105845305517,1,3
CN7_L_000048,48,1.6791231457990747,1.8943715670255628,-0.33076586660708923,0.36104749346610326,0.978580361513066,1.2025024719774604,1.4716080594590133,0.0,-1.3470951335030374,-0.7957303657393812,-0.13202164084538018,0.6352098982042783,1.5732314042730364,-1.0926073232026277,-0.9148979250737528,-0.16817607749758343,2.8431809638104273,0.5968931737350806,-0.5162846136171899,-2.7615134846971268,1.834616475323175,0.43530304586897517,1.309230796107309,1.3871048330551345,33,0.5376893378823704,1,4
CN7_L_000058,58,-3.938052105065424,-4.150107535183516,-0.2816916370241243,1.8862612124585887,0.978580361513066,-2.6131626139519994,1.4716080594590133,0.0,9.166316115164793,0.049553186478838565,-0.13202164084538018,-3.545371986498973,1.256517846341055,-1.4444623443856761,-1.2960369510559453,-1.9627420541906522,0.06735821439464394,0.279582480052895,-0.7713878822011261,0.008132912368788797,0.4685574366511583,-0.06828079477502394,1.1661623978132603,1.3871048330551345,38,0.5365115475543468,1,5
CN7_L_000103,103,0.47545640056951544,0.6854680606359991,-0.5271002318901759,0.36104749346610326,-0.9024657082140384,-0.7111644212715653,1.4716080594590133,0.0,-0.5683211791799189,0.8948528614473485,-0.13202164084538018,-0.40997544119473406,-0.32719493655459203,-2.148165675675438,-2.0582859250858667,0.9534019870509284,-2.153266100582936,0.5968931737350806,-1.7917231099489601,0.008132912368788797,2.745415146681913,-2.0826161573510205,1.2376965969602847,1.3373391758428135,64,0.5326298235669219,0,6
CN7_L_000036,36,0.8766531397287465,0.6854680606359991,-0.33076586660708923,12.562466340634103,0.978580361513066,-0.7111644212715653,1.4716080594590133,0.0,-0.5683211791799189,-0.7957303657393812,-0.13202164084538018,-0.40997544119473406,-0.01048137862261042,-1.620386499439033,-1.6771614380709061,2.0749800515994403,-2.153266100582936,-0.9895634650470151,-0.3887329793252218,-0.6073388472586053,0.4685574366511583,-0.9747332447501422,1.309230796107309,1.3871048330551345,23,0.5176196145281532,0,7
CN7_L_000022,22,2.080358148834239,1.8943715670255628,-0.7234252354354558,1.8862612124585887,0.978580361513066,-0.7111644212715653,1.4716080594590133,0.0,-1.3470951335030374,0.8948528614473485,-1.2905901162753592,0.6352098982042783,1.5732314042730364,-0.9166764570729355,-0.5337734380587921,0.28041407490637155,-0.21015629143684125,1.2314177314706196,0.7591538827145803,-1.8383293239986782,0.923887288147482,-1.176163707375902,1.1661623978132603,1.2875735186304924,13,0.515639497716347,0,8
CN7_L_000016,16,0.47545640056951544,0.6854680606359991,-0.5761838232109475,0.36104749346610326,2.8595367380268515,-0.7111644212715653,1.592428553832081,0.0,-0.5683211791799189,0.8948528614473485,-0.13202164084538018,-2.5001866470999605,-0.6439568255651532,-1.4444623443856761,-1.2960369510559453,1.4019921394548833,0.3449574316137456,-0.0377282136292905,0.3765379031326314,0.3158922709251282,1.3792866238268513,-0.9747332447501422,0.9515611647735517,1.2378078614181713,10,0.5087825059705567,0,9
CN7_L_000002,2,1.6791231457990747,1.8943715670255628,-0.5271002318901759,1.3778566394610936,0.978580361513066,1.2025024719774604,1.4716080594590133,0.0,-1.3470951335030374,1.7401525364158585,-0.13202164084538018,0.6352098982042783,1.256517846341055,-0.740752302019579,-0.5337734380587921,0.7290726830027427,-0.7653547258750445,1.2314177314706196,0.8867055170065484,-0.29962644618755063,0.013158100971789112,-1.176163707375902,1.1661623978132603,1.3373391758428135,1,0.5072687947018042,0,10
CN7_L_000209,209,0.47545640056951544,0.6854680606359991,-0.3798494579278609,0.36104749346610326,0.978580361513066,1.2025024719774604,-0.5214693025235582,0.0,-0.5683211791799189,0.049553186478838565,-0.13202164084538018,1.6802357647104924,1.256517846341055,1.5462952690557341,1.7530171009326676,0.5047433789545571,1.4552695891025356,0.279582480052895,0.24898626884066333,-0.29962644618755063,-0.8975710862039038,-0.47114940410614314,-1.9097958858965078,-1.598823209272595,128,0.5037440763630976,0,11
CN7_L_000037,37,0.47545640056951544,0.6854680606359991,-0.23260804570335264,0.36104749346610326,0.978580361513066,-0.7111644212715653,1.411243891789784,0.0,-0.5683211791799189,-1.641030040707891,-1.2905901162753592,-1.4550013077009483,-0.01048137862261042,-1.9722415206220814,-1.6771614380709061,-0.16817607749758343,-0.21015629143684125,0.914107037788434,-1.5366198413650238,2.4700669083636497,0.013158100971789112,-1.075448476063022,1.309230796107309,1.3871048330551345,24,0.5033831814392772,0,12
CN7_L_000054,54,0.47545640056951544,0.28251303508572423,-0.47801664056940424,0.36104749346610326,0.978580361513066,-0.7111644212715653,1.4716080594590133,0.0,-0.37363140406856615,-0.7957303657393812,-0.13202164084538018,-1.4550013077009483,-0.9606703834971348,-1.620386499439033,-1.6771614380709061,-2.1870029025464213,-1.598067666144733,-2.2588062397757573,0.12143463454869523,-0.9150982058149447,0.4685574366511583,-0.571864635419023,1.1661623978132603,1.3373391758428135,36,0.5004168096788022,1,13
CN7_L_000117,117,2.080358148834239,1.8943715670255628,-0.2816916370241243,0.36104749346610326,-0.9024657082140384,-0.7111644212715653,1.592428553832081,0.0,-1.3470951335030374,-0.7957303657393812,-1.2905901162753592,0.6352098982042783,1.8899932932835977,-0.9166764570729355,-0.5337734380587921,0.28041407490637155,1.7328688063216373,2.183349812517176,-0.006116999743272883,1.239076431623577,0.4685574366511583,-0.8740180134372624,1.1661623978132603,1.2875735186304924,70,0.5001849835901434,0,14
CN7_L_000019,19,1.2778881427639106,1.0884423010556434,-0.7234252354354558,0.36104749346610326,2.8595367380268515,-0.7111644212715653,1.532018306645547,0.0,-0.7630183812301254,1.7401525364158585,-0.13202164084538018,-0.40997544119473406,-0.01048137862261042,-1.4444623443856761,-1.2960369510559453,-0.16817607749758343,0.6225566488328472,-0.6723496009936615,-1.154003861783075,0.008132912368788797,-0.8975710862039038,-0.9747332447501422,1.0230939995192114,1.2378078614181713,12,0.5000744322975327,0,15
CN7_L_000110,110,0.47545640056951544,0.6854680606359991,-0.5761838232109475,0.36104749346610326,-0.9024657082140384,-0.7111644212715653,1.4716080594590133,0.0,-0.5683211791799189,-0.7957303657393812,-1.2905901162753592,-2.5001866470999605,-0.32719493655459203,-1.620386499439033,-1.2960369510559453,0.5047433789545571,-2.153266100582936,2.183349812517176,1.5244247651724334,0.3158922709251282,0.013158100971789112,-0.9747332447501422,1.1661623978132603,1.3373391758428135,67,0.49933809802723655,0,16
CN7_L_000082,82,0.47545640056951544,0.6854680606359991,-0.3798494579278609,0.36104749346610326,-0.9024657082140384,-0.7111644212715653,1.411243891789784,0.0,-0.5683211791799189,-0.7957303657393812,-1.2905901162753592,-1.4550013077009483,-0.6439568255651532,-1.7963106544923895,-1.6771614380709061,-0.392505381545769,-0.21015629143684125,1.8660391188349905,0.3765379031326314,-2.453801083626072,0.4685574366511583,-1.6797475480199011,1.380763630852969,1.3871048330551345,49,0.4990823316757862,0,17
CN7_L_000012,12,1.6791231457990747,1.4913973266059182,-0.5271002318901759,1.3778566394610936,0.978580361513066,-0.7111644212715653,1.592428553832081,0.0,-1.152397931452831,-1.641030040707891,-0.13202164084538018,0.6352098982042783,1.256517846341055,-0.38889728083653036,-0.15263441207659956,-0.16817607749758343,-1.3205531603132479,-1.6241848524113862,1.5244247651724334,-1.5305699654423388,-1.8083002733795968,-0.9747332447501422,1.0946281986662358,1.2875735186304924,9,0.4989062807116744,0,18
CN7_L_000063,63,0.47545640056951544,0.28251303508572423,-0.5761838232109475,0.36104749346610326,0.978580361513066,1.2025024719774604,1.4716080594590133,0.0,-0.37363140406856615,0.8948528614473485,-0.13202164084538018,-1.4550013077009483,-1.5941941615182573,-1.4444623443856761,-1.2960369510559453,2.0749800515994403,0.3449574316137456,-0.0377282136292905,0.5040506141306441,-1.2228106068859994,0.4685574366511583,-1.075448476063022,1.2376965969602847,1.3871048330551345,41,0.49725846217545105,0,19
CN7_L_000026,26,0.47545640056951544,0.28251303508572423,-0.5271002318901759,0.36104749346610326,0.978580361513066,-0.7111644212715653,1.4716080594590133,0.0,-0.37363140406856615,0.049553186478838565,-0.13202164084538018,-1.4550013077009483,-0.9606703834971348,-1.620386499439033,-1.2960369510559453,-1.514083446094281,2.010468023540739,-1.3068741587292005,-0.006116999743272883,2.1623075498073105,-0.8975710862039038,-0.9747332447501422,1.0230939995192114,1.2875735186304924,17,0.4967884377464287,0,20
CN7_L_000009,9,1.2778881427639106,1.4913973266059182,-0.47801664056940424,0.36104749346610326,0.978580361513066,-0.7111644212715653,1.4716080594590133,0.0,-0.9577081563414782,-0.7957303657393812,-1.2905901162753592,-0.40997544119473406,1.256517846341055,-1.4444623443856761,-1.2960369510559453,0.5047433789545571,-0.7653547258750445,2.50056367657053,-1.6641714756569919,-1.8383293239986782,-0.8975710862039038,-0.2697112574007837,0.9515611647735517,1.3373391758428135,6,0.4958185972299749,0,21
CN7_L_000207,207,0.8766531397287465,0.6854680606359991,-0.3798494579278609,0.36104749346610326,0.978580361513066,1.2025024719774604,-0.642289796896626,0.0,-0.37363140406856615,-0.7957303657393812,-0.13202164084538018,1.6802357647104924,0.9397559573304937,1.5462952690557341,1.7530171009326676,1.8506507475512546,0.9001558660519489,-0.0377282136292905,0.7591538827145803,0.3158922709251282,0.013158100971789112,0.43530304586897517,-1.9097958858965078,-1.598823209272595,127,0.4953567973134336,0,22
CN7_L_000211,211,-0.3270136055008128,-0.12046120533392016,-0.08535727174103763,-0.6557616525288871,0.978580361513066,1.2025024719774604,-0.7026539645658552,0.0,0.01575557309299311,-2.486329715676401,-0.13202164084538018,0.6352098982042783,-0.01048137862261042,0.31480605045323157,0.22849007493836115,0.7290726830027427,-0.7653547258750445,2.50056367657053,-1.409107130367011,0.6236046719961829,2.290015811002544,-0.7732950980447828,-1.9097958858965078,-1.598823209272595,130,0.49430134702830436,0,23
CN7_L_000017,17,0.8766531397287465,0.6854680606359991,-0.6252674145317192,0.36104749346610326,2.8595367380268515,-0.7111644212715653,1.4716080594590133,0.0,-0.7630183812301254,0.049553186478838565,-1.2905901162753592,-0.40997544119473406,-0.32719493655459203,-1.7963106544923895,-1.6771614380709061,-0.16817607749758343,2.010468023540739,-0.355038907311476,-0.3887329793252218,-0.6073388472586053,0.013158100971789112,-1.176163707375902,1.0946281986662358,1.2378078614181713,11,0.49294734227454196,0,24
CN7_L_000242,242,0.47545640056951544,0.28251303508572423,-0.08535727174103763,-0.6557616525288871,0.978580361513066,3.1161693652264866,-0.642289796896626,0.0,0.01575557309299311,-0.7957303657393812,-0.13202164084538018,1.6802357647104924,-0.32719493655459203,1.0185160928193289,0.9907535879355144,0.7290726830027427,2.8431809638104273,0.5968931737350806,-0.8989005931991387,0.3158922709251282,-0.44224123470758003,-0.47114940410614314,-1.6951946528567994,-1.3997615296242718,150,0.49236899282516067,0,25
CN7_L_000194,194,0.07422139753435131,0.28251303508572423,-0.1344408630618093,0.36104749346610326,0.978580361513066,-0.7111644212715653,-0.5818795497100921,0.0,0.01575557309299311,-0.7957303657393812,-0.13202164084538018,1.6802357647104924,0.9397559573304937,1.1944402478726854,1.371878074950475,0.0561532265506022,0.3449574316137456,-0.6723496009936615,-0.8989005931991387,2.1623075498073105,-1.8083002733795968,0.43530304586897517,-1.9097958858965078,-1.648588866484916,118,0.49231336563387706,0,26
CN7_L_000023,23,1.2778881427639106,1.4913973266059182,-0.6743510058524909,1.3778566394610936,0.978580361513066,-0.7111644212715653,1.592428553832081,0.0,-1.152397931452831,-0.7957303657393812,-0.13202164084538018,0.6352098982042783,1.5732314042730364,-0.5648281469662223,-0.15263441207659956,2.2993093556476256,0.6225566488328472,1.2314177314706196,1.2693214965884974,-0.29962644618755063,-0.8975710862039038,-1.075448476063022,1.0946281986662358,1.2875735186304924,14,0.4910164554106701,0,27
CN7_L_000223,223,0.07422139753435131,0.28251303508572423,-0.1344408630618093,-0.6557616525288871,0.978580361513066,1.2025024719774604,-0.7026539645658552,0.0,0.01575557309299311,1.7401525364158585,-0.13202164084538018,1.6802357647104924,-0.32719493655459203,1.3703711140023773,1.371878074950475,1.626321443503069,0.06735821439464394,-0.355038907311476,-0.3887329793252218,-0.9150982058149447,-2.719098944738335,-0.2697112574007837,-1.9097958858965078,-1.598823209272595,136,0.49098261826132383,0,28
CN7_L_000247,247,-0.728248608535977,-0.9263904713038393,-0.2816916370241243,-1.1641662255263823,0.978580361513066,3.1161693652264866,-0.7026539645658552,0.0,0.40514255025455237,0.8948528614473485,-0.13202164084538018,0.6352098982042783,-2.2276696084608,0.31480605045323157,0.22849007493836115,-0.392505381545769,-0.21015629143684125,1.2314177314706196,0.3765379031326314,0.9313640305525223,0.923887288147482,-0.2697112574007837,-1.5521262545627506,-1.3499958724119507,153,0.4901344909821939,0,29
CN7_L_000156,156,2.080358148834239,1.8943715670255628,-0.2816916370241243,1.8862612124585887,-0.9024657082140384,-0.7111644212715653,1.4716080594590133,0.0,-1.152397931452831,-0.7957303657393812,-0.13202164084538018,0.6352098982042783,1.5732314042730364,-1.2685314782559842,-0.9148979250737528,-0.6168346855939546,1.1777550832710504,-2.8933307975112963,0.12143463454869523,1.5468357901799163,0.013158100971789112,-0.672579866731903,1.1661623978132603,1.3871048330551345,96,0.4865179322431401,0,30
CN7_L_000031,31,1.6791231457990747,1.4913973266059182,-0.6252674145317192,1.8862612124585887,0.978580361513066,-0.7111644212715653,1.592428553832081,0.0,-0.9577081563414782,0.8948528614473485,-0.13202164084538018,-0.40997544119473406,1.256517846341055,-0.5648281469662223,-0.5337734380587921,-0.16817607749758343,0.9001558660519489,-0.0377282136292905,1.141769862296529,0.3158922709251282,-2.263699609058966,-1.075448476063022,1.309230796107309,1.3871048330551345,21,0.48558174221410777,0,31
CN7_L_000068,68,1.2778881427639106,1.4913973266059182,-0.3798494579278609,0.8694520664635984,0.978580361513066,-0.7111644212715653,1.592428553832081,0.0,-0.9577081563414782,0.049553186478838565,-0.13202164084538018,0.6352098982042783,1.256517846341055,-0.740752302019579,-0.9148979250737528,1.177731291099114,-1.3205531603132479,-0.6723496009936615,-1.0264522274911068,2.1623075498073105,1.834616475323175,-1.9819009260381404,1.309230796107309,1.3871048330551345,44,0.4846276928869269,0,32
CN7_L_000055,55,0.47545640056951544,0.6854680606359991,-0.47801664056940424,0.36104749346610326,2.8595367380268515,-0.7111644212715653,1.4716080594590133,0.0,-0.37363140406856615,0.8948528614473485,-0.13202164084538018,-0.40997544119473406,-0.6439568255651532,-1.4444623443856761,-1.2960369510559453,0.0561532265506022,-0.21015629143684125,0.5968931737350806,-0.5162846136171899,0.3158922709251282,1.834616475323175,-0.9747332447501422,1.0230939995192114,1.2875735186304924,37,0.48345223286070654,1,33
CN7_L_000195,195,0.8766531397287465,0.6854680606359991,0.012809910900505709,0.36104749346610326,0.978580361513066,1.2025024719774604,-0.642289796896626,0.0,-0.37363140406856615,-0.7957303657393812,-0.13202164084538018,1.6802357647104924,0.623042399398512,1.5462952690557341,1.371878074950475,1.4019921394548833,0.06735821439464394,0.914107037788434,0.12143463454869523,-2.146041725069733,-1.352970421883273,-0.672579866731903,-1.8382630511508482,-1.598823209272595,119,0.4833155533981012,0,34
CN7_L_000546,546,-1.129445347695208,-1.329345496854114,0.454552871049644,0.36104749346610326,-0.9024657082140384,-0.7111644212715653,-0.7630642117523891,0.0,0.7945295274161116,0.8948528614473485,1.026546834584599,-1.4550013077009483,-0.9606703834971348,0.31480605045323157,0.22849007493836115,-1.2897541420460952,1.7328688063216373,-0.0377282136292905,1.3968731308804654,1.8545951487362557,-0.8975710862039038,1.6439011897827331,0.3077547368516965,-0.05609448009737051,327,0.48312179126506277,0,35
CN7_L_000095,95,1.2778881427639106,1.4913973266059182,-0.3798494579278609,0.36104749346610326,-0.9024657082140384,-0.7111644212715653,1.4716080594590133,0.0,-1.152397931452831,-0.7957303657393812,-1.2905901162753592,0.6352098982042783,1.256517846341055,-1.2685314782559842,-1.2960369510559453,-0.8411639896421402,-1.3205531603132479,-0.9895634650470151,-1.7917231099489601,2.1623075498073105,2.290015811002544,-0.47114940410614314,1.1661623978132603,1.3373391758428135,58,0.48309718353346676,0,36
CN7_L_000147,147,2.080358148834239,2.2973265925758373,-0.42893304924863257,1.3778566394610936,-0.9024657082140384,-0.7111644212715653,1.4716080594590133,0.0,-1.5417849086143902,0.049553186478838565,-1.2905901162753592,0.6352098982042783,1.5732314042730364,-0.9166764570729355,-0.5337734380587921,-1.2897541420460952,-1.3205531603132479,-0.0377282136292905,0.8867055170065484,0.3158922709251282,0.013158100971789112,-0.8740180134372624,1.2376965969602847,1.3373391758428135,90,0.48274802641559195,0,37
CN7_L_000041,41,1.6791231457990747,1.8943715670255628,-0.5271002318901759,1.3778566394610936,0.978580361513066,-0.7111644212715653,1.411243891789784,0.0,-1.3470951335030374,-0.7957303657393812,-0.13202164084538018,0.6352098982042783,1.256517846341055,-0.740752302019579,-0.15263441207659956,-0.6168346855939546,2.010468023540739,-0.0377282136292905,0.5040506141306441,-0.29962644618755063,-0.44224123470758003,-1.176163707375902,1.380763630852969,1.3871048330551345,28,0.4819683724732704,0,38
CN7_L_000408,408,0.47545640056951544,0.28251303508572423,0.061893502221277374,0.36104749346610326,-0.9024657082140384,1.2025024719774604,-0.642289796896626,0.0,-0.17893420201835966,-0.7957303657393812,-0.13202164084538018,0.6352098982042783,1.5732314042730364,1.0185160928193289,1.371878074950475,-0.16817607749758343,3.398379398248631,0.914107037788434,0.3765379031326314,0.9313640305525223,1.834616475323175,0.8381716552000944,-0.1929819283747451,-0.35468652496937425,248,0.48194446172455957,0,39
CN7_L_000325,325,-1.129445347695208,-1.329345496854114,0.061893502221277374,-0.6557616525288871,0.978580361513066,-0.7111644212715653,-0.642289796896626,0.0,0.9892193025274644,0.049553186478838565,-1.2905901162753592,-0.40997544119473406,-1.9109077194502389,0.13888189539987494,0.22849007493836115,-0.8411639896421402,0.6225566488328472,0.5968931737350806,-1.154003861783075,0.9313640305525223,-0.8975710862039038,-0.37043417279326324,-0.8367869918952355,-0.8523411986906625,205,0.4818150388975774,0,40
CN7_L_000029,29,1.2778881427639106,1.4913973266059182,-0.47801664056940424,0.36104749346610326,0.978580361513066,-0.7111644212715653,1.411243891789784,0.0,-1.152397931452831,0.049553186478838565,-1.2905901162753592,0.6352098982042783,1.256517846341055,-1.2685314782559842,-0.9148979250737528,0.9534019870509284,1.1777550832710504,2.183349812517176,-1.9192747442409281,0.008132912368788797,0.4685574366511583,-1.075448476063022,1.309230796107309,1.3373391758428135,19,0.4818004740870945,0,41
CN7_L_000155,155,2.080358148834239,1.8943715670255628,-0.23260804570335264,0.36104749346610326,-0.9024657082140384,-0.7111644212715653,1.4716080594590133,0.0,-1.3470951335030374,0.049553186478838565,-0.13202164084538018,0.6352098982042783,1.256517846341055,-1.2685314782559842,-1.2960369510559453,-0.16817607749758343,0.06735821439464394,-0.6723496009936615,-1.6641714756569919,3.085538667991044,0.4685574366511583,-0.47114940410614314,1.1661623978132603,1.3871048330551345,95,0.481547841951505,0,42
CN7_L_000362,362,-1.5306803507303721,-1.329345496854114,0.012809910900505709,0.36104749346610326,0.978580361513066,1.2025024719774604,-0.5818795497100921,0.0,0.7945295274161116,-1.641030040707891,-0.13202164084538018,-1.4550013077009483,-1.277432272507696,0.6666610716362802,0.6096145619533219,0.5047433789545571,-0.21015629143684125,-0.0377282136292905,2.2896956476302868,0.3158922709251282,0.4685574366511583,-0.7732950980447828,-0.5506515597085025,-0.6035138618300183,221,0.481031641553315,0,43
CN7_L_000044,44,0.8766531397287465,1.0884423010556434,-0.3798494579278609,0.36104749346610326,2.8595367380268515,-0.7111644212715653,1.4716080594590133,0.0,-0.9577081563414782,-1.641030040707891,-0.13202164084538018,-0.40997544119473406,-0.01048137862261042,-1.2685314782559842,-1.2960369510559453,0.9534019870509284,1.1777550832710504,-0.0377282136292905,0.6316022484226123,-0.6073388472586053,0.923887288147482,-2.0826161573510205,1.309230796107309,1.3871048330551345,30,0.4803874713215115,0,44
CN7_L_000548,548,-1.129445347695208,-1.329345496854114,0.2582185057665573,-0.6557616525288871,-0.9024657082140384,-0.7111644212715653,-0.642289796896626,0.0,0.7945295274161116,3.4307518863528785,1.026546834584599,-1.4550013077009483,-1.9109077194502389,0.13888189539987494,-0.15263441207659956,-0.392505381545769,-0.21015629143684125,-1.6241848524113862,-0.13366863403524099,-1.5305699654423388,0.013158100971789112,1.3417554958440934,0.379288935998721,0.04343683432727175,328,0.4790455403019874,0,45
CN7_L_000525,525,-0.3270136055008128,-0.12046120533392016,0.2582185057665573,0.36104749346610326,-0.9024657082140384,1.2025024719774604,-0.5818795497100921,0.0,0.01575557309299311,-0.7957303657393812,1.026546834584599,-0.40997544119473406,0.9397559573304937,1.1944402478726854,0.9907535879355144,-1.0654248379979097,-1.8756668833638346,-0.355038907311476,1.2693214965884974,-0.29962644618755063,-1.352970421883273,1.9460545678009724,0.23622190210603677,-0.05609448009737051,316,0.4788769206235332,0,46
CN7_L_000049,49,1.6791231457990747,1.4913973266059182,-0.42893304924863257,1.8862612124585887,0.978580361513066,-0.7111644212715653,1.4716080594590133,0.0,-1.152397931452831,-1.641030040707891,-0.13202164084538018,0.6352098982042783,1.256517846341055,-0.5648281469662223,-0.15263441207659956,0.7290726830027427,-1.8756668833638346,0.5968931737350806,-0.6438362479091579,0.008132912368788797,0.4685574366511583,-1.075448476063022,1.309230796107309,1.3871048330551345,34,0.47884320660135654,0,47
CN7_L_000074,74,0.8766531397287465,0.6854680606359991,-0.42893304924863257,0.36104749346610326,0.978580361513066,-0.7111644212715653,1.4716080594590133,0.0,-0.5683211791799189,0.049553186478838565,-1.2905901162753592,-0.40997544119473406,-0.32719493655459203,-1.4444623443856761,-1.2960369510559453,0.9534019870509284,-0.48775550865594286,2.183349812517176,-1.0264522274911068,-1.5305699654423388,1.3792866238268513,-0.571864635419023,1.309230796107309,1.3871048330551345,47,0.47800930136581854,0,48
CN7_L_000141,141,0.47545640056951544,0.28251303508572423,-0.3798494579278609,0.36104749346610326,-0.9024657082140384,-0.7111644212715653,1.4716080594590133,0.0,-0.37363140406856615,0.8948528614473485,-0.13202164084538018,-1.4550013077009483,-1.9109077194502389,-1.9722415206220814,-2.0582859250858667,-0.8411639896421402,0.3449574316137456,-0.355038907311476,0.24898626884066333,1.5468357901799163,0.013158100971789112,-0.7732950980447828,1.1661623978132603,1.3373391758428135,86,0.47696860933591906,0,49
CN7_L_000111,111,0.47545640056951544,0.28251303508572423,-0.5761838232109475,0.36104749346610326,-0.9024657082140384,-0.7111644212715653,1.4716080594590133,0.0,-0.5683211791799189,0.049553186478838565,-0.13202164084538018,-2.5001866470999605,-0.9606703834971348,-1.9722415206220814,-2.0582859250858667,0.7290726830027427,-0.21015629143684125,0.279582480052895,1.0142571512985166,0.3158922709251282,0.013158100971789112,0.13314966785073584,1.1661623978132603,1.3373391758428135,68,0.47691450422728904,0,50
CN7_L_000458,458,-0.3270136055008128,-0.12046120533392016,0.2582185057665573,0.8694520664635984,-0.9024657082140384,-0.7111644212715653,-0.7630642117523891,0.0,0.01575557309299311,1.7401525364158585,-0.13202164084538018,-0.40997544119473406,0.3062805103879508,1.0185160928193289,1.371878074950475,0.9534019870509284,-1.598067666144733,-0.355038907311476,1.7794891104624142,-0.6073388472586053,2.290015811002544,1.4424707271569734,-0.049914894482060906,-0.2551561597456935,279,0.47559349341384927,0,51
CN7_L_000363,363,-1.5306803507303721,-1.329345496854114,0.11097709354204904,-0.6557616525288871,0.978580361513066,1.2025024719774604,-0.5818795497100921,0.0,0.7945295274161116,-0.7957303657393812,-0.13202164084538018,-1.4550013077009483,-2.2276696084608,-0.03704225965348172,0.22849007493836115,-0.8411639896421402,1.4552695891025356,0.279582480052895,1.3968731308804654,-0.29962644618755063,0.013158100971789112,-0.37043417279326324,-0.5506515597085025,-0.5537491538186587,222,0.4755129207099757,0,52
CN7_L_000234,234,0.47545640056951544,0.6854680606359991,-0.1344408630618093,0.36104749346610326,0.978580361513066,1.2025024719774604,-0.5214693025235582,0.0,-0.37363140406856615,-0.7957303657393812,-0.13202164084538018,1.6802357647104924,1.5732314042730364,1.3703711140023773,1.371878074950475,0.5047433789545571,0.3449574316137456,0.279582480052895,0.5040506141306441,0.6236046719961829,-1.8083002733795968,-0.37043417279326324,-1.7667288520038238,-1.4992928440489142,143,0.4753343208589053,0,53
CN7_L_000100,100,0.47545640056951544,0.6854680606359991,-0.3798494579278609,0.36104749346610326,-0.9024657082140384,-0.7111644212715653,1.4716080594590133,0.0,-0.5683211791799189,1.7401525364158585,-0.13202164084538018,-0.40997544119473406,-0.9606703834971348,-1.2685314782559842,-0.9148979250737528,-1.514083446094281,-1.0429539430941461,-1.3068741587292005,1.2693214965884974,0.008132912368788797,-1.352970421883273,-1.075448476063022,1.1661623978132603,1.2875735186304924,62,0.474861470436953,0,54
CN7_L_000164,164,1.2778881427639106,1.0884423010556434,-0.3798494579278609,10.020540443903922,-0.9024657082140384,-0.7111644212715653,1.4716080594590133,0.0,-0.9577081563414782,0.049553186478838565,-0.13202164084538018,0.6352098982042783,1.256517846341055,-1.7963106544923895,-1.6771614380709061,0.0561532265506022,0.3449574316137456,-0.355038907311476,-1.154003861783075,-0.9150982058149447,0.4685574366511583,-0.8740180134372624,1.1661623978132603,1.3871048330551345,101,0.4747880426174806,0,55
CN7_L_000010,10,1.2778881427639106,1.4913973266059182,-0.33076586660708923,0.36104749346610326,0.978580361513066,-0.7111644212715653,1.4716080594590133,0.0,-0.9577081563414782,-0.7957303657393812,-1.2905901162753592,-0.40997544119473406,0.9397559573304937,-0.9166764570729355,-0.5337734380587921,1.626321443503069,-0.48775550865594286,0.279582480052895,-1.409107130367011,-0.29962644618755063,0.013158100971789112,-0.47114940410614314,0.9515611647735517,1.18804220420585,7,0.4744061932283636,0,56
CN7_L_000567,567,-1.129445347695208,-1.329345496854114,0.4054692797288723,-0.6557616525288871,-0.9024657082140384,-0.7111644212715653,-0.7026539645658552,0.0,0.7945295274161116,1.7401525364158585,1.026546834584599,-2.5001866470999605,-2.2276696084608,0.31480605045323157,-0.15263441207659956,0.7290726830027427,-1.0429539430941461,0.279582480052895,0.8867055170065484,-0.29962644618755063,0.923887288147482,0.7374564238872144,0.23622190210603677,-0.05609448009737051,340,0.47390817187118006,0,57
CN7_L_000231,231,0.07422139753435131,0.28251303508572423,-0.08535727174103763,0.36104749346610326,0.978580361513066,1.2025024719774604,-0.7026539645658552,0.0,-0.17893420201835966,-0.7957303657393812,-0.13202164084538018,0.6352098982042783,0.623042399398512,0.8425919377659722,0.9907535879355144,0.7290726830027427,-0.48775550865594286,1.548728425152805,-1.6641714756569919,-2.146041725069733,-1.352970421883273,-0.9747332447501422,-1.8382630511508482,-1.5490585012612352,140,0.4736731791682712,0,58
CN7_L_000200,200,0.47545640056951544,0.28251303508572423,-0.1344408630618093,0.36104749346610326,0.978580361513066,1.2025024719774604,-0.642289796896626,0.0,0.01575557309299311,-0.7957303657393812,-0.13202164084538018,1.6802357647104924,-0.01048137862261042,1.1944402478726854,1.371878074950475,2.0749800515994403,-1.3205531603132479,-1.9414955460935717,-0.6438362479091579,-0.6073388472586053,-0.8975710862039038,-0.571864635419023,-1.9097958858965078,-1.598823209272595,123,0.47293237929587306,0,59
CN7_L_000034,34,0.47545640056951544,0.28251303508572423,-0.6252674145317192,0.36104749346610326,0.978580361513066,-0.7111644212715653,1.4716080594590133,0.0,-0.37363140406856615,0.049553186478838565,-0.13202164084538018,-1.4550013077009483,-1.5941941615182573,-1.4444623443856761,-1.2960369510559453,0.28041407490637155,0.06735821439464394,0.914107037788434,1.0142571512985166,0.008132912368788797,-1.352970421883273,-1.9819009260381404,1.0946281986662358,1.3373391758428135,22,0.47289328348742243,0,60
CN7_L_000040,40,2.080358148834239,1.8943715670255628,-0.47801664056940424,0.36104749346610326,0.978580361513066,-0.7111644212715653,1.4716080594590133,0.0,-1.3470951335030374,0.049553186478838565,-0.13202164084538018,0.6352098982042783,1.256517846341055,-0.740752302019579,-0.5337734380587921,-0.392505381545769,0.9001558660519489,-0.0377282136292905,-0.3887329793252218,1.5468357901799163,0.923887288147482,-1.276878938688782,1.309230796107309,1.3871048330551345,27,0.4727018661613329,1,61
CN7_L_000461,461,-1.5306803507303721,-1.7323197372737587,0.061893502221277374,-1.1641662255263823,-0.9024657082140384,-0.7111644212715653,-0.5214693025235582,0.0,0.7945295274161116,0.049553186478838565,-0.13202164084538018,-2.5001866470999605,-1.277432272507696,0.13888189539987494,0.22849007493836115,0.5047433789545571,-0.7653547258750445,1.2314177314706196,0.8867055170065484,0.008132912368788797,-0.8975710862039038,0.7374564238872144,-0.049914894482060906,-0.20539050253337238,282,0.4725706170637803,0,62
CN7_L_000233,233,0.47545640056951544,0.28251303508572423,-0.1344408630618093,0.36104749346610326,0.978580361513066,1.2025024719774604,-0.642289796896626,0.0,-0.17893420201835966,-1.641030040707891,-0.13202164084538018,1.6802357647104924,0.623042399398512,1.5462952690557341,1.7530171009326676,2.2993093556476256,0.6225566488328472,-0.0377282136292905,-0.13366863403524099,0.3158922709251282,0.013158100971789112,-0.47114940410614314,-1.7667288520038238,-1.4992928440489142,142,0.47210725446067736,0,63
CN7_L_000079,79,1.2778881427639106,1.4913973266059182,-0.5761838232109475,0.36104749346610326,-0.9024657082140384,-0.7111644212715653,1.4716080594590133,0.0,-1.152397931452831,0.049553186478838565,-1.2905901162753592,0.6352098982042783,0.623042399398512,-0.9166764570729355,-0.5337734380587921,-1.0654248379979097,1.1777550832710504,-1.9414955460935717,1.141769862296529,-0.6073388472586053,-0.8975710862039038,-1.075448476063022,1.309230796107309,1.3871048330551345,48,0.47173553785478545,0,64
CN7_L_000160,160,0.8766531397287465,0.6854680606359991,-0.47801664056940424,0.36104749346610326,-0.9024657082140384,-0.7111644212715653,1.411243891789784,0.0,-0.7630183812301254,-1.641030040707891,-0.13202164084538018,-1.4550013077009483,-0.01048137862261042,-1.7963106544923895,-1.6771614380709061,2.2993093556476256,-0.48775550865594286,1.2314177314706196,1.141769862296529,0.3158922709251282,0.013158100971789112,-1.9819009260381404,1.0946281986662358,1.3871048330551345,99,0.47162346657618526,0,65
CN7_L_000039,39,1.2778881427639106,1.4913973266059182,-0.5271002318901759,0.36104749346610326,0.978580361513066,-0.7111644212715653,1.532018306645547,0.0,-0.9577081563414782,0.8948528614473485,-0.13202164084538018,-0.40997544119473406,0.9397559573304937,-1.0926073232026277,-0.9148979250737528,-1.0654248379979097,0.06735821439464394,2.50056367657053,-1.154003861783075,0.6236046719961829,0.013158100971789112,-1.075448476063022,1.309230796107309,1.3871048330551345,26,0.4711779567902922,0,66
CN7_L_000045,45,0.8766531397287465,0.6854680606359991,-0.5271002318901759,0.36104749346610326,2.8595367380268515,-0.7111644212715653,1.411243891789784,0.0,-0.7630183812301254,-0.7957303657393812,-0.13202164084538018,-0.40997544119473406,0.3062805103879508,-1.620386499439033,-1.2960369510559453,-0.6168346855939546,-2.153266100582936,-0.0377282136292905,-0.26118134503325363,0.6236046719961829,0.4685574366511583,-1.075448476063022,1.309230796107309,1.3871048330551345,31,0.4705431655739756,0,67
CN7_L_000000,0,1.6791231457990747,1.4913973266059182,-0.47801664056940424,0.36104749346610326,0.978580361513066,-0.7111644212715653,1.532018306645547,0.0,-1.152397931452831,-0.7957303657393812,-0.13202164084538018,0.6352098982042783,1.256517846341055,-0.9166764570729355,-0.5337734380587921,0.7290726830027427,-1.598067666144733,-0.6723496009936615,-1.5366198413650238,0.008132912368788797,-1.352970421883273,-1.780462779332781,1.0230939995192114,1.2875735186304924,0,0.46956115463623654,0,68
CN7_L_000008,8,1.2778881427639106,1.4913973266059182,-0.47801664056940424,0.36104749346610326,0.978580361513066,-0.7111644212715653,1.532018306645547,0.0,-1.152397931452831,-0.7957303657393812,-1.2905901162753592,0.6352098982042783,0.9397559573304937,-1.620386499439033,-1.2960369510559453,-0.16817607749758343,-0.7653547258750445,0.914107037788434,-1.7917231099489601,1.239076431623577,0.013158100971789112,-1.176163707375902,1.0230939995192114,1.2378078614181713,5,0.4683108586610155,0,69
CN7_L_000158,158,1.2778881427639106,1.4913973266059182,-0.5761838232109475,0.36104749346610326,-0.9024657082140384,-0.7111644212715653,1.4716080594590133,0.0,-0.9577081563414782,0.049553186478838565,-0.13202164084538018,0.6352098982042783,-0.32719493655459203,-0.740752302019579,-0.5337734380587921,0.7290726830027427,1.4552695891025356,-0.0377282136292905,1.7794891104624142,-2.453801083626072,-1.352970421883273,-0.8740180134372624,1.1661623978132603,1.3871048330551345,98,0.46771028107973045,0,70
CN7_L_000153,153,0.47545640056951544,0.6854680606359991,-0.33076586660708923,0.36104749346610326,-0.9024657082140384,-0.7111644212715653,1.411243891789784,0.0,-0.5683211791799189,-0.7957303657393812,-0.13202164084538018,-0.40997544119473406,-0.9606703834971348,-1.9722415206220814,-2.0582859250858667,2.0749800515994403,-1.0429539430941461,-0.0377282136292905,-1.0264522274911068,0.6236046719961829,0.923887288147482,-0.9747332447501422,1.1661623978132603,1.3871048330551345,93,0.46749450438832063,0,71
CN7_L_000136,136,2.080358148834239,1.8943715670255628,-0.3798494579278609,0.36104749346610326,-0.9024657082140384,-0.7111644212715653,1.4716080594590133,0.0,-1.3470951335030374,-0.7957303657393812,-1.2905901162753592,0.6352098982042783,1.256517846341055,-1.0926073232026277,-0.9148979250737528,1.177731291099114,-0.21015629143684125,-0.355038907311476,-0.006116999743272883,0.6236046719961829,0.923887288147482,-0.37043417279326324,1.2376965969602847,1.2875735186304924,82,0.4674517801590934,0,72
CN7_L_000376,376,-1.129445347695208,-0.9263904713038393,0.307302097087329,-0.6557616525288871,0.978580361513066,1.2025024719774604,-0.7026539645658552,0.0,0.7945295274161116,-0.7957303657393812,-0.13202164084538018,-0.40997544119473406,-1.5941941615182573,-0.38889728083653036,-0.5337734380587921,-0.6168346855939546,-1.3205531603132479,-0.355038907311476,-0.6438362479091579,0.6236046719961829,2.290015811002544,0.43530304586897517,-0.47911736056147813,-0.5537491538186587,228,0.4669680138538446,0,73
CN7_L_000007,7,0.8766531397287465,0.6854680606359991,-0.5761838232109475,0.36104749346610326,0.978580361513066,-0.7111644212715653,1.4716080594590133,0.0,-0.5683211791799189,0.049553186478838565,-0.13202164084538018,-0.40997544119473406,-1.277432272507696,-1.7963106544923895,-1.6771614380709061,0.5047433789545571,-1.3205531603132479,-0.0377282136292905,-1.281555496075043,1.239076431623577,-1.352970421883273,-0.06828079477502394,1.1661623978132603,1.3373391758428135,4,0.46619645291982886,0,74
CN7_L_000168,168,1.6791231457990747,1.8943715670255628,-0.6252674145317192,0.36104749346610326,-0.9024657082140384,-0.7111644212715653,1.4716080594590133,0.0,-1.3470951335030374,-0.7957303657393812,-0.13202164084538018,-0.40997544119473406,2.206755182294159,-1.0926073232026277,-0.9148979250737528,-0.392505381545769,-1.3205531603132479,-0.6723496009936615,0.3765379031326314,0.3158922709251282,0.923887288147482,-1.176163707375902,1.0946281986662358,1.3871048330551345,103,0.46600646168795423,0,75
CN7_L_000086,86,1.2778881427639106,1.4913973266059182,-0.2816916370241243,0.8694520664635984,-0.9024657082140384,-0.7111644212715653,1.4716080594590133,0.0,-0.9577081563414782,-0.7957303657393812,-1.2905901162753592,0.6352098982042783,0.9397559573304937,-1.4444623443856761,-1.2960369510559453,-0.8411639896421402,-1.0429539430941461,-0.355038907311476,-1.281555496075043,2.1623075498073105,0.923887288147482,0.33458781455609526,1.1661623978132603,1.3373391758428135,51,0.4659526044372793,0,76
CN7_L_000154,154,0.8766531397287465,1.0884423010556434,-0.3798494579278609,0.36104749346610326,-0.9024657082140384,-0.7111644212715653,1.532018306645547,0.0,-0.5683211791799189,-0.7957303657393812,-0.13202164084538018,0.6352098982042783,0.623042399398512,-1.7963106544923895,-1.6771614380709061,0.0561532265506022,0.6225566488328472,0.914107037788434,-1.154003861783075,-4.6079757210645935,-0.44224123470758003,-1.176163707375902,1.1661623978132603,1.3373391758428135,94,0.4657975032964825,0,77
CN7_L_000123,123,0.8766531397287465,0.6854680606359991,-0.33076586660708923,0.36104749346610326,-0.9024657082140384,-0.7111644212715653,1.411243891789784,0.0,-0.7630183812301254,-0.7957303657393812,-1.2905901162753592,-0.40997544119473406,-0.32719493655459203,-1.7963106544923895,-1.6771614380709061,1.8506507475512546,-0.48775550865594286,-1.3068741587292005,-0.8989005931991387,-0.29962644618755063,-0.44224123470758003,-0.9747332447501422,1.0946281986662358,1.2875735186304924,74,0.4654818370724517,0,78
CN7_L_000084,84,0.8766531397287465,0.6854680606359991,-0.47801664056940424,0.36104749346610326,-0.9024657082140384,-0.7111644212715653,1.532018306645547,0.0,-0.5683211791799189,0.049553186478838565,-1.2905901162753592,-0.40997544119473406,-0.01048137862261042,-1.620386499439033,-1.2960369510559453,0.7290726830027427,-0.7653547258750445,0.279582480052895,-1.5366198413650238,0.008132912368788797,-1.352970421883273,0.03243443653785595,1.309230796107309,1.3871048330551345,50,0.465182269758771,0,79
CN7_L_000224,224,0.07422139753435131,0.28251303508572423,-0.03627368042026596,0.36104749346610326,0.978580361513066,1.2025024719774604,-0.5818795497100921,0.0,0.21044534820434588,-0.7957303657393812,-0.13202164084538018,0.6352098982042783,0.9397559573304937,1.5462952690557341,1.7530171009326676,-0.16817607749758343,1.1777550832710504,-1.6241848524113862,-0.13366863403524099,-0.29962644618755063,-0.8975710862039038,0.536018277181855,-1.8382630511508482,-1.5490585012612352,137,0.46504814651644216,0,80
CN7_L_000138,138,1.6791231457990747,1.4913973266059182,-0.5271002318901759,0.36104749346610326,-0.9024657082140384,-0.7111644212715653,1.532018306645547,0.0,-1.3470951335030374,0.049553186478838565,-0.13202164084538018,0.6352098982042783,1.256517846341055,-0.5648281469662223,-0.15263441207659956,-1.0654248379979097,0.06735821439464394,-1.6241848524113862,1.6519763994644017,-0.9150982058149447,-0.44224123470758003,-0.37043417279326324,1.2376965969602847,1.3373391758428135,84,0.46484669502220577,0,81
CN7_L_000127,127,1.6791231457990747,1.8943715670255628,-0.47801664056940424,1.3778566394610936,-0.9024657082140384,-0.7111644212715653,1.411243891789784,0.0,-1.3470951335030374,0.049553186478838565,-0.13202164084538018,-0.40997544119473406,1.5732314042730364,-1.2685314782559842,-1.2960369510559453,1.8506507475512546,-0.21015629143684125,-0.0377282136292905,0.12143463454869523,-0.29962644618755063,0.923887288147482,-0.8740180134372624,1.1661623978132603,1.2875735186304924,76,0.46447843784964915,0,82
CN7_L_000140,140,0.47545640056951544,0.28251303508572423,-0.5271002318901759,0.36104749346610326,-0.9024657082140384,-0.7111644212715653,1.4716080594590133,0.0,-0.5683211791799189,-0.7957303657393812,-0.13202164084538018,-1.4550013077009483,-1.277432272507696,-1.7963106544923895,-1.6771614380709061,-1.514083446094281,-1.0429539430941461,0.5968931737350806,1.0142571512985166,0.3158922709251282,-1.352970421883273,-1.276878938688782,1.2376965969602847,1.3373391758428135,85,0.46416617091205814,0,83
CN7_L_000182,182,1.2778881427639106,1.0884423010556434,-0.1344408630618093,0.36104749346610326,-0.9024657082140384,-0.7111644212715653,1.592428553832081,0.0,-0.7630183812301254,-0.7957303657393812,-0.13202164084538018,-0.40997544119473406,1.5732314042730364,-1.4444623443856761,-1.6771614380709061,0.7290726830027427,0.6225566488328472,1.2314177314706196,-1.0264522274911068,1.239076431623577,-1.352970421883273,-0.9747332447501422,1.2376965969602847,1.3871048330551345,111,0.4636641584964689,0,84
CN7_L_000067,67,1.2778881427639106,1.0884423010556434,-0.3798494579278609,0.36104749346610326,0.978580361513066,-0.7111644212715653,1.4716080594590133,0.0,-0.7630183812301254,0.049553186478838565,-1.2905901162753592,0.6352098982042783,-0.01048137862261042,-1.2685314782559842,-1.2960369510559453,-0.16817607749758343,-0.48775550865594286,0.279582480052895,-1.7917231099489601,3.085538667991044,0.4685574366511583,-0.9747332447501422,1.2376965969602847,1.3871048330551345,43,0.4632533077157267,0,85
CN7_L_000053,53,0.8766531397287465,1.0884423010556434,-0.47801664056940424,0.36104749346610326,0.978580361513066,-0.7111644212715653,1.4716080594590133,0.0,-0.9577081563414782,-0.7957303657393812,-1.2905901162753592,-0.40997544119473406,0.623042399398512,-1.2685314782559842,-0.9148979250737528,-0.6168346855939546,-1.0429539430941461,1.8660391188349905,0.7591538827145803,1.239076431623577,1.3792866238268513,-0.9747332447501422,1.2376965969602847,1.3871048330551345,35,0.46257467528014584,1,86
CN7_L_000196,196,0.47545640056951544,0.6854680606359991,-0.08535727174103763,0.36104749346610326,0.978580361513066,1.2025024719774604,-0.7026539645658552,0.0,-0.37363140406856615,0.049553186478838565,-0.13202164084538018,1.6802357647104924,1.256517846341055,1.3703711140023773,1.371878074950475,-0.6168346855939546,-0.7653547258750445,-1.6241848524113862,0.5040506141306441,-0.29962644618755063,0.013158100971789112,-0.571864635419023,-1.9097958858965078,-1.5490585012612352,120,0.462359083234275,0,87
CN7_L_000098,98,1.6791231457990747,1.4913973266059182,-0.5761838232109475,0.36104749346610326,-0.9024657082140384,-0.7111644212715653,1.4716080594590133,0.0,-1.3470951335030374,-1.641030040707891,-0.13202164084538018,-0.40997544119473406,1.8899932932835977,-1.0926073232026277,-0.9148979250737528,-0.8411639896421402,0.06735821439464394,0.279582480052895,1.6519763994644017,-0.6073388472586053,1.3792866238268513,-1.075448476063022,1.1661623978132603,1.3373391758428135,61,0.4615350352017882,0,88
CN7_L_000261,261,0.07422139753435131,-0.12046120533392016,-0.03627368042026596,0.36104749346610326,0.978580361513066,1.2025024719774604,-0.642289796896626,0.0,0.01575557309299311,1.7401525364158585,-0.13202164084538018,0.6352098982042783,-0.01048137862261042,0.6666610716362802,0.6096145619533219,0.28041407490637155,-1.598067666144733,1.8660391188349905,-1.5366198413650238,0.6236046719961829,-1.352970421883273,-0.9747332447501422,-1.3375250215230419,-1.200699849975949,162,0.46152585568324167,0,89
CN7_L_000150,150,0.47545640056951544,0.6854680606359991,-0.5271002318901759,0.36104749346610326,-0.9024657082140384,-0.7111644212715653,1.532018306645547,0.0,-0.5683211791799189,0.049553186478838565,-1.2905901162753592,-1.4550013077009483,-0.32719493655459203,-1.7963106544923895,-1.6771614380709061,0.28041407490637155,-0.7653547258750445,0.5968931737350806,1.0142571512985166,1.239076431623577,-0.44224123470758003,-1.6797475480199011,1.1661623978132603,1.3871048330551345,91,0.4614807365517269,0,90
CN7_L_000569,569,-1.129445347695208,-1.329345496854114,0.5527106919533805,-1.6725707985238774,-0.9024657082140384,-0.7111644212715653,-0.5818795497100921,0.0,0.7945295274161116,0.049553186478838565,1.026546834584599,-1.4550013077009483,-0.9606703834971348,-0.03704225965348172,-0.15263441207659956,-0.16817607749758343,0.06735821439464394,-0.0377282136292905,-0.7713878822011261,1.239076431623577,0.923887288147482,2.2482079458192117,0.3077547368516965,-0.006328822885049378,341,0.46127052252063316,0,91
CN7_L_000486,486,0.07422139753435131,0.28251303508572423,0.2582185057665573,-0.6557616525288871,-0.9024657082140384,-0.7111644212715653,-0.7630642117523891,0.0,0.01575557309299311,0.8948528614473485,1.026546834584599,0.6352098982042783,0.3062805103879508,0.8425919377659722,0.6096145619533219,3.196558116147952,0.06735821439464394,-0.355038907311476,0.7591538827145803,0.008132912368788797,0.923887288147482,1.9460545678009724,0.09315350381198793,-0.15562484532105123,296,0.4609822717926368,0,92
CN7_L_000133,133,0.8766531397287465,0.6854680606359991,-0.3798494579278609,0.36104749346610326,-0.9024657082140384,-0.7111644212715653,1.4716080594590133,0.0,-0.5683211791799189,-0.7957303657393812,-0.13202164084538018,0.6352098982042783,0.3062805103879508,-1.620386499439033,-1.2960369510559453,1.177731291099114,-0.48775550865594286,-0.6723496009936615,-1.5366198413650238,3.393298026547383,-0.8975710862039038,-1.176163707375902,1.1661623978132603,1.2875735186304924,81,0.4609282698944444,0,93
CN7_L_000252,252,-0.3270136055008128,-0.12046120533392016,-0.08535727174103763,0.36104749346610326,0.978580361513066,1.2025024719774604,-0.5818795497100921,0.0,0.21044534820434588,0.049553186478838565,-1.2905901162753592,0.6352098982042783,0.3062805103879508,0.8425919377659722,0.9907535879355144,2.0749800515994403,0.6225566488328472,1.8660391188349905,-0.26118134503325363,0.008132912368788797,-0.8975710862039038,-0.37043417279326324,-1.4090592206700663,-1.25046550718827,156,0.46042109787465807,0,94
CN7_L_000519,519,-0.728248608535977,-0.9263904713038393,0.4054692797288723,-1.1641662255263823,-0.9024657082140384,-0.7111644212715653,-0.5818795497100921,0.0,0.5998323253659051,1.7401525364158585,1.026546834584599,-0.40997544119473406,-0.6439568255651532,0.13888189539987494,-0.15263441207659956,0.5047433789545571,-1.3205531603132479,0.5968931737350806,-1.281555496075043,1.8545951487362557,0.923887288147482,-0.2697112574007837,0.23622190210603677,-0.05609448009737051,312,0.45951732570126563,0,95
CN7_L_000216,216,-0.3270136055008128,-0.523416230884195,-0.23260804570335264,0.36104749346610326,0.978580361513066,1.2025024719774604,-0.642289796896626,0.0,0.01575557309299311,0.049553186478838565,-1.2905901162753592,0.6352098982042783,-0.32719493655459203,1.0185160928193289,1.371878074950475,-0.392505381545769,0.06735821439464394,-0.9895634650470151,1.3968731308804654,-0.29962644618755063,-0.8975710862039038,-0.47114940410614314,-1.9097958858965078,-1.648588866484916,133,0.45910556385684104,0,96
CN7_L_000025,25,0.8766531397287465,0.6854680606359991,-0.5761838232109475,0.36104749346610326,0.978580361513066,-0.7111644212715653,1.4716080594590133,0.0,-0.7630183812301254,-1.641030040707891,-1.2905901162753592,-0.40997544119473406,-0.01048137862261042,-1.4444623443856761,-1.2960369510559453,0.28041407490637155,-0.21015629143684125,-0.0377282136292905,0.7591538827145803,-1.2228106068859994,1.3792866238268513,-1.075448476063022,1.0230939995192114,1.2378078614181713,16,0.45888336703005517,0,97
CN7_L_000011,11,1.6791231457990747,1.8943715670255628,-0.5761838232109475,0.36104749346610326,0.978580361513066,-0.7111644212715653,1.4716080594590133,0.0,-1.152397931452831,0.049553186478838565,-0.13202164084538018,0.6352098982042783,0.623042399398512,-0.740752302019579,-0.5337734380587921,0.28041407490637155,0.3449574316137456,0.279582480052895,0.3765379031326314,-1.2228106068859994,-0.8975710862039038,-1.9819009260381404,1.0946281986662358,1.3373391758428135,8,0.45840891834551306,0,98
CN7_L_000390,390,0.07422139753435131,-0.12046120533392016,0.16005132312501397,-0.6557616525288871,-0.9024657082140384,1.2025024719774604,-0.5214693025235582,0.0,0.21044534820434588,0.049553186478838565,-0.13202164084538018,0.6352098982042783,1.256517846341055,1.3703711140023773,1.371878074950475,-1.0654248379979097,-0.7653547258750445,-1.3068741587292005,0.6316022484226123,-1.2228106068859994,-0.8975710862039038,0.03243443653785595,-0.47911736056147813,-0.5537491538186587,238,0.45832087115505216,0,99
CN7_L_000093,93,1.2778881427639106,1.0884423010556434,-0.47801664056940424,0.36104749346610326,-0.9024657082140384,-0.7111644212715653,1.532018306645547,0.0,-0.9577081563414782,-2.486329715676401,-0.13202164084538018,0.6352098982042783,0.623042399398512,-1.7963106544923895,-1.6771614380709061,0.9534019870509284,-1.0429539430941461,-0.355038907311476,-1.6641714756569919,0.008132912368788797,0.013158100971789112,-1.3776018540812613,1.1661623978132603,1.3373391758428135,57,0.45822051750851545,0,100
CN7_L_000046,46,0.47545640056951544,0.6854680606359991,-0.47801664056940424,0.36104749346610326,0.978580361513066,-0.7111644212715653,1.411243891789784,0.0,-0.5683211791799189,-0.7957303657393812,-0.13202164084538018,-0.40997544119473406,-0.32719493655459203,-1.620386499439033,-1.2960369510559453,-0.8411639896421402,-1.0429539430941461,-1.9414955460935717,-0.8989005931991387,0.008132912368788797,0.4685574366511583,-1.780462779332781,1.309230796107309,1.3871048330551345,32,0.45811746920163904,0,101
CN7_L_000143,143,0.8766531397287465,1.0884423010556434,-0.2816916370241243,0.36104749346610326,-0.9024657082140384,-0.7111644212715653,1.4716080594590133,0.0,-0.7630183812301254,0.049553186478838565,-0.13202164084538018,-0.40997544119473406,0.623042399398512,-2.148165675675438,-2.0582859250858667,-1.9627420541906522,-0.7653547258750445,-0.0377282136292905,-1.0264522274911068,-0.29962644618755063,0.013158100971789112,-0.8740180134372624,1.1661623978132603,1.3373391758428135,87,0.45768104632353723,0,102
CN7_L_000528,528,-1.129445347695208,-1.329345496854114,0.35638568840810064,-0.6557616525288871,-0.9024657082140384,-0.7111644212715653,-0.7026539645658552,0.0,0.5998323253659051,0.8948528614473485,1.026546834584599,-1.4550013077009483,-0.32719493655459203,-0.03704225965348172,-0.5337734380587921,-1.7384127501424664,0.3449574316137456,-1.6241848524113862,-0.13366863403524099,-1.2228106068859994,0.013158100971789112,2.3489231771320918,0.23622190210603677,-0.1058591881087301,318,0.4574391708695523,0,103
CN7_L_000210,210,0.07422139753435131,0.28251303508572423,-0.1344408630618093,0.36104749346610326,0.978580361513066,1.2025024719774604,-0.642289796896626,0.0,-0.17893420201835966,-0.7957303657393812,-0.13202164084538018,1.6802357647104924,0.3062805103879508,0.6666610716362802,0.6096145619533219,2.0749800515994403,0.3449574316137456,-0.355038907311476,-0.7713878822011261,-2.146041725069733,-0.8975710862039038,0.2338725832432154,-1.9097958858965078,-1.648588866484916,129,0.4574286915197648,0,104
CN7_L_000070,70,1.2778881427639106,1.4913973266059182,-0.5761838232109475,1.3778566394610936,0.978580361513066,-0.7111644212715653,1.411243891789784,0.0,-0.9577081563414782,-0.7957303657393812,-1.2905901162753592,0.6352098982042783,0.3062805103879508,-0.740752302019579,-0.5337734380587921,-0.8411639896421402,0.06735821439464394,0.5968931737350806,0.8867055170065484,1.239076431623577,0.4685574366511583,-1.3776018540812613,1.0946281986662358,1.3373391758428135,45,0.45737085304396974,0,105
CN7_L_000314,314,-1.5306803507303721,-1.329345496854114,0.012809910900505709,-1.1641662255263823,0.978580361513066,1.2025024719774604,-0.7026539645658552,0.0,0.7945295274161116,0.049553186478838565,-0.13202164084538018,-1.4550013077009483,-1.5941941615182573,-0.03704225965348172,-0.15263441207659956,-0.8411639896421402,-1.0429539430941461,-0.6723496009936615,0.6316022484226123,0.008132912368788797,0.4685574366511583,-0.06828079477502394,-0.8367869918952355,-0.8523411986906625,198,0.45732958835990656,0,106
CN7_L_000089,89,1.6791231457990747,1.4913973266059182,-0.5761838232109475,0.36104749346610326,-0.9024657082140384,-0.7111644212715653,1.532018306645547,0.0,-1.152397931452831,-1.641030040707891,-0.13202164084538018,0.6352098982042783,0.9397559573304937,-1.0926073232026277,-0.9148979250737528,0.7290726830027427,-1.0429539430941461,1.2314177314706196,1.141769862296529,-0.29962644618755063,0.013158100971789112,-1.780462779332781,1.380763630852969,1.3373391758428135,54,0.4570440584246203,0,107
CN7_L_000517,517,-1.129445347695208,-1.329345496854114,0.20913491444578564,-0.6557616525288871,-0.9024657082140384,1.2025024719774604,-0.642289796896626,0.0,0.7945295274161116,-0.7957303657393812,1.026546834584599,-1.4550013077009483,-1.5941941615182573,0.49073691658292357,0.22849007493836115,-0.392505381545769,-1.3205531603132479,-0.355038907311476,0.7591538827145803,0.008132912368788797,0.4685574366511583,2.2482079458192117,0.16468770295901236,-0.1058591881087301,311,0.4569439740237194,0,108
CN7_L_000003,3,1.2778881427639106,1.0884423010556434,-0.5761838232109475,1.8862612124585887,0.978580361513066,-0.7111644212715653,1.4716080594590133,0.0,-0.7630183812301254,0.8948528614473485,-0.13202164084538018,-0.40997544119473406,-0.01048137862261042,-0.38889728083653036,-0.15263441207659956,0.28041407490637155,0.06735821439464394,0.5968931737350806,1.2693214965884974,0.008132912368788797,0.013158100971789112,-0.571864635419023,1.1661623978132603,1.3373391758428135,2,0.45686842979256737,0,109
CN7_L_000107,107,1.6791231457990747,1.8943715670255628,-0.5271002318901759,0.36104749346610326,-0.9024657082140384,-0.7111644212715653,1.4716080594590133,0.0,-1.152397931452831,0.049553186478838565,-0.13202164084538018,0.6352098982042783,1.256517846341055,-0.9166764570729355,-0.9148979250737528,-2.6356615106427927,-0.7653547258750445,-0.0377282136292905,0.8867055170065484,-0.29962644618755063,0.4685574366511583,-1.8811856947252605,1.1661623978132603,1.3871048330551345,66,0.4567889974929225,0,110
CN7_L_000460,460,-1.129445347695208,-0.9263904713038393,0.061893502221277374,-0.6557616525288871,-0.9024657082140384,-0.7111644212715653,-0.7026539645658552,0.0,0.5998323253659051,1.7401525364158585,-0.13202164084538018,-1.4550013077009483,-2.2276696084608,0.49073691658292357,0.6096145619533219,0.9534019870509284,0.6225566488328472,0.5968931737350806,1.6519763994644017,0.008132912368788797,0.013158100971789112,1.8453393364880926,-0.049914894482060906,-0.2551561597456935,281,0.45642036574595,0,111
CN7_L_000492,492,-0.728248608535977,-0.523416230884195,0.35638568840810064,-1.1641662255263823,-0.9024657082140384,-0.7111644212715653,-0.7026539645658552,0.0,0.40514255025455237,0.8948528614473485,-0.13202164084538018,0.6352098982042783,-0.9606703834971348,-0.21297312578317368,-0.15263441207659956,-0.8411639896421402,1.4552695891025356,-0.6723496009936615,-1.5366198413650238,3.393298026547383,-0.8975710862039038,1.039602117825854,0.16468770295901236,-0.1058591881087301,298,0.45547168064079363,0,112
CN7_L_000024,24,1.2778881427639106,1.4913973266059182,-0.6252674145317192,0.36104749346610326,0.978580361513066,-0.7111644212715653,1.4716080594590133,0.0,-1.152397931452831,-1.641030040707891,-0.13202164084538018,0.6352098982042783,0.623042399398512,-0.5648281469662223,-0.15263441207659956,-0.16817607749758343,-0.21015629143684125,0.279582480052895,1.2693214965884974,0.6236046719961829,0.923887288147482,-0.2697112574007837,1.1661623978132603,1.2875735186304924,15,0.4551890622936453,1,113
CN7_L_000073,73,1.2778881427639106,1.0884423010556434,-0.3798494579278609,0.36104749346610326,0.978580361513066,1.2025024719774604,1.4716080594590133,0.0,-1.152397931452831,0.049553186478838565,-0.13202164084538018,0.6352098982042783,0.3062805103879508,-1.0926073232026277,-0.9148979250737528,0.9534019870509284,0.9001558660519489,-0.6723496009936615,-0.13366863403524099,0.008132912368788797,-0.8975710862039038,-0.9747332447501422,1.0946281986662358,1.2875735186304924,46,0.45513007707516945,0,114
CN7_L_000383,383,-0.728248608535977,-0.523416230884195,0.2582185057665573,0.36104749346610326,0.978580361513066,1.2025024719774604,-0.642289796896626,0.0,0.5998323253659051,-0.7957303657393812,1.026546834584599,0.6352098982042783,-1.277432272507696,0.8425919377659722,0.22849007493836115,-1.7384127501424664,-0.21015629143684125,-1.9414955460935717,0.6316022484226123,-0.9150982058149447,-0.8975710862039038,0.2338725832432154,-0.40758452581581833,-0.4542178393940165,234,0.45505524848526413,0,115
CN7_L_000424,424,-0.3270136055008128,-0.523416230884195,0.2582185057665573,-1.1641662255263823,-0.9024657082140384,1.2025024719774604,-0.7026539645658552,0.0,0.01575557309299311,0.8948528614473485,-0.13202164084538018,0.6352098982042783,0.623042399398512,-0.03704225965348172,-0.15263441207659956,0.5047433789545571,0.3449574316137456,1.8660391188349905,-1.154003861783075,-2.146041725069733,-1.352970421883273,0.03243443653785595,-0.12144772922772068,-0.35468652496937425,259,0.4546118419070886,0,116
CN7_L_000043,43,0.8766531397287465,1.0884423010556434,-0.5761838232109475,0.36104749346610326,0.978580361513066,-0.7111644212715653,1.532018306645547,0.0,-0.7630183812301254,0.049553186478838565,-1.2905901162753592,0.6352098982042783,0.623042399398512,-0.740752302019579,-0.5337734380587921,-0.6168346855939546,0.06735821439464394,-0.0377282136292905,0.8867055170065484,-0.29962644618755063,-0.8975710862039038,-0.9747332447501422,1.309230796107309,1.4368695410664942,29,0.45442017573634697,0,117
CN7_L_000292,292,-0.3270136055008128,-0.12046120533392016,-0.18352445438258097,0.36104749346610326,0.978580361513066,1.2025024719774604,-0.7026539645658552,0.0,0.01575557309299311,1.7401525364158585,-0.13202164084538018,0.6352098982042783,-0.6439568255651532,1.1944402478726854,1.371878074950475,2.2993093556476256,0.6225566488328472,0.5968931737350806,1.7794891104624142,0.008132912368788797,0.923887288147482,-0.47114940410614314,-1.1229237884833332,-1.0016381703276258,181,0.45394937236323857,0,118
CN7_L_000587,587,-1.129445347695208,-1.329345496854114,0.35638568840810064,-0.6557616525288871,-0.9024657082140384,-0.7111644212715653,-0.7026539645658552,0.0,0.9892193025274644,0.049553186478838565,1.026546834584599,-1.4550013077009483,-1.277432272507696,0.31480605045323157,-0.15263441207659956,1.8506507475512546,0.3449574316137456,1.548728425152805,0.3765379031326314,0.008132912368788797,0.4685574366511583,0.8381716552000944,0.16468770295901236,-0.1058591881087301,352,0.453118612289518,0,119
CN7_L_000317,317,-0.728248608535977,-0.9263904713038393,0.012809910900505709,-1.1641662255263823,0.978580361513066,1.2025024719774604,-0.5214693025235582,0.0,0.40514255025455237,-1.641030040707891,-0.13202164084538018,-0.40997544119473406,-0.32719493655459203,0.49073691658292357,0.22849007493836115,0.0561532265506022,0.06735821439464394,1.548728425152805,-0.8989005931991387,-0.9150982058149447,-1.8083002733795968,0.2338725832432154,-0.90832119104226,-0.8523411986906625,200,0.45299476408849026,0,120
CN7_L_000324,324,-1.129445347695208,-1.329345496854114,0.061893502221277374,-0.6557616525288871,0.978580361513066,1.2025024719774604,-0.642289796896626,0.0,0.5998323253659051,0.049553186478838565,-0.13202164084538018,-0.40997544119473406,-1.5941941615182573,-0.38889728083653036,-0.5337734380587921,-1.9627420541906522,0.06735821439464394,-1.6241848524113862,-0.26118134503325363,0.9313640305525223,-0.44224123470758003,0.2338725832432154,-0.8367869918952355,-0.8523411986906625,204,0.45296692522064663,0,121
CN7_L_000030,30,1.6791231457990747,1.4913973266059182,-0.42893304924863257,0.36104749346610326,0.978580361513066,-0.7111644212715653,1.4716080594590133,0.0,-0.9577081563414782,0.8948528614473485,-0.13202164084538018,0.6352098982042783,0.3062805103879508,-1.0926073232026277,-0.9148979250737528,2.2993093556476256,-0.21015629143684125,-0.0377282136292905,-0.3887329793252218,0.6236046719961829,-0.44224123470758003,-0.7732950980447828,1.2376965969602847,1.3871048330551345,20,0.45295492182621855,0,122
CN7_L_000342,342,-0.728248608535977,-0.9263904713038393,0.061893502221277374,-1.1641662255263823,0.978580361513066,1.2025024719774604,-0.5818795497100921,0.0,0.21044534820434588,0.8948528614473485,-0.13202164084538018,-0.40997544119473406,-0.9606703834971348,0.8425919377659722,0.9907535879355144,-1.0654248379979097,0.3449574316137456,2.50056367657053,1.2693214965884974,1.239076431623577,0.923887288147482,-0.16899602608790382,-0.7652541571495758,-0.7528108334669817,214,0.45284812939213803,0,123
CN7_L_000590,590,-0.728248608535977,-0.523416230884195,0.5527106919533805,-1.1641662255263823,-0.9024657082140384,-0.7111644212715653,-0.7026539645658552,0.0,0.40514255025455237,0.049553186478838565,-0.13202164084538018,-0.40997544119473406,0.9397559573304937,0.13888189539987494,-0.15263441207659956,1.626321443503069,1.7328688063216373,0.5968931737350806,-1.6641714756569919,-1.2228106068859994,1.3792866238268513,1.4424707271569734,0.16468770295901236,-0.1058591881087301,353,0.4528141104347816,0,124
CN7_L_000151,151,0.8766531397287465,0.6854680606359991,-0.47801664056940424,0.36104749346610326,-0.9024657082140384,-0.7111644212715653,1.411243891789784,0.0,-0.7630183812301254,-1.641030040707891,-0.13202164084538018,-1.4550013077009483,-0.6439568255651532,-1.620386499439033,-1.2960369510559453,0.7290726830027427,-1.3205531603132479,-0.355038907311476,0.24898626884066333,0.6236046719961829,-0.8975710862039038,-1.780462779332781,1.2376965969602847,1.3871048330551345,92,0.4527753972413031,0,125
CN7_L_000097,97,1.6791231457990747,1.4913973266059182,-0.5271002318901759,1.3778566394610936,-0.9024657082140384,-0.7111644212715653,1.532018306645547,0.0,-1.3470951335030374,-0.7957303657393812,-0.13202164084538018,0.6352098982042783,1.8899932932835977,-0.740752302019579,-0.9148979250737528,-0.6168346855939546,-1.598067666144733,0.279582480052895,1.0142571512985166,-0.29962644618755063,0.4685574366511583,-1.3776018540812613,1.1661623978132603,1.3373391758428135,60,0.45266037968370515,0,126
CN7_L_000192,192,-0.3270136055008128,-0.523416230884195,-0.03627368042026596,-1.1641662255263823,0.978580361513066,1.2025024719774604,-0.7026539645658552,0.0,0.21044534820434588,-0.7957303657393812,-0.13202164084538018,0.6352098982042783,-0.01048137862261042,0.49073691658292357,0.6096145619533219,-1.514083446094281,1.1777550832710504,-2.2588062397757573,-1.0264522274911068,-0.29962644618755063,0.013158100971789112,0.43530304586897517,-1.9097958858965078,-1.598823209272595,117,0.45263471917706666,0,127
CN7_L_000510,510,-0.728248608535977,-0.9263904713038393,0.4054692797288723,-1.1641662255263823,-0.9024657082140384,-0.7111644212715653,-0.7026539645658552,0.0,0.40514255025455237,-0.7957303657393812,-0.13202164084538018,-0.40997544119473406,-0.32719493655459203,-0.21297312578317368,-0.5337734380587921,-0.16817607749758343,-2.153266100582936,-0.0377282136292905,-1.6641714756569919,2.1623075498073105,-0.44224123470758003,1.140317349138734,0.16468770295901236,-0.1058591881087301,307,0.45262534657137726,0,128
CN7_L_000239,239,-0.3270136055008128,-0.523416230884195,0.012809910900505709,-1.1641662255263823,0.978580361513066,1.2025024719774604,-0.5818795497100921,0.0,0.21044534820434588,-0.7957303657393812,-0.13202164084538018,0.6352098982042783,0.3062805103879508,0.6666610716362802,0.6096145619533219,1.177731291099114,0.6225566488328472,1.8660391188349905,-0.5162846136171899,-0.29962644618755063,-2.263699609058966,-0.06828079477502394,-1.6951946528567994,-1.3997615296242718,148,0.4525709009169942,0,129
CN7_L_000118,118,1.6791231457990747,1.4913973266059182,-0.47801664056940424,1.8862612124585887,-0.9024657082140384,-0.7111644212715653,1.4716080594590133,0.0,-1.152397931452831,-0.7957303657393812,-0.13202164084538018,0.6352098982042783,1.5732314042730364,-0.740752302019579,-0.5337734380587921,-1.7384127501424664,-0.7653547258750445,-0.355038907311476,0.8867055170065484,-0.29962644618755063,0.4685574366511583,-1.780462779332781,1.1661623978132603,1.2875735186304924,71,0.4524458587294134,0,130
CN7_L_000293,293,-0.728248608535977,-0.9263904713038393,-0.03627368042026596,0.36104749346610326,0.978580361513066,1.2025024719774604,-0.7026539645658552,0.0,0.40514255025455237,-1.641030040707891,-0.13202164084538018,-0.40997544119473406,-0.9606703834971348,0.6666610716362802,0.9907535879355144,0.0561532265506022,-0.48775550865594286,2.50056367657053,1.0142571512985166,0.6236046719961829,1.3792866238268513,-0.37043417279326324,-0.9798553901892844,-0.9518725131153047,182,0.45237509748633925,0,131
CN7_L_000198,198,0.47545640056951544,0.6854680606359991,-0.23260804570335264,0.36104749346610326,0.978580361513066,1.2025024719774604,-0.7026539645658552,0.0,-0.17893420201835966,-0.7957303657393812,-0.13202164084538018,1.6802357647104924,0.623042399398512,1.3703711140023773,1.371878074950475,-0.6168346855939546,0.6225566488328472,-0.0377282136292905,1.141769862296529,0.3158922709251282,-0.8975710862039038,-0.571864635419023,-1.9097958858965078,-1.598823209272595,122,0.452250106535896,0,132
CN7_L_000533,533,0.07422139753435131,-0.12046120533392016,0.35638568840810064,0.36104749346610326,-0.9024657082140384,-0.7111644212715653,-0.7026539645658552,0.0,0.01575557309299311,1.7401525364158585,1.026546834584599,0.6352098982042783,1.256517846341055,1.0185160928193289,0.9907535879355144,-1.7384127501424664,-1.598067666144733,-1.3068741587292005,0.7591538827145803,-0.29962644618755063,0.4685574366511583,1.5431859584698533,0.3077547368516965,-0.006328822885049378,321,0.4521451592705319,0,133
CN7_L_000137,137,1.6791231457990747,1.8943715670255628,-0.5271002318901759,1.3778566394610936,-0.9024657082140384,-0.7111644212715653,1.4716080594590133,0.0,-1.152397931452831,-0.7957303657393812,-0.13202164084538018,0.6352098982042783,0.9397559573304937,-0.740752302019579,-0.5337734380587921,0.5047433789545571,-0.7653547258750445,0.279582480052895,0.7591538827145803,1.5468357901799163,0.4685574366511583,-0.9747332447501422,1.2376965969602847,1.3373391758428135,83,0.45204639205506264,0,134
CN7_L_000189,189,-0.728248608535977,-0.523416230884195,-0.1344408630618093,0.36104749346610326,0.978580361513066,1.2025024719774604,-0.642289796896626,0.0,0.21044534820434588,0.8948528614473485,-0.13202164084538018,0.6352098982042783,-1.277432272507696,0.6666610716362802,0.6096145619533219,-2.411332206594607,0.3449574316137456,-1.3068741587292005,0.6316022484226123,-0.29962644618755063,-0.8975710862039038,-0.47114940410614314,-1.9097958858965078,-1.598823209272595,116,0.4520206588545184,0,135
CN7_L_000594,594,-0.3270136055008128,-0.523416230884195,0.307302097087329,-0.6557616525288871,-0.9024657082140384,-0.7111644212715653,-0.642289796896626,0.0,0.40514255025455237,1.7401525364158585,1.026546834584599,-0.40997544119473406,0.9397559573304937,1.3703711140023773,1.371878074950475,0.28041407490637155,-0.48775550865594286,0.279582480052895,1.2693214965884974,-0.9150982058149447,-1.352970421883273,1.5431859584698533,0.09315350381198793,-0.15562484532105123,355,0.4518232252936224,0,136
CN7_L_000482,482,-1.129445347695208,-0.9263904713038393,0.307302097087329,-0.6557616525288871,-0.9024657082140384,-0.7111644212715653,-0.642289796896626,0.0,0.5998323253659051,0.049553186478838565,1.026546834584599,-0.40997544119473406,-0.6439568255651532,0.49073691658292357,0.6096145619533219,2.7478995080515807,-1.3205531603132479,1.548728425152805,-0.8989005931991387,0.008132912368788797,-0.44224123470758003,0.13314966785073584,0.09315350381198793,-0.15562484532105123,294,0.4517587547185497,0,137
CN7_L_000177,177,0.8766531397287465,0.6854680606359991,-0.5761838232109475,0.36104749346610326,-0.9024657082140384,-0.7111644212715653,1.4716080594590133,0.0,-0.5683211791799189,0.8948528614473485,-0.13202164084538018,0.6352098982042783,-0.9606703834971348,-1.0926073232026277,-1.2960369510559453,-1.9627420541906522,0.06735821439464394,-0.0377282136292905,0.7591538827145803,-0.9150982058149447,-1.352970421883273,-0.8740180134372624,1.1661623978132603,1.3871048330551345,107,0.45163201420554855,0,138
CN7_L_000422,422,-1.5306803507303721,-1.329345496854114,0.16005132312501397,-0.6557616525288871,-0.9024657082140384,1.2025024719774604,-0.642289796896626,0.0,0.9892193025274644,0.049553186478838565,1.026546834584599,-1.4550013077009483,-1.277432272507696,0.31480605045323157,0.22849007493836115,0.0561532265506022,0.06735821439464394,-0.0377282136292905,0.24898626884066333,-0.9150982058149447,0.013158100971789112,0.7374564238872144,-0.1929819283747451,-0.35468652496937425,257,0.4514891330051763,0,139
CN7_L_000455,455,-0.3270136055008128,-0.12046120533392016,0.307302097087329,0.36104749346610326,-0.9024657082140384,-0.7111644212715653,-0.642289796896626,0.0,0.21044534820434588,1.7401525364158585,1.026546834584599,0.6352098982042783,0.3062805103879508,0.6666610716362802,0.6096145619533219,1.4019921394548833,1.4552695891025356,-0.9895634650470151,-1.5366198413650238,2.4700669083636497,-0.8975710862039038,0.8381716552000944,-0.049914894482060906,-0.2551561597456935,278,0.4512643021976343,0,140
CN7_L_000146,146,1.6791231457990747,1.4913973266059182,-0.33076586660708923,0.8694520664635984,-0.9024657082140384,-0.7111644212715653,1.532018306645547,0.0,-0.9577081563414782,-0.7957303657393812,-1.2905901162753592,0.6352098982042783,1.5732314042730364,-1.0926073232026277,-0.9148979250737528,0.28041407490637155,-0.7653547258750445,-0.355038907311476,-0.13366863403524099,0.008132912368788797,-1.352970421883273,-0.571864635419023,1.309230796107309,1.3373391758428135,89,0.451140077834964,0,141
CN7_L_000396,396,-0.3270136055008128,-0.12046120533392016,0.20913491444578564,-0.6557616525288871,-0.9024657082140384,1.2025024719774604,-0.5818795497100921,0.0,0.21044534820434588,0.049553186478838565,-0.13202164084538018,1.6802357647104924,0.3062805103879508,0.13888189539987494,-0.15263441207659956,-0.6168346855939546,-1.0429539430941461,-1.6241848524113862,-1.154003861783075,1.239076431623577,0.923887288147482,-1.075448476063022,-0.40758452581581833,-0.5039834966063376,242,0.45113913688003277,0,142
CN7_L_000367,367,-0.728248608535977,-0.523416230884195,0.11097709354204904,-1.1641662255263823,0.978580361513066,1.2025024719774604,-0.642289796896626,0.0,0.40514255025455237,-0.7957303657393812,-0.13202164084538018,-0.40997544119473406,-0.32719493655459203,0.49073691658292357,0.22849007493836115,1.4019921394548833,-0.7653547258750445,1.548728425152805,-2.0468263785328964,1.8545951487362557,0.013158100971789112,0.03243443653785595,-0.47911736056147813,-0.5537491538186587,223,0.45112296518108563,0,143
CN7_L_000491,491,-1.129445347695208,-1.329345496854114,0.307302097087329,-0.6557616525288871,-0.9024657082140384,-0.7111644212715653,-0.7630642117523891,0.0,0.7945295274161116,0.8948528614473485,1.026546834584599,-1.4550013077009483,-0.9606703834971348,-0.38889728083653036,-0.9148979250737528,0.0561532265506022,-0.48775550865594286,-0.0377282136292905,-0.3887329793252218,-1.5305699654423388,0.923887288147482,1.140317349138734,0.16468770295901236,-0.1058591881087301,297,0.4507747126060012,0,144
CN7_L_000335,335,-0.728248608535977,-0.9263904713038393,0.061893502221277374,-1.1641662255263823,0.978580361513066,1.2025024719774604,-0.642289796896626,0.0,0.5998323253659051,0.049553186478838565,-0.13202164084538018,0.6352098982042783,-1.9109077194502389,0.31480605045323157,0.22849007493836115,-0.8411639896421402,-0.21015629143684125,-2.2588062397757573,-0.5162846136171899,0.008132912368788797,-1.8083002733795968,-0.06828079477502394,-0.8367869918952355,-0.8025764906793029,212,0.45065259034306476,0,145
CN7_L_000027,27,0.8766531397287465,0.6854680606359991,-0.42893304924863257,0.36104749346610326,0.978580361513066,-0.7111644212715653,1.532018306645547,0.0,-0.7630183812301254,0.049553186478838565,-1.2905901162753592,-0.40997544119473406,0.9397559573304937,-1.620386499439033,-1.6771614380709061,-0.8411639896421402,0.3449574316137456,-0.0377282136292905,-0.7713878822011261,0.3158922709251282,0.4685574366511583,-1.176163707375902,1.0230939995192114,1.2378078614181713,18,0.4503273633491921,0,146
CN7_L_000256,256,-0.728248608535977,-0.9263904713038393,-0.1344408630618093,-0.6557616525288871,0.978580361513066,1.2025024719774604,-0.642289796896626,0.0,0.5998323253659051,0.8948528614473485,-0.13202164084538018,0.6352098982042783,-1.9109077194502389,0.49073691658292357,0.22849007493836115,1.8506507475512546,0.9001558660519489,0.279582480052895,0.8867055170065484,0.3158922709251282,-0.8975710862039038,0.33458781455609526,-1.4090592206700663,-1.200699849975949,159,0.45019991062542514,0,147
CN7_L_000295,295,-1.129445347695208,-1.329345496854114,-0.18352445438258097,-1.1641662255263823,0.978580361513066,1.2025024719774604,-0.642289796896626,0.0,0.7945295274161116,-0.7957303657393812,-0.13202164084538018,-0.40997544119473406,-1.9109077194502389,0.31480605045323157,0.22849007493836115,0.7290726830027427,0.06735821439464394,-0.0377282136292905,-0.26118134503325363,-0.29962644618755063,-0.8975710862039038,-0.37043417279326324,-0.9798553901892844,-0.9021068559029836,183,0.4500011291767944,0,148
CN7_L_000235,235,0.47545640056951544,0.28251303508572423,-0.08535727174103763,0.36104749346610326,0.978580361513066,1.2025024719774604,-0.642289796896626,0.0,-0.37363140406856615,-0.7957303657393812,-0.13202164084538018,0.6352098982042783,0.9397559573304937,1.0185160928193289,1.371878074950475,-0.392505381545769,-1.598067666144733,1.2314177314706196,0.7591538827145803,1.239076431623577,0.013158100971789112,-0.47114940410614314,-1.7667288520038238,-1.4495271868365929,144,0.44966818264670394,0,149
CN7_L_000004,4,1.2778881427639106,1.0884423010556434,-0.47801664056940424,1.3778566394610936,0.978580361513066,-0.7111644212715653,1.532018306645547,0.0,-0.9577081563414782,-1.641030040707891,-1.2905901162753592,0.6352098982042783,0.9397559573304937,-0.9166764570729355,-0.5337734380587921,-0.8411639896421402,0.3449574316137456,-0.0377282136292905,1.141769862296529,0.008132912368788797,0.013158100971789112,-1.075448476063022,1.1661623978132603,1.3373391758428135,3,0.44952900665419704,0,150
CN7_L_000206,206,0.47545640056951544,0.28251303508572423,-0.18352445438258097,0.36104749346610326,0.978580361513066,1.2025024719774604,-0.7026539645658552,0.0,-0.37363140406856615,0.8948528614473485,-0.13202164084538018,0.6352098982042783,0.3062805103879508,1.1944402478726854,1.371878074950475,-1.7384127501424664,0.06735821439464394,0.279582480052895,0.6316022484226123,0.008132912368788797,-0.8975710862039038,-0.47114940410614314,-1.9097958858965078,-1.598823209272595,126,0.44826942434145634,0,151
CN7_L_000598,598,-1.129445347695208,-1.329345496854114,0.5036364623704156,-1.1641662255263823,-0.9024657082140384,-0.7111644212715653,-0.7630642117523891,0.0,0.7945295274161116,0.8948528614473485,1.026546834584599,-1.4550013077009483,-1.277432272507696,-0.21297312578317368,-0.5337734380587921,-1.0654248379979097,0.3449574316137456,-0.355038907311476,-0.5162846136171899,0.3158922709251282,0.013158100971789112,1.6439011897827331,0.16468770295901236,-0.15562484532105123,359,0.44826646203020315,0,152
CN7_L_000493,493,-0.3270136055008128,-0.523416230884195,0.4054692797288723,-0.6557616525288871,-0.9024657082140384,-0.7111644212715653,-0.7026539645658552,0.0,0.40514255025455237,0.049553186478838565,-0.13202164084538018,0.6352098982042783,-0.32719493655459203,0.6666610716362802,0.6096145619533219,-0.392505381545769,-1.3205531603132479,1.8660391188349905,-1.7917231099489601,1.239076431623577,-2.263699609058966,1.140317349138734,0.16468770295901236,-0.15562484532105123,299,0.44824519565648074,0,153
CN7_L_000106,106,1.6791231457990747,1.8943715670255628,-0.42893304924863257,0.36104749346610326,-0.9024657082140384,-0.7111644212715653,1.4716080594590133,0.0,-1.3470951335030374,0.049553186478838565,-1.2905901162753592,0.6352098982042783,1.5732314042730364,-1.2685314782559842,-0.9148979250737528,0.0561532265506022,0.6225566488328472,-0.0377282136292905,-0.13366863403524099,-0.9150982058149447,0.923887288147482,-0.9747332447501422,1.1661623978132603,1.3871048330551345,65,0.4482274124468498,0,154
CN7_L_000232,232,0.47545640056951544,0.6854680606359991,-0.08535727174103763,0.36104749346610326,0.978580361513066,1.2025024719774604,-0.642289796896626,0.0,-0.17893420201835966,0.8948528614473485,-0.13202164084538018,1.6802357647104924,0.3062805103879508,0.8425919377659722,0.9907535879355144,0.0561532265506022,-1.598067666144733,-0.9895634650470151,-0.7713878822011261,-0.6073388472586053,0.013158100971789112,-0.37043417279326324,-1.7667288520038238,-1.4992928440489142,141,0.4481987793636406,0,155
CN7_L_000225,225,0.47545640056951544,0.6854680606359991,-0.08535727174103763,0.36104749346610326,0.978580361513066,1.2025024719774604,-0.7026539645658552,0.0,-0.37363140406856615,-0.7957303657393812,-0.13202164084538018,0.6352098982042783,0.623042399398512,1.3703711140023773,1.371878074950475,0.5047433789545571,2.2880672407598404,-0.0377282136292905,0.24898626884066333,0.008132912368788797,0.4685574366511583,-0.47114940410614314,-1.9097958858965078,-1.5490585012612352,138,0.44793743876809333,0,156
CN7_L_000282,282,0.07422139753435131,-0.12046120533392016,-0.23260804570335264,-0.6557616525288871,0.978580361513066,1.2025024719774604,-0.5818795497100921,0.0,0.01575557309299311,-0.7957303657393812,-0.13202164084538018,0.6352098982042783,-0.6439568255651532,1.1944402478726854,0.9907535879355144,-1.7384127501424664,0.3449574316137456,-1.3068741587292005,1.0142571512985166,-0.9150982058149447,-0.8975710862039038,-0.47114940410614314,-1.2659908223760175,-1.1011685355513066,176,0.4476983763080441,0,157
CN7_L_000477,477,0.07422139753435131,0.28251303508572423,0.2582185057665573,-0.6557616525288871,-0.9024657082140384,-0.7111644212715653,-0.5214693025235582,0.0,-0.17893420201835966,0.8948528614473485,1.026546834584599,0.6352098982042783,1.256517846341055,1.3703711140023773,1.371878074950475,0.0561532265506022,0.6225566488328472,0.279582480052895,0.5040506141306441,0.3158922709251282,0.4685574366511583,0.636733508494735,0.16468770295901236,-0.1058591881087301,290,0.4473905124260024,0,158
CN7_L_000260,260,-0.3270136055008128,-0.523416230884195,0.012809910900505709,0.36104749346610326,0.978580361513066,1.2025024719774604,-0.7026539645658552,0.0,0.40514255025455237,0.049553186478838565,1.026546834584599,0.6352098982042783,-0.6439568255651532,0.31480605045323157,-0.15263441207659956,1.4019921394548833,0.06735821439464394,-0.355038907311476,-0.6438362479091579,-2.146041725069733,0.923887288147482,-0.37043417279326324,-1.4090592206700663,-1.25046550718827,161,0.446885362453304,0,159
CN7_L_000439,439,-0.728248608535977,-0.9263904713038393,0.061893502221277374,-1.1641662255263823,-0.9024657082140384,-0.7111644212715653,-0.5214693025235582,0.0,0.5998323253659051,0.8948528614473485,-0.13202164084538018,-0.40997544119473406,-0.9606703834971348,0.6666610716362802,0.9907535879355144,-0.6168346855939546,-1.3205531603132479,-1.6241848524113862,1.7794891104624142,-0.9150982058149447,0.013158100971789112,0.636733508494735,-0.12144772922772068,-0.3049218169580146,268,0.44663371202218,0,160
CN7_L_000102,102,0.47545640056951544,0.6854680606359991,-0.3798494579278609,0.36104749346610326,-0.9024657082140384,-0.7111644212715653,1.4716080594590133,0.0,-0.5683211791799189,-0.7957303657393812,-0.13202164084538018,-1.4550013077009483,-0.01048137862261042,-1.9722415206220814,-2.0582859250858667,0.28041407490637155,1.1777550832710504,-0.0377282136292905,-0.26118134503325363,0.6236046719961829,0.4685574366511583,-0.9747332447501422,1.0946281986662358,1.2875735186304924,63,0.4466330990377315,0,161
CN7_L_000301,301,-0.3270136055008128,-0.12046120533392016,-0.08535727174103763,0.36104749346610326,0.978580361513066,1.2025024719774604,-0.5214693025235582,0.0,0.21044534820434588,-0.7957303657393812,-0.13202164084538018,0.6352098982042783,0.623042399398512,1.1944402478726854,1.371878074950475,0.28041407490637155,-1.8756668833638346,-0.355038907311476,0.8867055170065484,-0.29962644618755063,-0.8975710862039038,-1.176163707375902,-0.9798553901892844,-1.051403827539947,189,0.44570866744514953,0,162
CN7_L_000090,90,0.8766531397287465,1.0884423010556434,-0.6252674145317192,0.36104749346610326,-0.9024657082140384,-0.7111644212715653,1.4716080594590133,0.0,-0.9577081563414782,-0.7957303657393812,-1.2905901162753592,-0.40997544119473406,0.623042399398512,-1.4444623443856761,-0.9148979250737528,0.0561532265506022,0.9001558660519489,-0.6723496009936615,0.8867055170065484,0.008132912368788797,-1.352970421883273,-1.075448476063022,1.1661623978132603,1.3871048330551345,55,0.44569073166902756,0,163
CN7_L_000558,558,-0.728248608535977,-0.9263904713038393,0.5036364623704156,-0.6557616525288871,-0.9024657082140384,-0.7111644212715653,-0.7026539645658552,0.0,0.40514255025455237,0.8948528614473485,-0.13202164084538018,-0.40997544119473406,-0.32719493655459203,-0.03704225965348172,-0.15263441207659956,-1.0654248379979097,0.9001558660519489,-0.0377282136292905,-0.26118134503325363,-0.6073388472586053,2.745415146681913,1.5431859584698533,0.3077547368516965,-0.006328822885049378,334,0.44562343541367533,0,164
CN7_L_000387,387,-0.3270136055008128,-0.523416230884195,0.11097709354204904,-1.1641662255263823,0.978580361513066,-0.7111644212715653,-0.7026539645658552,0.0,0.40514255025455237,-0.7957303657393812,-0.13202164084538018,-0.40997544119473406,0.3062805103879508,0.31480605045323157,-0.15263441207659956,-1.7384127501424664,0.3449574316137456,-0.355038907311476,-1.7917231099489601,1.5468357901799163,0.923887288147482,0.2338725832432154,-0.40758452581581833,-0.5537491538186587,236,0.4455843836224626,0,165
CN7_L_000125,125,1.2778881427639106,1.4913973266059182,-0.18352445438258097,0.36104749346610326,-0.9024657082140384,-0.7111644212715653,1.532018306645547,0.0,-0.9577081563414782,-0.7957303657393812,-0.13202164084538018,0.6352098982042783,1.256517846341055,-1.2685314782559842,-1.2960369510559453,1.626321443503069,0.3449574316137456,1.2314177314706196,-1.5366198413650238,-0.29962644618755063,0.923887288147482,-0.8740180134372624,1.1661623978132603,1.2875735186304924,75,0.4455039476619907,0,166
CN7_L_000213,213,-0.728248608535977,-0.9263904713038393,-0.08535727174103763,-1.1641662255263823,0.978580361513066,1.2025024719774604,-0.5818795497100921,0.0,0.40514255025455237,0.049553186478838565,-0.13202164084538018,0.6352098982042783,-0.01048137862261042,0.49073691658292357,0.22849007493836115,-0.16817607749758343,1.4552695891025356,-0.0377282136292905,-0.3887329793252218,-1.2228106068859994,0.923887288147482,-0.06828079477502394,-1.9097958858965078,-1.648588866484916,132,0.44489222965251723,0,167
CN7_L_000429,429,-0.3270136055008128,-0.523416230884195,0.061893502221277374,0.36104749346610326,-0.9024657082140384,-0.7111644212715653,-0.5214693025235582,0.0,0.21044534820434588,-2.486329715676401,-0.13202164084538018,-0.40997544119473406,0.9397559573304937,0.8425919377659722,0.9907535879355144,-0.392505381545769,0.06735821439464394,0.279582480052895,1.6519763994644017,0.3158922709251282,1.3792866238268513,0.536018277181855,-0.12144772922772068,-0.3049218169580146,261,0.4441765920917919,0,168
CN7_L_000130,130,1.2778881427639106,1.0884423010556434,-0.47801664056940424,0.36104749346610326,-0.9024657082140384,-0.7111644212715653,1.4716080594590133,0.0,-0.9577081563414782,-1.641030040707891,-0.13202164084538018,-0.40997544119473406,0.3062805103879508,-1.4444623443856761,-1.2960369510559453,-0.6168346855939546,-0.7653547258750445,0.279582480052895,0.6316022484226123,0.9313640305525223,-1.8083002733795968,-0.2697112574007837,1.1661623978132603,1.2875735186304924,78,0.44368058588177667,0,169
CN7_L_000407,407,0.47545640056951544,0.6854680606359991,0.16005132312501397,0.36104749346610326,-0.9024657082140384,-0.7111644212715653,-0.642289796896626,0.0,-0.17893420201835966,1.7401525364158585,-0.13202164084538018,1.6802357647104924,0.9397559573304937,0.8425919377659722,0.6096145619533219,-0.16817607749758343,0.9001558660519489,-2.2588062397757573,-0.3887329793252218,-0.29962644618755063,0.4685574366511583,0.43530304586897517,-0.1929819283747451,-0.35468652496937425,247,0.4435493707844496,0,170
CN7_L_000038,38,0.8766531397287465,1.0884423010556434,-0.3798494579278609,0.36104749346610326,0.978580361513066,-0.7111644212715653,1.4716080594590133,0.0,-0.5683211791799189,-0.7957303657393812,-0.13202164084538018,0.6352098982042783,0.3062805103879508,-1.7963106544923895,-1.6771614380709061,-0.16817607749758343,0.06735821439464394,-0.6723496009936615,-1.0264522274911068,-0.9150982058149447,0.923887288147482,-0.2697112574007837,1.309230796107309,1.3871048330551345,25,0.4432224085172466,0,171
CN7_L_000597,597,-1.129445347695208,-1.329345496854114,0.4054692797288723,-0.6557616525288871,-0.9024657082140384,-0.7111644212715653,-0.7630642117523891,0.0,0.7945295274161116,2.5854522113843683,-0.13202164084538018,-1.4550013077009483,-0.6439568255651532,0.13888189539987494,-0.15263441207659956,-0.6168346855939546,-1.598067666144733,-0.0377282136292905,0.12143463454869523,0.008132912368788797,0.923887288147482,1.039602117825854,0.021619304664963514,-0.20539050253337238,358,0.44321010264145466,0,172
CN7_L_000438,438,-0.728248608535977,-0.523416230884195,0.11097709354204904,0.36104749346610326,-0.9024657082140384,-0.7111644212715653,-0.642289796896626,0.0,0.5998323253659051,0.049553186478838565,-0.13202164084538018,-0.40997544119473406,-0.6439568255651532,1.0185160928193289,1.371878074950475,-0.16817607749758343,0.6225566488328472,2.183349812517176,1.6519763994644017,0.9313640305525223,-1.352970421883273,0.536018277181855,-0.12144772922772068,-0.3049218169580146,267,0.44292998027038777,0,173
CN7_L_000539,539,-0.728248608535977,-0.9263904713038393,0.4054692797288723,-0.6557616525288871,-0.9024657082140384,-0.7111644212715653,-0.7026539645658552,0.0,0.5998323253659051,0.8948528614473485,1.026546834584599,-0.40997544119473406,-0.01048137862261042,-0.21297312578317368,-0.5337734380587921,0.5047433789545571,0.06735821439464394,-0.355038907311476,-1.281555496075043,3.085538667991044,0.013158100971789112,1.3417554958440934,0.3077547368516965,-0.006328822885049378,323,0.44281816265783125,0,174
CN7_L_000181,181,0.8766531397287465,0.6854680606359991,-0.47801664056940424,0.36104749346610326,-0.9024657082140384,-0.7111644212715653,1.4716080594590133,0.0,-0.5683211791799189,0.049553186478838565,-0.13202164084538018,0.6352098982042783,-0.01048137862261042,-1.620386499439033,-1.6771614380709061,0.0561532265506022,1.1777550832710504,-0.355038907311476,-1.281555496075043,2.7777793094347043,-0.44224123470758003,-0.8740180134372624,1.1661623978132603,1.2875735186304924,110,0.4428033629687611,0,175
CN7_L_000479,479,-0.728248608535977,-0.523416230884195,0.11097709354204904,0.36104749346610326,-0.9024657082140384,1.2025024719774604,-0.7630642117523891,0.0,0.21044534820434588,-0.7957303657393812,-0.13202164084538018,-0.40997544119473406,-0.32719493655459203,0.8425919377659722,0.9907535879355144,0.7290726830027427,-1.3205531603132479,-0.0377282136292905,1.141769862296529,0.3158922709251282,1.834616475323175,0.9388868865129743,0.16468770295901236,-0.1058591881087301,292,0.4427551975698426,0,176
CN7_L_000451,451,-1.129445347695208,-0.9263904713038393,0.11097709354204904,-0.6557616525288871,-0.9024657082140384,-0.7111644212715653,-0.7026539645658552,0.0,0.40514255025455237,0.8948528614473485,1.026546834584599,-1.4550013077009483,-0.9606703834971348,-0.38889728083653036,-0.5337734380587921,1.4019921394548833,-0.7653547258750445,-0.355038907311476,0.6316022484226123,-0.9150982058149447,0.013158100971789112,1.4424707271569734,-0.049914894482060906,-0.2551561597456935,274,0.44259097114671914,0,177
CN7_L_000521,521,-0.728248608535977,-0.523416230884195,0.4054692797288723,-1.1641662255263823,-0.9024657082140384,-0.7111644212715653,-0.7026539645658552,0.0,0.40514255025455237,2.5854522113843683,1.026546834584599,0.6352098982042783,0.623042399398512,0.31480605045323157,-0.15263441207659956,-1.514083446094281,-0.7653547258750445,-0.355038907311476,-1.9192747442409281,0.3158922709251282,0.923887288147482,0.8381716552000944,0.23622190210603677,-0.05609448009737051,314,0.44236583389487627,0,178
CN7_L_000178,178,0.47545640056951544,0.6854680606359991,-0.42893304924863257,0.36104749346610326,-0.9024657082140384,-0.7111644212715653,1.592428553832081,0.0,-0.5683211791799189,0.049553186478838565,-0.13202164084538018,-1.4550013077009483,-0.01048137862261042,-1.620386499439033,-1.6771614380709061,0.28041407490637155,0.06735821439464394,0.279582480052895,0.5040506141306441,-0.9150982058149447,-0.8975710862039038,-0.8740180134372624,1.2376965969602847,1.3871048330551345,108,0.4420321344082449,0,179
CN7_L_000062,62,0.8766531397287465,0.6854680606359991,-0.47801664056940424,0.36104749346610326,0.978580361513066,-0.7111644212715653,1.411243891789784,0.0,-0.5683211791799189,-1.641030040707891,-0.13202164084538018,-0.40997544119473406,-0.32719493655459203,-1.0926073232026277,-0.9148979250737528,1.626321443503069,-0.21015629143684125,0.279582480052895,1.0142571512985166,0.008132912368788797,0.013158100971789112,-1.8811856947252605,1.1661623978132603,1.3373391758428135,40,0.44147791938456066,0,180
CN7_L_000553,553,-0.3270136055008128,-0.12046120533392016,0.5527106919533805,0.36104749346610326,-0.9024657082140384,-0.7111644212715653,-0.7630642117523891,0.0,0.21044534820434588,2.5854522113843683,1.026546834584599,0.6352098982042783,0.9397559573304937,0.6666610716362802,0.22849007493836115,-0.16817607749758343,0.9001558660519489,-1.3068741587292005,-0.13366863403524099,-0.29962644618755063,0.013158100971789112,1.3417554958440934,0.3077547368516965,0.04343683432727175,330,0.4414660412983978,0,181
CN7_L_000466,466,0.07422139753435131,-0.12046120533392016,0.307302097087329,-0.14735707953139193,-0.9024657082140384,-0.7111644212715653,-0.642289796896626,0.0,0.21044534820434588,0.049553186478838565,1.026546834584599,0.6352098982042783,-0.01048137862261042,1.0185160928193289,0.6096145619533219,0.9534019870509284,-1.0429539430941461,0.279582480052895,-0.6438362479091579,-2.146041725069733,-1.8083002733795968,0.43530304586897517,0.021619304664963514,-0.2551561597456935,286,0.4413181786635851,0,182
CN7_L_000514,514,0.07422139753435131,0.28251303508572423,0.16005132312501397,-0.6557616525288871,-0.9024657082140384,-0.7111644212715653,-0.7026539645658552,0.0,-0.17893420201835966,2.5854522113843683,-0.13202164084538018,0.6352098982042783,1.5732314042730364,0.8425919377659722,0.9907535879355144,-1.0654248379979097,-1.598067666144733,-0.0377282136292905,0.8867055170065484,0.6236046719961829,0.013158100971789112,1.2410402645312135,0.16468770295901236,-0.05609448009737051,308,0.4407587663516508,0,183
CN7_L_000573,573,0.07422139753435131,-0.12046120533392016,0.454552871049644,-1.1641662255263823,-0.9024657082140384,1.2025024719774604,-0.7026539645658552,0.0,0.01575557309299311,0.8948528614473485,-0.13202164084538018,0.6352098982042783,0.9397559573304937,0.6666610716362802,0.6096145619533219,0.5047433789545571,-0.48775550865594286,-0.355038907311476,-0.3887329793252218,-1.2228106068859994,-1.8083002733795968,1.140317349138734,0.23622190210603677,-0.05609448009737051,344,0.4406394653048844,0,184
CN7_L_000484,484,0.07422139753435131,-0.12046120533392016,0.35638568840810064,-0.6557616525288871,-0.9024657082140384,-0.7111644212715653,-0.7630642117523891,0.0,0.01575557309299311,0.049553186478838565,-0.13202164084538018,-0.40997544119473406,0.623042399398512,0.6666610716362802,0.6096145619533219,-0.16817607749758343,2.565666457978942,0.5968931737350806,-1.5366198413650238,-2.146041725069733,0.013158100971789112,1.140317349138734,0.16468770295901236,-0.15562484532105123,295,0.44062384977592906,0,185
CN7_L_000379,379,0.07422139753435131,-0.12046120533392016,0.16005132312501397,-1.1641662255263823,0.978580361513066,1.2025024719774604,-0.5214693025235582,0.0,0.21044534820434588,-0.7957303657393812,-0.13202164084538018,0.6352098982042783,0.9397559573304937,0.8425919377659722,0.6096145619533219,1.626321443503069,-0.7653547258750445,1.548728425152805,-0.7713878822011261,0.008132912368788797,0.013158100971789112,0.13314966785073584,-0.40758452581581833,-0.4542178393940165,231,0.44053001714734935,0,186
CN7_L_000088,88,1.6791231457990747,1.4913973266059182,-0.47801664056940424,0.36104749346610326,-0.9024657082140384,-0.7111644212715653,1.532018306645547,0.0,-0.9577081563414782,-0.7957303657393812,-0.13202164084538018,0.6352098982042783,0.9397559573304937,-0.9166764570729355,-0.5337734380587921,-0.6168346855939546,0.9001558660519489,-0.355038907311476,0.8867055170065484,-1.2228106068859994,0.013158100971789112,-0.9747332447501422,1.380763630852969,1.4368695410664942,53,0.4405134907781842,0,187
CN7_L_000348,348,0.07422139753435131,0.28251303508572423,0.16005132312501397,0.36104749346610326,0.978580361513066,1.2025024719774604,-0.7026539645658552,0.0,-0.17893420201835966,-1.641030040707891,-0.13202164084538018,0.6352098982042783,0.623042399398512,0.8425919377659722,0.9907535879355144,-0.8411639896421402,-0.48775550865594286,-0.355038907311476,-0.6438362479091579,-2.453801083626072,-0.44224123470758003,-0.7732950980447828,-0.622185758855527,-0.7030451762546606,218,0.44043812041818414,0,188
CN7_L_000515,515,-0.728248608535977,-0.523416230884195,0.20913491444578564,0.36104749346610326,-0.9024657082140384,-0.7111644212715653,-0.7026539645658552,0.0,0.21044534820434588,0.049553186478838565,-0.13202164084538018,-0.40997544119473406,0.9397559573304937,0.8425919377659722,0.6096145619533219,-1.0654248379979097,0.3449574316137456,-1.3068741587292005,1.3968731308804654,2.1623075498073105,0.923887288147482,1.7446241051752127,0.23622190210603677,-0.05609448009737051,309,0.43982630541869827,0,189
CN7_L_000377,377,-0.728248608535977,-0.523416230884195,0.20913491444578564,-1.1641662255263823,0.978580361513066,1.2025024719774604,-0.7026539645658552,0.0,0.40514255025455237,1.7401525364158585,-0.13202164084538018,0.6352098982042783,-1.277432272507696,0.13888189539987494,-0.15263441207659956,2.0749800515994403,-0.7653547258750445,-0.0377282136292905,-0.8989005931991387,-0.29962644618755063,0.923887288147482,-0.2697112574007837,-0.47911736056147813,-0.5537491538186587,229,0.43975894815913713,0,190
CN7_L_000122,122,0.8766531397287465,1.0884423010556434,-0.5271002318901759,0.36104749346610326,-0.9024657082140384,-0.7111644212715653,1.4716080594590133,0.0,-0.7630183812301254,-1.641030040707891,-0.13202164084538018,-0.40997544119473406,-0.32719493655459203,-1.620386499439033,-1.2960369510559453,0.9534019870509284,1.7328688063216373,0.279582480052895,-0.13366863403524099,0.3158922709251282,-0.8975710862039038,-1.276878938688782,1.0946281986662358,1.2875735186304924,73,0.4397527002119056,0,191
CN7_L_000246,246,-0.728248608535977,-0.9263904713038393,-0.2816916370241243,0.36104749346610326,0.978580361513066,1.2025024719774604,-0.7026539645658552,0.0,0.40514255025455237,0.049553186478838565,-0.13202164084538018,0.6352098982042783,-1.5941941615182573,0.31480605045323157,0.22849007493836115,-0.8411639896421402,-0.7653547258750445,-0.355038907311476,0.8867055170065484,0.6236046719961829,-1.352970421883273,-0.9747332447501422,-1.5521262545627506,-1.3499958724119507,152,0.43944284930787736,0,192
CN7_L_000596,596,-0.728248608535977,-0.9263904713038393,0.4054692797288723,-0.6557616525288871,-0.9024657082140384,-0.7111644212715653,-0.7630642117523891,0.0,0.40514255025455237,-0.7957303657393812,1.026546834584599,-1.4550013077009483,-0.6439568255651532,0.31480605045323157,0.22849007493836115,-1.0654248379979097,0.3449574316137456,1.8660391188349905,1.2693214965884974,-1.5305699654423388,0.923887288147482,1.2410402645312135,0.021619304664963514,-0.15562484532105123,357,0.4393994105888388,0,193
CN7_L_000372,372,-0.3270136055008128,-0.12046120533392016,0.012809910900505709,0.36104749346610326,0.978580361513066,1.2025024719774604,-0.642289796896626,0.0,0.40514255025455237,0.8948528614473485,-0.13202164084538018,-0.40997544119473406,-0.6439568255651532,1.1944402478726854,0.9907535879355144,1.177731291099114,0.9001558660519489,1.8660391188349905,1.7794891104624142,0.008132912368788797,-0.44224123470758003,-0.672579866731903,-0.47911736056147813,-0.5039834966063376,226,0.4392873155156295,0,194
CN7_L_000581,581,-0.728248608535977,-0.9263904713038393,0.5036364623704156,-1.1641662255263823,-0.9024657082140384,-0.7111644212715653,-0.642289796896626,0.0,0.7945295274161116,0.049553186478838565,-0.13202164084538018,0.6352098982042783,0.3062805103879508,0.6666610716362802,0.6096145619533219,0.0561532265506022,1.4552695891025356,-0.0377282136292905,-1.0264522274911068,1.5468357901799163,-1.8083002733795968,1.3417554958440934,0.16468770295901236,-0.1058591881087301,346,0.43917217549502346,0,195
CN7_L_000121,121,0.8766531397287465,1.0884423010556434,-0.6252674145317192,0.36104749346610326,-0.9024657082140384,-0.7111644212715653,1.592428553832081,0.0,-0.7630183812301254,-0.7957303657393812,-0.13202164084538018,-0.40997544119473406,0.623042399398512,-1.620386499439033,-1.6771614380709061,-0.6168346855939546,0.06735821439464394,0.914107037788434,0.5040506141306441,0.008132912368788797,-0.44224123470758003,-0.9747332447501422,1.0946281986662358,1.2875735186304924,72,0.4386966534421758,0,196
CN7_L_000202,202,-0.3270136055008128,-0.12046120533392016,-0.08535727174103763,0.36104749346610326,0.978580361513066,1.2025024719774604,-0.7026539645658552,0.0,0.01575557309299311,-0.7957303657393812,-0.13202164084538018,0.6352098982042783,0.3062805103879508,0.6666610716362802,0.9907535879355144,0.7290726830027427,1.7328688063216373,-0.0377282136292905,-1.9192747442409281,0.9313640305525223,-0.44224123470758003,-0.47114940410614314,-1.9097958858965078,-1.598823209272595,124,0.43862690891028333,0,197
CN7_L_000562,562,-0.3270136055008128,-0.12046120533392016,0.5527106919533805,0.36104749346610326,-0.9024657082140384,-0.7111644212715653,-0.642289796896626,0.0,0.40514255025455237,1.7401525364158585,1.026546834584599,0.6352098982042783,0.9397559573304937,1.0185160928193289,0.9907535879355144,-0.392505381545769,0.6225566488328472,0.279582480052895,-0.6438362479091579,-0.29962644618755063,-0.8975710862039038,1.6439011897827331,0.23622190210603677,-0.05609448009737051,338,0.4385698762347055,0,198
CN7_L_000173,173,1.2778881427639106,1.0884423010556434,-0.42893304924863257,0.36104749346610326,-0.9024657082140384,-0.7111644212715653,1.411243891789784,0.0,-0.9577081563414782,0.049553186478838565,-0.13202164084538018,-0.40997544119473406,-0.01048137862261042,-1.0926073232026277,-0.9148979250737528,0.0561532265506022,2.010468023540739,-0.355038907311476,-0.7713878822011261,-2.146041725069733,0.4685574366511583,-0.9747332447501422,1.1661623978132603,1.3871048330551345,106,0.43851032222863423,0,199
CN7_L_000381,381,0.07422139753435131,0.28251303508572423,0.061893502221277374,0.36104749346610326,0.978580361513066,-0.7111644212715653,-0.7026539645658552,0.0,0.01575557309299311,1.7401525364158585,-0.13202164084538018,1.6802357647104924,0.623042399398512,1.1944402478726854,0.9907535879355144,-0.8411639896421402,0.3449574316137456,-0.0377282136292905,0.8867055170065484,-1.5305699654423388,0.923887288147482,0.536018277181855,-0.40758452581581833,-0.4542178393940165,232,0.4382106875571949,0,200
CN7_L_000417,417,0.07422139753435131,-0.12046120533392016,0.20913491444578564,0.36104749346610326,-0.9024657082140384,-0.7111644212715653,-0.5818795497100921,0.0,0.21044534820434588,0.049553186478838565,-0.13202164084538018,-0.40997544119473406,1.5732314042730364,1.0185160928193289,0.9907535879355144,-0.6168346855939546,1.1777550832710504,-0.355038907311476,-0.3887329793252218,0.008132912368788797,-2.263699609058966,0.43530304586897517,-0.1929819283747451,-0.35468652496937425,255,0.43816222155644463,0,201
CN7_L_000582,582,-0.3270136055008128,-0.12046120533392016,0.4054692797288723,-0.6557616525288871,-0.9024657082140384,-0.7111644212715653,-0.5818795497100921,0.0,0.01575557309299311,0.049553186478838565,1.026546834584599,0.6352098982042783,0.623042399398512,0.6666610716362802,0.6096145619533219,0.0561532265506022,-0.21015629143684125,2.50056367657053,-0.7713878822011261,0.6236046719961829,0.923887288147482,1.5431859584698533,0.16468770295901236,-0.1058591881087301,347,0.43781205775629767,0,202
CN7_L_000273,273,0.47545640056951544,0.28251303508572423,-0.18352445438258097,0.36104749346610326,0.978580361513066,1.2025024719774604,-0.642289796896626,0.0,-0.17893420201835966,-0.7957303657393812,-0.13202164084538018,0.6352098982042783,0.3062805103879508,1.0185160928193289,1.371878074950475,-1.0654248379979097,-1.0429539430941461,-1.6241848524113862,1.0142571512985166,-1.2228106068859994,-0.44224123470758003,0.33458781455609526,-1.2659908223760175,-1.1509341927636276,169,0.43776631933739957,0,203
CN7_L_000092,92,0.8766531397287465,0.6854680606359991,-0.42893304924863257,0.36104749346610326,-0.9024657082140384,-0.7111644212715653,1.4716080594590133,0.0,-0.5683211791799189,-0.7957303657393812,-0.13202164084538018,-0.40997544119473406,-0.32719493655459203,-1.620386499439033,-1.6771614380709061,-0.16817607749758343,0.9001558660519489,1.548728425152805,-0.3887329793252218,0.6236046719961829,-1.352970421883273,-1.075448476063022,1.1661623978132603,1.3373391758428135,56,0.437166518076849,0,204
CN7_L_000374,374,-1.129445347695208,-0.9263904713038393,0.16005132312501397,-1.1641662255263823,0.978580361513066,1.2025024719774604,-0.642289796896626,0.0,0.5998323253659051,0.8948528614473485,-0.13202164084538018,-0.40997544119473406,-1.5941941615182573,0.13888189539987494,-0.15263441207659956,0.28041407490637155,-1.3205531603132479,0.279582480052895,1.0142571512985166,0.3158922709251282,0.923887288147482,1.039602117825854,-0.47911736056147813,-0.5039834966063376,227,0.4370300187406933,0,205
CN7_L_000409,409,-0.3270136055008128,-0.12046120533392016,0.16005132312501397,0.36104749346610326,-0.9024657082140384,-0.7111644212715653,-0.7026539645658552,0.0,0.21044534820434588,0.049553186478838565,-0.13202164084538018,0.6352098982042783,0.3062805103879508,0.8425919377659722,0.9907535879355144,0.7290726830027427,2.8431809638104273,-0.0377282136292905,1.2693214965884974,0.9313640305525223,2.290015811002544,0.43530304586897517,-0.1929819283747451,-0.35468652496937425,249,0.43690406724002,0,206
CN7_L_000495,495,0.47545640056951544,0.28251303508572423,0.307302097087329,-1.1641662255263823,-0.9024657082140384,-0.7111644212715653,-0.5818795497100921,0.0,-0.17893420201835966,0.8948528614473485,-0.13202164084538018,0.6352098982042783,0.623042399398512,0.8425919377659722,0.9907535879355144,-1.9627420541906522,0.9001558660519489,-0.0377282136292905,-0.13366863403524099,-0.9150982058149447,-0.44224123470758003,1.140317349138734,0.16468770295901236,-0.1058591881087301,300,0.43662489443490293,0,207
CN7_L_000308,308,-0.3270136055008128,-0.12046120533392016,0.11097709354204904,0.36104749346610326,0.978580361513066,1.2025024719774604,-0.7026539645658552,0.0,0.21044534820434588,0.8948528614473485,1.026546834584599,0.6352098982042783,0.3062805103879508,0.6666610716362802,0.22849007493836115,-0.392505381545769,1.1777550832710504,-0.0377282136292905,-0.5162846136171899,-1.8383293239986782,-1.352970421883273,-0.37043417279326324,-0.90832119104226,-0.9021068559029836,194,0.43634325743533675,0,208
CN7_L_000249,249,-0.3270136055008128,-0.12046120533392016,-0.2816916370241243,-0.6557616525288871,0.978580361513066,1.2025024719774604,-0.7026539645658552,0.0,0.01575557309299311,-1.641030040707891,-0.13202164084538018,0.6352098982042783,-0.01048137862261042,0.31480605045323157,0.22849007493836115,-1.514083446094281,0.06735821439464394,0.279582480052895,-1.6641714756569919,0.3158922709251282,-0.44224123470758003,-0.37043417279326324,-1.4805934198170907,-1.25046550718827,154,0.43628918032696323,0,209
CN7_L_000572,572,-0.728248608535977,-0.523416230884195,0.454552871049644,-0.6557616525288871,-0.9024657082140384,-0.7111644212715653,-0.7630642117523891,0.0,0.5998323253659051,1.7401525364158585,1.026546834584599,0.6352098982042783,0.623042399398512,0.31480605045323157,-0.15263441207659956,0.5047433789545571,1.4552695891025356,-0.0377282136292905,-1.281555496075043,-0.9150982058149447,-0.44224123470758003,1.4424707271569734,0.23622190210603677,-0.1058591881087301,343,0.4361876484025826,0,210
CN7_L_000161,161,0.47545640056951544,0.28251303508572423,-0.47801664056940424,0.36104749346610326,-0.9024657082140384,-0.7111644212715653,1.4716080594590133,0.0,-0.37363140406856615,0.049553186478838565,-0.13202164084538018,-1.4550013077009483,-0.6439568255651532,-1.7963106544923895,-1.6771614380709061,0.28041407490637155,0.06735821439464394,0.279582480052895,0.3765379031326314,-0.29962644618755063,0.013158100971789112,-0.8740180134372624,1.1661623978132603,1.3871048330551345,100,0.43597670907306946,0,211
CN7_L_000237,237,-0.728248608535977,-0.523416230884195,0.012809910900505709,0.36104749346610326,0.978580361513066,1.2025024719774604,-0.642289796896626,0.0,0.21044534820434588,0.049553186478838565,-0.13202164084538018,0.6352098982042783,-1.5941941615182573,0.6666610716362802,0.6096145619533219,0.5047433789545571,1.4552695891025356,0.5968931737350806,0.5040506141306441,0.9313640305525223,1.834616475323175,-0.37043417279326324,-1.6951946528567994,-1.4495271868365929,146,0.4356555683533446,0,212
CN7_L_000453,453,-0.728248608535977,-0.9263904713038393,0.2582185057665573,-1.1641662255263823,-0.9024657082140384,-0.7111644212715653,-0.7026539645658552,0.0,0.40514255025455237,0.8948528614473485,-0.13202164084538018,-0.40997544119473406,-0.6439568255651532,-0.38889728083653036,-0.5337734380587921,1.626321443503069,0.06735821439464394,1.548728425152805,-1.5366198413650238,0.008132912368788797,0.4685574366511583,0.43530304586897517,-0.049914894482060906,-0.2551561597456935,276,0.43557835368207554,0,213
CN7_L_000454,454,-0.3270136055008128,-0.523416230884195,0.307302097087329,-0.6557616525288871,-0.9024657082140384,-0.7111644212715653,-0.7026539645658552,0.0,0.40514255025455237,0.8948528614473485,-0.13202164084538018,-0.40997544119473406,-0.6439568255651532,0.31480605045323157,0.22849007493836115,1.626321443503069,2.2880672407598404,-0.355038907311476,-0.7713878822011261,-0.29962644618755063,-2.263699609058966,0.13314966785073584,-0.049914894482060906,-0.2551561597456935,277,0.435567216091199,0,214
CN7_L_000115,115,1.2778881427639106,1.0884423010556434,-0.2816916370241243,0.36104749346610326,-0.9024657082140384,-0.7111644212715653,1.4716080594590133,0.0,-0.9577081563414782,-0.7957303657393812,-0.13202164084538018,0.6352098982042783,0.9397559573304937,-1.620386499439033,-1.6771614380709061,-0.16817607749758343,-1.0429539430941461,-0.355038907311476,-1.281555496075043,0.3158922709251282,1.3792866238268513,-0.8740180134372624,1.0946281986662358,1.2875735186304924,69,0.4354238437579803,0,215
CN7_L_000296,296,-1.129445347695208,-0.9263904713038393,0.012809910900505709,-0.6557616525288871,0.978580361513066,1.2025024719774604,-0.5214693025235582,0.0,0.5998323253659051,-0.7957303657393812,-0.13202164084538018,-0.40997544119473406,-0.01048137862261042,0.31480605045323157,0.22849007493836115,0.7290726830027427,0.06735821439464394,1.548728425152805,-0.7713878822011261,-1.5305699654423388,-0.44224123470758003,0.2338725832432154,-0.9798553901892844,-0.9021068559029836,184,0.43512851069290803,0,216
CN7_L_000499,499,-1.129445347695208,-0.9263904713038393,0.2582185057665573,-0.6557616525288871,-0.9024657082140384,1.2025024719774604,-0.7026539645658552,0.0,0.7945295274161116,0.8948528614473485,-0.13202164084538018,-0.40997544119473406,-0.9606703834971348,0.49073691658292357,0.22849007493836115,0.5047433789545571,-1.3205531603132479,1.548728425152805,-0.13366863403524099,0.008132912368788797,-0.44224123470758003,1.039602117825854,0.16468770295901236,-0.1058591881087301,302,0.43501934179603835,0,217
CN7_L_000555,555,-0.3270136055008128,-0.523416230884195,0.2582185057665573,0.36104749346610326,-0.9024657082140384,-0.7111644212715653,-0.7026539645658552,0.0,0.40514255025455237,0.8948528614473485,-0.13202164084538018,0.6352098982042783,-0.32719493655459203,1.1944402478726854,1.371878074950475,0.9534019870509284,0.9001558660519489,-0.0377282136292905,1.0142571512985166,0.3158922709251282,-1.8083002733795968,1.4424707271569734,0.3077547368516965,0.04343683432727175,331,0.4349799695367157,0,218
CN7_L_000307,307,-0.3270136055008128,-0.12046120533392016,0.20913491444578564,0.36104749346610326,0.978580361513066,1.2025024719774604,-0.7026539645658552,0.0,0.21044534820434588,-1.641030040707891,-0.13202164084538018,0.6352098982042783,0.623042399398512,0.6666610716362802,0.6096145619533219,0.0561532265506022,0.9001558660519489,-0.355038907311476,-0.6438362479091579,-2.453801083626072,0.923887288147482,-0.9747332447501422,-0.90832119104226,-0.8523411986906625,193,0.43447823605880914,0,219
CN7_L_000595,595,-0.728248608535977,-0.523416230884195,0.2582185057665573,-1.1641662255263823,-0.9024657082140384,-0.7111644212715653,-0.5214693025235582,0.0,0.21044534820434588,-0.7957303657393812,1.026546834584599,0.6352098982042783,0.3062805103879508,0.8425919377659722,0.9907535879355144,-0.8411639896421402,-1.598067666144733,-0.6723496009936615,1.3968731308804654,-0.29962644618755063,0.4685574366511583,0.636733508494735,0.021619304664963514,-0.15562484532105123,356,0.4344283336077095,0,220
CN7_L_000313,313,-1.129445347695208,-0.9263904713038393,-0.03627368042026596,0.36104749346610326,0.978580361513066,1.2025024719774604,-0.7026539645658552,0.0,0.5998323253659051,0.049553186478838565,-0.13202164084538018,-0.40997544119473406,-0.6439568255651532,0.13888189539987494,0.22849007493836115,-1.514083446094281,-2.153266100582936,-0.0377282136292905,0.7591538827145803,0.008132912368788797,0.4685574366511583,0.636733508494735,-0.8367869918952355,-0.8523411986906625,197,0.4342218070999579,0,221
CN7_L_000446,446,0.47545640056951544,0.28251303508572423,0.20913491444578564,0.36104749346610326,-0.9024657082140384,-0.7111644212715653,-0.7026539645658552,0.0,-0.17893420201835966,0.8948528614473485,-0.13202164084538018,0.6352098982042783,1.5732314042730364,0.8425919377659722,0.9907535879355144,-0.8411639896421402,0.06735821439464394,0.5968931737350806,-0.3887329793252218,-1.2228106068859994,0.923887288147482,0.13314966785073584,-0.049914894482060906,-0.2551561597456935,272,0.4339983056281966,0,222
CN7_L_000599,599,-1.129445347695208,-0.9263904713038393,0.5036364623704156,-0.6557616525288871,-0.9024657082140384,-0.7111644212715653,-0.7026539645658552,0.0,0.7945295274161116,0.8948528614473485,1.026546834584599,-0.40997544119473406,-1.277432272507696,-0.03704225965348172,-0.5337734380587921,-0.392505381545769,1.1777550832710504,-1.3068741587292005,-1.0264522274911068,-0.6073388472586053,0.4685574366511583,1.3417554958440934,0.09315350381198793,-0.15562484532105123,360,0.433913678699304,0,223
CN7_L_000471,471,-1.129445347695208,-1.329345496854114,0.061893502221277374,-1.1641662255263823,-0.9024657082140384,-0.7111644212715653,-0.642289796896626,0.0,0.5998323253659051,0.049553186478838565,-0.13202164084538018,-1.4550013077009483,-1.9109077194502389,0.13888189539987494,-0.15263441207659956,0.7290726830027427,-1.0429539430941461,-0.0377282136292905,1.141769862296529,0.6236046719961829,0.4685574366511583,0.8381716552000944,0.09315350381198793,-0.20539050253337238,288,0.43379095354847913,0,224
CN7_L_000226,226,-0.3270136055008128,-0.12046120533392016,-0.08535727174103763,0.36104749346610326,0.978580361513066,1.2025024719774604,-0.7026539645658552,0.0,0.21044534820434588,-1.641030040707891,-0.13202164084538018,0.6352098982042783,0.3062805103879508,1.1944402478726854,1.371878074950475,-0.16817607749758343,-0.7653547258750445,0.5968931737350806,0.3765379031326314,-0.6073388472586053,1.3792866238268513,-0.7732950980447828,-1.8382630511508482,-1.5490585012612352,139,0.4334191530991928,0,225
CN7_L_000571,571,-0.728248608535977,-0.523416230884195,0.6508778745949239,-0.6557616525288871,-0.9024657082140384,-0.7111644212715653,-0.642289796896626,0.0,0.40514255025455237,0.049553186478838565,1.026546834584599,-0.40997544119473406,0.623042399398512,-0.03704225965348172,-0.15263441207659956,0.0561532265506022,0.6225566488328472,-0.355038907311476,-1.281555496075043,0.6236046719961829,0.923887288147482,2.2482079458192117,0.23622190210603677,-0.05609448009737051,342,0.4332868468534782,0,226
CN7_L_000264,264,0.07422139753435131,-0.12046120533392016,-0.18352445438258097,0.36104749346610326,0.978580361513066,1.2025024719774604,-0.7026539645658552,0.0,-0.17893420201835966,-1.641030040707891,-0.13202164084538018,0.6352098982042783,0.623042399398512,0.8425919377659722,0.9907535879355144,-0.8411639896421402,-1.3205531603132479,0.5968931737350806,1.0142571512985166,0.3158922709251282,-0.44224123470758003,-0.8740180134372624,-1.3375250215230419,-1.200699849975949,164,0.43321822294180984,0,227
CN7_L_000310,310,0.07422139753435131,0.28251303508572423,0.012809910900505709,0.8694520664635984,0.978580361513066,1.2025024719774604,-0.642289796896626,0.0,0.01575557309299311,1.7401525364158585,-0.13202164084538018,0.6352098982042783,-0.01048137862261042,1.3703711140023773,1.371878074950475,-0.392505381545769,-1.3205531603132479,0.279582480052895,1.0142571512985166,0.3158922709251282,0.4685574366511583,-0.47114940410614314,-0.90832119104226,-0.9021068559029836,195,0.43319276987327154,0,228
CN7_L_000197,197,0.07422139753435131,-0.12046120533392016,-0.18352445438258097,0.36104749346610326,0.978580361513066,1.2025024719774604,-0.7026539645658552,0.0,-0.17893420201835966,0.8948528614473485,-0.13202164084538018,0.6352098982042783,0.3062805103879508,1.0185160928193289,0.9907535879355144,-0.8411639896421402,-1.0429539430941461,-0.0377282136292905,1.2693214965884974,1.239076431623577,0.013158100971789112,-0.571864635419023,-1.9097958858965078,-1.598823209272595,121,0.43303177657043923,0,229
CN7_L_000345,345,-0.728248608535977,-0.9263904713038393,0.11097709354204904,-1.1641662255263823,0.978580361513066,1.2025024719774604,-0.7026539645658552,0.0,0.5998323253659051,0.8948528614473485,-0.13202164084538018,0.6352098982042783,-1.5941941615182573,-0.21297312578317368,-0.5337734380587921,-1.514083446094281,0.06735821439464394,-0.355038907311476,-0.5162846136171899,-0.9150982058149447,0.4685574366511583,0.7374564238872144,-0.6937199580025514,-0.7030451762546606,215,0.432977463116198,0,230
CN7_L_000416,416,-0.3270136055008128,-0.12046120533392016,0.307302097087329,-0.6557616525288871,-0.9024657082140384,-0.7111644212715653,-0.7026539645658552,0.0,0.40514255025455237,-0.7957303657393812,1.026546834584599,-0.40997544119473406,-0.01048137862261042,0.8425919377659722,0.6096145619533219,1.4019921394548833,1.1777550832710504,0.914107037788434,-0.6438362479091579,0.6236046719961829,-1.352970421883273,-0.06828079477502394,-0.1929819283747451,-0.35468652496937425,254,0.43278357748098906,0,231
CN7_L_000478,478,0.07422139753435131,0.28251303508572423,0.11097709354204904,0.36104749346610326,-0.9024657082140384,-0.7111644212715653,-0.7026539645658552,0.0,-0.17893420201835966,0.049553186478838565,1.026546834584599,0.6352098982042783,0.623042399398512,1.0185160928193289,0.9907535879355144,-1.2897541420460952,0.6225566488328472,0.5968931737350806,1.141769862296529,-0.9150982058149447,0.4685574366511583,1.7446241051752127,0.16468770295901236,-0.15562484532105123,291,0.4326569983909546,0,232
CN7_L_000279,279,-0.3270136055008128,-0.523416230884195,-0.23260804570335264,0.36104749346610326,0.978580361513066,-0.7111644212715653,-0.7026539645658552,0.0,0.21044534820434588,-0.7957303657393812,-0.13202164084538018,0.6352098982042783,-0.01048137862261042,0.6666610716362802,0.6096145619533219,-1.514083446094281,-1.3205531603132479,0.279582480052895,-1.409107130367011,1.239076431623577,0.013158100971789112,-0.571864635419023,-1.194456623228993,-1.051403827539947,174,0.4325602697605196,0,233
CN7_L_000280,280,0.07422139753435131,0.28251303508572423,-0.08535727174103763,0.36104749346610326,0.978580361513066,1.2025024719774604,-0.642289796896626,0.0,-0.17893420201835966,-0.7957303657393812,-0.13202164084538018,1.6802357647104924,-0.01048137862261042,0.6666610716362802,0.6096145619533219,1.177731291099114,-1.0429539430941461,-1.3068741587292005,-1.0264522274911068,-0.9150982058149447,1.3792866238268513,-0.672579866731903,-1.194456623228993,-1.1011685355513066,175,0.43248198891122464,0,234
CN7_L_000254,254,0.07422139753435131,0.28251303508572423,-0.1344408630618093,0.36104749346610326,0.978580361513066,1.2025024719774604,-0.642289796896626,0.0,-0.17893420201835966,0.8948528614473485,-0.13202164084538018,0.6352098982042783,-0.01048137862261042,1.1944402478726854,1.371878074950475,-1.7384127501424664,0.06735821439464394,-0.9895634650470151,1.3968731308804654,-0.29962644618755063,0.923887288147482,-0.37043417279326324,-1.4090592206700663,-1.25046550718827,158,0.4323833641904208,0,235
CN7_L_000241,241,-0.3270136055008128,-0.12046120533392016,-0.03627368042026596,0.36104749346610326,0.978580361513066,1.2025024719774604,-0.7026539645658552,0.0,0.01575557309299311,-0.7957303657393812,-0.13202164084538018,0.6352098982042783,0.3062805103879508,0.6666610716362802,0.6096145619533219,-2.1870029025464213,0.3449574316137456,-0.6723496009936615,-1.281555496075043,-0.9150982058149447,-1.352970421883273,0.7374564238872144,-1.623660453709775,-1.3997615296242718,149,0.4321005794714426,0,236
CN7_L_000560,560,-0.728248608535977,-0.523416230884195,0.4054692797288723,-1.1641662255263823,-0.9024657082140384,-0.7111644212715653,-0.7026539645658552,0.0,0.40514255025455237,1.7401525364158585,1.026546834584599,0.6352098982042783,-0.9606703834971348,-0.03704225965348172,-0.5337734380587921,-1.2897541420460952,0.9001558660519489,-0.0377282136292905,-1.0264522274911068,-1.2228106068859994,0.4685574366511583,1.5431859584698533,0.23622190210603677,-0.006328822885049378,336,0.43202843054776435,0,237
CN7_L_000378,378,-0.3270136055008128,-0.523416230884195,0.307302097087329,-0.6557616525288871,0.978580361513066,1.2025024719774604,-0.642289796896626,0.0,0.5998323253659051,0.049553186478838565,-0.13202164084538018,0.6352098982042783,-0.32719493655459203,0.49073691658292357,0.22849007493836115,-0.6168346855939546,-1.0429539430941461,-1.6241848524113862,-1.0264522274911068,-1.2228106068859994,-1.352970421883273,-0.571864635419023,-0.47911736056147813,-0.5537491538186587,230,0.43187736597585513,0,238
CN7_L_000328,328,-0.3270136055008128,-0.12046120533392016,0.061893502221277374,0.36104749346610326,0.978580361513066,1.2025024719774604,-0.7026539645658552,0.0,0.21044534820434588,0.8948528614473485,-0.13202164084538018,0.6352098982042783,0.3062805103879508,0.6666610716362802,0.9907535879355144,0.9534019870509284,1.4552695891025356,2.183349812517176,-0.5162846136171899,0.008132912368788797,0.013158100971789112,-0.9747332447501422,-0.90832119104226,-0.8523411986906625,207,0.43134181370647184,0,239
CN7_L_000326,326,-0.728248608535977,-0.9263904713038393,0.061893502221277374,-1.1641662255263823,0.978580361513066,1.2025024719774604,-0.5214693025235582,0.0,0.5998323253659051,0.049553186478838565,-0.13202164084538018,0.6352098982042783,-0.32719493655459203,0.31480605045323157,0.22849007493836115,-0.16817607749758343,-1.0429539430941461,-0.355038907311476,-1.0264522274911068,-0.9150982058149447,0.013158100971789112,-1.3776018540812613,-0.8367869918952355,-0.8523411986906625,206,0.43113364686292927,0,240
CN7_L_000259,259,-0.728248608535977,-0.523416230884195,0.11097709354204904,-0.6557616525288871,0.978580361513066,1.2025024719774604,-0.7026539645658552,0.0,0.40514255025455237,-1.641030040707891,-0.13202164084538018,0.6352098982042783,-0.6439568255651532,-0.03704225965348172,0.22849007493836115,0.5047433789545571,0.3449574316137456,0.914107037788434,-0.8989005931991387,0.3158922709251282,1.3792866238268513,-0.37043417279326324,-1.4090592206700663,-1.200699849975949,160,0.4307911089006183,0,241
CN7_L_000278,278,0.07422139753435131,-0.12046120533392016,-0.03627368042026596,-0.6557616525288871,0.978580361513066,1.2025024719774604,-0.7026539645658552,0.0,0.01575557309299311,0.049553186478838565,-0.13202164084538018,-0.40997544119473406,-0.01048137862261042,0.49073691658292357,0.6096145619533219,2.2993093556476256,-0.48775550865594286,-0.0377282136292905,-1.0264522274911068,0.6236046719961829,0.923887288147482,-1.4783170853941414,-1.2659908223760175,-1.1011685355513066,173,0.43062751159960094,0,242
CN7_L_000253,253,0.07422139753435131,0.28251303508572423,-0.23260804570335264,0.36104749346610326,0.978580361513066,1.2025024719774604,-0.5818795497100921,0.0,0.01575557309299311,-0.7957303657393812,-0.13202164084538018,0.6352098982042783,0.623042399398512,1.3703711140023773,1.371878074950475,0.28041407490637155,0.9001558660519489,-0.0377282136292905,0.6316022484226123,0.9313640305525223,-0.8975710862039038,-0.37043417279326324,-1.4090592206700663,-1.25046550718827,157,0.4304988417351848,0,243
CN7_L_000507,507,-0.3270136055008128,-0.523416230884195,0.307302097087329,-1.1641662255263823,-0.9024657082140384,-0.7111644212715653,-0.5818795497100921,0.0,0.01575557309299311,0.8948528614473485,-0.13202164084538018,0.6352098982042783,-0.32719493655459203,0.6666610716362802,0.6096145619533219,-1.2897541420460952,1.1777550832710504,-1.3068741587292005,0.8867055170065484,1.8545951487362557,0.013158100971789112,0.8381716552000944,0.16468770295901236,-0.1058591881087301,304,0.43048837324862943,0,244
CN7_L_000354,354,-1.129445347695208,-0.9263904713038393,0.11097709354204904,0.36104749346610326,0.978580361513066,1.2025024719774604,-0.642289796896626,0.0,0.5998323253659051,-0.7957303657393812,-0.13202164084538018,-0.40997544119473406,-0.6439568255651532,-0.03704225965348172,-0.15263441207659956,-1.2897541420460952,1.1777550832710504,0.279582480052895,-0.26118134503325363,0.3158922709251282,1.3792866238268513,0.03243443653785595,-0.5506515597085025,-0.6532795190423395,220,0.43043168207602345,0,245
CN7_L_000064,64,0.47545640056951544,0.6854680606359991,-0.3798494579278609,0.36104749346610326,0.978580361513066,-0.7111644212715653,1.592428553832081,0.0,-0.5683211791799189,-0.7957303657393812,-0.13202164084538018,-0.40997544119473406,0.3062805103879508,-1.4444623443856761,-1.2960369510559453,0.0561532265506022,-0.21015629143684125,0.279582480052895,-0.006116999743272883,-0.9150982058149447,0.4685574366511583,-1.4783170853941414,1.1661623978132603,1.3871048330551345,42,0.430282729352671,0,246
CN7_L_000291,291,-0.3270136055008128,-0.12046120533392016,-0.03627368042026596,0.36104749346610326,0.978580361513066,1.2025024719774604,-0.5214693025235582,0.0,0.21044534820434588,-0.7957303657393812,-0.13202164084538018,-0.40997544119473406,0.3062805103879508,1.3703711140023773,1.371878074950475,-1.2897541420460952,-0.21015629143684125,0.279582480052895,1.2693214965884974,0.008132912368788797,0.013158100971789112,0.43530304586897517,-1.1229237884833332,-1.0016381703276258,180,0.43019582284052427,0,247
CN7_L_000371,371,0.07422139753435131,-0.12046120533392016,0.11097709354204904,0.36104749346610326,0.978580361513066,1.2025024719774604,-0.7026539645658552,0.0,0.01575557309299311,-1.641030040707891,-0.13202164084538018,0.6352098982042783,0.9397559573304937,1.0185160928193289,0.9907535879355144,-0.392505381545769,0.06735821439464394,-1.6241848524113862,1.5244247651724334,-1.2228106068859994,0.4685574366511583,0.03243443653785595,-0.5506515597085025,-0.5537491538186587,225,0.4301660154423577,0,248
CN7_L_000269,269,-0.3270136055008128,-0.12046120533392016,-0.08535727174103763,0.36104749346610326,0.978580361513066,1.2025024719774604,-0.7026539645658552,0.0,0.01575557309299311,0.049553186478838565,-1.2905901162753592,0.6352098982042783,0.3062805103879508,0.49073691658292357,0.6096145619533219,0.28041407490637155,-0.48775550865594286,-1.6241848524113862,-1.0264522274911068,-0.9150982058149447,0.013158100971789112,-0.37043417279326324,-1.2659908223760175,-1.1509341927636276,167,0.4301190362440462,0,249
CN7_L_000556,556,-0.728248608535977,-0.9263904713038393,0.2582185057665573,0.36104749346610326,-0.9024657082140384,-0.7111644212715653,-0.5214693025235582,0.0,0.40514255025455237,0.049553186478838565,1.026546834584599,-0.40997544119473406,-0.01048137862261042,0.8425919377659722,0.6096145619533219,-1.0654248379979097,-1.598067666144733,-0.0377282136292905,1.0142571512985166,0.008132912368788797,-0.8975710862039038,0.636733508494735,0.3077547368516965,-0.006328822885049378,332,0.4299363176047234,0,250
CN7_L_000564,564,0.07422139753435131,-0.12046120533392016,0.35638568840810064,-1.1641662255263823,-0.9024657082140384,-0.7111644212715653,-0.7026539645658552,0.0,0.01575557309299311,0.049553186478838565,1.026546834584599,-0.40997544119473406,0.9397559573304937,1.0185160928193289,0.9907535879355144,-0.8411639896421402,1.1777550832710504,-0.0377282136292905,1.141769862296529,0.008132912368788797,-0.44224123470758003,1.4424707271569734,0.23622190210603677,-0.05609448009737051,339,0.42983411776733477,0,251
CN7_L_000421,421,-0.728248608535977,-0.9263904713038393,0.16005132312501397,-1.1641662255263823,-0.9024657082140384,1.2025024719774604,-0.7026539645658552,0.0,0.5998323253659051,1.7401525364158585,1.026546834584599,-0.40997544119473406,-0.9606703834971348,0.49073691658292357,0.22849007493836115,0.28041407490637155,-1.0429539430941461,0.279582480052895,0.7591538827145803,0.3158922709251282,0.4685574366511583,0.636733508494735,-0.12144772922772068,-0.4044521821816954,256,0.42947662646088186,0,252
CN7_L_000497,497,-0.728248608535977,-0.523416230884195,0.307302097087329,-0.6557616525288871,-0.9024657082140384,-0.7111644212715653,-0.7630642117523891,0.0,0.21044534820434588,2.5854522113843683,-0.13202164084538018,-0.40997544119473406,-0.01048137862261042,0.6666610716362802,0.6096145619533219,-0.16817607749758343,0.06735821439464394,1.548728425152805,0.7591538827145803,0.9313640305525223,-0.8975710862039038,1.140317349138734,0.16468770295901236,-0.1058591881087301,301,0.4292791021908743,0,253
CN7_L_000087,87,1.2778881427639106,1.4913973266059182,-0.3798494579278609,1.3778566394610936,-0.9024657082140384,-0.7111644212715653,1.411243891789784,0.0,-0.9577081563414782,0.049553186478838565,-0.13202164084538018,0.6352098982042783,0.9397559573304937,-1.2685314782559842,-1.2960369510559453,-0.6168346855939546,-1.0429539430941461,-0.355038907311476,-0.8989005931991387,-0.9150982058149447,0.923887288147482,-0.47114940410614314,1.1661623978132603,1.3871048330551345,52,0.4291426502177065,0,254
CN7_L_000388,388,0.07422139753435131,0.28251303508572423,0.16005132312501397,-0.6557616525288871,0.978580361513066,1.2025024719774604,-0.642289796896626,0.0,0.01575557309299311,0.8948528614473485,-0.13202164084538018,1.6802357647104924,0.623042399398512,0.6666610716362802,0.6096145619533219,1.177731291099114,0.06735821439464394,-0.6723496009936615,-1.154003861783075,0.9313640305525223,0.923887288147482,0.8381716552000944,-0.3360503266687939,-0.4542178393940165,237,0.4290816315030094,0,255
CN7_L_000443,443,-0.728248608535977,-0.9263904713038393,0.20913491444578564,-1.1641662255263823,-0.9024657082140384,-0.7111644212715653,-0.7026539645658552,0.0,0.5998323253659051,1.7401525364158585,-0.13202164084538018,-0.40997544119473406,-0.9606703834971348,-0.03704225965348172,0.22849007493836115,0.28041407490637155,2.010468023540739,-0.0377282136292905,-1.154003861783075,0.3158922709251282,-1.352970421883273,0.7374564238872144,-0.049914894482060906,-0.2551561597456935,270,0.4290005807120635,0,256
CN7_L_000299,299,-0.3270136055008128,-0.12046120533392016,-0.08535727174103763,0.36104749346610326,0.978580361513066,1.2025024719774604,-0.7026539645658552,0.0,0.21044534820434588,1.7401525364158585,-0.13202164084538018,0.6352098982042783,-0.01048137862261042,0.6666610716362802,0.6096145619533219,1.4019921394548833,1.1777550832710504,-0.355038907311476,-0.8989005931991387,2.4700669083636497,-0.8975710862039038,-0.47114940410614314,-0.9798553901892844,-0.9021068559029836,187,0.42870945934169385,0,257
CN7_L_000529,529,-1.129445347695208,-0.9263904713038393,0.4054692797288723,-1.1641662255263823,-0.9024657082140384,-0.7111644212715653,-0.7026539645658552,0.0,0.5998323253659051,0.049553186478838565,1.026546834584599,-0.40997544119473406,-0.9606703834971348,0.13888189539987494,-0.15263441207659956,-0.16817607749758343,0.6225566488328472,0.914107037788434,-0.7713878822011261,-0.29962644618755063,0.013158100971789112,2.0467697991138523,0.3077547368516965,-0.05609448009737051,319,0.42857680067649867,0,258
CN7_L_000440,440,-1.129445347695208,-0.9263904713038393,0.16005132312501397,-0.6557616525288871,-0.9024657082140384,1.2025024719774604,-0.7026539645658552,0.0,0.40514255025455237,0.049553186478838565,-0.13202164084538018,-1.4550013077009483,-0.9606703834971348,-0.03704225965348172,0.22849007493836115,0.7290726830027427,-0.21015629143684125,1.548728425152805,1.0142571512985166,0.6236046719961829,0.013158100971789112,0.7374564238872144,-0.049914894482060906,-0.3049218169580146,269,0.4285510854664069,0,259
CN7_L_000523,523,0.07422139753435131,-0.12046120533392016,0.307302097087329,-0.6557616525288871,-0.9024657082140384,-0.7111644212715653,-0.642289796896626,0.0,0.21044534820434588,0.8948528614473485,-0.13202164084538018,0.6352098982042783,0.623042399398512,1.0185160928193289,0.6096145619533219,-0.392505381545769,-1.8756668833638346,-1.6241848524113862,-0.13366863403524099,0.008132912368788797,1.834616475323175,1.2410402645312135,0.23622190210603677,-0.05609448009737051,315,0.4283442555382736,0,260
CN7_L_000470,470,-0.728248608535977,-0.9263904713038393,0.012809910900505709,-0.6557616525288871,-0.9024657082140384,-0.7111644212715653,-0.7026539645658552,0.0,0.40514255025455237,-0.7957303657393812,-0.13202164084538018,-0.40997544119473406,-0.6439568255651532,0.6666610716362802,0.6096145619533219,-2.411332206594607,0.3449574316137456,0.914107037788434,1.7794891104624142,0.008132912368788797,0.923887288147482,0.2338725832432154,0.021619304664963514,-0.20539050253337238,287,0.4283130408524794,0,261
CN7_L_000465,465,-0.3270136055008128,-0.12046120533392016,0.307302097087329,-0.6557616525288871,-0.9024657082140384,-0.7111644212715653,-0.7026539645658552,0.0,0.21044534820434588,1.7401525364158585,-0.13202164084538018,0.6352098982042783,-0.6439568255651532,0.31480605045323157,0.22849007493836115,0.28041407490637155,-0.7653547258750445,1.2314177314706196,-1.9192747442409281,1.239076431623577,-0.44224123470758003,0.33458781455609526,0.021619304664963514,-0.2551561597456935,285,0.42797573677737905,0,262
CN7_L_000414,414,-0.728248608535977,-0.523416230884195,0.2582185057665573,-1.1641662255263823,-0.9024657082140384,-0.7111644212715653,-0.7630642117523891,0.0,0.40514255025455237,0.049553186478838565,-0.13202164084538018,-0.40997544119473406,-0.01048137862261042,-0.03704225965348172,0.22849007493836115,0.5047433789545571,2.8431809638104273,0.5968931737350806,-1.154003861783075,0.9313640305525223,0.013158100971789112,1.2410402645312135,-0.12144772922772068,-0.35468652496937425,253,0.4277722940534716,0,263
CN7_L_000395,395,-0.728248608535977,-0.9263904713038393,0.20913491444578564,-0.6557616525288871,-0.9024657082140384,-0.7111644212715653,-0.642289796896626,0.0,0.5998323253659051,-1.641030040707891,-0.13202164084538018,0.6352098982042783,0.3062805103879508,0.13888189539987494,-0.15263441207659956,-0.6168346855939546,-1.0429539430941461,-0.355038907311476,-0.7713878822011261,1.239076431623577,-0.8975710862039038,0.33458781455609526,-0.40758452581581833,-0.4542178393940165,241,0.42770949410022624,0,264
CN7_L_000452,452,-1.129445347695208,-1.329345496854114,0.16005132312501397,-0.6557616525288871,-0.9024657082140384,-0.7111644212715653,-0.7026539645658552,0.0,0.5998323253659051,-0.7957303657393812,-0.13202164084538018,-1.4550013077009483,-0.9606703834971348,-0.38889728083653036,-0.15263441207659956,0.28041407490637155,0.6225566488328472,-0.9895634650470151,-0.26118134503325363,-0.6073388472586053,0.4685574366511583,0.2338725832432154,-0.049914894482060906,-0.2551561597456935,275,0.4275587877481791,0,265
CN7_L_000145,145,1.2778881427639106,1.4913973266059182,-0.3798494579278609,0.36104749346610326,-0.9024657082140384,-0.7111644212715653,1.411243891789784,0.0,-0.7630183812301254,-0.7957303657393812,-0.13202164084538018,0.6352098982042783,0.3062805103879508,-1.4444623443856761,-1.2960369510559453,-1.514083446094281,0.06735821439464394,-0.6723496009936615,-0.6438362479091579,-0.29962644618755063,0.013158100971789112,-1.176163707375902,1.2376965969602847,1.3373391758428135,88,0.42731622355801285,0,266
CN7_L_000212,212,-0.3270136055008128,-0.12046120533392016,-0.08535727174103763,-0.6557616525288871,0.978580361513066,1.2025024719774604,-0.7026539645658552,0.0,0.21044534820434588,-0.7957303657393812,-0.13202164084538018,0.6352098982042783,0.3062805103879508,0.31480605045323157,0.6096145619533219,0.5047433789545571,-0.48775550865594286,0.914107037788434,-1.409107130367011,-0.29962644618755063,1.3792866238268513,-0.47114940410614314,-1.9097958858965078,-1.598823209272595,131,0.4269442219818394,0,267
CN7_L_000262,262,-0.3270136055008128,-0.12046120533392016,-0.03627368042026596,0.36104749346610326,0.978580361513066,1.2025024719774604,-0.5818795497100921,0.0,0.21044534820434588,-0.7957303657393812,-0.13202164084538018,0.6352098982042783,0.9397559573304937,1.1944402478726854,0.9907535879355144,1.4019921394548833,0.06735821439464394,1.548728425152805,-0.3887329793252218,-0.29962644618755063,0.013158100971789112,-0.37043417279326324,-1.3375250215230419,-1.200699849975949,163,0.42669916936912317,0,268
CN7_L_000459,459,-0.728248608535977,-0.523416230884195,0.11097709354204904,0.36104749346610326,-0.9024657082140384,-0.7111644212715653,-0.7026539645658552,0.0,0.21044534820434588,-1.641030040707891,-0.13202164084538018,-0.40997544119473406,-0.9606703834971348,0.6666610716362802,0.9907535879355144,-0.392505381545769,0.06735821439464394,0.5968931737350806,2.0345923790463507,-0.6073388472586053,0.923887288147482,0.7374564238872144,-0.049914894482060906,-0.2551561597456935,280,0.42663565142573445,0,269
CN7_L_000585,585,-0.728248608535977,-0.523416230884195,0.35638568840810064,-0.6557616525288871,-0.9024657082140384,-0.7111644212715653,-0.7630642117523891,0.0,0.40514255025455237,1.7401525364158585,1.026546834584599,-0.40997544119473406,-0.32719493655459203,0.6666610716362802,0.22849007493836115,0.9534019870509284,0.6225566488328472,-0.0377282136292905,1.0142571512985166,-0.9150982058149447,0.013158100971789112,1.9460545678009724,0.23622190210603677,-0.05609448009737051,350,0.4262831099617187,0,270
CN7_L_000423,423,-1.129445347695208,-0.9263904713038393,0.2582185057665573,-0.6557616525288871,-0.9024657082140384,-0.7111644212715653,-0.5214693025235582,0.0,0.5998323253659051,-0.7957303657393812,-0.13202164084538018,-0.40997544119473406,-0.01048137862261042,0.13888189539987494,0.22849007493836115,0.28041407490637155,-2.430865317802038,0.5968931737350806,-0.7713878822011261,0.008132912368788797,0.013158100971789112,0.536018277181855,-0.12144772922772068,-0.3049218169580146,258,0.4262269392014141,0,271
CN7_L_000559,559,-1.129445347695208,-0.9263904713038393,0.5036364623704156,-0.6557616525288871,-0.9024657082140384,-0.7111644212715653,-0.7026539645658552,0.0,0.5998323253659051,0.049553186478838565,1.026546834584599,-1.4550013077009483,-0.6439568255651532,-0.03704225965348172,-0.5337734380587921,0.5047433789545571,-1.0429539430941461,-0.355038907311476,-0.8989005931991387,0.3158922709251282,0.4685574366511583,1.5431859584698533,0.23622190210603677,-0.006328822885049378,335,0.4259245156359405,0,272
CN7_L_000447,447,-0.3270136055008128,-0.12046120533392016,0.16005132312501397,0.36104749346610326,-0.9024657082140384,-0.7111644212715653,-0.7026539645658552,0.0,0.21044534820434588,0.8948528614473485,-0.13202164084538018,-0.40997544119473406,0.623042399398512,0.8425919377659722,0.9907535879355144,1.4019921394548833,-0.48775550865594286,-0.0377282136292905,1.3968731308804654,-1.2228106068859994,1.834616475323175,0.7374564238872144,-0.049914894482060906,-0.3049218169580146,273,0.425448086638863,0,273
CN7_L_000537,537,-1.129445347695208,-1.329345496854114,0.4054692797288723,-0.6557616525288871,-0.9024657082140384,-0.7111644212715653,-0.5214693025235582,0.0,0.5998323253659051,0.049553186478838565,1.026546834584599,-1.4550013077009483,-0.6439568255651532,0.31480605045323157,0.22849007493836115,-0.392505381545769,-0.21015629143684125,0.914107037788434,0.3765379031326314,0.008132912368788797,0.4685574366511583,1.4424707271569734,0.3077547368516965,-0.006328822885049378,322,0.4245111807762743,0,274
CN7_L_000277,277,-0.3270136055008128,-0.523416230884195,-0.18352445438258097,-1.1641662255263823,0.978580361513066,1.2025024719774604,-0.5818795497100921,0.0,0.21044534820434588,-0.7957303657393812,-0.13202164084538018,0.6352098982042783,-0.32719493655459203,0.49073691658292357,0.6096145619533219,0.7290726830027427,-1.8756668833638346,-0.355038907311476,-1.0264522274911068,0.008132912368788797,0.013158100971789112,-0.47114940410614314,-1.2659908223760175,-1.051403827539947,172,0.4244472377254483,0,275
CN7_L_000311,311,-0.3270136055008128,-0.523416230884195,-0.1344408630618093,0.36104749346610326,0.978580361513066,1.2025024719774604,-0.5214693025235582,0.0,0.21044534820434588,-1.641030040707891,-0.13202164084538018,0.6352098982042783,0.3062805103879508,1.1944402478726854,1.371878074950475,0.0561532265506022,-0.21015629143684125,0.5968931737350806,1.3968731308804654,0.3158922709251282,0.4685574366511583,0.43530304586897517,-0.90832119104226,-0.9021068559029836,196,0.4243202693422476,0,276
CN7_L_000267,267,-0.728248608535977,-0.9263904713038393,-0.1344408630618093,0.36104749346610326,0.978580361513066,1.2025024719774604,-0.5818795497100921,0.0,0.40514255025455237,0.049553186478838565,-0.13202164084538018,0.6352098982042783,-0.6439568255651532,0.8425919377659722,0.6096145619533219,-0.8411639896421402,-1.3205531603132479,-0.355038907311476,-0.5162846136171899,0.008132912368788797,1.3792866238268513,-0.47114940410614314,-1.3375250215230419,-1.200699849975949,165,0.4242421551453263,0,277
CN7_L_000369,369,0.47545640056951544,0.28251303508572423,0.20913491444578564,0.36104749346610326,0.978580361513066,1.2025024719774604,-0.7026539645658552,0.0,-0.17893420201835966,-1.641030040707891,-0.13202164084538018,0.6352098982042783,0.623042399398512,0.8425919377659722,0.6096145619533219,-0.392505381545769,-0.7653547258750445,-0.355038907311476,-0.8989005931991387,0.6236046719961829,0.4685574366511583,0.13314966785073584,-0.47911736056147813,-0.5537491538186587,224,0.42423605886449,0,278
CN7_L_000394,394,-0.728248608535977,-0.9263904713038393,0.11097709354204904,-0.14735707953139193,0.978580361513066,1.2025024719774604,-0.642289796896626,0.0,0.5998323253659051,0.049553186478838565,-0.13202164084538018,1.6802357647104924,-0.9606703834971348,0.49073691658292357,0.22849007493836115,-1.514083446094281,0.3449574316137456,-0.0377282136292905,-0.26118134503325363,-0.9150982058149447,-0.8975710862039038,0.2338725832432154,-0.40758452581581833,-0.4542178393940165,240,0.4238620480700293,0,279
CN7_L_000445,445,0.07422139753435131,0.28251303508572423,0.2582185057665573,-0.6557616525288871,-0.9024657082140384,-0.7111644212715653,-0.5818795497100921,0.0,-0.17893420201835966,-0.7957303657393812,-0.13202164084538018,0.6352098982042783,0.623042399398512,0.49073691658292357,0.6096145619533219,1.4019921394548833,0.9001558660519489,0.914107037788434,-0.8989005931991387,0.008132912368788797,0.013158100971789112,1.5431859584698533,-0.049914894482060906,-0.3049218169580146,271,0.42373559788013,0,280
CN7_L_000384,384,-0.728248608535977,-0.9263904713038393,0.16005132312501397,0.36104749346610326,0.978580361513066,1.2025024719774604,-0.642289796896626,0.0,0.5998323253659051,0.049553186478838565,1.026546834584599,0.6352098982042783,-0.32719493655459203,0.49073691658292357,0.22849007493836115,-0.16817607749758343,-0.48775550865594286,0.279582480052895,0.3765379031326314,-0.29962644618755063,-0.8975710862039038,-0.2697112574007837,-0.40758452581581833,-0.5039834966063376,235,0.42365324419348677,0,281
CN7_L_000172,172,1.2778881427639106,1.0884423010556434,-0.5271002318901759,0.36104749346610326,-0.9024657082140384,-0.7111644212715653,1.4716080594590133,0.0,-0.9577081563414782,0.049553186478838565,-0.13202164084538018,0.6352098982042783,0.623042399398512,-1.4444623443856761,-1.2960369510559453,0.0561532265506022,0.06735821439464394,0.914107037788434,-1.0264522274911068,-1.8383293239986782,0.4685574366511583,-1.075448476063022,1.1661623978132603,1.3871048330551345,105,0.423591935962954,0,282
CN7_L_000349,349,0.07422139753435131,-0.12046120533392016,0.11097709354204904,0.36104749346610326,0.978580361513066,-0.7111644212715653,-0.7026539645658552,0.0,0.01575557309299311,-0.7957303657393812,-0.13202164084538018,0.6352098982042783,0.3062805103879508,0.8425919377659722,0.9907535879355144,0.7290726830027427,-1.0429539430941461,1.548728425152805,-0.006116999743272883,0.6236046719961829,0.4685574366511583,-0.06828079477502394,-0.622185758855527,-0.6532795190423395,219,0.4235598496611202,0,283
CN7_L_000096,96,1.6791231457990747,1.4913973266059182,-0.33076586660708923,0.36104749346610326,-0.9024657082140384,-0.7111644212715653,1.4716080594590133,0.0,-0.9577081563414782,0.049553186478838565,-0.13202164084538018,0.6352098982042783,1.256517846341055,-1.0926073232026277,-0.9148979250737528,-0.6168346855939546,-0.7653547258750445,1.548728425152805,-0.26118134503325363,-0.29962644618755063,0.4685574366511583,-1.075448476063022,1.1661623978132603,1.3373391758428135,59,0.4232125986434467,0,284
CN7_L_000584,584,-0.3270136055008128,-0.12046120533392016,0.307302097087329,0.36104749346610326,-0.9024657082140384,-0.7111644212715653,-0.7026539645658552,0.0,0.21044534820434588,-0.7957303657393812,1.026546834584599,-0.40997544119473406,0.623042399398512,0.8425919377659722,0.9907535879355144,-0.392505381545769,-1.3205531603132479,0.279582480052895,0.8867055170065484,-1.2228106068859994,-0.44224123470758003,1.5431859584698533,0.09315350381198793,-0.1058591881087301,349,0.42309911938032896,0,285
CN7_L_000268,268,-0.3270136055008128,-0.12046120533392016,-0.23260804570335264,0.36104749346610326,0.978580361513066,1.2025024719774604,-0.642289796896626,0.0,0.01575557309299311,0.049553186478838565,-0.13202164084538018,-0.40997544119473406,-0.32719493655459203,0.6666610716362802,0.6096145619533219,0.5047433789545571,0.9001558660519489,0.914107037788434,-0.6438362479091579,-1.5305699654423388,-1.8083002733795968,-0.47114940410614314,-1.2659908223760175,-1.1509341927636276,166,0.422928693398187,0,286
CN7_L_000316,316,-0.728248608535977,-0.9263904713038393,-0.03627368042026596,-0.6557616525288871,0.978580361513066,1.2025024719774604,-0.7026539645658552,0.0,0.5998323253659051,1.7401525364158585,-0.13202164084538018,0.6352098982042783,-1.277432272507696,0.31480605045323157,0.22849007493836115,0.28041407490637155,-0.48775550865594286,-0.0377282136292905,-0.7713878822011261,0.6236046719961829,-0.8975710862039038,-0.37043417279326324,-0.90832119104226,-0.8523411986906625,199,0.42269532874698135,0,287
CN7_L_000285,285,-0.728248608535977,-0.9263904713038393,-0.1344408630618093,0.36104749346610326,0.978580361513066,1.2025024719774604,-0.642289796896626,0.0,0.5998323253659051,0.049553186478838565,-0.13202164084538018,-0.40997544119473406,-1.5941941615182573,0.49073691658292357,0.22849007493836115,0.28041407490637155,0.3449574316137456,-1.9414955460935717,-0.13366863403524099,0.008132912368788797,0.013158100971789112,-0.47114940410614314,-1.194456623228993,-1.0016381703276258,177,0.4224338537129359,0,288
CN7_L_000557,557,-0.728248608535977,-0.523416230884195,0.35638568840810064,-1.1641662255263823,-0.9024657082140384,-0.7111644212715653,-0.642289796896626,0.0,0.40514255025455237,0.049553186478838565,1.026546834584599,-0.40997544119473406,-0.9606703834971348,0.31480605045323157,-0.15263441207659956,-1.0654248379979097,0.6225566488328472,-1.6241848524113862,0.5040506141306441,0.008132912368788797,-0.44224123470758003,1.3417554958440934,0.3077547368516965,-0.006328822885049378,333,0.42226894434062207,0,289
CN7_L_000183,183,1.2778881427639106,1.4913973266059182,-0.42893304924863257,0.8694520664635984,-0.9024657082140384,-0.7111644212715653,1.411243891789784,0.0,-0.9577081563414782,0.049553186478838565,-0.13202164084538018,0.6352098982042783,0.9397559573304937,-0.9166764570729355,-0.9148979250737528,-0.16817607749758343,0.9001558660519489,0.279582480052895,0.3765379031326314,-0.9150982058149447,0.013158100971789112,-0.9747332447501422,1.1661623978132603,1.3871048330551345,112,0.4222115437938994,0,290
CN7_L_000532,532,0.07422139753435131,0.28251303508572423,0.35638568840810064,0.36104749346610326,-0.9024657082140384,-0.7111644212715653,-0.642289796896626,0.0,0.01575557309299311,-0.7957303657393812,-0.13202164084538018,0.6352098982042783,0.9397559573304937,0.6666610716362802,0.6096145619533219,0.7290726830027427,-1.598067666144733,-0.9895634650470151,-0.8989005931991387,0.3158922709251282,0.4685574366511583,0.43530304586897517,0.3077547368516965,-0.006328822885049378,320,0.4219542040824591,0,291
CN7_L_000406,406,-0.3270136055008128,-0.523416230884195,0.2582185057665573,0.36104749346610326,-0.9024657082140384,-0.7111644212715653,-0.5818795497100921,0.0,0.40514255025455237,-0.7957303657393812,-0.13202164084538018,-0.40997544119473406,1.256517846341055,0.8425919377659722,0.9907535879355144,-0.392505381545769,0.3449574316137456,0.279582480052895,-1.281555496075043,0.008132912368788797,-0.44224123470758003,-0.37043417279326324,-0.1929819283747451,-0.35468652496937425,246,0.4217552368081442,0,292
CN7_L_000382,382,-0.3270136055008128,-0.523416230884195,0.20913491444578564,0.36104749346610326,0.978580361513066,-0.7111644212715653,-0.7026539645658552,0.0,0.40514255025455237,0.8948528614473485,-0.13202164084538018,1.6802357647104924,-0.01048137862261042,0.8425919377659722,0.6096145619533219,0.0561532265506022,-1.0429539430941461,-0.0377282136292905,0.8867055170065484,0.3158922709251282,0.923887288147482,-0.8740180134372624,-0.47911736056147813,-0.5537491538186587,233,0.4214807719512035,0,293
CN7_L_000166,166,1.6791231457990747,1.4913973266059182,-0.5271002318901759,0.36104749346610326,-0.9024657082140384,-0.7111644212715653,1.4716080594590133,0.0,-1.152397931452831,0.049553186478838565,-0.13202164084538018,0.6352098982042783,0.623042399398512,-1.2685314782559842,-1.2960369510559453,0.9534019870509284,-0.21015629143684125,-0.6723496009936615,-0.26118134503325363,-0.29962644618755063,0.4685574366511583,-0.8740180134372624,1.0946281986662358,1.3871048330551345,102,0.4214038474708913,0,294
CN7_L_000245,245,-0.3270136055008128,-0.523416230884195,-0.2816916370241243,0.36104749346610326,0.978580361513066,1.2025024719774604,-0.642289796896626,0.0,0.01575557309299311,0.049553186478838565,-0.13202164084538018,0.6352098982042783,-0.32719493655459203,1.0185160928193289,0.9907535879355144,-1.7384127501424664,0.06735821439464394,0.5968931737350806,1.3968731308804654,-1.2228106068859994,0.013158100971789112,-0.37043417279326324,-1.5521262545627506,-1.3499958724119507,151,0.42077136393615544,0,295
CN7_L_000204,204,0.07422139753435131,-0.12046120533392016,-0.08535727174103763,0.36104749346610326,0.978580361513066,1.2025024719774604,-0.642289796896626,0.0,-0.17893420201835966,0.049553186478838565,-0.13202164084538018,0.6352098982042783,-0.32719493655459203,0.8425919377659722,0.6096145619533219,-1.514083446094281,-0.21015629143684125,-0.0377282136292905,-0.7713878822011261,-0.29962644618755063,0.013158100971789112,0.536018277181855,-1.9097958858965078,-1.598823209272595,125,0.4204662381403582,0,296
CN7_L_000238,238,-0.728248608535977,-0.523416230884195,-0.1344408630618093,0.36104749346610326,0.978580361513066,1.2025024719774604,-0.642289796896626,0.0,0.40514255025455237,0.8948528614473485,-0.13202164084538018,0.6352098982042783,-0.6439568255651532,0.8425919377659722,0.6096145619533219,0.7290726830027427,-0.7653547258750445,-0.355038907311476,-0.3887329793252218,1.239076431623577,-1.352970421883273,-0.2697112574007837,-1.7667288520038238,-1.4495271868365929,147,0.41972533182679805,0,297
CN7_L_000188,188,-0.3270136055008128,-0.12046120533392016,-0.1344408630618093,0.36104749346610326,0.978580361513066,1.2025024719774604,-0.7026539645658552,0.0,0.01575557309299311,-0.7957303657393812,-0.13202164084538018,0.6352098982042783,-0.6439568255651532,0.8425919377659722,0.9907535879355144,0.0561532265506022,0.06735821439464394,-1.3068741587292005,1.2693214965884974,0.3158922709251282,0.4685574366511583,-0.571864635419023,-1.8382630511508482,-1.5490585012612352,115,0.4195569915470868,0,298
CN7_L_000217,217,-0.3270136055008128,-0.12046120533392016,-0.2816916370241243,0.36104749346610326,0.978580361513066,1.2025024719774604,-0.7026539645658552,0.0,0.01575557309299311,-0.7957303657393812,-0.13202164084538018,0.6352098982042783,0.3062805103879508,1.0185160928193289,1.371878074950475,-1.0654248379979097,0.06735821439464394,-0.0377282136292905,0.7591538827145803,-0.29962644618755063,0.013158100971789112,0.43530304586897517,-1.9097958858965078,-1.598823209272595,134,0.41947936344327746,0,299
CN7_L_000561,561,-0.3270136055008128,-0.523416230884195,0.454552871049644,-0.6557616525288871,-0.9024657082140384,-0.7111644212715653,-0.642289796896626,0.0,0.40514255025455237,0.8948528614473485,-0.13202164084538018,-0.40997544119473406,-0.32719493655459203,0.8425919377659722,0.6096145619533219,-0.6168346855939546,1.1777550832710504,-1.6241848524113862,-1.154003861783075,-0.29962644618755063,-0.8975710862039038,1.4424707271569734,0.23622190210603677,-0.05609448009737051,337,0.4194072511996066,0,300
CN7_L_000397,397,0.07422139753435131,0.28251303508572423,0.2582185057665573,0.36104749346610326,-0.9024657082140384,1.2025024719774604,-0.7026539645658552,0.0,0.01575557309299311,0.049553186478838565,-0.13202164084538018,-0.40997544119473406,0.9397559573304937,0.6666610716362802,0.6096145619533219,0.0561532265506022,0.3449574316137456,-1.6241848524113862,-0.8989005931991387,-0.6073388472586053,0.4685574366511583,0.9388868865129743,-0.40758452581581833,-0.4542178393940165,243,0.4192675455301372,0,301
CN7_L_000305,305,-0.728248608535977,-0.9263904713038393,0.16005132312501397,0.36104749346610326,0.978580361513066,1.2025024719774604,-0.642289796896626,0.0,0.5998323253659051,0.049553186478838565,-0.13202164084538018,-0.40997544119473406,-0.32719493655459203,0.49073691658292357,0.22849007493836115,-1.514083446094281,0.06735821439464394,-1.6241848524113862,-0.7713878822011261,-0.29962644618755063,-0.44224123470758003,-0.37043417279326324,-0.90832119104226,-0.9021068559029836,192,0.4192163640348392,0,302
CN7_L_000132,132,0.8766531397287465,1.0884423010556434,-0.42893304924863257,0.36104749346610326,-0.9024657082140384,-0.7111644212715653,1.4716080594590133,0.0,-0.7630183812301254,0.049553186478838565,-0.13202164084538018,0.6352098982042783,-0.01048137862261042,-1.620386499439033,-1.6771614380709061,0.5047433789545571,1.1777550832710504,-0.0377282136292905,-0.5162846136171899,-0.6073388472586053,0.013158100971789112,-0.7732950980447828,1.1661623978132603,1.2875735186304924,80,0.4192149969277199,0,303
CN7_L_000331,331,-0.3270136055008128,-0.523416230884195,0.11097709354204904,0.36104749346610326,0.978580361513066,1.2025024719774604,-0.5214693025235582,0.0,0.21044534820434588,0.049553186478838565,-0.13202164084538018,0.6352098982042783,0.623042399398512,1.1944402478726854,1.371878074950475,0.0561532265506022,-0.7653547258750445,0.914107037788434,0.7591538827145803,0.008132912368788797,-0.44224123470758003,0.13314966785073584,-0.8367869918952355,-0.8025764906793029,209,0.4190783191118348,0,304
CN7_L_000545,545,-0.3270136055008128,-0.523416230884195,0.4054692797288723,0.36104749346610326,-0.9024657082140384,-0.7111644212715653,-0.7026539645658552,0.0,0.21044534820434588,0.8948528614473485,1.026546834584599,-0.40997544119473406,0.9397559573304937,0.8425919377659722,0.9907535879355144,-0.392505381545769,1.1777550832710504,-0.355038907311476,1.3968731308804654,0.008132912368788797,0.923887288147482,1.3417554958440934,0.3077547368516965,-0.05609448009737051,326,0.4190514241018032,0,305
CN7_L_000583,583,0.07422139753435131,0.28251303508572423,0.4054692797288723,0.36104749346610326,-0.9024657082140384,-0.7111644212715653,-0.642289796896626,0.0,0.01575557309299311,0.8948528614473485,-0.13202164084538018,0.6352098982042783,0.9397559573304937,0.8425919377659722,0.6096145619533219,-1.514083446094281,-0.7653547258750445,-1.3068741587292005,0.12143463454869523,-0.29962644618755063,1.3792866238268513,0.8381716552000944,0.09315350381198793,-0.1058591881087301,348,0.4188914012396277,0,306
CN7_L_000347,347,0.07422139753435131,-0.12046120533392016,0.061893502221277374,-0.6557616525288871,0.978580361513066,1.2025024719774604,-0.5214693025235582,0.0,0.01575557309299311,0.8948528614473485,-0.13202164084538018,0.6352098982042783,0.623042399398512,0.6666610716362802,0.6096145619533219,1.8506507475512546,0.3449574316137456,-0.0377282136292905,-1.0264522274911068,0.9313640305525223,0.4685574366511583,-0.16899602608790382,-0.622185758855527,-0.7030451762546606,217,0.41797903526715763,0,307
CN7_L_000171,171,0.8766531397287465,0.6854680606359991,-0.42893304924863257,0.36104749346610326,-0.9024657082140384,-0.7111644212715653,1.592428553832081,0.0,-0.5683211791799189,-0.7957303657393812,-0.13202164084538018,-0.40997544119473406,0.3062805103879508,-1.620386499439033,-1.2960369510559453,-0.8411639896421402,0.06735821439464394,-0.355038907311476,-0.3887329793252218,-0.29962644618755063,-0.8975710862039038,-0.8740180134372624,1.1661623978132603,1.3871048330551345,104,0.41790503339247004,0,308
CN7_L_000346,346,-0.728248608535977,-0.9263904713038393,0.11097709354204904,-0.6557616525288871,0.978580361513066,1.2025024719774604,-0.642289796896626,0.0,0.5998323253659051,0.049553186478838565,-0.13202164084538018,0.6352098982042783,-0.32719493655459203,0.49073691658292357,0.22849007493836115,-0.392505381545769,0.06735821439464394,-1.6241848524113862,-1.409107130367011,0.9313640305525223,-0.8975710862039038,0.33458781455609526,-0.622185758855527,-0.7030451762546606,216,0.4178738959150872,0,309
CN7_L_000304,304,-0.728248608535977,-0.9263904713038393,-0.1344408630618093,-0.6557616525288871,0.978580361513066,1.2025024719774604,-0.642289796896626,0.0,0.5998323253659051,0.049553186478838565,-0.13202164084538018,0.6352098982042783,-1.277432272507696,0.13888189539987494,0.22849007493836115,-0.6168346855939546,1.1777550832710504,0.914107037788434,-0.5162846136171899,-0.9150982058149447,0.013158100971789112,-0.672579866731903,-0.90832119104226,-0.9021068559029836,191,0.4177943286825049,0,310
CN7_L_000551,551,-0.3270136055008128,-0.12046120533392016,0.5527106919533805,-0.6557616525288871,-0.9024657082140384,-0.7111644212715653,-0.642289796896626,0.0,0.21044534820434588,0.8948528614473485,1.026546834584599,-0.40997544119473406,0.9397559573304937,0.49073691658292357,0.22849007493836115,-0.8411639896421402,0.9001558660519489,-0.0377282136292905,-1.154003861783075,0.3158922709251282,0.923887288147482,1.3417554958440934,0.3077547368516965,-0.006328822885049378,329,0.4174340311870724,0,311
CN7_L_000236,236,-0.3270136055008128,-0.523416230884195,-0.1344408630618093,0.36104749346610326,0.978580361513066,1.2025024719774604,-0.7026539645658552,0.0,0.21044534820434588,0.049553186478838565,-0.13202164084538018,0.6352098982042783,-0.01048137862261042,1.0185160928193289,1.371878074950475,1.177731291099114,-0.21015629143684125,-0.9895634650470151,0.7591538827145803,0.008132912368788797,-0.44224123470758003,0.2338725832432154,-1.7667288520038238,-1.4495271868365929,145,0.41711174388406963,0,312
CN7_L_000463,463,-1.129445347695208,-0.9263904713038393,0.2582185057665573,-0.6557616525288871,-0.9024657082140384,-0.7111644212715653,-0.7026539645658552,0.0,0.5998323253659051,-1.641030040707891,-0.13202164084538018,-0.40997544119473406,-0.6439568255651532,-0.38889728083653036,-0.15263441207659956,-0.392505381545769,-0.21015629143684125,-0.355038907311476,-0.7713878822011261,0.008132912368788797,0.4685574366511583,0.7374564238872144,0.021619304664963514,-0.20539050253337238,283,0.41710637242265974,0,313
CN7_L_000508,508,-0.728248608535977,-0.9263904713038393,0.307302097087329,-0.6557616525288871,-0.9024657082140384,-0.7111644212715653,-0.7026539645658552,0.0,0.5998323253659051,0.049553186478838565,-0.13202164084538018,-0.40997544119473406,-1.277432272507696,-0.03704225965348172,-0.15263441207659956,-2.411332206594607,-0.21015629143684125,-0.0377282136292905,0.24898626884066333,-0.29962644618755063,0.013158100971789112,1.2410402645312135,0.16468770295901236,-0.1058591881087301,305,0.4170444712844264,0,314
CN7_L_000576,576,-0.728248608535977,-0.523416230884195,0.307302097087329,-1.1641662255263823,-0.9024657082140384,-0.7111644212715653,-0.5818795497100921,0.0,0.40514255025455237,0.049553186478838565,1.026546834584599,-0.40997544119473406,-0.01048137862261042,0.49073691658292357,0.22849007493836115,0.0561532265506022,-0.48775550865594286,0.279582480052895,1.141769862296529,0.6236046719961829,-1.352970421883273,1.4424707271569734,0.23622190210603677,-0.05609448009737051,345,0.4169366913650779,0,315
CN7_L_000157,157,1.6791231457990747,1.4913973266059182,-0.42893304924863257,1.3778566394610936,-0.9024657082140384,-0.7111644212715653,1.4716080594590133,0.0,-0.9577081563414782,-0.7957303657393812,-0.13202164084538018,0.6352098982042783,0.623042399398512,-1.0926073232026277,-0.9148979250737528,0.7290726830027427,0.3449574316137456,-0.0377282136292905,0.8867055170065484,-0.29962644618755063,0.4685574366511583,-0.8740180134372624,1.1661623978132603,1.3871048330551345,97,0.41670452545488706,0,316
CN7_L_000303,303,-0.728248608535977,-0.9263904713038393,-0.18352445438258097,-0.6557616525288871,0.978580361513066,1.2025024719774604,-0.7026539645658552,0.0,0.40514255025455237,-0.7957303657393812,-0.13202164084538018,-0.40997544119473406,-0.9606703834971348,0.6666610716362802,0.6096145619533219,-1.0654248379979097,1.1777550832710504,-0.0377282136292905,0.3765379031326314,0.3158922709251282,-0.8975710862039038,0.2338725832432154,-0.90832119104226,-0.9021068559029836,190,0.4165815348803506,0,317
CN7_L_000412,412,-0.728248608535977,-0.9263904713038393,0.061893502221277374,-1.1641662255263823,-0.9024657082140384,-0.7111644212715653,-0.5818795497100921,0.0,0.40514255025455237,0.049553186478838565,-0.13202164084538018,-0.40997544119473406,-0.6439568255651532,0.31480605045323157,0.22849007493836115,-1.7384127501424664,-1.0429539430941461,-0.355038907311476,0.24898626884066333,-0.6073388472586053,0.923887288147482,0.03243443653785595,-0.1929819283747451,-0.35468652496937425,252,0.4155695989481488,0,318
CN7_L_000404,404,-0.3270136055008128,-0.523416230884195,0.061893502221277374,-0.6557616525288871,-0.9024657082140384,-0.7111644212715653,-0.642289796896626,0.0,0.40514255025455237,1.7401525364158585,-0.13202164084538018,-0.40997544119473406,-0.32719493655459203,0.6666610716362802,0.6096145619533219,2.0749800515994403,0.3449574316137456,-0.0377282136292905,-1.154003861783075,0.008132912368788797,0.013158100971789112,-0.16899602608790382,-0.2645161275217695,-0.35468652496937425,245,0.415361127602195,0,319
CN7_L_000332,332,-0.3270136055008128,-0.12046120533392016,-0.08535727174103763,0.36104749346610326,0.978580361513066,1.2025024719774604,-0.642289796896626,0.0,0.01575557309299311,0.049553186478838565,-0.13202164084538018,-0.40997544119473406,-0.32719493655459203,0.8425919377659722,0.9907535879355144,-2.411332206594607,0.3449574316137456,-0.355038907311476,0.7591538827145803,-0.6073388472586053,0.923887288147482,-0.37043417279326324,-0.8367869918952355,-0.8025764906793029,210,0.4153277013517193,0,320
CN7_L_000425,425,-0.3270136055008128,-0.523416230884195,0.35638568840810064,-0.6557616525288871,-0.9024657082140384,-0.7111644212715653,-0.7630642117523891,0.0,0.40514255025455237,0.8948528614473485,-0.13202164084538018,0.6352098982042783,1.256517846341055,0.31480605045323157,0.6096145619533219,0.28041407490637155,1.1777550832710504,-0.355038907311476,-1.281555496075043,-0.9150982058149447,0.013158100971789112,0.636733508494735,-0.12144772922772068,-0.3049218169580146,260,0.4151516818015669,0,321
CN7_L_000186,186,1.2778881427639106,1.0884423010556434,-0.5271002318901759,0.36104749346610326,-0.9024657082140384,-0.7111644212715653,1.4716080594590133,0.0,-1.152397931452831,-0.7957303657393812,-0.13202164084538018,0.6352098982042783,0.3062805103879508,-1.2685314782559842,-1.2960369510559453,0.5047433789545571,0.3449574316137456,0.279582480052895,0.24898626884066333,0.3158922709251282,-0.8975710862039038,-0.9747332447501422,1.1661623978132603,1.3373391758428135,113,0.41429166495283165,0,322
CN7_L_000543,543,-0.3270136055008128,-0.12046120533392016,0.2582185057665573,0.36104749346610326,-0.9024657082140384,-0.7111644212715653,-0.642289796896626,0.0,0.21044534820434588,0.8948528614473485,1.026546834584599,0.6352098982042783,0.9397559573304937,1.0185160928193289,0.9907535879355144,0.5047433789545571,0.06735821439464394,-0.0377282136292905,0.3765379031326314,0.3158922709251282,-0.44224123470758003,1.4424707271569734,0.3077547368516965,-0.006328822885049378,325,0.4141259925846681,0,323
CN7_L_000271,271,0.07422139753435131,0.28251303508572423,-0.1344408630618093,0.36104749346610326,0.978580361513066,1.2025024719774604,-0.642289796896626,0.0,0.01575557309299311,-1.641030040707891,-0.13202164084538018,0.6352098982042783,-0.01048137862261042,1.0185160928193289,0.9907535879355144,0.9534019870509284,0.9001558660519489,-0.355038907311476,-0.13366863403524099,0.008132912368788797,0.4685574366511583,-0.16899602608790382,-1.194456623228993,-1.051403827539947,168,0.4139358397382731,0,324
CN7_L_000276,276,-0.728248608535977,-0.523416230884195,-0.1344408630618093,0.36104749346610326,0.978580361513066,1.2025024719774604,-0.642289796896626,0.0,0.40514255025455237,0.8948528614473485,-0.13202164084538018,0.6352098982042783,-0.9606703834971348,0.6666610716362802,0.6096145619533219,-0.16817607749758343,-1.598067666144733,-0.6723496009936615,-0.7713878822011261,0.9313640305525223,0.4685574366511583,0.13314966785073584,-1.194456623228993,-1.051403827539947,171,0.41379961031137324,0,325
CN7_L_000128,128,1.2778881427639106,1.4913973266059182,-0.5271002318901759,0.36104749346610326,-0.9024657082140384,-0.7111644212715653,1.4716080594590133,0.0,-1.152397931452831,-0.7957303657393812,-0.13202164084538018,0.6352098982042783,0.3062805103879508,-1.0926073232026277,-0.9148979250737528,0.0561532265506022,0.3449574316137456,0.279582480052895,0.8867055170065484,-0.6073388472586053,0.4685574366511583,-1.075448476063022,1.1661623978132603,1.2875735186304924,77,0.4137784298804979,0,326
CN7_L_000298,298,-0.3270136055008128,-0.12046120533392016,0.061893502221277374,0.36104749346610326,0.978580361513066,1.2025024719774604,-0.7026539645658552,0.0,0.21044534820434588,0.049553186478838565,-0.13202164084538018,0.6352098982042783,-0.01048137862261042,0.49073691658292357,0.6096145619533219,1.626321443503069,-1.3205531603132479,-0.355038907311476,-1.0264522274911068,0.3158922709251282,0.4685574366511583,-1.276878938688782,-0.9798553901892844,-0.9021068559029836,186,0.41335136228532215,0,327
CN7_L_000334,334,-1.129445347695208,-0.9263904713038393,0.061893502221277374,0.36104749346610326,0.978580361513066,1.2025024719774604,-0.7026539645658552,0.0,0.5998323253659051,-0.7957303657393812,-0.13202164084538018,-0.40997544119473406,-0.9606703834971348,0.13888189539987494,-0.15263441207659956,-0.6168346855939546,0.06735821439464394,0.5968931737350806,-0.13366863403524099,0.3158922709251282,0.013158100971789112,-0.2697112574007837,-0.8367869918952355,-0.8025764906793029,211,0.41331631495917803,0,328
CN7_L_000520,520,-0.3270136055008128,-0.523416230884195,0.454552871049644,-0.6557616525288871,-0.9024657082140384,-0.7111644212715653,-0.7026539645658552,0.0,0.40514255025455237,-0.7957303657393812,1.026546834584599,0.6352098982042783,0.3062805103879508,-0.03704225965348172,-0.15263441207659956,-0.392505381545769,-0.7653547258750445,-0.355038907311476,-1.154003861783075,0.6236046719961829,0.4685574366511583,1.2410402645312135,0.23622190210603677,-0.05609448009737051,313,0.4127233469862171,0,329
CN7_L_000222,222,0.07422139753435131,-0.12046120533392016,-0.03627368042026596,0.36104749346610326,0.978580361513066,1.2025024719774604,-0.642289796896626,0.0,0.01575557309299311,-0.7957303657393812,-0.13202164084538018,0.6352098982042783,-0.32719493655459203,0.8425919377659722,0.6096145619533219,-0.6168346855939546,0.06735821439464394,-0.355038907311476,-0.8989005931991387,-0.6073388472586053,0.4685574366511583,0.43530304586897517,-1.9097958858965078,-1.598823209272595,135,0.41266484631333095,0,330
CN7_L_000250,250,-0.3270136055008128,-0.523416230884195,-0.18352445438258097,0.36104749346610326,0.978580361513066,1.2025024719774604,-0.7026539645658552,0.0,0.21044534820434588,-0.7957303657393812,-0.13202164084538018,0.6352098982042783,-0.32719493655459203,0.31480605045323157,0.6096145619533219,-0.6168346855939546,0.9001558660519489,-0.355038907311476,-1.281555496075043,-1.2228106068859994,0.4685574366511583,-0.37043417279326324,-1.5521262545627506,-1.300231164400591,155,0.41251997428247783,0,331
CN7_L_000516,516,-0.728248608535977,-0.9263904713038393,0.2582185057665573,-1.1641662255263823,-0.9024657082140384,-0.7111644212715653,-0.7026539645658552,0.0,0.40514255025455237,0.049553186478838565,-0.13202164084538018,-0.40997544119473406,-0.6439568255651532,0.31480605045323157,0.22849007493836115,0.5047433789545571,0.9001558660519489,1.8660391188349905,1.2693214965884974,0.9313640305525223,0.4685574366511583,1.2410402645312135,0.16468770295901236,-0.1058591881087301,310,0.4124485517471838,0,332
CN7_L_000300,300,-0.3270136055008128,-0.12046120533392016,-0.08535727174103763,0.36104749346610326,0.978580361513066,1.2025024719774604,-0.642289796896626,0.0,0.21044534820434588,-1.641030040707891,-0.13202164084538018,0.6352098982042783,-0.01048137862261042,1.1944402478726854,0.9907535879355144,-0.8411639896421402,-1.0429539430941461,-0.6723496009936615,0.6316022484226123,0.9313640305525223,0.4685574366511583,-0.2697112574007837,-0.9798553901892844,-0.9518725131153047,188,0.4117617658874679,0,333
CN7_L_000286,286,-0.728248608535977,-0.9263904713038393,-0.03627368042026596,0.36104749346610326,0.978580361513066,1.2025024719774604,-0.5818795497100921,0.0,0.40514255025455237,-0.7957303657393812,-0.13202164084538018,-0.40997544119473406,-0.32719493655459203,0.49073691658292357,0.22849007493836115,-0.392505381545769,0.9001558660519489,-0.6723496009936615,-0.8989005931991387,0.008132912368788797,0.013158100971789112,0.536018277181855,-1.1229237884833332,-1.0016381703276258,178,0.4115958997116001,0,334
CN7_L_000321,321,-0.3270136055008128,-0.12046120533392016,-0.1344408630618093,0.36104749346610326,0.978580361513066,1.2025024719774604,-0.642289796896626,0.0,0.21044534820434588,0.8948528614473485,-0.13202164084538018,0.6352098982042783,-0.6439568255651532,1.3703711140023773,1.371878074950475,-0.392505381545769,-0.48775550865594286,-0.0377282136292905,1.0142571512985166,-1.2228106068859994,0.4685574366511583,-0.2697112574007837,-0.90832119104226,-0.9021068559029836,202,0.4112253419577266,0,335
CN7_L_000526,526,-0.728248608535977,-0.523416230884195,0.2582185057665573,-1.1641662255263823,-0.9024657082140384,-0.7111644212715653,-0.7026539645658552,0.0,0.40514255025455237,-0.7957303657393812,-0.13202164084538018,-0.40997544119473406,0.3062805103879508,0.6666610716362802,0.6096145619533219,-0.392505381545769,0.3449574316137456,0.279582480052895,1.2693214965884974,-1.2228106068859994,1.834616475323175,1.2410402645312135,0.23622190210603677,-0.1058591881087301,317,0.41120250987981183,0,336
CN7_L_000430,430,-0.728248608535977,-0.523416230884195,0.061893502221277374,0.36104749346610326,-0.9024657082140384,-0.7111644212715653,-0.7026539645658552,0.0,0.40514255025455237,-0.7957303657393812,-0.13202164084538018,-0.40997544119473406,-0.6439568255651532,0.31480605045323157,0.6096145619533219,0.5047433789545571,-0.7653547258750445,-0.0377282136292905,1.2693214965884974,0.6236046719961829,-1.352970421883273,0.9388868865129743,-0.12144772922772068,-0.3049218169580146,262,0.41048534522773367,0,337
CN7_L_000187,187,0.8766531397287465,0.6854680606359991,-0.5761838232109475,0.36104749346610326,-0.9024657082140384,-0.7111644212715653,1.4716080594590133,0.0,-0.5683211791799189,0.049553186478838565,-0.13202164084538018,-0.40997544119473406,-0.01048137862261042,-1.620386499439033,-1.2960369510559453,-0.392505381545769,0.06735821439464394,-0.355038907311476,-0.3887329793252218,0.9313640305525223,-0.44224123470758003,-0.8740180134372624,1.1661623978132603,1.3373391758428135,114,0.41044240952246985,0,338
CN7_L_000410,410,-0.3270136055008128,-0.523416230884195,-0.08535727174103763,-0.6557616525288871,-0.9024657082140384,1.2025024719774604,-0.642289796896626,0.0,0.40514255025455237,0.049553186478838565,-0.13202164084538018,-0.40997544119473406,-0.6439568255651532,0.8425919377659722,0.6096145619533219,-0.8411639896421402,-0.21015629143684125,-0.0377282136292905,1.3968731308804654,-0.9150982058149447,0.4685574366511583,1.140317349138734,-0.1929819283747451,-0.35468652496937425,250,0.41020208676596664,0,339
CN7_L_000464,464,-0.728248608535977,-0.523416230884195,0.307302097087329,-0.6557616525288871,-0.9024657082140384,-0.7111644212715653,-0.7026539645658552,0.0,0.40514255025455237,0.049553186478838565,-0.13202164084538018,0.6352098982042783,-0.9606703834971348,-0.21297312578317368,-0.5337734380587921,0.0561532265506022,0.06735821439464394,-0.355038907311476,-1.0264522274911068,-0.9150982058149447,1.3792866238268513,1.6439011897827331,0.021619304664963514,-0.20539050253337238,284,0.41011716526132896,0,340
CN7_L_000323,323,-0.728248608535977,-0.523416230884195,-0.03627368042026596,0.36104749346610326,0.978580361513066,1.2025024719774604,-0.7026539645658552,0.0,0.21044534820434588,0.8948528614473485,-0.13202164084538018,0.6352098982042783,-0.9606703834971348,0.49073691658292357,0.6096145619533219,0.0561532265506022,0.6225566488328472,-0.0377282136292905,1.141769862296529,0.9313640305525223,-1.352970421883273,-0.2697112574007837,-0.8367869918952355,-0.8523411986906625,203,0.40963448081536386,0,341
CN7_L_000481,481,-0.728248608535977,-0.9263904713038393,0.16005132312501397,-0.6557616525288871,-0.9024657082140384,1.2025024719774604,-0.7026539645658552,0.0,0.5998323253659051,0.8948528614473485,-0.13202164084538018,0.6352098982042783,-1.277432272507696,0.31480605045323157,0.22849007493836115,-0.392505381545769,-0.48775550865594286,-0.6723496009936615,-0.26118134503325363,0.3158922709251282,-0.44224123470758003,0.9388868865129743,0.16468770295901236,-0.15562484532105123,293,0.40943009303201333,0,342
CN7_L_000339,339,0.07422139753435131,-0.12046120533392016,0.11097709354204904,0.36104749346610326,0.978580361513066,1.2025024719774604,-0.7026539645658552,0.0,0.01575557309299311,-0.7957303657393812,-0.13202164084538018,0.6352098982042783,0.623042399398512,0.8425919377659722,0.9907535879355144,1.4019921394548833,0.06735821439464394,0.914107037788434,0.3765379031326314,-0.29962644618755063,0.923887288147482,-0.2697112574007837,-0.7652541571495758,-0.7528108334669817,213,0.4089360242858544,0,343
CN7_L_000179,179,0.8766531397287465,1.0884423010556434,-0.47801664056940424,0.36104749346610326,-0.9024657082140384,-0.7111644212715653,1.4716080594590133,0.0,-0.9577081563414782,-0.7957303657393812,-0.13202164084538018,-0.40997544119473406,-0.01048137862261042,-1.4444623443856761,-1.2960369510559453,0.0561532265506022,-0.48775550865594286,0.914107037788434,-0.3887329793252218,0.008132912368788797,0.4685574366511583,-0.8740180134372624,1.1661623978132603,1.3871048330551345,109,0.4084728115618371,0,344
CN7_L_000504,504,0.07422139753435131,-0.12046120533392016,0.307302097087329,0.36104749346610326,-0.9024657082140384,-0.7111644212715653,-0.7026539645658552,0.0,0.01575557309299311,1.7401525364158585,-0.13202164084538018,0.6352098982042783,0.623042399398512,0.6666610716362802,0.6096145619533219,1.626321443503069,0.3449574316137456,-0.355038907311476,0.3765379031326314,0.3158922709251282,0.013158100971789112,1.2410402645312135,0.23622190210603677,-0.1058591881087301,303,0.4083649495181185,0,345
CN7_L_000131,131,0.8766531397287465,0.6854680606359991,-0.42893304924863257,0.36104749346610326,-0.9024657082140384,-0.7111644212715653,1.411243891789784,0.0,-0.5683211791799189,-0.7957303657393812,-0.13202164084538018,-0.40997544119473406,-0.01048137862261042,-1.620386499439033,-1.2960369510559453,-0.16817607749758343,0.06735821439464394,0.5968931737350806,0.12143463454869523,0.008132912368788797,0.013158100971789112,-0.8740180134372624,1.1661623978132603,1.2875735186304924,79,0.40748500824945705,0,346
CN7_L_000434,434,-1.129445347695208,-0.9263904713038393,0.2582185057665573,-1.1641662255263823,-0.9024657082140384,-0.7111644212715653,-0.642289796896626,0.0,0.5998323253659051,-0.7957303657393812,-0.13202164084538018,-0.40997544119473406,-0.01048137862261042,-0.03704225965348172,0.22849007493836115,0.5047433789545571,0.3449574316137456,-0.0377282136292905,-1.0264522274911068,0.008132912368788797,0.923887288147482,1.4424707271569734,-0.049914894482060906,-0.3049218169580146,263,0.4071154956979693,0,347
CN7_L_000411,411,-1.129445347695208,-0.9263904713038393,0.012809910900505709,0.36104749346610326,-0.9024657082140384,-0.7111644212715653,-0.5818795497100921,0.0,0.5998323253659051,0.049553186478838565,-0.13202164084538018,-0.40997544119473406,-0.32719493655459203,0.6666610716362802,0.6096145619533219,0.7290726830027427,0.6225566488328472,0.5968931737350806,0.7591538827145803,-0.29962644618755063,0.013158100971789112,0.43530304586897517,-0.1929819283747451,-0.35468652496937425,251,0.40709976010278165,0,348
CN7_L_000593,593,-0.3270136055008128,-0.12046120533392016,0.307302097087329,-0.6557616525288871,-0.9024657082140384,-0.7111644212715653,-0.7026539645658552,0.0,0.40514255025455237,0.049553186478838565,-0.13202164084538018,0.6352098982042783,-0.01048137862261042,1.0185160928193289,0.9907535879355144,0.7290726830027427,0.06735821439464394,-0.0377282136292905,0.6316022484226123,0.3158922709251282,0.4685574366511583,1.9460545678009724,0.16468770295901236,-0.15562484532105123,354,0.40678693445691305,0,349
CN7_L_000509,509,-1.129445347695208,-0.9263904713038393,0.2582185057665573,-0.6557616525288871,-0.9024657082140384,-0.7111644212715653,-0.7026539645658552,0.0,0.5998323253659051,0.8948528614473485,-0.13202164084538018,-1.4550013077009483,-0.32719493655459203,-0.21297312578317368,-0.15263441207659956,0.28041407490637155,0.06735821439464394,-0.355038907311476,-0.3887329793252218,0.008132912368788797,0.923887288147482,0.13314966785073584,0.16468770295901236,-0.1058591881087301,306,0.40638617206683236,0,350
CN7_L_000586,586,-0.728248608535977,-0.9263904713038393,0.35638568840810064,-1.1641662255263823,-0.9024657082140384,-0.7111644212715653,-0.7026539645658552,0.0,0.40514255025455237,0.8948528614473485,1.026546834584599,-0.40997544119473406,-0.9606703834971348,0.6666610716362802,0.6096145619533219,0.28041407490637155,-0.21015629143684125,-0.355038907311476,0.7591538827145803,0.3158922709251282,0.4685574366511583,1.5431859584698533,0.16468770295901236,-0.1058591881087301,351,0.4060542668304357,0,351
CN7_L_000541,541,-0.3270136055008128,-0.523416230884195,0.4054692797288723,-0.6557616525288871,-0.9024657082140384,-0.7111644212715653,-0.7026539645658552,0.0,0.21044534820434588,2.5854522113843683,-0.13202164084538018,0.6352098982042783,-0.01048137862261042,0.31480605045323157,0.22849007493836115,0.0561532265506022,-0.21015629143684125,-0.6723496009936615,-1.0264522274911068,-0.29962644618755063,0.013158100971789112,1.3417554958440934,0.3077547368516965,-0.006328822885049378,324,0.40557866608823323,0,352
CN7_L_000437,437,0.07422139753435131,-0.12046120533392016,0.20913491444578564,0.36104749346610326,-0.9024657082140384,-0.7111644212715653,-0.7026539645658552,0.0,0.21044534820434588,0.049553186478838565,-0.13202164084538018,-0.40997544119473406,-0.01048137862261042,0.8425919377659722,0.9907535879355144,0.0561532265506022,-1.0429539430941461,0.279582480052895,1.3968731308804654,0.6236046719961829,-0.8975710862039038,0.33458781455609526,-0.12144772922772068,-0.3049218169580146,266,0.40498432629165937,0,353
CN7_L_000476,476,-0.3270136055008128,-0.12046120533392016,0.20913491444578564,-1.1641662255263823,-0.9024657082140384,-0.7111644212715653,-0.642289796896626,0.0,0.01575557309299311,0.8948528614473485,-0.13202164084538018,0.6352098982042783,-0.32719493655459203,0.49073691658292357,0.22849007493836115,-0.392505381545769,0.3449574316137456,-0.0377282136292905,-0.5162846136171899,0.3158922709251282,1.834616475323175,0.9388868865129743,0.09315350381198793,-0.20539050253337238,289,0.40476884703723565,0,354
CN7_L_000319,319,-0.3270136055008128,-0.12046120533392016,0.11097709354204904,-0.14735707953139193,0.978580361513066,1.2025024719774604,-0.7026539645658552,0.0,0.21044534820434588,-0.7957303657393812,-0.13202164084538018,0.6352098982042783,0.623042399398512,0.49073691658292357,0.6096145619533219,0.9534019870509284,-1.0429539430941461,-0.355038907311476,-0.6438362479091579,0.008132912368788797,0.923887288147482,-0.37043417279326324,-0.90832119104226,-0.8523411986906625,201,0.4031112823635972,0,355
CN7_L_000391,391,0.07422139753435131,-0.12046120533392016,0.012809910900505709,0.36104749346610326,-0.9024657082140384,-0.7111644212715653,-0.642289796896626,0.0,0.01575557309299311,0.8948528614473485,-0.13202164084538018,0.6352098982042783,0.623042399398512,1.0185160928193289,0.6096145619533219,-0.6168346855939546,0.06735821439464394,0.5968931737350806,1.141769862296529,0.008132912368788797,0.923887288147482,0.33458781455609526,-0.47911736056147813,-0.5537491538186587,239,0.40258433446272185,0,356
CN7_L_000435,435,0.07422139753435131,-0.12046120533392016,0.20913491444578564,-0.6557616525288871,-0.9024657082140384,-0.7111644212715653,-0.7026539645658552,0.0,0.01575557309299311,0.049553186478838565,-0.13202164084538018,0.6352098982042783,0.623042399398512,0.49073691658292357,0.6096145619533219,-0.392505381545769,0.3449574316137456,0.279582480052895,-0.7713878822011261,1.239076431623577,1.3792866238268513,0.636733508494735,-0.049914894482060906,-0.35468652496937425,264,0.4020137054469327,0,357
CN7_L_000275,275,-0.3270136055008128,-0.523416230884195,-0.1344408630618093,-0.6557616525288871,0.978580361513066,1.2025024719774604,-0.642289796896626,0.0,0.21044534820434588,-0.7957303657393812,-0.13202164084538018,0.6352098982042783,-0.9606703834971348,0.49073691658292357,0.22849007493836115,-0.16817607749758343,-0.48775550865594286,-0.0377282136292905,0.5040506141306441,0.6236046719961829,0.923887288147482,-0.37043417279326324,-1.194456623228993,-1.051403827539947,170,0.4013307947636431,0,358
CN7_L_000436,436,-0.3270136055008128,-0.12046120533392016,0.16005132312501397,0.36104749346610326,-0.9024657082140384,-0.7111644212715653,-0.7026539645658552,0.0,0.21044534820434588,0.8948528614473485,-0.13202164084538018,-0.40997544119473406,0.623042399398512,0.8425919377659722,0.9907535879355144,0.9534019870509284,0.9001558660519489,-0.9895634650470151,0.3765379031326314,0.008132912368788797,0.4685574366511583,0.536018277181855,-0.12144772922772068,-0.35468652496937425,265,0.4002464137637542,0,359
CN7_L_000330,330,0.07422139753435131,-0.12046120533392016,-0.03627368042026596,0.36104749346610326,0.978580361513066,1.2025024719774604,-0.642289796896626,0.0,0.21044534820434588,0.049553186478838565,-0.13202164084538018,0.6352098982042783,-0.6439568255651532,1.0185160928193289,0.9907535879355144,-0.392505381545769,1.1777550832710504,-0.0377282136292905,0.7591538827145803,-0.9150982058149447,0.013158100971789112,-0.37043417279326324,-0.7652541571495758,-0.8025764906793029,208,0.3992636265748448,0,360
CN7_L_000400,400,-0.3270136055008128,-0.523416230884195,0.012809910900505709,0.36104749346610326,-0.9024657082140384,-0.7111644212715653,-0.642289796896626,0.0,0.40514255025455237,0.8948528614473485,-0.13202164084538018,0.6352098982042783,-0.32719493655459203,1.1944402478726854,0.9907535879355144,0.5047433789545571,0.3449574316137456,-0.6723496009936615,0.8867055170065484,0.008132912368788797,0.013158100971789112,0.33458781455609526,-0.40758452581581833,-0.4542178393940165,244,0.3966294151488776,0,361
CN7_L_000297,297,-0.3270136055008128,-0.523416230884195,-0.1344408630618093,-0.6557616525288871,0.978580361513066,1.2025024719774604,-0.642289796896626,0.0,0.21044534820434588,0.049553186478838565,-0.13202164084538018,0.6352098982042783,-0.32719493655459203,0.31480605045323157,0.22849007493836115,0.5047433789545571,0.3449574316137456,0.5968931737350806,-1.154003861783075,0.008132912368788797,0.923887288147482,-0.47114940410614314,-0.9798553901892844,-0.9021068559029836,185,0.39661695254581864,0,362
CN7_L_000289,289,0.07422139753435131,-0.12046120533392016,0.012809910900505709,0.36104749346610326,0.978580361513066,1.2025024719774604,-0.7026539645658552,0.0,0.21044534820434588,-0.7957303657393812,-0.13202164084538018,0.6352098982042783,-0.32719493655459203,0.6666610716362802,0.6096145619533219,0.7290726830027427,-0.7653547258750445,0.5968931737350806,-0.6438362479091579,-0.29962644618755063,0.4685574366511583,-0.47114940410614314,-1.1229237884833332,-1.0016381703276258,179,0.39448923924744644,0,363
