pattern_row,pattern_id,cv_fold,label,candidate,risk_score,threshold,y_pred
0,CN7_L_000000,0,0,full,-0.03734059779347021,0.05229177946867036,0
2,CN7_L_000002,0,0,full,-0.02086281903095255,0.05229177946867036,0
3,CN7_L_000003,0,0,full,-0.056634593119059495,0.05229177946867036,0
4,CN7_L_000004,3,0,full,-0.07018069013044048,0.05229177946867036,0
5,CN7_L_000005,2,0,full,-0.05980445685113622,0.05229177946867036,0
6,CN7_L_000006,2,0,full,-0.06671110215966536,0.05229177946867036,0
7,CN7_L_000007,1,0,full,-0.08372898176940158,0.05229177946867036,0
8,CN7_L_000008,0,0,full,-0.05656723628889715,0.05229177946867036,0
9,CN7_L_000009,1,0,full,-0.017461424351425947,0.05229177946867036,0
10,CN7_L_000010,0,0,full,-0.06979046583643012,0.05229177946867036,0
11,CN7_L_000011,0,0,full,-0.06692690689501646,0.05229177946867036,0
12,CN7_L_000012,1,0,full,-0.04357644327396981,0.05229177946867036,0
15,CN7_L_000015,2,0,full,-0.08713979906072344,0.05229177946867036,0
16,CN7_L_000016,1,0,full,-0.021553748083224633,0.05229177946867036,0
17,CN7_L_000017,3,0,full,-0.064050717017758,0.05229177946867036,0
18,CN7_L_000018,2,0,full,-0.02956482624962886,0.05229177946867036,0
19,CN7_L_000019,1,0,full,-0.02907265685241356,0.05229177946867036,0
22,CN7_L_000022,0,0,full,0.003337538490784553,0.05229177946867036,0
23,CN7_L_000023,3,0,full,-0.05978693691510628,0.05229177946867036,0
24,CN7_L_000024,3,1,full,-0.03926292195394865,0.05229177946867036,0
25,CN7_L_000025,0,0,full,-0.06847688372558292,0.05229177946867036,0
26,CN7_L_000026,0,0,full,-0.028800075316485874,0.05229177946867036,0
27,CN7_L_000027,3,0,full,-0.05112226418714272,0.05229177946867036,0
29,CN7_L_000029,0,0,full,-0.03149960887400827,0.05229177946867036,0
30,CN7_L_000030,1,0,full,-0.07414372558889015,0.05229177946867036,0
31,CN7_L_000031,0,0,full,-0.029788383729735024,0.05229177946867036,0
32,CN7_L_000032,2,0,full,-0.05725494782899787,0.05229177946867036,0
34,CN7_L_000034,3,0,full,-0.08728574368598441,0.05229177946867036,0
36,CN7_L_000036,0,0,full,0.9175268303365223,0.05229177946867036,1
37,CN7_L_000037,0,0,full,-0.020385621035004853,0.05229177946867036,0
38,CN7_L_000038,3,0,full,-0.0803915873708867,0.05229177946867036,0
39,CN7_L_000039,0,0,full,-0.05539674184796617,0.05229177946867036,0
40,CN7_L_000040,1,1,full,-0.04716531656962175,0.05229177946867036,0
41,CN7_L_000041,1,0,full,-0.06099480040167915,0.05229177946867036,0
43,CN7_L_000043,0,0,full,-0.07307067539245882,0.05229177946867036,0
44,CN7_L_000044,3,0,full,-0.024716718304836682,0.05229177946867036,0
45,CN7_L_000045,0,0,full,-0.04369824378005216,0.05229177946867036,0
46,CN7_L_000046,0,0,full,-0.047801751814933624,0.05229177946867036,0
47,CN7_L_000047,2,0,full,-0.0763242185442361,0.05229177946867036,0
48,CN7_L_000048,0,1,full,0.0748008382346157,0.05229177946867036,1
49,CN7_L_000049,3,0,full,-0.07733859774907881,0.05229177946867036,0
52,CN7_L_000052,2,1,full,-0.07278833800952267,0.05229177946867036,0
53,CN7_L_000053,1,1,full,-0.04514908579174959,0.05229177946867036,0
54,CN7_L_000054,3,1,full,-0.027407205992244776,0.05229177946867036,0
55,CN7_L_000055,0,1,full,-0.06954828508621613,0.05229177946867036,0
56,CN7_L_000056,2,1,full,-0.07241734395277044,0.05229177946867036,0
58,CN7_L_000058,1,1,full,0.7760146404082029,0.05229177946867036,1
59,CN7_L_000059,3,1,full,1.263190889701542,0.05229177946867036,1
60,CN7_L_000060,2,1,full,0.8941184491745036,0.05229177946867036,1
62,CN7_L_000062,1,0,full,-0.0895981638492036,0.05229177946867036,0
63,CN7_L_000063,3,0,full,-0.10299379113862717,0.05229177946867036,0
64,CN7_L_000064,3,0,full,-0.06879604017012131,0.05229177946867036,0
65,CN7_L_000065,2,0,full,-0.06215108959689131,0.05229177946867036,0
67,CN7_L_000067,3,0,full,-0.05380970682926467,0.05229177946867036,0
68,CN7_L_000068,3,0,full,-0.052459312842843886,0.05229177946867036,0
69,CN7_L_000069,2,0,full,-0.05022471713401977,0.05229177946867036,0
70,CN7_L_000070,1,0,full,-0.06275683811513932,0.05229177946867036,0
71,CN7_L_000071,2,0,full,-0.07753899966688271,0.05229177946867036,0
73,CN7_L_000073,0,0,full,-0.07667216188019577,0.05229177946867036,0
74,CN7_L_000074,0,0,full,-0.05173500794865049,0.05229177946867036,0
77,CN7_L_000077,2,0,full,-0.04829658800957404,0.05229177946867036,0
79,CN7_L_000079,3,0,full,-0.047194457786831734,0.05229177946867036,0
80,CN7_L_000080,2,0,full,-0.05684851051984685,0.05229177946867036,0
81,CN7_L_000081,2,0,full,-0.08153136376325554,0.05229177946867036,0
82,CN7_L_000082,3,0,full,-0.052710842392464485,0.05229177946867036,0
83,CN7_L_000083,2,0,full,-0.08380244397736991,0.05229177946867036,0
84,CN7_L_000084,3,0,full,-0.08096356412766337,0.05229177946867036,0
86,CN7_L_000086,0,0,full,-0.04200143089838537,0.05229177946867036,0
87,CN7_L_000087,3,0,full,-0.08778145044441121,0.05229177946867036,0
88,CN7_L_000088,0,0,full,-0.06615895627721802,0.05229177946867036,0
89,CN7_L_000089,3,0,full,-0.05258796050866277,0.05229177946867036,0
90,CN7_L_000090,1,0,full,-0.05526349651930218,0.05229177946867036,0
91,CN7_L_000091,2,0,full,-0.07937325024361419,0.05229177946867036,0
92,CN7_L_000092,3,0,full,-0.0927577008569136,0.05229177946867036,0
93,CN7_L_000093,1,0,full,-0.0657762195522742,0.05229177946867036,0
95,CN7_L_000095,0,0,full,0.009560492445168656,0.05229177946867036,0
96,CN7_L_000096,3,0,full,-0.07991570193521191,0.05229177946867036,0
97,CN7_L_000097,3,0,full,-0.06417186013079856,0.05229177946867036,0
98,CN7_L_000098,3,0,full,-0.002041473288034723,0.05229177946867036,0
99,CN7_L_000099,2,0,full,-0.10324090237022521,0.05229177946867036,0
100,CN7_L_000100,3,0,full,-0.05633640716614785,0.05229177946867036,0
102,CN7_L_000102,3,0,full,-0.037550268437337664,0.05229177946867036,0
103,CN7_L_000103,0,0,full,0.025114291905023123,0.05229177946867036,0
104,CN7_L_000104,2,0,full,-0.05986073417328974,0.05229177946867036,0
106,CN7_L_000106,3,0,full,-0.03730577502533183,0.05229177946867036,0
107,CN7_L_000107,0,0,full,-0.03444549939968944,0.05229177946867036,0
108,CN7_L_000108,2,0,full,-0.09794327100323441,0.05229177946867036,0
109,CN7_L_000109,2,0,full,-0.07493937978127274,0.05229177946867036,0
110,CN7_L_000110,0,0,full,0.031636200725222,0.05229177946867036,0
111,CN7_L_000111,1,0,full,-0.06965101494156789,0.05229177946867036,0
115,CN7_L_000115,0,0,full,-0.0733994981563919,0.05229177946867036,0
117,CN7_L_000117,3,0,full,0.005797055779324101,0.05229177946867036,0
118,CN7_L_000118,3,0,full,-0.06774510990335347,0.05229177946867036,0
121,CN7_L_000121,3,0,full,-0.05793850192269989,0.05229177946867036,0
122,CN7_L_000122,3,0,full,-0.06599561620644057,0.05229177946867036,0
123,CN7_L_000123,0,0,full,-0.06358208700164081,0.05229177946867036,0
124,CN7_L_000124,2,0,full,-0.08925553986003942,0.05229177946867036,0
125,CN7_L_000125,3,0,full,-0.07654082841394683,0.05229177946867036,0
126,CN7_L_000126,2,0,full,-0.056463738280172926,0.05229177946867036,0
127,CN7_L_000127,0,0,full,-0.0262895983237712,0.05229177946867036,0
128,CN7_L_000128,1,0,full,-0.07092762145134879,0.05229177946867036,0
129,CN7_L_000129,2,0,full,-0.06102024378999449,0.05229177946867036,0
130,CN7_L_000130,1,0,full,-0.08466069876709703,0.05229177946867036,0
131,CN7_L_000131,3,0,full,-0.05450266234516832,0.05229177946867036,0
132,CN7_L_000132,1,0,full,-0.09325436987105107,0.05229177946867036,0
133,CN7_L_000133,1,0,full,-0.031070598645988046,0.05229177946867036,0
134,CN7_L_000134,2,0,full,-0.07047175116111903,0.05229177946867036,0
136,CN7_L_000136,0,0,full,-0.04037758241561118,0.05229177946867036,0
137,CN7_L_000137,3,0,full,-0.06956225757167545,0.05229177946867036,0
138,CN7_L_000138,0,0,full,-0.048941905710877975,0.05229177946867036,0
139,CN7_L_000139,2,0,full,-0.04427620076191996,0.05229177946867036,0
140,CN7_L_000140,1,0,full,-0.09008941459101116,0.05229177946867036,0
141,CN7_L_000141,3,0,full,-0.0735031186018027,0.05229177946867036,0
143,CN7_L_000143,1,0,full,-0.05845628653266122,0.05229177946867036,0
145,CN7_L_000145,0,0,full,-0.05813341142217432,0.05229177946867036,0
146,CN7_L_000146,3,0,full,-0.05173415362424638,0.05229177946867036,0
147,CN7_L_000147,1,0,full,-0.02485782676502657,0.05229177946867036,0
150,CN7_L_000150,3,0,full,-0.0493963866649354,0.05229177946867036,0
151,CN7_L_000151,0,0,full,-0.04012806976866656,0.05229177946867036,0
153,CN7_L_000153,0,0,full,-0.06397288128218115,0.05229177946867036,0
154,CN7_L_000154,0,0,full,0.05229177946867036,0.05229177946867036,0
155,CN7_L_000155,1,0,full,-0.028738598595503984,0.05229177946867036,0
156,CN7_L_000156,0,0,full,0.030416711446351385,0.05229177946867036,0
157,CN7_L_000157,0,0,full,-0.0488989041187331,0.05229177946867036,0
158,CN7_L_000158,0,0,full,-0.042820130700784276,0.05229177946867036,0
159,CN7_L_000159,2,0,full,-0.05293025207116786,0.05229177946867036,0
160,CN7_L_000160,1,0,full,-0.06412251838403948,0.05229177946867036,0
161,CN7_L_000161,1,0,full,-0.06711009036521487,0.05229177946867036,0
162,CN7_L_000162,2,0,full,-0.09629152046754008,0.05229177946867036,0
163,CN7_L_000163,2,0,full,-0.058338203101262476,0.05229177946867036,0
164,CN7_L_000164,0,0,full,0.5823282056062795,0.05229177946867036,1
165,CN7_L_000165,2,0,full,-0.08338934748477156,0.05229177946867036,0
166,CN7_L_000166,1,0,full,-0.07672371120112897,0.05229177946867036,0
167,CN7_L_000167,2,0,full,-0.01163123828297552,0.05229177946867036,0
168,CN7_L_000168,3,0,full,0.004254266887364189,0.05229177946867036,0
169,CN7_L_000169,2,0,full,-0.049003258650908155,0.05229177946867036,0
171,CN7_L_000171,3,0,full,-0.040088415738106065,0.05229177946867036,0
172,CN7_L_000172,0,0,full,-0.08036543302615407,0.05229177946867036,0
173,CN7_L_000173,3,0,full,-0.08643684464572221,0.05229177946867036,0
177,CN7_L_000177,1,0,full,-0.0711294657994559,0.05229177946867036,0
178,CN7_L_000178,0,0,full,-0.0583118820132853,0.05229177946867036,0
179,CN7_L_000179,0,0,full,-0.07566410458733763,0.05229177946867036,0
181,CN7_L_000181,0,0,full,-0.0602333513132729,0.05229177946867036,0
182,CN7_L_000182,0,0,full,-0.050409618203856255,0.05229177946867036,0
183,CN7_L_000183,3,0,full,-0.08407335510564007,0.05229177946867036,0
184,CN7_L_000184,2,0,full,-0.08265524055390294,0.05229177946867036,0
186,CN7_L_000186,0,0,full,-0.07529703776030594,0.05229177946867036,0
187,CN7_L_000187,1,0,full,-0.08056865811859959,0.05229177946867036,0
188,CN7_L_000188,0,0,full,-0.06949639080863257,0.05229177946867036,0
189,CN7_L_000189,0,0,full,-0.030285813881491208,0.05229177946867036,0
190,CN7_L_000190,2,0,full,-0.08651844460491764,0.05229177946867036,0
191,CN7_L_000191,2,0,full,-0.06668147727827112,0.05229177946867036,0
192,CN7_L_000192,0,0,full,-0.03451965424534631,0.05229177946867036,0
193,CN7_L_000193,2,0,full,-0.023522041353214007,0.05229177946867036,0
194,CN7_L_000194,1,0,full,-0.0007939211407137492,0.05229177946867036,0
195,CN7_L_000195,0,0,full,-0.035953726936186925,0.05229177946867036,0
196,CN7_L_000196,0,0,full,-0.03623888058154634,0.05229177946867036,0
197,CN7_L_000197,3,0,full,-0.06450178350668612,0.05229177946867036,0
198,CN7_L_000198,0,0,full,-0.048331350498989956,0.05229177946867036,0
199,CN7_L_000199,2,0,full,-0.01855228725385638,0.05229177946867036,0
200,CN7_L_000200,3,0,full,-0.03240474120170145,0.05229177946867036,0
202,CN7_L_000202,0,0,full,-0.06141697433235649,0.05229177946867036,0
204,CN7_L_000204,0,0,full,-0.06116798321718786,0.05229177946867036,0
206,CN7_L_000206,1,0,full,-0.026318879986786392,0.05229177946867036,0
207,CN7_L_000207,1,0,full,0.0012605489044030804,0.05229177946867036,0
208,CN7_L_000208,2,0,full,-0.022848261734664366,0.05229177946867036,0
209,CN7_L_000209,3,0,full,-0.035905637498542475,0.05229177946867036,0
210,CN7_L_000210,3,0,full,-0.058746251433319685,0.05229177946867036,0
211,CN7_L_000211,3,0,full,0.016584248163634463,0.05229177946867036,0
212,CN7_L_000212,3,0,full,-0.058849139546230944,0.05229177946867036,0
213,CN7_L_000213,3,0,full,-0.056169874356947425,0.05229177946867036,0
216,CN7_L_000216,3,0,full,-0.05301444935876187,0.05229177946867036,0
217,CN7_L_000217,1,0,full,-0.03246964377065309,0.05229177946867036,0
218,CN7_L_000218,2,0,full,-0.03876252310716177,0.05229177946867036,0
220,CN7_L_000220,2,0,full,-0.034237344298730044,0.05229177946867036,0
221,CN7_L_000221,2,0,full,-0.05104395355688984,0.05229177946867036,0
222,CN7_L_000222,3,0,full,-0.05416757379410697,0.05229177946867036,0
223,CN7_L_000223,1,0,full,0.048832464335248016,0.05229177946867036,0
224,CN7_L_000224,3,0,full,-0.032408654377471535,0.05229177946867036,0
225,CN7_L_000225,0,0,full,-0.05477376308943338,0.05229177946867036,0
226,CN7_L_000226,3,0,full,-0.045745377483666694,0.05229177946867036,0
231,CN7_L_000231,1,0,full,-0.03194398150344124,0.05229177946867036,0
232,CN7_L_000232,1,0,full,-0.0017886074901474203,0.05229177946867036,0
233,CN7_L_000233,1,0,full,-0.017212561485920208,0.05229177946867036,0
234,CN7_L_000234,3,0,full,-0.04047650354383947,0.05229177946867036,0
235,CN7_L_000235,3,0,full,-0.051933826141368655,0.05229177946867036,0
236,CN7_L_000236,0,0,full,-0.07207575768111685,0.05229177946867036,0
237,CN7_L_000237,3,0,full,-0.02187275631982999,0.05229177946867036,0
238,CN7_L_000238,1,0,full,-0.05855346561999264,0.05229177946867036,0
239,CN7_L_000239,1,0,full,-0.03856143527111833,0.05229177946867036,0
241,CN7_L_000241,1,0,full,-0.034595646913889944,0.05229177946867036,0
242,CN7_L_000242,0,0,full,-0.0077701090660733385,0.05229177946867036,0
243,CN7_L_000243,2,0,full,-0.07092434015878046,0.05229177946867036,0
245,CN7_L_000245,1,0,full,-0.07103071380676029,0.05229177946867036,0
246,CN7_L_000246,1,0,full,-0.06037954943745483,0.05229177946867036,0
247,CN7_L_000247,1,0,full,0.012074314420484455,0.05229177946867036,0
248,CN7_L_000248,2,0,full,-0.09174641427513253,0.05229177946867036,0
249,CN7_L_000249,3,0,full,-0.040194169950601655,0.05229177946867036,0
250,CN7_L_000250,1,0,full,-0.07485196026520091,0.05229177946867036,0
251,CN7_L_000251,2,0,full,-0.06632379155065937,0.05229177946867036,0
252,CN7_L_000252,1,0,full,-0.045633633178642,0.05229177946867036,0
253,CN7_L_000253,3,0,full,-0.05863584311460901,0.05229177946867036,0
254,CN7_L_000254,3,0,full,-0.06735031748019438,0.05229177946867036,0
256,CN7_L_000256,3,0,full,-0.05405607670927903,0.05229177946867036,0
258,CN7_L_000258,2,0,full,-0.07476832176831749,0.05229177946867036,0
259,CN7_L_000259,0,0,full,-0.07525643930258408,0.05229177946867036,0
260,CN7_L_000260,1,0,full,-0.1209154700429802,0.05229177946867036,0
261,CN7_L_000261,3,0,full,-0.07950175477716037,0.05229177946867036,0
262,CN7_L_000262,3,0,full,-0.07678521969355856,0.05229177946867036,0
263,CN7_L_000263,2,0,full,-0.04514823594093631,0.05229177946867036,0
264,CN7_L_000264,3,0,full,-0.06723593396360261,0.05229177946867036,0
267,CN7_L_000267,0,0,full,-0.08311050587312874,0.05229177946867036,0
268,CN7_L_000268,0,0,full,-0.10084937394561244,0.05229177946867036,0
269,CN7_L_000269,1,0,full,-0.04554328562776533,0.05229177946867036,0
270,CN7_L_000270,2,0,full,-0.07681143438080085,0.05229177946867036,0
271,CN7_L_000271,0,0,full,-0.07829045519825506,0.05229177946867036,0
272,CN7_L_000272,2,0,full,-0.07146028083595501,0.05229177946867036,0
273,CN7_L_000273,3,0,full,-0.054744383237697924,0.05229177946867036,0
275,CN7_L_000275,1,0,full,-0.06747574105507637,0.05229177946867036,0
276,CN7_L_000276,1,0,full,-0.06923869952615114,0.05229177946867036,0
277,CN7_L_000277,1,0,full,-0.05868751125924332,0.05229177946867036,0
278,CN7_L_000278,1,0,full,-0.07283241598104384,0.05229177946867036,0
279,CN7_L_000279,0,0,full,-0.08157156659883036,0.05229177946867036,0
280,CN7_L_000280,3,0,full,-0.08427928372921567,0.05229177946867036,0
282,CN7_L_000282,0,0,full,-0.06496653917274298,0.05229177946867036,0
285,CN7_L_000285,0,0,full,-0.09083010233054711,0.05229177946867036,0
286,CN7_L_000286,0,0,full,-0.09934336487059348,0.05229177946867036,0
288,CN7_L_000288,2,0,full,-0.09436943190522928,0.05229177946867036,0
289,CN7_L_000289,1,0,full,-0.09449717494840071,0.05229177946867036,0
291,CN7_L_000291,3,0,full,-0.06761180033107639,0.05229177946867036,0
292,CN7_L_000292,3,0,full,-0.045044620978679895,0.05229177946867036,0
293,CN7_L_000293,1,0,full,-0.0709887068796129,0.05229177946867036,0
294,CN7_L_000294,2,0,full,-0.10301718097176815,0.05229177946867036,0
295,CN7_L_000295,1,0,full,-0.07603943244403011,0.05229177946867036,0
296,CN7_L_000296,3,0,full,-0.0863120610494228,0.05229177946867036,0
297,CN7_L_000297,1,0,full,-0.09023548960207162,0.05229177946867036,0
298,CN7_L_000298,0,0,full,-0.1067562232770225,0.05229177946867036,0
299,CN7_L_000299,1,0,full,-0.050557920490181374,0.05229177946867036,0
300,CN7_L_000300,1,0,full,-0.08117394558704083,0.05229177946867036,0
301,CN7_L_000301,1,0,full,-0.06865815600760072,0.05229177946867036,0
303,CN7_L_000303,1,0,full,-0.09522282855352593,0.05229177946867036,0
304,CN7_L_000304,0,0,full,-0.09093351384731196,0.05229177946867036,0
305,CN7_L_000305,0,0,full,-0.07842546745095547,0.05229177946867036,0
307,CN7_L_000307,3,0,full,-0.08360143691749933,0.05229177946867036,0
308,CN7_L_000308,0,0,full,-0.09595785366197429,0.05229177946867036,0
310,CN7_L_000310,3,0,full,-0.08894318050789796,0.05229177946867036,0
311,CN7_L_000311,1,0,full,-0.06524315261322577,0.05229177946867036,0
312,CN7_L_000312,2,0,full,-0.11083870079538904,0.05229177946867036,0
313,CN7_L_000313,0,0,full,-0.08601646299754684,0.05229177946867036,0
314,CN7_L_000314,1,0,full,-0.08386384945174541,0.05229177946867036,0
315,CN7_L_000315,2,0,full,-0.0744119467533122,0.05229177946867036,0
316,CN7_L_000316,3,0,full,-0.06225646257110018,0.05229177946867036,0
317,CN7_L_000317,3,0,full,-0.05892477396707729,0.05229177946867036,0
318,CN7_L_000318,2,0,full,-0.08120676579662911,0.05229177946867036,0
319,CN7_L_000319,0,0,full,-0.10975752003326456,0.05229177946867036,0
320,CN7_L_000320,2,0,full,-0.09608257441148282,0.05229177946867036,0
321,CN7_L_000321,0,0,full,-0.0896968109713061,0.05229177946867036,0
323,CN7_L_000323,0,0,full,-0.09726193647767989,0.05229177946867036,0
324,CN7_L_000324,0,0,full,-0.07236293572967689,0.05229177946867036,0
325,CN7_L_000325,1,0,full,-0.049457772503572084,0.05229177946867036,0
326,CN7_L_000326,1,0,full,-0.04722218942450418,0.05229177946867036,0
328,CN7_L_000328,1,0,full,-0.0661977650406591,0.05229177946867036,0
330,CN7_L_000330,1,0,full,-0.09533895519183799,0.05229177946867036,0
331,CN7_L_000331,1,0,full,-0.0799975901206067,0.05229177946867036,0
332,CN7_L_000332,0,0,full,-0.09077521377078579,0.05229177946867036,0
333,CN7_L_000333,2,0,full,-0.08579942771673865,0.05229177946867036,0
334,CN7_L_000334,3,0,full,-0.08042512589388817,0.05229177946867036,0
335,CN7_L_000335,3,0,full,-0.016794133939790346,0.05229177946867036,0
336,CN7_L_000336,2,0,full,-0.08240357359290273,0.05229177946867036,0
337,CN7_L_000337,2,0,full,-0.09431396462426411,0.05229177946867036,0
338,CN7_L_000338,2,0,full,-0.09757124802639261,0.05229177946867036,0
339,CN7_L_000339,3,0,full,-0.08966698451038191,0.05229177946867036,0
340,CN7_L_000340,2,0,full,-0.10371848127777028,0.05229177946867036,0
342,CN7_L_000342,1,0,full,-0.03796922914933187,0.05229177946867036,0
343,CN7_L_000343,2,0,full,-0.10264488766052304,0.05229177946867036,0
345,CN7_L_000345,1,0,full,-0.05568858515965536,0.05229177946867036,0
346,CN7_L_000346,3,0,full,-0.07576420083728941,0.05229177946867036,0
347,CN7_L_000347,1,0,full,-0.08052259904558179,0.05229177946867036,0
348,CN7_L_000348,1,0,full,-0.05596511362159706,0.05229177946867036,0
349,CN7_L_000349,3,0,full,-0.10426748133438402,0.05229177946867036,0
350,CN7_L_000350,2,0,full,-0.1037555964906196,0.05229177946867036,0
352,CN7_L_000352,2,0,full,-0.11875962816138808,0.05229177946867036,0
354,CN7_L_000354,3,0,full,-0.09878604237955901,0.05229177946867036,0
355,CN7_L_000355,2,0,full,-0.11085432565077546,0.05229177946867036,0
356,CN7_L_000356,2,0,full,-0.044087377900020375,0.05229177946867036,0
358,CN7_L_000358,2,0,full,-0.08808906883007417,0.05229177946867036,0
360,CN7_L_000360,2,0,full,-0.06978539184041077,0.05229177946867036,0
361,CN7_L_000361,2,0,full,-0.05742813043760453,0.05229177946867036,0
362,CN7_L_000362,0,0,full,-0.062093982215662535,0.05229177946867036,0
363,CN7_L_000363,1,0,full,-0.09399748652049178,0.05229177946867036,0
364,CN7_L_000364,2,0,full,-0.07388591023251223,0.05229177946867036,0
365,CN7_L_000365,2,0,full,-0.06365772201361564,0.05229177946867036,0
366,CN7_L_000366,2,0,full,-0.11946492167052236,0.05229177946867036,0
367,CN7_L_000367,3,0,full,-0.05772466894902628,0.05229177946867036,0
368,CN7_L_000368,2,0,full,-0.07534495500235616,0.05229177946867036,0
369,CN7_L_000369,1,0,full,-0.08917685703950173,0.05229177946867036,0
370,CN7_L_000370,2,0,full,-0.06890113227258077,0.05229177946867036,0
371,CN7_L_000371,1,0,full,-0.09521220923502494,0.05229177946867036,0
372,CN7_L_000372,1,0,full,-0.08198740128742221,0.05229177946867036,0
374,CN7_L_000374,1,0,full,-0.08485109949664738,0.05229177946867036,0
375,CN7_L_000375,2,0,full,-0.11821886638042711,0.05229177946867036,0
376,CN7_L_000376,1,0,full,-0.10325181306569364,0.05229177946867036,0
377,CN7_L_000377,0,0,full,-0.07931105715136333,0.05229177946867036,0
378,CN7_L_000378,1,0,full,-0.026859330681576754,0.05229177946867036,0
379,CN7_L_000379,3,0,full,-0.07932549340929995,0.05229177946867036,0
381,CN7_L_000381,1,0,full,-0.04973400959860674,0.05229177946867036,0
382,CN7_L_000382,3,0,full,-0.09380273704610342,0.05229177946867036,0
383,CN7_L_000383,3,0,full,-0.042650822853000925,0.05229177946867036,0
384,CN7_L_000384,1,0,full,-0.11985270386564073,0.05229177946867036,0
385,CN7_L_000385,2,0,full,-0.12689803642511377,0.05229177946867036,0
387,CN7_L_000387,3,0,full,-0.044965729189414994,0.05229177946867036,0
388,CN7_L_000388,0,0,full,-0.09504343357690104,0.05229177946867036,0
389,CN7_L_000389,2,0,full,-0.06377316823351231,0.05229177946867036,0
390,CN7_L_000390,3,0,full,-0.03625095124087796,0.05229177946867036,0
391,CN7_L_000391,1,0,full,-0.08567300558637392,0.05229177946867036,0
394,CN7_L_000394,3,0,full,-0.06109731624472037,0.05229177946867036,0
395,CN7_L_000395,0,0,full,-0.08026159064929939,0.05229177946867036,0
396,CN7_L_000396,3,0,full,-0.07358395678957308,0.05229177946867036,0
397,CN7_L_000397,0,0,full,-0.0939063045291384,0.05229177946867036,0
398,CN7_L_000398,2,0,full,-0.05823845444766196,0.05229177946867036,0
400,CN7_L_000400,0,0,full,-0.09109956800630936,0.05229177946867036,0
402,CN7_L_000402,2,0,full,-0.07546490928697835,0.05229177946867036,0
404,CN7_L_000404,1,0,full,-0.08262566350571854,0.05229177946867036,0
406,CN7_L_000406,1,0,full,-0.07910997628939453,0.05229177946867036,0
407,CN7_L_000407,0,0,full,-0.07159524364601921,0.05229177946867036,0
408,CN7_L_000408,0,0,full,-0.0006997975509062115,0.05229177946867036,0
409,CN7_L_000409,0,0,full,-0.03038480120374487,0.05229177946867036,0
410,CN7_L_000410,1,0,full,-0.10703478778699571,0.05229177946867036,0
411,CN7_L_000411,1,0,full,-0.08844882449254765,0.05229177946867036,0
412,CN7_L_000412,3,0,full,-0.07178388824096782,0.05229177946867036,0
413,CN7_L_000413,2,0,full,-0.09034423615905807,0.05229177946867036,0
414,CN7_L_000414,1,0,full,-0.05811333836259225,0.05229177946867036,0
416,CN7_L_000416,0,0,full,-0.09473875724547831,0.05229177946867036,0
417,CN7_L_000417,0,0,full,-0.06646906453695767,0.05229177946867036,0
418,CN7_L_000418,2,0,full,-0.040179121611404245,0.05229177946867036,0
419,CN7_L_000419,2,0,full,-0.08534350760903031,0.05229177946867036,0
421,CN7_L_000421,3,0,full,-0.064807658048748,0.05229177946867036,0
422,CN7_L_000422,1,0,full,-0.1071764950224896,0.05229177946867036,0
423,CN7_L_000423,0,0,full,-0.08514343549797854,0.05229177946867036,0
424,CN7_L_000424,3,0,full,-0.07431640684582153,0.05229177946867036,0
425,CN7_L_000425,1,0,full,-0.07077001561969798,0.05229177946867036,0
426,CN7_L_000426,2,0,full,-0.10070227309474022,0.05229177946867036,0
428,CN7_L_000428,2,0,full,-0.09653626966257667,0.05229177946867036,0
429,CN7_L_000429,3,0,full,-0.020625797275129365,0.05229177946867036,0
430,CN7_L_000430,0,0,full,-0.09659147613192243,0.05229177946867036,0
433,CN7_L_000433,2,0,full,-0.062338314766611,0.05229177946867036,0
434,CN7_L_000434,3,0,full,-0.04673703605189772,0.05229177946867036,0
435,CN7_L_000435,0,0,full,-0.10032524569592738,0.05229177946867036,0
436,CN7_L_000436,1,0,full,-0.08069385659695794,0.05229177946867036,0
437,CN7_L_000437,3,0,full,-0.10072492187301219,0.05229177946867036,0
438,CN7_L_000438,1,0,full,-0.06680926579475654,0.05229177946867036,0
439,CN7_L_000439,1,0,full,-0.0493034230687015,0.05229177946867036,0
440,CN7_L_000440,0,0,full,-0.07636444938353293,0.05229177946867036,0
442,CN7_L_000442,2,0,full,-0.0966815886351089,0.05229177946867036,0
443,CN7_L_000443,1,0,full,-0.05845179614800866,0.05229177946867036,0
445,CN7_L_000445,0,0,full,-0.0999728161611948,0.05229177946867036,0
446,CN7_L_000446,0,0,full,-0.09049043648005917,0.05229177946867036,0
447,CN7_L_000447,0,0,full,-0.07192437309613808,0.05229177946867036,0
448,CN7_L_000448,2,0,full,-0.05510651390920929,0.05229177946867036,0
450,CN7_L_000450,2,0,full,-0.09010028548820426,0.05229177946867036,0
451,CN7_L_000451,1,0,full,-0.1154346702476774,0.05229177946867036,0
452,CN7_L_000452,3,0,full,-0.05953651855432529,0.05229177946867036,0
453,CN7_L_000453,0,0,full,-0.09715817731070242,0.05229177946867036,0
454,CN7_L_000454,3,0,full,-0.06333645842335134,0.05229177946867036,0
455,CN7_L_000455,1,0,full,-0.05985234026110087,0.05229177946867036,0
456,CN7_L_000456,2,0,full,-0.05059041944750797,0.05229177946867036,0
457,CN7_L_000457,2,0,full,-0.0811686673837908,0.05229177946867036,0
458,CN7_L_000458,1,0,full,-0.03351123436064629,0.05229177946867036,0
459,CN7_L_000459,3,0,full,-0.06490826387809356,0.05229177946867036,0
460,CN7_L_000460,1,0,full,-0.02978164559304597,0.05229177946867036,0
461,CN7_L_000461,0,0,full,-0.04187084176779887,0.05229177946867036,0
463,CN7_L_000463,1,0,full,-0.07000575194970793,0.05229177946867036,0
464,CN7_L_000464,1,0,full,-0.09040073307115115,0.05229177946867036,0
465,CN7_L_000465,3,0,full,-0.07598991972136293,0.05229177946867036,0
466,CN7_L_000466,0,0,full,-0.06731995784564582,0.05229177946867036,0
467,CN7_L_000467,2,0,full,-0.06707646404959267,0.05229177946867036,0
470,CN7_L_000470,3,0,full,-0.04747640072846071,0.05229177946867036,0
471,CN7_L_000471,0,0,full,-0.06470172472413882,0.05229177946867036,0
474,CN7_L_000474,2,0,full,-0.04934410271791512,0.05229177946867036,0
476,CN7_L_000476,0,0,full,-0.09400109022255343,0.05229177946867036,0
477,CN7_L_000477,1,0,full,-0.015974206173515526,0.05229177946867036,0
478,CN7_L_000478,0,0,full,-0.08153514480930912,0.05229177946867036,0
479,CN7_L_000479,3,0,full,-0.082049545795579,0.05229177946867036,0
481,CN7_L_000481,3,0,full,-0.039295885865875846,0.05229177946867036,0
482,CN7_L_000482,1,0,full,-0.08122442992815371,0.05229177946867036,0
483,CN7_L_000483,2,0,full,-0.09191082569385944,0.05229177946867036,0
484,CN7_L_000484,3,0,full,-0.03653062036230903,0.05229177946867036,0
486,CN7_L_000486,3,0,full,-0.047359406289795736,0.05229177946867036,0
487,CN7_L_000487,2,0,full,-0.09825439759165411,0.05229177946867036,0
491,CN7_L_000491,1,0,full,-0.12761931634874069,0.05229177946867036,0
492,CN7_L_000492,1,0,full,0.006497380441949918,0.05229177946867036,0
493,CN7_L_000493,1,0,full,-0.03008919882180816,0.05229177946867036,0
494,CN7_L_000494,2,0,full,-0.05991023318927624,0.05229177946867036,0
495,CN7_L_000495,3,0,full,-0.047931565419327526,0.05229177946867036,0
496,CN7_L_000496,2,0,full,-0.11418737191447903,0.05229177946867036,0
497,CN7_L_000497,3,0,full,-0.036024461102951655,0.05229177946867036,0
499,CN7_L_000499,3,0,full,-0.08560696305690474,0.05229177946867036,0
500,CN7_L_000500,2,0,full,-0.10032733009917116,0.05229177946867036,0
501,CN7_L_000501,2,0,full,-0.11671052864967102,0.05229177946867036,0
502,CN7_L_000502,2,0,full,-0.041826252745091885,0.05229177946867036,0
504,CN7_L_000504,1,0,full,-0.06735406619518036,0.05229177946867036,0
507,CN7_L_000507,1,0,full,-0.0524963579311013,0.05229177946867036,0
508,CN7_L_000508,0,0,full,-0.07773101470459043,0.05229177946867036,0
509,CN7_L_000509,1,0,full,-0.07437327469566091,0.05229177946867036,0
510,CN7_L_000510,1,0,full,-0.06492014877164554,0.05229177946867036,0
511,CN7_L_000511,2,0,full,-0.05701635191870347,0.05229177946867036,0
513,CN7_L_000513,2,0,full,-0.04933266364725197,0.05229177946867036,0
514,CN7_L_000514,0,0,full,-0.050886286407391346,0.05229177946867036,0
515,CN7_L_000515,0,0,full,-0.04637800815215254,0.05229177946867036,0
516,CN7_L_000516,3,0,full,-0.02135359604242737,0.05229177946867036,0
517,CN7_L_000517,0,0,full,-0.048824694792158674,0.05229177946867036,0
519,CN7_L_000519,3,0,full,-0.06808368778521245,0.05229177946867036,0
520,CN7_L_000520,3,0,full,-0.05957016342745636,0.05229177946867036,0
521,CN7_L_000521,0,0,full,-0.0479067870596408,0.05229177946867036,0
523,CN7_L_000523,0,0,full,-0.05227157991491005,0.05229177946867036,0
525,CN7_L_000525,1,0,full,-0.07551211465177898,0.05229177946867036,0
526,CN7_L_000526,0,0,full,-0.0683009941703121,0.05229177946867036,0
527,CN7_L_000527,2,0,full,-0.09066282623577404,0.05229177946867036,0
528,CN7_L_000528,3,0,full,-0.0011885087006362482,0.05229177946867036,0
529,CN7_L_000529,0,0,full,-0.06350347576628401,0.05229177946867036,0
530,CN7_L_000530,2,0,full,-0.06768596404198624,0.05229177946867036,0
532,CN7_L_000532,3,0,full,-0.08579373581332028,0.05229177946867036,0
533,CN7_L_000533,0,0,full,-0.04264829099829637,0.05229177946867036,0
534,CN7_L_000534,2,0,full,-0.10160386586726622,0.05229177946867036,0
535,CN7_L_000535,2,0,full,-0.05824242292657411,0.05229177946867036,0
536,CN7_L_000536,2,0,full,-0.09914093068173768,0.05229177946867036,0
537,CN7_L_000537,0,0,full,-0.05769433643609734,0.05229177946867036,0
538,CN7_L_000538,2,0,full,-0.08431744891401793,0.05229177946867036,0
539,CN7_L_000539,0,0,full,-0.0567857851585023,0.05229177946867036,0
541,CN7_L_000541,3,0,full,-0.02557180246979618,0.05229177946867036,0
542,CN7_L_000542,2,0,full,-0.10264855187049848,0.05229177946867036,0
543,CN7_L_000543,1,0,full,-0.0662181002577551,0.05229177946867036,0
544,CN7_L_000544,2,0,full,-0.05824998867376996,0.05229177946867036,0
545,CN7_L_000545,3,0,full,-0.04486353160764622,0.05229177946867036,0
546,CN7_L_000546,1,0,full,-0.09599758108003353,0.05229177946867036,0
547,CN7_L_000547,2,0,full,-0.1164251028094645,0.05229177946867036,0
548,CN7_L_000548,3,0,full,0.008424909953443471,0.05229177946867036,0
549,CN7_L_000549,2,0,full,-0.10836270406517201,0.05229177946867036,0
550,CN7_L_000550,2,0,full,-0.07647317172008039,0.05229177946867036,0
551,CN7_L_000551,0,0,full,-0.08425190026105867,0.05229177946867036,0
553,CN7_L_000553,3,0,full,-0.05904437901565984,0.05229177946867036,0
555,CN7_L_000555,0,0,full,-0.07448108078811266,0.05229177946867036,0
556,CN7_L_000556,1,0,full,-0.11856937273044688,0.05229177946867036,0
557,CN7_L_000557,1,0,full,-0.09999316155116755,0.05229177946867036,0
558,CN7_L_000558,3,0,full,-0.05650836518660185,0.05229177946867036,0
559,CN7_L_000559,1,0,full,-0.11416864750818068,0.05229177946867036,0
560,CN7_L_000560,1,0,full,-0.06998661186522881,0.05229177946867036,0
561,CN7_L_000561,0,0,full,-0.07613224337106672,0.05229177946867036,0
562,CN7_L_000562,0,0,full,-0.06525109691054531,0.05229177946867036,0
563,CN7_L_000563,2,0,full,-0.05346064979411835,0.05229177946867036,0
564,CN7_L_000564,1,0,full,-0.0692994136538414,0.05229177946867036,0
566,CN7_L_000566,2,0,full,-0.06728937549274194,0.05229177946867036,0
567,CN7_L_000567,0,0,full,-0.03416231641135958,0.05229177946867036,0
568,CN7_L_000568,2,0,full,-0.1144510187607799,0.05229177946867036,0
569,CN7_L_000569,1,0,full,-0.08243716558171954,0.05229177946867036,0
570,CN7_L_000570,2,0,full,-0.0657305123580243,0.05229177946867036,0
571,CN7_L_000571,3,0,full,-0.0463613435985728,0.05229177946867036,0
572,CN7_L_000572,1,0,full,-0.09045277807799756,0.05229177946867036,0
573,CN7_L_000573,3,0,full,-0.05394449613464314,0.05229177946867036,0
575,CN7_L_000575,2,0,full,-0.02101066179066713,0.05229177946867036,0
576,CN7_L_000576,3,0,full,-0.05302928631407955,0.05229177946867036,0
578,CN7_L_000578,2,0,full,-0.06803587268879996,0.05229177946867036,0
579,CN7_L_000579,2,0,full,-0.09372463756774785,0.05229177946867036,0
580,CN7_L_000580,2,0,full,-0.11782448053967709,0.05229177946867036,0
581,CN7_L_000581,1,0,full,-0.06308087256010309,0.05229177946867036,0
582,CN7_L_000582,1,0,full,-0.08131185199390512,0.05229177946867036,0
583,CN7_L_000583,1,0,full,-0.08199070080380944,0.05229177946867036,0
584,CN7_L_000584,3,0,full,-0.05576161884987485,0.05229177946867036,0
585,CN7_L_000585,0,0,full,-0.07655115972984827,0.05229177946867036,0
586,CN7_L_000586,3,0,full,-0.03637600240697303,0.05229177946867036,0
587,CN7_L_000587,0,0,full,-0.04837165077821748,0.05229177946867036,0
590,CN7_L_000590,3,0,full,-0.03303180667487826,0.05229177946867036,0
592,CN7_L_000592,2,0,full,-0.03634134435917247,0.05229177946867036,0
593,CN7_L_000593,1,0,full,-0.028709185027828266,0.05229177946867036,0
594,CN7_L_000594,1,0,full,-0.05845564020699001,0.05229177946867036,0
595,CN7_L_000595,3,0,full,-0.04358260656980484,0.05229177946867036,0
596,CN7_L_000596,0,0,full,-0.05595646334393045,0.05229177946867036,0
597,CN7_L_000597,1,0,full,-0.056739637133450316,0.05229177946867036,0
598,CN7_L_000598,0,0,full,-0.04706519242265905,0.05229177946867036,0
599,CN7_L_000599,0,0,full,-0.07248166096989728,0.05229177946867036,0
601,CN7_L_000601,2,0,full,-0.08620415189448538,0.05229177946867036,0
602,CN7_L_000602,2,0,full,-0.09310344780497593,0.05229177946867036,0
604,CN7_L_000604,3,0,full,1.205456921376867,0.05229177946867036,1
605,CN7_L_000605,0,0,full,4.124725256665975,0.05229177946867036,1
0,CN7_L_000000,0,0,originals,-0.029090972696034445,0.023735534496390542,0
2,CN7_L_000002,0,0,originals,-0.02549068789251141,0.023735534496390542,0
3,CN7_L_000003,0,0,originals,-0.054489336936313304,0.023735534496390542,0
4,CN7_L_000004,3,0,originals,-0.04959742092483532,0.023735534496390542,0
5,CN7_L_000005,2,0,originals,-0.07062606120997517,0.023735534496390542,0
6,CN7_L_000006,2,0,originals,-0.07761974706041208,0.023735534496390542,0
7,CN7_L_000007,1,0,originals,-0.08048745051947126,0.023735534496390542,0
8,CN7_L_000008,0,0,originals,-0.023936361856305766,0.023735534496390542,0
9,CN7_L_000009,1,0,originals,-0.01727406686708166,0.023735534496390542,0
10,CN7_L_000010,0,0,originals,-0.04331031121140194,0.023735534496390542,0
11,CN7_L_000011,0,0,originals,-0.046728260514453446,0.023735534496390542,0
12,CN7_L_000012,1,0,originals,-0.01584025465833605,0.023735534496390542,0
15,CN7_L_000015,2,0,originals,-0.10300805858077977,0.023735534496390542,0
16,CN7_L_000016,1,0,originals,-0.08173641286478217,0.023735534496390542,0
17,CN7_L_000017,3,0,originals,-0.02928453131656239,0.023735534496390542,0
18,CN7_L_000018,2,0,originals,-0.03915350199008438,0.023735534496390542,0
19,CN7_L_000019,1,0,originals,-0.04538530112693184,0.023735534496390542,0
22,CN7_L_000022,0,0,originals,0.023735534496390542,0.023735534496390542,0
23,CN7_L_000023,3,0,originals,-0.041259800427554616,0.023735534496390542,0
24,CN7_L_000024,3,1,originals,-0.04271713824809131,0.023735534496390542,0
25,CN7_L_000025,0,0,originals,-0.03418798573154591,0.023735534496390542,0
26,CN7_L_000026,0,0,originals,-0.02383184794082238,0.023735534496390542,0
27,CN7_L_000027,3,0,originals,-0.0553475975223634,0.023735534496390542,0
29,CN7_L_000029,0,0,originals,-0.00703116696684436,0.023735534496390542,0
30,CN7_L_000030,1,0,originals,-0.059398285590878785,0.023735534496390542,0
31,CN7_L_000031,0,0,originals,-0.017081073836251903,0.023735534496390542,0
32,CN7_L_000032,2,0,originals,-0.03327966371131197,0.023735534496390542,0
34,CN7_L_000034,3,0,originals,-0.05874549147392916,0.023735534496390542,0
36,CN7_L_000036,0,0,originals,0.8642633572600462,0.023735534496390542,1
37,CN7_L_000037,0,0,originals,-0.01504938691768487,0.023735534496390542,0
38,CN7_L_000038,3,0,originals,-0.0683267601431341,0.023735534496390542,0
39,CN7_L_000039,0,0,originals,-0.03636153458677471,0.023735534496390542,0
40,CN7_L_000040,1,1,originals,-0.030660701018718317,0.023735534496390542,0
41,CN7_L_000041,1,0,originals,-0.04005791318398,0.023735534496390542,0
43,CN7_L_000043,0,0,originals,-0.0566095170997567,0.023735534496390542,0
44,CN7_L_000044,3,0,originals,-0.032600931670502487,0.023735534496390542,0
45,CN7_L_000045,0,0,originals,-0.025432282702210873,0.023735534496390542,0
46,CN7_L_000046,0,0,originals,-0.04190199079522161,0.023735534496390542,0
47,CN7_L_000047,2,0,originals,-0.08505878290591973,0.023735534496390542,0
48,CN7_L_000048,0,1,originals,0.03383154742552952,0.023735534496390542,1
49,CN7_L_000049,3,0,originals,-0.06331225656033945,0.023735534496390542,0
52,CN7_L_000052,2,1,originals,-0.07070709619845816,0.023735534496390542,0
53,CN7_L_000053,1,1,originals,-0.04845665681237543,0.023735534496390542,0
54,CN7_L_000054,3,1,originals,-0.036465864946055415,0.023735534496390542,0
55,CN7_L_000055,0,1,originals,-0.03668036185098833,0.023735534496390542,0
56,CN7_L_000056,2,1,originals,-0.05467136298864439,0.023735534496390542,0
58,CN7_L_000058,1,1,originals,0.23794101226042885,0.023735534496390542,1
59,CN7_L_000059,3,1,originals,0.5193744903194255,0.023735534496390542,1
60,CN7_L_000060,2,1,originals,0.317314101229039,0.023735534496390542,1
62,CN7_L_000062,1,0,originals,-0.0889474860288515,0.023735534496390542,0
63,CN7_L_000063,3,0,originals,-0.0805273118758274,0.023735534496390542,0
64,CN7_L_000064,3,0,originals,-0.07863313257439009,0.023735534496390542,0
65,CN7_L_000065,2,0,originals,-0.07338508429257606,0.023735534496390542,0
67,CN7_L_000067,3,0,originals,-0.028643070958416672,0.023735534496390542,0
68,CN7_L_000068,3,0,originals,-0.040113270733956874,0.023735534496390542,0
69,CN7_L_000069,2,0,originals,-0.05082253456775421,0.023735534496390542,0
70,CN7_L_000070,1,0,originals,-0.060150215894076986,0.023735534496390542,0
71,CN7_L_000071,2,0,originals,-0.08182832606108326,0.023735534496390542,0
73,CN7_L_000073,0,0,originals,-0.06860975352915988,0.023735534496390542,0
74,CN7_L_000074,0,0,originals,-0.021368983080904513,0.023735534496390542,0
77,CN7_L_000077,2,0,originals,-0.0253092222315896,0.023735534496390542,0
79,CN7_L_000079,3,0,originals,-0.011331739145709285,0.023735534496390542,0
80,CN7_L_000080,2,0,originals,-0.04407496731805649,0.023735534496390542,0
81,CN7_L_000081,2,0,originals,-0.08710040755613813,0.023735534496390542,0
82,CN7_L_000082,3,0,originals,-0.02267264509424427,0.023735534496390542,0
83,CN7_L_000083,2,0,originals,-0.07257928513693246,0.023735534496390542,0
84,CN7_L_000084,3,0,originals,-0.05829980877644614,0.023735534496390542,0
86,CN7_L_000086,0,0,originals,-0.01600447839595187,0.023735534496390542,0
87,CN7_L_000087,3,0,originals,-0.07101801487846426,0.023735534496390542,0
88,CN7_L_000088,0,0,originals,-0.05111137765859697,0.023735534496390542,0
89,CN7_L_000089,3,0,originals,-0.025941174497914332,0.023735534496390542,0
90,CN7_L_000090,1,0,originals,-0.05221648354311803,0.023735534496390542,0
91,CN7_L_000091,2,0,originals,-0.11206075447723807,0.023735534496390542,0
92,CN7_L_000092,3,0,originals,-0.05058086371139847,0.023735534496390542,0
93,CN7_L_000093,1,0,originals,-0.042709873101303586,0.023735534496390542,0
95,CN7_L_000095,0,0,originals,0.018354051932808257,0.023735534496390542,0
96,CN7_L_000096,3,0,originals,-0.040564613849570996,0.023735534496390542,0
97,CN7_L_000097,3,0,originals,-0.037951523866468495,0.023735534496390542,0
98,CN7_L_000098,3,0,originals,-0.007068639207544525,0.023735534496390542,0
99,CN7_L_000099,2,0,originals,-0.08209093432366288,0.023735534496390542,0
100,CN7_L_000100,3,0,originals,-0.03986500440645058,0.023735534496390542,0
102,CN7_L_000102,3,0,originals,-0.06362518907542292,0.023735534496390542,0
103,CN7_L_000103,0,0,originals,0.013663296484963894,0.023735534496390542,0
104,CN7_L_000104,2,0,originals,-0.061152708191855254,0.023735534496390542,0
106,CN7_L_000106,3,0,originals,-0.025621099888092136,0.023735534496390542,0
107,CN7_L_000107,0,0,originals,-0.01965882640287031,0.023735534496390542,0
108,CN7_L_000108,2,0,originals,-0.0819416220091922,0.023735534496390542,0
109,CN7_L_000109,2,0,originals,-0.060340968770814296,0.023735534496390542,0
110,CN7_L_000110,0,0,originals,0.004961521330725027,0.023735534496390542,0
111,CN7_L_000111,1,0,originals,-0.10766109147378611,0.023735534496390542,0
115,CN7_L_000115,0,0,originals,-0.04764879450151627,0.023735534496390542,0
117,CN7_L_000117,3,0,originals,0.016875803195606665,0.023735534496390542,0
118,CN7_L_000118,3,0,originals,-0.0406335578347079,0.023735534496390542,0
121,CN7_L_000121,3,0,originals,-0.053661361473282376,0.023735534496390542,0
122,CN7_L_000122,3,0,originals,-0.0500566906852562,0.023735534496390542,0
123,CN7_L_000123,0,0,originals,-0.03411372734193918,0.023735534496390542,0
124,CN7_L_000124,2,0,originals,-0.08453673608021539,0.023735534496390542,0
125,CN7_L_000125,3,0,originals,-0.04638138004913239,0.023735534496390542,0
126,CN7_L_000126,2,0,originals,-0.03518340765385064,0.023735534496390542,0
127,CN7_L_000127,0,0,originals,-0.02190966684235285,0.023735534496390542,0
128,CN7_L_000128,1,0,originals,-0.06662760871060192,0.023735534496390542,0
129,CN7_L_000129,2,0,originals,-0.07530958275407373,0.023735534496390542,0
130,CN7_L_000130,1,0,originals,-0.057041182703719606,0.023735534496390542,0
131,CN7_L_000131,3,0,originals,-0.07561079221789058,0.023735534496390542,0
132,CN7_L_000132,1,0,originals,-0.08314528994148374,0.023735534496390542,0
133,CN7_L_000133,1,0,originals,-0.041949578833038625,0.023735534496390542,0
134,CN7_L_000134,2,0,originals,-0.043562007744854636,0.023735534496390542,0
136,CN7_L_000136,0,0,originals,-0.023618542086969452,0.023735534496390542,0
137,CN7_L_000137,3,0,originals,-0.05395878685563371,0.023735534496390542,0
138,CN7_L_000138,0,0,originals,-0.03107013319309937,0.023735534496390542,0
139,CN7_L_000139,2,0,originals,-0.07485168741303028,0.023735534496390542,0
140,CN7_L_000140,1,0,originals,-0.07835706378383733,0.023735534496390542,0
141,CN7_L_000141,3,0,originals,-0.05319705085138571,0.023735534496390542,0
143,CN7_L_000143,1,0,originals,-0.06140230011541803,0.023735534496390542,0
145,CN7_L_000145,0,0,originals,-0.058899412107464855,0.023735534496390542,0
146,CN7_L_000146,3,0,originals,-0.04308953667166149,0.023735534496390542,0
147,CN7_L_000147,1,0,originals,-0.012510265480172755,0.023735534496390542,0
150,CN7_L_000150,3,0,originals,-0.044633002392906906,0.023735534496390542,0
151,CN7_L_000151,0,0,originals,-0.04598646659773342,0.023735534496390542,0
153,CN7_L_000153,0,0,originals,-0.041427810152345756,0.023735534496390542,0
154,CN7_L_000154,0,0,originals,0.01802303905550673,0.023735534496390542,0
155,CN7_L_000155,1,0,originals,-0.010750490382033462,0.023735534496390542,0
156,CN7_L_000156,0,0,originals,0.02051889980320265,0.023735534496390542,0
157,CN7_L_000157,0,0,originals,-0.053776909349351865,0.023735534496390542,0
158,CN7_L_000158,0,0,originals,-0.02776540082822221,0.023735534496390542,0
159,CN7_L_000159,2,0,originals,-0.05740952302005464,0.023735534496390542,0
160,CN7_L_000160,1,0,originals,-0.07338274865323235,0.023735534496390542,0
161,CN7_L_000161,1,0,originals,-0.11648339116713968,0.023735534496390542,0
162,CN7_L_000162,2,0,originals,-0.10283486127856412,0.023735534496390542,0
163,CN7_L_000163,2,0,originals,-0.03946511188979107,0.023735534496390542,0
164,CN7_L_000164,0,0,originals,0.5616301353702409,0.023735534496390542,1
165,CN7_L_000165,2,0,originals,-0.07946776304745384,0.023735534496390542,0
166,CN7_L_000166,1,0,originals,-0.06353669750751312,0.023735534496390542,0
167,CN7_L_000167,2,0,originals,-0.028080259384440698,0.023735534496390542,0
168,CN7_L_000168,3,0,originals,-0.02197673730973726,0.023735534496390542,0
169,CN7_L_000169,2,0,originals,-0.07500188710081002,0.023735534496390542,0
171,CN7_L_000171,3,0,originals,-0.06568577797174369,0.023735534496390542,0
172,CN7_L_000172,0,0,originals,-0.04807845279579981,0.023735534496390542,0
173,CN7_L_000173,3,0,originals,-0.046055664497103965,0.023735534496390542,0
177,CN7_L_000177,1,0,originals,-0.05860508453072377,0.023735534496390542,0
178,CN7_L_000178,0,0,originals,-0.06734061017335202,0.023735534496390542,0
179,CN7_L_000179,0,0,originals,-0.07235789662051273,0.023735534496390542,0
181,CN7_L_000181,0,0,originals,-0.042658974030511665,0.023735534496390542,0
182,CN7_L_000182,0,0,originals,-0.05139394790694807,0.023735534496390542,0
183,CN7_L_000183,3,0,originals,-0.06203011192582242,0.023735534496390542,0
184,CN7_L_000184,2,0,originals,-0.0775271460188045,0.023735534496390542,0
186,CN7_L_000186,0,0,originals,-0.06861681970207334,0.023735534496390542,0
187,CN7_L_000187,1,0,originals,-0.09361642291938921,0.023735534496390542,0
188,CN7_L_000188,0,0,originals,-0.05319460770511153,0.023735534496390542,0
189,CN7_L_000189,0,0,originals,-0.02827675345174896,0.023735534496390542,0
190,CN7_L_000190,2,0,originals,-0.07429905464461317,0.023735534496390542,0
191,CN7_L_000191,2,0,originals,-0.059555040586073194,0.023735534496390542,0
192,CN7_L_000192,0,0,originals,-0.016162653950108297,0.023735534496390542,0
193,CN7_L_000193,2,0,originals,-0.017886474051532986,0.023735534496390542,0
194,CN7_L_000194,1,0,originals,0.005890004378985569,0.023735534496390542,0
195,CN7_L_000195,0,0,originals,-0.014621905712058236,0.023735534496390542,0
196,CN7_L_000196,0,0,originals,-0.02375845063160531,0.023735534496390542,0
197,CN7_L_000197,3,0,originals,-0.04406239608165352,0.023735534496390542,0
198,CN7_L_000198,0,0,originals,-0.03558320714112062,0.023735534496390542,0
199,CN7_L_000199,2,0,originals,-0.007507799454439468,0.023735534496390542,0
200,CN7_L_000200,3,0,originals,-0.036685871595592445,0.023735534496390542,0
202,CN7_L_000202,0,0,originals,-0.03848313838903161,0.023735534496390542,0
204,CN7_L_000204,0,0,originals,-0.059826525931205854,0.023735534496390542,0
206,CN7_L_000206,1,0,originals,-0.027646206059199763,0.023735534496390542,0
207,CN7_L_000207,1,0,originals,-0.004163457514589464,0.023735534496390542,0
208,CN7_L_000208,2,0,originals,0.00017383645873181308,0.023735534496390542,0
209,CN7_L_000209,3,0,originals,-0.01706191617518682,0.023735534496390542,0
210,CN7_L_000210,3,0,originals,-0.046814442933546196,0.023735534496390542,0
211,CN7_L_000211,3,0,originals,-0.0013191471644851127,0.023735534496390542,0
212,CN7_L_000212,3,0,originals,-0.049754217719148564,0.023735534496390542,0
213,CN7_L_000213,3,0,originals,-0.035059998245332125,0.023735534496390542,0
216,CN7_L_000216,3,0,originals,-0.03576409892145005,0.023735534496390542,0
217,CN7_L_000217,1,0,originals,-0.04879898760519508,0.023735534496390542,0
218,CN7_L_000218,2,0,originals,-0.055548502056042004,0.023735534496390542,0
220,CN7_L_000220,2,0,originals,-0.03604357090744381,0.023735534496390542,0
221,CN7_L_000221,2,0,originals,-0.03376434926298666,0.023735534496390542,0
222,CN7_L_000222,3,0,originals,-0.07025750308419143,0.023735534496390542,0
223,CN7_L_000223,1,0,originals,0.0196276801921047,0.023735534496390542,0
224,CN7_L_000224,3,0,originals,-0.02930018300609527,0.023735534496390542,0
225,CN7_L_000225,0,0,originals,-0.034043030795487095,0.023735534496390542,0
226,CN7_L_000226,3,0,originals,-0.045275732860980966,0.023735534496390542,0
231,CN7_L_000231,1,0,originals,-0.02380711341577557,0.023735534496390542,0
232,CN7_L_000232,1,0,originals,-0.032294289305142776,0.023735534496390542,0
233,CN7_L_000233,1,0,originals,-0.015018963017972453,0.023735534496390542,0
234,CN7_L_000234,3,0,originals,-0.021624805130155522,0.023735534496390542,0
235,CN7_L_000235,3,0,originals,-0.034428228688584195,0.023735534496390542,0
236,CN7_L_000236,0,0,originals,-0.051875102556887764,0.023735534496390542,0
237,CN7_L_000237,3,0,originals,-0.057726691654647944,0.023735534496390542,0
238,CN7_L_000238,1,0,originals,-0.0725927590175699,0.023735534496390542,0
239,CN7_L_000239,1,0,originals,-0.023697975283788253,0.023735534496390542,0
241,CN7_L_000241,1,0,originals,-0.035135026913591716,0.023735534496390542,0
242,CN7_L_000242,0,0,originals,0.0021467067080371827,0.023735534496390542,0
243,CN7_L_000243,2,0,originals,-0.054735465429060604,0.023735534496390542,0
245,CN7_L_000245,1,0,originals,-0.05358011043264854,0.023735534496390542,0
246,CN7_L_000246,1,0,originals,-0.07963782286691323,0.023735534496390542,0
247,CN7_L_000247,1,0,originals,-0.05042705064597275,0.023735534496390542,0
248,CN7_L_000248,2,0,originals,-0.07703016392650497,0.023735534496390542,0
249,CN7_L_000249,3,0,originals,-0.0405497999549409,0.023735534496390542,0
250,CN7_L_000250,1,0,originals,-0.07662211995691504,0.023735534496390542,0
251,CN7_L_000251,2,0,originals,-0.054572839918817895,0.023735534496390542,0
252,CN7_L_000252,1,0,originals,-0.04932167962969114,0.023735534496390542,0
253,CN7_L_000253,3,0,originals,-0.0529783015622165,0.023735534496390542,0
254,CN7_L_000254,3,0,originals,-0.0382709434549664,0.023735534496390542,0
256,CN7_L_000256,3,0,originals,-0.05111443451120046,0.023735534496390542,0
258,CN7_L_000258,2,0,originals,-0.09043695702792265,0.023735534496390542,0
259,CN7_L_000259,0,0,originals,-0.061728923496930044,0.023735534496390542,0
260,CN7_L_000260,1,0,originals,-0.10545982355724126,0.023735534496390542,0
261,CN7_L_000261,3,0,originals,-0.0500226914176789,0.023735534496390542,0
262,CN7_L_000262,3,0,originals,-0.06517407047038759,0.023735534496390542,0
263,CN7_L_000263,2,0,originals,-0.0441564548678679,0.023735534496390542,0
264,CN7_L_000264,3,0,originals,-0.04904888766459381,0.023735534496390542,0
267,CN7_L_000267,0,0,originals,-0.0522126047680036,0.023735534496390542,0
268,CN7_L_000268,0,0,originals,-0.06244644609955019,0.023735534496390542,0
269,CN7_L_000269,1,0,originals,-0.05985544909982243,0.023735534496390542,0
270,CN7_L_000270,2,0,originals,-0.08739629865893717,0.023735534496390542,0
271,CN7_L_000271,0,0,originals,-0.06795419767890509,0.023735534496390542,0
272,CN7_L_000272,2,0,originals,-0.0658342968368486,0.023735534496390542,0
273,CN7_L_000273,3,0,originals,-0.04388526426409056,0.023735534496390542,0
275,CN7_L_000275,1,0,originals,-0.08537578924893152,0.023735534496390542,0
276,CN7_L_000276,1,0,originals,-0.08629230656974096,0.023735534496390542,0
277,CN7_L_000277,1,0,originals,-0.05292257014029911,0.023735534496390542,0
278,CN7_L_000278,1,0,originals,-0.07051520140105438,0.023735534496390542,0
279,CN7_L_000279,0,0,originals,-0.05224361627143548,0.023735534496390542,0
280,CN7_L_000280,3,0,originals,-0.071771168112579,0.023735534496390542,0
282,CN7_L_000282,0,0,originals,-0.045367352043773845,0.023735534496390542,0
285,CN7_L_000285,0,0,originals,-0.05904909729527974,0.023735534496390542,0
286,CN7_L_000286,0,0,originals,-0.07447086547283233,0.023735534496390542,0
288,CN7_L_000288,2,0,originals,-0.08023465190137413,0.023735534496390542,0
289,CN7_L_000289,1,0,originals,-0.0973322392556879,0.023735534496390542,0
291,CN7_L_000291,3,0,originals,-0.05388336865309862,0.023735534496390542,0
292,CN7_L_000292,3,0,originals,-0.04616844075853388,0.023735534496390542,0
293,CN7_L_000293,1,0,originals,-0.08332396558463628,0.023735534496390542,0
294,CN7_L_000294,2,0,originals,-0.12913411590656843,0.023735534496390542,0
295,CN7_L_000295,1,0,originals,-0.0888131154978482,0.023735534496390542,0
296,CN7_L_000296,3,0,originals,-0.0628157324147054,0.023735534496390542,0
297,CN7_L_000297,1,0,originals,-0.08832826514144498,0.023735534496390542,0
298,CN7_L_000298,0,0,originals,-0.07220914568690073,0.023735534496390542,0
299,CN7_L_000299,1,0,originals,-0.06308321061497546,0.023735534496390542,0
300,CN7_L_000300,1,0,originals,-0.06887370213408595,0.023735534496390542,0
301,CN7_L_000301,1,0,originals,-0.055311668701566674,0.023735534496390542,0
303,CN7_L_000303,1,0,originals,-0.07937728793296284,0.023735534496390542,0
304,CN7_L_000304,0,0,originals,-0.06592849644936871,0.023735534496390542,0
305,CN7_L_000305,0,0,originals,-0.07044654139983653,0.023735534496390542,0
307,CN7_L_000307,3,0,originals,-0.06450001799751748,0.023735534496390542,0
308,CN7_L_000308,0,0,originals,-0.07917712605285798,0.023735534496390542,0
310,CN7_L_000310,3,0,originals,-0.0667028990576819,0.023735534496390542,0
311,CN7_L_000311,1,0,originals,-0.06991118036590027,0.023735534496390542,0
312,CN7_L_000312,2,0,originals,-0.09565105917360128,0.023735534496390542,0
313,CN7_L_000313,0,0,originals,-0.055272433329990545,0.023735534496390542,0
314,CN7_L_000314,1,0,originals,-0.09884810482812201,0.023735534496390542,0
315,CN7_L_000315,2,0,originals,-0.09297653030475406,0.023735534496390542,0
316,CN7_L_000316,3,0,originals,-0.06902519296500342,0.023735534496390542,0
317,CN7_L_000317,3,0,originals,-0.03664932653352615,0.023735534496390542,0
318,CN7_L_000318,2,0,originals,-0.05799843375390168,0.023735534496390542,0
319,CN7_L_000319,0,0,originals,-0.08061837941439753,0.023735534496390542,0
320,CN7_L_000320,2,0,originals,-0.07732452009843671,0.023735534496390542,0
321,CN7_L_000321,0,0,originals,-0.06189434117370318,0.023735534496390542,0
323,CN7_L_000323,0,0,originals,-0.07807463673322212,0.023735534496390542,0
324,CN7_L_000324,0,0,originals,-0.04852772163393615,0.023735534496390542,0
325,CN7_L_000325,1,0,originals,-0.06581103542059674,0.023735534496390542,0
326,CN7_L_000326,1,0,originals,-0.07168364928167303,0.023735534496390542,0
328,CN7_L_000328,1,0,originals,-0.07575137601969884,0.023735534496390542,0
330,CN7_L_000330,1,0,originals,-0.08865659046719099,0.023735534496390542,0
331,CN7_L_000331,1,0,originals,-0.07842969514410747,0.023735534496390542,0
332,CN7_L_000332,0,0,originals,-0.06088886905257551,0.023735534496390542,0
333,CN7_L_000333,2,0,originals,-0.08698130514644298,0.023735534496390542,0
334,CN7_L_000334,3,0,originals,-0.0969394260969545,0.023735534496390542,0
335,CN7_L_000335,3,0,originals,-0.03525870083713434,0.023735534496390542,0
336,CN7_L_000336,2,0,originals,-0.05290271165835447,0.023735534496390542,0
337,CN7_L_000337,2,0,originals,-0.08076745345109249,0.023735534496390542,0
338,CN7_L_000338,2,0,originals,-0.07181876900681461,0.023735534496390542,0
339,CN7_L_000339,3,0,originals,-0.08204988046459638,0.023735534496390542,0
340,CN7_L_000340,2,0,originals,-0.07863990331095083,0.023735534496390542,0
342,CN7_L_000342,1,0,originals,-0.0527510946056422,0.023735534496390542,0
343,CN7_L_000343,2,0,originals,-0.09265127433332898,0.023735534496390542,0
345,CN7_L_000345,1,0,originals,-0.07974733773370435,0.023735534496390542,0
346,CN7_L_000346,3,0,originals,-0.06390476148321955,0.023735534496390542,0
347,CN7_L_000347,1,0,originals,-0.07115720391051816,0.023735534496390542,0
348,CN7_L_000348,1,0,originals,-0.050496593855894556,0.023735534496390542,0
349,CN7_L_000349,3,0,originals,-0.07121296427523216,0.023735534496390542,0
350,CN7_L_000350,2,0,originals,-0.08581210766819858,0.023735534496390542,0
352,CN7_L_000352,2,0,originals,-0.11068199139670432,0.023735534496390542,0
354,CN7_L_000354,3,0,originals,-0.08194405350020517,0.023735534496390542,0
355,CN7_L_000355,2,0,originals,-0.10776391788005268,0.023735534496390542,0
356,CN7_L_000356,2,0,originals,-0.05681054559403842,0.023735534496390542,0
358,CN7_L_000358,2,0,originals,-0.06394083999235756,0.023735534496390542,0
360,CN7_L_000360,2,0,originals,-0.05947854190272173,0.023735534496390542,0
361,CN7_L_000361,2,0,originals,-0.07802137362026063,0.023735534496390542,0
362,CN7_L_000362,0,0,originals,-0.037691499383657234,0.023735534496390542,0
363,CN7_L_000363,1,0,originals,-0.10388048038472908,0.023735534496390542,0
364,CN7_L_000364,2,0,originals,-0.07627701010666854,0.023735534496390542,0
365,CN7_L_000365,2,0,originals,-0.1316716411268124,0.023735534496390542,0
366,CN7_L_000366,2,0,originals,-0.11542129904069887,0.023735534496390542,0
367,CN7_L_000367,3,0,originals,-0.04725469358689427,0.023735534496390542,0
368,CN7_L_000368,2,0,originals,-0.045396900050695965,0.023735534496390542,0
369,CN7_L_000369,1,0,originals,-0.07992453680562628,0.023735534496390542,0
370,CN7_L_000370,2,0,originals,-0.07545480129437365,0.023735534496390542,0
371,CN7_L_000371,1,0,originals,-0.05842502025924823,0.023735534496390542,0
372,CN7_L_000372,1,0,originals,-0.09128446753461494,0.023735534496390542,0
374,CN7_L_000374,1,0,originals,-0.09866832734549913,0.023735534496390542,0
375,CN7_L_000375,2,0,originals,-0.1520726109957753,0.023735534496390542,0
376,CN7_L_000376,1,0,originals,-0.10422750523948032,0.023735534496390542,0
377,CN7_L_000377,0,0,originals,-0.05547391085549913,0.023735534496390542,0
378,CN7_L_000378,1,0,originals,-0.06699751255353714,0.023735534496390542,0
379,CN7_L_000379,3,0,originals,-0.0524012880756386,0.023735534496390542,0
381,CN7_L_000381,1,0,originals,-0.03894027661872368,0.023735534496390542,0
382,CN7_L_000382,3,0,originals,-0.0720490890576162,0.023735534496390542,0
383,CN7_L_000383,3,0,originals,-0.06962299944125183,0.023735534496390542,0
384,CN7_L_000384,1,0,originals,-0.12819067481017488,0.023735534496390542,0
385,CN7_L_000385,2,0,originals,-0.11639010198489741,0.023735534496390542,0
387,CN7_L_000387,3,0,originals,-0.032276687277821736,0.023735534496390542,0
388,CN7_L_000388,0,0,originals,-0.061445107750359274,0.023735534496390542,0
389,CN7_L_000389,2,0,originals,-0.04845724377524796,0.023735534496390542,0
390,CN7_L_000390,3,0,originals,-0.030862924266212843,0.023735534496390542,0
391,CN7_L_000391,1,0,originals,-0.0785053139979004,0.023735534496390542,0
394,CN7_L_000394,3,0,originals,-0.06341409739861437,0.023735534496390542,0
395,CN7_L_000395,0,0,originals,-0.07307506876716241,0.023735534496390542,0
396,CN7_L_000396,3,0,originals,-0.0571651296867377,0.023735534496390542,0
397,CN7_L_000397,0,0,originals,-0.08037841205373919,0.023735534496390542,0
398,CN7_L_000398,2,0,originals,-0.07186002790785695,0.023735534496390542,0
400,CN7_L_000400,0,0,originals,-0.08005617100043505,0.023735534496390542,0
402,CN7_L_000402,2,0,originals,-0.09221102030658512,0.023735534496390542,0
404,CN7_L_000404,1,0,originals,-0.07967241564197813,0.023735534496390542,0
406,CN7_L_000406,1,0,originals,-0.08666699666621946,0.023735534496390542,0
407,CN7_L_000407,0,0,originals,-0.045528977438214824,0.023735534496390542,0
408,CN7_L_000408,0,0,originals,-0.01115625573988055,0.023735534496390542,0
409,CN7_L_000409,0,0,originals,-0.03123694164678792,0.023735534496390542,0
410,CN7_L_000410,1,0,originals,-0.08656176377402813,0.023735534496390542,0
411,CN7_L_000411,1,0,originals,-0.1150564103189291,0.023735534496390542,0
412,CN7_L_000412,3,0,originals,-0.0439627463664678,0.023735534496390542,0
413,CN7_L_000413,2,0,originals,-0.0958336171695886,0.023735534496390542,0
414,CN7_L_000414,1,0,originals,-0.060568278204086834,0.023735534496390542,0
416,CN7_L_000416,0,0,originals,-0.09105429442014623,0.023735534496390542,0
417,CN7_L_000417,0,0,originals,-0.0660968065289782,0.023735534496390542,0
418,CN7_L_000418,2,0,originals,-0.06651635025386105,0.023735534496390542,0
419,CN7_L_000419,2,0,originals,-0.09203134137527424,0.023735534496390542,0
421,CN7_L_000421,3,0,originals,-0.06588541465408904,0.023735534496390542,0
422,CN7_L_000422,1,0,originals,-0.13421516664715538,0.023735534496390542,0
423,CN7_L_000423,0,0,originals,-0.06732853759874002,0.023735534496390542,0
424,CN7_L_000424,3,0,originals,-0.03757712910005573,0.023735534496390542,0
425,CN7_L_000425,1,0,originals,-0.06189474838368847,0.023735534496390542,0
426,CN7_L_000426,2,0,originals,-0.10501531629540262,0.023735534496390542,0
428,CN7_L_000428,2,0,originals,-0.09337281749511961,0.023735534496390542,0
429,CN7_L_000429,3,0,originals,-0.036301298781483915,0.023735534496390542,0
430,CN7_L_000430,0,0,originals,-0.08249882383436136,0.023735534496390542,0
433,CN7_L_000433,2,0,originals,-0.08320938596996275,0.023735534496390542,0
434,CN7_L_000434,3,0,originals,-0.052142324022021125,0.023735534496390542,0
435,CN7_L_000435,0,0,originals,-0.08207364795510053,0.023735534496390542,0
436,CN7_L_000436,1,0,originals,-0.09352223017687766,0.023735534496390542,0
437,CN7_L_000437,3,0,originals,-0.07140510244033926,0.023735534496390542,0
438,CN7_L_000438,1,0,originals,-0.07136324727200494,0.023735534496390542,0
439,CN7_L_000439,1,0,originals,-0.050439546360964815,0.023735534496390542,0
440,CN7_L_000440,0,0,originals,-0.07670068987495293,0.023735534496390542,0
442,CN7_L_000442,2,0,originals,-0.09439980894351319,0.023735534496390542,0
443,CN7_L_000443,1,0,originals,-0.0657303635169284,0.023735534496390542,0
445,CN7_L_000445,0,0,originals,-0.07563341916791844,0.023735534496390542,0
446,CN7_L_000446,0,0,originals,-0.07226250965634629,0.023735534496390542,0
447,CN7_L_000447,0,0,originals,-0.05590033307501541,0.023735534496390542,0
448,CN7_L_000448,2,0,originals,-0.08926848819192745,0.023735534496390542,0
450,CN7_L_000450,2,0,originals,-0.09108849418094644,0.023735534496390542,0
451,CN7_L_000451,1,0,originals,-0.11862975204038717,0.023735534496390542,0
452,CN7_L_000452,3,0,originals,-0.0699289323818082,0.023735534496390542,0
453,CN7_L_000453,0,0,originals,-0.06589629483744108,0.023735534496390542,0
454,CN7_L_000454,3,0,originals,-0.040329927193737625,0.023735534496390542,0
455,CN7_L_000455,1,0,originals,-0.06267042642663201,0.023735534496390542,0
456,CN7_L_000456,2,0,originals,-0.0352723677314879,0.023735534496390542,0
457,CN7_L_000457,2,0,originals,-0.04991175041845608,0.023735534496390542,0
458,CN7_L_000458,1,0,originals,-0.058255311624496375,0.023735534496390542,0
459,CN7_L_000459,3,0,originals,-0.05031275100735089,0.023735534496390542,0
460,CN7_L_000460,1,0,originals,-0.07943020860186412,0.023735534496390542,0
461,CN7_L_000461,0,0,originals,-0.027156777928312614,0.023735534496390542,0
463,CN7_L_000463,1,0,originals,-0.10174583427333239,0.023735534496390542,0
464,CN7_L_000464,1,0,originals,-0.08991684922730458,0.023735534496390542,0
465,CN7_L_000465,3,0,originals,-0.051409732333944635,0.023735534496390542,0
466,CN7_L_000466,0,0,originals,-0.07569317406307174,0.023735534496390542,0
467,CN7_L_000467,2,0,originals,-0.04775119005339601,0.023735534496390542,0
470,CN7_L_000470,3,0,originals,-0.014725084859568582,0.023735534496390542,0
471,CN7_L_000471,0,0,originals,-0.049251520178682284,0.023735534496390542,0
474,CN7_L_000474,2,0,originals,-0.06569687896226029,0.023735534496390542,0
476,CN7_L_000476,0,0,originals,-0.07246567817449234,0.023735534496390542,0
477,CN7_L_000477,1,0,originals,-0.057230003400500884,0.023735534496390542,0
478,CN7_L_000478,0,0,originals,-0.06993321116544182,0.023735534496390542,0
479,CN7_L_000479,3,0,originals,-0.0724363356542792,0.023735534496390542,0
481,CN7_L_000481,3,0,originals,-0.073618167064192,0.023735534496390542,0
482,CN7_L_000482,1,0,originals,-0.08891216575461236,0.023735534496390542,0
483,CN7_L_000483,2,0,originals,-0.07733706902214221,0.023735534496390542,0
484,CN7_L_000484,3,0,originals,-0.020793708976500014,0.023735534496390542,0
486,CN7_L_000486,3,0,originals,-0.034845995217372305,0.023735534496390542,0
487,CN7_L_000487,2,0,originals,-0.0809353207792145,0.023735534496390542,0
491,CN7_L_000491,1,0,originals,-0.1269352235616461,0.023735534496390542,0
492,CN7_L_000492,1,0,originals,-0.03107442820329842,0.023735534496390542,0
493,CN7_L_000493,1,0,originals,-0.03226219563041832,0.023735534496390542,0
494,CN7_L_000494,2,0,originals,-0.07027376468960966,0.023735534496390542,0
495,CN7_L_000495,3,0,originals,-0.011773743590901997,0.023735534496390542,0
496,CN7_L_000496,2,0,originals,-0.11247918938592694,0.023735534496390542,0
497,CN7_L_000497,3,0,originals,-0.023835355422257898,0.023735534496390542,0
499,CN7_L_000499,3,0,originals,-0.06571720958637872,0.023735534496390542,0
500,CN7_L_000500,2,0,originals,-0.10373199813716072,0.023735534496390542,0
501,CN7_L_000501,2,0,originals,-0.10161300967773279,0.023735534496390542,0
502,CN7_L_000502,2,0,originals,-0.06269381807667118,0.023735534496390542,0
504,CN7_L_000504,1,0,originals,-0.08180142161347481,0.023735534496390542,0
507,CN7_L_000507,1,0,originals,-0.04167654056984693,0.023735534496390542,0
508,CN7_L_000508,0,0,originals,-0.0691331316156103,0.023735534496390542,0
509,CN7_L_000509,1,0,originals,-0.11897544877689592,0.023735534496390542,0
510,CN7_L_000510,1,0,originals,-0.060081777935369285,0.023735534496390542,0
511,CN7_L_000511,2,0,originals,-0.06400850357291743,0.023735534496390542,0
513,CN7_L_000513,2,0,originals,-0.05259919677098068,0.023735534496390542,0
514,CN7_L_000514,0,0,originals,-0.041006520713650296,0.023735534496390542,0
515,CN7_L_000515,0,0,originals,-0.04354630550467231,0.023735534496390542,0
516,CN7_L_000516,3,0,originals,-0.03072216187157073,0.023735534496390542,0
517,CN7_L_000517,0,0,originals,-0.05009370052026885,0.023735534496390542,0
519,CN7_L_000519,3,0,originals,-0.05410996592602846,0.023735534496390542,0
520,CN7_L_000520,3,0,originals,-0.0710240928419763,0.023735534496390542,0
521,CN7_L_000521,0,0,originals,-0.04559912288032031,0.023735534496390542,0
523,CN7_L_000523,0,0,originals,-0.04480107509759579,0.023735534496390542,0
525,CN7_L_000525,1,0,originals,-0.0640503761920499,0.023735534496390542,0
526,CN7_L_000526,0,0,originals,-0.05292378601847059,0.023735534496390542,0
527,CN7_L_000527,2,0,originals,-0.11156030106921566,0.023735534496390542,0
528,CN7_L_000528,3,0,originals,-0.029002700360091005,0.023735534496390542,0
529,CN7_L_000529,0,0,originals,-0.07435102041723551,0.023735534496390542,0
530,CN7_L_000530,2,0,originals,-0.08313657979194922,0.023735534496390542,0
532,CN7_L_000532,3,0,originals,-0.07987433447014203,0.023735534496390542,0
533,CN7_L_000533,0,0,originals,-0.04471583609740071,0.023735534496390542,0
534,CN7_L_000534,2,0,originals,-0.07770282110006121,0.023735534496390542,0
535,CN7_L_000535,2,0,originals,-0.06748839900372472,0.023735534496390542,0
536,CN7_L_000536,2,0,originals,-0.10035799938429113,0.023735534496390542,0
537,CN7_L_000537,0,0,originals,-0.08225274810109928,0.023735534496390542,0
538,CN7_L_000538,2,0,originals,-0.10750464032138263,0.023735534496390542,0
539,CN7_L_000539,0,0,originals,-0.06485385478166794,0.023735534496390542,0
541,CN7_L_000541,3,0,originals,-0.050143698280551874,0.023735534496390542,0
542,CN7_L_000542,2,0,originals,-0.07819541938397112,0.023735534496390542,0
543,CN7_L_000543,1,0,originals,-0.08958199772640718,0.023735534496390542,0
544,CN7_L_000544,2,0,originals,-0.05620234529765167,0.023735534496390542,0
545,CN7_L_000545,3,0,originals,-0.055432561385047485,0.023735534496390542,0
546,CN7_L_000546,1,0,originals,-0.10110712620784712,0.023735534496390542,0
547,CN7_L_000547,2,0,originals,-0.13003089915208932,0.023735534496390542,0
548,CN7_L_000548,3,0,originals,-0.022355917431946537,0.023735534496390542,0
549,CN7_L_000549,2,0,originals,-0.10680891116157154,0.023735534496390542,0
550,CN7_L_000550,2,0,originals,-0.07311435188023196,0.023735534496390542,0
551,CN7_L_000551,0,0,originals,-0.08804957715525186,0.023735534496390542,0
553,CN7_L_000553,3,0,originals,-0.05726220101236912,0.023735534496390542,0
555,CN7_L_000555,0,0,originals,-0.0601042288558955,0.023735534496390542,0
556,CN7_L_000556,1,0,originals,-0.10426207999977866,0.023735534496390542,0
557,CN7_L_000557,1,0,originals,-0.09051628871045558,0.023735534496390542,0
558,CN7_L_000558,3,0,originals,-0.03586853109346144,0.023735534496390542,0
559,CN7_L_000559,1,0,originals,-0.12647519424657006,0.023735534496390542,0
560,CN7_L_000560,1,0,originals,-0.07399520993334407,0.023735534496390542,0
561,CN7_L_000561,0,0,originals,-0.06425683963437567,0.023735534496390542,0
562,CN7_L_000562,0,0,originals,-0.07664549170785495,0.023735534496390542,0
563,CN7_L_000563,2,0,originals,-0.07981942556022892,0.023735534496390542,0
564,CN7_L_000564,1,0,originals,-0.056171415219625764,0.023735534496390542,0
566,CN7_L_000566,2,0,originals,-0.09840143935529921,0.023735534496390542,0
567,CN7_L_000567,0,0,originals,-0.03923725572183967,0.023735534496390542,0
568,CN7_L_000568,2,0,originals,-0.10035655900249907,0.023735534496390542,0
569,CN7_L_000569,1,0,originals,-0.09340420951239992,0.023735534496390542,0
570,CN7_L_000570,2,0,originals,-0.07971907191570349,0.023735534496390542,0
571,CN7_L_000571,3,0,originals,-0.05921355221777169,0.023735534496390542,0
572,CN7_L_000572,1,0,originals,-0.07736576326928812,0.023735534496390542,0
573,CN7_L_000573,3,0,originals,-0.042596539973021486,0.023735534496390542,0
575,CN7_L_000575,2,0,originals,-0.06164284995445257,0.023735534496390542,0
576,CN7_L_000576,3,0,originals,-0.04670702019982764,0.023735534496390542,0
578,CN7_L_000578,2,0,originals,-0.08117036284174795,0.023735534496390542,0
579,CN7_L_000579,2,0,originals,-0.09991776739332847,0.023735534496390542,0
580,CN7_L_000580,2,0,originals,-0.11398774475782547,0.023735534496390542,0
581,CN7_L_000581,1,0,originals,-0.042201021573944786,0.023735534496390542,0
582,CN7_L_000582,1,0,originals,-0.0655308210888359,0.023735534496390542,0
583,CN7_L_000583,1,0,originals,-0.06301791337661689,0.023735534496390542,0
584,CN7_L_000584,3,0,originals,-0.06187472518077586,0.023735534496390542,0
585,CN7_L_000585,0,0,originals,-0.07459102856707878,0.023735534496390542,0
586,CN7_L_000586,3,0,originals,-0.05379597237892586,0.023735534496390542,0
587,CN7_L_000587,0,0,originals,-0.06503080846892262,0.023735534496390542,0
590,CN7_L_000590,3,0,originals,-0.029869025415949046,0.023735534496390542,0
592,CN7_L_000592,2,0,originals,-0.04119731997551579,0.023735534496390542,0
593,CN7_L_000593,1,0,originals,-0.06735809269926518,0.023735534496390542,0
594,CN7_L_000594,1,0,originals,-0.04856557530175465,0.023735534496390542,0
595,CN7_L_000595,3,0,originals,-0.030774737409870134,0.023735534496390542,0
596,CN7_L_000596,0,0,originals,-0.059607915237203546,0.023735534496390542,0
597,CN7_L_000597,1,0,originals,-0.08719422334645932,0.023735534496390542,0
598,CN7_L_000598,0,0,originals,-0.06633881228359328,0.023735534496390542,0
599,CN7_L_000599,0,0,originals,-0.07136497825189503,0.023735534496390542,0
601,CN7_L_000601,2,0,originals,-0.06960748154985374,0.023735534496390542,0
602,CN7_L_000602,2,0,originals,-0.11903774663404842,0.023735534496390542,0
604,CN7_L_000604,3,0,originals,0.3655957610769236,0.023735534496390542,1
605,CN7_L_000605,0,0,originals,2.072132592919088,0.023735534496390542,1
0,CN7_L_000000,0,0,stable_derived,-0.02512863065735793,0.013052905478346588,0
2,CN7_L_000002,0,0,stable_derived,-0.03669626742679499,0.013052905478346588,0
3,CN7_L_000003,0,0,stable_derived,-0.04968924000898367,0.013052905478346588,0
4,CN7_L_000004,3,0,stable_derived,-0.049146497380212484,0.013052905478346588,0
5,CN7_L_000005,2,0,stable_derived,-0.058536985622492654,0.013052905478346588,0
6,CN7_L_000006,2,0,stable_derived,-0.0679047548324081,0.013052905478346588,0
7,CN7_L_000007,1,0,stable_derived,-0.07034557119290064,0.013052905478346588,0
8,CN7_L_000008,0,0,stable_derived,-0.027710359435650034,0.013052905478346588,0
9,CN7_L_000009,1,0,stable_derived,-0.014823035157303543,0.013052905478346588,0
10,CN7_L_000010,0,0,stable_derived,-0.032791205558418746,0.013052905478346588,0
11,CN7_L_000011,0,0,stable_derived,-0.049746599574645334,0.013052905478346588,0
12,CN7_L_000012,1,0,stable_derived,-0.022932053375423145,0.013052905478346588,0
15,CN7_L_000015,2,0,stable_derived,-0.0888106817922556,0.013052905478346588,0
16,CN7_L_000016,1,0,stable_derived,-0.059294817642005615,0.013052905478346588,0
17,CN7_L_000017,3,0,stable_derived,-0.03172320224033198,0.013052905478346588,0
18,CN7_L_000018,2,0,stable_derived,-0.036186605029912666,0.013052905478346588,0
19,CN7_L_000019,1,0,stable_derived,-0.04519805202153737,0.013052905478346588,0
22,CN7_L_000022,0,0,stable_derived,0.012333907651015164,0.013052905478346588,0
23,CN7_L_000023,3,0,stable_derived,-0.04148268341866279,0.013052905478346588,0
24,CN7_L_000024,3,1,stable_derived,-0.042033430549425876,0.013052905478346588,0
25,CN7_L_000025,0,0,stable_derived,-0.03902720631339873,0.013052905478346588,0
26,CN7_L_000026,0,0,stable_derived,-0.016883618469023087,0.013052905478346588,0
27,CN7_L_000027,3,0,stable_derived,-0.04553141982574305,0.013052905478346588,0
29,CN7_L_000029,0,0,stable_derived,-0.0157081308826581,0.013052905478346588,0
30,CN7_L_000030,1,0,stable_derived,-0.05850169014042983,0.013052905478346588,0
31,CN7_L_000031,0,0,stable_derived,-0.00967819310684881,0.013052905478346588,0
32,CN7_L_000032,2,0,stable_derived,-0.0322642716074002,0.013052905478346588,0
34,CN7_L_000034,3,0,stable_derived,-0.06071005884815994,0.013052905478346588,0
36,CN7_L_000036,0,0,stable_derived,0.757024450246544,0.013052905478346588,1
37,CN7_L_000037,0,0,stable_derived,-0.0037215421189906728,0.013052905478346588,0
38,CN7_L_000038,3,0,stable_derived,-0.05870136835873918,0.013052905478346588,0
39,CN7_L_000039,0,0,stable_derived,-0.03362773814524811,0.013052905478346588,0
40,CN7_L_000040,1,1,stable_derived,-0.033559923510764644,0.013052905478346588,0
41,CN7_L_000041,1,0,stable_derived,-0.031449289923600965,0.013052905478346588,0
43,CN7_L_000043,0,0,stable_derived,-0.05801204373010327,0.013052905478346588,0
44,CN7_L_000044,3,0,stable_derived,-0.0350139324375518,0.013052905478346588,0
45,CN7_L_000045,0,0,stable_derived,-0.02351841371321095,0.013052905478346588,0
46,CN7_L_000046,0,0,stable_derived,-0.035403248268187415,0.013052905478346588,0
47,CN7_L_000047,2,0,stable_derived,-0.07907614496942816,0.013052905478346588,0
48,CN7_L_000048,0,1,stable_derived,0.01431514016596136,0.013052905478346588,1
49,CN7_L_000049,3,0,stable_derived,-0.05547644783222205,0.013052905478346588,0
52,CN7_L_000052,2,1,stable_derived,-0.06523957907108136,0.013052905478346588,0
53,CN7_L_000053,1,1,stable_derived,-0.03690740690331262,0.013052905478346588,0
54,CN7_L_000054,3,1,stable_derived,-0.028277578239686907,0.013052905478346588,0
55,CN7_L_000055,0,1,stable_derived,-0.045264804374228085,0.013052905478346588,0
56,CN7_L_000056,2,1,stable_derived,-0.05469231881439818,0.013052905478346588,0
58,CN7_L_000058,1,1,stable_derived,0.28132899558839375,0.013052905478346588,1
59,CN7_L_000059,3,1,stable_derived,0.5999799904690222,0.013052905478346588,1
60,CN7_L_000060,2,1,stable_derived,0.3550609821401456,0.013052905478346588,1
62,CN7_L_000062,1,0,stable_derived,-0.08112728229146526,0.013052905478346588,0
63,CN7_L_000063,3,0,stable_derived,-0.0718072595157242,0.013052905478346588,0
64,CN7_L_000064,3,0,stable_derived,-0.06809305862773574,0.013052905478346588,0
65,CN7_L_000065,2,0,stable_derived,-0.06727406657856516,0.013052905478346588,0
67,CN7_L_000067,3,0,stable_derived,-0.034076484260279205,0.013052905478346588,0
68,CN7_L_000068,3,0,stable_derived,-0.0378547647269154,0.013052905478346588,0
69,CN7_L_000069,2,0,stable_derived,-0.0571500266382059,0.013052905478346588,0
70,CN7_L_000070,1,0,stable_derived,-0.058618957589613885,0.013052905478346588,0
71,CN7_L_000071,2,0,stable_derived,-0.07219968299444979,0.013052905478346588,0
73,CN7_L_000073,0,0,stable_derived,-0.06956597241853713,0.013052905478346588,0
74,CN7_L_000074,0,0,stable_derived,-0.03175240925349687,0.013052905478346588,0
77,CN7_L_000077,2,0,stable_derived,-0.031043362825428744,0.013052905478346588,0
79,CN7_L_000079,3,0,stable_derived,-0.012484846103495872,0.013052905478346588,0
80,CN7_L_000080,2,0,stable_derived,-0.04162179151604439,0.013052905478346588,0
81,CN7_L_000081,2,0,stable_derived,-0.07152843471054693,0.013052905478346588,0
82,CN7_L_000082,3,0,stable_derived,-0.022437486251415617,0.013052905478346588,0
83,CN7_L_000083,2,0,stable_derived,-0.07210004092011468,0.013052905478346588,0
84,CN7_L_000084,3,0,stable_derived,-0.05280825188390237,0.013052905478346588,0
86,CN7_L_000086,0,0,stable_derived,-0.019943482233926613,0.013052905478346588,0
87,CN7_L_000087,3,0,stable_derived,-0.06290479559265716,0.013052905478346588,0
88,CN7_L_000088,0,0,stable_derived,-0.04306410671215444,0.013052905478346588,0
89,CN7_L_000089,3,0,stable_derived,-0.031901808874498894,0.013052905478346588,0
90,CN7_L_000090,1,0,stable_derived,-0.03665355479285459,0.013052905478346588,0
91,CN7_L_000091,2,0,stable_derived,-0.10340788713576465,0.013052905478346588,0
92,CN7_L_000092,3,0,stable_derived,-0.05543546344721495,0.013052905478346588,0
93,CN7_L_000093,1,0,stable_derived,-0.04529789359788117,0.013052905478346588,0
95,CN7_L_000095,0,0,stable_derived,0.0026989777552137717,0.013052905478346588,0
96,CN7_L_000096,3,0,stable_derived,-0.03797108130711502,0.013052905478346588,0
97,CN7_L_000097,3,0,stable_derived,-0.03487760125478223,0.013052905478346588,0
98,CN7_L_000098,3,0,stable_derived,0.011310129223909282,0.013052905478346588,0
99,CN7_L_000099,2,0,stable_derived,-0.07437717178023817,0.013052905478346588,0
100,CN7_L_000100,3,0,stable_derived,-0.03335497292466494,0.013052905478346588,0
102,CN7_L_000102,3,0,stable_derived,-0.05026896704456263,0.013052905478346588,0
103,CN7_L_000103,0,0,stable_derived,-0.0010283460727960048,0.013052905478346588,0
104,CN7_L_000104,2,0,stable_derived,-0.04767155098178444,0.013052905478346588,0
106,CN7_L_000106,3,0,stable_derived,-0.01876538068141942,0.013052905478346588,0
107,CN7_L_000107,0,0,stable_derived,-0.0271972946830088,0.013052905478346588,0
108,CN7_L_000108,2,0,stable_derived,-0.08221274615479812,0.013052905478346588,0
109,CN7_L_000109,2,0,stable_derived,-0.05349664363278839,0.013052905478346588,0
110,CN7_L_000110,0,0,stable_derived,0.024169252265512142,0.013052905478346588,1
111,CN7_L_000111,1,0,stable_derived,-0.08871639228264572,0.013052905478346588,0
115,CN7_L_000115,0,0,stable_derived,-0.050182445434010514,0.013052905478346588,0
117,CN7_L_000117,3,0,stable_derived,0.013052905478346588,0.013052905478346588,0
118,CN7_L_000118,3,0,stable_derived,-0.035244486007422804,0.013052905478346588,0
121,CN7_L_000121,3,0,stable_derived,-0.05048522688608603,0.013052905478346588,0
122,CN7_L_000122,3,0,stable_derived,-0.04834570071891786,0.013052905478346588,0
123,CN7_L_000123,0,0,stable_derived,-0.03390330855282464,0.013052905478346588,0
124,CN7_L_000124,2,0,stable_derived,-0.0715481575751733,0.013052905478346588,0
125,CN7_L_000125,3,0,stable_derived,-0.04394035288177234,0.013052905478346588,0
126,CN7_L_000126,2,0,stable_derived,-0.038315331965302235,0.013052905478346588,0
127,CN7_L_000127,0,0,stable_derived,-0.012650868826528328,0.013052905478346588,0
128,CN7_L_000128,1,0,stable_derived,-0.06341577279228261,0.013052905478346588,0
129,CN7_L_000129,2,0,stable_derived,-0.06434659857172331,0.013052905478346588,0
130,CN7_L_000130,1,0,stable_derived,-0.05304160324668272,0.013052905478346588,0
131,CN7_L_000131,3,0,stable_derived,-0.0660305905324221,0.013052905478346588,0
132,CN7_L_000132,1,0,stable_derived,-0.08098490168979566,0.013052905478346588,0
133,CN7_L_000133,1,0,stable_derived,-0.03648167259700141,0.013052905478346588,0
134,CN7_L_000134,2,0,stable_derived,-0.045621331952946154,0.013052905478346588,0
136,CN7_L_000136,0,0,stable_derived,-0.02995101939290956,0.013052905478346588,0
137,CN7_L_000137,3,0,stable_derived,-0.05534053155979768,0.013052905478346588,0
138,CN7_L_000138,0,0,stable_derived,-0.026202193621825742,0.013052905478346588,0
139,CN7_L_000139,2,0,stable_derived,-0.06228152514136065,0.013052905478346588,0
140,CN7_L_000140,1,0,stable_derived,-0.06787083351181078,0.013052905478346588,0
141,CN7_L_000141,3,0,stable_derived,-0.051138363950699706,0.013052905478346588,0
143,CN7_L_000143,1,0,stable_derived,-0.05367536229172165,0.013052905478346588,0
145,CN7_L_000145,0,0,stable_derived,-0.053214533816984044,0.013052905478346588,0
146,CN7_L_000146,3,0,stable_derived,-0.04116413707176925,0.013052905478346588,0
147,CN7_L_000147,1,0,stable_derived,-0.012286554358290402,0.013052905478346588,0
150,CN7_L_000150,3,0,stable_derived,-0.04286712675329429,0.013052905478346588,0
151,CN7_L_000151,0,0,stable_derived,-0.0269599238740601,0.013052905478346588,0
153,CN7_L_000153,0,0,stable_derived,-0.040341119203718634,0.013052905478346588,0
154,CN7_L_000154,0,0,stable_derived,0.008658481720350775,0.013052905478346588,0
155,CN7_L_000155,1,0,stable_derived,-0.021104200432261244,0.013052905478346588,0
156,CN7_L_000156,0,0,stable_derived,0.023982339021438648,0.013052905478346588,1
157,CN7_L_000157,0,0,stable_derived,-0.0498051915965827,0.013052905478346588,0
158,CN7_L_000158,0,0,stable_derived,-0.02600257109495141,0.013052905478346588,0
159,CN7_L_000159,2,0,stable_derived,-0.0477449042550071,0.013052905478346588,0
160,CN7_L_000160,1,0,stable_derived,-0.060035971726541515,0.013052905478346588,0
161,CN7_L_000161,1,0,stable_derived,-0.09923250400914663,0.013052905478346588,0
162,CN7_L_000162,2,0,stable_derived,-0.08913768902952501,0.013052905478346588,0
163,CN7_L_000163,2,0,stable_derived,-0.04793607020079671,0.013052905478346588,0
164,CN7_L_000164,0,0,stable_derived,0.4908648553361572,0.013052905478346588,1
165,CN7_L_000165,2,0,stable_derived,-0.06388292399908257,0.013052905478346588,0
166,CN7_L_000166,1,0,stable_derived,-0.06688838583818324,0.013052905478346588,0
167,CN7_L_000167,2,0,stable_derived,-0.025062601703520926,0.013052905478346588,0
168,CN7_L_000168,3,0,stable_derived,0.007394205618926009,0.013052905478346588,0
169,CN7_L_000169,2,0,stable_derived,-0.05710888087685939,0.013052905478346588,0
171,CN7_L_000171,3,0,stable_derived,-0.05349990272796967,0.013052905478346588,0
172,CN7_L_000172,0,0,stable_derived,-0.051056415297853874,0.013052905478346588,0
173,CN7_L_000173,3,0,stable_derived,-0.03878147447042668,0.013052905478346588,0
177,CN7_L_000177,1,0,stable_derived,-0.053859950937420464,0.013052905478346588,0
178,CN7_L_000178,0,0,stable_derived,-0.05265630236501506,0.013052905478346588,0
179,CN7_L_000179,0,0,stable_derived,-0.06440820946370529,0.013052905478346588,0
181,CN7_L_000181,0,0,stable_derived,-0.04158163786365332,0.013052905478346588,0
182,CN7_L_000182,0,0,stable_derived,-0.032438391526857124,0.013052905478346588,0
183,CN7_L_000183,3,0,stable_derived,-0.0607372417136669,0.013052905478346588,0
184,CN7_L_000184,2,0,stable_derived,-0.0735989004810862,0.013052905478346588,0
186,CN7_L_000186,0,0,stable_derived,-0.06635508100794762,0.013052905478346588,0
187,CN7_L_000187,1,0,stable_derived,-0.07770175897393816,0.013052905478346588,0
188,CN7_L_000188,0,0,stable_derived,-0.04842716778062739,0.013052905478346588,0
189,CN7_L_000189,0,0,stable_derived,-0.022427311425667895,0.013052905478346588,0
190,CN7_L_000190,2,0,stable_derived,-0.0692991082888117,0.013052905478346588,0
191,CN7_L_000191,2,0,stable_derived,-0.05401315698486142,0.013052905478346588,0
192,CN7_L_000192,0,0,stable_derived,-0.022239216693830333,0.013052905478346588,0
193,CN7_L_000193,2,0,stable_derived,-0.029159017920410868,0.013052905478346588,0
194,CN7_L_000194,1,0,stable_derived,-0.00033162129620123437,0.013052905478346588,0
195,CN7_L_000195,0,0,stable_derived,-0.023166887123081015,0.013052905478346588,0
196,CN7_L_000196,0,0,stable_derived,-0.03558953348625593,0.013052905478346588,0
197,CN7_L_000197,3,0,stable_derived,-0.04961666371661311,0.013052905478346588,0
198,CN7_L_000198,0,0,stable_derived,-0.03846692086891412,0.013052905478346588,0
199,CN7_L_000199,2,0,stable_derived,-0.010336055857902426,0.013052905478346588,0
200,CN7_L_000200,3,0,stable_derived,-0.030086435428376745,0.013052905478346588,0
202,CN7_L_000202,0,0,stable_derived,-0.035686600141099145,0.013052905478346588,0
204,CN7_L_000204,0,0,stable_derived,-0.06252629002070798,0.013052905478346588,0
206,CN7_L_000206,1,0,stable_derived,-0.02991299028920924,0.013052905478346588,0
207,CN7_L_000207,1,0,stable_derived,-0.012172807789252893,0.013052905478346588,0
208,CN7_L_000208,2,0,stable_derived,-0.0025410738051827586,0.013052905478346588,0
209,CN7_L_000209,3,0,stable_derived,-0.02710498055790378,0.013052905478346588,0
210,CN7_L_000210,3,0,stable_derived,-0.04511053058572312,0.013052905478346588,0
211,CN7_L_000211,3,0,stable_derived,-0.009860584231572656,0.013052905478346588,0
212,CN7_L_000212,3,0,stable_derived,-0.04323949168310737,0.013052905478346588,0
213,CN7_L_000213,3,0,stable_derived,-0.03334366260087718,0.013052905478346588,0
216,CN7_L_000216,3,0,stable_derived,-0.03728015308092569,0.013052905478346588,0
217,CN7_L_000217,1,0,stable_derived,-0.041152105839916686,0.013052905478346588,0
218,CN7_L_000218,2,0,stable_derived,-0.048716231352482264,0.013052905478346588,0
220,CN7_L_000220,2,0,stable_derived,-0.03622227979865711,0.013052905478346588,0
221,CN7_L_000221,2,0,stable_derived,-0.032664447457967594,0.013052905478346588,0
222,CN7_L_000222,3,0,stable_derived,-0.06574410754992277,0.013052905478346588,0
223,CN7_L_000223,1,0,stable_derived,0.018679135116604684,0.013052905478346588,1
224,CN7_L_000224,3,0,stable_derived,-0.03003121962811095,0.013052905478346588,0
225,CN7_L_000225,0,0,stable_derived,-0.04512650278620711,0.013052905478346588,0
226,CN7_L_000226,3,0,stable_derived,-0.04574991275060247,0.013052905478346588,0
231,CN7_L_000231,1,0,stable_derived,-0.029438276893648307,0.013052905478346588,0
232,CN7_L_000232,1,0,stable_derived,-0.027962510356456693,0.013052905478346588,0
233,CN7_L_000233,1,0,stable_derived,-0.01823626776759557,0.013052905478346588,0
234,CN7_L_000234,3,0,stable_derived,-0.03448995277928413,0.013052905478346588,0
235,CN7_L_000235,3,0,stable_derived,-0.03776084186675721,0.013052905478346588,0
236,CN7_L_000236,0,0,stable_derived,-0.044787687325188674,0.013052905478346588,0
237,CN7_L_000237,3,0,stable_derived,-0.04506093397463928,0.013052905478346588,0
238,CN7_L_000238,1,0,stable_derived,-0.06898529413150634,0.013052905478346588,0
239,CN7_L_000239,1,0,stable_derived,-0.031133084435191805,0.013052905478346588,0
241,CN7_L_000241,1,0,stable_derived,-0.04130471916993361,0.013052905478346588,0
242,CN7_L_000242,0,0,stable_derived,0.0003547568831350212,0.013052905478346588,0
243,CN7_L_000243,2,0,stable_derived,-0.061380922427565654,0.013052905478346588,0
245,CN7_L_000245,1,0,stable_derived,-0.05156046459253538,0.013052905478346588,0
246,CN7_L_000246,1,0,stable_derived,-0.058698583961633854,0.013052905478346588,0
247,CN7_L_000247,1,0,stable_derived,-0.020222504317766177,0.013052905478346588,0
248,CN7_L_000248,2,0,stable_derived,-0.07173372660292188,0.013052905478346588,0
249,CN7_L_000249,3,0,stable_derived,-0.041828296152282896,0.013052905478346588,0
250,CN7_L_000250,1,0,stable_derived,-0.062105740501957385,0.013052905478346588,0
251,CN7_L_000251,2,0,stable_derived,-0.0562527137049198,0.013052905478346588,0
252,CN7_L_000252,1,0,stable_derived,-0.050107412538373364,0.013052905478346588,0
253,CN7_L_000253,3,0,stable_derived,-0.05976743903409476,0.013052905478346588,0
254,CN7_L_000254,3,0,stable_derived,-0.03732283612873788,0.013052905478346588,0
256,CN7_L_000256,3,0,stable_derived,-0.036374121634493495,0.013052905478346588,0
258,CN7_L_000258,2,0,stable_derived,-0.08762687277917314,0.013052905478346588,0
259,CN7_L_000259,0,0,stable_derived,-0.04933719908473,0.013052905478346588,0
260,CN7_L_000260,1,0,stable_derived,-0.09888013837806087,0.013052905478346588,0
261,CN7_L_000261,3,0,stable_derived,-0.05368006919130908,0.013052905478346588,0
262,CN7_L_000262,3,0,stable_derived,-0.06777734009737069,0.013052905478346588,0
263,CN7_L_000263,2,0,stable_derived,-0.04680308167010949,0.013052905478346588,0
264,CN7_L_000264,3,0,stable_derived,-0.05344962160213207,0.013052905478346588,0
267,CN7_L_000267,0,0,stable_derived,-0.05177216859999989,0.013052905478346588,0
268,CN7_L_000268,0,0,stable_derived,-0.06731161050305001,0.013052905478346588,0
269,CN7_L_000269,1,0,stable_derived,-0.05869083786486229,0.013052905478346588,0
270,CN7_L_000270,2,0,stable_derived,-0.08701014185273737,0.013052905478346588,0
271,CN7_L_000271,0,0,stable_derived,-0.06760510949016219,0.013052905478346588,0
272,CN7_L_000272,2,0,stable_derived,-0.06664662113844866,0.013052905478346588,0
273,CN7_L_000273,3,0,stable_derived,-0.03983754530746664,0.013052905478346588,0
275,CN7_L_000275,1,0,stable_derived,-0.07505090986361918,0.013052905478346588,0
276,CN7_L_000276,1,0,stable_derived,-0.07129092694689465,0.013052905478346588,0
277,CN7_L_000277,1,0,stable_derived,-0.045508152093774346,0.013052905478346588,0
278,CN7_L_000278,1,0,stable_derived,-0.06527305943790074,0.013052905478346588,0
279,CN7_L_000279,0,0,stable_derived,-0.0502835601441709,0.013052905478346588,0
280,CN7_L_000280,3,0,stable_derived,-0.05817920243511532,0.013052905478346588,0
282,CN7_L_000282,0,0,stable_derived,-0.04649354643558912,0.013052905478346588,0
285,CN7_L_000285,0,0,stable_derived,-0.060259523685471716,0.013052905478346588,0
286,CN7_L_000286,0,0,stable_derived,-0.07587901366774563,0.013052905478346588,0
288,CN7_L_000288,2,0,stable_derived,-0.0764636090171904,0.013052905478346588,0
289,CN7_L_000289,1,0,stable_derived,-0.08943657335861976,0.013052905478346588,0
291,CN7_L_000291,3,0,stable_derived,-0.05383204321713997,0.013052905478346588,0
292,CN7_L_000292,3,0,stable_derived,-0.046326691715254054,0.013052905478346588,0
293,CN7_L_000293,1,0,stable_derived,-0.06636673423956596,0.013052905478346588,0
294,CN7_L_000294,2,0,stable_derived,-0.11707369852022032,0.013052905478346588,0
295,CN7_L_000295,1,0,stable_derived,-0.07542322884784802,0.013052905478346588,0
296,CN7_L_000296,3,0,stable_derived,-0.059736378083883324,0.013052905478346588,0
297,CN7_L_000297,1,0,stable_derived,-0.08061260273303983,0.013052905478346588,0
298,CN7_L_000298,0,0,stable_derived,-0.06857359951559516,0.013052905478346588,0
299,CN7_L_000299,1,0,stable_derived,-0.06366974610848164,0.013052905478346588,0
300,CN7_L_000300,1,0,stable_derived,-0.07027824910021208,0.013052905478346588,0
301,CN7_L_000301,1,0,stable_derived,-0.053111083347871624,0.013052905478346588,0
303,CN7_L_000303,1,0,stable_derived,-0.07544488174870922,0.013052905478346588,0
304,CN7_L_000304,0,0,stable_derived,-0.05152932450786407,0.013052905478346588,0
305,CN7_L_000305,0,0,stable_derived,-0.07096348456690071,0.013052905478346588,0
307,CN7_L_000307,3,0,stable_derived,-0.05864129074502156,0.013052905478346588,0
308,CN7_L_000308,0,0,stable_derived,-0.07238670885836829,0.013052905478346588,0
310,CN7_L_000310,3,0,stable_derived,-0.06654441340358241,0.013052905478346588,0
311,CN7_L_000311,1,0,stable_derived,-0.06415919527283043,0.013052905478346588,0
312,CN7_L_000312,2,0,stable_derived,-0.0935854073477902,0.013052905478346588,0
313,CN7_L_000313,0,0,stable_derived,-0.057078452095979504,0.013052905478346588,0
314,CN7_L_000314,1,0,stable_derived,-0.09000873339152049,0.013052905478346588,0
315,CN7_L_000315,2,0,stable_derived,-0.0823774512520643,0.013052905478346588,0
316,CN7_L_000316,3,0,stable_derived,-0.05481825035890031,0.013052905478346588,0
317,CN7_L_000317,3,0,stable_derived,-0.041638133112923637,0.013052905478346588,0
318,CN7_L_000318,2,0,stable_derived,-0.06444891770901684,0.013052905478346588,0
319,CN7_L_000319,0,0,stable_derived,-0.07704991085975399,0.013052905478346588,0
320,CN7_L_000320,2,0,stable_derived,-0.07885815803419405,0.013052905478346588,0
321,CN7_L_000321,0,0,stable_derived,-0.06048118851196849,0.013052905478346588,0
323,CN7_L_000323,0,0,stable_derived,-0.0634797642223437,0.013052905478346588,0
324,CN7_L_000324,0,0,stable_derived,-0.048148024062263595,0.013052905478346588,0
325,CN7_L_000325,1,0,stable_derived,-0.05079176486335246,0.013052905478346588,0
326,CN7_L_000326,1,0,stable_derived,-0.06427071857650235,0.013052905478346588,0
328,CN7_L_000328,1,0,stable_derived,-0.06430608020270068,0.013052905478346588,0
330,CN7_L_000330,1,0,stable_derived,-0.07961822220780679,0.013052905478346588,0
331,CN7_L_000331,1,0,stable_derived,-0.07135608730120646,0.013052905478346588,0
332,CN7_L_000332,0,0,stable_derived,-0.0625175191791385,0.013052905478346588,0
333,CN7_L_000333,2,0,stable_derived,-0.08108531287070564,0.013052905478346588,0
334,CN7_L_000334,3,0,stable_derived,-0.09138850534768173,0.013052905478346588,0
335,CN7_L_000335,3,0,stable_derived,-0.013912236529210364,0.013052905478346588,0
336,CN7_L_000336,2,0,stable_derived,-0.05587888466900104,0.013052905478346588,0
337,CN7_L_000337,2,0,stable_derived,-0.084248296950586,0.013052905478346588,0
338,CN7_L_000338,2,0,stable_derived,-0.07390813978142807,0.013052905478346588,0
339,CN7_L_000339,3,0,stable_derived,-0.07906667721964489,0.013052905478346588,0
340,CN7_L_000340,2,0,stable_derived,-0.07850456646571358,0.013052905478346588,0
342,CN7_L_000342,1,0,stable_derived,-0.04334435419740945,0.013052905478346588,0
343,CN7_L_000343,2,0,stable_derived,-0.08833118091263259,0.013052905478346588,0
345,CN7_L_000345,1,0,stable_derived,-0.05894062523598409,0.013052905478346588,0
346,CN7_L_000346,3,0,stable_derived,-0.05639880497773042,0.013052905478346588,0
347,CN7_L_000347,1,0,stable_derived,-0.07152299544675778,0.013052905478346588,0
348,CN7_L_000348,1,0,stable_derived,-0.05110979465930976,0.013052905478346588,0
349,CN7_L_000349,3,0,stable_derived,-0.07270418450247718,0.013052905478346588,0
350,CN7_L_000350,2,0,stable_derived,-0.07879977851560716,0.013052905478346588,0
352,CN7_L_000352,2,0,stable_derived,-0.09886898103309916,0.013052905478346588,0
354,CN7_L_000354,3,0,stable_derived,-0.07494160667985428,0.013052905478346588,0
355,CN7_L_000355,2,0,stable_derived,-0.10215692237623486,0.013052905478346588,0
356,CN7_L_000356,2,0,stable_derived,-0.04136246006619482,0.013052905478346588,0
358,CN7_L_000358,2,0,stable_derived,-0.06964727605201615,0.013052905478346588,0
360,CN7_L_000360,2,0,stable_derived,-0.061206569520319665,0.013052905478346588,0
361,CN7_L_000361,2,0,stable_derived,-0.07301044321257022,0.013052905478346588,0
362,CN7_L_000362,0,0,stable_derived,-0.04758751248299964,0.013052905478346588,0
363,CN7_L_000363,1,0,stable_derived,-0.08231256320592228,0.013052905478346588,0
364,CN7_L_000364,2,0,stable_derived,-0.06875470294848185,0.013052905478346588,0
365,CN7_L_000365,2,0,stable_derived,-0.11924248776557178,0.013052905478346588,0
366,CN7_L_000366,2,0,stable_derived,-0.10528736212658485,0.013052905478346588,0
367,CN7_L_000367,3,0,stable_derived,-0.04941922008171229,0.013052905478346588,0
368,CN7_L_000368,2,0,stable_derived,-0.05176625585514749,0.013052905478346588,0
369,CN7_L_000369,1,0,stable_derived,-0.08348904195061824,0.013052905478346588,0
370,CN7_L_000370,2,0,stable_derived,-0.07769013382116086,0.013052905478346588,0
371,CN7_L_000371,1,0,stable_derived,-0.06172723812851233,0.013052905478346588,0
372,CN7_L_000372,1,0,stable_derived,-0.0914744119129689,0.013052905478346588,0
374,CN7_L_000374,1,0,stable_derived,-0.08725687250393621,0.013052905478346588,0
375,CN7_L_000375,2,0,stable_derived,-0.13549501918596718,0.013052905478346588,0
376,CN7_L_000376,1,0,stable_derived,-0.08837162311584557,0.013052905478346588,0
377,CN7_L_000377,0,0,stable_derived,-0.04969201532249912,0.013052905478346588,0
378,CN7_L_000378,1,0,stable_derived,-0.06579840663037029,0.013052905478346588,0
379,CN7_L_000379,3,0,stable_derived,-0.05370491839116731,0.013052905478346588,0
381,CN7_L_000381,1,0,stable_derived,-0.04129817369497912,0.013052905478346588,0
382,CN7_L_000382,3,0,stable_derived,-0.06222375328690255,0.013052905478346588,0
383,CN7_L_000383,3,0,stable_derived,-0.04809686516333933,0.013052905478346588,0
384,CN7_L_000384,1,0,stable_derived,-0.1163423282613727,0.013052905478346588,0
385,CN7_L_000385,2,0,stable_derived,-0.109699118244583,0.013052905478346588,0
387,CN7_L_000387,3,0,stable_derived,-0.026960329711844366,0.013052905478346588,0
388,CN7_L_000388,0,0,stable_derived,-0.061590860059747676,0.013052905478346588,0
389,CN7_L_000389,2,0,stable_derived,-0.04856638527345947,0.013052905478346588,0
390,CN7_L_000390,3,0,stable_derived,-0.027770621927141192,0.013052905478346588,0
391,CN7_L_000391,1,0,stable_derived,-0.0812433386793745,0.013052905478346588,0
394,CN7_L_000394,3,0,stable_derived,-0.03876441072207415,0.013052905478346588,0
395,CN7_L_000395,0,0,stable_derived,-0.0591646627466198,0.013052905478346588,0
396,CN7_L_000396,3,0,stable_derived,-0.044506715743744873,0.013052905478346588,0
397,CN7_L_000397,0,0,stable_derived,-0.07065712201770546,0.013052905478346588,0
398,CN7_L_000398,2,0,stable_derived,-0.07457605033266868,0.013052905478346588,0
400,CN7_L_000400,0,0,stable_derived,-0.0702243847205204,0.013052905478346588,0
402,CN7_L_000402,2,0,stable_derived,-0.08481538678177447,0.013052905478346588,0
404,CN7_L_000404,1,0,stable_derived,-0.07571304294265868,0.013052905478346588,0
406,CN7_L_000406,1,0,stable_derived,-0.0701551350863645,0.013052905478346588,0
407,CN7_L_000407,0,0,stable_derived,-0.04545034174337381,0.013052905478346588,0
408,CN7_L_000408,0,0,stable_derived,-0.009108944780824135,0.013052905478346588,0
409,CN7_L_000409,0,0,stable_derived,-0.029961955740577473,0.013052905478346588,0
410,CN7_L_000410,1,0,stable_derived,-0.08449789994880197,0.013052905478346588,0
411,CN7_L_000411,1,0,stable_derived,-0.10576060617343552,0.013052905478346588,0
412,CN7_L_000412,3,0,stable_derived,-0.03986303557036486,0.013052905478346588,0
413,CN7_L_000413,2,0,stable_derived,-0.08036662476993595,0.013052905478346588,0
414,CN7_L_000414,1,0,stable_derived,-0.04910554735407979,0.013052905478346588,0
416,CN7_L_000416,0,0,stable_derived,-0.07846994699583298,0.013052905478346588,0
417,CN7_L_000417,0,0,stable_derived,-0.044641091739908045,0.013052905478346588,0
418,CN7_L_000418,2,0,stable_derived,-0.06486120486100067,0.013052905478346588,0
419,CN7_L_000419,2,0,stable_derived,-0.07880069848641735,0.013052905478346588,0
421,CN7_L_000421,3,0,stable_derived,-0.05726873884281014,0.013052905478346588,0
422,CN7_L_000422,1,0,stable_derived,-0.11970939057712604,0.013052905478346588,0
423,CN7_L_000423,0,0,stable_derived,-0.059542775566807205,0.013052905478346588,0
424,CN7_L_000424,3,0,stable_derived,-0.03765773967605757,0.013052905478346588,0
425,CN7_L_000425,1,0,stable_derived,-0.04983258214726094,0.013052905478346588,0
426,CN7_L_000426,2,0,stable_derived,-0.09581810778880273,0.013052905478346588,0
428,CN7_L_000428,2,0,stable_derived,-0.08719646830506766,0.013052905478346588,0
429,CN7_L_000429,3,0,stable_derived,-0.031264948485735466,0.013052905478346588,0
430,CN7_L_000430,0,0,stable_derived,-0.06340390377374083,0.013052905478346588,0
433,CN7_L_000433,2,0,stable_derived,-0.06981134837571457,0.013052905478346588,0
434,CN7_L_000434,3,0,stable_derived,-0.04120231375992578,0.013052905478346588,0
435,CN7_L_000435,0,0,stable_derived,-0.0747724744806364,0.013052905478346588,0
436,CN7_L_000436,1,0,stable_derived,-0.08087551888084077,0.013052905478346588,0
437,CN7_L_000437,3,0,stable_derived,-0.0708836614915258,0.013052905478346588,0
438,CN7_L_000438,1,0,stable_derived,-0.05701714591338636,0.013052905478346588,0
439,CN7_L_000439,1,0,stable_derived,-0.03508278141278609,0.013052905478346588,0
440,CN7_L_000440,0,0,stable_derived,-0.06962476329517076,0.013052905478346588,0
442,CN7_L_000442,2,0,stable_derived,-0.08470093366939002,0.013052905478346588,0
443,CN7_L_000443,1,0,stable_derived,-0.051231750122330943,0.013052905478346588,0
445,CN7_L_000445,0,0,stable_derived,-0.06779149985623745,0.013052905478346588,0
446,CN7_L_000446,0,0,stable_derived,-0.06441424056254696,0.013052905478346588,0
447,CN7_L_000447,0,0,stable_derived,-0.05156079766161392,0.013052905478346588,0
448,CN7_L_000448,2,0,stable_derived,-0.0800254452245377,0.013052905478346588,0
450,CN7_L_000450,2,0,stable_derived,-0.07743764490305294,0.013052905478346588,0
451,CN7_L_000451,1,0,stable_derived,-0.10558993713808817,0.013052905478346588,0
452,CN7_L_000452,3,0,stable_derived,-0.05583531419080501,0.013052905478346588,0
453,CN7_L_000453,0,0,stable_derived,-0.0672687203954685,0.013052905478346588,0
454,CN7_L_000454,3,0,stable_derived,-0.04359355467893611,0.013052905478346588,0
455,CN7_L_000455,1,0,stable_derived,-0.06177171593055153,0.013052905478346588,0
456,CN7_L_000456,2,0,stable_derived,-0.04331908059542844,0.013052905478346588,0
457,CN7_L_000457,2,0,stable_derived,-0.05726868051812817,0.013052905478346588,0
458,CN7_L_000458,1,0,stable_derived,-0.043824223789081795,0.013052905478346588,0
459,CN7_L_000459,3,0,stable_derived,-0.04875448992242415,0.013052905478346588,0
460,CN7_L_000460,1,0,stable_derived,-0.06532376272469165,0.013052905478346588,0
461,CN7_L_000461,0,0,stable_derived,-0.030974343261918946,0.013052905478346588,0
463,CN7_L_000463,1,0,stable_derived,-0.08240772179067601,0.013052905478346588,0
464,CN7_L_000464,1,0,stable_derived,-0.07627070327320862,0.013052905478346588,0
465,CN7_L_000465,3,0,stable_derived,-0.04737712199460109,0.013052905478346588,0
466,CN7_L_000466,0,0,stable_derived,-0.059976790301143446,0.013052905478346588,0
467,CN7_L_000467,2,0,stable_derived,-0.04895296591383369,0.013052905478346588,0
470,CN7_L_000470,3,0,stable_derived,-0.02142265779927044,0.013052905478346588,0
471,CN7_L_000471,0,0,stable_derived,-0.05608596421436962,0.013052905478346588,0
474,CN7_L_000474,2,0,stable_derived,-0.05464782245039723,0.013052905478346588,0
476,CN7_L_000476,0,0,stable_derived,-0.06929370983080707,0.013052905478346588,0
477,CN7_L_000477,1,0,stable_derived,-0.05534791540754558,0.013052905478346588,0
478,CN7_L_000478,0,0,stable_derived,-0.06196214978963477,0.013052905478346588,0
479,CN7_L_000479,3,0,stable_derived,-0.06649947066368167,0.013052905478346588,0
481,CN7_L_000481,3,0,stable_derived,-0.055920936122037634,0.013052905478346588,0
482,CN7_L_000482,1,0,stable_derived,-0.07562030607120862,0.013052905478346588,0
483,CN7_L_000483,2,0,stable_derived,-0.07167865759721215,0.013052905478346588,0
484,CN7_L_000484,3,0,stable_derived,-0.015921233763061426,0.013052905478346588,0
486,CN7_L_000486,3,0,stable_derived,-0.03601017200750478,0.013052905478346588,0
487,CN7_L_000487,2,0,stable_derived,-0.07585343697196478,0.013052905478346588,0
491,CN7_L_000491,1,0,stable_derived,-0.11909440087589074,0.013052905478346588,0
492,CN7_L_000492,1,0,stable_derived,-0.01894556696432037,0.013052905478346588,0
493,CN7_L_000493,1,0,stable_derived,-0.030508132487819584,0.013052905478346588,0
494,CN7_L_000494,2,0,stable_derived,-0.059832966878459626,0.013052905478346588,0
495,CN7_L_000495,3,0,stable_derived,-0.013112846797329603,0.013052905478346588,0
496,CN7_L_000496,2,0,stable_derived,-0.09973336621182272,0.013052905478346588,0
497,CN7_L_000497,3,0,stable_derived,-0.029651615567337863,0.013052905478346588,0
499,CN7_L_000499,3,0,stable_derived,-0.06316266173752005,0.013052905478346588,0
500,CN7_L_000500,2,0,stable_derived,-0.09128833434876871,0.013052905478346588,0
501,CN7_L_000501,2,0,stable_derived,-0.1020950291056213,0.013052905478346588,0
502,CN7_L_000502,2,0,stable_derived,-0.06377858564763317,0.013052905478346588,0
504,CN7_L_000504,1,0,stable_derived,-0.07928405192949883,0.013052905478346588,0
507,CN7_L_000507,1,0,stable_derived,-0.038301535288065125,0.013052905478346588,0
508,CN7_L_000508,0,0,stable_derived,-0.0605117895031384,0.013052905478346588,0
509,CN7_L_000509,1,0,stable_derived,-0.0989012568615304,0.013052905478346588,0
510,CN7_L_000510,1,0,stable_derived,-0.06081244325335522,0.013052905478346588,0
511,CN7_L_000511,2,0,stable_derived,-0.055844421211256545,0.013052905478346588,0
513,CN7_L_000513,2,0,stable_derived,-0.060348852470363035,0.013052905478346588,0
514,CN7_L_000514,0,0,stable_derived,-0.04078773611559017,0.013052905478346588,0
515,CN7_L_000515,0,0,stable_derived,-0.03660519355794545,0.013052905478346588,0
516,CN7_L_000516,3,0,stable_derived,-0.03793239997035336,0.013052905478346588,0
517,CN7_L_000517,0,0,stable_derived,-0.052579874206364785,0.013052905478346588,0
519,CN7_L_000519,3,0,stable_derived,-0.046598572428306895,0.013052905478346588,0
520,CN7_L_000520,3,0,stable_derived,-0.06073678199728327,0.013052905478346588,0
521,CN7_L_000521,0,0,stable_derived,-0.041554871908669355,0.013052905478346588,0
523,CN7_L_000523,0,0,stable_derived,-0.04530032732897338,0.013052905478346588,0
525,CN7_L_000525,1,0,stable_derived,-0.06172409065443585,0.013052905478346588,0
526,CN7_L_000526,0,0,stable_derived,-0.05274790826346987,0.013052905478346588,0
527,CN7_L_000527,2,0,stable_derived,-0.09474712130278329,0.013052905478346588,0
528,CN7_L_000528,3,0,stable_derived,-0.012709483530464194,0.013052905478346588,0
529,CN7_L_000529,0,0,stable_derived,-0.06432010478274952,0.013052905478346588,0
530,CN7_L_000530,2,0,stable_derived,-0.08161931683329948,0.013052905478346588,0
532,CN7_L_000532,3,0,stable_derived,-0.07265610180856763,0.013052905478346588,0
533,CN7_L_000533,0,0,stable_derived,-0.038363223343163,0.013052905478346588,0
534,CN7_L_000534,2,0,stable_derived,-0.08198145301570081,0.013052905478346588,0
535,CN7_L_000535,2,0,stable_derived,-0.055770188725015934,0.013052905478346588,0
536,CN7_L_000536,2,0,stable_derived,-0.09545562377085304,0.013052905478346588,0
537,CN7_L_000537,0,0,stable_derived,-0.07259467700639499,0.013052905478346588,0
538,CN7_L_000538,2,0,stable_derived,-0.10015057863099441,0.013052905478346588,0
539,CN7_L_000539,0,0,stable_derived,-0.05656617762489402,0.013052905478346588,0
541,CN7_L_000541,3,0,stable_derived,-0.043728280598849256,0.013052905478346588,0
542,CN7_L_000542,2,0,stable_derived,-0.08291446827747784,0.013052905478346588,0
543,CN7_L_000543,1,0,stable_derived,-0.0838699207482172,0.013052905478346588,0
544,CN7_L_000544,2,0,stable_derived,-0.054240945335945145,0.013052905478346588,0
545,CN7_L_000545,3,0,stable_derived,-0.04020645649513277,0.013052905478346588,0
546,CN7_L_000546,1,0,stable_derived,-0.09160695367275284,0.013052905478346588,0
547,CN7_L_000547,2,0,stable_derived,-0.1205796441932665,0.013052905478346588,0
548,CN7_L_000548,3,0,stable_derived,-0.013004930303668338,0.013052905478346588,0
549,CN7_L_000549,2,0,stable_derived,-0.10091076623902762,0.013052905478346588,0
550,CN7_L_000550,2,0,stable_derived,-0.07060856585762476,0.013052905478346588,0
551,CN7_L_000551,0,0,stable_derived,-0.0722054116393811,0.013052905478346588,0
553,CN7_L_000553,3,0,stable_derived,-0.04731764308763964,0.013052905478346588,0
555,CN7_L_000555,0,0,stable_derived,-0.042338179871033166,0.013052905478346588,0
556,CN7_L_000556,1,0,stable_derived,-0.09798922579308744,0.013052905478346588,0
557,CN7_L_000557,1,0,stable_derived,-0.0878247551251361,0.013052905478346588,0
558,CN7_L_000558,3,0,stable_derived,-0.028609742693204154,0.013052905478346588,0
559,CN7_L_000559,1,0,stable_derived,-0.11757852494604082,0.013052905478346588,0
560,CN7_L_000560,1,0,stable_derived,-0.06345990046572947,0.013052905478346588,0
561,CN7_L_000561,0,0,stable_derived,-0.05988912393162815,0.013052905478346588,0
562,CN7_L_000562,0,0,stable_derived,-0.06102667915951443,0.013052905478346588,0
563,CN7_L_000563,2,0,stable_derived,-0.08055813383002741,0.013052905478346588,0
564,CN7_L_000564,1,0,stable_derived,-0.049158208896383115,0.013052905478346588,0
566,CN7_L_000566,2,0,stable_derived,-0.08548507181785192,0.013052905478346588,0
567,CN7_L_000567,0,0,stable_derived,-0.04798517612680264,0.013052905478346588,0
568,CN7_L_000568,2,0,stable_derived,-0.10037580600630092,0.013052905478346588,0
569,CN7_L_000569,1,0,stable_derived,-0.0818034964721468,0.013052905478346588,0
570,CN7_L_000570,2,0,stable_derived,-0.08000398015769283,0.013052905478346588,0
571,CN7_L_000571,3,0,stable_derived,-0.04327592298633043,0.013052905478346588,0
572,CN7_L_000572,1,0,stable_derived,-0.07863277015074521,0.013052905478346588,0
573,CN7_L_000573,3,0,stable_derived,-0.04000177948287842,0.013052905478346588,0
575,CN7_L_000575,2,0,stable_derived,-0.059124178738510835,0.013052905478346588,0
576,CN7_L_000576,3,0,stable_derived,-0.04626995705421111,0.013052905478346588,0
578,CN7_L_000578,2,0,stable_derived,-0.07043525134342499,0.013052905478346588,0
579,CN7_L_000579,2,0,stable_derived,-0.09136772963939155,0.013052905478346588,0
580,CN7_L_000580,2,0,stable_derived,-0.10908047015199163,0.013052905478346588,0
581,CN7_L_000581,1,0,stable_derived,-0.04202436899409445,0.013052905478346588,0
582,CN7_L_000582,1,0,stable_derived,-0.06143335660980309,0.013052905478346588,0
583,CN7_L_000583,1,0,stable_derived,-0.06490365866903369,0.013052905478346588,0
584,CN7_L_000584,3,0,stable_derived,-0.05113257559486195,0.013052905478346588,0
585,CN7_L_000585,0,0,stable_derived,-0.0680466565192046,0.013052905478346588,0
586,CN7_L_000586,3,0,stable_derived,-0.04756028456115935,0.013052905478346588,0
587,CN7_L_000587,0,0,stable_derived,-0.0646142596114454,0.013052905478346588,0
590,CN7_L_000590,3,0,stable_derived,-0.018065150946831476,0.013052905478346588,0
592,CN7_L_000592,2,0,stable_derived,-0.04865165370615543,0.013052905478346588,0
593,CN7_L_000593,1,0,stable_derived,-0.061979245080777456,0.013052905478346588,0
594,CN7_L_000594,1,0,stable_derived,-0.04215525133311937,0.013052905478346588,0
595,CN7_L_000595,3,0,stable_derived,-0.026691326050424458,0.013052905478346588,0
596,CN7_L_000596,0,0,stable_derived,-0.05290061205925012,0.013052905478346588,0
597,CN7_L_000597,1,0,stable_derived,-0.08029677430641291,0.013052905478346588,0
598,CN7_L_000598,0,0,stable_derived,-0.06335928320239326,0.013052905478346588,0
599,CN7_L_000599,0,0,stable_derived,-0.057683690262402276,0.013052905478346588,0
601,CN7_L_000601,2,0,stable_derived,-0.06866205483567134,0.013052905478346588,0
602,CN7_L_000602,2,0,stable_derived,-0.1066758969516286,0.013052905478346588,0
604,CN7_L_000604,3,0,stable_derived,0.4960729341471204,0.013052905478346588,1
605,CN7_L_000605,0,0,stable_derived,2.467246848844773,0.013052905478346588,1
0,CN7_L_000000,0,0,positive_derived,-0.04741477130339433,0.007767011983481176,0
2,CN7_L_000002,0,0,positive_derived,-0.030347754549155503,0.007767011983481176,0
3,CN7_L_000003,0,0,positive_derived,-0.12158806662143462,0.007767011983481176,0
4,CN7_L_000004,3,0,positive_derived,-0.11572680955087566,0.007767011983481176,0
5,CN7_L_000005,2,0,positive_derived,-0.05512107105834563,0.007767011983481176,0
6,CN7_L_000006,2,0,positive_derived,-0.06688313704789284,0.007767011983481176,0
7,CN7_L_000007,1,0,positive_derived,-0.10117647647460704,0.007767011983481176,0
8,CN7_L_000008,0,0,positive_derived,-0.07341786019375096,0.007767011983481176,0
9,CN7_L_000009,1,0,positive_derived,-0.017487055459767475,0.007767011983481176,0
10,CN7_L_000010,0,0,positive_derived,-0.09048416688263128,0.007767011983481176,0
11,CN7_L_000011,0,0,positive_derived,-0.12013562695833802,0.007767011983481176,0
12,CN7_L_000012,1,0,positive_derived,-0.018800644642616327,0.007767011983481176,0
15,CN7_L_000015,2,0,positive_derived,-0.09640764349111919,0.007767011983481176,0
16,CN7_L_000016,1,0,positive_derived,-0.03759985523705289,0.007767011983481176,0
17,CN7_L_000017,3,0,positive_derived,-0.06372233047727249,0.007767011983481176,0
18,CN7_L_000018,2,0,positive_derived,-0.024985433752087616,0.007767011983481176,0
19,CN7_L_000019,1,0,positive_derived,-0.05010821832446233,0.007767011983481176,0
22,CN7_L_000022,0,0,positive_derived,0.020630675750388683,0.007767011983481176,1
23,CN7_L_000023,3,0,positive_derived,-0.08273155792823683,0.007767011983481176,0
24,CN7_L_000024,3,1,positive_derived,-0.0899254912375218,0.007767011983481176,0
25,CN7_L_000025,0,0,positive_derived,-0.10409867978721454,0.007767011983481176,0
26,CN7_L_000026,0,0,positive_derived,-0.05788070853442839,0.007767011983481176,0
27,CN7_L_000027,3,0,positive_derived,-0.0963833151705451,0.007767011983481176,0
29,CN7_L_000029,0,0,positive_derived,-0.04119256784246694,0.007767011983481176,0
30,CN7_L_000030,1,0,positive_derived,-0.10195392079169885,0.007767011983481176,0
31,CN7_L_000031,0,0,positive_derived,-0.04063402412609474,0.007767011983481176,0
32,CN7_L_000032,2,0,positive_derived,-0.061810478049270756,0.007767011983481176,0
34,CN7_L_000034,3,0,positive_derived,-0.11373471384902789,0.007767011983481176,0
36,CN7_L_000036,0,0,positive_derived,1.4765801956991584,0.007767011983481176,1
37,CN7_L_000037,0,0,positive_derived,-0.020512280384235915,0.007767011983481176,0
38,CN7_L_000038,3,0,positive_derived,-0.1144771109077487,0.007767011983481176,0
39,CN7_L_000039,0,0,positive_derived,-0.07930628502322978,0.007767011983481176,0
40,CN7_L_000040,1,1,positive_derived,-0.07680392045668594,0.007767011983481176,0
41,CN7_L_000041,1,0,positive_derived,-0.0838488094816272,0.007767011983481176,0
43,CN7_L_000043,0,0,positive_derived,-0.135044228770548,0.007767011983481176,0
44,CN7_L_000044,3,0,positive_derived,-0.04037168364436372,0.007767011983481176,0
45,CN7_L_000045,0,0,positive_derived,-0.05901618434359879,0.007767011983481176,0
46,CN7_L_000046,0,0,positive_derived,-0.07182851831124726,0.007767011983481176,0
47,CN7_L_000047,2,0,positive_derived,-0.12771817049248746,0.007767011983481176,0
48,CN7_L_000048,0,1,positive_derived,0.04176959779850886,0.007767011983481176,1
49,CN7_L_000049,3,0,positive_derived,-0.09629711025840404,0.007767011983481176,0
52,CN7_L_000052,2,1,positive_derived,-0.08687533454399698,0.007767011983481176,0
53,CN7_L_000053,1,1,positive_derived,-0.053848959537337926,0.007767011983481176,0
54,CN7_L_000054,3,1,positive_derived,0.008943785774475188,0.007767011983481176,1
55,CN7_L_000055,0,1,positive_derived,-0.09828709422618953,0.007767011983481176,0
56,CN7_L_000056,2,1,positive_derived,-0.0693034966631485,0.007767011983481176,0
58,CN7_L_000058,1,1,positive_derived,1.423825666432713,0.007767011983481176,1
59,CN7_L_000059,3,1,positive_derived,2.0817135774980735,0.007767011983481176,1
60,CN7_L_000060,2,1,positive_derived,1.6192546441584308,0.007767011983481176,1
62,CN7_L_000062,1,0,positive_derived,-0.12240652834240962,0.007767011983481176,0
63,CN7_L_000063,3,0,positive_derived,-0.11846748590040068,0.007767011983481176,0
64,CN7_L_000064,3,0,positive_derived,-0.13526347858202037,0.007767011983481176,0
65,CN7_L_000065,2,0,positive_derived,-0.07004765290963544,0.007767011983481176,0
67,CN7_L_000067,3,0,positive_derived,-0.06380788607520849,0.007767011983481176,0
68,CN7_L_000068,3,0,positive_derived,-0.05920981739204123,0.007767011983481176,0
69,CN7_L_000069,2,0,positive_derived,-0.10192568377822209,0.007767011983481176,0
70,CN7_L_000070,1,0,positive_derived,-0.11396619562078047,0.007767011983481176,0
71,CN7_L_000071,2,0,positive_derived,-0.10287056199640698,0.007767011983481176,0
73,CN7_L_000073,0,0,positive_derived,-0.12587742517945344,0.007767011983481176,0
74,CN7_L_000074,0,0,positive_derived,-0.07373302394490455,0.007767011983481176,0
77,CN7_L_000077,2,0,positive_derived,-0.05905625235892131,0.007767011983481176,0
79,CN7_L_000079,3,0,positive_derived,-0.04947885325992285,0.007767011983481176,0
80,CN7_L_000080,2,0,positive_derived,-0.04152116905409642,0.007767011983481176,0
81,CN7_L_000081,2,0,positive_derived,-0.11668171672394134,0.007767011983481176,0
82,CN7_L_000082,3,0,positive_derived,-0.05804244177303186,0.007767011983481176,0
83,CN7_L_000083,2,0,positive_derived,-0.08228253769842642,0.007767011983481176,0
84,CN7_L_000084,3,0,positive_derived,-0.10499717490524141,0.007767011983481176,0
86,CN7_L_000086,0,0,positive_derived,-0.06120539012752957,0.007767011983481176,0
87,CN7_L_000087,3,0,positive_derived,-0.12722294907474385,0.007767011983481176,0
88,CN7_L_000088,0,0,positive_derived,-0.11573606528706204,0.007767011983481176,0
89,CN7_L_000089,3,0,positive_derived,-0.06888440419752495,0.007767011983481176,0
90,CN7_L_000090,1,0,positive_derived,-0.08275063551218498,0.007767011983481176,0
91,CN7_L_000091,2,0,positive_derived,-0.15846280412217162,0.007767011983481176,0
92,CN7_L_000092,3,0,positive_derived,-0.11819722179075676,0.007767011983481176,0
93,CN7_L_000093,1,0,positive_derived,-0.06312210830114129,0.007767011983481176,0
95,CN7_L_000095,0,0,positive_derived,-0.009530681611017222,0.007767011983481176,0
96,CN7_L_000096,3,0,positive_derived,-0.1082360805272522,0.007767011983481176,0
97,CN7_L_000097,3,0,positive_derived,-0.07902126996317538,0.007767011983481176,0
98,CN7_L_000098,3,0,positive_derived,0.006909987641456006,0.007767011983481176,0
99,CN7_L_000099,2,0,positive_derived,-0.11526125551376865,0.007767011983481176,0
100,CN7_L_000100,3,0,positive_derived,-0.05262321969135986,0.007767011983481176,0
102,CN7_L_000102,3,0,positive_derived,-0.09173969339046018,0.007767011983481176,0
103,CN7_L_000103,0,0,positive_derived,-0.0026751360547878633,0.007767011983481176,0
104,CN7_L_000104,2,0,positive_derived,-0.0701463171054657,0.007767011983481176,0
106,CN7_L_000106,3,0,positive_derived,-0.07029595160301483,0.007767011983481176,0
107,CN7_L_000107,0,0,positive_derived,-0.05995783724302495,0.007767011983481176,0
108,CN7_L_000108,2,0,positive_derived,-0.12315476924599444,0.007767011983481176,0
109,CN7_L_000109,2,0,positive_derived,-0.07467430278286624,0.007767011983481176,0
110,CN7_L_000110,0,0,positive_derived,0.041651657557988386,0.007767011983481176,1
111,CN7_L_000111,1,0,positive_derived,-0.11000644397092962,0.007767011983481176,0
115,CN7_L_000115,0,0,positive_derived,-0.10613788652521272,0.007767011983481176,0
117,CN7_L_000117,3,0,positive_derived,0.009279048065787165,0.007767011983481176,1
118,CN7_L_000118,3,0,positive_derived,-0.0831636812494132,0.007767011983481176,0
121,CN7_L_000121,3,0,positive_derived,-0.11528658974428385,0.007767011983481176,0
122,CN7_L_000122,3,0,positive_derived,-0.0936635530623553,0.007767011983481176,0
123,CN7_L_000123,0,0,positive_derived,-0.08507738046717339,0.007767011983481176,0
124,CN7_L_000124,2,0,positive_derived,-0.10770637854458975,0.007767011983481176,0
125,CN7_L_000125,3,0,positive_derived,-0.09548847180405584,0.007767011983481176,0
126,CN7_L_000126,2,0,positive_derived,-0.06906012569542064,0.007767011983481176,0
127,CN7_L_000127,0,0,positive_derived,-0.032945927779769235,0.007767011983481176,0
128,CN7_L_000128,1,0,positive_derived,-0.1330698305681599,0.007767011983481176,0
129,CN7_L_000129,2,0,positive_derived,-0.08836589032961584,0.007767011983481176,0
130,CN7_L_000130,1,0,positive_derived,-0.09216794156120667,0.007767011983481176,0
131,CN7_L_000131,3,0,positive_derived,-0.14551898437470445,0.007767011983481176,0
132,CN7_L_000132,1,0,positive_derived,-0.15327069526756176,0.007767011983481176,0
133,CN7_L_000133,1,0,positive_derived,-0.06479468940958721,0.007767011983481176,0
134,CN7_L_000134,2,0,positive_derived,-0.07421246987365127,0.007767011983481176,0
136,CN7_L_000136,0,0,positive_derived,-0.07368694795811326,0.007767011983481176,0
137,CN7_L_000137,3,0,positive_derived,-0.11516309233150146,0.007767011983481176,0
138,CN7_L_000138,0,0,positive_derived,-0.08090270319746029,0.007767011983481176,0
139,CN7_L_000139,2,0,positive_derived,-0.08825339851016434,0.007767011983481176,0
140,CN7_L_000140,1,0,positive_derived,-0.09166598072605137,0.007767011983481176,0
141,CN7_L_000141,3,0,positive_derived,-0.08953593933733117,0.007767011983481176,0
143,CN7_L_000143,1,0,positive_derived,-0.07379178168644973,0.007767011983481176,0
145,CN7_L_000145,0,0,positive_derived,-0.11734697806418559,0.007767011983481176,0
146,CN7_L_000146,3,0,positive_derived,-0.09343548819517,0.007767011983481176,0
147,CN7_L_000147,1,0,positive_derived,-0.03513533513359679,0.007767011983481176,0
150,CN7_L_000150,3,0,positive_derived,-0.08234128436321075,0.007767011983481176,0
151,CN7_L_000151,0,0,positive_derived,-0.06250045263009252,0.007767011983481176,0
153,CN7_L_000153,0,0,positive_derived,-0.08569113597088229,0.007767011983481176,0
154,CN7_L_000154,0,0,positive_derived,0.013944598170894551,0.007767011983481176,1
155,CN7_L_000155,1,0,positive_derived,-0.04857394375763224,0.007767011983481176,0
156,CN7_L_000156,0,0,positive_derived,0.01993967797640117,0.007767011983481176,1
157,CN7_L_000157,0,0,positive_derived,-0.11915369398066389,0.007767011983481176,0
158,CN7_L_000158,0,0,positive_derived,-0.09131575720222074,0.007767011983481176,0
159,CN7_L_000159,2,0,positive_derived,-0.07132700722900243,0.007767011983481176,0
160,CN7_L_000160,1,0,positive_derived,-0.056829540485231256,0.007767011983481176,0
161,CN7_L_000161,1,0,positive_derived,-0.1542205135231809,0.007767011983481176,0
162,CN7_L_000162,2,0,positive_derived,-0.10437413425742292,0.007767011983481176,0
163,CN7_L_000163,2,0,positive_derived,-0.03823209521563875,0.007767011983481176,0
164,CN7_L_000164,0,0,positive_derived,0.9361179620559676,0.007767011983481176,1
165,CN7_L_000165,2,0,positive_derived,-0.10300678367578353,0.007767011983481176,0
166,CN7_L_000166,1,0,positive_derived,-0.13249894514664273,0.007767011983481176,0
167,CN7_L_000167,2,0,positive_derived,-0.04035653869018052,0.007767011983481176,0
168,CN7_L_000168,3,0,positive_derived,0.0013921314552289843,0.007767011983481176,0
169,CN7_L_000169,2,0,positive_derived,-0.10011799339860872,0.007767011983481176,0
171,CN7_L_000171,3,0,positive_derived,-0.11071600752807953,0.007767011983481176,0
172,CN7_L_000172,0,0,positive_derived,-0.12093810443906428,0.007767011983481176,0
173,CN7_L_000173,3,0,positive_derived,-0.10185622994613652,0.007767011983481176,0
177,CN7_L_000177,1,0,positive_derived,-0.07847036053208978,0.007767011983481176,0
178,CN7_L_000178,0,0,positive_derived,-0.11163747864602946,0.007767011983481176,0
179,CN7_L_000179,0,0,positive_derived,-0.1466002136762361,0.007767011983481176,0
181,CN7_L_000181,0,0,positive_derived,-0.0965510861098009,0.007767011983481176,0
182,CN7_L_000182,0,0,positive_derived,-0.06098029409813677,0.007767011983481176,0
183,CN7_L_000183,3,0,positive_derived,-0.14843175960480792,0.007767011983481176,0
184,CN7_L_000184,2,0,positive_derived,-0.11392199367437694,0.007767011983481176,0
186,CN7_L_000186,0,0,positive_derived,-0.15029331498190412,0.007767011983481176,0
187,CN7_L_000187,1,0,positive_derived,-0.1431987667592196,0.007767011983481176,0
188,CN7_L_000188,0,0,positive_derived,-0.11225576370730117,0.007767011983481176,0
189,CN7_L_000189,0,0,positive_derived,-0.046035483250266296,0.007767011983481176,0
190,CN7_L_000190,2,0,positive_derived,-0.11742885481258636,0.007767011983481176,0
191,CN7_L_000191,2,0,positive_derived,-0.10263624178305353,0.007767011983481176,0
192,CN7_L_000192,0,0,positive_derived,-0.05448262832983364,0.007767011983481176,0
193,CN7_L_000193,2,0,positive_derived,-0.008263397220964919,0.007767011983481176,0
194,CN7_L_000194,1,0,positive_derived,-0.028824292049158373,0.007767011983481176,0
195,CN7_L_000195,0,0,positive_derived,-0.048341829657004176,0.007767011983481176,0
196,CN7_L_000196,0,0,positive_derived,-0.06919094879657273,0.007767011983481176,0
197,CN7_L_000197,3,0,positive_derived,-0.11278350179795993,0.007767011983481176,0
198,CN7_L_000198,0,0,positive_derived,-0.09073577726166437,0.007767011983481176,0
199,CN7_L_000199,2,0,positive_derived,-0.03176862620309162,0.007767011983481176,0
200,CN7_L_000200,3,0,positive_derived,-0.0395205248095456,0.007767011983481176,0
202,CN7_L_000202,0,0,positive_derived,-0.08981797060858199,0.007767011983481176,0
204,CN7_L_000204,0,0,positive_derived,-0.12211283173763476,0.007767011983481176,0
206,CN7_L_000206,1,0,positive_derived,-0.06039018097850413,0.007767011983481176,0
207,CN7_L_000207,1,0,positive_derived,-0.03523674744463978,0.007767011983481176,0
208,CN7_L_000208,2,0,positive_derived,-0.0299620555346225,0.007767011983481176,0
209,CN7_L_000209,3,0,positive_derived,-0.08901623627402344,0.007767011983481176,0
210,CN7_L_000210,3,0,positive_derived,-0.08957425198472446,0.007767011983481176,0
211,CN7_L_000211,3,0,positive_derived,0.014554156233559823,0.007767011983481176,1
212,CN7_L_000212,3,0,positive_derived,-0.10081445336550665,0.007767011983481176,0
213,CN7_L_000213,3,0,positive_derived,-0.08284131402324224,0.007767011983481176,0
216,CN7_L_000216,3,0,positive_derived,-0.0905785748467105,0.007767011983481176,0
217,CN7_L_000217,1,0,positive_derived,-0.0897188007019567,0.007767011983481176,0
218,CN7_L_000218,2,0,positive_derived,-0.07753246026048277,0.007767011983481176,0
220,CN7_L_000220,2,0,positive_derived,-0.051242196471875445,0.007767011983481176,0
221,CN7_L_000221,2,0,positive_derived,-0.06895576999124309,0.007767011983481176,0
222,CN7_L_000222,3,0,positive_derived,-0.12741050850076974,0.007767011983481176,0
223,CN7_L_000223,1,0,positive_derived,0.04967543280682385,0.007767011983481176,1
224,CN7_L_000224,3,0,positive_derived,-0.06998044554837701,0.007767011983481176,0
225,CN7_L_000225,0,0,positive_derived,-0.08788161029494201,0.007767011983481176,0
226,CN7_L_000226,3,0,positive_derived,-0.09260704313125157,0.007767011983481176,0
231,CN7_L_000231,1,0,positive_derived,-0.046686957095312565,0.007767011983481176,0
232,CN7_L_000232,1,0,positive_derived,-0.04229054973692303,0.007767011983481176,0
233,CN7_L_000233,1,0,positive_derived,-0.03851128873363052,0.007767011983481176,0
234,CN7_L_000234,3,0,positive_derived,-0.08874725120522786,0.007767011983481176,0
235,CN7_L_000235,3,0,positive_derived,-0.0946718115691052,0.007767011983481176,0
236,CN7_L_000236,0,0,positive_derived,-0.11637111968857017,0.007767011983481176,0
237,CN7_L_000237,3,0,positive_derived,-0.06563647684396212,0.007767011983481176,0
238,CN7_L_000238,1,0,positive_derived,-0.10387825602400813,0.007767011983481176,0
239,CN7_L_000239,1,0,positive_derived,-0.05998189058098102,0.007767011983481176,0
241,CN7_L_000241,1,0,positive_derived,-0.046567718616916665,0.007767011983481176,0
242,CN7_L_000242,0,0,positive_derived,-0.0032627579544852736,0.007767011983481176,0
243,CN7_L_000243,2,0,positive_derived,-0.10583748093970513,0.007767011983481176,0
245,CN7_L_000245,1,0,positive_derived,-0.09218783031093203,0.007767011983481176,0
246,CN7_L_000246,1,0,positive_derived,-0.08505640377118073,0.007767011983481176,0
247,CN7_L_000247,1,0,positive_derived,0.007767011983481176,0.007767011983481176,0
248,CN7_L_000248,2,0,positive_derived,-0.10935286542560352,0.007767011983481176,0
249,CN7_L_000249,3,0,positive_derived,-0.07330517582683616,0.007767011983481176,0
250,CN7_L_000250,1,0,positive_derived,-0.11632076390389923,0.007767011983481176,0
251,CN7_L_000251,2,0,positive_derived,-0.06195130632838364,0.007767011983481176,0
252,CN7_L_000252,1,0,positive_derived,-0.08069618847163973,0.007767011983481176,0
253,CN7_L_000253,3,0,positive_derived,-0.13023284381785682,0.007767011983481176,0
254,CN7_L_000254,3,0,positive_derived,-0.0973742721491595,0.007767011983481176,0
256,CN7_L_000256,3,0,positive_derived,-0.058191224568812316,0.007767011983481176,0
258,CN7_L_000258,2,0,positive_derived,-0.12466333267622698,0.007767011983481176,0
259,CN7_L_000259,0,0,positive_derived,-0.10596563192604602,0.007767011983481176,0
260,CN7_L_000260,1,0,positive_derived,-0.14637747474303708,0.007767011983481176,0
261,CN7_L_000261,3,0,positive_derived,-0.10033536573241886,0.007767011983481176,0
262,CN7_L_000262,3,0,positive_derived,-0.13672084863575584,0.007767011983481176,0
263,CN7_L_000263,2,0,positive_derived,-0.09720218998680963,0.007767011983481176,0
264,CN7_L_000264,3,0,positive_derived,-0.10781581300787213,0.007767011983481176,0
267,CN7_L_000267,0,0,positive_derived,-0.11458329525551836,0.007767011983481176,0
268,CN7_L_000268,0,0,positive_derived,-0.1357039161284037,0.007767011983481176,0
269,CN7_L_000269,1,0,positive_derived,-0.09071873120061102,0.007767011983481176,0
270,CN7_L_000270,2,0,positive_derived,-0.14123136645713963,0.007767011983481176,0
271,CN7_L_000271,0,0,positive_derived,-0.1388324416770299,0.007767011983481176,0
272,CN7_L_000272,2,0,positive_derived,-0.12619080738169952,0.007767011983481176,0
273,CN7_L_000273,3,0,positive_derived,-0.07364458385118766,0.007767011983481176,0
275,CN7_L_000275,1,0,positive_derived,-0.12362517867043898,0.007767011983481176,0
276,CN7_L_000276,1,0,positive_derived,-0.10423146737264233,0.007767011983481176,0
277,CN7_L_000277,1,0,positive_derived,-0.07472414214850964,0.007767011983481176,0
278,CN7_L_000278,1,0,positive_derived,-0.09934482751399543,0.007767011983481176,0
279,CN7_L_000279,0,0,positive_derived,-0.10976749338455782,0.007767011983481176,0
280,CN7_L_000280,3,0,positive_derived,-0.10496403232954332,0.007767011983481176,0
282,CN7_L_000282,0,0,positive_derived,-0.09307391214554883,0.007767011983481176,0
285,CN7_L_000285,0,0,positive_derived,-0.12640420063630842,0.007767011983481176,0
286,CN7_L_000286,0,0,positive_derived,-0.15647380590160953,0.007767011983481176,0
288,CN7_L_000288,2,0,positive_derived,-0.13845764003645478,0.007767011983481176,0
289,CN7_L_000289,1,0,positive_derived,-0.15775321360183803,0.007767011983481176,0
291,CN7_L_000291,3,0,positive_derived,-0.11841455948313051,0.007767011983481176,0
292,CN7_L_000292,3,0,positive_derived,-0.06527438822004417,0.007767011983481176,0
293,CN7_L_000293,1,0,positive_derived,-0.07557441683432309,0.007767011983481176,0
294,CN7_L_000294,2,0,positive_derived,-0.16589907219791744,0.007767011983481176,0
295,CN7_L_000295,1,0,positive_derived,-0.10989305199684551,0.007767011983481176,0
296,CN7_L_000296,3,0,positive_derived,-0.11863968394703317,0.007767011983481176,0
297,CN7_L_000297,1,0,positive_derived,-0.14292466667755654,0.007767011983481176,0
298,CN7_L_000298,0,0,positive_derived,-0.14039569271200225,0.007767011983481176,0
299,CN7_L_000299,1,0,positive_derived,-0.08763808209564061,0.007767011983481176,0
300,CN7_L_000300,1,0,positive_derived,-0.1173302851512954,0.007767011983481176,0
301,CN7_L_000301,1,0,positive_derived,-0.09150436782011884,0.007767011983481176,0
303,CN7_L_000303,1,0,positive_derived,-0.12805674261575728,0.007767011983481176,0
304,CN7_L_000304,0,0,positive_derived,-0.1308096889848862,0.007767011983481176,0
305,CN7_L_000305,0,0,positive_derived,-0.12164721731228045,0.007767011983481176,0
307,CN7_L_000307,3,0,positive_derived,-0.1073763896610318,0.007767011983481176,0
308,CN7_L_000308,0,0,positive_derived,-0.12871136144481898,0.007767011983481176,0
310,CN7_L_000310,3,0,positive_derived,-0.13533059692819638,0.007767011983481176,0
311,CN7_L_000311,1,0,positive_derived,-0.1123455834566176,0.007767011983481176,0
312,CN7_L_000312,2,0,positive_derived,-0.1296981857629449,0.007767011983481176,0
313,CN7_L_000313,0,0,positive_derived,-0.11784832186543248,0.007767011983481176,0
314,CN7_L_000314,1,0,positive_derived,-0.1084174568217966,0.007767011983481176,0
315,CN7_L_000315,2,0,positive_derived,-0.11192033386677203,0.007767011983481176,0
316,CN7_L_000316,3,0,positive_derived,-0.09587430537977326,0.007767011983481176,0
317,CN7_L_000317,3,0,positive_derived,-0.06719674079477755,0.007767011983481176,0
318,CN7_L_000318,2,0,positive_derived,-0.09052331138771041,0.007767011983481176,0
319,CN7_L_000319,0,0,positive_derived,-0.1584379122283499,0.007767011983481176,0
320,CN7_L_000320,2,0,positive_derived,-0.13325328588158225,0.007767011983481176,0
321,CN7_L_000321,0,0,positive_derived,-0.13417996514703034,0.007767011983481176,0
323,CN7_L_000323,0,0,positive_derived,-0.13966144860217966,0.007767011983481176,0
324,CN7_L_000324,0,0,positive_derived,-0.09351664718739983,0.007767011983481176,0
325,CN7_L_000325,1,0,positive_derived,-0.0669671378626795,0.007767011983481176,0
326,CN7_L_000326,1,0,positive_derived,-0.0950192972498316,0.007767011983481176,0
328,CN7_L_000328,1,0,positive_derived,-0.10472311566874293,0.007767011983481176,0
330,CN7_L_000330,1,0,positive_derived,-0.14675980073424189,0.007767011983481176,0
331,CN7_L_000331,1,0,positive_derived,-0.13428181187996469,0.007767011983481176,0
332,CN7_L_000332,0,0,positive_derived,-0.13315906918964604,0.007767011983481176,0
333,CN7_L_000333,2,0,positive_derived,-0.11294120809721697,0.007767011983481176,0
334,CN7_L_000334,3,0,positive_derived,-0.16424104882457247,0.007767011983481176,0
335,CN7_L_000335,3,0,positive_derived,0.015150422790178197,0.007767011983481176,1
336,CN7_L_000336,2,0,positive_derived,-0.07711344322199754,0.007767011983481176,0
337,CN7_L_000337,2,0,positive_derived,-0.13969042153648203,0.007767011983481176,0
338,CN7_L_000338,2,0,positive_derived,-0.13679426978797782,0.007767011983481176,0
339,CN7_L_000339,3,0,positive_derived,-0.15832253603657076,0.007767011983481176,0
340,CN7_L_000340,2,0,positive_derived,-0.1067241847171223,0.007767011983481176,0
342,CN7_L_000342,1,0,positive_derived,-0.03432287106451426,0.007767011983481176,0
343,CN7_L_000343,2,0,positive_derived,-0.1080520509900289,0.007767011983481176,0
345,CN7_L_000345,1,0,positive_derived,-0.06794594591595438,0.007767011983481176,0
346,CN7_L_000346,3,0,positive_derived,-0.09211254818401571,0.007767011983481176,0
347,CN7_L_000347,1,0,positive_derived,-0.11988198382306336,0.007767011983481176,0
348,CN7_L_000348,1,0,positive_derived,-0.06851398896516248,0.007767011983481176,0
349,CN7_L_000349,3,0,positive_derived,-0.1536861326308694,0.007767011983481176,0
350,CN7_L_000350,2,0,positive_derived,-0.12451802613761753,0.007767011983481176,0
352,CN7_L_000352,2,0,positive_derived,-0.13790213000549656,0.007767011983481176,0
354,CN7_L_000354,3,0,positive_derived,-0.1404738546782447,0.007767011983481176,0
355,CN7_L_000355,2,0,positive_derived,-0.1397111688660404,0.007767011983481176,0
356,CN7_L_000356,2,0,positive_derived,-0.014324694293384788,0.007767011983481176,0
358,CN7_L_000358,2,0,positive_derived,-0.12518849885890226,0.007767011983481176,0
360,CN7_L_000360,2,0,positive_derived,-0.08077124120279855,0.007767011983481176,0
361,CN7_L_000361,2,0,positive_derived,-0.03843347920292928,0.007767011983481176,0
362,CN7_L_000362,0,0,positive_derived,-0.07568784451396926,0.007767011983481176,0
363,CN7_L_000363,1,0,positive_derived,-0.10759533450422509,0.007767011983481176,0
364,CN7_L_000364,2,0,positive_derived,-0.048256204273447345,0.007767011983481176,0
365,CN7_L_000365,2,0,positive_derived,-0.11827999530697486,0.007767011983481176,0
366,CN7_L_000366,2,0,positive_derived,-0.14117634796880907,0.007767011983481176,0
367,CN7_L_000367,3,0,positive_derived,-0.08051362631369674,0.007767011983481176,0
368,CN7_L_000368,2,0,positive_derived,-0.06999450427662257,0.007767011983481176,0
369,CN7_L_000369,1,0,positive_derived,-0.14411410572193795,0.007767011983481176,0
370,CN7_L_000370,2,0,positive_derived,-0.1143291612216295,0.007767011983481176,0
371,CN7_L_000371,1,0,positive_derived,-0.10634526642216979,0.007767011983481176,0
372,CN7_L_000372,1,0,positive_derived,-0.11329844914913068,0.007767011983481176,0
374,CN7_L_000374,1,0,positive_derived,-0.1046920036194976,0.007767011983481176,0
375,CN7_L_000375,2,0,positive_derived,-0.16382208021332456,0.007767011983481176,0
376,CN7_L_000376,1,0,positive_derived,-0.11411952858714614,0.007767011983481176,0
377,CN7_L_000377,0,0,positive_derived,-0.08736815766050121,0.007767011983481176,0
378,CN7_L_000378,1,0,positive_derived,-0.06161606975072775,0.007767011983481176,0
379,CN7_L_000379,3,0,positive_derived,-0.11179519269217231,0.007767011983481176,0
381,CN7_L_000381,1,0,positive_derived,-0.07224156662603409,0.007767011983481176,0
382,CN7_L_000382,3,0,positive_derived,-0.1301823512333442,0.007767011983481176,0
383,CN7_L_000383,3,0,positive_derived,-0.02733642351815302,0.007767011983481176,0
384,CN7_L_000384,1,0,positive_derived,-0.18930429373659674,0.007767011983481176,0
385,CN7_L_000385,2,0,positive_derived,-0.1374617456827636,0.007767011983481176,0
387,CN7_L_000387,3,0,positive_derived,-0.04885240366163135,0.007767011983481176,0
388,CN7_L_000388,0,0,positive_derived,-0.130676077704309,0.007767011983481176,0
389,CN7_L_000389,2,0,positive_derived,-0.07974953168300569,0.007767011983481176,0
390,CN7_L_000390,3,0,positive_derived,-0.060452355329996266,0.007767011983481176,0
391,CN7_L_000391,1,0,positive_derived,-0.14377280868290843,0.007767011983481176,0
394,CN7_L_000394,3,0,positive_derived,-0.0753943927671692,0.007767011983481176,0
395,CN7_L_000395,0,0,positive_derived,-0.11245574981595308,0.007767011983481176,0
396,CN7_L_000396,3,0,positive_derived,-0.08533976792702713,0.007767011983481176,0
397,CN7_L_000397,0,0,positive_derived,-0.13550372356873552,0.007767011983481176,0
398,CN7_L_000398,2,0,positive_derived,-0.11771085016392924,0.007767011983481176,0
400,CN7_L_000400,0,0,positive_derived,-0.1561469900977892,0.007767011983481176,0
402,CN7_L_000402,2,0,positive_derived,-0.14455358773721816,0.007767011983481176,0
404,CN7_L_000404,1,0,positive_derived,-0.1097578609514569,0.007767011983481176,0
406,CN7_L_000406,1,0,positive_derived,-0.13069695510768575,0.007767011983481176,0
407,CN7_L_000407,0,0,positive_derived,-0.10010527793142554,0.007767011983481176,0
408,CN7_L_000408,0,0,positive_derived,0.0063586598387272986,0.007767011983481176,0
409,CN7_L_000409,0,0,positive_derived,-0.03252937979491488,0.007767011983481176,0
410,CN7_L_000410,1,0,positive_derived,-0.13764210947091282,0.007767011983481176,0
411,CN7_L_000411,1,0,positive_derived,-0.17577319671339708,0.007767011983481176,0
412,CN7_L_000412,3,0,positive_derived,-0.08745845953422471,0.007767011983481176,0
413,CN7_L_000413,2,0,positive_derived,-0.12082454860315739,0.007767011983481176,0
414,CN7_L_000414,1,0,positive_derived,-0.0828978294080871,0.007767011983481176,0
416,CN7_L_000416,0,0,positive_derived,-0.12623042367003912,0.007767011983481176,0
417,CN7_L_000417,0,0,positive_derived,-0.09235512494302611,0.007767011983481176,0
418,CN7_L_000418,2,0,positive_derived,-0.11661494433388864,0.007767011983481176,0
419,CN7_L_000419,2,0,positive_derived,-0.10910120478793317,0.007767011983481176,0
421,CN7_L_000421,3,0,positive_derived,-0.10894136433139145,0.007767011983481176,0
422,CN7_L_000422,1,0,positive_derived,-0.16809052398539848,0.007767011983481176,0
423,CN7_L_000423,0,0,positive_derived,-0.11364327772196425,0.007767011983481176,0
424,CN7_L_000424,3,0,positive_derived,-0.09697136143392804,0.007767011983481176,0
425,CN7_L_000425,1,0,positive_derived,-0.10398982123464151,0.007767011983481176,0
426,CN7_L_000426,2,0,positive_derived,-0.13053126426606987,0.007767011983481176,0
428,CN7_L_000428,2,0,positive_derived,-0.1110260580028406,0.007767011983481176,0
429,CN7_L_000429,3,0,positive_derived,-0.0481877326172917,0.007767011983481176,0
430,CN7_L_000430,0,0,positive_derived,-0.1450356843386018,0.007767011983481176,0
433,CN7_L_000433,2,0,positive_derived,-0.03605822239615897,0.007767011983481176,0
434,CN7_L_000434,3,0,positive_derived,-0.09554875323109524,0.007767011983481176,0
435,CN7_L_000435,0,0,positive_derived,-0.16436456336458782,0.007767011983481176,0
436,CN7_L_000436,1,0,positive_derived,-0.14145218666487214,0.007767011983481176,0
437,CN7_L_000437,3,0,positive_derived,-0.15774952881038562,0.007767011983481176,0
438,CN7_L_000438,1,0,positive_derived,-0.09078228731878202,0.007767011983481176,0
439,CN7_L_000439,1,0,positive_derived,-0.03992266307823211,0.007767011983481176,0
440,CN7_L_000440,0,0,positive_derived,-0.12578124340259933,0.007767011983481176,0
442,CN7_L_000442,2,0,positive_derived,-0.10573693760216685,0.007767011983481176,0
443,CN7_L_000443,1,0,positive_derived,-0.07282601004868194,0.007767011983481176,0
445,CN7_L_000445,0,0,positive_derived,-0.15456333450417326,0.007767011983481176,0
446,CN7_L_000446,0,0,positive_derived,-0.14228206036898872,0.007767011983481176,0
447,CN7_L_000447,0,0,positive_derived,-0.10501142959023824,0.007767011983481176,0
448,CN7_L_000448,2,0,positive_derived,-0.07649939156834673,0.007767011983481176,0
450,CN7_L_000450,2,0,positive_derived,-0.07490067000808054,0.007767011983481176,0
451,CN7_L_000451,1,0,positive_derived,-0.1413744330441853,0.007767011983481176,0
452,CN7_L_000452,3,0,positive_derived,-0.10456877508250528,0.007767011983481176,0
453,CN7_L_000453,0,0,positive_derived,-0.12466556287426478,0.007767011983481176,0
454,CN7_L_000454,3,0,positive_derived,-0.09297297839882912,0.007767011983481176,0
455,CN7_L_000455,1,0,positive_derived,-0.10406117043945251,0.007767011983481176,0
456,CN7_L_000456,2,0,positive_derived,-0.050722355013480325,0.007767011983481176,0
457,CN7_L_000457,2,0,positive_derived,-0.10638946358750623,0.007767011983481176,0
458,CN7_L_000458,1,0,positive_derived,-0.04339998525919775,0.007767011983481176,0
459,CN7_L_000459,3,0,positive_derived,-0.10077357689632116,0.007767011983481176,0
460,CN7_L_000460,1,0,positive_derived,-0.051328286545339274,0.007767011983481176,0
461,CN7_L_000461,0,0,positive_derived,-0.0425311234569925,0.007767011983481176,0
463,CN7_L_000463,1,0,positive_derived,-0.13398379623808587,0.007767011983481176,0
464,CN7_L_000464,1,0,positive_derived,-0.12260215451954881,0.007767011983481176,0
465,CN7_L_000465,3,0,positive_derived,-0.10024781422551943,0.007767011983481176,0
466,CN7_L_000466,0,0,positive_derived,-0.09601967451846516,0.007767011983481176,0
467,CN7_L_000467,2,0,positive_derived,-0.08869066039943263,0.007767011983481176,0
470,CN7_L_000470,3,0,positive_derived,-0.06610176302090842,0.007767011983481176,0
471,CN7_L_000471,0,0,positive_derived,-0.0983239326942007,0.007767011983481176,0
474,CN7_L_000474,2,0,positive_derived,-0.0438392660696012,0.007767011983481176,0
476,CN7_L_000476,0,0,positive_derived,-0.14651670488634672,0.007767011983481176,0
477,CN7_L_000477,1,0,positive_derived,-0.11694318361571376,0.007767011983481176,0
478,CN7_L_000478,0,0,positive_derived,-0.14191670030280257,0.007767011983481176,0
479,CN7_L_000479,3,0,positive_derived,-0.12694314717001376,0.007767011983481176,0
481,CN7_L_000481,3,0,positive_derived,-0.11025038466441828,0.007767011983481176,0
482,CN7_L_000482,1,0,positive_derived,-0.10698419360186939,0.007767011983481176,0
483,CN7_L_000483,2,0,positive_derived,-0.1070770526179885,0.007767011983481176,0
484,CN7_L_000484,3,0,positive_derived,-0.06552305211840714,0.007767011983481176,0
486,CN7_L_000486,3,0,positive_derived,-0.06439805662034992,0.007767011983481176,0
487,CN7_L_000487,2,0,positive_derived,-0.11523527662921662,0.007767011983481176,0
491,CN7_L_000491,1,0,positive_derived,-0.14546932088018494,0.007767011983481176,0
492,CN7_L_000492,1,0,positive_derived,-0.026747100427510162,0.007767011983481176,0
493,CN7_L_000493,1,0,positive_derived,-0.048096642275424095,0.007767011983481176,0
494,CN7_L_000494,2,0,positive_derived,-0.07651239374870311,0.007767011983481176,0
495,CN7_L_000495,3,0,positive_derived,-0.06864156117751019,0.007767011983481176,0
496,CN7_L_000496,2,0,positive_derived,-0.1484675132379829,0.007767011983481176,0
497,CN7_L_000497,3,0,positive_derived,-0.06072341705726725,0.007767011983481176,0
499,CN7_L_000499,3,0,positive_derived,-0.12077628039447941,0.007767011983481176,0
500,CN7_L_000500,2,0,positive_derived,-0.12730759556148818,0.007767011983481176,0
501,CN7_L_000501,2,0,positive_derived,-0.1381085909097619,0.007767011983481176,0
502,CN7_L_000502,2,0,positive_derived,-0.05977618978110666,0.007767011983481176,0
504,CN7_L_000504,1,0,positive_derived,-0.12905676103702213,0.007767011983481176,0
507,CN7_L_000507,1,0,positive_derived,-0.07283669921281355,0.007767011983481176,0
508,CN7_L_000508,0,0,positive_derived,-0.12162404143317485,0.007767011983481176,0
509,CN7_L_000509,1,0,positive_derived,-0.14162798696012846,0.007767011983481176,0
510,CN7_L_000510,1,0,positive_derived,-0.07562394153138907,0.007767011983481176,0
511,CN7_L_000511,2,0,positive_derived,-0.0763429269124849,0.007767011983481176,0
513,CN7_L_000513,2,0,positive_derived,-0.06138192297377021,0.007767011983481176,0
514,CN7_L_000514,0,0,positive_derived,-0.07151506748371439,0.007767011983481176,0
515,CN7_L_000515,0,0,positive_derived,-0.07831273334873323,0.007767011983481176,0
516,CN7_L_000516,3,0,positive_derived,-0.06963178252565871,0.007767011983481176,0
517,CN7_L_000517,0,0,positive_derived,-0.07667352505665814,0.007767011983481176,0
519,CN7_L_000519,3,0,positive_derived,-0.07962158963685884,0.007767011983481176,0
520,CN7_L_000520,3,0,positive_derived,-0.10721035037998572,0.007767011983481176,0
521,CN7_L_000521,0,0,positive_derived,-0.05916419913904036,0.007767011983481176,0
523,CN7_L_000523,0,0,positive_derived,-0.08825266128667941,0.007767011983481176,0
525,CN7_L_000525,1,0,positive_derived,-0.0702013561773045,0.007767011983481176,0
526,CN7_L_000526,0,0,positive_derived,-0.11063325990676631,0.007767011983481176,0
527,CN7_L_000527,2,0,positive_derived,-0.10668903103915905,0.007767011983481176,0
528,CN7_L_000528,3,0,positive_derived,0.00959490055861334,0.007767011983481176,1
529,CN7_L_000529,0,0,positive_derived,-0.11880549496707271,0.007767011983481176,0
530,CN7_L_000530,2,0,positive_derived,-0.0760991824383046,0.007767011983481176,0
532,CN7_L_000532,3,0,positive_derived,-0.14092051765357816,0.007767011983481176,0
533,CN7_L_000533,0,0,positive_derived,-0.07488543473603215,0.007767011983481176,0
534,CN7_L_000534,2,0,positive_derived,-0.12899980737542283,0.007767011983481176,0
535,CN7_L_000535,2,0,positive_derived,-0.05239300315424167,0.007767011983481176,0
536,CN7_L_000536,2,0,positive_derived,-0.1133692419702319,0.007767011983481176,0
537,CN7_L_000537,0,0,positive_derived,-0.12241931190826438,0.007767011983481176,0
538,CN7_L_000538,2,0,positive_derived,-0.13077264413959888,0.007767011983481176,0
539,CN7_L_000539,0,0,positive_derived,-0.09325943632071532,0.007767011983481176,0
541,CN7_L_000541,3,0,positive_derived,-0.07826276536943944,0.007767011983481176,0
542,CN7_L_000542,2,0,positive_derived,-0.09876604522913635,0.007767011983481176,0
543,CN7_L_000543,1,0,positive_derived,-0.1588374996607138,0.007767011983481176,0
544,CN7_L_000544,2,0,positive_derived,-0.04845966383608857,0.007767011983481176,0
545,CN7_L_000545,3,0,positive_derived,-0.09965209524741248,0.007767011983481176,0
546,CN7_L_000546,1,0,positive_derived,-0.11531066330841622,0.007767011983481176,0
547,CN7_L_000547,2,0,positive_derived,-0.13896398468893612,0.007767011983481176,0
548,CN7_L_000548,3,0,positive_derived,0.03252730197413101,0.007767011983481176,1
549,CN7_L_000549,2,0,positive_derived,-0.12289636530011805,0.007767011983481176,0
550,CN7_L_000550,2,0,positive_derived,-0.09364334588333634,0.007767011983481176,0
551,CN7_L_000551,0,0,positive_derived,-0.13317040558685722,0.007767011983481176,0
553,CN7_L_000553,3,0,positive_derived,-0.0958258109412462,0.007767011983481176,0
555,CN7_L_000555,0,0,positive_derived,-0.11457244788630128,0.007767011983481176,0
556,CN7_L_000556,1,0,positive_derived,-0.14640059803472827,0.007767011983481176,0
557,CN7_L_000557,1,0,positive_derived,-0.1274764282272498,0.007767011983481176,0
558,CN7_L_000558,3,0,positive_derived,-0.06962475081967856,0.007767011983481176,0
559,CN7_L_000559,1,0,positive_derived,-0.15215674758518816,0.007767011983481176,0
560,CN7_L_000560,1,0,positive_derived,-0.08232963013278027,0.007767011983481176,0
561,CN7_L_000561,0,0,positive_derived,-0.11369589756802156,0.007767011983481176,0
562,CN7_L_000562,0,0,positive_derived,-0.13017321717808183,0.007767011983481176,0
563,CN7_L_000563,2,0,positive_derived,-0.1308931846674124,0.007767011983481176,0
564,CN7_L_000564,1,0,positive_derived,-0.09370026016943189,0.007767011983481176,0
566,CN7_L_000566,2,0,positive_derived,-0.09880232443219938,0.007767011983481176,0
567,CN7_L_000567,0,0,positive_derived,-0.03833756754223039,0.007767011983481176,0
568,CN7_L_000568,2,0,positive_derived,-0.0889516245840225,0.007767011983481176,0
569,CN7_L_000569,1,0,positive_derived,-0.09920385498970852,0.007767011983481176,0
570,CN7_L_000570,2,0,positive_derived,-0.06748115286879308,0.007767011983481176,0
571,CN7_L_000571,3,0,positive_derived,-0.08557507665549124,0.007767011983481176,0
572,CN7_L_000572,1,0,positive_derived,-0.12416693008744595,0.007767011983481176,0
573,CN7_L_000573,3,0,positive_derived,-0.08555983735460071,0.007767011983481176,0
575,CN7_L_000575,2,0,positive_derived,0.005407131749707084,0.007767011983481176,0
576,CN7_L_000576,3,0,positive_derived,-0.09387382339787909,0.007767011983481176,0
578,CN7_L_000578,2,0,positive_derived,-0.058097016752632236,0.007767011983481176,0
579,CN7_L_000579,2,0,positive_derived,-0.10906949049377435,0.007767011983481176,0
580,CN7_L_000580,2,0,positive_derived,-0.12015826620440073,0.007767011983481176,0
581,CN7_L_000581,1,0,positive_derived,-0.08416951741403889,0.007767011983481176,0
582,CN7_L_000582,1,0,positive_derived,-0.10773363425374693,0.007767011983481176,0
583,CN7_L_000583,1,0,positive_derived,-0.1100471472251483,0.007767011983481176,0
584,CN7_L_000584,3,0,positive_derived,-0.09495986440344772,0.007767011983481176,0
585,CN7_L_000585,0,0,positive_derived,-0.12470156081753014,0.007767011983481176,0
586,CN7_L_000586,3,0,positive_derived,-0.1008034696698541,0.007767011983481176,0
587,CN7_L_000587,0,0,positive_derived,-0.06520491695729547,0.007767011983481176,0
590,CN7_L_000590,3,0,positive_derived,-0.04486692876894427,0.007767011983481176,0
592,CN7_L_000592,2,0,positive_derived,-0.02109829737662139,0.007767011983481176,0
593,CN7_L_000593,1,0,positive_derived,-0.11686816663663002,0.007767011983481176,0
594,CN7_L_000594,1,0,positive_derived,-0.06064036285011731,0.007767011983481176,0
595,CN7_L_000595,3,0,positive_derived,-0.05656809626735537,0.007767011983481176,0
596,CN7_L_000596,0,0,positive_derived,-0.07720658463772878,0.007767011983481176,0
597,CN7_L_000597,1,0,positive_derived,-0.05302904422897203,0.007767011983481176,0
598,CN7_L_000598,0,0,positive_derived,-0.09441943113955364,0.007767011983481176,0
599,CN7_L_000599,0,0,positive_derived,-0.09704525082904869,0.007767011983481176,0
601,CN7_L_000601,2,0,positive_derived,-0.06756001403287026,0.007767011983481176,0
602,CN7_L_000602,2,0,positive_derived,-0.11209172431300995,0.007767011983481176,0
604,CN7_L_000604,3,0,positive_derived,2.0753060647329544,0.007767011983481176,1
605,CN7_L_000605,0,0,positive_derived,5.719500242129271,0.007767011983481176,1
0,CN7_L_000000,0,0,stable_all,-0.10864639845315072,-0.09076244417523771,0
2,CN7_L_000002,0,0,stable_all,-0.06689126800852208,-0.09076244417523771,1
3,CN7_L_000003,0,0,stable_all,-0.2226280433110439,-0.09076244417523771,0
4,CN7_L_000004,3,0,stable_all,-0.07776254567201235,-0.09076244417523771,1
5,CN7_L_000005,2,0,stable_all,-0.15863034984846003,-0.09076244417523771,0
6,CN7_L_000006,2,0,stable_all,-0.17293426285572533,-0.09076244417523771,0
7,CN7_L_000007,1,0,stable_all,-0.18476916223656126,-0.09076244417523771,0
8,CN7_L_000008,0,0,stable_all,-0.15901463023419016,-0.09076244417523771,0
9,CN7_L_000009,1,0,stable_all,-0.10302278660167641,-0.09076244417523771,0
10,CN7_L_000010,0,0,stable_all,-0.07132566463415646,-0.09076244417523771,1
11,CN7_L_000011,0,0,stable_all,-0.14441785689001208,-0.09076244417523771,0
12,CN7_L_000012,1,0,stable_all,-0.07645192812842438,-0.09076244417523771,1
15,CN7_L_000015,2,0,stable_all,-0.18471118352661264,-0.09076244417523771,0
16,CN7_L_000016,1,0,stable_all,-0.09508597561527932,-0.09076244417523771,0
17,CN7_L_000017,3,0,stable_all,-0.23230714185550383,-0.09076244417523771,0
18,CN7_L_000018,2,0,stable_all,-0.1538172906973143,-0.09076244417523771,0
19,CN7_L_000019,1,0,stable_all,-0.1342655841464655,-0.09076244417523771,0
22,CN7_L_000022,0,0,stable_all,-0.04236664672590873,-0.09076244417523771,1
23,CN7_L_000023,3,0,stable_all,-0.00695848710039737,-0.09076244417523771,1
24,CN7_L_000024,3,1,stable_all,-0.06930282011337585,-0.09076244417523771,1
25,CN7_L_000025,0,0,stable_all,-0.18711650772418142,-0.09076244417523771,0
26,CN7_L_000026,0,0,stable_all,-0.21071627801788573,-0.09076244417523771,0
27,CN7_L_000027,3,0,stable_all,-0.17755480635523657,-0.09076244417523771,0
29,CN7_L_000029,0,0,stable_all,-0.15615034320916443,-0.09076244417523771,0
30,CN7_L_000030,1,0,stable_all,-0.03294501484317358,-0.09076244417523771,1
31,CN7_L_000031,0,0,stable_all,-0.11846641186288842,-0.09076244417523771,0
32,CN7_L_000032,2,0,stable_all,-0.04942757137894471,-0.09076244417523771,1
34,CN7_L_000034,3,0,stable_all,-0.24165440852338804,-0.09076244417523771,0
36,CN7_L_000036,0,0,stable_all,-0.173877670345008,-0.09076244417523771,0
37,CN7_L_000037,0,0,stable_all,-0.14768724462058458,-0.09076244417523771,0
38,CN7_L_000038,3,0,stable_all,-0.1974531352621387,-0.09076244417523771,0
39,CN7_L_000039,0,0,stable_all,-0.14277071318773693,-0.09076244417523771,0
40,CN7_L_000040,1,1,stable_all,-0.08010195213946325,-0.09076244417523771,1
41,CN7_L_000041,1,0,stable_all,-0.03160031253648832,-0.09076244417523771,1
43,CN7_L_000043,0,0,stable_all,-0.24213604476863093,-0.09076244417523771,0
44,CN7_L_000044,3,0,stable_all,-0.1182108984762893,-0.09076244417523771,0
45,CN7_L_000045,0,0,stable_all,-0.20767752462155453,-0.09076244417523771,0
46,CN7_L_000046,0,0,stable_all,-0.22983585899444492,-0.09076244417523771,0
47,CN7_L_000047,2,0,stable_all,-0.17808759806889718,-0.09076244417523771,0
48,CN7_L_000048,0,1,stable_all,-0.09059595436700185,-0.09076244417523771,1
49,CN7_L_000049,3,0,stable_all,-0.04071306577039735,-0.09076244417523771,1
52,CN7_L_000052,2,1,stable_all,-0.021991075177366426,-0.09076244417523771,1
53,CN7_L_000053,1,1,stable_all,-0.13379785836088498,-0.09076244417523771,0
54,CN7_L_000054,3,1,stable_all,-0.11265306307620726,-0.09076244417523771,0
55,CN7_L_000055,0,1,stable_all,-0.28777061766434997,-0.09076244417523771,0
56,CN7_L_000056,2,1,stable_all,-0.08827809737469128,-0.09076244417523771,1
58,CN7_L_000058,1,1,stable_all,2.888688703415221,-0.09076244417523771,1
59,CN7_L_000059,3,1,stable_all,3.7930554497047932,-0.09076244417523771,1
60,CN7_L_000060,2,1,stable_all,3.061260411075941,-0.09076244417523771,1
62,CN7_L_000062,1,0,stable_all,-0.11231688645381865,-0.09076244417523771,0
63,CN7_L_000063,3,0,stable_all,-0.17488253861413128,-0.09076244417523771,0
64,CN7_L_000064,3,0,stable_all,-0.1947525581498013,-0.09076244417523771,0
65,CN7_L_000065,2,0,stable_all,-0.13902690120525563,-0.09076244417523771,0
67,CN7_L_000067,3,0,stable_all,-0.20933127753324943,-0.09076244417523771,0
68,CN7_L_000068,3,0,stable_all,-0.1615620281530079,-0.09076244417523771,0
69,CN7_L_000069,2,0,stable_all,-0.04468925962203407,-0.09076244417523771,1
70,CN7_L_000070,1,0,stable_all,-0.12985388322385027,-0.09076244417523771,0
71,CN7_L_000071,2,0,stable_all,-0.10365605485254026,-0.09076244417523771,0
73,CN7_L_000073,0,0,stable_all,-0.18997140212609942,-0.09076244417523771,0
74,CN7_L_000074,0,0,stable_all,-0.2619781631798359,-0.09076244417523771,0
77,CN7_L_000077,2,0,stable_all,-0.09942332661839792,-0.09076244417523771,0
79,CN7_L_000079,3,0,stable_all,-0.1371659501249436,-0.09076244417523771,0
80,CN7_L_000080,2,0,stable_all,-0.15200723625901968,-0.09076244417523771,0
81,CN7_L_000081,2,0,stable_all,-0.1351177749471697,-0.09076244417523771,0
82,CN7_L_000082,3,0,stable_all,-0.19579973803080541,-0.09076244417523771,0
83,CN7_L_000083,2,0,stable_all,-0.15792573405964205,-0.09076244417523771,0
84,CN7_L_000084,3,0,stable_all,-0.20832729253897853,-0.09076244417523771,0
86,CN7_L_000086,0,0,stable_all,-0.1931094168330505,-0.09076244417523771,0
87,CN7_L_000087,3,0,stable_all,-0.19403434986620116,-0.09076244417523771,0
88,CN7_L_000088,0,0,stable_all,-0.13326645778461987,-0.09076244417523771,0
89,CN7_L_000089,3,0,stable_all,-0.06381498715830158,-0.09076244417523771,1
90,CN7_L_000090,1,0,stable_all,-0.10884066828662498,-0.09076244417523771,0
91,CN7_L_000091,2,0,stable_all,-0.21970956989599166,-0.09076244417523771,0
92,CN7_L_000092,3,0,stable_all,-0.21373774301496695,-0.09076244417523771,0
93,CN7_L_000093,1,0,stable_all,-0.04728072967084529,-0.09076244417523771,1
95,CN7_L_000095,0,0,stable_all,-0.17564340565316705,-0.09076244417523771,0
96,CN7_L_000096,3,0,stable_all,-0.1602998520659762,-0.09076244417523771,0
97,CN7_L_000097,3,0,stable_all,-0.08047444588656294,-0.09076244417523771,1
98,CN7_L_000098,3,0,stable_all,0.07894528311326265,-0.09076244417523771,1
99,CN7_L_000099,2,0,stable_all,-0.1764332730036724,-0.09076244417523771,0
100,CN7_L_000100,3,0,stable_all,-0.14050097707968856,-0.09076244417523771,0
102,CN7_L_000102,3,0,stable_all,-0.1661308444141678,-0.09076244417523771,0
103,CN7_L_000103,0,0,stable_all,-0.2649592354159127,-0.09076244417523771,0
104,CN7_L_000104,2,0,stable_all,-0.09355342759476848,-0.09076244417523771,0
106,CN7_L_000106,3,0,stable_all,-0.09851978404638295,-0.09076244417523771,0
107,CN7_L_000107,0,0,stable_all,-0.02080404542406722,-0.09076244417523771,1
108,CN7_L_000108,2,0,stable_all,-0.15261434815566588,-0.09076244417523771,0
109,CN7_L_000109,2,0,stable_all,-0.07586153958853092,-0.09076244417523771,1
110,CN7_L_000110,0,0,stable_all,-0.08266389111409111,-0.09076244417523771,1
111,CN7_L_000111,1,0,stable_all,-0.18017630527257023,-0.09076244417523771,0
115,CN7_L_000115,0,0,stable_all,-0.2299822038816739,-0.09076244417523771,0
117,CN7_L_000117,3,0,stable_all,-0.02070937327019884,-0.09076244417523771,1
118,CN7_L_000118,3,0,stable_all,-0.05090532539692383,-0.09076244417523771,1
121,CN7_L_000121,3,0,stable_all,-0.15913319051663688,-0.09076244417523771,0
122,CN7_L_000122,3,0,stable_all,-0.10457559634916169,-0.09076244417523771,0
123,CN7_L_000123,0,0,stable_all,-0.1874475287039239,-0.09076244417523771,0
124,CN7_L_000124,2,0,stable_all,-0.15220084954416446,-0.09076244417523771,0
125,CN7_L_000125,3,0,stable_all,-0.11440626061277381,-0.09076244417523771,0
126,CN7_L_000126,2,0,stable_all,-0.061642001101194666,-0.09076244417523771,1
127,CN7_L_000127,0,0,stable_all,0.015534238764865371,-0.09076244417523771,1
128,CN7_L_000128,1,0,stable_all,-0.1347716575808997,-0.09076244417523771,0
129,CN7_L_000129,2,0,stable_all,-0.14361094232557825,-0.09076244417523771,0
130,CN7_L_000130,1,0,stable_all,-0.11642165679377658,-0.09076244417523771,0
131,CN7_L_000131,3,0,stable_all,-0.19100439837036376,-0.09076244417523771,0
132,CN7_L_000132,1,0,stable_all,-0.19676306096551244,-0.09076244417523771,0
133,CN7_L_000133,1,0,stable_all,-0.14988471829405814,-0.09076244417523771,0
134,CN7_L_000134,2,0,stable_all,-0.1213327025944766,-0.09076244417523771,0
136,CN7_L_000136,0,0,stable_all,-0.05516857899670846,-0.09076244417523771,1
137,CN7_L_000137,3,0,stable_all,-0.10835035824637895,-0.09076244417523771,0
138,CN7_L_000138,0,0,stable_all,-0.0956488782171725,-0.09076244417523771,0
139,CN7_L_000139,2,0,stable_all,-0.1527885312077295,-0.09076244417523771,0
140,CN7_L_000140,1,0,stable_all,-0.165794190185383,-0.09076244417523771,0
141,CN7_L_000141,3,0,stable_all,-0.23231639094912815,-0.09076244417523771,0
143,CN7_L_000143,1,0,stable_all,-0.12062874515597244,-0.09076244417523771,0
145,CN7_L_000145,0,0,stable_all,-0.16870922293269253,-0.09076244417523771,0
146,CN7_L_000146,3,0,stable_all,-0.12422266831744011,-0.09076244417523771,0
147,CN7_L_000147,1,0,stable_all,0.014803963767851869,-0.09076244417523771,1
150,CN7_L_000150,3,0,stable_all,-0.20774531245330508,-0.09076244417523771,0
151,CN7_L_000151,0,0,stable_all,-0.13919190732414854,-0.09076244417523771,0
153,CN7_L_000153,0,0,stable_all,-0.18068250445253042,-0.09076244417523771,0
154,CN7_L_000154,0,0,stable_all,-0.2522130002401557,-0.09076244417523771,0
155,CN7_L_000155,1,0,stable_all,-0.10388017938918459,-0.09076244417523771,0
156,CN7_L_000156,0,0,stable_all,-0.06705483823453395,-0.09076244417523771,1
157,CN7_L_000157,0,0,stable_all,-0.16366928259669233,-0.09076244417523771,0
158,CN7_L_000158,0,0,stable_all,-0.17219066621421053,-0.09076244417523771,0
159,CN7_L_000159,2,0,stable_all,-0.12715553080679864,-0.09076244417523771,0
160,CN7_L_000160,1,0,stable_all,-0.021882182676878692,-0.09076244417523771,1
161,CN7_L_000161,1,0,stable_all,-0.2207983047788673,-0.09076244417523771,0
162,CN7_L_000162,2,0,stable_all,-0.21839714161082036,-0.09076244417523771,0
163,CN7_L_000163,2,0,stable_all,-0.07960716827532277,-0.09076244417523771,1
164,CN7_L_000164,0,0,stable_all,-0.2396446919674471,-0.09076244417523771,0
165,CN7_L_000165,2,0,stable_all,-0.12875133922646675,-0.09076244417523771,0
166,CN7_L_000166,1,0,stable_all,-0.13709791659055703,-0.09076244417523771,0
167,CN7_L_000167,2,0,stable_all,-0.08251639346690975,-0.09076244417523771,1
168,CN7_L_000168,3,0,stable_all,0.06846971646928335,-0.09076244417523771,1
169,CN7_L_000169,2,0,stable_all,-0.08049495946871499,-0.09076244417523771,1
171,CN7_L_000171,3,0,stable_all,-0.15779381398710512,-0.09076244417523771,0
172,CN7_L_000172,0,0,stable_all,-0.2364950701827615,-0.09076244417523771,0
173,CN7_L_000173,3,0,stable_all,-0.2080319734446494,-0.09076244417523771,0
177,CN7_L_000177,1,0,stable_all,-0.07476635448524238,-0.09076244417523771,1
178,CN7_L_000178,0,0,stable_all,-0.2226840320718395,-0.09076244417523771,0
179,CN7_L_000179,0,0,stable_all,-0.22292080729855712,-0.09076244417523771,0
181,CN7_L_000181,0,0,stable_all,-0.2777044938900515,-0.09076244417523771,0
182,CN7_L_000182,0,0,stable_all,-0.1212776203083159,-0.09076244417523771,0
183,CN7_L_000183,3,0,stable_all,-0.2017515471029574,-0.09076244417523771,0
184,CN7_L_000184,2,0,stable_all,-0.14104049429827636,-0.09076244417523771,0
186,CN7_L_000186,0,0,stable_all,-0.19594191233954117,-0.09076244417523771,0
187,CN7_L_000187,1,0,stable_all,-0.18981587765595442,-0.09076244417523771,0
188,CN7_L_000188,0,0,stable_all,-0.22088032664841073,-0.09076244417523771,0
189,CN7_L_000189,0,0,stable_all,-0.06696668467082567,-0.09076244417523771,1
190,CN7_L_000190,2,0,stable_all,-0.1769368876452111,-0.09076244417523771,0
191,CN7_L_000191,2,0,stable_all,-0.142698993539069,-0.09076244417523771,0
192,CN7_L_000192,0,0,stable_all,-0.18919206233536023,-0.09076244417523771,0
193,CN7_L_000193,2,0,stable_all,-0.1905988422826299,-0.09076244417523771,0
194,CN7_L_000194,1,0,stable_all,-0.20914904619245078,-0.09076244417523771,0
195,CN7_L_000195,0,0,stable_all,-0.20556350964507697,-0.09076244417523771,0
196,CN7_L_000196,0,0,stable_all,-0.29464076250741567,-0.09076244417523771,0
197,CN7_L_000197,3,0,stable_all,-0.2491031778284265,-0.09076244417523771,0
198,CN7_L_000198,0,0,stable_all,-0.2427260158336706,-0.09076244417523771,0
199,CN7_L_000199,2,0,stable_all,-0.1550394445651353,-0.09076244417523771,0
200,CN7_L_000200,3,0,stable_all,-0.08087319030916351,-0.09076244417523771,1
202,CN7_L_000202,0,0,stable_all,-0.21837123352429,-0.09076244417523771,0
204,CN7_L_000204,0,0,stable_all,-0.23732840666699406,-0.09076244417523771,0
206,CN7_L_000206,1,0,stable_all,-0.17127240236868513,-0.09076244417523771,0
207,CN7_L_000207,1,0,stable_all,-0.12863365929023995,-0.09076244417523771,0
208,CN7_L_000208,2,0,stable_all,-0.15364741615044064,-0.09076244417523771,0
209,CN7_L_000209,3,0,stable_all,-0.26058686231548656,-0.09076244417523771,0
210,CN7_L_000210,3,0,stable_all,-0.11186222729120221,-0.09076244417523771,0
211,CN7_L_000211,3,0,stable_all,-0.052804454390839695,-0.09076244417523771,1
212,CN7_L_000212,3,0,stable_all,-0.19435461124274944,-0.09076244417523771,0
213,CN7_L_000213,3,0,stable_all,-0.17952190233087872,-0.09076244417523771,0
216,CN7_L_000216,3,0,stable_all,-0.19501303762893052,-0.09076244417523771,0
217,CN7_L_000217,1,0,stable_all,-0.174798048269718,-0.09076244417523771,0
218,CN7_L_000218,2,0,stable_all,-0.15625099743560344,-0.09076244417523771,0
220,CN7_L_000220,2,0,stable_all,-0.18573151572391922,-0.09076244417523771,0
221,CN7_L_000221,2,0,stable_all,-0.11374063299866322,-0.09076244417523771,0
222,CN7_L_000222,3,0,stable_all,-0.19296492674650434,-0.09076244417523771,0
223,CN7_L_000223,1,0,stable_all,-0.054863876864930994,-0.09076244417523771,1
224,CN7_L_000224,3,0,stable_all,-0.22591592425879004,-0.09076244417523771,0
225,CN7_L_000225,0,0,stable_all,-0.2759791956139752,-0.09076244417523771,0
226,CN7_L_000226,3,0,stable_all,-0.14638069015976907,-0.09076244417523771,0
231,CN7_L_000231,1,0,stable_all,-0.22573919091417416,-0.09076244417523771,0
232,CN7_L_000232,1,0,stable_all,-0.17956696025421337,-0.09076244417523771,0
233,CN7_L_000233,1,0,stable_all,-0.052473700084701314,-0.09076244417523771,1
234,CN7_L_000234,3,0,stable_all,-0.24394793512254243,-0.09076244417523771,0
235,CN7_L_000235,3,0,stable_all,-0.2185397989238833,-0.09076244417523771,0
236,CN7_L_000236,0,0,stable_all,-0.19229829742780336,-0.09076244417523771,0
237,CN7_L_000237,3,0,stable_all,-0.09076244417523771,-0.09076244417523771,0
238,CN7_L_000238,1,0,stable_all,-0.17980700463677213,-0.09076244417523771,0
239,CN7_L_000239,1,0,stable_all,-0.20955241308599337,-0.09076244417523771,0
241,CN7_L_000241,1,0,stable_all,-0.14751694974948393,-0.09076244417523771,0
242,CN7_L_000242,0,0,stable_all,-0.013857212443004308,-0.09076244417523771,1
243,CN7_L_000243,2,0,stable_all,-0.25901199151967447,-0.09076244417523771,0
245,CN7_L_000245,1,0,stable_all,-0.1628066171361624,-0.09076244417523771,0
246,CN7_L_000246,1,0,stable_all,-0.07685532479646984,-0.09076244417523771,1
247,CN7_L_000247,1,0,stable_all,0.11604108002494584,-0.09076244417523771,1
248,CN7_L_000248,2,0,stable_all,-0.10289773097566535,-0.09076244417523771,0
249,CN7_L_000249,3,0,stable_all,-0.09850476084887028,-0.09076244417523771,0
250,CN7_L_000250,1,0,stable_all,-0.16268638180626738,-0.09076244417523771,0
251,CN7_L_000251,2,0,stable_all,-0.186577659223242,-0.09076244417523771,0
252,CN7_L_000252,1,0,stable_all,-0.1605474556024351,-0.09076244417523771,0
253,CN7_L_000253,3,0,stable_all,-0.24027949345353417,-0.09076244417523771,0
254,CN7_L_000254,3,0,stable_all,-0.1938254544642346,-0.09076244417523771,0
256,CN7_L_000256,3,0,stable_all,0.04472637492289344,-0.09076244417523771,1
258,CN7_L_000258,2,0,stable_all,-0.18179291546707788,-0.09076244417523771,0
259,CN7_L_000259,0,0,stable_all,-0.10809622475398672,-0.09076244417523771,0
260,CN7_L_000260,1,0,stable_all,-0.1686893392688562,-0.09076244417523771,0
261,CN7_L_000261,3,0,stable_all,-0.2308450208622208,-0.09076244417523771,0
262,CN7_L_000262,3,0,stable_all,-0.17921529819765958,-0.09076244417523771,0
263,CN7_L_000263,2,0,stable_all,-0.21455525983585666,-0.09076244417523771,0
264,CN7_L_000264,3,0,stable_all,-0.15222654598545393,-0.09076244417523771,0
267,CN7_L_000267,0,0,stable_all,-0.17839597482701564,-0.09076244417523771,0
268,CN7_L_000268,0,0,stable_all,-0.28568570647729086,-0.09076244417523771,0
269,CN7_L_000269,1,0,stable_all,-0.2409584555709765,-0.09076244417523771,0
270,CN7_L_000270,2,0,stable_all,-0.24013295737296758,-0.09076244417523771,0
271,CN7_L_000271,0,0,stable_all,-0.204089941340861,-0.09076244417523771,0
272,CN7_L_000272,2,0,stable_all,-0.2113463378596281,-0.09076244417523771,0
273,CN7_L_000273,3,0,stable_all,-0.1951839747118269,-0.09076244417523771,0
275,CN7_L_000275,1,0,stable_all,-0.16999473063660986,-0.09076244417523771,0
276,CN7_L_000276,1,0,stable_all,-0.15921020264926522,-0.09076244417523771,0
277,CN7_L_000277,1,0,stable_all,-0.18483411046852005,-0.09076244417523771,0
278,CN7_L_000278,1,0,stable_all,-0.15121936579995143,-0.09076244417523771,0
279,CN7_L_000279,0,0,stable_all,-0.20076377766700304,-0.09076244417523771,0
280,CN7_L_000280,3,0,stable_all,-0.14141217480336365,-0.09076244417523771,0
282,CN7_L_000282,0,0,stable_all,-0.1787812529787347,-0.09076244417523771,0
285,CN7_L_000285,0,0,stable_all,-0.18471495678896233,-0.09076244417523771,0
286,CN7_L_000286,0,0,stable_all,-0.19680275660899493,-0.09076244417523771,0
288,CN7_L_000288,2,0,stable_all,-0.2030579322825945,-0.09076244417523771,0
289,CN7_L_000289,1,0,stable_all,-0.2087471377988388,-0.09076244417523771,0
291,CN7_L_000291,3,0,stable_all,-0.17225463693337328,-0.09076244417523771,0
292,CN7_L_000292,3,0,stable_all,-0.0847521367265065,-0.09076244417523771,1
293,CN7_L_000293,1,0,stable_all,-0.12194703830856835,-0.09076244417523771,0
294,CN7_L_000294,2,0,stable_all,-0.16670519572779696,-0.09076244417523771,0
295,CN7_L_000295,1,0,stable_all,-0.09624842535266076,-0.09076244417523771,0
296,CN7_L_000296,3,0,stable_all,-0.12359090577546183,-0.09076244417523771,0
297,CN7_L_000297,1,0,stable_all,-0.22021744505258933,-0.09076244417523771,0
298,CN7_L_000298,0,0,stable_all,-0.21824694870968653,-0.09076244417523771,0
299,CN7_L_000299,1,0,stable_all,-0.16378218364454877,-0.09076244417523771,0
300,CN7_L_000300,1,0,stable_all,-0.17986920515629734,-0.09076244417523771,0
301,CN7_L_000301,1,0,stable_all,-0.2312828509311906,-0.09076244417523771,0
303,CN7_L_000303,1,0,stable_all,-0.17685547679549796,-0.09076244417523771,0
304,CN7_L_000304,0,0,stable_all,-0.1253590994488114,-0.09076244417523771,0
305,CN7_L_000305,0,0,stable_all,-0.16947953486143774,-0.09076244417523771,0
307,CN7_L_000307,3,0,stable_all,-0.15447341810400328,-0.09076244417523771,0
308,CN7_L_000308,0,0,stable_all,-0.25398267309458245,-0.09076244417523771,0
310,CN7_L_000310,3,0,stable_all,-0.2319173632451248,-0.09076244417523771,0
311,CN7_L_000311,1,0,stable_all,-0.17702439789207158,-0.09076244417523771,0
312,CN7_L_000312,2,0,stable_all,-0.19086691881318973,-0.09076244417523771,0
313,CN7_L_000313,0,0,stable_all,-0.14345996998961486,-0.09076244417523771,0
314,CN7_L_000314,1,0,stable_all,-0.15356844416822213,-0.09076244417523771,0
315,CN7_L_000315,2,0,stable_all,-0.10361631884024813,-0.09076244417523771,0
316,CN7_L_000316,3,0,stable_all,-0.067505220126991,-0.09076244417523771,1
317,CN7_L_000317,3,0,stable_all,-0.10047659299984701,-0.09076244417523771,0
318,CN7_L_000318,2,0,stable_all,-0.1673145020573532,-0.09076244417523771,0
319,CN7_L_000319,0,0,stable_all,-0.23709952419999514,-0.09076244417523771,0
320,CN7_L_000320,2,0,stable_all,-0.23310122688282764,-0.09076244417523771,0
321,CN7_L_000321,0,0,stable_all,-0.25127818619549025,-0.09076244417523771,0
323,CN7_L_000323,0,0,stable_all,-0.19753727972952717,-0.09076244417523771,0
324,CN7_L_000324,0,0,stable_all,-0.06972055215683604,-0.09076244417523771,1
325,CN7_L_000325,1,0,stable_all,-0.08160995594131215,-0.09076244417523771,1
326,CN7_L_000326,1,0,stable_all,-0.20078354680748056,-0.09076244417523771,0
328,CN7_L_000328,1,0,stable_all,-0.19346608986096037,-0.09076244417523771,0
330,CN7_L_000330,1,0,stable_all,-0.21383979227358818,-0.09076244417523771,0
331,CN7_L_000331,1,0,stable_all,-0.24461248472183605,-0.09076244417523771,0
332,CN7_L_000332,0,0,stable_all,-0.16936196070819243,-0.09076244417523771,0
333,CN7_L_000333,2,0,stable_all,-0.16528802229826844,-0.09076244417523771,0
334,CN7_L_000334,3,0,stable_all,-0.10361985462058954,-0.09076244417523771,0
335,CN7_L_000335,3,0,stable_all,-0.0035593931855659733,-0.09076244417523771,1
336,CN7_L_000336,2,0,stable_all,-0.16069973081328826,-0.09076244417523771,0
337,CN7_L_000337,2,0,stable_all,-0.2598982779175003,-0.09076244417523771,0
338,CN7_L_000338,2,0,stable_all,-0.25203628344119355,-0.09076244417523771,0
339,CN7_L_000339,3,0,stable_all,-0.1923014642220915,-0.09076244417523771,0
340,CN7_L_000340,2,0,stable_all,-0.16972851305636016,-0.09076244417523771,0
342,CN7_L_000342,1,0,stable_all,-0.1806484336935208,-0.09076244417523771,0
343,CN7_L_000343,2,0,stable_all,-0.15742817618071303,-0.09076244417523771,0
345,CN7_L_000345,1,0,stable_all,-0.04848060899331408,-0.09076244417523771,1
346,CN7_L_000346,3,0,stable_all,-0.15039098711906806,-0.09076244417523771,0
347,CN7_L_000347,1,0,stable_all,-0.19917806455784337,-0.09076244417523771,0
348,CN7_L_000348,1,0,stable_all,-0.18383778281242602,-0.09076244417523771,0
349,CN7_L_000349,3,0,stable_all,-0.20428131686645745,-0.09076244417523771,0
350,CN7_L_000350,2,0,stable_all,-0.21644199383088836,-0.09076244417523771,0
352,CN7_L_000352,2,0,stable_all,-0.19081787194802136,-0.09076244417523771,0
354,CN7_L_000354,3,0,stable_all,-0.09242058829895416,-0.09076244417523771,0
355,CN7_L_000355,2,0,stable_all,-0.22363252907560582,-0.09076244417523771,0
356,CN7_L_000356,2,0,stable_all,-0.024966558585539644,-0.09076244417523771,1
358,CN7_L_000358,2,0,stable_all,-0.21831337959174846,-0.09076244417523771,0
360,CN7_L_000360,2,0,stable_all,-0.21348665377422993,-0.09076244417523771,0
361,CN7_L_000361,2,0,stable_all,-0.13986317165101791,-0.09076244417523771,0
362,CN7_L_000362,0,0,stable_all,-0.03209589984772965,-0.09076244417523771,1
363,CN7_L_000363,1,0,stable_all,-0.09058121540861386,-0.09076244417523771,1
364,CN7_L_000364,2,0,stable_all,-0.10054215081891016,-0.09076244417523771,0
365,CN7_L_000365,2,0,stable_all,-0.08544558815125747,-0.09076244417523771,1
366,CN7_L_000366,2,0,stable_all,-0.15291741658157942,-0.09076244417523771,0
367,CN7_L_000367,3,0,stable_all,-0.14102276044022943,-0.09076244417523771,0
368,CN7_L_000368,2,0,stable_all,-0.21521559693379633,-0.09076244417523771,0
369,CN7_L_000369,1,0,stable_all,-0.21381517375811132,-0.09076244417523771,0
370,CN7_L_000370,2,0,stable_all,-0.2150702107700102,-0.09076244417523771,0
371,CN7_L_000371,1,0,stable_all,-0.20711634818275826,-0.09076244417523771,0
372,CN7_L_000372,1,0,stable_all,-0.23015898346795893,-0.09076244417523771,0
374,CN7_L_000374,1,0,stable_all,-0.17315121386760524,-0.09076244417523771,0
375,CN7_L_000375,2,0,stable_all,-0.15789071370207708,-0.09076244417523771,0
376,CN7_L_000376,1,0,stable_all,-0.14619765308697552,-0.09076244417523771,0
377,CN7_L_000377,0,0,stable_all,-0.051064613762039635,-0.09076244417523771,1
378,CN7_L_000378,1,0,stable_all,-0.22150181548421344,-0.09076244417523771,0
379,CN7_L_000379,3,0,stable_all,-0.1758872898064725,-0.09076244417523771,0
381,CN7_L_000381,1,0,stable_all,-0.17077286647464707,-0.09076244417523771,0
382,CN7_L_000382,3,0,stable_all,-0.13511988279199372,-0.09076244417523771,0
383,CN7_L_000383,3,0,stable_all,0.03724614176044305,-0.09076244417523771,1
384,CN7_L_000384,1,0,stable_all,-0.20435711087365682,-0.09076244417523771,0
385,CN7_L_000385,2,0,stable_all,-0.17525443224993698,-0.09076244417523771,0
387,CN7_L_000387,3,0,stable_all,-0.07857224140063312,-0.09076244417523771,1
388,CN7_L_000388,0,0,stable_all,-0.2562280771791796,-0.09076244417523771,0
389,CN7_L_000389,2,0,stable_all,-0.17420222669701868,-0.09076244417523771,0
390,CN7_L_000390,3,0,stable_all,-0.22780627744265214,-0.09076244417523771,0
391,CN7_L_000391,1,0,stable_all,-0.24953504676089366,-0.09076244417523771,0
394,CN7_L_000394,3,0,stable_all,0.05146127206640205,-0.09076244417523771,1
395,CN7_L_000395,0,0,stable_all,-0.1298078883488305,-0.09076244417523771,0
396,CN7_L_000396,3,0,stable_all,-0.18273202967112212,-0.09076244417523771,0
397,CN7_L_000397,0,0,stable_all,-0.2597647668909886,-0.09076244417523771,0
398,CN7_L_000398,2,0,stable_all,-0.18816542115856283,-0.09076244417523771,0
400,CN7_L_000400,0,0,stable_all,-0.2508247346194876,-0.09076244417523771,0
402,CN7_L_000402,2,0,stable_all,-0.18914304871289467,-0.09076244417523771,0
404,CN7_L_000404,1,0,stable_all,-0.12182569241749874,-0.09076244417523771,0
406,CN7_L_000406,1,0,stable_all,-0.1652552914163783,-0.09076244417523771,0
407,CN7_L_000407,0,0,stable_all,-0.27634655324725,-0.09076244417523771,0
408,CN7_L_000408,0,0,stable_all,-0.22775437876249605,-0.09076244417523771,0
409,CN7_L_000409,0,0,stable_all,-0.27607079954476976,-0.09076244417523771,0
410,CN7_L_000410,1,0,stable_all,-0.24382942857620904,-0.09076244417523771,0
411,CN7_L_000411,1,0,stable_all,-0.19358761318451023,-0.09076244417523771,0
412,CN7_L_000412,3,0,stable_all,-0.1194856975311227,-0.09076244417523771,0
413,CN7_L_000413,2,0,stable_all,-0.1493985539109639,-0.09076244417523771,0
414,CN7_L_000414,1,0,stable_all,-0.19653394517742662,-0.09076244417523771,0
416,CN7_L_000416,0,0,stable_all,-0.21158746563961373,-0.09076244417523771,0
417,CN7_L_000417,0,0,stable_all,-0.20721523840344247,-0.09076244417523771,0
418,CN7_L_000418,2,0,stable_all,-0.23062756065019663,-0.09076244417523771,0
419,CN7_L_000419,2,0,stable_all,-0.17525651420443644,-0.09076244417523771,0
421,CN7_L_000421,3,0,stable_all,-0.14705291026673084,-0.09076244417523771,0
422,CN7_L_000422,1,0,stable_all,-0.16338813437365207,-0.09076244417523771,0
423,CN7_L_000423,0,0,stable_all,-0.17108700298826562,-0.09076244417523771,0
424,CN7_L_000424,3,0,stable_all,-0.23995524592981088,-0.09076244417523771,0
425,CN7_L_000425,1,0,stable_all,-0.19552237365715186,-0.09076244417523771,0
426,CN7_L_000426,2,0,stable_all,-0.17976333972454572,-0.09076244417523771,0
428,CN7_L_000428,2,0,stable_all,-0.17679912480835736,-0.09076244417523771,0
429,CN7_L_000429,3,0,stable_all,0.0034169046234353573,-0.09076244417523771,1
430,CN7_L_000430,0,0,stable_all,-0.19916582696017215,-0.09076244417523771,0
433,CN7_L_000433,2,0,stable_all,-0.03958044478678424,-0.09076244417523771,1
434,CN7_L_000434,3,0,stable_all,-0.09714550749068795,-0.09076244417523771,0
435,CN7_L_000435,0,0,stable_all,-0.3062260460091304,-0.09076244417523771,0
436,CN7_L_000436,1,0,stable_all,-0.19781447815311548,-0.09076244417523771,0
437,CN7_L_000437,3,0,stable_all,-0.23842993632890686,-0.09076244417523771,0
438,CN7_L_000438,1,0,stable_all,-0.18949599915655568,-0.09076244417523771,0
439,CN7_L_000439,1,0,stable_all,-0.15903931154995998,-0.09076244417523771,0
440,CN7_L_000440,0,0,stable_all,-0.15733712932085187,-0.09076244417523771,0
442,CN7_L_000442,2,0,stable_all,-0.14961434530995277,-0.09076244417523771,0
443,CN7_L_000443,1,0,stable_all,-0.13162689019479767,-0.09076244417523771,0
445,CN7_L_000445,0,0,stable_all,-0.2537918556498635,-0.09076244417523771,0
446,CN7_L_000446,0,0,stable_all,-0.2797807986541958,-0.09076244417523771,0
447,CN7_L_000447,0,0,stable_all,-0.21767498359917248,-0.09076244417523771,0
448,CN7_L_000448,2,0,stable_all,-0.2014902342455347,-0.09076244417523771,0
450,CN7_L_000450,2,0,stable_all,-0.15834067558289,-0.09076244417523771,0
451,CN7_L_000451,1,0,stable_all,-0.15976668573574848,-0.09076244417523771,0
452,CN7_L_000452,3,0,stable_all,-0.07242031769270607,-0.09076244417523771,1
453,CN7_L_000453,0,0,stable_all,-0.18491215343771472,-0.09076244417523771,0
454,CN7_L_000454,3,0,stable_all,-0.17017072006987455,-0.09076244417523771,0
455,CN7_L_000455,1,0,stable_all,-0.1718861323048877,-0.09076244417523771,0
456,CN7_L_000456,2,0,stable_all,-0.25322917402941236,-0.09076244417523771,0
457,CN7_L_000457,2,0,stable_all,-0.19096468996950655,-0.09076244417523771,0
458,CN7_L_000458,1,0,stable_all,-0.14952494000451821,-0.09076244417523771,0
459,CN7_L_000459,3,0,stable_all,-0.08532978553860282,-0.09076244417523771,1
460,CN7_L_000460,1,0,stable_all,-0.11209826490592523,-0.09076244417523771,0
461,CN7_L_000461,0,0,stable_all,-0.014290194893756158,-0.09076244417523771,1
463,CN7_L_000463,1,0,stable_all,-0.10785582809147343,-0.09076244417523771,0
464,CN7_L_000464,1,0,stable_all,-0.1679264821217803,-0.09076244417523771,0
465,CN7_L_000465,3,0,stable_all,-0.16716546131645327,-0.09076244417523771,0
466,CN7_L_000466,0,0,stable_all,-0.25498025482257525,-0.09076244417523771,0
467,CN7_L_000467,2,0,stable_all,-0.22104193953757445,-0.09076244417523771,0
470,CN7_L_000470,3,0,stable_all,-0.025953104986062847,-0.09076244417523771,1
471,CN7_L_000471,0,0,stable_all,-0.1521141759290181,-0.09076244417523771,0
474,CN7_L_000474,2,0,stable_all,-0.13870617309632216,-0.09076244417523771,0
476,CN7_L_000476,0,0,stable_all,-0.2782926434924127,-0.09076244417523771,0
477,CN7_L_000477,1,0,stable_all,-0.25653545619282436,-0.09076244417523771,0
478,CN7_L_000478,0,0,stable_all,-0.292033799106278,-0.09076244417523771,0
479,CN7_L_000479,3,0,stable_all,-0.17323195097327204,-0.09076244417523771,0
481,CN7_L_000481,3,0,stable_all,-0.08837650955519738,-0.09076244417523771,1
482,CN7_L_000482,1,0,stable_all,-0.04361708547550425,-0.09076244417523771,1
483,CN7_L_000483,2,0,stable_all,-0.19502038538848776,-0.09076244417523771,0
484,CN7_L_000484,3,0,stable_all,-0.21916018041429197,-0.09076244417523771,0
486,CN7_L_000486,3,0,stable_all,-0.05393638118448418,-0.09076244417523771,1
487,CN7_L_000487,2,0,stable_all,-0.18418218006252918,-0.09076244417523771,0
491,CN7_L_000491,1,0,stable_all,-0.17126866765419457,-0.09076244417523771,0
492,CN7_L_000492,1,0,stable_all,-0.12953904549983974,-0.09076244417523771,0
493,CN7_L_000493,1,0,stable_all,-0.21254849603216286,-0.09076244417523771,0
494,CN7_L_000494,2,0,stable_all,-0.1572428171914968,-0.09076244417523771,0
495,CN7_L_000495,3,0,stable_all,-0.18108777379650665,-0.09076244417523771,0
496,CN7_L_000496,2,0,stable_all,-0.16133345280640654,-0.09076244417523771,0
497,CN7_L_000497,3,0,stable_all,-0.12371545700474229,-0.09076244417523771,0
499,CN7_L_000499,3,0,stable_all,-0.133950519969936,-0.09076244417523771,0
500,CN7_L_000500,2,0,stable_all,-0.15587608439798295,-0.09076244417523771,0
501,CN7_L_000501,2,0,stable_all,-0.2105124227521733,-0.09076244417523771,0
502,CN7_L_000502,2,0,stable_all,-0.19222324433777604,-0.09076244417523771,0
504,CN7_L_000504,1,0,stable_all,-0.16794636348559866,-0.09076244417523771,0
507,CN7_L_000507,1,0,stable_all,-0.1832334183895128,-0.09076244417523771,0
508,CN7_L_000508,0,0,stable_all,-0.10181624516747867,-0.09076244417523771,0
509,CN7_L_000509,1,0,stable_all,-0.15965175789495056,-0.09076244417523771,0
510,CN7_L_000510,1,0,stable_all,-0.21424868868606595,-0.09076244417523771,0
511,CN7_L_000511,2,0,stable_all,-0.1724989938512591,-0.09076244417523771,0
513,CN7_L_000513,2,0,stable_all,-0.15502423407501453,-0.09076244417523771,0
514,CN7_L_000514,0,0,stable_all,-0.19144337448149695,-0.09076244417523771,0
515,CN7_L_000515,0,0,stable_all,-0.1928209327948016,-0.09076244417523771,0
516,CN7_L_000516,3,0,stable_all,-0.17636034653606192,-0.09076244417523771,0
517,CN7_L_000517,0,0,stable_all,-0.11470680447419124,-0.09076244417523771,0
519,CN7_L_000519,3,0,stable_all,-0.13890508091344778,-0.09076244417523771,0
520,CN7_L_000520,3,0,stable_all,-0.17247598525706387,-0.09076244417523771,0
521,CN7_L_000521,0,0,stable_all,-0.10132498565400905,-0.09076244417523771,0
523,CN7_L_000523,0,0,stable_all,-0.2811080971559301,-0.09076244417523771,0
525,CN7_L_000525,1,0,stable_all,-0.20499812849361376,-0.09076244417523771,0
526,CN7_L_000526,0,0,stable_all,-0.2178096020006306,-0.09076244417523771,0
527,CN7_L_000527,2,0,stable_all,-0.12185906545233305,-0.09076244417523771,0
528,CN7_L_000528,3,0,stable_all,0.0015470395658994107,-0.09076244417523771,1
529,CN7_L_000529,0,0,stable_all,-0.187562305279954,-0.09076244417523771,0
530,CN7_L_000530,2,0,stable_all,-0.15075672861114864,-0.09076244417523771,0
532,CN7_L_000532,3,0,stable_all,-0.2151308157702445,-0.09076244417523771,0
533,CN7_L_000533,0,0,stable_all,-0.21867862266286142,-0.09076244417523771,0
534,CN7_L_000534,2,0,stable_all,-0.21653661404606073,-0.09076244417523771,0
535,CN7_L_000535,2,0,stable_all,-0.1688761048879064,-0.09076244417523771,0
536,CN7_L_000536,2,0,stable_all,-0.13407369708841,-0.09076244417523771,0
537,CN7_L_000537,0,0,stable_all,-0.15214456977569757,-0.09076244417523771,0
538,CN7_L_000538,2,0,stable_all,-0.1754796106867671,-0.09076244417523771,0
539,CN7_L_000539,0,0,stable_all,-0.2003658175241405,-0.09076244417523771,0
541,CN7_L_000541,3,0,stable_all,-0.13359950931976083,-0.09076244417523771,0
542,CN7_L_000542,2,0,stable_all,-0.23640470365635036,-0.09076244417523771,0
543,CN7_L_000543,1,0,stable_all,-0.24417053330691463,-0.09076244417523771,0
544,CN7_L_000544,2,0,stable_all,-0.2265703957875438,-0.09076244417523771,0
545,CN7_L_000545,3,0,stable_all,-0.17078231271681865,-0.09076244417523771,0
546,CN7_L_000546,1,0,stable_all,-0.1368645393639225,-0.09076244417523771,0
547,CN7_L_000547,2,0,stable_all,-0.17295149353108652,-0.09076244417523771,0
548,CN7_L_000548,3,0,stable_all,0.059325571770260765,-0.09076244417523771,1
549,CN7_L_000549,2,0,stable_all,-0.13424845218312687,-0.09076244417523771,0
550,CN7_L_000550,2,0,stable_all,-0.2057638302806426,-0.09076244417523771,0
551,CN7_L_000551,0,0,stable_all,-0.22457116968916058,-0.09076244417523771,0
553,CN7_L_000553,3,0,stable_all,-0.12432116914856461,-0.09076244417523771,0
555,CN7_L_000555,0,0,stable_all,-0.22347756138496777,-0.09076244417523771,0
556,CN7_L_000556,1,0,stable_all,-0.21344601235897454,-0.09076244417523771,0
557,CN7_L_000557,1,0,stable_all,-0.211353366750342,-0.09076244417523771,0
558,CN7_L_000558,3,0,stable_all,-0.15467917243596396,-0.09076244417523771,0
559,CN7_L_000559,1,0,stable_all,-0.194461937514129,-0.09076244417523771,0
560,CN7_L_000560,1,0,stable_all,-0.093318684165828,-0.09076244417523771,0
561,CN7_L_000561,0,0,stable_all,-0.2657002870752718,-0.09076244417523771,0
562,CN7_L_000562,0,0,stable_all,-0.25532213794335057,-0.09076244417523771,0
563,CN7_L_000563,2,0,stable_all,-0.24925932864663292,-0.09076244417523771,0
564,CN7_L_000564,1,0,stable_all,-0.2173700886361729,-0.09076244417523771,0
566,CN7_L_000566,2,0,stable_all,-0.16114714915810957,-0.09076244417523771,0
567,CN7_L_000567,0,0,stable_all,-0.06532643905298308,-0.09076244417523771,1
568,CN7_L_000568,2,0,stable_all,-0.12533571975337843,-0.09076244417523771,0
569,CN7_L_000569,1,0,stable_all,-0.18425671582964487,-0.09076244417523771,0
570,CN7_L_000570,2,0,stable_all,-0.18776900474984082,-0.09076244417523771,0
571,CN7_L_000571,3,0,stable_all,-0.16874168778645693,-0.09076244417523771,0
572,CN7_L_000572,1,0,stable_all,-0.185444731178519,-0.09076244417523771,0
573,CN7_L_000573,3,0,stable_all,-0.25663385587114274,-0.09076244417523771,0
575,CN7_L_000575,2,0,stable_all,-0.023702919686626522,-0.09076244417523771,1
576,CN7_L_000576,3,0,stable_all,-0.19279940464564582,-0.09076244417523771,0
578,CN7_L_000578,2,0,stable_all,-0.08757065570880584,-0.09076244417523771,1
579,CN7_L_000579,2,0,stable_all,-0.1613996921774543,-0.09076244417523771,0
580,CN7_L_000580,2,0,stable_all,-0.17594783119387358,-0.09076244417523771,0
581,CN7_L_000581,1,0,stable_all,-0.20666051658580642,-0.09076244417523771,0
582,CN7_L_000582,1,0,stable_all,-0.2629817544187123,-0.09076244417523771,0
583,CN7_L_000583,1,0,stable_all,-0.22024626757388166,-0.09076244417523771,0
584,CN7_L_000584,3,0,stable_all,-0.1680204505819871,-0.09076244417523771,0
585,CN7_L_000585,0,0,stable_all,-0.1817785027802481,-0.09076244417523771,0
586,CN7_L_000586,3,0,stable_all,-0.1751678849121614,-0.09076244417523771,0
587,CN7_L_000587,0,0,stable_all,-0.02366203253032939,-0.09076244417523771,1
590,CN7_L_000590,3,0,stable_all,-0.09413777230229847,-0.09076244417523771,0
592,CN7_L_000592,2,0,stable_all,-0.08467279083669954,-0.09076244417523771,1
593,CN7_L_000593,1,0,stable_all,-0.2255524152265087,-0.09076244417523771,0
594,CN7_L_000594,1,0,stable_all,-0.17010142969650932,-0.09076244417523771,0
595,CN7_L_000595,3,0,stable_all,-0.15762671335263434,-0.09076244417523771,0
596,CN7_L_000596,0,0,stable_all,-0.1649743851484562,-0.09076244417523771,0
597,CN7_L_000597,1,0,stable_all,-0.0684305047490188,-0.09076244417523771,1
598,CN7_L_000598,0,0,stable_all,-0.11179156246786714,-0.09076244417523771,0
599,CN7_L_000599,0,0,stable_all,-0.13001418626120564,-0.09076244417523771,0
601,CN7_L_000601,2,0,stable_all,-0.16946063260878752,-0.09076244417523771,0
602,CN7_L_000602,2,0,stable_all,-0.10133875070618892,-0.09076244417523771,0
604,CN7_L_000604,3,0,stable_all,3.669939020436092,-0.09076244417523771,1
605,CN7_L_000605,0,0,stable_all,7.110122103713231,-0.09076244417523771,1
0,CN7_L_000000,0,0,previous_S1,-0.03540206255633649,0.027783689352961716,0
2,CN7_L_000002,0,0,previous_S1,-0.03782376627195516,0.027783689352961716,0
3,CN7_L_000003,0,0,previous_S1,-0.08938515001573766,0.027783689352961716,0
4,CN7_L_000004,3,0,previous_S1,-0.05644752527009622,0.027783689352961716,0
5,CN7_L_000005,2,0,previous_S1,-0.09000159527723017,0.027783689352961716,0
6,CN7_L_000006,2,0,previous_S1,-0.09224868354295834,0.027783689352961716,0
7,CN7_L_000007,1,0,previous_S1,-0.06778812861277883,0.027783689352961716,0
8,CN7_L_000008,0,0,previous_S1,-0.03373581063010578,0.027783689352961716,0
9,CN7_L_000009,1,0,previous_S1,-0.013109396500381898,0.027783689352961716,0
10,CN7_L_000010,0,0,previous_S1,-0.06116490121678586,0.027783689352961716,0
11,CN7_L_000011,0,0,previous_S1,-0.05625109971133169,0.027783689352961716,0
12,CN7_L_000012,1,0,previous_S1,0.00732596431524879,0.027783689352961716,0
15,CN7_L_000015,2,0,previous_S1,-0.08436991333800492,0.027783689352961716,0
16,CN7_L_000016,1,0,previous_S1,-0.08515921893559186,0.027783689352961716,0
17,CN7_L_000017,3,0,previous_S1,-0.06048592736965519,0.027783689352961716,0
18,CN7_L_000018,2,0,previous_S1,-0.025092644613686765,0.027783689352961716,0
19,CN7_L_000019,1,0,previous_S1,-0.06702608124689702,0.027783689352961716,0
22,CN7_L_000022,0,0,previous_S1,0.0032461363994866765,0.027783689352961716,0
23,CN7_L_000023,3,0,previous_S1,-0.03549437968069613,0.027783689352961716,0
24,CN7_L_000024,3,1,previous_S1,-0.058342891651078865,0.027783689352961716,0
25,CN7_L_000025,0,0,previous_S1,-0.04250883977687536,0.027783689352961716,0
26,CN7_L_000026,0,0,previous_S1,-0.016831963369322356,0.027783689352961716,0
27,CN7_L_000027,3,0,previous_S1,-0.0734416225094714,0.027783689352961716,0
29,CN7_L_000029,0,0,previous_S1,-0.020023625113600563,0.027783689352961716,0
30,CN7_L_000030,1,0,previous_S1,-0.04916174204371515,0.027783689352961716,0
31,CN7_L_000031,0,0,previous_S1,-0.038181574792927275,0.027783689352961716,0
32,CN7_L_000032,2,0,previous_S1,-0.013663355771077246,0.027783689352961716,0
34,CN7_L_000034,3,0,previous_S1,-0.050713443791530644,0.027783689352961716,0
36,CN7_L_000036,0,0,previous_S1,-0.04154229950484023,0.027783689352961716,0
37,CN7_L_000037,0,0,previous_S1,-0.014669026949198471,0.027783689352961716,0
38,CN7_L_000038,3,0,previous_S1,-0.07605038278912302,0.027783689352961716,0
39,CN7_L_000039,0,0,previous_S1,-0.0406206479103246,0.027783689352961716,0
40,CN7_L_000040,1,1,previous_S1,-0.036872823178809355,0.027783689352961716,0
41,CN7_L_000041,1,0,previous_S1,-0.03224883359473241,0.027783689352961716,0
43,CN7_L_000043,0,0,previous_S1,-0.06755711189715408,0.027783689352961716,0
44,CN7_L_000044,3,0,previous_S1,-0.05219482625551208,0.027783689352961716,0
45,CN7_L_000045,0,0,previous_S1,-0.056776919291161576,0.027783689352961716,0
46,CN7_L_000046,0,0,previous_S1,-0.04459247882498696,0.027783689352961716,0
47,CN7_L_000047,2,0,previous_S1,-0.09226555722715091,0.027783689352961716,0
48,CN7_L_000048,0,1,previous_S1,0.043266369644856084,0.027783689352961716,1
49,CN7_L_000049,3,0,previous_S1,-0.04819788048092377,0.027783689352961716,0
52,CN7_L_000052,2,1,previous_S1,-0.06108095859911966,0.027783689352961716,0
53,CN7_L_000053,1,1,previous_S1,-0.04368935649041017,0.027783689352961716,0
54,CN7_L_000054,3,1,previous_S1,-0.014467974386127569,0.027783689352961716,0
55,CN7_L_000055,0,1,previous_S1,-0.07767197508329726,0.027783689352961716,0
56,CN7_L_000056,2,1,previous_S1,-0.0653964304862229,0.027783689352961716,0
58,CN7_L_000058,1,1,previous_S1,0.37948322690073066,0.027783689352961716,1
59,CN7_L_000059,3,1,previous_S1,0.731391016698832,0.027783689352961716,1
60,CN7_L_000060,2,1,previous_S1,0.43512912439538565,0.027783689352961716,1
62,CN7_L_000062,1,0,previous_S1,-0.07727835395238847,0.027783689352961716,0
63,CN7_L_000063,3,0,previous_S1,-0.05681563435831416,0.027783689352961716,0
64,CN7_L_000064,3,0,previous_S1,-0.08823064206725562,0.027783689352961716,0
65,CN7_L_000065,2,0,previous_S1,-0.07038203167586499,0.027783689352961716,0
67,CN7_L_000067,3,0,previous_S1,-0.03004431962662668,0.027783689352961716,0
68,CN7_L_000068,3,0,previous_S1,-0.0215046260681504,0.027783689352961716,0
69,CN7_L_000069,2,0,previous_S1,-0.03481720561807977,0.027783689352961716,0
70,CN7_L_000070,1,0,previous_S1,-0.04943379072087817,0.027783689352961716,0
71,CN7_L_000071,2,0,previous_S1,-0.05635936370779904,0.027783689352961716,0
73,CN7_L_000073,0,0,previous_S1,-0.08500889644780552,0.027783689352961716,0
74,CN7_L_000074,0,0,previous_S1,-0.03203881828253463,0.027783689352961716,0
77,CN7_L_000077,2,0,previous_S1,-0.03322845546371189,0.027783689352961716,0
79,CN7_L_000079,3,0,previous_S1,-0.032099024838178725,0.027783689352961716,0
80,CN7_L_000080,2,0,previous_S1,-0.036629782398267086,0.027783689352961716,0
81,CN7_L_000081,2,0,previous_S1,-0.09048598454438572,0.027783689352961716,0
82,CN7_L_000082,3,0,previous_S1,-0.023162920249203633,0.027783689352961716,0
83,CN7_L_000083,2,0,previous_S1,-0.07203258622264919,0.027783689352961716,0
84,CN7_L_000084,3,0,previous_S1,-0.06919661145687428,0.027783689352961716,0
86,CN7_L_000086,0,0,previous_S1,-0.018807483237306855,0.027783689352961716,0
87,CN7_L_000087,3,0,previous_S1,-0.072773169217073,0.027783689352961716,0
88,CN7_L_000088,0,0,previous_S1,-0.05616962856743779,0.027783689352961716,0
89,CN7_L_000089,3,0,previous_S1,-0.036822084153347756,0.027783689352961716,0
90,CN7_L_000090,1,0,previous_S1,-0.05002232420933428,0.027783689352961716,0
91,CN7_L_000091,2,0,previous_S1,-0.11565770794010488,0.027783689352961716,0
92,CN7_L_000092,3,0,previous_S1,-0.06311983939604904,0.027783689352961716,0
93,CN7_L_000093,1,0,previous_S1,-0.038784128476896385,0.027783689352961716,0
95,CN7_L_000095,0,0,previous_S1,0.027783689352961716,0.027783689352961716,0
96,CN7_L_000096,3,0,previous_S1,-0.0653796801504658,0.027783689352961716,0
97,CN7_L_000097,3,0,previous_S1,-0.039176732716961205,0.027783689352961716,0
98,CN7_L_000098,3,0,previous_S1,-0.021920714018216714,0.027783689352961716,0
99,CN7_L_000099,2,0,previous_S1,-0.07534705186604729,0.027783689352961716,0
100,CN7_L_000100,3,0,previous_S1,-0.03825779037370847,0.027783689352961716,0
102,CN7_L_000102,3,0,previous_S1,-0.06594079664462216,0.027783689352961716,0
103,CN7_L_000103,0,0,previous_S1,0.021131290157903493,0.027783689352961716,0
104,CN7_L_000104,2,0,previous_S1,-0.04315424470874518,0.027783689352961716,0
106,CN7_L_000106,3,0,previous_S1,-0.05305550593633024,0.027783689352961716,0
107,CN7_L_000107,0,0,previous_S1,-0.0057515789870214995,0.027783689352961716,0
108,CN7_L_000108,2,0,previous_S1,-0.06097638434508168,0.027783689352961716,0
109,CN7_L_000109,2,0,previous_S1,-0.04054910200195794,0.027783689352961716,0
110,CN7_L_000110,0,0,previous_S1,0.021759759207048646,0.027783689352961716,0
111,CN7_L_000111,1,0,previous_S1,-0.08697642933895677,0.027783689352961716,0
115,CN7_L_000115,0,0,previous_S1,-0.05563741709419512,0.027783689352961716,0
117,CN7_L_000117,3,0,previous_S1,-0.006920839310048166,0.027783689352961716,0
118,CN7_L_000118,3,0,previous_S1,-0.03980446635094337,0.027783689352961716,0
121,CN7_L_000121,3,0,previous_S1,-0.07360278005469878,0.027783689352961716,0
122,CN7_L_000122,3,0,previous_S1,-0.058217478226724406,0.027783689352961716,0
123,CN7_L_000123,0,0,previous_S1,-0.045137264493781526,0.027783689352961716,0
124,CN7_L_000124,2,0,previous_S1,-0.08206362443707738,0.027783689352961716,0
125,CN7_L_000125,3,0,previous_S1,-0.05794620285054508,0.027783689352961716,0
126,CN7_L_000126,2,0,previous_S1,-0.045071267135389004,0.027783689352961716,0
127,CN7_L_000127,0,0,previous_S1,-0.03865369431045451,0.027783689352961716,0
128,CN7_L_000128,1,0,previous_S1,-0.07367959628514154,0.027783689352961716,0
129,CN7_L_000129,2,0,previous_S1,-0.07601325854651275,0.027783689352961716,0
130,CN7_L_000130,1,0,previous_S1,-0.05265461038832253,0.027783689352961716,0
131,CN7_L_000131,3,0,previous_S1,-0.09263417041519739,0.027783689352961716,0
132,CN7_L_000132,1,0,previous_S1,-0.08913542249040862,0.027783689352961716,0
133,CN7_L_000133,1,0,previous_S1,-0.0256883045252434,0.027783689352961716,0
134,CN7_L_000134,2,0,previous_S1,-0.04026136436450267,0.027783689352961716,0
136,CN7_L_000136,0,0,previous_S1,-0.030599759279743566,0.027783689352961716,0
137,CN7_L_000137,3,0,previous_S1,-0.05358366212248811,0.027783689352961716,0
138,CN7_L_000138,0,0,previous_S1,-0.024569972950332808,0.027783689352961716,0
139,CN7_L_000139,2,0,previous_S1,-0.06971374509804917,0.027783689352961716,0
140,CN7_L_000140,1,0,previous_S1,-0.06494306216043011,0.027783689352961716,0
141,CN7_L_000141,3,0,previous_S1,-0.040735522571266,0.027783689352961716,0
143,CN7_L_000143,1,0,previous_S1,-0.06742684176192215,0.027783689352961716,0
145,CN7_L_000145,0,0,previous_S1,-0.0650884506396654,0.027783689352961716,0
146,CN7_L_000146,3,0,previous_S1,-0.0572109919902668,0.027783689352961716,0
147,CN7_L_000147,1,0,previous_S1,-0.00045924509120354173,0.027783689352961716,0
150,CN7_L_000150,3,0,previous_S1,-0.04556141827932514,0.027783689352961716,0
151,CN7_L_000151,0,0,previous_S1,-0.04607784853500929,0.027783689352961716,0
153,CN7_L_000153,0,0,previous_S1,-0.05070187297044226,0.027783689352961716,0
154,CN7_L_000154,0,0,previous_S1,0.024293826601630375,0.027783689352961716,0
155,CN7_L_000155,1,0,previous_S1,-0.008015455658310078,0.027783689352961716,0
156,CN7_L_000156,0,0,previous_S1,0.012061963798287945,0.027783689352961716,0
157,CN7_L_000157,0,0,previous_S1,-0.07649705207460977,0.027783689352961716,0
158,CN7_L_000158,0,0,previous_S1,-0.028387510148164097,0.027783689352961716,0
159,CN7_L_000159,2,0,previous_S1,-0.05465015326279543,0.027783689352961716,0
160,CN7_L_000160,1,0,previous_S1,-0.04541361975915814,0.027783689352961716,0
161,CN7_L_000161,1,0,previous_S1,-0.1107019105552225,0.027783689352961716,0
162,CN7_L_000162,2,0,previous_S1,-0.0904021543884519,0.027783689352961716,0
163,CN7_L_000163,2,0,previous_S1,-0.018932291889604436,0.027783689352961716,0
164,CN7_L_000164,0,0,previous_S1,-0.06174732096669633,0.027783689352961716,0
165,CN7_L_000165,2,0,previous_S1,-0.0771582008011058,0.027783689352961716,0
166,CN7_L_000166,1,0,previous_S1,-0.0668946993891466,0.027783689352961716,0
167,CN7_L_000167,2,0,previous_S1,-0.030840094438190135,0.027783689352961716,0
168,CN7_L_000168,3,0,previous_S1,-0.03474382388334796,0.027783689352961716,0
169,CN7_L_000169,2,0,previous_S1,-0.07369191585741275,0.027783689352961716,0
171,CN7_L_000171,3,0,previous_S1,-0.08301058862777522,0.027783689352961716,0
172,CN7_L_000172,0,0,previous_S1,-0.0610441453484154,0.027783689352961716,0
173,CN7_L_000173,3,0,previous_S1,-0.060893806705415,0.027783689352961716,0
177,CN7_L_000177,1,0,previous_S1,-0.06135202989338673,0.027783689352961716,0
178,CN7_L_000178,0,0,previous_S1,-0.07489022070727058,0.027783689352961716,0
179,CN7_L_000179,0,0,previous_S1,-0.08622808364127588,0.027783689352961716,0
181,CN7_L_000181,0,0,previous_S1,-0.05030907147938368,0.027783689352961716,0
182,CN7_L_000182,0,0,previous_S1,-0.05948369828950506,0.027783689352961716,0
183,CN7_L_000183,3,0,previous_S1,-0.08194663848338246,0.027783689352961716,0
184,CN7_L_000184,2,0,previous_S1,-0.07787643954533685,0.027783689352961716,0
186,CN7_L_000186,0,0,previous_S1,-0.08329723491920449,0.027783689352961716,0
187,CN7_L_000187,1,0,previous_S1,-0.09705420587316338,0.027783689352961716,0
188,CN7_L_000188,0,0,previous_S1,-0.05489793249242725,0.027783689352961716,0
189,CN7_L_000189,0,0,previous_S1,-0.01749248360686817,0.027783689352961716,0
190,CN7_L_000190,2,0,previous_S1,-0.07130032850973,0.027783689352961716,0
191,CN7_L_000191,2,0,previous_S1,-0.0606154666399239,0.027783689352961716,0
192,CN7_L_000192,0,0,previous_S1,-0.022236024789565434,0.027783689352961716,0
193,CN7_L_000193,2,0,previous_S1,-0.03569019343216029,0.027783689352961716,0
194,CN7_L_000194,1,0,previous_S1,0.008339317590644768,0.027783689352961716,0
195,CN7_L_000195,0,0,previous_S1,-0.014425581777025354,0.027783689352961716,0
196,CN7_L_000196,0,0,previous_S1,-0.016829034422359168,0.027783689352961716,0
197,CN7_L_000197,3,0,previous_S1,-0.035815601249960416,0.027783689352961716,0
198,CN7_L_000198,0,0,previous_S1,-0.0328193943678774,0.027783689352961716,0
199,CN7_L_000199,2,0,previous_S1,-0.014653703241475746,0.027783689352961716,0
200,CN7_L_000200,3,0,previous_S1,-0.00820750545982385,0.027783689352961716,0
202,CN7_L_000202,0,0,previous_S1,-0.04848552820688301,0.027783689352961716,0
204,CN7_L_000204,0,0,previous_S1,-0.06564898783270223,0.027783689352961716,0
206,CN7_L_000206,1,0,previous_S1,-0.03498393798801436,0.027783689352961716,0
207,CN7_L_000207,1,0,previous_S1,0.0002542894818708952,0.027783689352961716,0
208,CN7_L_000208,2,0,previous_S1,0.0015434804113980682,0.027783689352961716,0
209,CN7_L_000209,3,0,previous_S1,-0.022132372070284845,0.027783689352961716,0
210,CN7_L_000210,3,0,previous_S1,-0.03334682931695587,0.027783689352961716,0
211,CN7_L_000211,3,0,previous_S1,0.011515290255570854,0.027783689352961716,0
212,CN7_L_000212,3,0,previous_S1,-0.057606114123617935,0.027783689352961716,0
213,CN7_L_000213,3,0,previous_S1,-0.053449973598803435,0.027783689352961716,0
216,CN7_L_000216,3,0,previous_S1,-0.027108230386626797,0.027783689352961716,0
217,CN7_L_000217,1,0,previous_S1,-0.0575125343616949,0.027783689352961716,0
218,CN7_L_000218,2,0,previous_S1,-0.06843548578349035,0.027783689352961716,0
220,CN7_L_000220,2,0,previous_S1,-0.056789301488931354,0.027783689352961716,0
221,CN7_L_000221,2,0,previous_S1,-0.047007662244819226,0.027783689352961716,0
222,CN7_L_000222,3,0,previous_S1,-0.06495654288259933,0.027783689352961716,0
223,CN7_L_000223,1,0,previous_S1,0.013790615737255152,0.027783689352961716,0
224,CN7_L_000224,3,0,previous_S1,-0.021134627542415796,0.027783689352961716,0
225,CN7_L_000225,0,0,previous_S1,-0.03772482007999045,0.027783689352961716,0
226,CN7_L_000226,3,0,previous_S1,-0.03054608596238495,0.027783689352961716,0
231,CN7_L_000231,1,0,previous_S1,-0.02636844545922923,0.027783689352961716,0
232,CN7_L_000232,1,0,previous_S1,-0.03913139843654356,0.027783689352961716,0
233,CN7_L_000233,1,0,previous_S1,-0.009174131542582842,0.027783689352961716,0
234,CN7_L_000234,3,0,previous_S1,-0.023672345339750933,0.027783689352961716,0
235,CN7_L_000235,3,0,previous_S1,-0.02974298746731341,0.027783689352961716,0
236,CN7_L_000236,0,0,previous_S1,-0.05772959828973878,0.027783689352961716,0
237,CN7_L_000237,3,0,previous_S1,-0.03334892455067218,0.027783689352961716,0
238,CN7_L_000238,1,0,previous_S1,-0.06729064667740303,0.027783689352961716,0
239,CN7_L_000239,1,0,previous_S1,-0.05006785352157861,0.027783689352961716,0
241,CN7_L_000241,1,0,previous_S1,-0.04858254048272226,0.027783689352961716,0
242,CN7_L_000242,0,0,previous_S1,0.002630071089262387,0.027783689352961716,0
243,CN7_L_000243,2,0,previous_S1,-0.05495617987443602,0.027783689352961716,0
245,CN7_L_000245,1,0,previous_S1,-0.06085143307945495,0.027783689352961716,0
246,CN7_L_000246,1,0,previous_S1,-0.07645653760502302,0.027783689352961716,0
247,CN7_L_000247,1,0,previous_S1,-0.0692966962661492,0.027783689352961716,0
248,CN7_L_000248,2,0,previous_S1,-0.08217889508149989,0.027783689352961716,0
249,CN7_L_000249,3,0,previous_S1,-0.05799680588761724,0.027783689352961716,0
250,CN7_L_000250,1,0,previous_S1,-0.09091185673381652,0.027783689352961716,0
251,CN7_L_000251,2,0,previous_S1,-0.051679037123258276,0.027783689352961716,0
252,CN7_L_000252,1,0,previous_S1,-0.04271329071185326,0.027783689352961716,0
253,CN7_L_000253,3,0,previous_S1,-0.054216368997086484,0.027783689352961716,0
254,CN7_L_000254,3,0,previous_S1,-0.0335270018180287,0.027783689352961716,0
256,CN7_L_000256,3,0,previous_S1,-0.041118906312564096,0.027783689352961716,0
258,CN7_L_000258,2,0,previous_S1,-0.12286827060399075,0.027783689352961716,0
259,CN7_L_000259,0,0,previous_S1,-0.07711435485863039,0.027783689352961716,0
260,CN7_L_000260,1,0,previous_S1,-0.10941366273807418,0.027783689352961716,0
261,CN7_L_000261,3,0,previous_S1,-0.038884237716203085,0.027783689352961716,0
262,CN7_L_000262,3,0,previous_S1,-0.060584758858061694,0.027783689352961716,0
263,CN7_L_000263,2,0,previous_S1,-0.06734077483958067,0.027783689352961716,0
264,CN7_L_000264,3,0,previous_S1,-0.045734017011846984,0.027783689352961716,0
267,CN7_L_000267,0,0,previous_S1,-0.0551080390196268,0.027783689352961716,0
268,CN7_L_000268,0,0,previous_S1,-0.07487003196687203,0.027783689352961716,0
269,CN7_L_000269,1,0,previous_S1,-0.06802124640300011,0.027783689352961716,0
270,CN7_L_000270,2,0,previous_S1,-0.09802328322028231,0.027783689352961716,0
271,CN7_L_000271,0,0,previous_S1,-0.08229365547570477,0.027783689352961716,0
272,CN7_L_000272,2,0,previous_S1,-0.06939455827395147,0.027783689352961716,0
273,CN7_L_000273,3,0,previous_S1,-0.03771705838240402,0.027783689352961716,0
275,CN7_L_000275,1,0,previous_S1,-0.1116873723042735,0.027783689352961716,0
276,CN7_L_000276,1,0,previous_S1,-0.08782376034351325,0.027783689352961716,0
277,CN7_L_000277,1,0,previous_S1,-0.08651809875933836,0.027783689352961716,0
278,CN7_L_000278,1,0,previous_S1,-0.0834788072949868,0.027783689352961716,0
279,CN7_L_000279,0,0,previous_S1,-0.05670988410810862,0.027783689352961716,0
280,CN7_L_000280,3,0,previous_S1,-0.05575031015504406,0.027783689352961716,0
282,CN7_L_000282,0,0,previous_S1,-0.04472018586938242,0.027783689352961716,0
285,CN7_L_000285,0,0,previous_S1,-0.06551736049881773,0.027783689352961716,0
286,CN7_L_000286,0,0,previous_S1,-0.08676374530230513,0.027783689352961716,0
288,CN7_L_000288,2,0,previous_S1,-0.09287991384448091,0.027783689352961716,0
289,CN7_L_000289,1,0,previous_S1,-0.10683432024182515,0.027783689352961716,0
291,CN7_L_000291,3,0,previous_S1,-0.05033076076090914,0.027783689352961716,0
292,CN7_L_000292,3,0,previous_S1,-0.022910558863987518,0.027783689352961716,0
293,CN7_L_000293,1,0,previous_S1,-0.07462196757006989,0.027783689352961716,0
294,CN7_L_000294,2,0,previous_S1,-0.1303486155299045,0.027783689352961716,0
295,CN7_L_000295,1,0,previous_S1,-0.11536850913618091,0.027783689352961716,0
296,CN7_L_000296,3,0,previous_S1,-0.0689304956836958,0.027783689352961716,0
297,CN7_L_000297,1,0,previous_S1,-0.11889353503669486,0.027783689352961716,0
298,CN7_L_000298,0,0,previous_S1,-0.08725153498185767,0.027783689352961716,0
299,CN7_L_000299,1,0,previous_S1,-0.053796540668279214,0.027783689352961716,0
300,CN7_L_000300,1,0,previous_S1,-0.07517910715779008,0.027783689352961716,0
301,CN7_L_000301,1,0,previous_S1,-0.054374400864276584,0.027783689352961716,0
303,CN7_L_000303,1,0,previous_S1,-0.10417759581813035,0.027783689352961716,0
304,CN7_L_000304,0,0,previous_S1,-0.08076762407234384,0.027783689352961716,0
305,CN7_L_000305,0,0,previous_S1,-0.07426975052186346,0.027783689352961716,0
307,CN7_L_000307,3,0,previous_S1,-0.05733153426001181,0.027783689352961716,0
308,CN7_L_000308,0,0,previous_S1,-0.089193624008018,0.027783689352961716,0
310,CN7_L_000310,3,0,previous_S1,-0.0530251980655283,0.027783689352961716,0
311,CN7_L_000311,1,0,previous_S1,-0.0725833166369072,0.027783689352961716,0
312,CN7_L_000312,2,0,previous_S1,-0.0862514754526944,0.027783689352961716,0
313,CN7_L_000313,0,0,previous_S1,-0.04940476804100724,0.027783689352961716,0
314,CN7_L_000314,1,0,previous_S1,-0.12509001956414112,0.027783689352961716,0
315,CN7_L_000315,2,0,previous_S1,-0.12754940135905368,0.027783689352961716,0
316,CN7_L_000316,3,0,previous_S1,-0.070235372714611,0.027783689352961716,0
317,CN7_L_000317,3,0,previous_S1,-0.055097264364270426,0.027783689352961716,0
318,CN7_L_000318,2,0,previous_S1,-0.07716030607565116,0.027783689352961716,0
319,CN7_L_000319,0,0,previous_S1,-0.09552575861576695,0.027783689352961716,0
320,CN7_L_000320,2,0,previous_S1,-0.10784704255019273,0.027783689352961716,0
321,CN7_L_000321,0,0,previous_S1,-0.06579061707945622,0.027783689352961716,0
323,CN7_L_000323,0,0,previous_S1,-0.08641218612418333,0.027783689352961716,0
324,CN7_L_000324,0,0,previous_S1,-0.0465742199695911,0.027783689352961716,0
325,CN7_L_000325,1,0,previous_S1,-0.08102623037211654,0.027783689352961716,0
326,CN7_L_000326,1,0,previous_S1,-0.11109607771433128,0.027783689352961716,0
328,CN7_L_000328,1,0,previous_S1,-0.07808612178589325,0.027783689352961716,0
330,CN7_L_000330,1,0,previous_S1,-0.10049844849948153,0.027783689352961716,0
331,CN7_L_000331,1,0,previous_S1,-0.08415486525542848,0.027783689352961716,0
332,CN7_L_000332,0,0,previous_S1,-0.05809141021025521,0.027783689352961716,0
333,CN7_L_000333,2,0,previous_S1,-0.0924797383710092,0.027783689352961716,0
334,CN7_L_000334,3,0,previous_S1,-0.0838585221781134,0.027783689352961716,0
335,CN7_L_000335,3,0,previous_S1,-0.036794173416419884,0.027783689352961716,0
336,CN7_L_000336,2,0,previous_S1,-0.07416619433154592,0.027783689352961716,0
337,CN7_L_000337,2,0,previous_S1,-0.1143389149844114,0.027783689352961716,0
338,CN7_L_000338,2,0,previous_S1,-0.08697688886718113,0.027783689352961716,0
339,CN7_L_000339,3,0,previous_S1,-0.07975867907829937,0.027783689352961716,0
340,CN7_L_000340,2,0,previous_S1,-0.08093250000311647,0.027783689352961716,0
342,CN7_L_000342,1,0,previous_S1,-0.07572254318602889,0.027783689352961716,0
343,CN7_L_000343,2,0,previous_S1,-0.1138943641911232,0.027783689352961716,0
345,CN7_L_000345,1,0,previous_S1,-0.12041580407111807,0.027783689352961716,0
346,CN7_L_000346,3,0,previous_S1,-0.06733414884329347,0.027783689352961716,0
347,CN7_L_000347,1,0,previous_S1,-0.09328898392161955,0.027783689352961716,0
348,CN7_L_000348,1,0,previous_S1,-0.06513206600727806,0.027783689352961716,0
349,CN7_L_000349,3,0,previous_S1,-0.07285256187086375,0.027783689352961716,0
350,CN7_L_000350,2,0,previous_S1,-0.09076158331336392,0.027783689352961716,0
352,CN7_L_000352,2,0,previous_S1,-0.10428547533493004,0.027783689352961716,0
354,CN7_L_000354,3,0,previous_S1,-0.06811290021954974,0.027783689352961716,0
355,CN7_L_000355,2,0,previous_S1,-0.1429790142568912,0.027783689352961716,0
356,CN7_L_000356,2,0,previous_S1,-0.057322597736008785,0.027783689352961716,0
358,CN7_L_000358,2,0,previous_S1,-0.08288721542498312,0.027783689352961716,0
360,CN7_L_000360,2,0,previous_S1,-0.061533860986048516,0.027783689352961716,0
361,CN7_L_000361,2,0,previous_S1,-0.0560828645847522,0.027783689352961716,0
362,CN7_L_000362,0,0,previous_S1,-0.02729317410372145,0.027783689352961716,0
363,CN7_L_000363,1,0,previous_S1,-0.11660176414430756,0.027783689352961716,0
364,CN7_L_000364,2,0,previous_S1,-0.09392383799308934,0.027783689352961716,0
365,CN7_L_000365,2,0,previous_S1,-0.1392748708762559,0.027783689352961716,0
366,CN7_L_000366,2,0,previous_S1,-0.13775160349942706,0.027783689352961716,0
367,CN7_L_000367,3,0,previous_S1,-0.054416588295891355,0.027783689352961716,0
368,CN7_L_000368,2,0,previous_S1,-0.07698205062710306,0.027783689352961716,0
369,CN7_L_000369,1,0,previous_S1,-0.09559827847509794,0.027783689352961716,0
370,CN7_L_000370,2,0,previous_S1,-0.08261751722267974,0.027783689352961716,0
371,CN7_L_000371,1,0,previous_S1,-0.0655656343471418,0.027783689352961716,0
372,CN7_L_000372,1,0,previous_S1,-0.08249583733077248,0.027783689352961716,0
374,CN7_L_000374,1,0,previous_S1,-0.1232225120764654,0.027783689352961716,0
375,CN7_L_000375,2,0,previous_S1,-0.16340387635964948,0.027783689352961716,0
376,CN7_L_000376,1,0,previous_S1,-0.122766695153949,0.027783689352961716,0
377,CN7_L_000377,0,0,previous_S1,-0.07931924294983661,0.027783689352961716,0
378,CN7_L_000378,1,0,previous_S1,-0.094878962522428,0.027783689352961716,0
379,CN7_L_000379,3,0,previous_S1,-0.08058558973593533,0.027783689352961716,0
381,CN7_L_000381,1,0,previous_S1,-0.04900968193794597,0.027783689352961716,0
382,CN7_L_000382,3,0,previous_S1,-0.06655175642951372,0.027783689352961716,0
383,CN7_L_000383,3,0,previous_S1,-0.04381823105421612,0.027783689352961716,0
384,CN7_L_000384,1,0,previous_S1,-0.13801947853179142,0.027783689352961716,0
385,CN7_L_000385,2,0,previous_S1,-0.10618905324842087,0.027783689352961716,0
387,CN7_L_000387,3,0,previous_S1,-0.058235985774437005,0.027783689352961716,0
388,CN7_L_000388,0,0,previous_S1,-0.07898994929899894,0.027783689352961716,0
389,CN7_L_000389,2,0,previous_S1,-0.05318192272515443,0.027783689352961716,0
390,CN7_L_000390,3,0,previous_S1,-0.05323270564848048,0.027783689352961716,0
391,CN7_L_000391,1,0,previous_S1,-0.08972683530021897,0.027783689352961716,0
394,CN7_L_000394,3,0,previous_S1,-0.0665770620014019,0.027783689352961716,0
395,CN7_L_000395,0,0,previous_S1,-0.08228511679567285,0.027783689352961716,0
396,CN7_L_000396,3,0,previous_S1,-0.06854732792216867,0.027783689352961716,0
397,CN7_L_000397,0,0,previous_S1,-0.09036776206259844,0.027783689352961716,0
398,CN7_L_000398,2,0,previous_S1,-0.08269901450815587,0.027783689352961716,0
400,CN7_L_000400,0,0,previous_S1,-0.0910281453772388,0.027783689352961716,0
402,CN7_L_000402,2,0,previous_S1,-0.12003512383835835,0.027783689352961716,0
404,CN7_L_000404,1,0,previous_S1,-0.09397734685028913,0.027783689352961716,0
406,CN7_L_000406,1,0,previous_S1,-0.10032436512724452,0.027783689352961716,0
407,CN7_L_000407,0,0,previous_S1,-0.04904440279376221,0.027783689352961716,0
408,CN7_L_000408,0,0,previous_S1,-0.003660395256570137,0.027783689352961716,0
409,CN7_L_000409,0,0,previous_S1,-0.029645487083363786,0.027783689352961716,0
410,CN7_L_000410,1,0,previous_S1,-0.11232501732520817,0.027783689352961716,0
411,CN7_L_000411,1,0,previous_S1,-0.11694250907923687,0.027783689352961716,0
412,CN7_L_000412,3,0,previous_S1,-0.07046162968117597,0.027783689352961716,0
413,CN7_L_000413,2,0,previous_S1,-0.11945813054483878,0.027783689352961716,0
414,CN7_L_000414,1,0,previous_S1,-0.09143402186193095,0.027783689352961716,0
416,CN7_L_000416,0,0,previous_S1,-0.10766745709242853,0.027783689352961716,0
417,CN7_L_000417,0,0,previous_S1,-0.0694457543456437,0.027783689352961716,0
418,CN7_L_000418,2,0,previous_S1,-0.07171462053346733,0.027783689352961716,0
419,CN7_L_000419,2,0,previous_S1,-0.09428452487485073,0.027783689352961716,0
421,CN7_L_000421,3,0,previous_S1,-0.07258923253310501,0.027783689352961716,0
422,CN7_L_000422,1,0,previous_S1,-0.1542603306065531,0.027783689352961716,0
423,CN7_L_000423,0,0,previous_S1,-0.07505392579647419,0.027783689352961716,0
424,CN7_L_000424,3,0,previous_S1,-0.07307285388905971,0.027783689352961716,0
425,CN7_L_000425,1,0,previous_S1,-0.09409123772846728,0.027783689352961716,0
426,CN7_L_000426,2,0,previous_S1,-0.12634232979409799,0.027783689352961716,0
428,CN7_L_000428,2,0,previous_S1,-0.09507794184522123,0.027783689352961716,0
429,CN7_L_000429,3,0,previous_S1,-0.031017840687944442,0.027783689352961716,0
430,CN7_L_000430,0,0,previous_S1,-0.08832728381616972,0.027783689352961716,0
433,CN7_L_000433,2,0,previous_S1,-0.0963730957855713,0.027783689352961716,0
434,CN7_L_000434,3,0,previous_S1,-0.07403109070169611,0.027783689352961716,0
435,CN7_L_000435,0,0,previous_S1,-0.09914600059813683,0.027783689352961716,0
436,CN7_L_000436,1,0,previous_S1,-0.09741880263961766,0.027783689352961716,0
437,CN7_L_000437,3,0,previous_S1,-0.0753293523443963,0.027783689352961716,0
438,CN7_L_000438,1,0,previous_S1,-0.062059422879225945,0.027783689352961716,0
439,CN7_L_000439,1,0,previous_S1,-0.07382043999224841,0.027783689352961716,0
440,CN7_L_000440,0,0,previous_S1,-0.08314453119829901,0.027783689352961716,0
442,CN7_L_000442,2,0,previous_S1,-0.14451442232858414,0.027783689352961716,0
443,CN7_L_000443,1,0,previous_S1,-0.09286308254713749,0.027783689352961716,0
445,CN7_L_000445,0,0,previous_S1,-0.09787935588501329,0.027783689352961716,0
446,CN7_L_000446,0,0,previous_S1,-0.08090417130973293,0.027783689352961716,0
447,CN7_L_000447,0,0,previous_S1,-0.058678445482748476,0.027783689352961716,0
448,CN7_L_000448,2,0,previous_S1,-0.07772927787289685,0.027783689352961716,0
450,CN7_L_000450,2,0,previous_S1,-0.1122611911418363,0.027783689352961716,0
451,CN7_L_000451,1,0,previous_S1,-0.12768461854709656,0.027783689352961716,0
452,CN7_L_000452,3,0,previous_S1,-0.07107043853473849,0.027783689352961716,0
453,CN7_L_000453,0,0,previous_S1,-0.0929546658200624,0.027783689352961716,0
454,CN7_L_000454,3,0,previous_S1,-0.05071790487731631,0.027783689352961716,0
455,CN7_L_000455,1,0,previous_S1,-0.05365178814843752,0.027783689352961716,0
456,CN7_L_000456,2,0,previous_S1,-0.0635502432103201,0.027783689352961716,0
457,CN7_L_000457,2,0,previous_S1,-0.06466347113779225,0.027783689352961716,0
458,CN7_L_000458,1,0,previous_S1,-0.03472341595589068,0.027783689352961716,0
459,CN7_L_000459,3,0,previous_S1,-0.040976260155136224,0.027783689352961716,0
460,CN7_L_000460,1,0,previous_S1,-0.07724107242483802,0.027783689352961716,0
461,CN7_L_000461,0,0,previous_S1,-0.026666566337329556,0.027783689352961716,0
463,CN7_L_000463,1,0,previous_S1,-0.12879744308121044,0.027783689352961716,0
464,CN7_L_000464,1,0,previous_S1,-0.11843424499561905,0.027783689352961716,0
465,CN7_L_000465,3,0,previous_S1,-0.06912666283279467,0.027783689352961716,0
466,CN7_L_000466,0,0,previous_S1,-0.08335731405137636,0.027783689352961716,0
467,CN7_L_000467,2,0,previous_S1,-0.07010493473733614,0.027783689352961716,0
470,CN7_L_000470,3,0,previous_S1,-0.028425115320852345,0.027783689352961716,0
471,CN7_L_000471,0,0,previous_S1,-0.057130256540989244,0.027783689352961716,0
474,CN7_L_000474,2,0,previous_S1,-0.10227290630986863,0.027783689352961716,0
476,CN7_L_000476,0,0,previous_S1,-0.09565160198750577,0.027783689352961716,0
477,CN7_L_000477,1,0,previous_S1,-0.08659560538343891,0.027783689352961716,0
478,CN7_L_000478,0,0,previous_S1,-0.06894360530477739,0.027783689352961716,0
479,CN7_L_000479,3,0,previous_S1,-0.05130153546022598,0.027783689352961716,0
481,CN7_L_000481,3,0,previous_S1,-0.0815182407412629,0.027783689352961716,0
482,CN7_L_000482,1,0,previous_S1,-0.09131965959227228,0.027783689352961716,0
483,CN7_L_000483,2,0,previous_S1,-0.11917917104159548,0.027783689352961716,0
484,CN7_L_000484,3,0,previous_S1,-0.04718508858336845,0.027783689352961716,0
486,CN7_L_000486,3,0,previous_S1,-0.031112340709103403,0.027783689352961716,0
487,CN7_L_000487,2,0,previous_S1,-0.1049223810675799,0.027783689352961716,0
491,CN7_L_000491,1,0,previous_S1,-0.145289273384269,0.027783689352961716,0
492,CN7_L_000492,1,0,previous_S1,-0.05383395620489617,0.027783689352961716,0
493,CN7_L_000493,1,0,previous_S1,-0.0467094793983307,0.027783689352961716,0
494,CN7_L_000494,2,0,previous_S1,-0.08270814506460944,0.027783689352961716,0
495,CN7_L_000495,3,0,previous_S1,-0.06331168148503252,0.027783689352961716,0
496,CN7_L_000496,2,0,previous_S1,-0.10966598499059499,0.027783689352961716,0
497,CN7_L_000497,3,0,previous_S1,-0.038884849626770635,0.027783689352961716,0
499,CN7_L_000499,3,0,previous_S1,-0.06582450011974394,0.027783689352961716,0
500,CN7_L_000500,2,0,previous_S1,-0.12519184473498113,0.027783689352961716,0
501,CN7_L_000501,2,0,previous_S1,-0.14139340455473182,0.027783689352961716,0
502,CN7_L_000502,2,0,previous_S1,-0.08988020209589154,0.027783689352961716,0
504,CN7_L_000504,1,0,previous_S1,-0.08068898224380039,0.027783689352961716,0
507,CN7_L_000507,1,0,previous_S1,-0.07497827755822373,0.027783689352961716,0
508,CN7_L_000508,0,0,previous_S1,-0.06944655181633896,0.027783689352961716,0
509,CN7_L_000509,1,0,previous_S1,-0.14049944529861813,0.027783689352961716,0
510,CN7_L_000510,1,0,previous_S1,-0.08422108239474158,0.027783689352961716,0
511,CN7_L_000511,2,0,previous_S1,-0.07479994858906025,0.027783689352961716,0
513,CN7_L_000513,2,0,previous_S1,-0.08100216483959732,0.027783689352961716,0
514,CN7_L_000514,0,0,previous_S1,-0.035046652680306156,0.027783689352961716,0
515,CN7_L_000515,0,0,previous_S1,-0.032123056217483015,0.027783689352961716,0
516,CN7_L_000516,3,0,previous_S1,-0.05339399905685438,0.027783689352961716,0
517,CN7_L_000517,0,0,previous_S1,-0.04043346818744409,0.027783689352961716,0
519,CN7_L_000519,3,0,previous_S1,-0.058864635691938894,0.027783689352961716,0
520,CN7_L_000520,3,0,previous_S1,-0.08521493398401958,0.027783689352961716,0
521,CN7_L_000521,0,0,previous_S1,-0.05214088933948435,0.027783689352961716,0
523,CN7_L_000523,0,0,previous_S1,-0.044183476344151984,0.027783689352961716,0
525,CN7_L_000525,1,0,previous_S1,-0.06240481060462644,0.027783689352961716,0
526,CN7_L_000526,0,0,previous_S1,-0.06309387600037963,0.027783689352961716,0
527,CN7_L_000527,2,0,previous_S1,-0.11877590857502884,0.027783689352961716,0
528,CN7_L_000528,3,0,previous_S1,-0.01712702478325756,0.027783689352961716,0
529,CN7_L_000529,0,0,previous_S1,-0.09124929986924091,0.027783689352961716,0
530,CN7_L_000530,2,0,previous_S1,-0.11149575111694521,0.027783689352961716,0
532,CN7_L_000532,3,0,previous_S1,-0.08147886356975054,0.027783689352961716,0
533,CN7_L_000533,0,0,previous_S1,-0.029335138110165193,0.027783689352961716,0
534,CN7_L_000534,2,0,previous_S1,-0.07887282538064744,0.027783689352961716,0
535,CN7_L_000535,2,0,previous_S1,-0.08912105881171195,0.027783689352961716,0
536,CN7_L_000536,2,0,previous_S1,-0.12011362493349687,0.027783689352961716,0
537,CN7_L_000537,0,0,previous_S1,-0.08598692475322967,0.027783689352961716,0
538,CN7_L_000538,2,0,previous_S1,-0.13571736501870957,0.027783689352961716,0
539,CN7_L_000539,0,0,previous_S1,-0.06900402850225973,0.027783689352961716,0
541,CN7_L_000541,3,0,previous_S1,-0.06643969169719854,0.027783689352961716,0
542,CN7_L_000542,2,0,previous_S1,-0.09377485084732395,0.027783689352961716,0
543,CN7_L_000543,1,0,previous_S1,-0.09543652348998677,0.027783689352961716,0
544,CN7_L_000544,2,0,previous_S1,-0.04332039400811416,0.027783689352961716,0
545,CN7_L_000545,3,0,previous_S1,-0.05122420713181297,0.027783689352961716,0
546,CN7_L_000546,1,0,previous_S1,-0.09030561841733942,0.027783689352961716,0
547,CN7_L_000547,2,0,previous_S1,-0.1613432756648363,0.027783689352961716,0
548,CN7_L_000548,3,0,previous_S1,0.009093141695849294,0.027783689352961716,0
549,CN7_L_000549,2,0,previous_S1,-0.11863339639678117,0.027783689352961716,0
550,CN7_L_000550,2,0,previous_S1,-0.11575041257508722,0.027783689352961716,0
551,CN7_L_000551,0,0,previous_S1,-0.09835629500123177,0.027783689352961716,0
553,CN7_L_000553,3,0,previous_S1,-0.051582419894498965,0.027783689352961716,0
555,CN7_L_000555,0,0,previous_S1,-0.06342848152755076,0.027783689352961716,0
556,CN7_L_000556,1,0,previous_S1,-0.10666489406523683,0.027783689352961716,0
557,CN7_L_000557,1,0,previous_S1,-0.128036152266775,0.027783689352961716,0
558,CN7_L_000558,3,0,previous_S1,-0.040800617744592316,0.027783689352961716,0
559,CN7_L_000559,1,0,previous_S1,-0.1444526298433484,0.027783689352961716,0
560,CN7_L_000560,1,0,previous_S1,-0.1148063285253671,0.027783689352961716,0
561,CN7_L_000561,0,0,previous_S1,-0.07213970249731672,0.027783689352961716,0
562,CN7_L_000562,0,0,previous_S1,-0.08035952184763584,0.027783689352961716,0
563,CN7_L_000563,2,0,previous_S1,-0.08728705093747768,0.027783689352961716,0
564,CN7_L_000564,1,0,previous_S1,-0.0948233415794073,0.027783689352961716,0
566,CN7_L_000566,2,0,previous_S1,-0.10211512747833273,0.027783689352961716,0
567,CN7_L_000567,0,0,previous_S1,-0.029255388123673676,0.027783689352961716,0
568,CN7_L_000568,2,0,previous_S1,-0.12156546455601802,0.027783689352961716,0
569,CN7_L_000569,1,0,previous_S1,-0.13196396798786036,0.027783689352961716,0
570,CN7_L_000570,2,0,previous_S1,-0.11374855074019097,0.027783689352961716,0
571,CN7_L_000571,3,0,previous_S1,-0.0661355361456546,0.027783689352961716,0
572,CN7_L_000572,1,0,previous_S1,-0.1027768254923811,0.027783689352961716,0
573,CN7_L_000573,3,0,previous_S1,-0.07795690578874126,0.027783689352961716,0
575,CN7_L_000575,2,0,previous_S1,-0.056068576667113845,0.027783689352961716,0
576,CN7_L_000576,3,0,previous_S1,-0.06973502581264901,0.027783689352961716,0
578,CN7_L_000578,2,0,previous_S1,-0.11236661490277156,0.027783689352961716,0
579,CN7_L_000579,2,0,previous_S1,-0.12395959988925931,0.027783689352961716,0
580,CN7_L_000580,2,0,previous_S1,-0.13589583867031507,0.027783689352961716,0
581,CN7_L_000581,1,0,previous_S1,-0.07173915606282444,0.027783689352961716,0
582,CN7_L_000582,1,0,previous_S1,-0.09069774548088771,0.027783689352961716,0
583,CN7_L_000583,1,0,previous_S1,-0.0771341592660888,0.027783689352961716,0
584,CN7_L_000584,3,0,previous_S1,-0.05717365455260737,0.027783689352961716,0
585,CN7_L_000585,0,0,previous_S1,-0.08153402005412946,0.027783689352961716,0
586,CN7_L_000586,3,0,previous_S1,-0.06651889498842944,0.027783689352961716,0
587,CN7_L_000587,0,0,previous_S1,-0.07029198413145155,0.027783689352961716,0
590,CN7_L_000590,3,0,previous_S1,-0.05022506015612471,0.027783689352961716,0
592,CN7_L_000592,2,0,previous_S1,-0.06542995982504074,0.027783689352961716,0
593,CN7_L_000593,1,0,previous_S1,-0.08986223489363399,0.027783689352961716,0
594,CN7_L_000594,1,0,previous_S1,-0.06106632710731219,0.027783689352961716,0
595,CN7_L_000595,3,0,previous_S1,-0.051711443216119424,0.027783689352961716,0
596,CN7_L_000596,0,0,previous_S1,-0.05452798691278238,0.027783689352961716,0
597,CN7_L_000597,1,0,previous_S1,-0.09607595433950866,0.027783689352961716,0
598,CN7_L_000598,0,0,previous_S1,-0.07397490503548942,0.027783689352961716,0
599,CN7_L_000599,0,0,previous_S1,-0.07867175319976472,0.027783689352961716,0
601,CN7_L_000601,2,0,previous_S1,-0.08744209635054023,0.027783689352961716,0
602,CN7_L_000602,2,0,previous_S1,-0.13826898718694247,0.027783689352961716,0
604,CN7_L_000604,3,0,previous_S1,0.6377499869618466,0.027783689352961716,1
605,CN7_L_000605,0,0,previous_S1,2.0770608790549954,0.027783689352961716,1
