Injection_Time,Filling_Time,Plasticizing_Time,Cycle_Time,Clamp_Close_Time,Cushion_Position,Plasticizing_Position,Clamp_Open_Position,Max_Injection_Speed,Max_Screw_RPM,Average_Screw_RPM,Max_Injection_Pressure,Max_Switch_Over_Pressure,Max_Back_Pressure,Average_Back_Pressure,Barrel_Temperature_1,Barrel_Temperature_2,Barrel_Temperature_3,Barrel_Temperature_4,Barrel_Temperature_5,Barrel_Temperature_6,Hopper_Temperature,Mold_Temperature_3,Mold_Temperature_4
-0.029099449053866445,-1.1925314031676417,1.9777373985051097,0.24951068491762612,1.0330781477474453,2.8676077756748666,-1.7558155003678992,0.0,2.187583295011355,0.6771090687267264,-0.4217977735906751,-2.0779613663043452,-1.1849017967013198,-1.3302495473813911,-1.3068776064033847,0.09662861106977294,-0.49617470017850324,-0.0020813214763596324,0.04774926271712467,0.28272749205848513,-0.3541839203189247,0.18323231509872764,-1.3934848920072398,-1.57604166012954
-0.029099449053866445,-1.1925314031676417,0.6308800429241845,-0.2987077097782125,1.0330781477474453,1.2777072234033922,-1.7558155003678992,0.0,1.40255433466711,0.6771090687267264,2.655763759644376,-0.7652217551830952,-0.5545865564805381,-0.7080273944801929,-1.5393736290920372,1.2620952399361232,-0.2538134838594481,-0.0020813214763596324,0.9252418187908061,0.28272749205848513,-1.3484852595196537,0.28491017772836064,-1.5359681331845165,-1.57604166012954
-0.029099449053866445,-1.1925314031676417,2.202217192363833,0.24951068491762612,1.0330781477474453,1.2777072234033922,-1.7558155003678992,0.0,1.40255433466711,-0.6657520460385278,1.1169829930268504,-1.4216416385498971,-0.1343870827216355,-0.7080273944801929,-1.0743727145599793,-1.535053123118236,0.7155574231572918,-1.5386259464987528,0.9252418187908061,-0.6577508990084993,-0.8512966597545222,0.28491017772836064,-1.3934848920072398,-1.57604166012954
-0.029099449053866445,-1.1925314031676417,1.0798396306416314,0.24951068491762612,1.0330781477474453,2.0750885401389327,-1.7558155003678992,0.0,1.40255433466711,0.6771090687267264,1.1169829930268504,-1.4216416385498971,-0.1343870827216355,-0.7080273944801929,-1.3068776064033847,0.7958801346144643,1.6849283301740314,1.8417909851987668,0.04774926271712467,-0.030765304963843006,1.1373060186469357,0.18323231509872764,-1.3934848920072398,-1.57604166012954
-0.029099449053866445,-1.1925314031676417,2.202217192363833,0.24951068491762612,1.0330781477474453,1.2777072234033922,-1.7558155003678992,0.0,1.40255433466711,0.6771090687267264,2.655763759644376,-0.7652217551830952,-0.3444868196010868,-1.3302495473813911,-2.236870566312748,-0.8357304651357478,-1.223184390876188,-0.3094090031290929,-0.6834870954900467,-0.9711480314604819,-0.3541839203189247,1.0983408362890856,-1.3934848920072398,-1.57604166012954
-0.029099449053866445,-1.1925314031676417,2.202217192363833,0.24951068491762612,1.0330781477474453,2.0750885401389327,-0.974520563532816,0.0,1.40255433466711,0.6771090687267264,1.1169829930268504,-1.4216416385498971,-0.7646862933599895,-1.6413546898817633,-2.236870566312748,-1.7680895413412685,0.23083499051918135,-0.0020813214763596324,-1.268467255830708,-0.9711480314604819,-2.8399751984855137,0.9966629736594528,-1.6784513743617933,-1.818826537536768
-0.029099449053866445,-1.1925314031676417,3.1001149602273115,-0.2987077097782125,1.0330781477474453,2.0750885401389327,-1.7558155003678992,0.0,2.187583295011355,-0.6657520460385278,-0.4217977735906751,-1.4216416385498971,-0.9747860302394408,-1.9524598323821356,-2.0043745436240954,0.09662861106977294,-0.2538134838594481,-1.2312982648460196,-1.122211057964198,-0.030765304963843006,-0.8512966597545222,-0.6302061009856589,-1.5359681331845165,-1.57604166012954
-0.029099449053866445,-1.1925314031676417,1.0798396306416314,0.24951068491762612,1.0330781477474453,2.0750885401389327,-1.7558155003678992,0.0,2.187583295011355,0.6771090687267264,-0.4217977735906751,-2.7343812496711473,-0.7646862933599895,-1.019132536980565,-1.5393736290920372,0.3297361637306024,-0.9808971328166136,0.3052463601763737,0.48651785631665484,2.1635886096221086,-0.8512966597545222,0.28491017772836064,-1.5359681331845165,-1.57604166012954
-0.029099449053866445,-1.1925314031676417,2.202217192363833,0.24951068491762612,1.0330781477474453,2.0750885401389327,-1.7558155003678992,0.0,2.187583295011355,-0.6657520460385278,1.1169829930268504,-1.4216416385498971,-0.3444868196010868,-0.3969103840793668,-0.8418766918713266,-0.8357304651357478,-0.49617470017850324,-0.3094090031290929,1.0714980166573163,1.2231102185551241,0.6401932792113381,0.18323231509872764,-1.5359681331845165,-1.57604166012954
-0.029099449053866445,-1.1925314031676417,2.202217192363833,0.24951068491762612,1.0330781477474453,1.2777072234033922,-0.19292753629832982,0.0,1.40255433466711,0.6771090687267264,1.1169829930268504,-0.7652217551830952,-0.1343870827216355,-0.08580524157899463,-0.3768757773392685,0.3297361637306024,0.23083499051918135,0.3052463601763737,0.9252418187908061,0.5962202890808133,-0.8512966597545222,0.28491017772836064,-1.6784513743617933,-1.818826537536768
-0.029099449053866445,-1.1925314031676417,1.7532576046463864,-0.2987077097782125,1.0330781477474453,1.2777072234033922,-1.7558155003678992,0.0,1.40255433466711,-0.6657520460385278,1.1169829930268504,-0.10880187181629318,0.07572868374024348,-0.3969103840793668,-0.8418766918713266,0.3297361637306024,1.6849283301740314,-0.0020813214763596324,0.632729423057786,-0.9711480314604819,-1.3484852595196537,-0.4268503757263929,-1.6784513743617933,-1.818826537536768
-0.029099449053866445,-1.1925314031676417,2.202217192363833,-0.024546231446629645,1.0330781477474453,1.2777072234033922,-1.7558155003678992,0.0,1.40255433466711,-0.6657520460385278,1.1169829930268504,-0.7652217551830952,-0.3444868196010868,-1.019132536980565,-1.3068776064033847,-1.0688380177965773,-0.011452267540392873,0.3052463601763737,-1.8534474161713694,1.5366030155774522,-0.3541839203189247,-0.12180903031383264,-1.6784513743617933,-1.697434098833154
-0.029099449053866445,-1.1925314031676417,1.7532576046463864,0.24951068491762612,1.0330781477474453,2.0750885401389327,-0.19292753629832982,0.0,1.40255433466711,0.6771090687267264,-0.4217977735906751,-1.4216416385498971,-0.5545865564805381,-0.7080273944801929,-0.8418766918713266,0.3297361637306024,-0.9808971328166136,-0.3094090031290929,-0.975954860097688,-0.34425810198617113,0.1430046794462067,0.3865880403579936,-1.6784513743617933,-1.697434098833154
-0.029099449053866445,-1.1925314031676417,2.202217192363833,0.24951068491762612,1.0330781477474453,1.2777072234033922,-1.7558155003678992,0.0,1.40255433466711,0.6771090687267264,1.1169829930268504,-0.7652217551830952,-0.3444868196010868,-1.019132536980565,-1.3068776064033847,-1.0688380177965773,1.9272895464930866,0.3052463601763737,-0.5372308976235367,0.5962202890808133,-0.8512966597545222,0.18323231509872764,-1.5359681331845165,-1.697434098833154
-0.029099449053866445,-1.1925314031676417,2.202217192363833,-1.120983020838307,1.0330781477474453,2.0750885401389327,-1.7558155003678992,0.0,2.187583295011355,-0.6657520460385278,1.1169829930268504,-0.7652217551830952,-0.3444868196010868,-0.08580524157899463,-0.3768757773392685,1.4952027925969524,-0.49617470017850324,0.612574041829107,0.04774926271712467,-2.2251192195497946,-0.8512966597545222,0.28491017772836064,-1.5359681331845165,-1.697434098833154
-0.029099449053866445,-1.1925314031676417,0.1819418627781529,-0.024546231446629645,1.0330781477474453,1.2777072234033922,-1.7558155003678992,0.0,0.6176451529252976,0.6771090687267264,1.1169829930268504,-1.4216416385498971,-0.1343870827216355,0.22529990092137753,-0.3768757773392685,1.0289876872752937,-0.011452267540392873,-0.0020813214763596324,-0.24471850189051658,-0.030765304963843006,0.1430046794462067,0.3865880403579936,-1.6784513743617933,-1.57604166012954
-0.029099449053866445,-1.1925314031676417,1.9777373985051097,0.24951068491762612,1.0330781477474453,1.2777072234033922,1.3696623373718366,0.0,0.6176451529252976,-0.6657520460385278,1.1169829930268504,-0.10880187181629318,0.07572868374024348,-0.7080273944801929,-1.0743727145599793,-1.3019455704574068,0.23083499051918135,-1.2312982648460196,-0.8297432933565567,-0.34425810198617113,-1.3484852595196537,1.606737906960912,-1.5359681331845165,-1.697434098833154
-0.029099449053866445,-1.1925314031676417,1.9777373985051097,0.24951068491762612,1.0330781477474453,1.2777072234033922,2.151255364606323,0.0,1.40255433466711,2.0199701834919805,2.655763759644376,-1.4216416385498971,-0.3444868196010868,-1.3302495473813911,-2.236870566312748,-0.6026229124749184,0.23083499051918135,-0.0020813214763596324,-0.8297432933565567,-0.030765304963843006,1.1373060186469357,0.3865880403579936,-1.5359681331845165,-1.697434098833154
-0.029099449053866445,-1.1925314031676417,2.6511553725098644,-0.2987077097782125,1.0330781477474453,2.0750885401389327,0.5883674005367534,0.0,2.187583295011355,-0.6657520460385278,1.1169829930268504,-2.7343812496711473,-0.3444868196010868,-1.019132536980565,-1.5393736290920372,0.09662861106977294,1.4425671138549763,0.3052463601763737,-0.975954860097688,0.28272749205848513,0.6401932792113381,-0.6302061009856589,-1.5359681331845165,-1.697434098833154
-0.029099449053866445,-1.1925314031676417,2.6511553725098644,0.24951068491762612,1.0330781477474453,1.2777072234033922,0.5883674005367534,0.0,2.187583295011355,0.6771090687267264,-0.4217977735906751,-2.0779613663043452,-0.5545865564805381,-0.3969103840793668,-0.609380669182674,-1.3019455704574068,1.200279855795402,-0.9239705831932862,-0.39097469975702664,-0.030765304963843006,1.1373060186469357,0.18323231509872764,-1.6784513743617933,-1.697434098833154
-0.029099449053866445,-1.1925314031676417,1.3042980169289395,0.24951068491762612,1.0330781477474453,1.2777072234033922,1.3696623373718366,0.0,1.40255433466711,0.6771090687267264,1.1169829930268504,-0.7652217551830952,-0.5545865564805381,0.22529990092137753,-0.14437975465061584,-0.6026229124749184,-1.223184390876188,-0.0020813214763596324,0.04774926271712467,0.9096174215327959,-0.8512966597545222,0.18323231509872764,-1.6784513743617933,-1.697434098833154
-0.029099449053866445,-1.1925314031676417,1.5287778107876628,0.24951068491762612,1.0330781477474453,0.48032590666785163,2.151255364606323,0.0,0.6176451529252976,0.6771090687267264,1.1169829930268504,-0.10880187181629318,0.07572868374024348,0.8475220538225758,0.08812513719278957,0.09662861106977294,0.7155574231572918,-0.3094090031290929,0.778985620924296,-1.2846408284828101,-1.3484852595196537,0.18323231509872764,-1.6784513743617933,-1.697434098833154
-0.029099449053866445,-1.1925314031676417,2.202217192363833,0.24951068491762612,1.0330781477474453,0.48032590666785163,1.3696623373718366,0.0,0.6176451529252976,-0.6657520460385278,1.1169829930268504,-0.10880187181629318,0.2858284206196948,0.22529990092137753,-0.8418766918713266,-0.1364789415910565,-1.7079068235142982,0.612574041829107,1.2177542145238263,0.5962202890808133,-2.3427865987203824,-0.12180903031383264,-1.6784513743617933,-1.697434098833154
-0.029099449053866445,-1.1925314031676417,3.7735329342320663,0.24951068491762612,1.0330781477474453,0.48032590666785163,2.151255364606323,0.0,0.6176451529252976,0.6771090687267264,1.1169829930268504,-0.7652217551830952,0.2858284206196948,-0.08580524157899463,-0.609380669182674,1.2620952399361232,-1.465545607195243,1.2271356218933003,0.19400546058363471,0.5962202890808133,-0.8512966597545222,1.2000264564423802,-1.6784513743617933,-1.697434098833154
-0.029099449053866445,-1.1925314031676417,1.5287778107876628,0.24951068491762612,1.0330781477474453,1.2777072234033922,1.3696623373718366,0.0,0.6176451529252976,-0.6657520460385278,2.655763759644376,-1.4216416385498971,-0.1343870827216355,-0.3969103840793668,-1.5393736290920372,0.7958801346144643,-0.011452267540392873,-0.0020813214763596324,-1.122211057964198,-0.6577508990084993,1.634494618412067,0.18323231509872764,-1.6784513743617933,-1.697434098833154
-0.029099449053866445,-1.1925314031676417,1.9777373985051097,0.24951068491762612,1.0330781477474453,1.2777072234033922,1.3696623373718366,0.0,1.40255433466711,-0.6657520460385278,2.655763759644376,-1.4216416385498971,0.07572868374024348,-1.019132536980565,-1.7718785209354428,-1.3019455704574068,2.412011979131197,-1.8459536281514861,-0.975954860097688,-0.9711480314604819,-0.8512966597545222,1.2000264564423802,-1.6784513743617933,-1.697434098833154
-0.029099449053866445,-1.1925314031676417,3.1001149602273115,-0.2987077097782125,1.0330781477474453,2.0750885401389327,2.151255364606323,0.0,1.40255433466711,0.6771090687267264,-0.4217977735906751,-1.4216416385498971,-0.5545865564805381,-1.6413546898817633,-1.5393736290920372,0.7958801346144643,0.7155574231572918,-0.3094090031290929,-0.975954860097688,-0.9711480314604819,-0.3541839203189247,0.8949851110298198,-1.6784513743617933,-1.697434098833154
-0.029099449053866445,-1.1925314031676417,1.0798396306416314,0.24951068491762612,1.0330781477474453,2.0750885401389327,1.3696623373718366,0.0,2.187583295011355,-0.6657520460385278,-0.4217977735906751,-1.4216416385498971,-0.5545865564805381,-1.019132536980565,-0.8418766918713266,0.3297361637306024,-0.7385359164975585,-0.0020813214763596324,-0.6834870954900467,-0.9711480314604819,0.1430046794462067,0.18323231509872764,-1.6784513743617933,-1.697434098833154
-8.627730385041827,-1.1925314031676417,2.202217192363833,-0.2987077097782125,1.0330781477474453,-1.1144367268032296,1.3696623373718366,0.0,2.187583295011355,0.6771090687267264,1.1169829930268504,-3.3907009774255954,-1.1849017967013198,-1.019132536980565,-1.3068776064033847,0.5628437163914318,-0.9808971328166136,-0.0020813214763596324,0.632729423057786,-0.030765304963843006,-0.8512966597545222,0.18323231509872764,-1.5359681331845165,-1.697434098833154
-0.029099449053866445,-1.1925314031676417,1.7532576046463864,0.24951068491762612,1.0330781477474453,2.0750885401389327,1.3696623373718366,0.0,1.40255433466711,-0.6657520460385278,-0.4217977735906751,-1.4216416385498971,-0.7646862933599895,-0.08580524157899463,0.08812513719278957,-0.36958649425188594,1.4425671138549763,-0.0020813214763596324,1.2177542145238263,-0.9711480314604819,0.6401932792113381,0.7933072484001868,-1.6784513743617933,-1.697434098833154
-0.029099449053866445,-1.1925314031676417,0.1819418627781529,0.24951068491762612,1.0330781477474453,0.48032590666785163,2.932550301441406,0.0,1.40255433466711,2.0199701834919805,2.655763759644376,-0.7652217551830952,-0.1343870827216355,0.22529990092137753,-0.609380669182674,0.7958801346144643,-0.9808971328166136,1.8417909851987668,1.8027343748644875,-0.030765304963843006,-0.8512966597545222,0.18323231509872764,-1.82093461553907,-1.9402166608721947
-0.029099449053866445,-1.1925314031676417,1.3042980169289395,0.24951068491762612,1.0330781477474453,0.48032590666785163,1.3696623373718366,0.0,0.6176451529252976,-0.6657520460385278,1.1169829930268504,-0.10880187181629318,0.2858284206196948,0.22529990092137753,-0.14437975465061584,0.09662861106977294,0.7155574231572918,-1.2312982648460196,1.8027343748644875,-0.9711480314604819,0.6401932792113381,0.18323231509872764,-1.6784513743617933,-1.697434098833154
-0.029099449053866445,-1.1925314031676417,1.9777373985051097,0.24951068491762612,1.0330781477474453,0.48032590666785163,1.3696623373718366,0.0,0.6176451529252976,0.6771090687267264,-0.4217977735906751,-0.7652217551830952,0.7060278943785975,0.22529990092137753,-0.3768757773392685,-1.0688380177965773,1.6849283301740314,-0.3094090031290929,0.632729423057786,-0.6577508990084993,-1.8455979989552511,-0.6302061009856589,-1.963415139074561,-2.0616090995758087
-0.029099449053866445,-1.1925314031676417,1.3042980169289395,0.24951068491762612,-0.38678982241038173,1.2777072234033922,0.5883674005367534,0.0,1.40255433466711,-0.6657520460385278,-0.4217977735906751,-1.4216416385498971,-0.9747860302394408,-1.3302495473813911,-0.609380669182674,0.09662861106977294,0.7155574231572918,-0.3094090031290929,-0.09850693514938538,2.7904785390964193,0.1430046794462067,-0.7318839636152918,-0.9660378861171952,-0.9690817819796572
-0.029099449053866445,-1.1925314031676417,0.855359836782908,0.24951068491762612,-0.38678982241038173,1.2777072234033922,1.3696623373718366,0.0,1.40255433466711,-0.6657520460385278,1.1169829930268504,-0.7652217551830952,-0.9747860302394408,-1.6413546898817633,-1.7718785209354428,-0.36958649425188594,-0.49617470017850324,1.8417909851987668,-0.8297432933565567,-0.030765304963843006,0.6401932792113381,-0.3251647555730986,-0.9660378861171952,-0.9690817819796572
-0.029099449053866445,-1.1925314031676417,0.4064002490654612,0.24951068491762612,-0.38678982241038173,1.2777072234033922,-0.19292753629832982,0.0,1.40255433466711,0.6771090687267264,-0.4217977735906751,-1.4216416385498971,-0.5545865564805381,-1.019132536980565,-0.8418766918713266,-1.0688380177965773,-1.9502680398333534,-0.9239705831932862,-1.5609796515637282,4.357846859637714,0.1430046794462067,2.013457115003105,-0.8235546449399185,-0.9690817819796572
-0.029099449053866445,-1.1925314031676417,1.5287778107876628,0.24951068491762612,-0.38678982241038173,0.48032590666785163,0.5883674005367534,0.0,0.6176451529252976,-2.0085875478583746,1.1169829930268504,-0.10880187181629318,0.07572868374024348,-1.019132536980565,-1.0743727145599793,1.4952027925969524,-0.7385359164975585,1.5344633035460336,-0.5372308976235367,-2.538516352001777,0.6401932792113381,0.5899437656172595,-0.8235546449399185,-0.8476893432760432
-0.029099449053866445,0.8385523411322893,0.6308800429241845,-0.2987077097782125,-0.38678982241038173,-0.31705541006768895,-0.19292753629832982,0.0,-0.16738380741894748,-0.6657520460385278,-0.4217977735906751,0.547517855938155,0.2858284206196948,-0.08580524157899463,-0.3768757773392685,-0.36958649425188594,-1.465545607195243,-0.0020813214763596324,0.3402616584501448,-0.030765304963843006,-1.8455979989552511,0.3865880403579936,-0.8235546449399185,-0.8476893432760432
-0.029099449053866445,0.8385523411322893,0.6308800429241845,0.24951068491762612,-0.38678982241038173,-0.31705541006768895,1.3696623373718366,0.0,-0.16738380741894748,0.6771090687267264,1.1169829930268504,0.547517855938155,0.07572868374024348,0.22529990092137753,0.08812513719278957,-0.1364789415910565,0.23083499051918135,1.2271356218933003,0.632729423057786,0.5962202890808133,-0.3541839203189247,0.3865880403579936,-0.8235546449399185,-0.8476893432760432
-0.029099449053866445,-1.1925314031676417,0.1819418627781529,0.24951068491762612,-0.38678982241038173,0.48032590666785163,-0.974520563532816,0.0,0.6176451529252976,-0.6657520460385278,-0.4217977735906751,-0.10880187181629318,0.07572868374024348,0.22529990092137753,0.08812513719278957,1.2620952399361232,-1.223184390876188,1.5344633035460336,0.778985620924296,0.5962202890808133,0.6401932792113381,0.48826590298762657,-0.8235546449399185,-0.7262969045724291
-0.029099449053866445,-1.1925314031676417,0.855359836782908,0.24951068491762612,-0.38678982241038173,1.2777072234033922,0.5883674005367534,0.0,0.6176451529252976,-0.6657520460385278,1.1169829930268504,-1.4216416385498971,-0.1343870827216355,-0.08580524157899463,-0.3768757773392685,-0.6026229124749184,0.9579186394763469,-0.3094090031290929,0.3402616584501448,0.5962202890808133,0.6401932792113381,0.6916293857705539,-0.8235546449399185,-0.8476893432760432
-0.029099449053866445,-1.1925314031676417,1.5287778107876628,0.24951068491762612,-0.38678982241038173,1.2777072234033922,-0.19292753629832982,0.0,1.40255433466711,0.6771090687267264,-0.4217977735906751,-0.7652217551830952,-0.5545865564805381,-0.7080273944801929,-0.8418766918713266,0.09662861106977294,-0.7385359164975585,-0.9239705831932862,-0.24471850189051658,-1.2846408284828101,0.1430046794462067,0.48826590298762657,-0.8235546449399185,-0.8476893432760432
-0.029099449053866445,-1.1925314031676417,1.0798396306416314,0.24951068491762612,-0.38678982241038173,0.48032590666785163,0.5883674005367534,0.0,0.6176451529252976,2.0199701834919805,2.655763759644376,-0.10880187181629318,-0.7646862933599895,-1.3302495473813911,-2.0043745436240954,-2.001197094002098,-1.465545607195243,-1.8459536281514861,-0.975954860097688,-0.34425810198617113,-0.8512966597545222,0.5899437656172595,-0.8235546449399185,-0.8476893432760432
-0.029099449053866445,0.8385523411322893,-0.7159559050853255,0.24951068491762612,-0.38678982241038173,0.48032590666785163,0.5883674005367534,0.0,-0.16738380741894748,0.6771090687267264,1.1169829930268504,-0.10880187181629318,0.07572868374024348,-0.7080273944801929,-1.0743727145599793,-0.1364789415910565,-0.9808971328166136,-0.6167366847818262,-0.09850693514938538,-0.34425810198617113,0.6401932792113381,-0.3251647555730986,-0.9660378861171952,-0.8476893432760432
-0.029099449053866445,0.8385523411322893,0.1819418627781529,0.24951068491762612,-0.38678982241038173,-0.31705541006768895,0.5883674005367534,0.0,-0.16738380741894748,-0.6657520460385278,-0.4217977735906751,0.547517855938155,0.07572868374024348,-0.08580524157899463,0.32062115988144224,0.5628437163914318,0.9579186394763469,0.3052463601763737,0.9252418187908061,-0.34425810198617113,1.1373060186469357,0.9966629736594528,-0.9660378861171952,-0.8476893432760432
-0.029099449053866445,-1.1925314031676417,1.7532576046463864,0.24951068491762612,-0.38678982241038173,0.48032590666785163,1.3696623373718366,0.0,0.6176451529252976,0.6771090687267264,-0.4217977735906751,0.547517855938155,0.2858284206196948,0.5364169113222037,0.5531171825700949,0.5628437163914318,-0.49617470017850324,1.8417909851987668,1.0714980166573163,1.2231102185551241,0.6401932792113381,0.0815466949454333,-0.8235546449399185,-0.8476893432760432
-0.029099449053866445,-1.1925314031676417,0.6308800429241845,-0.2987077097782125,-0.38678982241038173,0.48032590666785163,-0.19292753629832982,0.0,1.40255433466711,2.0199701834919805,-0.4217977735906751,-0.7652217551830952,-0.1343870827216355,-0.08580524157899463,-0.3768757773392685,1.4952027925969524,0.47319620683823654,0.3052463601763737,0.9252418187908061,0.5962202890808133,0.6401932792113381,0.7933072484001868,-0.9660378861171952,-0.9690817819796572
-0.029099449053866445,-1.1925314031676417,-0.04253793108057046,0.7977290796134647,-0.38678982241038173,1.2777072234033922,0.5883674005367534,0.0,0.6176451529252976,0.6771090687267264,-0.4217977735906751,-0.7652217551830952,-0.5545865564805381,-1.3302495473813911,-1.0743727145599793,0.5628437163914318,-0.7385359164975585,-0.3094090031290929,-0.5372308976235367,-0.34425810198617113,-0.8512966597545222,0.3865880403579936,-0.9660378861171952,-0.8476893432760432
-0.029099449053866445,-1.1925314031676417,-0.04253793108057046,0.24951068491762612,-0.38678982241038173,0.48032590666785163,1.3696623373718366,0.0,0.6176451529252976,2.0199701834919805,-0.4217977735906751,-0.10880187181629318,-0.3444868196010868,-1.3302495473813911,-1.3068776064033847,1.0289876872752937,-0.011452267540392873,-1.2312982648460196,-1.122211057964198,-0.6577508990084993,-0.8512966597545222,0.3865880403579936,-0.9660378861171952,-0.9690817819796572
-0.029099449053866445,-1.1925314031676417,1.0798396306416314,-0.2987077097782125,-0.38678982241038173,0.48032590666785163,-0.19292753629832982,0.0,0.6176451529252976,0.6771090687267264,-0.4217977735906751,-0.10880187181629318,-0.3444868196010868,-1.019132536980565,-0.609380669182674,-0.6026229124749184,-0.7385359164975585,-0.3094090031290929,-1.268467255830708,0.5962202890808133,-1.3484852595196537,0.48826590298762657,-0.8235546449399185,-0.8476893432760432
-0.029099449053866445,0.8385523411322893,0.1819418627781529,0.24951068491762612,-0.38678982241038173,-0.31705541006768895,-0.19292753629832982,0.0,0.6176451529252976,-0.6657520460385278,1.1169829930268504,-0.10880187181629318,0.07572868374024348,-0.3969103840793668,-0.8418766918713266,0.5628437163914318,-1.9502680398333534,0.612574041829107,-0.09850693514938538,-2.538516352001777,-0.3541839203189247,0.3865880403579936,-1.108521127294472,-0.9690817819796572
-0.029099449053866445,0.8385523411322893,0.1819418627781529,0.24951068491762612,-0.38678982241038173,-0.31705541006768895,0.5883674005367534,0.0,0.6176451529252976,-0.6657520460385278,1.1169829930268504,0.547517855938155,-0.3444868196010868,0.5364169113222037,0.32062115988144224,0.09662861106977294,1.200279855795402,-1.2312982648460196,1.0714980166573163,-1.2846408284828101,0.1430046794462067,0.48826590298762657,-1.108521127294472,-0.9690817819796572
-0.029099449053866445,-1.1925314031676417,1.0798396306416314,0.24951068491762612,-0.38678982241038173,0.48032590666785163,-0.19292753629832982,0.0,1.40255433466711,0.6771090687267264,-0.4217977735906751,-0.7652217551830952,-0.3444868196010868,0.22529990092137753,0.32062115988144224,0.3297361637306024,-1.223184390876188,1.8417909851987668,0.48651785631665484,-0.030765304963843006,1.1373060186469357,0.48826590298762657,-1.108521127294472,-0.9690817819796572
-0.029099449053866445,-1.1925314031676417,0.1819418627781529,-0.2987077097782125,-0.38678982241038173,1.2777072234033922,-0.19292753629832982,0.0,1.40255433466711,0.6771090687267264,2.655763759644376,-1.4216416385498971,-0.5545865564805381,-0.3969103840793668,-1.3068776064033847,-1.535053123118236,0.47319620683823654,-0.0020813214763596324,-0.24471850189051658,0.5962202890808133,-0.8512966597545222,-0.6302061009856589,-1.108521127294472,-0.9690817819796572
-0.029099449053866445,-1.1925314031676417,-0.04253793108057046,0.24951068491762612,-0.38678982241038173,0.48032590666785163,-0.19292753629832982,0.0,0.6176451529252976,-2.0085875478583746,-0.4217977735906751,-0.7652217551830952,-0.7646862933599895,-1.3302495473813911,-1.0743727145599793,0.5628437163914318,-1.9502680398333534,0.919807940240567,-0.8297432933565567,1.2231102185551241,-0.8512966597545222,1.2000264564423802,-1.108521127294472,-0.9690817819796572
-0.029099449053866445,-1.1925314031676417,1.0798396306416314,0.24951068491762612,-0.38678982241038173,0.48032590666785163,1.3696623373718366,0.0,1.40255433466711,0.6771090687267264,-0.4217977735906751,-0.10880187181629318,-0.5545865564805381,-1.019132536980565,-0.8418766918713266,0.3297361637306024,1.6849283301740314,-1.5386259464987528,-0.975954860097688,-0.030765304963843006,-1.3484852595196537,0.48826590298762657,-1.108521127294472,-1.0904742206832714
-0.029099449053866445,-1.1925314031676417,2.6511553725098644,0.24951068491762612,-0.38678982241038173,-0.31705541006768895,-0.19292753629832982,0.0,0.6176451529252976,-0.6657520460385278,1.1169829930268504,-0.10880187181629318,-0.3444868196010868,-0.7080273944801929,-1.0743727145599793,0.5628437163914318,2.412011979131197,0.3052463601763737,-1.7071912183048594,1.2231102185551241,-0.3541839203189247,1.505060044331279,-1.108521127294472,-1.0904742206832714
-0.029099449053866445,-1.1925314031676417,1.0798396306416314,0.24951068491762612,-0.38678982241038173,0.48032590666785163,-0.19292753629832982,0.0,0.6176451529252976,0.6771090687267264,1.1169829930268504,-0.7652217551830952,0.07572868374024348,-0.3969103840793668,-1.0743727145599793,-0.8357304651357478,-0.2538134838594481,-0.9239705831932862,-0.24471850189051658,-0.030765304963843006,0.1430046794462067,0.9966629736594528,-1.108521127294472,-1.0904742206832714
-0.029099449053866445,0.8385523411322893,-0.04253793108057046,0.24951068491762612,-0.38678982241038173,-0.31705541006768895,0.5883674005367534,0.0,-0.16738380741894748,0.6771090687267264,-0.4217977735906751,1.203937739304957,0.2858284206196948,0.22529990092137753,0.32062115988144224,-1.535053123118236,-0.49617470017850324,-0.0020813214763596324,1.3639657812649575,-0.9711480314604819,-1.8455979989552511,1.0983408362890856,-0.8235546449399185,-0.8476893432760432
-0.029099449053866445,0.8385523411322893,-1.1649154928027723,0.24951068491762612,-0.38678982241038173,-0.31705541006768895,0.5883674005367534,0.0,0.6176451529252976,-0.6657520460385278,1.1169829930268504,0.547517855938155,-0.1343870827216355,0.8475220538225758,0.32062115988144224,-1.0688380177965773,0.23083499051918135,-0.6167366847818262,1.6564781769979775,-0.6577508990084993,-0.3541839203189247,-0.020131167684199668,-1.108521127294472,-1.0904742206832714
-0.029099449053866445,-1.1925314031676417,0.4064002490654612,0.24951068491762612,-0.38678982241038173,0.48032590666785163,-0.19292753629832982,0.0,0.6176451529252976,-0.6657520460385278,-1.9605785402082005,-0.7652217551830952,-0.3444868196010868,0.22529990092137753,0.7856220744135003,1.4952027925969524,-1.223184390876188,0.3052463601763737,1.0714980166573163,-0.030765304963843006,0.1430046794462067,0.0815466949454333,-0.9660378861171952,-0.9690817819796572
-0.029099449053866445,-1.1925314031676417,0.855359836782908,0.24951068491762612,-0.38678982241038173,1.2777072234033922,0.5883674005367534,0.0,1.40255433466711,-0.6657520460385278,-0.4217977735906751,-2.0779613663043452,-0.7646862933599895,-0.3969103840793668,-0.3768757773392685,-0.6026229124749184,0.9579186394763469,0.3052463601763737,0.48651785631665484,0.9096174215327959,-0.3541839203189247,0.3865880403579936,-0.9660378861171952,-0.9690817819796572
-0.029099449053866445,-1.1925314031676417,-0.04253793108057046,-0.2987077097782125,-0.38678982241038173,0.48032590666785163,0.5883674005367534,0.0,0.6176451529252976,0.6771090687267264,1.1169829930268504,-0.10880187181629318,-0.7646862933599895,-1.3302495473813911,-1.5393736290920372,-1.535053123118236,-0.9808971328166136,-1.8459536281514861,-0.09850693514938538,-0.9711480314604819,-1.3484852595196537,0.28491017772836064,-0.9660378861171952,-0.9690817819796572
-0.029099449053866445,-1.1925314031676417,1.9777373985051097,-0.846821542506724,-0.38678982241038173,1.2777072234033922,1.3696623373718366,0.0,1.40255433466711,0.6771090687267264,1.1169829930268504,-0.7652217551830952,-0.3444868196010868,-1.3302495473813911,-1.3068776064033847,-1.535053123118236,0.47319620683823654,-1.2312982648460196,-0.975954860097688,0.28272749205848513,-0.8512966597545222,0.3865880403579936,-0.9660378861171952,-0.9690817819796572
-0.029099449053866445,-1.1925314031676417,1.7532576046463864,0.24951068491762612,-0.38678982241038173,0.48032590666785163,-0.19292753629832982,0.0,0.6176451529252976,-0.6657520460385278,1.1169829930268504,-0.10880187181629318,-0.1343870827216355,-1.019132536980565,-1.3068776064033847,0.7958801346144643,-0.9808971328166136,-0.3094090031290929,-1.7071912183048594,2.7904785390964193,0.1430046794462067,0.0815466949454333,-1.108521127294472,-0.9690817819796572
-0.029099449053866445,-1.1925314031676417,0.4064002490654612,0.24951068491762612,-0.38678982241038173,0.48032590666785163,-0.19292753629832982,0.0,0.6176451529252976,0.6771090687267264,-0.4217977735906751,-1.4216416385498971,0.07572868374024348,-0.7080273944801929,-1.0743727145599793,-0.1364789415910565,0.7155574231572918,-0.6167366847818262,-0.5372308976235367,-0.6577508990084993,-1.8455979989552511,0.0815466949454333,-0.8235546449399185,-0.8476893432760432
-0.029099449053866445,0.8385523411322893,-0.2670177249392938,0.24951068491762612,-0.38678982241038173,-0.31705541006768895,0.5883674005367534,0.0,-0.16738380741894748,-2.0085875478583746,1.1169829930268504,-0.10880187181629318,0.07572868374024348,-0.3969103840793668,-0.8418766918713266,1.0289876872752937,0.47319620683823654,2.4563525652629603,0.19400546058363471,0.28272749205848513,-2.3427865987203824,0.18323231509872764,-1.108521127294472,-0.8476893432760432
-0.029099449053866445,0.8385523411322893,-0.2670177249392938,0.24951068491762612,-0.38678982241038173,-0.31705541006768895,0.5883674005367534,0.0,-0.16738380741894748,0.6771090687267264,-0.4217977735906751,0.547517855938155,0.2858284206196948,1.158639064223402,1.018118097102153,-0.6026229124749184,0.23083499051918135,-0.3094090031290929,1.2177542145238263,-0.030765304963843006,0.6401932792113381,0.0815466949454333,-0.9660378861171952,-0.8476893432760432
-0.029099449053866445,-1.1925314031676417,-0.7159559050853255,0.24951068491762612,-0.38678982241038173,0.48032590666785163,-0.19292753629832982,0.0,0.6176451529252976,-0.6657520460385278,-0.4217977735906751,-0.7652217551830952,-0.1343870827216355,0.5364169113222037,0.5531171825700949,-1.3019455704574068,-1.465545607195243,-0.9239705831932862,1.3639657812649575,-0.030765304963843006,0.6401932792113381,0.28491017772836064,-0.8235546449399185,-0.8476893432760432
-0.029099449053866445,-1.1925314031676417,0.855359836782908,0.24951068491762612,-0.38678982241038173,1.2777072234033922,0.5883674005367534,0.0,0.6176451529252976,-0.6657520460385278,-0.4217977735906751,-0.7652217551830952,-0.5545865564805381,-0.08580524157899463,0.32062115988144224,0.3297361637306024,0.23083499051918135,-0.0020813214763596324,0.778985620924296,-0.030765304963843006,0.1430046794462067,0.3865880403579936,-0.8235546449399185,-0.9690817819796572
-0.029099449053866445,-1.1925314031676417,-0.7159559050853255,0.24951068491762612,-0.38678982241038173,0.48032590666785163,1.3696623373718366,0.0,1.40255433466711,-0.6657520460385278,1.1169829930268504,-0.7652217551830952,-0.9747860302394408,-1.3302495473813911,-1.5393736290920372,-1.0688380177965773,-1.465545607195243,-0.0020813214763596324,0.19400546058363471,-0.6577508990084993,0.1430046794462067,1.301704319072013,-0.8235546449399185,-0.8476893432760432
-0.029099449053866445,-1.1925314031676417,0.1819418627781529,-0.2987077097782125,-0.38678982241038173,1.2777072234033922,0.5883674005367534,0.0,0.6176451529252976,2.0199701834919805,1.1169829930268504,-0.10880187181629318,-0.7646862933599895,-1.3302495473813911,-1.3068776064033847,-1.3019455704574068,-1.7079068235142982,0.612574041829107,-0.975954860097688,-1.5981336255051382,0.6401932792113381,-0.7318839636152918,-0.9660378861171952,-0.9690817819796572
-0.029099449053866445,-1.1925314031676417,1.5287778107876628,-0.846821542506724,-0.38678982241038173,0.48032590666785163,-0.19292753629832982,0.0,0.6176451529252976,0.6771090687267264,-1.9605785402082005,-1.4216416385498971,-0.5545865564805381,-1.019132536980565,-0.609380669182674,-0.6026229124749184,-1.223184390876188,-0.0020813214763596324,-1.122211057964198,1.2231102185551241,-0.3541839203189247,-0.5285282383560259,-0.8235546449399185,-0.8476893432760432
-0.029099449053866445,-1.1925314031676417,0.6308800429241845,-0.2987077097782125,-0.38678982241038173,0.48032590666785163,0.5883674005367534,0.0,0.6176451529252976,-2.0085875478583746,1.1169829930268504,-0.7652217551830952,-0.1343870827216355,-1.019132536980565,-1.0743727145599793,-0.6026229124749184,1.9272895464930866,-0.9239705831932862,-1.122211057964198,-0.9711480314604819,1.1373060186469357,0.8949851110298198,-0.8235546449399185,-0.8476893432760432
-0.029099449053866445,0.8385523411322893,1.5287778107876628,0.24951068491762612,-0.38678982241038173,-0.31705541006768895,1.3696623373718366,0.0,-0.16738380741894748,2.0199701834919805,1.1169829930268504,1.203937739304957,0.2858284206196948,0.22529990092137753,-0.3768757773392685,0.3297361637306024,0.47319620683823654,-0.0020813214763596324,0.632729423057786,-0.34425810198617113,-1.3484852595196537,0.8949851110298198,-0.8235546449399185,-0.8476893432760432
-0.029099449053866445,0.8385523411322893,0.6308800429241845,0.24951068491762612,-0.38678982241038173,-0.31705541006768895,0.5883674005367534,0.0,0.6176451529252976,-0.6657520460385278,1.1169829930268504,0.547517855938155,0.07572868374024348,0.5364169113222037,0.08812513719278957,-0.1364789415910565,-0.2538134838594481,1.8417909851987668,1.2177542145238263,-0.030765304963843006,0.1430046794462067,-0.3251647555730986,-0.8235546449399185,-0.9690817819796572
-0.029099449053866445,-1.1925314031676417,-0.4914975187980172,0.24951068491762612,-0.38678982241038173,0.48032590666785163,-0.19292753629832982,0.0,0.6176451529252976,0.6771090687267264,-0.4217977735906751,-0.7652217551830952,0.07572868374024348,0.5364169113222037,0.32062115988144224,1.2620952399361232,-1.223184390876188,1.8417909851987668,1.3639657812649575,-0.030765304963843006,1.1373060186469357,1.301704319072013,-0.8235546449399185,-0.9690817819796572
-0.029099449053866445,-1.1925314031676417,1.5287778107876628,-0.846821542506724,-0.38678982241038173,1.2777072234033922,0.5883674005367534,0.0,0.6176451529252976,0.6771090687267264,-0.4217977735906751,-0.7652217551830952,-0.7646862933599895,-1.019132536980565,-0.8418766918713266,-0.1364789415910565,-1.9502680398333534,-0.0020813214763596324,-0.09850693514938538,0.28272749205848513,-0.3541839203189247,0.18323231509872764,-0.9660378861171952,-0.8476893432760432
-0.029099449053866445,-1.1925314031676417,0.6308800429241845,0.24951068491762612,-0.38678982241038173,1.2777072234033922,0.5883674005367534,0.0,1.40255433466711,-0.6657520460385278,1.1169829930268504,-1.4216416385498971,-1.1849017967013198,-1.3302495473813911,-1.3068776064033847,-0.36958649425188594,0.7155574231572918,-0.0020813214763596324,-0.8297432933565567,-0.030765304963843006,-0.3541839203189247,0.18323231509872764,-0.8235546449399185,-0.9690817819796572
-0.029099449053866445,-1.1925314031676417,0.6308800429241845,0.24951068491762612,-0.38678982241038173,1.2777072234033922,-0.19292753629832982,0.0,1.40255433466711,-0.6657520460385278,-0.4217977735906751,-1.4216416385498971,-0.7646862933599895,-1.6413546898817633,-1.5393736290920372,-0.36958649425188594,-0.9808971328166136,-0.9239705831932862,-1.9997036140378794,-0.9711480314604819,1.1373060186469357,0.48826590298762657,-0.8235546449399185,-0.8476893432760432
-0.029099449053866445,-1.1925314031676417,2.426675578651141,-0.2987077097782125,-0.38678982241038173,0.48032590666785163,0.5883674005367534,0.0,0.6176451529252976,0.6771090687267264,-0.4217977735906751,-0.7652217551830952,-0.1343870827216355,-1.3302495473813911,-1.0743727145599793,0.09662861106977294,-0.011452267540392873,-0.9239705831932862,-1.7071912183048594,2.7904785390964193,0.6401932792113381,-1.036925309027852,-0.8235546449399185,-0.8476893432760432
-0.029099449053866445,0.8385523411322893,0.4064002490654612,0.24951068491762612,-0.38678982241038173,-0.31705541006768895,0.5883674005367534,0.0,-0.16738380741894748,-2.0085875478583746,1.1169829930268504,0.547517855938155,0.2858284206196948,-0.3969103840793668,-0.8418766918713266,-0.36958649425188594,-0.011452267540392873,0.3052463601763737,-0.5372308976235367,-0.34425810198617113,-0.3541839203189247,0.3865880403579936,-0.8235546449399185,-0.7262969045724291
-0.029099449053866445,0.8385523411322893,0.6308800429241845,0.24951068491762612,-0.38678982241038173,-1.1144367268032296,1.3696623373718366,0.0,-0.16738380741894748,-0.6657520460385278,1.1169829930268504,0.547517855938155,0.07572868374024348,0.22529990092137753,-0.3768757773392685,0.5628437163914318,-1.223184390876188,-0.0020813214763596324,0.778985620924296,-0.6577508990084993,-0.8512966597545222,0.28491017772836064,-0.8235546449399185,-0.8476893432760432
-0.029099449053866445,0.8385523411322893,1.0798396306416314,0.24951068491762612,-0.38678982241038173,-0.31705541006768895,-0.19292753629832982,0.0,-0.16738380741894748,0.6771090687267264,1.1169829930268504,0.547517855938155,0.2858284206196948,0.8475220538225758,0.5531171825700949,-0.6026229124749184,0.7155574231572918,-0.0020813214763596324,1.5102219791314675,0.9096174215327959,-0.8512966597545222,0.28491017772836064,-0.9660378861171952,-0.8476893432760432
-0.029099449053866445,-1.1925314031676417,-0.4914975187980172,0.24951068491762612,-0.38678982241038173,0.48032590666785163,0.5883674005367534,0.0,0.6176451529252976,-0.6657520460385278,1.1169829930268504,-1.4216416385498971,-0.3444868196010868,0.5364169113222037,0.32062115988144224,1.4952027925969524,-1.465545607195243,-0.0020813214763596324,1.6564781769979775,-0.34425810198617113,0.1430046794462067,1.2000264564423802,-0.8235546449399185,-0.8476893432760432
-0.029099449053866445,-1.1925314031676417,0.855359836782908,-0.2987077097782125,-0.38678982241038173,1.2777072234033922,1.3696623373718366,0.0,0.6176451529252976,2.0199701834919805,-1.9605785402082005,-0.7652217551830952,-0.5545865564805381,-0.7080273944801929,-0.14437975465061584,0.09662861106977294,-0.49617470017850324,1.5344633035460336,0.48651785631665484,1.2231102185551241,-0.3541839203189247,0.48826590298762657,-0.9660378861171952,-0.8476893432760432
-0.029099449053866445,-1.1925314031676417,-0.7159559050853255,0.24951068491762612,-0.38678982241038173,0.48032590666785163,-0.19292753629832982,0.0,0.6176451529252976,0.6771090687267264,1.1169829930268504,-1.4216416385498971,-0.1343870827216355,-0.7080273944801929,-1.3068776064033847,0.09662861106977294,1.200279855795402,-0.0020813214763596324,-0.975954860097688,2.1635886096221086,1.1373060186469357,0.18323231509872764,-0.9660378861171952,-0.8476893432760432
-0.029099449053866445,0.8385523411322893,2.6511553725098644,-0.846821542506724,-0.38678982241038173,-0.31705541006768895,0.5883674005367534,0.0,-0.16738380741894748,-0.6657520460385278,-0.4217977735906751,1.203937739304957,0.07572868374024348,-0.3969103840793668,-0.3768757773392685,0.5628437163914318,0.23083499051918135,-0.3094090031290929,-1.268467255830708,-0.030765304963843006,-0.3541839203189247,-0.5285282383560259,-1.108521127294472,-0.9690817819796572
-0.029099449053866445,0.8385523411322893,1.3042980169289395,-0.2987077097782125,-0.38678982241038173,-0.31705541006768895,0.5883674005367534,0.0,-0.16738380741894748,0.6771090687267264,1.1169829930268504,1.203937739304957,0.07572868374024348,0.5364169113222037,-0.14437975465061584,-0.6026229124749184,0.23083499051918135,-0.6167366847818262,0.19400546058363471,-0.9711480314604819,0.6401932792113381,-1.1386031716574851,-0.8235546449399185,-0.7262969045724291
-0.029099449053866445,0.8385523411322893,0.6308800429241845,0.24951068491762612,-0.38678982241038173,0.48032590666785163,0.5883674005367534,0.0,-0.16738380741894748,0.6771090687267264,-0.4217977735906751,0.547517855938155,0.07572868374024348,0.5364169113222037,0.32062115988144224,1.2620952399361232,-0.2538134838594481,0.3052463601763737,1.9489905727309975,-0.030765304963843006,-1.8455979989552511,0.18323231509872764,-0.9660378861171952,-0.8476893432760432
-0.029099449053866445,-1.1925314031676417,0.1819418627781529,0.24951068491762612,-0.38678982241038173,1.2777072234033922,1.3696623373718366,0.0,0.6176451529252976,2.0199701834919805,-0.4217977735906751,-0.10880187181629318,-0.7646862933599895,-0.08580524157899463,0.08812513719278957,-1.3019455704574068,-1.223184390876188,1.2271356218933003,1.5102219791314675,0.28272749205848513,-0.3541839203189247,0.6916293857705539,-0.9660378861171952,-0.9690817819796572
-0.029099449053866445,-1.1925314031676417,0.1819418627781529,-0.2987077097782125,-0.38678982241038173,1.2777072234033922,-0.19292753629832982,0.0,1.40255433466711,-0.6657520460385278,-0.4217977735906751,-1.4216416385498971,-1.1849017967013198,-1.019132536980565,-0.8418766918713266,-1.3019455704574068,-0.011452267540392873,1.2271356218933003,0.9252418187908061,0.28272749205848513,1.1373060186469357,0.3865880403579936,-0.9660378861171952,-0.8476893432760432
-0.029099449053866445,-1.1925314031676417,0.6308800429241845,-0.846821542506724,-0.38678982241038173,2.0750885401389327,-0.19292753629832982,0.0,1.40255433466711,-0.6657520460385278,-0.4217977735906751,-2.7343812496711473,-1.1849017967013198,-1.9524598323821356,-1.5393736290920372,0.3297361637306024,-1.223184390876188,-0.6167366847818262,-0.39097469975702664,1.2231102185551241,1.634494618412067,-0.3251647555730986,-0.9660378861171952,-0.8476893432760432
-0.029099449053866445,-1.1925314031676417,-0.04253793108057046,-0.2987077097782125,-0.38678982241038173,1.2777072234033922,0.5883674005367534,0.0,1.40255433466711,0.6771090687267264,-0.4217977735906751,-1.4216416385498971,-1.395001533580771,-2.2635768427829617,-2.236870566312748,-0.36958649425188594,-0.2538134838594481,-0.3094090031290929,-0.8297432933565567,-0.6577508990084993,-0.8512966597545222,1.403382181701646,-1.108521127294472,-0.9690817819796572
-0.029099449053866445,-1.1925314031676417,1.0798396306416314,-0.846821542506724,-0.38678982241038173,0.48032590666785163,0.5883674005367534,0.0,0.6176451529252976,-0.6657520460385278,1.1169829930268504,-0.10880187181629318,-0.7646862933599895,-1.9524598323821356,-2.0043745436240954,-0.6026229124749184,-0.49617470017850324,-0.3094090031290929,-1.4147234536972182,1.8500958125997804,0.1430046794462067,1.0983408362890856,-0.9660378861171952,-0.8476893432760432
-0.029099449053866445,-1.1925314031676417,1.3042980169289395,0.24951068491762612,-0.38678982241038173,0.48032590666785163,-0.19292753629832982,0.0,0.6176451529252976,-0.6657520460385278,-0.4217977735906751,-0.10880187181629318,-0.5545865564805381,-1.019132536980565,-1.0743727145599793,-1.0688380177965773,1.200279855795402,0.3052463601763737,-1.7071912183048594,-2.2251192195497946,-0.3541839203189247,-0.6302061009856589,-0.9660378861171952,-0.9690817819796572
-0.029099449053866445,-1.1925314031676417,0.6308800429241845,0.24951068491762612,-0.38678982241038173,0.48032590666785163,-0.19292753629832982,0.0,0.6176451529252976,0.6771090687267264,2.655763759644376,-0.10880187181629318,-0.1343870827216355,-0.7080273944801929,-1.3068776064033847,-1.0688380177965773,-0.7385359164975585,-1.8459536281514861,-0.24471850189051658,-0.34425810198617113,0.1430046794462067,0.6916293857705539,-0.8235546449399185,-0.8476893432760432
-0.029099449053866445,0.8385523411322893,-0.04253793108057046,0.24951068491762612,-0.38678982241038173,0.48032590666785163,0.5883674005367534,0.0,-0.16738380741894748,-0.6657520460385278,1.1169829930268504,-0.10880187181629318,0.2858284206196948,-0.08580524157899463,-0.3768757773392685,-2.001197094002098,1.200279855795402,-1.8459536281514861,1.0714980166573163,-0.34425810198617113,-0.8512966597545222,0.5899437656172595,-0.8235546449399185,-0.8476893432760432
-0.029099449053866445,0.8385523411322893,0.855359836782908,-0.2987077097782125,-0.38678982241038173,-0.31705541006768895,0.5883674005367534,0.0,-0.16738380741894748,-0.6657520460385278,-0.4217977735906751,0.547517855938155,0.07572868374024348,0.22529990092137753,0.32062115988144224,0.3297361637306024,1.200279855795402,-0.0020813214763596324,1.8027343748644875,-0.34425810198617113,0.1430046794462067,0.3865880403579936,-0.9660378861171952,-0.8476893432760432
-0.029099449053866445,-1.1925314031676417,0.1819418627781529,-0.846821542506724,-0.38678982241038173,0.48032590666785163,1.3696623373718366,0.0,0.6176451529252976,0.6771090687267264,1.1169829930268504,-0.10880187181629318,-0.3444868196010868,0.22529990092137753,-0.14437975465061584,-0.36958649425188594,-0.49617470017850324,0.3052463601763737,1.6564781769979775,1.2231102185551241,-0.3541839203189247,0.28491017772836064,-0.8235546449399185,-0.8476893432760432
-0.029099449053866445,-1.1925314031676417,0.4064002490654612,0.24951068491762612,-0.38678982241038173,1.2777072234033922,-0.19292753629832982,0.0,1.40255433466711,2.0199701834919805,1.1169829930268504,-1.4216416385498971,-0.9747860302394408,-0.3969103840793668,-0.609380669182674,0.7958801346144643,0.47319620683823654,-0.3094090031290929,1.3639657812649575,0.5962202890808133,-0.8512966597545222,0.28491017772836064,-0.8235546449399185,-0.8476893432760432
-0.029099449053866445,-1.1925314031676417,-0.4914975187980172,0.24951068491762612,-0.38678982241038173,2.0750885401389327,-0.19292753629832982,0.0,1.40255433466711,-0.6657520460385278,-0.4217977735906751,-2.0779613663043452,-1.1849017967013198,-1.6413546898817633,-1.3068776064033847,-0.8357304651357478,-2.1926292561524083,-0.0020813214763596324,0.3402616584501448,2.476985742074091,0.1430046794462067,-0.12180903031383264,-0.9660378861171952,-0.8476893432760432
-0.029099449053866445,-1.1925314031676417,-0.2670177249392938,-0.2987077097782125,-0.38678982241038173,1.2777072234033922,0.5883674005367534,0.0,1.40255433466711,-0.6657520460385278,-0.4217977735906751,-1.4216416385498971,-1.1849017967013198,-2.2635768427829617,-1.7718785209354428,-0.36958649425188594,0.23083499051918135,-1.8459536281514861,-0.39097469975702664,2.7904785390964193,0.1430046794462067,0.9966629736594528,-0.8235546449399185,-0.8476893432760432
-0.029099449053866445,-1.1925314031676417,1.3042980169289395,0.24951068491762612,-0.38678982241038173,1.2777072234033922,1.3696623373718366,0.0,1.40255433466711,0.6771090687267264,1.1169829930268504,-1.4216416385498971,-1.1849017967013198,-2.2635768427829617,-2.236870566312748,-2.001197094002098,-0.011452267540392873,-0.0020813214763596324,-0.975954860097688,-0.6577508990084993,-2.3427865987203824,-0.020131167684199668,-1.108521127294472,-0.8476893432760432
-0.029099449053866445,-1.1925314031676417,0.4064002490654612,0.24951068491762612,-0.38678982241038173,0.48032590666785163,-0.19292753629832982,0.0,0.6176451529252976,-0.6657520460385278,-0.4217977735906751,-1.4216416385498971,-0.5545865564805381,-1.3302495473813911,-1.3068776064033847,0.09662861106977294,-1.223184390876188,1.5344633035460336,-1.122211057964198,-0.6577508990084993,1.1373060186469357,0.3865880403579936,-0.8235546449399185,-0.8476893432760432
-0.029099449053866445,-1.1925314031676417,-0.04253793108057046,0.24951068491762612,-0.38678982241038173,-0.31705541006768895,0.5883674005367534,0.0,-0.16738380741894748,-0.6657520460385278,1.1169829930268504,-0.7652217551830952,0.07572868374024348,-0.7080273944801929,-0.8418766918713266,0.09662861106977294,-0.2538134838594481,0.3052463601763737,-0.09850693514938538,0.28272749205848513,0.1430046794462067,0.8949851110298198,-0.9660378861171952,-0.8476893432760432
-0.029099449053866445,0.8385523411322893,1.0798396306416314,-0.2987077097782125,-0.38678982241038173,-0.31705541006768895,0.5883674005367534,0.0,-0.16738380741894748,-0.6657520460385278,-0.4217977735906751,0.547517855938155,0.07572868374024348,0.8475220538225758,0.7856220744135003,0.3297361637306024,-0.9808971328166136,-1.5386259464987528,0.778985620924296,1.2231102185551241,1.1373060186469357,-0.3251647555730986,-0.8235546449399185,-0.8476893432760432
-0.029099449053866445,-1.1925314031676417,0.4064002490654612,0.24951068491762612,-0.38678982241038173,0.48032590666785163,-0.19292753629832982,0.0,0.6176451529252976,0.6771090687267264,1.1169829930268504,-0.7652217551830952,-0.3444868196010868,0.5364169113222037,0.08812513719278957,0.09662861106977294,0.9579186394763469,0.612574041829107,0.632729423057786,-1.5981336255051382,0.1430046794462067,0.7933072484001868,-0.9660378861171952,-0.9690817819796572
-0.029099449053866445,-1.1925314031676417,0.855359836782908,0.24951068491762612,-0.38678982241038173,0.48032590666785163,0.5883674005367534,0.0,0.6176451529252976,0.6771090687267264,-0.4217977735906751,-0.7652217551830952,-0.3444868196010868,-0.3969103840793668,-0.3768757773392685,-0.36958649425188594,-1.465545607195243,0.3052463601763737,0.19400546058363471,0.28272749205848513,0.1430046794462067,-0.3251647555730986,-0.8235546449399185,-0.8476893432760432
-0.029099449053866445,-1.1925314031676417,1.9777373985051097,0.24951068491762612,-0.38678982241038173,0.48032590666785163,0.5883674005367534,0.0,0.6176451529252976,0.6771090687267264,-0.4217977735906751,-0.10880187181629318,-0.7646862933599895,-0.7080273944801929,-0.8418766918713266,-1.0688380177965773,0.9579186394763469,-0.9239705831932862,-0.5372308976235367,-0.6577508990084993,-0.8512966597545222,1.301704319072013,-0.6810714037626417,-0.7262969045724291
-0.029099449053866445,0.8385523411322893,2.202217192363833,-0.2987077097782125,-0.38678982241038173,-0.31705541006768895,-0.19292753629832982,0.0,-0.16738380741894748,2.0199701834919805,1.1169829930268504,0.547517855938155,-0.1343870827216355,-0.3969103840793668,-1.0743727145599793,0.09662861106977294,0.47319620683823654,0.3052463601763737,-1.8534474161713694,0.5962202890808133,-0.3541839203189247,-0.5285282383560259,-0.6810714037626417,-0.7262969045724291
-0.029099449053866445,0.8385523411322893,-0.7159559050853255,-0.2987077097782125,-0.38678982241038173,-0.31705541006768895,-0.19292753629832982,0.0,-0.16738380741894748,-0.6657520460385278,-0.4217977735906751,-0.10880187181629318,0.2858284206196948,0.22529990092137753,0.08812513719278957,-2.467412199323757,0.23083499051918135,-0.0020813214763596324,-0.39097469975702664,-0.9711480314604819,-1.8455979989552511,-0.2234868929434656,-0.6810714037626417,-0.7262969045724291
-0.029099449053866445,0.8385523411322893,-0.04253793108057046,-0.846821542506724,-0.38678982241038173,-1.1144367268032296,0.5883674005367534,0.0,-0.9522929891607599,0.6771090687267264,-0.4217977735906751,1.203937739304957,0.49592815749914615,0.8475220538225758,1.018118097102153,0.7958801346144643,1.4425671138549763,-0.0020813214763596324,0.632729423057786,-0.34425810198617113,-1.3484852595196537,0.3865880403579936,-0.6810714037626417,-0.6049067812370027
-0.029099449053866445,0.8385523411322893,0.6308800429241845,0.24951068491762612,-0.38678982241038173,-0.31705541006768895,0.5883674005367534,0.0,-0.16738380741894748,-2.0085875478583746,-0.4217977735906751,1.203937739304957,0.2858284206196948,1.158639064223402,1.2506229889455585,-0.36958649425188594,-0.9808971328166136,-1.2312982648460196,1.2177542145238263,-0.34425810198617113,-0.8512966597545222,0.28491017772836064,-0.6810714037626417,-0.6049067812370027
-0.029099449053866445,0.8385523411322893,0.4064002490654612,0.24951068491762612,-0.38678982241038173,-0.31705541006768895,-0.19292753629832982,0.0,0.6176451529252976,-0.6657520460385278,-0.4217977735906751,-0.10880187181629318,-0.1343870827216355,0.8475220538225758,0.7856220744135003,-0.1364789415910565,-0.49617470017850324,-0.0020813214763596324,1.2177542145238263,-2.538516352001777,0.1430046794462067,0.3865880403579936,-0.6810714037626417,-0.7262969045724291
-0.029099449053866445,-1.1925314031676417,-0.04253793108057046,-0.2987077097782125,-0.38678982241038173,0.48032590666785163,0.5883674005367534,0.0,0.6176451529252976,0.6771090687267264,-0.4217977735906751,-0.7652217551830952,-0.5545865564805381,-0.3969103840793668,-0.3768757773392685,-0.36958649425188594,0.7155574231572918,-1.2312982648460196,-0.09850693514938538,-0.030765304963843006,-0.8512966597545222,-0.3251647555730986,-0.6810714037626417,-0.6049067812370027
-0.029099449053866445,-1.1925314031676417,0.1819418627781529,-0.846821542506724,-0.38678982241038173,0.48032590666785163,0.5883674005367534,0.0,0.6176451529252976,-0.6657520460385278,-0.4217977735906751,-0.10880187181629318,-0.5545865564805381,-1.019132536980565,-0.8418766918713266,-1.535053123118236,0.47319620683823654,-0.0020813214763596324,-1.122211057964198,2.1635886096221086,-1.8455979989552511,0.28491017772836064,-0.6810714037626417,-0.6049067812370027
-0.029099449053866445,-1.1925314031676417,-0.2670177249392938,0.24951068491762612,1.0330781477474453,0.48032590666785163,-0.19292753629832982,0.0,0.6176451529252976,-0.6657520460385278,-0.4217977735906751,-0.10880187181629318,-0.7646862933599895,0.22529990092137753,0.32062115988144224,1.0289876872752937,-0.011452267540392873,0.919807940240567,1.2177542145238263,1.5366030155774522,0.1430046794462067,0.6916293857705539,-0.2536243978725972,-0.6049067812370027
-0.029099449053866445,-1.1925314031676417,1.0798396306416314,0.24951068491762612,1.0330781477474453,1.2777072234033922,-0.974520563532816,0.0,1.40255433466711,-0.6657520460385278,-0.4217977735906751,-1.4216416385498971,-0.9747860302394408,-0.7080273944801929,-0.609380669182674,-1.535053123118236,-0.7385359164975585,-1.5386259464987528,0.48651785631665484,0.28272749205848513,0.1430046794462067,0.6916293857705539,-0.39610763904987395,-0.4835143425333886
-0.029099449053866445,-1.1925314031676417,0.6308800429241845,0.24951068491762612,1.0330781477474453,2.0750885401389327,-0.974520563532816,0.0,1.40255433466711,0.6771090687267264,1.1169829930268504,-2.0779613663043452,-0.9747860302394408,-1.6413546898817633,-2.0043745436240954,-1.3019455704574068,1.200279855795402,0.3052463601763737,-0.24471850189051658,-0.030765304963843006,0.1430046794462067,1.301704319072013,-0.2536243978725972,-0.4835143425333886
-0.029099449053866445,-1.1925314031676417,-0.7159559050853255,0.24951068491762612,1.0330781477474453,1.2777072234033922,-0.974520563532816,0.0,0.6176451529252976,-2.0085875478583746,-0.4217977735906751,-0.7652217551830952,-0.7646862933599895,-1.9524598323821356,-1.5393736290920372,1.4952027925969524,0.47319620683823654,-0.0020813214763596324,-0.975954860097688,-0.34425810198617113,-1.3484852595196537,0.5899437656172595,-0.2536243978725972,-0.4835143425333886
-0.029099449053866445,-1.1925314031676417,1.0798396306416314,-0.2987077097782125,1.0330781477474453,0.48032590666785163,-0.19292753629832982,0.0,0.6176451529252976,-0.6657520460385278,-1.9605785402082005,-0.10880187181629318,-0.7646862933599895,-1.3302495473813911,-0.8418766918713266,1.4952027925969524,-0.49617470017850324,0.612574041829107,-1.122211057964198,-0.9711480314604819,0.1430046794462067,0.6916293857705539,-0.2536243978725972,-0.4835143425333886
-0.029099449053866445,0.8385523411322893,1.7532576046463864,0.24951068491762612,1.0330781477474453,-0.31705541006768895,-0.974520563532816,0.0,0.6176451529252976,-0.6657520460385278,-0.4217977735906751,-0.10880187181629318,-0.5545865564805381,-1.019132536980565,-1.3068776064033847,0.5628437163914318,0.9579186394763469,-0.3094090031290929,-1.268467255830708,3.1039713361187475,-0.3541839203189247,0.6916293857705539,-0.39610763904987395,-0.4835143425333886
-0.029099449053866445,0.8385523411322893,0.1819418627781529,0.24951068491762612,1.0330781477474453,0.48032590666785163,-1.7558155003678992,0.0,0.6176451529252976,0.6771090687267264,1.1169829930268504,-0.7652217551830952,-0.1343870827216355,-0.3969103840793668,-0.8418766918713266,-0.6026229124749184,-0.011452267540392873,-0.0020813214763596324,0.3402616584501448,0.28272749205848513,0.6401932792113381,0.5899437656172595,-0.39610763904987395,-0.4835143425333886
-0.029099449053866445,0.8385523411322893,-0.4914975187980172,0.24951068491762612,1.0330781477474453,0.48032590666785163,-0.974520563532816,0.0,-0.16738380741894748,-0.6657520460385278,-0.4217977735906751,0.547517855938155,-0.1343870827216355,-0.08580524157899463,-0.14437975465061584,-0.6026229124749184,0.47319620683823654,-0.0020813214763596324,0.632729423057786,1.5366030155774522,-0.8512966597545222,1.301704319072013,-0.39610763904987395,-0.4835143425333886
-0.029099449053866445,0.8385523411322893,1.5287778107876628,0.24951068491762612,1.0330781477474453,0.48032590666785163,-0.974520563532816,0.0,0.6176451529252976,-0.6657520460385278,-0.4217977735906751,0.547517855938155,0.07572868374024348,-0.08580524157899463,-0.14437975465061584,0.7958801346144643,1.4425671138549763,-0.0020813214763596324,0.632729423057786,-0.34425810198617113,0.1430046794462067,0.5899437656172595,-0.538588162585365,-0.4835143425333886
-0.029099449053866445,-1.1925314031676417,0.4064002490654612,-0.2987077097782125,1.0330781477474453,0.48032590666785163,-0.974520563532816,0.0,0.6176451529252976,0.6771090687267264,-0.4217977735906751,-0.10880187181629318,-0.3444868196010868,-0.08580524157899463,-0.14437975465061584,-0.36958649425188594,-0.7385359164975585,-1.8459536281514861,0.48651785631665484,-1.2846408284828101,-0.3541839203189247,0.0815466949454333,-0.1111411566953205,-0.36212190382977455
-0.029099449053866445,-1.1925314031676417,-0.2670177249392938,-0.846821542506724,1.0330781477474453,1.2777072234033922,-1.7558155003678992,0.0,0.6176451529252976,-0.6657520460385278,-0.4217977735906751,-0.7652217551830952,-0.5545865564805381,-0.3969103840793668,-0.3768757773392685,-1.0688380177965773,-0.011452267540392873,-1.5386259464987528,-0.09850693514938538,-0.34425810198617113,0.1430046794462067,0.6916293857705539,-0.39610763904987395,-0.4835143425333886
-0.029099449053866445,-1.1925314031676417,1.7532576046463864,-0.2987077097782125,1.0330781477474453,1.2777072234033922,-0.974520563532816,0.0,1.40255433466711,0.6771090687267264,-1.9605785402082005,-1.4216416385498971,-0.5545865564805381,-1.019132536980565,-0.609380669182674,0.3297361637306024,-1.223184390876188,-0.0020813214763596324,-0.6834870954900467,0.5962202890808133,1.634494618412067,0.5899437656172595,-0.1111411566953205,-0.36212190382977455
-0.029099449053866445,-1.1925314031676417,-0.2670177249392938,-0.846821542506724,1.0330781477474453,0.48032590666785163,-1.7558155003678992,0.0,0.6176451529252976,0.6771090687267264,1.1169829930268504,-0.10880187181629318,-0.1343870827216355,-1.3302495473813911,-2.0043745436240954,-0.36958649425188594,0.47319620683823654,-0.6167366847818262,-1.4147234536972182,1.2231102185551241,0.1430046794462067,-0.7318839636152918,-0.1111411566953205,-0.36212190382977455
-0.029099449053866445,0.8385523411322893,1.0798396306416314,0.24951068491762612,1.0330781477474453,-0.31705541006768895,-0.19292753629832982,0.0,0.6176451529252976,-0.6657520460385278,1.1169829930268504,0.547517855938155,-0.1343870827216355,-0.7080273944801929,-0.8418766918713266,2.660669421463303,0.9579186394763469,2.1491186668515003,-1.268467255830708,-2.2251192195497946,0.1430046794462067,2.115134977632738,-0.1111411566953205,-0.36212190382977455
-0.029099449053866445,0.8385523411322893,1.7532576046463864,0.24951068491762612,1.0330781477474453,-0.31705541006768895,-1.7558155003678992,0.0,-0.16738380741894748,-0.6657520460385278,-0.4217977735906751,0.547517855938155,-0.1343870827216355,0.22529990092137753,0.32062115988144224,0.5628437163914318,-0.49617470017850324,-0.0020813214763596324,-0.24471850189051658,1.2231102185551241,0.6401932792113381,0.48826590298762657,-0.2536243978725972,-0.4835143425333886
-0.029099449053866445,0.8385523411322893,-0.7159559050853255,0.24951068491762612,1.0330781477474453,0.48032590666785163,-1.7558155003678992,0.0,0.6176451529252976,0.6771090687267264,1.1169829930268504,-0.7652217551830952,-0.1343870827216355,0.22529990092137753,-0.14437975465061584,0.09662861106977294,1.200279855795402,1.8417909851987668,0.9252418187908061,-1.9116264225274664,1.1373060186469357,0.48826590298762657,-0.2536243978725972,-0.4835143425333886
-0.029099449053866445,0.8385523411322893,-1.6138536729488038,-0.2987077097782125,1.0330781477474453,-0.31705541006768895,-0.974520563532816,0.0,-0.16738380741894748,-2.0085875478583746,1.1169829930268504,0.547517855938155,0.2858284206196948,0.22529990092137753,0.08812513719278957,1.2620952399361232,-0.49617470017850324,1.2271356218933003,1.6564781769979775,-0.030765304963843006,0.6401932792113381,0.6916293857705539,-0.2536243978725972,-0.4835143425333886
-0.029099449053866445,0.8385523411322893,0.6308800429241845,-0.846821542506724,1.0330781477474453,0.48032590666785163,-0.19292753629832982,0.0,0.6176451529252976,-0.6657520460385278,-0.4217977735906751,0.547517855938155,-0.1343870827216355,0.5364169113222037,1.018118097102153,-1.0688380177965773,-0.9808971328166136,0.3052463601763737,1.8027343748644875,0.28272749205848513,0.6401932792113381,0.6916293857705539,-0.2536243978725972,-0.36212190382977455
-0.029099449053866445,-1.1925314031676417,-0.2670177249392938,0.24951068491762612,1.0330781477474453,0.48032590666785163,-0.974520563532816,0.0,0.6176451529252976,-0.6657520460385278,-0.4217977735906751,-0.7652217551830952,-0.5545865564805381,-0.08580524157899463,0.08812513719278957,-0.36958649425188594,-1.465545607195243,-0.0020813214763596324,1.3639657812649575,-0.6577508990084993,0.1430046794462067,0.6916293857705539,-0.2536243978725972,-0.36212190382977455
-0.029099449053866445,-1.1925314031676417,-0.9404356989440489,0.24951068491762612,1.0330781477474453,1.2777072234033922,-1.7558155003678992,0.0,1.40255433466711,-0.6657520460385278,-0.4217977735906751,-2.0779613663043452,-0.7646862933599895,-0.7080273944801929,-0.3768757773392685,-1.0688380177965773,0.47319620683823654,-1.5386259464987528,0.48651785631665484,-0.6577508990084993,0.1430046794462067,1.606737906960912,-0.1111411566953205,-0.36212190382977455
-0.029099449053866445,-1.1925314031676417,-0.4914975187980172,-0.2987077097782125,1.0330781477474453,2.0750885401389327,-1.7558155003678992,0.0,1.40255433466711,0.6771090687267264,-0.4217977735906751,-1.4216416385498971,-0.7646862933599895,-1.9524598323821356,-1.7718785209354428,-0.36958649425188594,-1.9502680398333534,-0.6167366847818262,-0.5372308976235367,-0.030765304963843006,-0.8512966597545222,1.8101013897438392,-0.1111411566953205,-0.36212190382977455
-0.029099449053866445,-1.1925314031676417,-0.4914975187980172,0.24951068491762612,1.0330781477474453,-0.31705541006768895,-0.974520563532816,0.0,0.6176451529252976,-0.6657520460385278,1.1169829930268504,-0.10880187181629318,-0.3444868196010868,-1.3302495473813911,-1.5393736290920372,-0.6026229124749184,-0.9808971328166136,-1.2312982648460196,-1.268467255830708,1.5366030155774522,0.1430046794462067,0.5899437656172595,-0.2536243978725972,-0.36212190382977455
-0.029099449053866445,-1.1925314031676417,-0.04253793108057046,0.24951068491762612,1.0330781477474453,0.48032590666785163,-1.7558155003678992,0.0,0.6176451529252976,-0.6657520460385278,-0.4217977735906751,-0.7652217551830952,-0.1343870827216355,-0.7080273944801929,-0.3768757773392685,-1.3019455704574068,-0.2538134838594481,-0.6167366847818262,-0.975954860097688,1.5366030155774522,0.6401932792113381,1.2000264564423802,-0.1111411566953205,-0.36212190382977455
-0.029099449053866445,0.8385523411322893,0.855359836782908,0.24951068491762612,1.0330781477474453,-1.1144367268032296,-0.974520563532816,0.0,-0.16738380741894748,0.6771090687267264,-0.4217977735906751,0.547517855938155,0.2858284206196948,-0.3969103840793668,-0.3768757773392685,-0.6026229124749184,0.7155574231572918,1.2271356218933003,0.04774926271712467,-0.6577508990084993,0.1430046794462067,0.28491017772836064,-0.1111411566953205,-0.36212190382977455
-0.029099449053866445,-1.1925314031676417,-1.6138536729488038,0.24951068491762612,1.0330781477474453,0.48032590666785163,-0.974520563532816,0.0,0.6176451529252976,0.6771090687267264,-0.4217977735906751,-1.4216416385498971,-0.5545865564805381,-0.08580524157899463,0.08812513719278957,0.7958801346144643,0.23083499051918135,1.8417909851987668,0.04774926271712467,-0.030765304963843006,0.6401932792113381,0.7933072484001868,-0.1111411566953205,-0.36212190382977455
-0.029099449053866445,-1.1925314031676417,0.855359836782908,0.24951068491762612,1.0330781477474453,0.48032590666785163,-0.974520563532816,0.0,0.6176451529252976,0.6771090687267264,-0.4217977735906751,-0.10880187181629318,-0.5545865564805381,-0.7080273944801929,-0.14437975465061584,0.09662861106977294,-0.011452267540392873,0.612574041829107,-0.8297432933565567,0.28272749205848513,-0.3541839203189247,-0.2234868929434656,0.03134208448195622,-0.2407294651261605
-0.029099449053866445,-1.1925314031676417,1.0798396306416314,0.24951068491762612,1.0330781477474453,0.48032590666785163,-0.19292753629832982,0.0,0.6176451529252976,-0.6657520460385278,1.1169829930268504,-0.10880187181629318,-0.5545865564805381,-1.019132536980565,-1.0743727145599793,0.3297361637306024,-1.223184390876188,-0.0020813214763596324,-0.8297432933565567,-0.9711480314604819,0.6401932792113381,0.0815466949454333,-0.1111411566953205,-0.36212190382977455
-0.029099449053866445,0.8385523411322893,-0.2670177249392938,-0.2987077097782125,1.0330781477474453,0.48032590666785163,-1.7558155003678992,0.0,0.6176451529252976,0.6771090687267264,1.1169829930268504,-0.10880187181629318,-0.1343870827216355,-0.7080273944801929,-1.0743727145599793,1.2620952399361232,1.4425671138549763,1.2271356218933003,-1.268467255830708,-0.34425810198617113,1.1373060186469357,0.18323231509872764,0.03134208448195622,-0.2407294651261605
-0.029099449053866445,0.8385523411322893,0.4064002490654612,-0.2987077097782125,1.0330781477474453,-1.1144367268032296,-0.974520563532816,0.0,-0.9522929891607599,0.6771090687267264,1.1169829930268504,1.203937739304957,0.2858284206196948,-0.08580524157899463,-0.3768757773392685,0.09662861106977294,-0.7385359164975585,0.919807940240567,0.48651785631665484,-0.34425810198617113,-2.3427865987203824,0.0815466949454333,0.03134208448195622,-0.11933702642254647
-0.029099449053866445,0.8385523411322893,-0.2670177249392938,-0.846821542506724,1.0330781477474453,-1.1144367268032296,-0.19292753629832982,0.0,-0.16738380741894748,0.6771090687267264,-0.4217977735906751,0.547517855938155,0.07572868374024348,0.5364169113222037,0.5531171825700949,0.3297361637306024,0.9579186394763469,-0.9239705831932862,0.778985620924296,-0.34425810198617113,-0.3541839203189247,-0.2234868929434656,0.03134208448195622,-0.2407294651261605
-0.029099449053866445,0.8385523411322893,-0.4914975187980172,0.24951068491762612,1.0330781477474453,-0.31705541006768895,-1.7558155003678992,0.0,-0.16738380741894748,0.6771090687267264,1.1169829930268504,0.547517855938155,0.07572868374024348,0.8475220538225758,0.5531171825700949,1.9613467634808144,-0.9808971328166136,0.3052463601763737,1.0714980166573163,-0.030765304963843006,0.1430046794462067,0.8949851110298198,0.03134208448195622,-0.2407294651261605
-0.029099449053866445,-1.1925314031676417,0.1819418627781529,0.24951068491762612,1.0330781477474453,0.48032590666785163,-0.974520563532816,0.0,0.6176451529252976,0.6771090687267264,-0.4217977735906751,-1.4216416385498971,-0.1343870827216355,0.22529990092137753,0.08812513719278957,0.3297361637306024,1.200279855795402,0.3052463601763737,0.9252418187908061,-0.030765304963843006,1.634494618412067,1.8101013897438392,0.03134208448195622,-0.2407294651261605
-0.029099449053866445,-1.1925314031676417,-0.4914975187980172,0.24951068491762612,1.0330781477474453,1.2777072234033922,-1.7558155003678992,0.0,0.6176451529252976,0.6771090687267264,1.1169829930268504,-0.7652217551830952,-0.5545865564805381,-0.3969103840793668,-0.609380669182674,-0.8357304651357478,-0.9808971328166136,-1.5386259464987528,0.48651785631665484,-0.6577508990084993,-0.3541839203189247,0.8949851110298198,0.03134208448195622,-0.2407294651261605
-0.029099449053866445,-1.1925314031676417,0.4064002490654612,-0.2987077097782125,1.0330781477474453,1.2777072234033922,-0.19292753629832982,0.0,0.6176451529252976,-0.6657520460385278,-0.4217977735906751,-0.7652217551830952,-0.7646862933599895,-1.019132536980565,-0.609380669182674,0.5628437163914318,1.4425671138549763,1.2271356218933003,-0.5372308976235367,-0.030765304963843006,0.6401932792113381,1.8101013897438392,0.03134208448195622,-0.2407294651261605
-0.029099449053866445,-1.1925314031676417,1.0798396306416314,-0.846821542506724,1.0330781477474453,0.48032590666785163,-1.7558155003678992,0.0,0.6176451529252976,0.6771090687267264,-0.4217977735906751,-0.7652217551830952,-0.7646862933599895,-1.019132536980565,-0.8418766918713266,-0.6026229124749184,-0.9808971328166136,-0.0020813214763596324,-1.7071912183048594,-0.34425810198617113,-0.8512966597545222,-0.2234868929434656,0.03134208448195622,-0.11933702642254647
-0.029099449053866445,0.8385523411322893,0.6308800429241845,0.24951068491762612,1.0330781477474453,-0.31705541006768895,-0.974520563532816,0.0,-0.16738380741894748,0.6771090687267264,1.1169829930268504,-0.10880187181629318,0.07572868374024348,-0.7080273944801929,-1.0743727145599793,1.728310345257782,-1.7079068235142982,1.2271356218933003,-1.4147234536972182,-0.34425810198617113,0.6401932792113381,-0.2234868929434656,0.03134208448195622,-0.11933702642254647
-0.029099449053866445,0.8385523411322893,-0.04253793108057046,-0.2987077097782125,1.0330781477474453,-0.31705541006768895,-0.974520563532816,0.0,-0.16738380741894748,-0.6657520460385278,-0.4217977735906751,1.203937739304957,0.07572868374024348,-0.08580524157899463,0.08812513719278957,1.4952027925969524,1.4425671138549763,1.2271356218933003,0.19400546058363471,0.28272749205848513,-0.3541839203189247,-0.12180903031383264,0.03134208448195622,-0.11933702642254647
-0.029099449053866445,0.8385523411322893,0.6308800429241845,0.24951068491762612,1.0330781477474453,-0.31705541006768895,-0.974520563532816,0.0,-0.16738380741894748,-0.6657520460385278,-0.4217977735906751,0.547517855938155,0.07572868374024348,0.5364169113222037,0.5531171825700949,-0.36958649425188594,-1.223184390876188,-0.0020813214763596324,1.6564781769979775,-0.6577508990084993,0.6401932792113381,0.0815466949454333,0.03134208448195622,-0.11933702642254647
-0.029099449053866445,0.8385523411322893,-0.9404356989440489,0.24951068491762612,1.0330781477474453,0.48032590666785163,-1.7558155003678992,0.0,-0.16738380741894748,0.6771090687267264,-0.4217977735906751,-0.10880187181629318,-0.3444868196010868,0.5364169113222037,0.32062115988144224,1.728310345257782,0.47319620683823654,2.1491186668515003,1.8027343748644875,-0.34425810198617113,1.1373060186469357,0.18323231509872764,0.03134208448195622,-0.11933702642254647
-0.029099449053866445,-1.1925314031676417,-2.0628132606662506,0.24951068491762612,1.0330781477474453,1.2777072234033922,-0.974520563532816,0.0,0.6176451529252976,-2.0085875478583746,1.1169829930268504,-0.7652217551830952,-0.3444868196010868,-0.08580524157899463,-0.14437975465061584,1.9613467634808144,-0.7385359164975585,1.5344633035460336,1.6564781769979775,0.5962202890808133,1.1373060186469357,0.8949851110298198,0.03134208448195622,-0.11933702642254647
-0.029099449053866445,-1.1925314031676417,-0.4914975187980172,0.24951068491762612,1.0330781477474453,1.2777072234033922,-0.974520563532816,0.0,1.40255433466711,-2.0085875478583746,-0.4217977735906751,-0.7652217551830952,-0.9747860302394408,-1.019132536980565,-0.3768757773392685,1.0289876872752937,-0.2538134838594481,0.3052463601763737,0.9252418187908061,0.5962202890808133,-0.3541839203189247,-0.3251647555730986,0.03134208448195622,-0.11933702642254647
-0.029099449053866445,-1.1925314031676417,-0.2670177249392938,0.24951068491762612,1.0330781477474453,2.0750885401389327,-0.974520563532816,0.0,1.40255433466711,-0.6657520460385278,-0.4217977735906751,-1.4216416385498971,-1.395001533580771,-1.9524598323821356,-1.3068776064033847,1.4952027925969524,-0.2538134838594481,-0.9239705831932862,0.3402616584501448,-0.6577508990084993,0.1430046794462067,-0.2234868929434656,0.03134208448195622,-0.11933702642254647
-0.029099449053866445,-1.1925314031676417,-0.4914975187980172,-0.2987077097782125,1.0330781477474453,2.0750885401389327,-1.7558155003678992,0.0,2.187583295011355,-0.6657520460385278,-0.4217977735906751,-2.7343812496711473,-1.395001533580771,-2.2635768427829617,-1.7718785209354428,-1.0688380177965773,-0.7385359164975585,-0.9239705831932862,-0.6834870954900467,0.5962202890808133,1.1373060186469357,1.8101013897438392,0.17382532565923292,-0.11933702642254647
-0.029099449053866445,-1.1925314031676417,0.855359836782908,0.24951068491762612,1.0330781477474453,1.2777072234033922,-0.974520563532816,0.0,1.40255433466711,0.6771090687267264,-0.4217977735906751,-1.4216416385498971,-0.5545865564805381,-2.574681985283334,-2.4693754581561533,0.5628437163914318,1.200279855795402,-0.0020813214763596324,-1.122211057964198,2.1635886096221086,-0.8512966597545222,1.403382181701646,0.17382532565923292,-0.11933702642254647
-0.029099449053866445,-1.1925314031676417,1.0798396306416314,0.24951068491762612,1.0330781477474453,0.48032590666785163,-0.974520563532816,0.0,0.6176451529252976,0.6771090687267264,-0.4217977735906751,-0.10880187181629318,-0.5545865564805381,-1.9524598323821356,-1.7718785209354428,1.0289876872752937,-0.7385359164975585,0.3052463601763737,-2.2922160097708995,0.9096174215327959,1.1373060186469357,0.8949851110298198,0.03134208448195622,-0.11933702642254647
-0.029099449053866445,0.8385523411322893,1.3042980169289395,0.24951068491762612,1.0330781477474453,0.48032590666785163,0.5883674005367534,0.0,0.6176451529252976,0.6771090687267264,-0.4217977735906751,-0.10880187181629318,-0.5545865564805381,-1.019132536980565,-1.0743727145599793,1.4952027925969524,-1.9502680398333534,1.5344633035460336,-1.4147234536972182,0.5962202890808133,0.1430046794462067,0.6916293857705539,0.03134208448195622,-0.11933702642254647
-0.029099449053866445,0.8385523411322893,1.0798396306416314,0.24951068491762612,1.0330781477474453,-0.31705541006768895,-1.7558155003678992,0.0,-0.16738380741894748,-0.6657520460385278,-0.4217977735906751,0.547517855938155,0.07572868374024348,-0.3969103840793668,-0.3768757773392685,1.0289876872752937,1.200279855795402,-0.0020813214763596324,0.48651785631665484,0.28272749205848513,2.628795957612796,0.8949851110298198,0.17382532565923292,0.002053096912880053
-0.029099449053866445,-1.1925314031676417,-0.04253793108057046,-0.2987077097782125,1.0330781477474453,0.48032590666785163,-0.19292753629832982,0.0,0.6176451529252976,0.6771090687267264,1.1169829930268504,-1.4216416385498971,-0.3444868196010868,-0.08580524157899463,-0.609380669182674,-0.8357304651357478,0.7155574231572918,-0.0020813214763596324,1.5102219791314675,-0.9711480314604819,0.6401932792113381,1.7084235271142063,0.03134208448195622,-0.2407294651261605
-0.029099449053866445,-1.1925314031676417,-0.4914975187980172,0.24951068491762612,1.0330781477474453,1.2777072234033922,0.5883674005367534,0.0,0.6176451529252976,-0.6657520460385278,-0.4217977735906751,-0.7652217551830952,-0.5545865564805381,-0.7080273944801929,-0.3768757773392685,-1.3019455704574068,1.4425671138549763,0.3052463601763737,1.5102219791314675,-0.34425810198617113,-1.3484852595196537,1.505060044331279,0.17382532565923292,0.002053096912880053
-0.029099449053866445,-1.1925314031676417,0.6308800429241845,0.24951068491762612,1.0330781477474453,1.2777072234033922,-0.974520563532816,0.0,0.6176451529252976,0.6771090687267264,-0.4217977735906751,-0.7652217551830952,-0.9747860302394408,-2.574681985283334,-2.236870566312748,0.3297361637306024,-0.7385359164975585,-0.0020813214763596324,-0.975954860097688,-1.5981336255051382,-0.8512966597545222,1.301704319072013,0.17382532565923292,-0.11933702642254647
-0.029099449053866445,-1.1925314031676417,0.855359836782908,0.24951068491762612,1.0330781477474453,1.2777072234033922,-0.974520563532816,0.0,1.40255433466711,2.0199701834919805,-0.4217977735906751,-0.7652217551830952,-0.7646862933599895,-1.6413546898817633,-1.5393736290920372,0.09662861106977294,-1.223184390876188,0.3052463601763737,-1.9997036140378794,2.1635886096221086,0.6401932792113381,-0.4268503757263929,0.17382532565923292,0.002053096912880053
-0.029099449053866445,-1.1925314031676417,0.4064002490654612,0.24951068491762612,1.0330781477474453,0.48032590666785163,-1.7558155003678992,0.0,0.6176451529252976,-2.0085875478583746,-0.4217977735906751,-0.7652217551830952,-0.3444868196010868,-1.3302495473813911,-1.0743727145599793,-0.1364789415910565,-0.011452267540392873,0.612574041829107,-0.6834870954900467,-0.030765304963843006,1.634494618412067,-0.2234868929434656,0.17382532565923292,-0.11933702642254647
-0.029099449053866445,0.8385523411322893,-0.4914975187980172,0.24951068491762612,1.0330781477474453,-0.31705541006768895,-0.974520563532816,0.0,0.6176451529252976,-0.6657520460385278,1.1169829930268504,-0.10880187181629318,0.07572868374024348,-0.3969103840793668,-0.609380669182674,-2.001197094002098,-0.49617470017850324,-0.9239705831932862,0.19400546058363471,-0.6577508990084993,-0.3541839203189247,0.3865880403579936,0.03134208448195622,-0.2407294651261605
-0.029099449053866445,-1.1925314031676417,-0.04253793108057046,0.24951068491762612,1.0330781477474453,0.48032590666785163,-0.19292753629832982,0.0,0.6176451529252976,0.6771090687267264,-0.4217977735906751,-0.10880187181629318,-0.5545865564805381,0.5364169113222037,0.5531171825700949,1.9613467634808144,0.47319620683823654,1.8417909851987668,1.2177542145238263,-0.030765304963843006,0.6401932792113381,0.7933072484001868,0.31630584919472404,-0.11933702642254647
-0.029099449053866445,-1.1925314031676417,-0.2670177249392938,0.24951068491762612,1.0330781477474453,0.48032590666785163,-1.7558155003678992,0.0,0.6176451529252976,-0.6657520460385278,1.1169829930268504,-0.7652217551830952,-0.5545865564805381,-0.3969103840793668,-0.14437975465061584,-0.1364789415910565,-1.223184390876188,0.3052463601763737,1.0714980166573163,0.5962202890808133,0.6401932792113381,0.3865880403579936,0.17382532565923292,0.002053096912880053
-0.029099449053866445,-1.1925314031676417,-1.1649154928027723,0.24951068491762612,1.0330781477474453,1.2777072234033922,-0.974520563532816,0.0,1.40255433466711,-0.6657520460385278,1.1169829930268504,-2.0779613663043452,-0.9747860302394408,-0.7080273944801929,-0.8418766918713266,-0.6026229124749184,0.9579186394763469,0.3052463601763737,0.48651785631665484,-0.9711480314604819,1.1373060186469357,0.7933072484001868,0.17382532565923292,0.002053096912880053
-0.029099449053866445,-1.1925314031676417,-0.2670177249392938,0.24951068491762612,1.0330781477474453,1.2777072234033922,-0.974520563532816,0.0,0.6176451529252976,-0.6657520460385278,-0.4217977735906751,-1.4216416385498971,-0.7646862933599895,-1.6413546898817633,-1.3068776064033847,0.3297361637306024,-0.9808971328166136,-0.6167366847818262,-0.5372308976235367,1.2231102185551241,0.6401932792113381,1.505060044331279,0.31630584919472404,0.002053096912880053
-0.029099449053866445,-1.1925314031676417,0.855359836782908,0.24951068491762612,1.0330781477474453,0.48032590666785163,-0.19292753629832982,0.0,0.6176451529252976,0.6771090687267264,-0.4217977735906751,-0.7652217551830952,-0.9747860302394408,-1.6413546898817633,-1.0743727145599793,-0.8357304651357478,0.9579186394763469,-2.1532813098042194,-1.4147234536972182,-1.2846408284828101,0.1430046794462067,0.5899437656172595,0.03134208448195622,-0.11933702642254647
-0.029099449053866445,-1.1925314031676417,0.855359836782908,-0.2987077097782125,1.0330781477474453,1.2777072234033922,-1.7558155003678992,0.0,0.6176451529252976,0.6771090687267264,-0.4217977735906751,-1.4216416385498971,-0.9747860302394408,-1.3302495473813911,-1.0743727145599793,1.4952027925969524,-0.7385359164975585,-0.0020813214763596324,-1.122211057964198,0.28272749205848513,2.1316073578476646,0.0815466949454333,0.17382532565923292,0.002053096912880053
-0.029099449053866445,-1.1925314031676417,0.6308800429241845,0.24951068491762612,1.0330781477474453,0.48032590666785163,-0.974520563532816,0.0,0.6176451529252976,-0.6657520460385278,1.1169829930268504,-1.4216416385498971,-0.5545865564805381,-1.3302495473813911,-1.3068776064033847,0.7958801346144643,0.47319620683823654,0.919807940240567,-0.975954860097688,0.5962202890808133,0.6401932792113381,0.6916293857705539,0.31630584919472404,0.002053096912880053
-0.029099449053866445,0.8385523411322893,0.6308800429241845,0.24951068491762612,1.0330781477474453,-0.31705541006768895,0.5883674005367534,0.0,-0.16738380741894748,0.6771090687267264,-0.4217977735906751,0.547517855938155,-0.1343870827216355,-0.08580524157899463,0.08812513719278957,-0.8357304651357478,0.7155574231572918,-0.0020813214763596324,0.632729423057786,-0.030765304963843006,-0.8512966597545222,0.6916293857705539,0.17382532565923292,-0.11933702642254647
-0.029099449053866445,0.8385523411322893,-0.04253793108057046,0.24951068491762612,1.0330781477474453,-0.31705541006768895,-0.974520563532816,0.0,-0.16738380741894748,-0.6657520460385278,2.655763759644376,0.547517855938155,-0.1343870827216355,0.22529990092137753,-0.3768757773392685,-1.7680895413412685,1.200279855795402,-1.2312982648460196,1.2177542145238263,-0.9711480314604819,0.6401932792113381,0.7933072484001868,0.17382532565923292,-0.11933702642254647
-0.029099449053866445,-1.1925314031676417,-1.6138536729488038,-0.2987077097782125,1.0330781477474453,0.48032590666785163,-0.974520563532816,0.0,0.6176451529252976,0.6771090687267264,-0.4217977735906751,-0.7652217551830952,-0.3444868196010868,0.22529990092137753,0.32062115988144224,0.7958801346144643,-0.49617470017850324,1.2271356218933003,0.778985620924296,-0.34425810198617113,0.6401932792113381,0.7933072484001868,0.17382532565923292,0.002053096912880053
-0.029099449053866445,-1.1925314031676417,-0.04253793108057046,0.24951068491762612,1.0330781477474453,0.48032590666785163,-0.19292753629832982,0.0,0.6176451529252976,2.0199701834919805,-0.4217977735906751,-0.7652217551830952,-0.7646862933599895,-1.019132536980565,-0.8418766918713266,0.3297361637306024,-1.223184390876188,0.3052463601763737,-1.122211057964198,1.2231102185551241,0.6401932792113381,0.8949851110298198,0.17382532565923292,-0.11933702642254647
-0.029099449053866445,-1.1925314031676417,-0.7159559050853255,-0.2987077097782125,1.0330781477474453,0.48032590666785163,-0.974520563532816,0.0,1.40255433466711,-0.6657520460385278,-0.4217977735906751,-1.4216416385498971,-0.5545865564805381,-1.019132536980565,-0.609380669182674,0.5628437163914318,0.7155574231572918,2.4563525652629603,-1.268467255830708,-0.34425810198617113,1.1373060186469357,0.8949851110298198,0.31630584919472404,0.002053096912880053
-0.029099449053866445,0.8385523411322893,-0.4914975187980172,0.24951068491762612,1.0330781477474453,0.48032590666785163,-1.7558155003678992,0.0,-0.16738380741894748,-0.6657520460385278,-1.9605785402082005,-0.10880187181629318,-0.3444868196010868,-0.7080273944801929,-0.3768757773392685,0.09662861106977294,0.23083499051918135,-0.0020813214763596324,-0.8297432933565567,-0.6577508990084993,2.1316073578476646,0.8949851110298198,0.31630584919472404,0.002053096912880053
-0.029099449053866445,0.8385523411322893,0.855359836782908,0.24951068491762612,1.0330781477474453,-0.31705541006768895,-0.974520563532816,0.0,-0.16738380741894748,-0.6657520460385278,1.1169829930268504,0.547517855938155,0.07572868374024348,-0.7080273944801929,-0.8418766918713266,0.09662861106977294,2.1696507628121418,-0.0020813214763596324,-0.09850693514938538,-1.5981336255051382,0.1430046794462067,0.8949851110298198,0.31630584919472404,0.002053096912880053
-0.029099449053866445,0.8385523411322893,-0.9404356989440489,-0.2987077097782125,1.0330781477474453,-0.31705541006768895,-0.974520563532816,0.0,-0.16738380741894748,2.0199701834919805,1.1169829930268504,1.203937739304957,0.2858284206196948,0.22529990092137753,-0.14437975465061584,-0.8357304651357478,-0.011452267540392873,-0.6167366847818262,0.632729423057786,-0.6577508990084993,-0.3541839203189247,0.8949851110298198,0.31630584919472404,0.002053096912880053
-0.029099449053866445,-1.1925314031676417,-0.4914975187980172,-0.846821542506724,1.0330781477474453,1.2777072234033922,-0.974520563532816,0.0,0.6176451529252976,-0.6657520460385278,-0.4217977735906751,-0.10880187181629318,0.07572868374024348,0.22529990092137753,0.5531171825700949,-0.1364789415910565,-0.011452267540392873,0.3052463601763737,0.9252418187908061,0.28272749205848513,-0.8512966597545222,0.8949851110298198,0.31630584919472404,0.002053096912880053
-0.029099449053866445,-1.1925314031676417,0.6308800429241845,0.24951068491762612,1.0330781477474453,2.0750885401389327,-0.974520563532816,0.0,1.40255433466711,0.6771090687267264,1.1169829930268504,-1.4216416385498971,-0.9747860302394408,-1.019132536980565,-1.0743727145599793,1.2620952399361232,0.9579186394763469,1.2271356218933003,0.19400546058363471,0.28272749205848513,-1.3484852595196537,0.9966629736594528,0.17382532565923292,-0.11933702642254647
-0.029099449053866445,0.8385523411322893,0.6308800429241845,-1.3950399372025626,1.0330781477474453,0.48032590666785163,-0.974520563532816,0.0,-0.16738380741894748,0.6771090687267264,1.1169829930268504,0.547517855938155,-0.3444868196010868,-1.3302495473813911,-1.5393736290920372,0.7958801346144643,-0.011452267540392873,-1.5386259464987528,-0.975954860097688,-0.34425810198617113,-0.8512966597545222,0.7933072484001868,0.31630584919472404,0.002053096912880053
-0.029099449053866445,0.8385523411322893,-0.04253793108057046,0.24951068491762612,1.0330781477474453,0.48032590666785163,-1.7558155003678992,0.0,0.6176451529252976,-0.6657520460385278,1.1169829930268504,-0.10880187181629318,0.07572868374024348,0.5364169113222037,0.08812513719278957,0.09662861106977294,-0.49617470017850324,1.2271356218933003,1.2177542145238263,-0.030765304963843006,0.6401932792113381,0.8949851110298198,0.31630584919472404,0.002053096912880053
-0.029099449053866445,0.8385523411322893,0.6308800429241845,0.24951068491762612,1.0330781477474453,-0.31705541006768895,-0.974520563532816,0.0,-0.16738380741894748,-0.6657520460385278,1.1169829930268504,-0.10880187181629318,-0.1343870827216355,0.22529990092137753,0.08812513719278957,0.5628437163914318,0.23083499051918135,-0.0020813214763596324,1.2177542145238263,-0.6577508990084993,-1.8455979989552511,0.7933072484001868,0.31630584919472404,0.002053096912880053
-0.029099449053866445,-1.1925314031676417,0.6308800429241845,0.24951068491762612,1.0330781477474453,0.48032590666785163,-0.19292753629832982,0.0,0.6176451529252976,-0.6657520460385278,1.1169829930268504,-0.10880187181629318,-0.3444868196010868,-0.08580524157899463,-0.3768757773392685,0.7958801346144643,-0.9808971328166136,0.919807940240567,1.5102219791314675,-0.34425810198617113,-0.3541839203189247,0.9966629736594528,0.31630584919472404,0.002053096912880053
-0.029099449053866445,-1.1925314031676417,0.855359836782908,-0.2987077097782125,1.0330781477474453,1.2777072234033922,-0.974520563532816,0.0,1.40255433466711,2.0199701834919805,-0.4217977735906751,-0.7652217551830952,-0.7646862933599895,-0.7080273944801929,-0.609380669182674,-1.7680895413412685,1.200279855795402,-1.5386259464987528,0.3402616584501448,-0.34425810198617113,-0.8512966597545222,0.9966629736594528,0.17382532565923292,0.002053096912880053
-0.029099449053866445,-1.1925314031676417,0.6308800429241845,0.24951068491762612,1.0330781477474453,1.2777072234033922,-1.7558155003678992,0.0,1.40255433466711,0.6771090687267264,-0.4217977735906751,-1.4216416385498971,-0.7646862933599895,-1.3302495473813911,-1.3068776064033847,1.728310345257782,-0.49617470017850324,-0.0020813214763596324,-0.5372308976235367,0.5962202890808133,0.6401932792113381,0.8949851110298198,0.17382532565923292,0.002053096912880053
-0.029099449053866445,-1.1925314031676417,0.6308800429241845,0.24951068491762612,1.0330781477474453,1.2777072234033922,-0.974520563532816,0.0,1.40255433466711,-0.6657520460385278,-0.4217977735906751,-1.4216416385498971,-0.7646862933599895,-1.6413546898817633,-1.5393736290920372,0.3297361637306024,0.7155574231572918,0.612574041829107,-1.122211057964198,0.28272749205848513,0.6401932792113381,0.8949851110298198,0.17382532565923292,0.002053096912880053
-0.029099449053866445,0.8385523411322893,1.5287778107876628,0.24951068491762612,1.0330781477474453,-0.31705541006768895,-0.974520563532816,0.0,-0.16738380741894748,-0.6657520460385278,-0.4217977735906751,0.547517855938155,-0.1343870827216355,-1.3302495473813911,-1.0743727145599793,-0.1364789415910565,-0.011452267540392873,1.8417909851987668,-1.9997036140378794,0.5962202890808133,-0.8512966597545222,0.8949851110298198,0.31630584919472404,0.002053096912880053
-0.029099449053866445,0.8385523411322893,1.0798396306416314,0.24951068491762612,1.0330781477474453,-0.31705541006768895,-0.19292753629832982,0.0,-0.16738380741894748,0.6771090687267264,1.1169829930268504,0.547517855938155,-0.1343870827216355,-0.3969103840793668,-1.0743727145599793,-0.8357304651357478,-0.9808971328166136,-0.3094090031290929,-0.8297432933565567,-0.34425810198617113,-1.3484852595196537,0.8949851110298198,0.17382532565923292,0.002053096912880053
-0.029099449053866445,0.8385523411322893,0.6308800429241845,0.24951068491762612,1.0330781477474453,-1.1144367268032296,-0.974520563532816,0.0,-0.16738380741894748,-0.6657520460385278,1.1169829930268504,0.547517855938155,0.2858284206196948,0.22529990092137753,-0.14437975465061584,0.3297361637306024,1.200279855795402,-0.3094090031290929,0.04774926271712467,-0.6577508990084993,-0.8512966597545222,0.8949851110298198,0.17382532565923292,-0.11933702642254647
-0.029099449053866445,0.8385523411322893,-0.4914975187980172,-0.2987077097782125,1.0330781477474453,-0.31705541006768895,-0.974520563532816,0.0,-0.16738380741894748,0.6771090687267264,-0.4217977735906751,-0.10880187181629318,0.07572868374024348,0.8475220538225758,0.5531171825700949,0.3297361637306024,-0.7385359164975585,-0.0020813214763596324,0.9252418187908061,-0.34425810198617113,1.1373060186469357,0.9966629736594528,0.17382532565923292,-0.11933702642254647
-0.029099449053866445,0.8385523411322893,-0.04253793108057046,0.24951068491762612,1.0330781477474453,-0.31705541006768895,-0.974520563532816,0.0,-0.16738380741894748,2.0199701834919805,-0.4217977735906751,-0.10880187181629318,0.07572868374024348,0.5364169113222037,0.5531171825700949,-1.535053123118236,0.9579186394763469,-1.8459536281514861,1.2177542145238263,-0.6577508990084993,-0.8512966597545222,1.2000264564423802,0.17382532565923292,0.002053096912880053
-0.029099449053866445,-1.1925314031676417,0.1819418627781529,0.24951068491762612,1.0330781477474453,0.48032590666785163,-0.974520563532816,0.0,0.6176451529252976,-0.6657520460385278,1.1169829930268504,-0.7652217551830952,-0.9747860302394408,-0.3969103840793668,-0.14437975465061584,-1.535053123118236,1.200279855795402,-1.8459536281514861,0.19400546058363471,1.2231102185551241,1.1373060186469357,1.0983408362890856,0.17382532565923292,-0.11933702642254647
-0.029099449053866445,-1.1925314031676417,-0.7159559050853255,0.24951068491762612,1.0330781477474453,1.2777072234033922,-1.7558155003678992,0.0,1.40255433466711,-2.0085875478583746,-0.4217977735906751,-2.0779613663043452,-0.9747860302394408,-1.3302495473813911,-1.0743727145599793,0.3297361637306024,-0.9808971328166136,1.8417909851987668,-0.5372308976235367,-0.030765304963843006,1.1373060186469357,0.8949851110298198,0.17382532565923292,-0.11933702642254647
-0.029099449053866445,-1.1925314031676417,-0.2670177249392938,0.24951068491762612,1.0330781477474453,0.48032590666785163,-0.974520563532816,0.0,0.6176451529252976,-2.0085875478583746,-0.4217977735906751,-1.4216416385498971,-0.5545865564805381,-1.9524598323821356,-1.5393736290920372,-0.8357304651357478,0.7155574231572918,-0.3094090031290929,-0.975954860097688,-0.34425810198617113,0.6401932792113381,1.403382181701646,0.17382532565923292,-0.11933702642254647
-0.029099449053866445,0.8385523411322893,1.0798396306416314,-0.2987077097782125,1.0330781477474453,0.48032590666785163,-1.7558155003678992,0.0,-0.16738380741894748,2.0199701834919805,-0.4217977735906751,0.547517855938155,-0.1343870827216355,-1.3302495473813911,-1.3068776064033847,1.0289876872752937,0.47319620683823654,-0.9239705831932862,-1.268467255830708,-0.6577508990084993,-1.3484852595196537,0.9966629736594528,0.17382532565923292,-0.11933702642254647
-0.029099449053866445,0.8385523411322893,0.4064002490654612,0.24951068491762612,1.0330781477474453,-0.31705541006768895,-0.974520563532816,0.0,0.6176451529252976,2.0199701834919805,-0.4217977735906751,0.547517855938155,-0.3444868196010868,-0.3969103840793668,-0.3768757773392685,2.4275618688024734,-0.2538134838594481,1.2271356218933003,-1.122211057964198,-0.34425810198617113,-0.3541839203189247,0.9966629736594528,0.17382532565923292,-0.11933702642254647
-0.029099449053866445,0.8385523411322893,1.3042980169289395,0.24951068491762612,1.0330781477474453,-0.31705541006768895,-0.974520563532816,0.0,-0.16738380741894748,-2.0085875478583746,-0.4217977735906751,0.547517855938155,0.2858284206196948,0.5364169113222037,0.32062115988144224,-0.8357304651357478,-1.223184390876188,-0.0020813214763596324,0.9252418187908061,-0.6577508990084993,2.628795957612796,0.8949851110298198,0.31630584919472404,0.002053096912880053
-0.029099449053866445,0.8385523411322893,-0.04253793108057046,0.24951068491762612,1.0330781477474453,-0.31705541006768895,-0.974520563532816,0.0,-0.16738380741894748,0.6771090687267264,-0.4217977735906751,1.203937739304957,0.2858284206196948,0.5364169113222037,0.08812513719278957,-0.36958649425188594,0.23083499051918135,1.5344633035460336,1.2177542145238263,-0.34425810198617113,-0.3541839203189247,0.8949851110298198,0.31630584919472404,0.002053096912880053
-0.029099449053866445,0.8385523411322893,-0.04253793108057046,0.24951068491762612,1.0330781477474453,-0.31705541006768895,-0.19292753629832982,0.0,-0.16738380741894748,-0.6657520460385278,1.1169829930268504,0.547517855938155,-0.1343870827216355,0.5364169113222037,0.5531171825700949,-2.2343046466629275,-1.223184390876188,-1.2312982648460196,1.2177542145238263,-0.6577508990084993,1.634494618412067,0.7933072484001868,0.31630584919472404,0.002053096912880053
-0.029099449053866445,-1.1925314031676417,-0.2670177249392938,-0.2987077097782125,1.0330781477474453,1.2777072234033922,-0.974520563532816,0.0,1.40255433466711,0.6771090687267264,-0.4217977735906751,-0.7652217551830952,-0.7646862933599895,0.22529990092137753,0.32062115988144224,0.09662861106977294,0.9579186394763469,0.3052463601763737,0.3402616584501448,0.5962202890808133,1.634494618412067,0.6916293857705539,0.31630584919472404,0.002053096912880053
-0.029099449053866445,-1.1925314031676417,-0.04253793108057046,0.24951068491762612,1.0330781477474453,0.48032590666785163,-0.974520563532816,0.0,0.6176451529252976,0.6771090687267264,-1.9605785402082005,-0.7652217551830952,-0.9747860302394408,-1.9524598323821356,-1.5393736290920372,2.4275618688024734,0.9579186394763469,1.2271356218933003,-0.6834870954900467,0.28272749205848513,0.1430046794462067,0.8949851110298198,0.31630584919472404,0.002053096912880053
-0.029099449053866445,0.8385523411322893,0.6308800429241845,-0.2987077097782125,1.0330781477474453,-0.31705541006768895,-0.974520563532816,0.0,0.6176451529252976,-0.6657520460385278,-0.4217977735906751,0.547517855938155,-0.3444868196010868,-1.019132536980565,-1.0743727145599793,-0.36958649425188594,0.7155574231572918,-0.3094090031290929,-1.268467255830708,-0.34425810198617113,0.1430046794462067,0.7933072484001868,0.17382532565923292,0.002053096912880053
-0.029099449053866445,0.8385523411322893,0.6308800429241845,-0.846821542506724,1.0330781477474453,0.48032590666785163,-1.7558155003678992,0.0,0.6176451529252976,0.6771090687267264,-0.4217977735906751,-0.7652217551830952,0.07572868374024348,-0.3969103840793668,-0.3768757773392685,1.0289876872752937,0.7155574231572918,1.5344633035460336,-0.5372308976235367,0.5962202890808133,0.6401932792113381,0.8949851110298198,0.17382532565923292,0.002053096912880053
-0.029099449053866445,0.8385523411322893,0.1819418627781529,0.24951068491762612,1.0330781477474453,-0.31705541006768895,-0.974520563532816,0.0,-0.16738380741894748,0.6771090687267264,-0.4217977735906751,0.547517855938155,0.2858284206196948,0.22529990092137753,0.08812513719278957,0.3297361637306024,0.9579186394763469,-0.3094090031290929,0.3402616584501448,-0.030765304963843006,0.6401932792113381,0.8949851110298198,0.31630584919472404,0.002053096912880053
-0.029099449053866445,0.8385523411322893,-0.7159559050853255,0.24951068491762612,1.0330781477474453,-0.31705541006768895,-0.19292753629832982,0.0,-0.16738380741894748,-0.6657520460385278,-0.4217977735906751,1.203937739304957,0.49592815749914615,0.5364169113222037,0.5531171825700949,-0.1364789415910565,-0.9808971328166136,0.3052463601763737,0.48651785631665484,-0.030765304963843006,0.6401932792113381,0.9966629736594528,0.17382532565923292,0.002053096912880053
-0.029099449053866445,0.8385523411322893,-1.3893952866614956,0.24951068491762612,1.0330781477474453,-0.31705541006768895,-0.974520563532816,0.0,-0.16738380741894748,0.6771090687267264,-1.9605785402082005,0.547517855938155,0.07572868374024348,0.5364169113222037,1.018118097102153,0.5628437163914318,-0.011452267540392873,0.919807940240567,0.778985620924296,-0.030765304963843006,0.6401932792113381,0.7933072484001868,0.17382532565923292,0.002053096912880053
-0.029099449053866445,-1.1925314031676417,-0.2670177249392938,-0.2987077097782125,1.0330781477474453,1.2777072234033922,-1.7558155003678992,0.0,0.6176451529252976,0.6771090687267264,-1.9605785402082005,-0.7652217551830952,-0.1343870827216355,0.22529990092137753,0.5531171825700949,1.9613467634808144,-0.9808971328166136,-0.0020813214763596324,0.48651785631665484,-2.538516352001777,1.1373060186469357,0.8949851110298198,0.17382532565923292,0.002053096912880053
-0.029099449053866445,-1.1925314031676417,-1.1649154928027723,0.24951068491762612,1.0330781477474453,0.48032590666785163,-0.974520563532816,0.0,0.6176451529252976,0.6771090687267264,-0.4217977735906751,-0.7652217551830952,-0.1343870827216355,-0.7080273944801929,-0.3768757773392685,-0.36958649425188594,-0.7385359164975585,0.3052463601763737,-0.975954860097688,0.9096174215327959,-0.8512966597545222,0.7933072484001868,0.31630584919472404,0.002053096912880053
-0.029099449053866445,-1.1925314031676417,-0.4914975187980172,0.24951068491762612,1.0330781477474453,0.48032590666785163,-0.974520563532816,0.0,0.6176451529252976,-0.6657520460385278,-0.4217977735906751,-0.7652217551830952,-0.1343870827216355,-0.3969103840793668,-0.3768757773392685,-0.8357304651357478,1.4425671138549763,-0.6167366847818262,-1.4147234536972182,3.1039713361187475,-0.8512966597545222,0.9966629736594528,0.31630584919472404,0.002053096912880053
-0.029099449053866445,0.8385523411322893,-0.04253793108057046,0.24951068491762612,1.0330781477474453,-1.1144367268032296,-0.974520563532816,0.0,-0.16738380741894748,-0.6657520460385278,-1.9605785402082005,0.547517855938155,0.2858284206196948,-0.3969103840793668,-0.14437975465061584,0.5628437163914318,0.7155574231572918,0.612574041829107,-0.8297432933565567,0.5962202890808133,-1.3484852595196537,0.8949851110298198,0.31630584919472404,0.002053096912880053
-0.029099449053866445,0.8385523411322893,0.1819418627781529,-0.2987077097782125,1.0330781477474453,-1.1144367268032296,-0.19292753629832982,0.0,-0.9522929891607599,-0.6657520460385278,1.1169829930268504,1.203937739304957,0.49592815749914615,0.5364169113222037,0.08812513719278957,0.5628437163914318,-0.7385359164975585,1.8417909851987668,0.48651785631665484,-0.34425810198617113,0.1430046794462067,0.9966629736594528,0.31630584919472404,0.002053096912880053
-0.029099449053866445,0.8385523411322893,0.4064002490654612,0.24951068491762612,1.0330781477474453,-1.1144367268032296,-0.974520563532816,0.0,-0.16738380741894748,-2.0085875478583746,1.1169829930268504,1.203937739304957,0.49592815749914615,0.8475220538225758,0.5531171825700949,0.7958801346144643,0.47319620683823654,0.3052463601763737,1.0714980166573163,-0.6577508990084993,0.1430046794462067,0.7933072484001868,0.31630584919472404,0.002053096912880053
-0.029099449053866445,0.8385523411322893,-0.2670177249392938,0.24951068491762612,1.0330781477474453,0.48032590666785163,-1.7558155003678992,0.0,-0.16738380741894748,-0.6657520460385278,-0.4217977735906751,-0.10880187181629318,0.07572868374024348,1.158639064223402,1.018118097102153,-0.8357304651357478,-1.465545607195243,0.919807940240567,1.8027343748644875,-0.6577508990084993,-0.8512966597545222,0.8949851110298198,0.4587890903720008,0.002053096912880053
-0.029099449053866445,-1.1925314031676417,-0.04253793108057046,0.24951068491762612,1.0330781477474453,0.48032590666785163,-0.974520563532816,0.0,0.6176451529252976,-2.0085875478583746,-0.4217977735906751,-0.7652217551830952,-0.1343870827216355,-0.08580524157899463,-0.14437975465061584,-0.8357304651357478,0.7155574231572918,-1.8459536281514861,0.778985620924296,-0.9711480314604819,-0.3541839203189247,0.6916293857705539,0.31630584919472404,0.002053096912880053
-0.029099449053866445,-1.1925314031676417,-0.2670177249392938,-0.846821542506724,1.0330781477474453,0.48032590666785163,-1.7558155003678992,0.0,0.6176451529252976,0.6771090687267264,-0.4217977735906751,-0.7652217551830952,-0.3444868196010868,-1.3302495473813911,-0.8418766918713266,0.09662861106977294,-0.49617470017850324,-0.9239705831932862,-0.975954860097688,-0.9711480314604819,0.6401932792113381,0.9966629736594528,0.31630584919472404,0.002053096912880053
-0.029099449053866445,-1.1925314031676417,0.6308800429241845,0.24951068491762612,1.0330781477474453,0.48032590666785163,-0.974520563532816,0.0,0.6176451529252976,-0.6657520460385278,-0.4217977735906751,-0.7652217551830952,0.07572868374024348,-0.7080273944801929,-0.609380669182674,-2.467412199323757,0.9579186394763469,-2.1532813098042194,-0.8297432933565567,1.5366030155774522,-0.3541839203189247,0.18323231509872764,0.4587890903720008,0.24483797432010815
-0.029099449053866445,0.8385523411322893,0.855359836782908,0.24951068491762612,1.0330781477474453,-1.1144367268032296,-0.974520563532816,0.0,-0.16738380741894748,0.6771090687267264,-0.4217977735906751,0.547517855938155,0.2858284206196948,-0.3969103840793668,-0.3768757773392685,1.728310345257782,-0.011452267540392873,-0.3094090031290929,-0.5372308976235367,-0.030765304963843006,0.6401932792113381,0.5899437656172595,0.6012723315492775,0.1234455356164941
-0.029099449053866445,0.8385523411322893,1.3042980169289395,-0.2987077097782125,1.0330781477474453,-1.1144367268032296,0.5883674005367534,0.0,-0.16738380741894748,-0.6657520460385278,1.1169829930268504,1.203937739304957,0.49592815749914615,0.5364169113222037,0.08812513719278957,-0.6026229124749184,0.9579186394763469,-0.9239705831932862,0.48651785631665484,-0.9711480314604819,-0.3541839203189247,0.48826590298762657,0.6012723315492775,0.24483797432010815
-0.029099449053866445,0.8385523411322893,-0.04253793108057046,0.24951068491762612,1.0330781477474453,-1.1144367268032296,-1.7558155003678992,0.0,-0.16738380741894748,0.6771090687267264,1.1169829930268504,1.203937739304957,0.49592815749914615,1.158639064223402,0.5531171825700949,-0.6026229124749184,0.9579186394763469,-0.3094090031290929,0.778985620924296,-0.34425810198617113,0.1430046794462067,0.8949851110298198,0.6012723315492775,0.24483797432010815
-0.029099449053866445,0.8385523411322893,-0.04253793108057046,0.24951068491762612,1.0330781477474453,-0.31705541006768895,-0.974520563532816,0.0,-0.16738380741894748,0.6771090687267264,1.1169829930268504,-0.7652217551830952,0.2858284206196948,1.158639064223402,0.5531171825700949,-0.8357304651357478,-0.2538134838594481,0.3052463601763737,1.2177542145238263,0.28272749205848513,-1.3484852595196537,0.3865880403579936,0.31630584919472404,0.002053096912880053
-0.029099449053866445,-1.1925314031676417,0.4064002490654612,0.24951068491762612,1.0330781477474453,0.48032590666785163,-0.19292753629832982,0.0,0.6176451529252976,-0.6657520460385278,-0.4217977735906751,-0.10880187181629318,-0.5545865564805381,-0.08580524157899463,-0.14437975465061584,1.2620952399361232,-0.9808971328166136,2.1491186668515003,0.04774926271712467,1.2231102185551241,0.1430046794462067,1.301704319072013,0.31630584919472404,0.002053096912880053
-0.029099449053866445,-1.1925314031676417,0.4064002490654612,-0.2987077097782125,1.0330781477474453,0.48032590666785163,-0.974520563532816,0.0,0.6176451529252976,0.6771090687267264,-0.4217977735906751,-0.7652217551830952,-0.7646862933599895,-0.7080273944801929,-0.609380669182674,1.0289876872752937,0.47319620683823654,0.3052463601763737,-0.39097469975702664,0.5962202890808133,2.1316073578476646,0.8949851110298198,0.31630584919472404,0.002053096912880053
-0.029099449053866445,-1.1925314031676417,0.6308800429241845,-0.846821542506724,1.0330781477474453,0.48032590666785163,-1.7558155003678992,0.0,0.6176451529252976,0.6771090687267264,1.1169829930268504,-1.4216416385498971,-0.5545865564805381,-1.019132536980565,-1.5393736290920372,1.0289876872752937,-0.2538134838594481,-0.0020813214763596324,-0.8297432933565567,-0.030765304963843006,2.1316073578476646,0.8949851110298198,0.6012723315492775,0.24483797432010815
-0.029099449053866445,0.8385523411322893,1.3042980169289395,-0.2987077097782125,1.0330781477474453,-0.31705541006768895,-0.19292753629832982,0.0,-0.16738380741894748,0.6771090687267264,-0.4217977735906751,1.203937739304957,0.2858284206196948,0.5364169113222037,0.32062115988144224,1.728310345257782,0.47319620683823654,-0.0020813214763596324,0.19400546058363471,-0.6577508990084993,1.634494618412067,1.606737906960912,0.31630584919472404,0.002053096912880053
-0.029099449053866445,0.8385523411322893,0.1819418627781529,0.24951068491762612,1.0330781477474453,-0.31705541006768895,-1.7558155003678992,0.0,-0.16738380741894748,-0.6657520460385278,1.1169829930268504,0.547517855938155,0.49592815749914615,0.8475220538225758,0.08812513719278957,-0.36958649425188594,-1.223184390876188,-0.0020813214763596324,0.9252418187908061,-1.2846408284828101,1.1373060186469357,1.505060044331279,0.4587890903720008,0.24483797432010815
-0.029099449053866445,-1.1925314031676417,-0.04253793108057046,0.24951068491762612,1.0330781477474453,0.48032590666785163,-0.974520563532816,0.0,0.6176451529252976,-0.6657520460385278,-0.4217977735906751,-0.10880187181629318,-0.1343870827216355,0.22529990092137753,0.32062115988144224,-1.3019455704574068,-1.465545607195243,-0.9239705831932862,1.2177542145238263,-0.9711480314604819,-1.3484852595196537,0.0815466949454333,0.4587890903720008,0.24483797432010815
-0.029099449053866445,-1.1925314031676417,0.855359836782908,0.24951068491762612,1.0330781477474453,0.48032590666785163,-0.19292753629832982,0.0,0.6176451529252976,0.6771090687267264,1.1169829930268504,-0.10880187181629318,-0.5545865564805381,-0.3969103840793668,-0.609380669182674,0.7958801346144643,0.9579186394763469,0.3052463601763737,0.778985620924296,0.5962202890808133,-0.8512966597545222,0.9966629736594528,0.4587890903720008,0.24483797432010815
-0.029099449053866445,-1.1925314031676417,-0.2670177249392938,0.24951068491762612,1.0330781477474453,1.2777072234033922,-0.974520563532816,0.0,0.6176451529252976,0.6771090687267264,-0.4217977735906751,-0.7652217551830952,-0.5545865564805381,-1.9524598323821356,-1.5393736290920372,-0.8357304651357478,1.6849283301740314,-0.0020813214763596324,-1.122211057964198,-0.6577508990084993,-0.3541839203189247,1.505060044331279,0.31630584919472404,0.1234455356164941
-0.029099449053866445,0.8385523411322893,-0.2670177249392938,0.24951068491762612,1.0330781477474453,-0.31705541006768895,-0.19292753629832982,0.0,0.6176451529252976,2.0199701834919805,-0.4217977735906751,0.547517855938155,-0.3444868196010868,-1.3302495473813911,-1.0743727145599793,0.3297361637306024,-0.2538134838594481,-1.5386259464987528,-0.975954860097688,-0.9711480314604819,0.1430046794462067,1.301704319072013,0.31630584919472404,0.1234455356164941
-0.029099449053866445,0.8385523411322893,0.4064002490654612,0.24951068491762612,1.0330781477474453,-0.31705541006768895,-0.974520563532816,0.0,0.6176451529252976,0.6771090687267264,-0.4217977735906751,-0.10880187181629318,0.07572868374024348,-0.08580524157899463,-0.14437975465061584,-1.3019455704574068,2.412011979131197,-0.3094090031290929,0.48651785631665484,1.2231102185551241,-0.8512966597545222,1.301704319072013,0.31630584919472404,0.1234455356164941
-0.029099449053866445,0.8385523411322893,-0.2670177249392938,0.24951068491762612,1.0330781477474453,-0.31705541006768895,-0.974520563532816,0.0,-0.16738380741894748,0.6771090687267264,-0.4217977735906751,0.547517855938155,0.2858284206196948,0.22529990092137753,0.08812513719278957,-0.6026229124749184,-0.2538134838594481,0.3052463601763737,0.778985620924296,0.5962202890808133,-0.8512966597545222,0.9966629736594528,0.31630584919472404,0.1234455356164941
-0.029099449053866445,0.8385523411322893,0.1819418627781529,-0.2987077097782125,1.0330781477474453,-0.31705541006768895,-0.19292753629832982,0.0,-0.16738380741894748,2.0199701834919805,-0.4217977735906751,0.547517855938155,0.07572868374024348,0.5364169113222037,0.32062115988144224,-1.0688380177965773,-0.2538134838594481,-1.5386259464987528,1.5102219791314675,-1.2846408284828101,-0.8512966597545222,1.7084235271142063,0.31630584919472404,0.1234455356164941
-0.029099449053866445,-1.1925314031676417,0.855359836782908,0.24951068491762612,1.0330781477474453,0.48032590666785163,-0.974520563532816,0.0,0.6176451529252976,0.6771090687267264,-0.4217977735906751,-0.10880187181629318,-0.5545865564805381,0.22529990092137753,0.32062115988144224,2.194454316141644,0.9579186394763469,0.3052463601763737,1.0714980166573163,-0.030765304963843006,1.634494618412067,0.8949851110298198,0.4587890903720008,0.24483797432010815
-0.029099449053866445,-1.1925314031676417,-0.04253793108057046,0.24951068491762612,1.0330781477474453,1.2777072234033922,-0.974520563532816,0.0,1.40255433466711,0.6771090687267264,-0.4217977735906751,-1.4216416385498971,-1.1849017967013198,-0.7080273944801929,-0.8418766918713266,0.3297361637306024,-0.9808971328166136,0.3052463601763737,0.3402616584501448,-0.030765304963843006,0.6401932792113381,1.8101013897438392,0.31630584919472404,0.002053096912880053
-0.029099449053866445,-1.1925314031676417,-0.04253793108057046,0.24951068491762612,1.0330781477474453,1.2777072234033922,-1.7558155003678992,0.0,1.40255433466711,2.0199701834919805,-0.4217977735906751,-1.4216416385498971,-0.7646862933599895,-1.6413546898817633,-1.3068776064033847,0.3297361637306024,0.9579186394763469,1.8417909851987668,-0.6834870954900467,0.9096174215327959,0.6401932792113381,1.7084235271142063,0.4587890903720008,0.24483797432010815
-0.029099449053866445,-1.1925314031676417,-0.2670177249392938,0.24951068491762612,1.0330781477474453,0.48032590666785163,-0.974520563532816,0.0,0.6176451529252976,0.6771090687267264,-0.4217977735906751,-0.10880187181629318,-0.7646862933599895,-1.6413546898817633,-1.3068776064033847,1.9613467634808144,-0.7385359164975585,-0.0020813214763596324,-1.4147234536972182,-1.9116264225274664,0.6401932792113381,0.48826590298762657,0.4587890903720008,0.24483797432010815
-0.029099449053866445,-1.1925314031676417,1.0798396306416314,0.24951068491762612,1.0330781477474453,0.48032590666785163,-0.19292753629832982,0.0,0.6176451529252976,0.6771090687267264,-0.4217977735906751,-0.10880187181629318,-0.5545865564805381,-1.3302495473813911,-1.0743727145599793,0.7958801346144643,0.7155574231572918,-0.3094090031290929,-1.8534474161713694,-0.030765304963843006,-1.8455979989552511,0.8949851110298198,0.4587890903720008,0.24483797432010815
-0.029099449053866445,0.8385523411322893,-0.04253793108057046,0.24951068491762612,1.0330781477474453,-0.31705541006768895,-1.7558155003678992,0.0,-0.16738380741894748,0.6771090687267264,-0.4217977735906751,-0.10880187181629318,0.49592815749914615,-0.08580524157899463,-0.14437975465061584,-0.36958649425188594,1.200279855795402,1.8417909851987668,0.48651785631665484,-0.030765304963843006,0.6401932792113381,0.8949851110298198,0.4587890903720008,0.24483797432010815
-0.029099449053866445,0.8385523411322893,-0.2670177249392938,0.24951068491762612,1.0330781477474453,-0.31705541006768895,-0.974520563532816,0.0,-0.16738380741894748,-2.0085875478583746,-0.4217977735906751,0.547517855938155,0.2858284206196948,0.22529990092137753,0.32062115988144224,0.5628437163914318,-0.2538134838594481,0.3052463601763737,0.778985620924296,0.28272749205848513,1.1373060186469357,1.0983408362890856,0.31630584919472404,0.002053096912880053
-0.029099449053866445,0.8385523411322893,-0.4914975187980172,0.24951068491762612,1.0330781477474453,-0.31705541006768895,-0.19292753629832982,0.0,0.6176451529252976,-0.6657520460385278,-0.4217977735906751,0.547517855938155,-0.1343870827216355,0.22529990092137753,0.5531171825700949,0.3297361637306024,-0.011452267540392873,-0.0020813214763596324,1.8027343748644875,-0.6577508990084993,0.6401932792113381,0.18323231509872764,0.6012723315492775,0.24483797432010815
-0.029099449053866445,-1.1925314031676417,0.1819418627781529,0.24951068491762612,1.0330781477474453,0.48032590666785163,-0.974520563532816,0.0,1.40255433466711,-0.6657520460385278,-0.4217977735906751,-0.7652217551830952,-0.7646862933599895,0.22529990092137753,0.5531171825700949,-2.467412199323757,0.7155574231572918,-0.3094090031290929,1.0714980166573163,-0.030765304963843006,-0.3541839203189247,1.8101013897438392,0.6012723315492775,0.1234455356164941
-0.029099449053866445,-1.1925314031676417,-0.04253793108057046,-0.2987077097782125,1.0330781477474453,1.2777072234033922,-0.974520563532816,0.0,1.40255433466711,2.0199701834919805,-0.4217977735906751,-2.0779613663043452,-0.7646862933599895,-0.7080273944801929,-0.609380669182674,-0.6026229124749184,-1.223184390876188,-0.0020813214763596324,0.632729423057786,0.28272749205848513,-0.3541839203189247,-0.020131167684199668,0.31630584919472404,0.002053096912880053
-0.029099449053866445,-1.1925314031676417,-1.1649154928027723,-0.846821542506724,1.0330781477474453,1.2777072234033922,-0.974520563532816,0.0,1.40255433466711,0.6771090687267264,1.1169829930268504,-1.4216416385498971,-1.1849017967013198,-1.6413546898817633,-1.5393736290920372,0.3297361637306024,0.47319620683823654,-0.3094090031290929,-0.5372308976235367,0.5962202890808133,-1.8455979989552511,0.3865880403579936,0.4587890903720008,0.24483797432010815
-0.029099449053866445,-1.1925314031676417,-0.04253793108057046,-0.2987077097782125,1.0330781477474453,0.48032590666785163,-1.7558155003678992,0.0,0.6176451529252976,-0.6657520460385278,-0.4217977735906751,-1.4216416385498971,-0.1343870827216355,-1.019132536980565,-0.8418766918713266,1.728310345257782,0.47319620683823654,-0.3094090031290929,-0.975954860097688,1.2231102185551241,0.6401932792113381,0.3865880403579936,0.6012723315492775,0.24483797432010815
-0.029099449053866445,0.8385523411322893,-0.7159559050853255,0.24951068491762612,1.0330781477474453,0.48032590666785163,-0.974520563532816,0.0,0.6176451529252976,-0.6657520460385278,-1.9605785402082005,-0.10880187181629318,0.2858284206196948,-0.7080273944801929,-0.3768757773392685,-1.535053123118236,0.9579186394763469,-0.0020813214763596324,0.48651785631665484,0.9096174215327959,-2.3427865987203824,0.48826590298762657,0.6012723315492775,0.1234455356164941
-0.029099449053866445,0.8385523411322893,-0.4914975187980172,0.24951068491762612,1.0330781477474453,-0.31705541006768895,-0.19292753629832982,0.0,-0.16738380741894748,-0.6657520460385278,-0.4217977735906751,0.547517855938155,0.2858284206196948,-0.08580524157899463,-0.14437975465061584,0.7958801346144643,0.23083499051918135,0.919807940240567,1.2177542145238263,1.8500958125997804,-2.3427865987203824,1.606737906960912,0.4587890903720008,0.1234455356164941
-0.029099449053866445,0.8385523411322893,-0.4914975187980172,0.24951068491762612,1.0330781477474453,0.48032590666785163,-0.974520563532816,0.0,0.6176451529252976,-0.6657520460385278,1.1169829930268504,-0.10880187181629318,-0.3444868196010868,0.5364169113222037,0.32062115988144224,-1.3019455704574068,0.9579186394763469,0.3052463601763737,1.2177542145238263,-0.34425810198617113,0.1430046794462067,0.8949851110298198,0.6012723315492775,0.1234455356164941
-0.029099449053866445,-1.1925314031676417,0.1819418627781529,0.24951068491762612,1.0330781477474453,0.48032590666785163,-0.974520563532816,0.0,0.6176451529252976,0.6771090687267264,-0.4217977735906751,-1.4216416385498971,-0.5545865564805381,-0.08580524157899463,0.08812513719278957,0.09662861106977294,-0.9808971328166136,2.1491186668515003,1.0714980166573163,-0.030765304963843006,0.6401932792113381,1.606737906960912,0.4587890903720008,0.24483797432010815
-0.029099449053866445,-1.1925314031676417,-0.2670177249392938,-0.846821542506724,1.0330781477474453,1.2777072234033922,-0.19292753629832982,0.0,1.40255433466711,0.6771090687267264,-1.9605785402082005,-0.7652217551830952,-0.9747860302394408,-1.6413546898817633,-1.0743727145599793,0.09662861106977294,-0.011452267540392873,-0.0020813214763596324,0.04774926271712467,-0.34425810198617113,0.6401932792113381,0.5899437656172595,0.6012723315492775,0.24483797432010815
-0.029099449053866445,-1.1925314031676417,1.0798396306416314,0.24951068491762612,1.0330781477474453,1.2777072234033922,-0.974520563532816,0.0,1.40255433466711,-0.6657520460385278,-0.4217977735906751,-1.4216416385498971,-0.9747860302394408,-1.6413546898817633,-1.3068776064033847,0.5628437163914318,-0.2538134838594481,-0.0020813214763596324,-0.975954860097688,0.9096174215327959,-0.8512966597545222,0.0815466949454333,0.6012723315492775,0.24483797432010815
-0.029099449053866445,0.8385523411322893,-0.7159559050853255,-0.2987077097782125,1.0330781477474453,0.48032590666785163,-0.974520563532816,0.0,0.6176451529252976,-0.6657520460385278,-0.4217977735906751,-0.7652217551830952,-0.1343870827216355,-1.019132536980565,-0.8418766918713266,-1.0688380177965773,0.9579186394763469,0.3052463601763737,-1.122211057964198,0.5962202890808133,-1.8455979989552511,0.3865880403579936,0.6012723315492775,0.24483797432010815
-0.029099449053866445,0.8385523411322893,-0.04253793108057046,-0.846821542506724,1.0330781477474453,-0.31705541006768895,-0.974520563532816,0.0,-0.16738380741894748,0.6771090687267264,-1.9605785402082005,0.547517855938155,0.07572868374024348,-0.3969103840793668,-0.14437975465061584,1.728310345257782,-0.9808971328166136,-0.6167366847818262,-1.122211057964198,-0.030765304963843006,0.1430046794462067,0.6916293857705539,0.31630584919472404,0.1234455356164941
-0.029099449053866445,0.8385523411322893,-0.2670177249392938,0.24951068491762612,1.0330781477474453,-0.31705541006768895,-0.974520563532816,0.0,-0.16738380741894748,0.6771090687267264,-0.4217977735906751,1.203937739304957,0.2858284206196948,0.22529990092137753,0.32062115988144224,0.5628437163914318,0.47319620683823654,1.8417909851987668,0.778985620924296,-0.34425810198617113,0.1430046794462067,0.9966629736594528,0.31630584919472404,0.1234455356164941
-0.029099449053866445,0.8385523411322893,-1.1649154928027723,0.24951068491762612,1.0330781477474453,-0.31705541006768895,-0.974520563532816,0.0,-0.16738380741894748,-0.6657520460385278,1.1169829930268504,-0.10880187181629318,0.07572868374024348,0.8475220538225758,0.5531171825700949,-0.8357304651357478,-0.9808971328166136,0.3052463601763737,1.5102219791314675,-0.9711480314604819,-0.8512966597545222,1.8101013897438392,0.4587890903720008,0.1234455356164941
-0.029099449053866445,-1.1925314031676417,-0.7159559050853255,0.24951068491762612,1.0330781477474453,1.2777072234033922,-0.974520563532816,0.0,1.40255433466711,0.6771090687267264,-0.4217977735906751,-0.7652217551830952,-1.1849017967013198,-0.7080273944801929,-0.3768757773392685,0.3297361637306024,1.6849283301740314,1.5344633035460336,0.19400546058363471,0.5962202890808133,1.1373060186469357,0.8949851110298198,0.4587890903720008,0.24483797432010815
-0.029099449053866445,-1.1925314031676417,-0.9404356989440489,0.24951068491762612,1.0330781477474453,1.2777072234033922,-0.974520563532816,0.0,1.40255433466711,2.0199701834919805,-0.4217977735906751,-2.0779613663043452,-1.1849017967013198,-1.6413546898817633,-1.5393736290920372,0.5628437163914318,1.9272895464930866,-0.3094090031290929,-0.5372308976235367,0.28272749205848513,1.1373060186469357,0.8949851110298198,0.4587890903720008,0.1234455356164941
-0.029099449053866445,-1.1925314031676417,-0.2670177249392938,0.24951068491762612,1.0330781477474453,1.2777072234033922,-0.974520563532816,0.0,1.40255433466711,0.6771090687267264,-1.9605785402082005,-1.4216416385498971,-0.7646862933599895,-1.6413546898817633,-0.8418766918713266,1.0289876872752937,-0.011452267540392873,-0.9239705831932862,-1.122211057964198,-0.6577508990084993,-0.3541839203189247,-0.12180903031383264,0.31630584919472404,0.24483797432010815
-0.029099449053866445,0.8385523411322893,0.4064002490654612,0.24951068491762612,1.0330781477474453,0.48032590666785163,-0.974520563532816,0.0,0.6176451529252976,-0.6657520460385278,1.1169829930268504,0.547517855938155,-13.16076312423675,-0.3969103840793668,-0.8418766918713266,-0.8357304651357478,-0.011452267540392873,-0.0020813214763596324,-0.5372308976235367,1.2231102185551241,-1.3484852595196537,0.0815466949454333,0.31630584919472404,0.1234455356164941
-0.029099449053866445,0.8385523411322893,-1.8383334668075273,0.24951068491762612,1.0330781477474453,-0.31705541006768895,-0.974520563532816,0.0,-0.16738380741894748,-0.6657520460385278,-1.9605785402082005,0.547517855938155,0.2858284206196948,0.22529990092137753,0.7856220744135003,0.7958801346144643,-1.223184390876188,1.5344633035460336,1.3639657812649575,0.28272749205848513,-0.8512966597545222,1.403382181701646,0.31630584919472404,0.002053096912880053
-0.029099449053866445,0.8385523411322893,-0.2670177249392938,0.24951068491762612,1.0330781477474453,0.48032590666785163,-0.974520563532816,0.0,-0.16738380741894748,-0.6657520460385278,-0.4217977735906751,0.547517855938155,0.07572868374024348,0.5364169113222037,1.018118097102153,0.7958801346144643,1.200279855795402,-1.2312982648460196,1.8027343748644875,0.28272749205848513,-1.3484852595196537,1.0983408362890856,0.31630584919472404,0.002053096912880053
-0.029099449053866445,-1.1925314031676417,1.0798396306416314,0.24951068491762612,1.0330781477474453,1.2777072234033922,-0.974520563532816,0.0,1.40255433466711,-0.6657520460385278,-0.4217977735906751,-0.7652217551830952,-0.5545865564805381,-0.08580524157899463,-0.14437975465061584,0.09662861106977294,-0.7385359164975585,0.612574041829107,1.6564781769979775,0.28272749205848513,2.1316073578476646,0.9966629736594528,0.31630584919472404,0.002053096912880053
-0.029099449053866445,-1.1925314031676417,-1.1649154928027723,-0.2987077097782125,1.0330781477474453,2.0750885401389327,-0.974520563532816,0.0,1.40255433466711,-2.0085875478583746,-1.9605785402082005,-2.0779613663043452,-1.395001533580771,-1.019132536980565,-0.609380669182674,-0.6026229124749184,0.47319620683823654,-1.5386259464987528,0.778985620924296,-0.030765304963843006,0.6401932792113381,0.0815466949454333,0.31630584919472404,0.002053096912880053
-0.029099449053866445,-1.1925314031676417,0.1819418627781529,0.24951068491762612,1.0330781477474453,1.2777072234033922,-0.974520563532816,0.0,0.6176451529252976,2.0199701834919805,-0.4217977735906751,-0.7652217551830952,-0.9747860302394408,-2.2635768427829617,-1.7718785209354428,0.5628437163914318,1.6849283301740314,-0.0020813214763596324,-0.6834870954900467,-0.34425810198617113,1.1373060186469357,2.013457115003105,0.31630584919472404,0.002053096912880053
-0.029099449053866445,-1.1925314031676417,-0.04253793108057046,0.24951068491762612,1.0330781477474453,0.48032590666785163,-0.974520563532816,0.0,1.40255433466711,2.0199701834919805,-0.4217977735906751,-0.7652217551830952,-0.7646862933599895,-1.6413546898817633,-1.5393736290920372,0.3297361637306024,-0.7385359164975585,-0.3094090031290929,-1.7071912183048594,1.2231102185551241,1.1373060186469357,0.7933072484001868,0.31630584919472404,0.002053096912880053
-0.029099449053866445,-1.1925314031676417,-0.7159559050853255,-0.2987077097782125,1.0330781477474453,0.48032590666785163,-1.7558155003678992,0.0,0.6176451529252976,0.6771090687267264,-0.4217977735906751,-0.7652217551830952,-0.3444868196010868,-1.3302495473813911,-1.0743727145599793,-0.8357304651357478,1.9272895464930866,-2.1532813098042194,-1.122211057964198,-0.6577508990084993,-0.8512966597545222,1.9117792523734722,0.31630584919472404,0.24483797432010815
-0.029099449053866445,-1.1925314031676417,0.4064002490654612,-0.846821542506724,1.0330781477474453,0.48032590666785163,-0.974520563532816,0.0,0.6176451529252976,-0.6657520460385278,-0.4217977735906751,-0.10880187181629318,0.07572868374024348,-0.7080273944801929,-0.609380669182674,-0.36958649425188594,-0.9808971328166136,-0.9239705831932862,-0.24471850189051658,-0.6577508990084993,-0.3541839203189247,0.8949851110298198,0.31630584919472404,0.1234455356164941
-0.029099449053866445,0.8385523411322893,-0.2670177249392938,0.24951068491762612,1.0330781477474453,-0.31705541006768895,-0.974520563532816,0.0,-0.16738380741894748,-0.6657520460385278,-0.4217977735906751,1.203937739304957,0.49592815749914615,-0.3969103840793668,-0.3768757773392685,0.09662861106977294,1.9272895464930866,-0.0020813214763596324,1.0714980166573163,-0.030765304963843006,0.1430046794462067,1.8101013897438392,0.4587890903720008,0.24483797432010815
-0.029099449053866445,0.8385523411322893,-1.1649154928027723,0.24951068491762612,1.0330781477474453,-0.31705541006768895,-0.19292753629832982,0.0,0.6176451529252976,0.6771090687267264,-0.4217977735906751,0.547517855938155,0.07572868374024348,0.5364169113222037,0.7856220744135003,0.5628437163914318,-0.7385359164975585,-0.0020813214763596324,1.6564781769979775,0.5962202890808133,-0.3541839203189247,0.8949851110298198,0.4587890903720008,0.002053096912880053
-0.029099449053866445,0.8385523411322893,0.1819418627781529,0.24951068491762612,-0.38678982241038173,-1.1144367268032296,1.3696623373718366,0.0,-0.9522929891607599,0.6771090687267264,1.1169829930268504,1.203937739304957,0.9161276312580487,-0.08580524157899463,-0.14437975465061584,0.09662861106977294,-0.011452267540392873,-0.0020813214763596324,-0.24471850189051658,-0.34425810198617113,-0.3541839203189247,-0.9352474463982191,-1.963415139074561,-1.454649221425926
-0.029099449053866445,0.8385523411322893,-0.9404356989440489,0.24951068491762612,1.0330781477474453,-0.31705541006768895,-0.19292753629832982,0.0,-0.9522929891607599,0.6771090687267264,1.1169829930268504,0.547517855938155,0.9161276312580487,1.469744206723774,0.7856220744135003,-0.6026229124749184,-0.7385359164975585,0.3052463601763737,1.2177542145238263,-0.34425810198617113,-1.3484852595196537,-2.663794383672964,-1.82093461553907,-1.454649221425926
-0.029099449053866445,0.8385523411322893,-2.7362312346710054,-0.2987077097782125,1.0330781477474453,-0.31705541006768895,0.5883674005367534,0.0,-0.9522929891607599,-0.6657520460385278,-0.4217977735906751,0.547517855938155,0.49592815749914615,1.158639064223402,1.483119011634211,0.09662861106977294,0.7155574231572918,0.612574041829107,1.6564781769979775,0.9096174215327959,0.1430046794462067,-2.2570751756307703,-1.82093461553907,-1.454649221425926
-0.029099449053866445,-1.1925314031676417,-0.2670177249392938,0.24951068491762612,-0.38678982241038173,0.48032590666785163,0.5883674005367534,0.0,-0.16738380741894748,-2.0085875478583746,-0.4217977735906751,-0.10880187181629318,0.07572868374024348,-0.08580524157899463,0.32062115988144224,1.0289876872752937,-0.011452267540392873,0.3052463601763737,0.04774926271712467,0.28272749205848513,0.6401932792113381,-1.952037708980041,-1.82093461553907,-1.454649221425926
-0.029099449053866445,-1.1925314031676417,0.1819418627781529,0.24951068491762612,-0.38678982241038173,0.48032590666785163,-0.19292753629832982,0.0,0.6176451529252976,-0.6657520460385278,-0.4217977735906751,-0.7652217551830952,0.07572868374024348,-0.3969103840793668,-0.14437975465061584,-0.6026229124749184,0.23083499051918135,-1.2312982648460196,-0.8297432933565567,-0.34425810198617113,0.1430046794462067,-0.8335618262449248,-1.6784513743617933,-1.3332567827223119
-0.029099449053866445,0.8385523411322893,-0.4914975187980172,-0.2987077097782125,-0.38678982241038173,-0.31705541006768895,0.5883674005367534,0.0,-0.16738380741894748,-0.6657520460385278,-0.4217977735906751,-0.10880187181629318,0.2858284206196948,-0.7080273944801929,-0.8418766918713266,0.7958801346144643,-0.49617470017850324,-0.3094090031290929,-1.268467255830708,-0.030765304963843006,-0.3541839203189247,-1.240281034287118,-1.82093461553907,-1.3332567827223119
-0.029099449053866445,0.8385523411322893,0.1819418627781529,0.24951068491762612,-0.38678982241038173,-1.1144367268032296,1.3696623373718366,0.0,-0.9522929891607599,2.0199701834919805,-0.4217977735906751,1.203937739304957,0.9161276312580487,-0.3969103840793668,-0.14437975465061584,1.4952027925969524,0.7155574231572918,-0.3094090031290929,-1.268467255830708,-2.538516352001777,0.1430046794462067,-1.8503598463504078,-1.6784513743617933,-1.3332567827223119
-0.029099449053866445,0.8385523411322893,-0.2670177249392938,0.24951068491762612,1.0330781477474453,-1.1144367268032296,-0.19292753629832982,0.0,-0.9522929891607599,0.6771090687267264,1.1169829930268504,1.203937739304957,0.9161276312580487,0.8475220538225758,0.5531171825700949,0.09662861106977294,-0.7385359164975585,-1.8459536281514861,-0.5372308976235367,-0.9711480314604819,0.1430046794462067,-1.7486781049589442,-1.6784513743617933,-1.3332567827223119
-0.029099449053866445,0.8385523411322893,-0.4914975187980172,0.24951068491762612,1.0330781477474453,-1.1144367268032296,-0.19292753629832982,0.0,-0.9522929891607599,-0.6657520460385278,1.1169829930268504,0.547517855938155,1.1262433977199278,1.158639064223402,1.2506229889455585,-0.8357304651357478,0.9579186394763469,-1.5386259464987528,0.632729423057786,-0.9711480314604819,0.6401932792113381,-1.8503598463504078,-1.82093461553907,-1.454649221425926
-0.029099449053866445,0.8385523411322893,-0.4914975187980172,0.24951068491762612,1.0330781477474453,-1.1144367268032296,1.3696623373718366,0.0,-0.9522929891607599,-0.6657520460385278,1.1169829930268504,1.203937739304957,0.7060278943785975,1.469744206723774,1.483119011634211,-1.0688380177965773,0.7155574231572918,-0.9239705831932862,2.095202139472129,0.9096174215327959,-1.8455979989552511,-1.8503598463504078,-1.6784513743617933,-1.3332567827223119
-0.029099449053866445,-1.1925314031676417,-1.3893952866614956,0.24951068491762612,-0.38678982241038173,0.48032590666785163,0.5883674005367534,0.0,-0.16738380741894748,-0.6657520460385278,-0.4217977735906751,-1.4216416385498971,-0.1343870827216355,-0.08580524157899463,0.08812513719278957,-1.3019455704574068,-0.2538134838594481,0.612574041829107,0.9252418187908061,-0.6577508990084993,1.1373060186469357,-2.663794383672964,-1.6784513743617933,-1.3332567827223119
-0.029099449053866445,-1.1925314031676417,-0.2670177249392938,0.24951068491762612,-0.38678982241038173,0.48032590666785163,0.5883674005367534,0.0,-0.16738380741894748,-0.6657520460385278,-0.4217977735906751,-0.7652217551830952,0.07572868374024348,-1.019132536980565,-0.3768757773392685,0.09662861106977294,-0.9808971328166136,-2.1532813098042194,-0.09850693514938538,-0.9711480314604819,-1.3484852595196537,-2.8671539876940604,-1.82093461553907,-1.454649221425926
-0.029099449053866445,-1.1925314031676417,-0.7159559050853255,0.24951068491762612,-0.38678982241038173,0.48032590666785163,1.3696623373718366,0.0,-0.16738380741894748,-0.6657520460385278,1.1169829930268504,-0.10880187181629318,0.07572868374024348,-0.7080273944801929,-0.609380669182674,-1.0688380177965773,1.200279855795402,-0.0020813214763596324,-0.8297432933565567,-0.6577508990084993,0.1430046794462067,-1.341958896916751,-1.82093461553907,-1.3332567827223119
-0.029099449053866445,0.8385523411322893,0.4064002490654612,-0.2987077097782125,1.0330781477474453,-1.1144367268032296,1.3696623373718366,0.0,-1.737321949505005,0.6771090687267264,-0.4217977735906751,1.203937739304957,0.9161276312580487,0.8475220538225758,1.018118097102153,1.2620952399361232,-1.465545607195243,-1.5386259464987528,0.04774926271712467,-0.34425810198617113,0.1430046794462067,-2.5621165210433308,-1.5359681331845165,-1.2118666593868854
-0.029099449053866445,0.8385523411322893,-0.2670177249392938,-0.2987077097782125,-0.38678982241038173,-0.31705541006768895,-0.19292753629832982,0.0,-0.16738380741894748,-0.6657520460385278,1.1169829930268504,-0.10880187181629318,0.49592815749914615,1.469744206723774,1.018118097102153,-0.6026229124749184,-1.465545607195243,0.612574041829107,1.3639657812649575,-0.6577508990084993,-0.8512966597545222,-1.1386031716574851,-1.6784513743617933,-1.2118666593868854
-0.029099449053866445,0.8385523411322893,-0.2670177249392938,0.24951068491762612,-0.38678982241038173,-0.31705541006768895,-0.19292753629832982,0.0,-0.16738380741894748,0.6771090687267264,-0.4217977735906751,-0.10880187181629318,0.07572868374024348,0.5364169113222037,0.5531171825700949,-0.1364789415910565,0.9579186394763469,1.5344633035460336,0.3402616584501448,1.2231102185551241,-1.3484852595196537,-2.1553973130011377,-1.5359681331845165,-1.2118666593868854
-0.029099449053866445,0.8385523411322893,0.855359836782908,0.24951068491762612,-0.38678982241038173,-0.31705541006768895,0.5883674005367534,0.0,-0.16738380741894748,-0.6657520460385278,1.1169829930268504,0.547517855938155,0.07572868374024348,-0.08580524157899463,-0.14437975465061584,-0.6026229124749184,-0.9808971328166136,-0.3094090031290929,-0.24471850189051658,-0.34425810198617113,-1.3484852595196537,-1.7486781049589442,-1.5359681331845165,-1.0904742206832714
-0.029099449053866445,-1.1925314031676417,0.4064002490654612,0.24951068491762612,-0.38678982241038173,0.48032590666785163,-0.19292753629832982,0.0,-0.16738380741894748,-0.6657520460385278,-0.4217977735906751,-0.10880187181629318,0.2858284206196948,-0.08580524157899463,-0.14437975465061584,1.0289876872752937,-1.223184390876188,-1.8459536281514861,-1.122211057964198,-0.34425810198617113,0.6401932792113381,-1.8503598463504078,-1.5359681331845165,-1.0904742206832714
-0.029099449053866445,0.8385523411322893,-0.2670177249392938,0.24951068491762612,-0.38678982241038173,-0.31705541006768895,-0.19292753629832982,0.0,-0.16738380741894748,-0.6657520460385278,-0.4217977735906751,-0.10880187181629318,0.2858284206196948,-1.019132536980565,-0.609380669182674,-0.36958649425188594,1.4425671138549763,-1.2312982648460196,-0.8297432933565567,-0.34425810198617113,-0.8512966597545222,-1.952037708980041,-1.251001650829963,-0.7262969045724291
-0.029099449053866445,0.8385523411322893,0.6308800429241845,0.24951068491762612,-0.38678982241038173,-0.31705541006768895,1.3696623373718366,0.0,-0.16738380741894748,2.0199701834919805,1.1169829930268504,0.547517855938155,0.2858284206196948,-0.3969103840793668,-0.609380669182674,0.5628437163914318,-0.49617470017850324,-0.3094090031290929,-0.8297432933565567,-0.9711480314604819,1.1373060186469357,-1.7486781049589442,-1.251001650829963,-0.7262969045724291
-0.029099449053866445,0.8385523411322893,-0.4914975187980172,-0.846821542506724,-0.38678982241038173,-0.31705541006768895,0.5883674005367534,0.0,-0.16738380741894748,-2.0085875478583746,1.1169829930268504,-0.10880187181629318,0.7060278943785975,0.8475220538225758,0.5531171825700949,0.7958801346144643,-0.49617470017850324,-0.0020813214763596324,0.48651785631665484,1.5366030155774522,0.6401932792113381,-2.0537194503715046,-1.251001650829963,-0.8476893432760432
-0.029099449053866445,0.8385523411322893,-0.2670177249392938,0.24951068491762612,-0.38678982241038173,-1.1144367268032296,-0.19292753629832982,0.0,-1.737321949505005,-0.6657520460385278,1.1169829930268504,1.203937739304957,0.9161276312580487,0.22529990092137753,0.08812513719278957,0.3297361637306024,-1.223184390876188,0.612574041829107,0.48651785631665484,1.2231102185551241,0.6401932792113381,-1.8503598463504078,-1.251001650829963,-0.8476893432760432
-0.029099449053866445,0.8385523411322893,-0.9404356989440489,0.24951068491762612,-0.38678982241038173,-1.1144367268032296,2.151255364606323,0.0,-0.9522929891607599,-0.6657520460385278,-0.4217977735906751,1.203937739304957,0.7060278943785975,0.8475220538225758,0.5531171825700949,-0.1364789415910565,0.7155574231572918,-1.8459536281514861,0.48651785631665484,-0.34425810198617113,-1.3484852595196537,-0.8335618262449248,-1.3934848920072398,-0.9690817819796572
-0.029099449053866445,0.8385523411322893,-0.7159559050853255,0.24951068491762612,-0.38678982241038173,-0.31705541006768895,-0.19292753629832982,0.0,0.6176451529252976,0.6771090687267264,1.1169829930268504,0.547517855938155,0.7060278943785975,0.8475220538225758,0.7856220744135003,-0.1364789415910565,-0.9808971328166136,0.3052463601763737,0.04774926271712467,0.28272749205848513,0.1430046794462067,-2.3587569170222342,-1.251001650829963,-0.7262969045724291
-0.029099449053866445,-1.1925314031676417,-0.7159559050853255,-0.2987077097782125,-0.38678982241038173,0.48032590666785163,0.5883674005367534,0.0,-0.9522929891607599,-2.0085875478583746,-0.4217977735906751,-0.7652217551830952,0.49592815749914615,0.5364169113222037,0.5531171825700949,0.5628437163914318,-0.2538134838594481,-0.3094090031290929,-1.122211057964198,0.5962202890808133,0.1430046794462067,-3.070513591715157,-1.251001650829963,-0.7262969045724291
-0.029099449053866445,0.8385523411322893,-0.04253793108057046,-0.846821542506724,-0.38678982241038173,-0.31705541006768895,-0.19292753629832982,0.0,-0.9522929891607599,-2.0085875478583746,-0.4217977735906751,0.547517855938155,0.49592815749914615,-0.08580524157899463,0.32062115988144224,1.728310345257782,0.23083499051918135,0.3052463601763737,-0.6834870954900467,-0.030765304963843006,0.1430046794462067,-1.4436445170700454,-1.251001650829963,-0.7262969045724291
-0.029099449053866445,0.8385523411322893,-0.04253793108057046,0.24951068491762612,-0.38678982241038173,-1.1144367268032296,1.3696623373718366,0.0,-0.9522929891607599,0.6771090687267264,-0.4217977735906751,1.203937739304957,0.49592815749914615,0.22529990092137753,0.32062115988144224,1.0289876872752937,-1.223184390876188,-0.0020813214763596324,-0.975954860097688,-0.030765304963843006,-1.3484852595196537,-2.8671539876940604,-1.251001650829963,-0.8476893432760432
-0.029099449053866445,0.8385523411322893,0.6308800429241845,0.24951068491762612,-0.38678982241038173,-1.9118180435387702,-0.19292753629832982,0.0,-1.737321949505005,0.6771090687267264,-0.4217977735906751,1.8602574670594052,1.1262433977199278,0.5364169113222037,0.5531171825700949,-1.0688380177965773,-0.2538134838594481,-0.0020813214763596324,-0.6834870954900467,-0.34425810198617113,0.6401932792113381,-1.7486781049589442,-1.251001650829963,-0.7262969045724291
-0.029099449053866445,0.8385523411322893,-0.2670177249392938,0.24951068491762612,-0.38678982241038173,-1.1144367268032296,0.5883674005367534,0.0,-1.737321949505005,0.6771090687267264,2.655763759644376,0.547517855938155,1.1262433977199278,1.469744206723774,0.5531171825700949,0.09662861106977294,-1.7079068235142982,-0.0020813214763596324,-0.39097469975702664,-0.9711480314604819,1.1373060186469357,-1.7486781049589442,-1.108521127294472,-0.7262969045724291
-0.029099449053866445,0.8385523411322893,0.4064002490654612,-0.2987077097782125,-0.38678982241038173,-1.9118180435387702,0.5883674005367534,0.0,-2.5222910205480336,-2.0085875478583746,-0.4217977735906751,1.203937739304957,1.5464428714788303,1.469744206723774,1.483119011634211,-0.1364789415910565,0.23083499051918135,-0.3094090031290929,-0.39097469975702664,0.5962202890808133,-0.8512966597545222,-2.7654722463025965,-1.108521127294472,-0.7262969045724291
-0.029099449053866445,0.8385523411322893,-0.9404356989440489,0.24951068491762612,1.0330781477474453,-1.9118180435387702,1.3696623373718366,0.0,-1.737321949505005,-0.6657520460385278,1.1169829930268504,1.8602574670594052,1.1262433977199278,2.0919663596249722,1.7156150343228638,0.7958801346144643,-0.011452267540392873,0.919807940240567,0.19400546058363471,-0.030765304963843006,-2.3427865987203824,-1.6470002423293113,-1.108521127294472,-0.7262969045724291
-0.029099449053866445,0.8385523411322893,-0.7159559050853255,0.24951068491762612,-0.38678982241038173,-1.1144367268032296,-0.19292753629832982,0.0,-0.9522929891607599,2.0199701834919805,1.1169829930268504,-0.10880187181629318,0.7060278943785975,1.7808493492241462,1.483119011634211,0.3297361637306024,0.7155574231572918,2.1491186668515003,-0.39097469975702664,0.5962202890808133,0.6401932792113381,-0.9352474463982191,-0.9660378861171952,-0.7262969045724291
-0.029099449053866445,0.8385523411322893,-0.7159559050853255,0.24951068491762612,1.0330781477474453,-1.9118180435387702,-0.19292753629832982,0.0,-1.737321949505005,0.6771090687267264,-0.4217977735906751,1.8602574670594052,0.9161276312580487,2.0919663596249722,2.1806159488549217,-0.1364789415910565,-0.9808971328166136,-0.0020813214763596324,0.04774926271712467,-0.6577508990084993,-0.8512966597545222,-1.952037708980041,-1.108521127294472,-0.8476893432760432
-0.029099449053866445,0.8385523411322893,0.6308800429241845,-0.2987077097782125,-0.38678982241038173,-1.1144367268032296,0.5883674005367534,0.0,-0.9522929891607599,-0.6657520460385278,-0.4217977735906751,1.203937739304957,0.7060278943785975,0.8475220538225758,0.7856220744135003,0.5628437163914318,1.200279855795402,-0.0020813214763596324,-0.975954860097688,-0.030765304963843006,0.1430046794462067,-1.4436445170700454,-0.8235546449399185,-0.6049067812370027
-0.029099449053866445,0.8385523411322893,1.0798396306416314,-0.846821542506724,-0.38678982241038173,-1.1144367268032296,-0.19292753629832982,0.0,-0.9522929891607599,-0.6657520460385278,-0.4217977735906751,1.203937739304957,0.7060278943785975,0.8475220538225758,0.7856220744135003,-1.3019455704574068,-0.7385359164975585,-1.2312982648460196,-0.8297432933565567,-1.5981336255051382,0.1430046794462067,-1.240281034287118,-0.8235546449399185,-0.6049067812370027
-0.029099449053866445,0.8385523411322893,0.6308800429241845,-0.2987077097782125,-0.38678982241038173,-1.1144367268032296,-0.19292753629832982,0.0,-0.9522929891607599,0.6771090687267264,1.1169829930268504,0.547517855938155,0.9161276312580487,1.158639064223402,0.5531171825700949,-1.3019455704574068,0.23083499051918135,-0.0020813214763596324,-1.122211057964198,1.8500958125997804,-1.8455979989552511,-1.8503598463504078,-1.108521127294472,-0.6049067812370027
-0.029099449053866445,0.8385523411322893,-0.2670177249392938,-0.846821542506724,-0.38678982241038173,-1.9118180435387702,-0.19292753629832982,0.0,-1.737321949505005,-0.6657520460385278,1.1169829930268504,1.203937739304957,1.1262433977199278,1.469744206723774,1.2506229889455585,-0.36958649425188594,0.7155574231572918,1.8417909851987668,0.19400546058363471,-1.2846408284828101,-0.8512966597545222,-1.8503598463504078,-0.8235546449399185,-0.6049067812370027
-0.029099449053866445,0.8385523411322893,0.1819418627781529,0.24951068491762612,-0.38678982241038173,-1.9118180435387702,0.5883674005367534,0.0,-1.737321949505005,0.6771090687267264,-0.4217977735906751,1.8602574670594052,1.1262433977199278,1.469744206723774,1.483119011634211,0.09662861106977294,-0.9808971328166136,1.8417909851987668,0.9252418187908061,-0.030765304963843006,0.1430046794462067,-1.952037708980041,-0.8235546449399185,-0.6049067812370027
-0.029099449053866445,0.8385523411322893,-0.7159559050853255,0.24951068491762612,-0.38678982241038173,-1.1144367268032296,-0.19292753629832982,0.0,-0.9522929891607599,0.6771090687267264,-0.4217977735906751,0.547517855938155,0.7060278943785975,1.469744206723774,1.2506229889455585,-1.0688380177965773,-1.7079068235142982,-0.0020813214763596324,0.3402616584501448,-0.34425810198617113,1.1373060186469357,-2.3587569170222342,-0.8235546449399185,-0.6049067812370027
-0.029099449053866445,0.8385523411322893,-0.7159559050853255,0.24951068491762612,-0.38678982241038173,-1.1144367268032296,0.5883674005367534,0.0,-0.9522929891607599,-0.6657520460385278,1.1169829930268504,0.547517855938155,0.7060278943785975,1.158639064223402,0.7856220744135003,0.7958801346144643,0.7155574231572918,-0.0020813214763596324,-0.09850693514938538,0.28272749205848513,1.1373060186469357,-2.663794383672964,-0.8235546449399185,-0.4835143425333886
-0.029099449053866445,0.8385523411322893,-0.4914975187980172,-1.3950399372025626,-0.38678982241038173,-1.1144367268032296,0.5883674005367534,0.0,-0.9522929891607599,-0.6657520460385278,-0.4217977735906751,1.203937739304957,0.49592815749914615,0.8475220538225758,1.018118097102153,-1.0688380177965773,-0.2538134838594481,-0.0020813214763596324,-0.6834870954900467,-0.34425810198617113,-0.3541839203189247,-2.7654722463025965,-0.8235546449399185,-0.6049067812370027
-0.029099449053866445,0.8385523411322893,-0.7159559050853255,-0.846821542506724,-0.38678982241038173,-1.1144367268032296,-0.19292753629832982,0.0,-0.9522929891607599,0.6771090687267264,1.1169829930268504,1.203937739304957,0.7060278943785975,1.158639064223402,0.5531171825700949,1.0289876872752937,-0.49617470017850324,-0.3094090031290929,-0.975954860097688,-0.030765304963843006,1.634494618412067,-1.952037708980041,-0.8235546449399185,-0.4835143425333886
-0.029099449053866445,0.8385523411322893,0.855359836782908,-0.2987077097782125,-0.38678982241038173,-1.1144367268032296,1.3696623373718366,0.0,-0.9522929891607599,0.6771090687267264,-1.9605785402082005,1.203937739304957,0.7060278943785975,0.8475220538225758,1.2506229889455585,1.0289876872752937,-0.011452267540392873,-1.2312982648460196,-1.268467255830708,-0.34425810198617113,-0.3541839203189247,-0.9352474463982191,-0.8235546449399185,-0.6049067812370027
-0.029099449053866445,0.8385523411322893,0.1819418627781529,0.24951068491762612,-0.38678982241038173,-1.1144367268032296,0.5883674005367534,0.0,-1.737321949505005,0.6771090687267264,1.1169829930268504,1.8602574670594052,0.9161276312580487,1.7808493492241462,1.483119011634211,-0.6026229124749184,0.9579186394763469,-0.0020813214763596324,0.48651785631665484,2.1635886096221086,-0.8512966597545222,-1.5453223796996782,-0.8235546449399185,-0.4835143425333886
-0.029099449053866445,0.8385523411322893,-0.04253793108057046,-0.2987077097782125,-0.38678982241038173,-1.1144367268032296,-0.19292753629832982,0.0,-0.9522929891607599,0.6771090687267264,-0.4217977735906751,1.203937739304957,0.7060278943785975,1.7808493492241462,1.483119011634211,-1.3019455704574068,-0.7385359164975585,-0.3094090031290929,0.9252418187908061,-0.6577508990084993,0.1430046794462067,-0.8335618262449248,-0.8235546449399185,-0.6049067812370027
-0.029099449053866445,0.8385523411322893,-0.7159559050853255,-0.846821542506724,-0.38678982241038173,-0.31705541006768895,-0.19292753629832982,0.0,-0.9522929891607599,0.6771090687267264,-0.4217977735906751,-0.10880187181629318,0.7060278943785975,1.158639064223402,1.018118097102153,1.9613467634808144,-1.7079068235142982,1.2271356218933003,0.48651785631665484,-0.030765304963843006,0.6401932792113381,-1.341958896916751,-0.8235546449399185,-0.6049067812370027
-0.029099449053866445,0.8385523411322893,-0.4914975187980172,0.24951068491762612,-0.38678982241038173,-0.31705541006768895,0.5883674005367534,0.0,-0.9522929891607599,-0.6657520460385278,-0.4217977735906751,0.547517855938155,0.2858284206196948,0.8475220538225758,1.018118097102153,-2.001197094002098,-0.011452267540392873,-0.0020813214763596324,-0.24471850189051658,-0.9711480314604819,-2.3427865987203824,-1.1386031716574851,-0.6810714037626417,-0.4835143425333886
-0.029099449053866445,0.8385523411322893,0.6308800429241845,0.24951068491762612,-0.38678982241038173,-0.31705541006768895,1.3696623373718366,0.0,-0.9522929891607599,-0.6657520460385278,1.1169829930268504,0.547517855938155,0.2858284206196948,0.22529990092137753,0.08812513719278957,0.5628437163914318,-0.49617470017850324,1.8417909851987668,-0.8297432933565567,-0.030765304963843006,0.1430046794462067,-0.8335618262449248,-0.8235546449399185,-0.4835143425333886
-0.029099449053866445,0.8385523411322893,-0.04253793108057046,0.24951068491762612,-0.38678982241038173,-0.31705541006768895,-0.19292753629832982,0.0,-0.16738380741894748,-0.6657520460385278,1.1169829930268504,-0.10880187181629318,0.49592815749914615,0.5364169113222037,0.32062115988144224,0.7958801346144643,1.4425671138549763,-1.8459536281514861,-1.122211057964198,-0.6577508990084993,1.1373060186469357,-1.6470002423293113,-0.8235546449399185,-0.4835143425333886
-0.029099449053866445,0.8385523411322893,-0.7159559050853255,-0.2987077097782125,-0.38678982241038173,-1.1144367268032296,0.5883674005367534,0.0,-0.9522929891607599,-0.6657520460385278,2.655763759644376,1.203937739304957,0.7060278943785975,0.5364169113222037,0.08812513719278957,0.7958801346144643,-0.49617470017850324,1.2271356218933003,-0.8297432933565567,-0.030765304963843006,0.6401932792113381,-1.6470002423293113,-0.8235546449399185,-0.6049067812370027
-0.029099449053866445,0.8385523411322893,-0.04253793108057046,-0.846821542506724,-0.38678982241038173,-1.1144367268032296,1.3696623373718366,0.0,-1.737321949505005,-0.6657520460385278,-1.9605785402082005,1.8602574670594052,0.9161276312580487,1.158639064223402,1.483119011634211,-0.8357304651357478,0.47319620683823654,-0.0020813214763596324,0.19400546058363471,0.5962202890808133,-0.8512966597545222,-1.036925309027852,-0.6810714037626417,-0.36212190382977455
-0.029099449053866445,0.8385523411322893,-0.9404356989440489,0.24951068491762612,-0.38678982241038173,0.48032590666785163,0.5883674005367534,0.0,-0.16738380741894748,0.6771090687267264,-0.4217977735906751,0.547517855938155,0.2858284206196948,1.158639064223402,1.2506229889455585,0.3297361637306024,0.7155574231572918,0.3052463601763737,0.9252418187908061,-0.030765304963843006,0.6401932792113381,-1.240281034287118,-0.6810714037626417,-0.4835143425333886
-0.029099449053866445,-1.1925314031676417,-0.4914975187980172,0.24951068491762612,-0.38678982241038173,0.48032590666785163,-0.19292753629832982,0.0,-0.16738380741894748,-2.0085875478583746,1.1169829930268504,-0.10880187181629318,-0.3444868196010868,-0.08580524157899463,0.08812513719278957,-0.6026229124749184,-0.011452267540392873,-0.0020813214763596324,-0.39097469975702664,-0.34425810198617113,0.1430046794462067,-1.6470002423293113,-0.6810714037626417,-0.4835143425333886
-0.029099449053866445,-1.1925314031676417,-0.4914975187980172,0.24951068491762612,-0.38678982241038173,0.48032590666785163,-0.19292753629832982,0.0,-0.16738380741894748,-0.6657520460385278,-1.9605785402082005,-0.7652217551830952,-0.1343870827216355,-0.7080273944801929,-0.14437975465061584,-0.8357304651357478,-1.465545607195243,-0.3094090031290929,-0.8297432933565567,-0.9711480314604819,0.1430046794462067,-1.5453223796996782,-0.6810714037626417,-0.36212190382977455
-0.029099449053866445,0.8385523411322893,0.1819418627781529,0.24951068491762612,-0.38678982241038173,-1.1144367268032296,1.3696623373718366,0.0,-1.737321949505005,0.6771090687267264,-0.4217977735906751,1.203937739304957,0.9161276312580487,-0.08580524157899463,0.08812513719278957,1.4952027925969524,-0.49617470017850324,-0.0020813214763596324,-0.8297432933565567,-0.34425810198617113,1.634494618412067,-1.6470002423293113,-0.6810714037626417,-0.2407294651261605
-0.029099449053866445,0.8385523411322893,-0.2670177249392938,0.24951068491762612,-0.38678982241038173,-1.9118180435387702,-0.19292753629832982,0.0,-1.737321949505005,0.6771090687267264,1.1169829930268504,1.8602574670594052,0.9161276312580487,1.158639064223402,0.7856220744135003,1.4952027925969524,-0.2538134838594481,-0.6167366847818262,-0.09850693514938538,-0.9711480314604819,1.1373060186469357,-1.036925309027852,-0.538588162585365,-0.36212190382977455
-0.029099449053866445,0.8385523411322893,-0.04253793108057046,-0.846821542506724,-1.8067254988278127,-1.1144367268032296,-0.19292753629832982,0.0,-0.9522929891607599,-0.6657520460385278,-0.4217977735906751,0.547517855938155,0.9161276312580487,1.7808493492241462,1.9481199261662692,0.5628437163914318,-0.7385359164975585,1.5344633035460336,1.3639657812649575,1.2231102185551241,0.6401932792113381,-0.020131167684199668,0.7437555727265542,0.8517978524699908
-0.029099449053866445,0.8385523411322893,-0.9404356989440489,-0.2987077097782125,-0.38678982241038173,-0.31705541006768895,0.5883674005367534,0.0,-0.9522929891607599,-0.6657520460385278,-0.4217977735906751,0.547517855938155,0.7060278943785975,1.158639064223402,1.018118097102153,1.9613467634808144,1.200279855795402,0.3052463601763737,1.6564781769979775,0.28272749205848513,1.634494618412067,-0.9352474463982191,0.7437555727265542,0.9731902911736049
-0.029099449053866445,0.8385523411322893,-0.7159559050853255,0.24951068491762612,-0.38678982241038173,-0.31705541006768895,0.5883674005367534,0.0,-0.9522929891607599,0.6771090687267264,-0.4217977735906751,0.547517855938155,0.07572868374024348,0.8475220538225758,0.7856220744135003,-0.36958649425188594,-1.223184390876188,1.5344633035460336,0.9252418187908061,0.9096174215327959,-0.8512966597545222,-0.12180903031383264,0.7437555727265542,0.9731902911736049
-0.029099449053866445,-1.1925314031676417,-0.9404356989440489,-0.846821542506724,-0.38678982241038173,0.48032590666785163,-0.19292753629832982,0.0,-0.16738380741894748,0.6771090687267264,-0.4217977735906751,-0.10880187181629318,-0.5545865564805381,-0.08580524157899463,0.08812513719278957,-0.6026229124749184,0.47319620683823654,-1.8459536281514861,0.3402616584501448,-0.030765304963843006,0.1430046794462067,-0.020131167684199668,1.028719337439322,0.9731902911736049
-0.029099449053866445,-1.1925314031676417,-0.9404356989440489,0.24951068491762612,-0.38678982241038173,0.48032590666785163,-0.19292753629832982,0.0,0.6176451529252976,-0.6657520460385278,-0.4217977735906751,-1.4216416385498971,-0.5545865564805381,-0.7080273944801929,-0.3768757773392685,0.5628437163914318,-1.223184390876188,0.3052463601763737,-0.5372308976235367,0.28272749205848513,2.1316073578476646,-0.3251647555730986,1.028719337439322,0.9731902911736049
-0.029099449053866445,0.8385523411322893,-0.7159559050853255,-0.2987077097782125,-0.38678982241038173,-0.31705541006768895,1.3696623373718366,0.0,-0.16738380741894748,0.6771090687267264,-0.4217977735906751,0.547517855938155,0.49592815749914615,-1.019132536980565,-0.3768757773392685,0.09662861106977294,0.47319620683823654,0.612574041829107,-1.122211057964198,0.5962202890808133,0.6401932792113381,-1.036925309027852,0.886238813903831,0.9731902911736049
-0.029099449053866445,0.8385523411322893,-0.4914975187980172,-0.846821542506724,-1.8067254988278127,-1.1144367268032296,-0.19292753629832982,0.0,-0.9522929891607599,0.6771090687267264,-0.4217977735906751,1.203937739304957,0.7060278943785975,0.22529990092137753,0.08812513719278957,-2.001197094002098,-0.2538134838594481,-0.6167366847818262,-1.268467255830708,1.8500958125997804,1.1373060186469357,-0.8335618262449248,0.886238813903831,0.9731902911736049
-0.029099449053866445,0.8385523411322893,-0.9404356989440489,0.24951068491762612,-1.8067254988278127,-1.1144367268032296,0.5883674005367534,0.0,-0.9522929891607599,0.6771090687267264,-0.4217977735906751,0.547517855938155,1.1262433977199278,0.8475220538225758,1.018118097102153,0.7958801346144643,1.6849283301740314,0.919807940240567,0.632729423057786,-0.9711480314604819,-0.8512966597545222,-0.9352474463982191,0.7437555727265542,0.9731902911736049
-0.029099449053866445,0.8385523411322893,-0.04253793108057046,-0.2987077097782125,-0.38678982241038173,-1.1144367268032296,2.151255364606323,0.0,-0.9522929891607599,-2.0085875478583746,1.1169829930268504,1.203937739304957,0.9161276312580487,1.469744206723774,1.483119011634211,-0.6026229124749184,1.200279855795402,0.3052463601763737,1.9489905727309975,0.28272749205848513,-0.8512966597545222,-0.8335618262449248,0.7437555727265542,0.9731902911736049
-0.029099449053866445,0.8385523411322893,-0.4914975187980172,0.24951068491762612,-1.8067254988278127,-0.31705541006768895,0.5883674005367534,0.0,0.6176451529252976,-0.6657520460385278,-0.4217977735906751,1.203937739304957,0.49592815749914615,1.469744206723774,1.2506229889455585,-0.8357304651357478,-0.7385359164975585,0.612574041829107,1.6564781769979775,-0.030765304963843006,1.1373060186469357,-1.6470002423293113,0.886238813903831,0.9731902911736049
-0.029099449053866445,-1.1925314031676417,-0.9404356989440489,0.24951068491762612,-1.8067254988278127,0.48032590666785163,0.5883674005367534,0.0,0.6176451529252976,-0.6657520460385278,-0.4217977735906751,-1.4216416385498971,-0.3444868196010868,0.5364169113222037,0.7856220744135003,0.7958801346144643,0.47319620683823654,2.1491186668515003,0.9252418187908061,0.28272749205848513,1.1373060186469357,-0.9352474463982191,0.886238813903831,0.9731902911736049
-0.029099449053866445,-1.1925314031676417,-0.9404356989440489,0.24951068491762612,-0.38678982241038173,0.48032590666785163,0.5883674005367534,0.0,-0.16738380741894748,0.6771090687267264,-1.9605785402082005,-0.10880187181629318,-0.5545865564805381,-0.7080273944801929,-0.14437975465061584,0.3297361637306024,-1.465545607195243,1.2271356218933003,0.04774926271712467,-0.030765304963843006,-0.3541839203189247,-0.9352474463982191,0.7437555727265542,0.9731902911736049
-0.029099449053866445,0.8385523411322893,-0.7159559050853255,0.24951068491762612,-0.38678982241038173,-0.31705541006768895,-0.19292753629832982,0.0,-0.16738380741894748,0.6771090687267264,-0.4217977735906751,-0.10880187181629318,-0.1343870827216355,-0.3969103840793668,-0.14437975465061584,-0.36958649425188594,-0.7385359164975585,-0.9239705831932862,-0.975954860097688,-0.030765304963843006,0.6401932792113381,-1.6470002423293113,0.886238813903831,0.9731902911736049
-0.029099449053866445,0.8385523411322893,-0.7159559050853255,-0.2987077097782125,-0.38678982241038173,-0.31705541006768895,0.5883674005367534,0.0,-0.16738380741894748,-0.6657520460385278,-0.4217977735906751,-0.10880187181629318,0.49592815749914615,-0.3969103840793668,0.08812513719278957,0.3297361637306024,-0.2538134838594481,1.8417909851987668,-0.975954860097688,-1.9116264225274664,-0.8512966597545222,-1.341958896916751,1.028719337439322,0.9731902911736049
-0.029099449053866445,0.8385523411322893,-0.4914975187980172,0.24951068491762612,-0.38678982241038173,-1.1144367268032296,0.5883674005367534,0.0,-0.9522929891607599,-0.6657520460385278,-0.4217977735906751,1.203937739304957,0.9161276312580487,0.22529990092137753,0.08812513719278957,1.4952027925969524,-0.9808971328166136,-0.6167366847818262,-1.5609796515637282,-0.6577508990084993,-0.3541839203189247,-1.5453223796996782,0.886238813903831,1.0945827298772188
-0.029099449053866445,0.8385523411322893,-0.4914975187980172,0.24951068491762612,-1.8067254988278127,-1.1144367268032296,-0.19292753629832982,0.0,-0.16738380741894748,0.6771090687267264,1.1169829930268504,1.8602574670594052,1.1262433977199278,1.7808493492241462,1.483119011634211,1.728310345257782,-0.9808971328166136,0.3052463601763737,1.0714980166573163,-0.030765304963843006,0.6401932792113381,-1.7486781049589442,1.028719337439322,1.0945827298772188
-0.029099449053866445,0.8385523411322893,-2.511751440812282,-0.2987077097782125,-0.38678982241038173,-1.1144367268032296,0.5883674005367534,0.0,-0.9522929891607599,-0.6657520460385278,-0.4217977735906751,1.203937739304957,0.7060278943785975,1.469744206723774,1.7156150343228638,-0.36958649425188594,-0.49617470017850324,1.2271356218933003,1.2177542145238263,0.5962202890808133,-0.3541839203189247,-0.9352474463982191,0.886238813903831,1.2159728532126455
-0.029099449053866445,0.8385523411322893,-1.3893952866614956,0.24951068491762612,-1.8067254988278127,-1.1144367268032296,0.5883674005367534,0.0,-0.9522929891607599,0.6771090687267264,1.1169829930268504,0.547517855938155,0.9161276312580487,1.7808493492241462,1.2506229889455585,-2.001197094002098,0.9579186394763469,-0.0020813214763596324,1.3639657812649575,-0.6577508990084993,-1.3484852595196537,-1.7486781049589442,0.7437555727265542,1.0945827298772188
-0.029099449053866445,0.8385523411322893,-0.9404356989440489,0.24951068491762612,-0.38678982241038173,-1.1144367268032296,2.151255364606323,0.0,-0.16738380741894748,-0.6657520460385278,-0.4217977735906751,0.547517855938155,0.2858284206196948,0.8475220538225758,1.483119011634211,-0.6026229124749184,0.23083499051918135,1.5344633035460336,0.9252418187908061,-0.030765304963843006,0.1430046794462067,-0.8335618262449248,1.028719337439322,1.0945827298772188
-0.029099449053866445,-1.1925314031676417,-1.3893952866614956,0.24951068491762612,-1.8067254988278127,-0.31705541006768895,1.3696623373718366,0.0,-0.16738380741894748,0.6771090687267264,-0.4217977735906751,-0.7652217551830952,0.07572868374024348,-0.08580524157899463,0.32062115988144224,-0.8357304651357478,0.47319620683823654,-1.5386259464987528,-0.6834870954900467,-1.2846408284828101,0.6401932792113381,0.0815466949454333,1.028719337439322,1.0945827298772188
-0.029099449053866445,0.8385523411322893,-1.1649154928027723,0.24951068491762612,-1.8067254988278127,-1.1144367268032296,0.5883674005367534,0.0,-0.9522929891607599,-0.6657520460385278,-1.9605785402082005,0.547517855938155,0.2858284206196948,-0.3969103840793668,0.08812513719278957,1.728310345257782,-1.7079068235142982,-0.6167366847818262,-1.268467255830708,-2.538516352001777,-0.8512966597545222,-0.9352474463982191,1.1712025786165987,1.0945827298772188
-0.029099449053866445,0.8385523411322893,0.855359836782908,0.24951068491762612,-1.8067254988278127,-1.1144367268032296,1.3696623373718366,0.0,-0.9522929891607599,2.0199701834919805,-0.4217977735906751,1.203937739304957,0.49592815749914615,0.22529990092137753,0.32062115988144224,0.7958801346144643,-0.7385359164975585,-0.6167366847818262,-1.8534474161713694,1.5366030155774522,0.6401932792113381,-0.5285282383560259,1.028719337439322,1.0945827298772188
-0.029099449053866445,0.8385523411322893,-0.2670177249392938,-0.2987077097782125,-1.8067254988278127,-1.1144367268032296,0.5883674005367534,0.0,-1.737321949505005,0.6771090687267264,-0.4217977735906751,1.203937739304957,0.9161276312580487,1.158639064223402,1.018118097102153,-1.0688380177965773,0.23083499051918135,-1.8459536281514861,-0.39097469975702664,-0.9711480314604819,0.1430046794462067,-0.7318839636152918,1.028719337439322,1.0945827298772188
-0.029099449053866445,0.8385523411322893,-1.6138536729488038,-1.3950399372025626,-1.8067254988278127,-1.1144367268032296,0.5883674005367534,0.0,-1.737321949505005,-0.6657520460385278,-0.4217977735906751,0.547517855938155,1.1262433977199278,1.158639064223402,1.2506229889455585,-1.0688380177965773,-1.223184390876188,-0.9239705831932862,0.3402616584501448,-0.9711480314604819,-0.3541839203189247,-1.7486781049589442,0.886238813903831,1.0945827298772188
-0.029099449053866445,0.8385523411322893,-0.9404356989440489,-0.846821542506724,-1.8067254988278127,-1.9118180435387702,0.5883674005367534,0.0,-1.737321949505005,-0.6657520460385278,-1.9605785402082005,1.8602574670594052,0.9161276312580487,1.469744206723774,1.9481199261662692,-2.2343046466629275,0.23083499051918135,-0.0020813214763596324,0.9252418187908061,-1.2846408284828101,-1.8455979989552511,-0.3251647555730986,1.1712025786165987,1.2159728532126455
-0.029099449053866445,0.8385523411322893,-1.8383334668075273,0.24951068491762612,-1.8067254988278127,-1.1144367268032296,1.3696623373718366,0.0,-0.9522929891607599,0.6771090687267264,-1.9605785402082005,1.203937739304957,0.7060278943785975,1.7808493492241462,1.9481199261662692,-0.36958649425188594,-1.465545607195243,-0.6167366847818262,1.2177542145238263,-0.030765304963843006,0.6401932792113381,-0.7318839636152918,1.028719337439322,1.2159728532126455
-0.029099449053866445,0.8385523411322893,-0.9404356989440489,0.24951068491762612,-0.38678982241038173,-0.31705541006768895,-0.19292753629832982,0.0,-0.9522929891607599,0.6771090687267264,-1.9605785402082005,-0.10880187181629318,0.2858284206196948,1.158639064223402,1.483119011634211,1.2620952399361232,0.23083499051918135,0.612574041829107,0.778985620924296,-0.030765304963843006,1.1373060186469357,-0.2234868929434656,1.028719337439322,1.2159728532126455
-0.029099449053866445,0.8385523411322893,1.0798396306416314,-0.2987077097782125,-1.8067254988278127,-0.31705541006768895,1.3696623373718366,0.0,-0.16738380741894748,-2.0085875478583746,-0.4217977735906751,0.547517855938155,-0.1343870827216355,0.22529990092137753,0.32062115988144224,1.0289876872752937,0.47319620683823654,-1.5386259464987528,-1.122211057964198,0.28272749205848513,1.634494618412067,-1.6470002423293113,1.028719337439322,1.2159728532126455
-0.029099449053866445,0.8385523411322893,0.1819418627781529,-0.846821542506724,-1.8067254988278127,-0.31705541006768895,-0.19292753629832982,0.0,-0.9522929891607599,-0.6657520460385278,1.1169829930268504,0.547517855938155,0.49592815749914615,0.22529990092137753,-0.14437975465061584,0.7958801346144643,-1.7079068235142982,-0.6167366847818262,-1.9997036140378794,0.28272749205848513,0.6401932792113381,0.3865880403579936,1.028719337439322,1.0945827298772188
-0.029099449053866445,0.8385523411322893,-0.7159559050853255,0.24951068491762612,-0.38678982241038173,-1.9118180435387702,0.5883674005367534,0.0,-1.737321949505005,0.6771090687267264,-0.4217977735906751,1.203937739304957,0.9161276312580487,1.158639064223402,1.018118097102153,-1.535053123118236,3.1390216698288818,-1.2312982648460196,0.48651785631665484,-0.34425810198617113,-0.8512966597545222,-1.036925309027852,0.886238813903831,1.0945827298772188
-0.029099449053866445,0.8385523411322893,0.1819418627781529,0.24951068491762612,-1.8067254988278127,-1.1144367268032296,0.5883674005367534,0.0,-0.9522929891607599,2.0199701834919805,-0.4217977735906751,0.547517855938155,0.7060278943785975,0.5364169113222037,0.5531171825700949,-1.0688380177965773,1.200279855795402,-1.5386259464987528,-0.6834870954900467,-1.5981336255051382,1.1373060186469357,-0.6302061009856589,1.028719337439322,1.2159728532126455
-0.029099449053866445,0.8385523411322893,-0.4914975187980172,-0.2987077097782125,-0.38678982241038173,-1.9118180435387702,1.3696623373718366,0.0,-1.737321949505005,-0.6657520460385278,1.1169829930268504,1.8602574670594052,0.9161276312580487,1.7808493492241462,1.483119011634211,0.09662861106977294,0.7155574231572918,0.3052463601763737,0.9252418187908061,0.28272749205848513,-1.3484852595196537,-0.6302061009856589,0.886238813903831,1.0945827298772188
-0.029099449053866445,0.8385523411322893,-0.9404356989440489,0.24951068491762612,-0.38678982241038173,-1.1144367268032296,0.5883674005367534,0.0,-0.9522929891607599,0.6771090687267264,-0.4217977735906751,1.203937739304957,0.7060278943785975,1.7808493492241462,1.7156150343228638,0.09662861106977294,0.23083499051918135,0.3052463601763737,0.9252418187908061,0.5962202890808133,0.1430046794462067,-0.6302061009856589,0.886238813903831,1.0945827298772188
-0.029099449053866445,0.8385523411322893,-1.1649154928027723,0.24951068491762612,-0.38678982241038173,-0.31705541006768895,0.5883674005367534,0.0,-0.16738380741894748,-0.6657520460385278,1.1169829930268504,-0.10880187181629318,0.7060278943785975,1.158639064223402,1.018118097102153,0.3297361637306024,1.200279855795402,1.8417909851987668,0.632729423057786,-0.030765304963843006,0.6401932792113381,-0.6302061009856589,0.886238813903831,1.0945827298772188
-0.029099449053866445,0.8385523411322893,-0.9404356989440489,0.24951068491762612,-0.38678982241038173,-0.31705541006768895,-0.19292753629832982,0.0,-0.16738380741894748,0.6771090687267264,1.1169829930268504,-0.10880187181629318,0.2858284206196948,0.22529990092137753,-0.14437975465061584,-0.8357304651357478,-1.223184390876188,-2.4605152082156794,-1.268467255830708,1.5366030155774522,2.628795957612796,-0.7318839636152918,0.886238813903831,1.0945827298772188
-0.029099449053866445,0.8385523411322893,-0.9404356989440489,0.24951068491762612,-0.38678982241038173,-0.31705541006768895,0.5883674005367534,0.0,-0.16738380741894748,-2.0085875478583746,-0.4217977735906751,-0.10880187181629318,0.7060278943785975,0.22529990092137753,0.32062115988144224,-0.36958649425188594,0.9579186394763469,-0.0020813214763596324,-1.8534474161713694,1.5366030155774522,-0.8512966597545222,-0.6302061009856589,0.886238813903831,1.0945827298772188
-0.029099449053866445,0.8385523411322893,-0.4914975187980172,0.24951068491762612,-0.38678982241038173,-1.1144367268032296,0.5883674005367534,0.0,-0.9522929891607599,0.6771090687267264,-0.4217977735906751,1.8602574670594052,0.9161276312580487,1.469744206723774,1.483119011634211,1.2620952399361232,0.9579186394763469,0.919807940240567,0.48651785631665484,-0.030765304963843006,0.6401932792113381,-0.7318839636152918,1.028719337439322,1.0945827298772188
-0.029099449053866445,0.8385523411322893,0.1819418627781529,0.24951068491762612,-0.38678982241038173,-1.1144367268032296,0.5883674005367534,0.0,-1.737321949505005,-0.6657520460385278,-0.4217977735906751,1.8602574670594052,1.336343134599379,0.5364169113222037,0.7856220744135003,2.194454316141644,-1.465545607195243,1.2271356218933003,-1.268467255830708,3.1039713361187475,-1.3484852595196537,-0.7318839636152918,0.886238813903831,1.0945827298772188
-0.029099449053866445,0.8385523411322893,-0.7159559050853255,-0.2987077097782125,-0.38678982241038173,-1.1144367268032296,0.5883674005367534,0.0,-0.9522929891607599,0.6771090687267264,-1.9605785402082005,0.547517855938155,1.1262433977199278,1.7808493492241462,1.7156150343228638,-0.6026229124749184,-0.49617470017850324,-0.0020813214763596324,1.0714980166573163,-0.6577508990084993,-0.8512966597545222,-1.1386031716574851,1.028719337439322,1.0945827298772188
-0.029099449053866445,0.8385523411322893,-0.7159559050853255,0.24951068491762612,-0.38678982241038173,-1.1144367268032296,1.3696623373718366,0.0,-0.9522929891607599,-0.6657520460385278,-0.4217977735906751,0.547517855938155,0.49592815749914615,0.8475220538225758,1.018118097102153,-2.467412199323757,-0.9808971328166136,-1.8459536281514861,0.9252418187908061,-0.6577508990084993,-1.3484852595196537,0.3865880403579936,1.028719337439322,1.0945827298772188
-0.029099449053866445,0.8385523411322893,0.6308800429241845,0.24951068491762612,-0.38678982241038173,-0.31705541006768895,0.5883674005367534,0.0,-0.16738380741894748,-0.6657520460385278,-0.4217977735906751,0.547517855938155,0.2858284206196948,0.5364169113222037,0.5531171825700949,-0.36958649425188594,-0.49617470017850324,0.3052463601763737,0.3402616584501448,-0.030765304963843006,0.1430046794462067,-1.240281034287118,1.028719337439322,1.2159728532126455
-0.029099449053866445,-1.1925314031676417,-0.4914975187980172,0.24951068491762612,-0.38678982241038173,0.48032590666785163,-0.19292753629832982,0.0,-0.16738380741894748,-0.6657520460385278,-0.4217977735906751,-0.7652217551830952,0.2858284206196948,0.22529990092137753,0.08812513719278957,1.2620952399361232,-0.7385359164975585,2.1491186668515003,-0.24471850189051658,-1.2846408284828101,1.1373060186469357,-0.7318839636152918,1.028719337439322,1.2159728532126455
-0.029099449053866445,0.8385523411322893,-0.4914975187980172,-0.2987077097782125,-0.38678982241038173,-1.1144367268032296,1.3696623373718366,0.0,-0.9522929891607599,0.6771090687267264,-0.4217977735906751,1.203937739304957,0.9161276312580487,-0.3969103840793668,-0.14437975465061584,0.3297361637306024,1.4425671138549763,0.612574041829107,-1.268467255830708,-0.34425810198617113,0.1430046794462067,-1.341958896916751,1.028719337439322,1.2159728532126455
-0.029099449053866445,0.8385523411322893,-1.1649154928027723,0.24951068491762612,-0.38678982241038173,-1.1144367268032296,0.5883674005367534,0.0,-0.9522929891607599,2.0199701834919805,-0.4217977735906751,1.203937739304957,0.9161276312580487,0.8475220538225758,1.018118097102153,0.3297361637306024,-0.9808971328166136,1.5344633035460336,-1.5609796515637282,0.5962202890808133,-0.3541839203189247,-1.6470002423293113,1.028719337439322,1.2159728532126455
-0.029099449053866445,0.8385523411322893,-0.4914975187980172,0.24951068491762612,-0.38678982241038173,-1.9118180435387702,-0.19292753629832982,0.0,-1.737321949505005,-0.6657520460385278,-0.4217977735906751,1.203937739304957,1.336343134599379,1.469744206723774,1.7156150343228638,-1.535053123118236,1.4425671138549763,-1.2312982648460196,0.3402616584501448,-0.9711480314604819,-0.8512966597545222,-1.4436445170700454,1.3136858197938754,1.3373652919162595
-0.029099449053866445,0.8385523411322893,-0.9404356989440489,0.24951068491762612,-0.38678982241038173,-1.1144367268032296,0.5883674005367534,0.0,-0.9522929891607599,-2.0085875478583746,-0.4217977735906751,0.547517855938155,1.1262433977199278,1.7808493492241462,1.7156150343228638,1.0289876872752937,2.6542992371907714,-0.3094090031290929,0.9252418187908061,0.9096174215327959,-1.3484852595196537,-0.6302061009856589,1.1712025786165987,1.2159728532126455
-0.029099449053866445,0.8385523411322893,-1.6138536729488038,0.24951068491762612,-0.38678982241038173,-1.1144367268032296,1.3696623373718366,0.0,-0.9522929891607599,0.6771090687267264,-1.9605785402082005,1.203937739304957,0.9161276312580487,1.469744206723774,1.7156150343228638,-0.36958649425188594,-0.2538134838594481,-0.3094090031290929,1.3639657812649575,-1.2846408284828101,0.1430046794462067,0.28491017772836064,1.3136858197938754,1.3373652919162595
-0.029099449053866445,0.8385523411322893,-1.1649154928027723,-0.2987077097782125,-0.38678982241038173,-0.31705541006768895,0.5883674005367534,0.0,-0.16738380741894748,0.6771090687267264,-0.4217977735906751,0.547517855938155,0.2858284206196948,1.469744206723774,1.483119011634211,-3.166663722868448,1.200279855795402,-0.0020813214763596324,0.9252418187908061,-0.6577508990084993,-0.3541839203189247,-0.5285282383560259,1.1712025786165987,1.3373652919162595
-0.029099449053866445,-1.1925314031676417,0.4064002490654612,-0.846821542506724,-0.38678982241038173,0.48032590666785163,0.5883674005367534,0.0,0.6176451529252976,-0.6657520460385278,-0.4217977735906751,-1.4216416385498971,0.07572868374024348,0.5364169113222037,0.7856220744135003,-0.1364789415910565,-0.2538134838594481,-0.6167366847818262,0.3402616584501448,2.476985742074091,2.1316073578476646,-0.7318839636152918,1.1712025786165987,1.3373652919162595
-0.029099449053866445,0.8385523411322893,0.4064002490654612,0.24951068491762612,-0.38678982241038173,-0.31705541006768895,0.5883674005367534,0.0,-0.16738380741894748,-2.0085875478583746,1.1169829930268504,0.547517855938155,0.07572868374024348,-0.7080273944801929,-0.609380669182674,1.728310345257782,-1.9502680398333534,-0.6167366847818262,-1.4147234536972182,-4.419377469565401,0.1430046794462067,-0.4268503757263929,1.4561690609711522,1.4587577306198736
-0.029099449053866445,-1.1925314031676417,-1.1649154928027723,0.24951068491762612,-0.38678982241038173,0.48032590666785163,0.5883674005367534,0.0,-0.16738380741894748,0.6771090687267264,-0.4217977735906751,-0.7652217551830952,-0.1343870827216355,-0.3969103840793668,-0.14437975465061584,-1.3019455704574068,-0.2538134838594481,1.8417909851987668,-0.09850693514938538,-0.6577508990084993,0.6401932792113381,-0.5285282383560259,1.4561690609711522,1.4587577306198736
-0.029099449053866445,0.8385523411322893,-0.7159559050853255,0.24951068491762612,-1.8067254988278127,-1.1144367268032296,0.5883674005367534,0.0,-0.9522929891607599,0.6771090687267264,-0.4217977735906751,1.203937739304957,0.9161276312580487,0.8475220538225758,1.018118097102153,0.09662861106977294,0.9579186394763469,-0.0020813214763596324,0.04774926271712467,-0.34425810198617113,0.1430046794462067,-0.5285282383560259,1.1712025786165987,1.3373652919162595
8.569633990700348,0.8385523411322893,-1.3893952866614956,-0.2987077097782125,-1.8067254988278127,1.2777072234033922,1.3696623373718366,0.0,-1.737321949505005,-0.6657520460385278,-0.4217977735906751,1.8602574670594052,1.1262433977199278,1.469744206723774,1.483119011634211,0.09662861106977294,-0.49617470017850324,0.3052463601763737,0.778985620924296,1.2231102185551241,-2.8399751984855137,-0.020131167684199668,1.1712025786165987,1.3373652919162595
-0.029099449053866445,0.8385523411322893,-0.7159559050853255,-0.846821542506724,-1.8067254988278127,-1.1144367268032296,-0.19292753629832982,0.0,-0.9522929891607599,-0.6657520460385278,-0.4217977735906751,1.203937739304957,0.7060278943785975,0.8475220538225758,1.2506229889455585,-0.8357304651357478,-0.011452267540392873,-0.0020813214763596324,1.2177542145238263,-0.030765304963843006,-0.3541839203189247,-0.5285282383560259,1.1712025786165987,1.4587577306198736
-0.029099449053866445,0.8385523411322893,-0.9404356989440489,-0.2987077097782125,-0.38678982241038173,-1.1144367268032296,1.3696623373718366,0.0,-0.9522929891607599,0.6771090687267264,-1.9605785402082005,0.547517855938155,0.07572868374024348,-0.08580524157899463,0.32062115988144224,0.5628437163914318,0.9579186394763469,0.919807940240567,-0.8297432933565567,-0.030765304963843006,0.6401932792113381,-0.6302061009856589,1.028719337439322,1.3373652919162595
-0.029099449053866445,0.8385523411322893,-0.4914975187980172,-0.846821542506724,-0.38678982241038173,-0.31705541006768895,0.5883674005367534,0.0,-0.9522929891607599,0.6771090687267264,1.1169829930268504,-0.10880187181629318,0.2858284206196948,0.22529990092137753,0.08812513719278957,-0.6026229124749184,-0.49617470017850324,-0.9239705831932862,-1.5609796515637282,1.2231102185551241,0.1430046794462067,-1.036925309027852,1.028719337439322,1.2159728532126455
8.569633990700348,0.8385523411322893,-0.04253793108057046,-0.846821542506724,-1.8067254988278127,2.0750885401389327,1.3696623373718366,0.0,-1.737321949505005,-0.6657520460385278,-0.4217977735906751,1.8602574670594052,0.9161276312580487,1.158639064223402,1.2506229889455585,1.728310345257782,0.23083499051918135,-0.0020813214763596324,0.48651785631665484,-0.34425810198617113,-0.3541839203189247,-1.036925309027852,1.028719337439322,1.0945827298772188
-0.029099449053866445,0.8385523411322893,-0.7159559050853255,0.24951068491762612,-1.8067254988278127,-1.9118180435387702,0.5883674005367534,0.0,-1.737321949505005,0.6771090687267264,-1.9605785402082005,1.8602574670594052,0.9161276312580487,0.5364169113222037,0.7856220744135003,-0.36958649425188594,-1.465545607195243,0.3052463601763737,1.2177542145238263,-0.34425810198617113,-0.8512966597545222,0.18323231509872764,1.028719337439322,1.0945827298772188
-0.029099449053866445,0.8385523411322893,-1.1649154928027723,0.24951068491762612,-1.8067254988278127,-0.31705541006768895,0.5883674005367534,0.0,-0.9522929891607599,0.6771090687267264,-0.4217977735906751,0.547517855938155,0.7060278943785975,2.0919663596249722,1.9481199261662692,-0.8357304651357478,0.47319620683823654,-0.3094090031290929,1.5102219791314675,-0.34425810198617113,0.6401932792113381,-0.5285282383560259,1.028719337439322,1.0945827298772188
-0.029099449053866445,0.8385523411322893,-0.7159559050853255,-0.2987077097782125,-0.38678982241038173,-0.31705541006768895,-0.19292753629832982,0.0,-0.9522929891607599,-0.6657520460385278,-0.4217977735906751,0.547517855938155,0.49592815749914615,0.8475220538225758,0.7856220744135003,-2.700519751984586,0.23083499051918135,0.612574041829107,1.0714980166573163,-0.030765304963843006,1.1373060186469357,-1.036925309027852,1.028719337439322,1.2159728532126455
-0.029099449053866445,0.8385523411322893,-0.4914975187980172,0.24951068491762612,-0.38678982241038173,0.48032590666785163,2.151255364606323,0.0,-0.16738380741894748,0.6771090687267264,1.1169829930268504,0.547517855938155,0.07572868374024348,0.5364169113222037,0.5531171825700949,0.09662861106977294,-1.223184390876188,0.919807940240567,0.9252418187908061,0.28272749205848513,0.6401932792113381,-1.1386031716574851,1.028719337439322,1.2159728532126455
-0.029099449053866445,0.8385523411322893,-1.1649154928027723,0.24951068491762612,-0.38678982241038173,-0.31705541006768895,0.5883674005367534,0.0,-0.16738380741894748,-0.6657520460385278,-1.9605785402082005,-0.7652217551830952,0.07572868374024348,-0.08580524157899463,0.32062115988144224,0.5628437163914318,-0.49617470017850324,-0.0020813214763596324,-0.6834870954900467,0.28272749205848513,0.6401932792113381,-0.4268503757263929,1.1712025786165987,1.3373652919162595
-0.029099449053866445,0.8385523411322893,-0.9404356989440489,0.24951068491762612,-0.38678982241038173,-1.1144367268032296,0.5883674005367534,0.0,-0.9522929891607599,-0.6657520460385278,-0.4217977735906751,0.547517855938155,0.2858284206196948,-0.08580524157899463,-0.14437975465061584,0.7958801346144643,-0.011452267540392873,-0.0020813214763596324,-0.975954860097688,-0.6577508990084993,-0.8512966597545222,-0.5285282383560259,1.028719337439322,1.2159728532126455
-0.029099449053866445,0.8385523411322893,-1.1649154928027723,0.24951068491762612,-0.38678982241038173,-1.1144367268032296,2.151255364606323,0.0,-0.9522929891607599,0.6771090687267264,-1.9605785402082005,1.203937739304957,0.49592815749914615,0.22529990092137753,0.7856220744135003,-0.36958649425188594,-1.223184390876188,-1.2312982648460196,-0.8297432933565567,-0.34425810198617113,-0.3541839203189247,-0.5285282383560259,1.028719337439322,1.2159728532126455
-0.029099449053866445,0.8385523411322893,-0.2670177249392938,-0.2987077097782125,-0.38678982241038173,-1.9118180435387702,0.5883674005367534,0.0,-1.737321949505005,0.6771090687267264,-0.4217977735906751,1.8602574670594052,0.7060278943785975,1.158639064223402,1.2506229889455585,-0.36958649425188594,-0.49617470017850324,-0.0020813214763596324,-0.24471850189051658,0.9096174215327959,1.1373060186469357,-0.3251647555730986,1.1712025786165987,1.2159728532126455
-0.029099449053866445,0.8385523411322893,0.4064002490654612,0.24951068491762612,-0.38678982241038173,-1.1144367268032296,0.5883674005367534,0.0,-1.737321949505005,0.6771090687267264,-1.9605785402082005,0.547517855938155,1.1262433977199278,1.469744206723774,1.483119011634211,-0.6026229124749184,-1.223184390876188,-0.0020813214763596324,0.3402616584501448,-0.9711480314604819,1.1373060186469357,-0.5285282383560259,1.028719337439322,1.2159728532126455
-0.029099449053866445,0.8385523411322893,-1.6138536729488038,0.24951068491762612,-0.38678982241038173,-1.1144367268032296,-0.19292753629832982,0.0,-0.9522929891607599,-0.6657520460385278,-0.4217977735906751,1.203937739304957,0.9161276312580487,1.7808493492241462,1.483119011634211,-1.535053123118236,1.200279855795402,-1.8459536281514861,0.48651785631665484,-0.6577508990084993,-1.3484852595196537,-0.2234868929434656,1.028719337439322,1.2159728532126455
-0.029099449053866445,0.8385523411322893,-0.9404356989440489,0.24951068491762612,-1.8067254988278127,-1.1144367268032296,2.151255364606323,0.0,-0.9522929891607599,-0.6657520460385278,-0.4217977735906751,1.203937739304957,0.2858284206196948,0.8475220538225758,0.7856220744135003,1.2620952399361232,0.7155574231572918,-0.9239705831932862,-0.975954860097688,-0.030765304963843006,-0.8512966597545222,-0.5285282383560259,1.028719337439322,1.2159728532126455
-0.029099449053866445,0.8385523411322893,-0.7159559050853255,0.24951068491762612,-1.8067254988278127,-1.9118180435387702,-0.19292753629832982,0.0,0.6176451529252976,-0.6657520460385278,-0.4217977735906751,1.203937739304957,0.9161276312580487,0.8475220538225758,1.2506229889455585,-1.3019455704574068,-0.011452267540392873,-0.9239705831932862,-0.8297432933565567,-0.6577508990084993,-0.8512966597545222,0.5899437656172595,0.886238813903831,1.0945827298772188
-0.029099449053866445,0.8385523411322893,-1.3893952866614956,-0.2987077097782125,-1.8067254988278127,-1.9118180435387702,0.5883674005367534,0.0,-1.737321949505005,0.6771090687267264,-0.4217977735906751,0.547517855938155,1.1262433977199278,1.469744206723774,1.2506229889455585,-1.3019455704574068,-0.2538134838594481,-0.0020813214763596324,-0.09850693514938538,-0.6577508990084993,0.1430046794462067,-1.4436445170700454,1.028719337439322,1.2159728532126455
-0.029099449053866445,0.8385523411322893,-1.1649154928027723,0.24951068491762612,-1.8067254988278127,-1.9118180435387702,0.5883674005367534,0.0,-1.737321949505005,-0.6657520460385278,-1.9605785402082005,1.203937739304957,1.1262433977199278,1.7808493492241462,1.9481199261662692,-0.1364789415910565,0.7155574231572918,-2.1532813098042194,0.778985620924296,-1.5981336255051382,-0.8512966597545222,0.48826590298762657,1.028719337439322,1.3373652919162595
-0.029099449053866445,0.8385523411322893,-1.1649154928027723,0.24951068491762612,-1.8067254988278127,-1.9118180435387702,1.3696623373718366,0.0,-1.737321949505005,2.0199701834919805,-0.4217977735906751,1.8602574670594052,1.1262433977199278,1.7808493492241462,1.9481199261662692,0.5628437163914318,-0.9808971328166136,0.3052463601763737,1.2177542145238263,-0.030765304963843006,1.1373060186469357,-0.3251647555730986,1.028719337439322,1.3373652919162595
-0.029099449053866445,0.8385523411322893,-1.3893952866614956,0.24951068491762612,-1.8067254988278127,-1.1144367268032296,0.5883674005367534,0.0,-1.737321949505005,0.6771090687267264,-0.4217977735906751,1.203937739304957,0.9161276312580487,1.7808493492241462,1.9481199261662692,-0.36958649425188594,0.47319620683823654,-0.0020813214763596324,0.9252418187908061,-0.6577508990084993,-0.3541839203189247,-1.1386031716574851,1.028719337439322,1.2159728532126455
-0.029099449053866445,0.8385523411322893,-0.4914975187980172,0.24951068491762612,-1.8067254988278127,-1.1144367268032296,0.5883674005367534,0.0,-0.9522929891607599,-0.6657520460385278,1.1169829930268504,0.547517855938155,0.2858284206196948,0.5364169113222037,0.7856220744135003,0.09662861106977294,-0.7385359164975585,0.612574041829107,-0.975954860097688,0.5962202890808133,0.1430046794462067,0.18323231509872764,1.028719337439322,1.2159728532126455
-0.029099449053866445,0.8385523411322893,0.1819418627781529,-1.3950399372025626,-1.8067254988278127,-1.1144367268032296,0.5883674005367534,0.0,-0.9522929891607599,0.6771090687267264,-0.4217977735906751,0.547517855938155,0.7060278943785975,0.5364169113222037,0.7856220744135003,1.0289876872752937,2.412011979131197,1.5344633035460336,-1.4147234536972182,0.5962202890808133,0.1430046794462067,0.28491017772836064,1.1712025786165987,1.2159728532126455
-0.029099449053866445,0.8385523411322893,-0.04253793108057046,0.24951068491762612,-1.8067254988278127,-1.9118180435387702,0.5883674005367534,0.0,-0.9522929891607599,-0.6657520460385278,1.1169829930268504,0.547517855938155,0.7060278943785975,0.8475220538225758,0.5531171825700949,1.728310345257782,0.9579186394763469,-0.0020813214763596324,-0.24471850189051658,-0.9711480314604819,1.634494618412067,0.18323231509872764,1.028719337439322,1.2159728532126455
-0.029099449053866445,0.8385523411322893,-0.7159559050853255,0.24951068491762612,-0.38678982241038173,-1.9118180435387702,0.5883674005367534,0.0,-0.9522929891607599,2.0199701834919805,-1.9605785402082005,1.203937739304957,0.9161276312580487,1.158639064223402,1.483119011634211,1.0289876872752937,1.200279855795402,0.919807940240567,1.0714980166573163,-0.34425810198617113,-0.3541839203189247,-0.4268503757263929,1.028719337439322,1.2159728532126455
-0.029099449053866445,0.8385523411322893,-1.6138536729488038,-1.3950399372025626,-0.38678982241038173,-1.1144367268032296,0.5883674005367534,0.0,-0.9522929891607599,-0.6657520460385278,-0.4217977735906751,0.547517855938155,0.9161276312580487,2.0919663596249722,2.1806159488549217,-0.6026229124749184,-0.49617470017850324,0.919807940240567,1.2177542145238263,-0.030765304963843006,0.1430046794462067,0.48826590298762657,1.028719337439322,1.2159728532126455
-0.029099449053866445,0.8385523411322893,0.1819418627781529,0.24951068491762612,-0.38678982241038173,-1.1144367268032296,0.5883674005367534,0.0,-0.9522929891607599,-0.6657520460385278,-0.4217977735906751,0.547517855938155,0.2858284206196948,0.8475220538225758,0.7856220744135003,-0.8357304651357478,-0.2538134838594481,-1.5386259464987528,0.04774926271712467,0.9096174215327959,0.6401932792113381,-0.4268503757263929,1.1712025786165987,1.3373652919162595
-0.029099449053866445,0.8385523411322893,0.1819418627781529,0.24951068491762612,-1.8067254988278127,-0.31705541006768895,1.3696623373718366,0.0,-0.9522929891607599,-0.6657520460385278,1.1169829930268504,0.547517855938155,0.07572868374024348,0.5364169113222037,0.08812513719278957,-1.3019455704574068,1.200279855795402,-0.3094090031290929,-0.8297432933565567,-0.9711480314604819,1.634494618412067,-0.4268503757263929,1.1712025786165987,1.3373652919162595
-0.029099449053866445,0.8385523411322893,-1.1649154928027723,-0.2987077097782125,-1.8067254988278127,-1.1144367268032296,0.5883674005367534,0.0,-0.9522929891607599,-2.0085875478583746,-0.4217977735906751,0.547517855938155,0.49592815749914615,0.5364169113222037,0.5531171825700949,-0.36958649425188594,-0.49617470017850324,-2.1532813098042194,-1.122211057964198,-1.2846408284828101,-0.3541839203189247,-0.4268503757263929,1.3136858197938754,1.4587577306198736
-0.029099449053866445,0.8385523411322893,-0.04253793108057046,0.24951068491762612,-1.8067254988278127,-1.1144367268032296,-0.19292753629832982,0.0,-0.9522929891607599,2.0199701834919805,-0.4217977735906751,0.547517855938155,0.2858284206196948,0.5364169113222037,0.5531171825700949,0.3297361637306024,0.23083499051918135,0.919807940240567,-0.6834870954900467,0.9096174215327959,-0.3541839203189247,-0.4268503757263929,1.1712025786165987,1.3373652919162595
-0.029099449053866445,0.8385523411322893,-0.7159559050853255,-0.846821542506724,-1.8067254988278127,-1.9118180435387702,1.3696623373718366,0.0,-1.737321949505005,-2.0085875478583746,-0.4217977735906751,1.8602574670594052,0.9161276312580487,0.8475220538225758,1.018118097102153,1.2620952399361232,1.6849283301740314,-0.0020813214763596324,-0.39097469975702664,-2.538516352001777,1.634494618412067,-0.4268503757263929,1.3136858197938754,1.3373652919162595
8.569633990700348,0.8385523411322893,0.6308800429241845,-0.2987077097782125,-1.8067254988278127,2.0750885401389327,0.5883674005367534,0.0,-1.737321949505005,0.6771090687267264,-0.4217977735906751,1.8602574670594052,0.9161276312580487,1.469744206723774,1.7156150343228638,0.7958801346144643,-0.49617470017850324,0.3052463601763737,0.632729423057786,-0.030765304963843006,1.1373060186469357,-0.4268503757263929,1.3136858197938754,1.4587577306198736
-0.029099449053866445,0.8385523411322893,-0.04253793108057046,-0.846821542506724,-1.8067254988278127,-1.9118180435387702,0.5883674005367534,0.0,-1.737321949505005,-0.6657520460385278,-0.4217977735906751,1.203937739304957,0.9161276312580487,0.5364169113222037,0.32062115988144224,0.7958801346144643,0.23083499051918135,2.4563525652629603,1.5102219791314675,-0.34425810198617113,1.1373060186469357,-0.3251647555730986,1.3136858197938754,1.4587577306198736
-0.029099449053866445,0.8385523411322893,-1.6138536729488038,-0.846821542506724,-0.38678982241038173,-1.1144367268032296,0.5883674005367534,0.0,-1.737321949505005,0.6771090687267264,-0.4217977735906751,0.547517855938155,0.9161276312580487,2.0919663596249722,2.1806159488549217,-0.6026229124749184,-1.465545607195243,-0.6167366847818262,1.9489905727309975,-0.9711480314604819,0.1430046794462067,-0.4268503757263929,1.3136858197938754,1.4587577306198736
-0.029099449053866445,0.8385523411322893,-0.2670177249392938,-0.2987077097782125,-0.38678982241038173,-1.1144367268032296,1.3696623373718366,0.0,-0.9522929891607599,-2.0085875478583746,1.1169829930268504,1.203937739304957,0.49592815749914615,1.469744206723774,1.2506229889455585,0.5628437163914318,0.47319620683823654,0.3052463601763737,1.3639657812649575,1.2231102185551241,-1.3484852595196537,-0.3251647555730986,1.3136858197938754,1.4587577306198736
-0.029099449053866445,0.8385523411322893,-1.3893952866614956,0.24951068491762612,-1.8067254988278127,0.48032590666785163,1.3696623373718366,0.0,-0.16738380741894748,-0.6657520460385278,-0.4217977735906751,-0.10880187181629318,-0.1343870827216355,0.8475220538225758,1.018118097102153,-0.6026229124749184,-0.7385359164975585,2.4563525652629603,1.2177542145238263,1.2231102185551241,0.6401932792113381,-0.3251647555730986,1.3136858197938754,1.3373652919162595
-0.029099449053866445,-1.1925314031676417,-0.9404356989440489,0.24951068491762612,-1.8067254988278127,0.48032590666785163,0.5883674005367534,0.0,-0.16738380741894748,0.6771090687267264,-0.4217977735906751,-0.7652217551830952,-0.3444868196010868,-0.3969103840793668,0.08812513719278957,-0.1364789415910565,-0.2538134838594481,0.3052463601763737,0.19400546058363471,2.1635886096221086,-1.3484852595196537,-0.2234868929434656,1.3136858197938754,1.4587577306198736
-0.029099449053866445,0.8385523411322893,-0.04253793108057046,-0.2987077097782125,-1.8067254988278127,-0.31705541006768895,0.5883674005367534,0.0,-0.9522929891607599,-0.6657520460385278,-1.9605785402082005,-0.7652217551830952,0.07572868374024348,-0.7080273944801929,-0.14437975465061584,0.3297361637306024,-1.465545607195243,-0.0020813214763596324,-0.8297432933565567,-0.9711480314604819,-0.8512966597545222,-0.2234868929434656,1.3136858197938754,1.4587577306198736
-0.029099449053866445,0.8385523411322893,-0.4914975187980172,0.24951068491762612,-1.8067254988278127,-1.1144367268032296,0.5883674005367534,0.0,-0.9522929891607599,0.6771090687267264,1.1169829930268504,1.203937739304957,0.7060278943785975,0.22529990092137753,0.08812513719278957,-1.535053123118236,1.200279855795402,-2.1532813098042194,-1.4147234536972182,-0.030765304963843006,-0.8512966597545222,-0.3251647555730986,1.3136858197938754,1.4587577306198736
-0.029099449053866445,0.8385523411322893,-0.4914975187980172,-0.846821542506724,-1.8067254988278127,-1.1144367268032296,0.5883674005367534,0.0,-0.9522929891607599,-2.0085875478583746,1.1169829930268504,0.547517855938155,0.9161276312580487,1.158639064223402,0.7856220744135003,0.5628437163914318,0.9579186394763469,0.612574041829107,-0.975954860097688,1.8500958125997804,0.1430046794462067,-0.3251647555730986,1.4561690609711522,1.4587577306198736
-0.029099449053866445,0.8385523411322893,0.6308800429241845,-1.3950399372025626,-1.8067254988278127,-1.1144367268032296,0.5883674005367534,0.0,-1.737321949505005,-0.6657520460385278,-0.4217977735906751,0.547517855938155,1.1262433977199278,1.158639064223402,1.483119011634211,-0.36958649425188594,1.4425671138549763,-1.5386259464987528,0.778985620924296,-0.9711480314604819,-0.3541839203189247,-0.3251647555730986,1.3136858197938754,1.3373652919162595
-0.029099449053866445,-1.1925314031676417,-0.9404356989440489,0.24951068491762612,-0.38678982241038173,0.48032590666785163,0.5883674005367534,0.0,-0.16738380741894748,-2.0085875478583746,1.1169829930268504,-0.7652217551830952,-0.1343870827216355,0.22529990092137753,0.32062115988144224,-0.1364789415910565,-0.2538134838594481,-0.0020813214763596324,0.778985620924296,-0.030765304963843006,-0.3541839203189247,-0.3251647555730986,1.1712025786165987,1.3373652919162595
-0.029099449053866445,0.8385523411322893,-0.9404356989440489,-0.846821542506724,-1.8067254988278127,0.48032590666785163,0.5883674005367534,0.0,-0.16738380741894748,-0.6657520460385278,-0.4217977735906751,-0.10880187181629318,-0.3444868196010868,-0.3969103840793668,0.32062115988144224,-1.3019455704574068,1.4425671138549763,-0.0020813214763596324,0.04774926271712467,-0.6577508990084993,1.1373060186469357,-0.3251647555730986,1.3136858197938754,1.3373652919162595
-0.029099449053866445,0.8385523411322893,-0.4914975187980172,0.24951068491762612,-0.38678982241038173,-0.31705541006768895,-0.19292753629832982,0.0,-0.9522929891607599,0.6771090687267264,-0.4217977735906751,-0.10880187181629318,0.07572868374024348,-0.7080273944801929,-0.14437975465061584,1.2620952399361232,0.23083499051918135,-0.3094090031290929,-1.8534474161713694,-1.9116264225274664,2.1316073578476646,-0.3251647555730986,1.3136858197938754,1.4587577306198736
-0.029099449053866445,0.8385523411322893,-0.7159559050853255,-1.3950399372025626,-1.8067254988278127,-0.31705541006768895,0.5883674005367534,0.0,-0.9522929891607599,0.6771090687267264,-0.4217977735906751,-0.10880187181629318,0.49592815749914615,-0.08580524157899463,0.08812513719278957,1.728310345257782,0.23083499051918135,0.612574041829107,-1.4147234536972182,0.28272749205848513,0.6401932792113381,-0.2234868929434656,1.3136858197938754,1.4587577306198736
-0.029099449053866445,0.8385523411322893,-0.9404356989440489,0.24951068491762612,-1.8067254988278127,-1.9118180435387702,1.3696623373718366,0.0,-1.737321949505005,0.6771090687267264,-0.4217977735906751,1.203937739304957,0.7060278943785975,0.22529990092137753,0.32062115988144224,-1.0688380177965773,-0.011452267540392873,-1.8459536281514861,-0.09850693514938538,-0.030765304963843006,-0.8512966597545222,-0.2234868929434656,1.3136858197938754,1.3373652919162595
-0.029099449053866445,0.8385523411322893,-0.4914975187980172,-1.3950399372025626,-0.38678982241038173,-1.1144367268032296,0.5883674005367534,0.0,-1.737321949505005,-0.6657520460385278,1.1169829930268504,1.203937739304957,0.7060278943785975,1.469744206723774,1.018118097102153,1.0289876872752937,-1.7079068235142982,-0.9239705831932862,0.48651785631665484,-0.6577508990084993,0.6401932792113381,-0.5285282383560259,1.3136858197938754,1.4587577306198736
-0.029099449053866445,0.8385523411322893,-2.0628132606662506,-0.846821542506724,-0.38678982241038173,-1.1144367268032296,-0.19292753629832982,0.0,-0.9522929891607599,-0.6657520460385278,-0.4217977735906751,0.547517855938155,0.49592815749914615,1.7808493492241462,1.9481199261662692,-0.1364789415910565,-0.49617470017850324,1.2271356218933003,1.8027343748644875,-0.030765304963843006,-1.3484852595196537,-0.020131167684199668,1.3136858197938754,1.3373652919162595
-0.029099449053866445,0.8385523411322893,-0.4914975187980172,0.24951068491762612,-0.38678982241038173,-0.31705541006768895,1.3696623373718366,0.0,-0.9522929891607599,0.6771090687267264,-1.9605785402082005,0.547517855938155,0.2858284206196948,0.8475220538225758,1.2506229889455585,0.09662861106977294,1.200279855795402,0.3052463601763737,1.0714980166573163,-0.030765304963843006,-1.3484852595196537,0.6916293857705539,1.3136858197938754,1.4587577306198736
-0.029099449053866445,0.8385523411322893,-0.2670177249392938,0.24951068491762612,-0.38678982241038173,-0.31705541006768895,0.5883674005367534,0.0,-0.16738380741894748,-0.6657520460385278,-0.4217977735906751,-0.10880187181629318,-0.1343870827216355,0.5364169113222037,0.7856220744135003,0.5628437163914318,-0.9808971328166136,-0.3094090031290929,-0.09850693514938538,0.28272749205848513,-0.8512966597545222,-0.3251647555730986,1.3136858197938754,1.4587577306198736
-0.029099449053866445,-1.1925314031676417,-0.4914975187980172,0.24951068491762612,-1.8067254988278127,0.48032590666785163,-0.19292753629832982,0.0,-0.16738380741894748,0.6771090687267264,-0.4217977735906751,-0.7652217551830952,0.07572868374024348,-0.08580524157899463,0.08812513719278957,1.2620952399361232,0.7155574231572918,1.8417909851987668,-0.8297432933565567,-0.030765304963843006,1.1373060186469357,-0.2234868929434656,1.3136858197938754,1.3373652919162595
-0.029099449053866445,0.8385523411322893,-1.3893952866614956,-1.3950399372025626,-1.8067254988278127,-0.31705541006768895,0.5883674005367534,0.0,-0.9522929891607599,0.6771090687267264,-0.4217977735906751,-0.10880187181629318,0.49592815749914615,-0.3969103840793668,-0.14437975465061584,-0.8357304651357478,3.1390216698288818,-0.6167366847818262,-1.122211057964198,0.5962202890808133,-1.3484852595196537,-0.2234868929434656,1.3136858197938754,1.3373652919162595
-0.029099449053866445,0.8385523411322893,0.1819418627781529,-0.846821542506724,-1.8067254988278127,-1.1144367268032296,1.3696623373718366,0.0,-0.9522929891607599,-0.6657520460385278,-1.9605785402082005,1.203937739304957,0.7060278943785975,-0.08580524157899463,0.5531171825700949,0.3297361637306024,0.7155574231572918,-0.0020813214763596324,-1.268467255830708,-0.030765304963843006,0.1430046794462067,-0.2234868929434656,1.3136858197938754,1.3373652919162595
-0.029099449053866445,0.8385523411322893,0.6308800429241845,-1.3950399372025626,-1.8067254988278127,-1.9118180435387702,0.5883674005367534,0.0,-0.9522929891607599,-0.6657520460385278,1.1169829930268504,1.203937739304957,0.7060278943785975,0.8475220538225758,0.7856220744135003,-0.6026229124749184,0.23083499051918135,-1.2312982648460196,-0.24471850189051658,-0.9711480314604819,0.6401932792113381,-0.3251647555730986,1.3136858197938754,1.4587577306198736
-0.029099449053866445,0.8385523411322893,-1.3893952866614956,-1.3950399372025626,-1.8067254988278127,-1.9118180435387702,0.5883674005367534,0.0,-0.9522929891607599,-0.6657520460385278,-0.4217977735906751,1.203937739304957,1.1262433977199278,1.7808493492241462,1.9481199261662692,0.09662861106977294,-0.49617470017850324,-0.0020813214763596324,1.0714980166573163,-1.2846408284828101,0.1430046794462067,-1.036925309027852,1.4561690609711522,1.7015426080271017
-0.029099449053866445,0.8385523411322893,-1.3893952866614956,0.24951068491762612,-1.8067254988278127,-1.1144367268032296,1.3696623373718366,0.0,-1.737321949505005,2.0199701834919805,-1.9605785402082005,1.203937739304957,0.7060278943785975,1.7808493492241462,2.1806159488549217,0.09662861106977294,-1.223184390876188,-0.6167366847818262,0.778985620924296,-0.030765304963843006,-0.3541839203189247,-0.2234868929434656,1.3136858197938754,1.4587577306198736
-0.029099449053866445,0.8385523411322893,-1.3893952866614956,-0.846821542506724,-1.8067254988278127,-1.1144367268032296,0.5883674005367534,0.0,-0.9522929891607599,-0.6657520460385278,-0.4217977735906751,0.547517855938155,0.7060278943785975,1.469744206723774,1.9481199261662692,-0.1364789415910565,0.7155574231572918,-0.0020813214763596324,0.3402616584501448,0.28272749205848513,0.6401932792113381,-0.3251647555730986,1.3136858197938754,1.4587577306198736
-0.029099449053866445,0.8385523411322893,-0.9404356989440489,-0.2987077097782125,-0.38678982241038173,-0.31705541006768895,0.5883674005367534,0.0,-0.16738380741894748,-0.6657520460385278,-0.4217977735906751,-0.7652217551830952,0.07572868374024348,0.8475220538225758,1.018118097102153,-0.6026229124749184,-1.465545607195243,-0.0020813214763596324,-0.09850693514938538,-0.9711480314604819,1.1373060186469357,-0.2234868929434656,1.4561690609711522,1.4587577306198736
-0.029099449053866445,0.8385523411322893,-0.7159559050853255,0.24951068491762612,-0.38678982241038173,-1.1144367268032296,0.5883674005367534,0.0,-0.9522929891607599,-0.6657520460385278,-0.4217977735906751,0.547517855938155,0.2858284206196948,0.22529990092137753,0.5531171825700949,-0.8357304651357478,0.23083499051918135,-1.8459536281514861,-0.975954860097688,-0.9711480314604819,-1.3484852595196537,-0.12180903031383264,1.3136858197938754,1.4587577306198736
-0.029099449053866445,0.8385523411322893,-0.7159559050853255,-0.846821542506724,-1.8067254988278127,-1.1144367268032296,2.151255364606323,0.0,-0.9522929891607599,0.6771090687267264,-0.4217977735906751,1.203937739304957,0.49592815749914615,0.5364169113222037,0.7856220744135003,1.4952027925969524,0.7155574231572918,-0.0020813214763596324,-0.8297432933565567,-1.5981336255051382,0.6401932792113381,0.3865880403579936,1.4561690609711522,1.7015426080271017
-0.029099449053866445,0.8385523411322893,0.1819418627781529,-1.3950399372025626,-1.8067254988278127,-1.9118180435387702,0.5883674005367534,0.0,-1.737321949505005,0.6771090687267264,-0.4217977735906751,1.203937739304957,0.7060278943785975,0.8475220538225758,1.018118097102153,0.09662861106977294,-0.7385359164975585,0.612574041829107,-0.5372308976235367,0.5962202890808133,1.1373060186469357,-0.2234868929434656,1.4561690609711522,1.7015426080271017
8.569633990700348,0.8385523411322893,-2.0628132606662506,-1.3950399372025626,-1.8067254988278127,2.0750885401389327,0.5883674005367534,0.0,-1.737321949505005,0.6771090687267264,-0.4217977735906751,1.8602574670594052,1.1262433977199278,1.7808493492241462,1.7156150343228638,1.728310345257782,1.200279855795402,-0.0020813214763596324,1.0714980166573163,-0.6577508990084993,-0.3541839203189247,-0.12180903031383264,1.4561690609711522,1.7015426080271017
-0.029099449053866445,0.8385523411322893,-0.4914975187980172,-1.3950399372025626,-0.38678982241038173,-1.1144367268032296,1.3696623373718366,0.0,-1.737321949505005,-0.6657520460385278,-0.4217977735906751,1.8602574670594052,0.9161276312580487,0.8475220538225758,1.2506229889455585,0.5628437163914318,0.23083499051918135,0.3052463601763737,1.8027343748644875,0.5962202890808133,1.634494618412067,-0.12180903031383264,1.4561690609711522,1.7015426080271017
-0.029099449053866445,0.8385523411322893,-0.7159559050853255,0.24951068491762612,-0.38678982241038173,-1.1144367268032296,0.5883674005367534,0.0,-0.9522929891607599,0.6771090687267264,-0.4217977735906751,0.547517855938155,0.49592815749914615,1.7808493492241462,1.9481199261662692,1.4952027925969524,-1.223184390876188,0.612574041829107,1.3639657812649575,0.5962202890808133,1.1373060186469357,-0.2234868929434656,1.4561690609711522,1.7015426080271017
-0.029099449053866445,0.8385523411322893,-1.1649154928027723,-0.846821542506724,-1.8067254988278127,-0.31705541006768895,0.5883674005367534,0.0,-0.9522929891607599,-0.6657520460385278,-0.4217977735906751,-0.7652217551830952,0.2858284206196948,1.158639064223402,1.2506229889455585,0.7958801346144643,0.9579186394763469,1.8417909851987668,1.0714980166573163,0.28272749205848513,1.1373060186469357,-0.12180903031383264,1.4561690609711522,1.7015426080271017
-0.029099449053866445,0.8385523411322893,-0.9404356989440489,-0.2987077097782125,-1.8067254988278127,-0.31705541006768895,1.3696623373718366,0.0,-0.9522929891607599,0.6771090687267264,-1.9605785402082005,0.547517855938155,-0.1343870827216355,0.22529990092137753,0.7856220744135003,-1.0688380177965773,-0.7385359164975585,-0.0020813214763596324,0.19400546058363471,-0.9711480314604819,0.1430046794462067,-0.2234868929434656,1.4561690609711522,1.7015426080271017
-0.029099449053866445,0.8385523411322893,-0.9404356989440489,-0.846821542506724,-1.8067254988278127,-0.31705541006768895,1.3696623373718366,0.0,-0.16738380741894748,0.6771090687267264,-0.4217977735906751,0.547517855938155,0.07572868374024348,-0.08580524157899463,0.32062115988144224,-0.8357304651357478,-0.9808971328166136,-0.6167366847818262,-0.8297432933565567,1.5366030155774522,1.1373060186469357,-0.3251647555730986,1.3136858197938754,1.5801501693234876
-0.029099449053866445,0.8385523411322893,-0.2670177249392938,-1.3950399372025626,-1.8067254988278127,-0.31705541006768895,-0.19292753629832982,0.0,-0.16738380741894748,0.6771090687267264,-1.9605785402082005,-0.10880187181629318,-0.1343870827216355,-0.3969103840793668,0.32062115988144224,0.5628437163914318,-0.49617470017850324,-0.0020813214763596324,-1.268467255830708,0.28272749205848513,2.1316073578476646,-0.12180903031383264,1.3136858197938754,1.4587577306198736
-0.029099449053866445,0.8385523411322893,-1.1649154928027723,-0.846821542506724,-1.8067254988278127,-0.31705541006768895,0.5883674005367534,0.0,-0.9522929891607599,0.6771090687267264,-0.4217977735906751,-0.10880187181629318,0.7060278943785975,-0.08580524157899463,-0.14437975465061584,-1.7680895413412685,-0.011452267540392873,-0.3094090031290929,-1.268467255830708,-0.6577508990084993,-1.3484852595196537,-0.020131167684199668,1.4561690609711522,1.4587577306198736
-0.029099449053866445,0.8385523411322893,-1.1649154928027723,0.24951068491762612,-0.38678982241038173,-1.1144367268032296,1.3696623373718366,0.0,-1.737321949505005,-0.6657520460385278,-0.4217977735906751,1.8602574670594052,0.9161276312580487,1.158639064223402,1.483119011634211,-0.36958649425188594,0.47319620683823654,0.3052463601763737,0.19400546058363471,-0.030765304963843006,0.1430046794462067,-0.12180903031383264,1.1712025786165987,1.4587577306198736
-0.029099449053866445,0.8385523411322893,-0.7159559050853255,-1.3950399372025626,-1.8067254988278127,-1.1144367268032296,-0.19292753629832982,0.0,-1.737321949505005,-0.6657520460385278,-0.4217977735906751,1.203937739304957,0.7060278943785975,1.7808493492241462,1.7156150343228638,0.09662861106977294,0.47319620683823654,-0.0020813214763596324,1.2177542145238263,0.28272749205848513,1.634494618412067,-0.12180903031383264,1.4561690609711522,1.7015426080271017
-0.029099449053866445,0.8385523411322893,-0.4914975187980172,-0.846821542506724,-1.8067254988278127,-1.1144367268032296,0.5883674005367534,0.0,-0.9522929891607599,0.6771090687267264,-0.4217977735906751,0.547517855938155,0.9161276312580487,1.7808493492241462,1.483119011634211,0.7958801346144643,-0.7385359164975585,0.919807940240567,1.3639657812649575,0.5962202890808133,-1.3484852595196537,-0.12180903031383264,1.4561690609711522,1.7015426080271017
-0.029099449053866445,0.8385523411322893,-1.1649154928027723,-1.3950399372025626,-1.8067254988278127,-0.31705541006768895,0.5883674005367534,0.0,-0.9522929891607599,0.6771090687267264,-1.9605785402082005,0.547517855938155,0.49592815749914615,1.158639064223402,1.2506229889455585,1.4952027925969524,-0.011452267540392873,2.1491186668515003,1.2177542145238263,0.9096174215327959,-0.8512966597545222,-0.12180903031383264,1.4561690609711522,1.7015426080271017
-0.029099449053866445,0.8385523411322893,-1.3893952866614956,-0.846821542506724,-1.8067254988278127,-0.31705541006768895,1.3696623373718366,0.0,-0.16738380741894748,2.0199701834919805,-0.4217977735906751,0.547517855938155,-0.1343870827216355,0.5364169113222037,0.7856220744135003,0.5628437163914318,-0.9808971328166136,-0.0020813214763596324,0.9252418187908061,-0.030765304963843006,0.1430046794462067,-0.12180903031383264,1.4561690609711522,1.7015426080271017
-0.029099449053866445,-1.1925314031676417,-1.8383334668075273,-1.3950399372025626,-1.8067254988278127,0.48032590666785163,0.5883674005367534,0.0,-0.16738380741894748,-2.0085875478583746,1.1169829930268504,-0.7652217551830952,-0.1343870827216355,-0.08580524157899463,0.08812513719278957,1.0289876872752937,-0.49617470017850324,1.5344633035460336,-0.09850693514938538,0.28272749205848513,1.1373060186469357,-0.12180903031383264,1.598652302148429,1.7015426080271017
-0.029099449053866445,-1.1925314031676417,-1.3893952866614956,-0.846821542506724,-1.8067254988278127,0.48032590666785163,-0.19292753629832982,0.0,-0.16738380741894748,-0.6657520460385278,-0.4217977735906751,-0.7652217551830952,0.07572868374024348,-0.7080273944801929,-0.14437975465061584,0.3297361637306024,-0.2538134838594481,1.5344633035460336,-0.975954860097688,-0.030765304963843006,0.6401932792113381,-0.12180903031383264,1.4561690609711522,1.7015426080271017
-0.029099449053866445,0.8385523411322893,-0.7159559050853255,0.24951068491762612,-0.38678982241038173,-1.1144367268032296,0.5883674005367534,0.0,-1.737321949505005,0.6771090687267264,-0.4217977735906751,1.203937739304957,0.07572868374024348,-0.08580524157899463,0.08812513719278957,0.7958801346144643,2.1696507628121418,1.5344633035460336,-1.5609796515637282,0.28272749205848513,0.1430046794462067,-0.12180903031383264,1.4561690609711522,1.5801501693234876
-0.029099449053866445,0.8385523411322893,-2.0628132606662506,5.731590069908686,-1.8067254988278127,-1.1144367268032296,-0.19292753629832982,0.0,-1.737321949505005,0.6771090687267264,-0.4217977735906751,1.203937739304957,0.9161276312580487,1.158639064223402,1.483119011634211,-0.36958649425188594,-0.011452267540392873,-0.0020813214763596324,0.3402616584501448,0.5962202890808133,-1.8455979989552511,-1.036925309027852,1.598652302148429,1.5801501693234876
-0.029099449053866445,0.8385523411322893,-1.6138536729488038,11.761887849595583,-0.38678982241038173,-1.1144367268032296,1.3696623373718366,0.0,-0.9522929891607599,0.6771090687267264,-0.4217977735906751,1.203937739304957,0.49592815749914615,1.469744206723774,1.7156150343228638,-2.467412199323757,0.7155574231572918,-2.1532813098042194,1.2177542145238263,0.9096174215327959,-1.3484852595196537,-0.4268503757263929,1.598652302148429,1.7015426080271017
-0.029099449053866445,0.8385523411322893,-1.6138536729488038,0.24951068491762612,-0.38678982241038173,-1.1144367268032296,0.5883674005367534,0.0,-0.9522929891607599,0.6771090687267264,-0.4217977735906751,0.547517855938155,0.49592815749914615,1.158639064223402,1.483119011634211,-0.6026229124749184,-0.7385359164975585,0.3052463601763737,1.5102219791314675,-0.9711480314604819,1.1373060186469357,-0.2234868929434656,1.4561690609711522,1.5801501693234876
-0.029099449053866445,0.8385523411322893,-1.3893952866614956,0.24951068491762612,-0.38678982241038173,0.48032590666785163,0.5883674005367534,0.0,-0.9522929891607599,2.0199701834919805,-0.4217977735906751,-0.7652217551830952,0.49592815749914615,0.8475220538225758,1.2506229889455585,0.7958801346144643,0.9579186394763469,1.5344633035460336,0.9252418187908061,0.5962202890808133,0.6401932792113381,-0.12180903031383264,1.598652302148429,1.5801501693234876
-0.029099449053866445,0.8385523411322893,-0.9404356989440489,-1.3950399372025626,-1.8067254988278127,-0.31705541006768895,1.3696623373718366,0.0,-0.16738380741894748,-2.0085875478583746,-0.4217977735906751,-0.10880187181629318,-0.1343870827216355,0.22529990092137753,0.32062115988144224,-0.6026229124749184,-0.9808971328166136,-0.3094090031290929,0.632729423057786,1.8500958125997804,-0.3541839203189247,-0.2234868929434656,1.598652302148429,1.5801501693234876
-0.029099449053866445,0.8385523411322893,-0.7159559050853255,-0.2987077097782125,-1.8067254988278127,-0.31705541006768895,0.5883674005367534,0.0,-0.16738380741894748,-0.6657520460385278,-0.4217977735906751,-0.10880187181629318,0.2858284206196948,-0.3969103840793668,-0.14437975465061584,-1.3019455704574068,-1.223184390876188,-0.3094090031290929,-0.8297432933565567,-1.2846408284828101,1.1373060186469357,-0.12180903031383264,1.598652302148429,1.5801501693234876
-0.029099449053866445,0.8385523411322893,-1.3893952866614956,-0.846821542506724,-0.38678982241038173,-0.31705541006768895,0.5883674005367534,0.0,-0.16738380741894748,-0.6657520460385278,-0.4217977735906751,-0.10880187181629318,0.49592815749914615,-0.08580524157899463,0.08812513719278957,2.194454316141644,2.1696507628121418,-0.0020813214763596324,-0.975954860097688,-0.34425810198617113,1.1373060186469357,-0.020131167684199668,1.598652302148429,1.7015426080271017
-0.029099449053866445,0.8385523411322893,1.0798396306416314,-0.846821542506724,-1.8067254988278127,-1.1144367268032296,1.3696623373718366,0.0,-0.9522929891607599,0.6771090687267264,-0.4217977735906751,1.203937739304957,0.7060278943785975,0.8475220538225758,0.7856220744135003,2.194454316141644,-1.223184390876188,1.5344633035460336,-0.39097469975702664,0.5962202890808133,-1.3484852595196537,-0.12180903031383264,1.598652302148429,1.7015426080271017
-0.029099449053866445,0.8385523411322893,-0.4914975187980172,-0.846821542506724,-0.38678982241038173,-1.9118180435387702,0.5883674005367534,0.0,-0.9522929891607599,-0.6657520460385278,2.655763759644376,1.203937739304957,0.9161276312580487,1.469744206723774,0.5531171825700949,-0.36958649425188594,-0.9808971328166136,-1.2312982648460196,0.632729423057786,-0.030765304963843006,0.1430046794462067,-0.020131167684199668,1.4561690609711522,1.7015426080271017
-0.029099449053866445,0.8385523411322893,-1.6138536729488038,-0.846821542506724,-1.8067254988278127,-1.1144367268032296,1.3696623373718366,0.0,-1.737321949505005,-0.6657520460385278,-0.4217977735906751,1.203937739304957,0.9161276312580487,1.158639064223402,1.483119011634211,1.728310345257782,-0.2538134838594481,-0.0020813214763596324,0.9252418187908061,-0.9711480314604819,-1.3484852595196537,-0.020131167684199668,1.4561690609711522,1.7015426080271017
-0.029099449053866445,0.8385523411322893,-0.4914975187980172,-1.3950399372025626,-0.38678982241038173,-0.31705541006768895,1.3696623373718366,0.0,-0.9522929891607599,0.6771090687267264,-0.4217977735906751,0.547517855938155,0.2858284206196948,1.158639064223402,1.483119011634211,-1.535053123118236,1.4425671138549763,-0.6167366847818262,0.48651785631665484,-0.030765304963843006,-0.8512966597545222,-0.12180903031383264,1.4561690609711522,1.7015426080271017
