pattern_row,pattern_id,cv_fold,label,scenario,risk_score,threshold,y_pred
0,CN7_L_000000,0,0,S0,-0.029090972696034445,0.023735534496390542,0
2,CN7_L_000002,0,0,S0,-0.02549068789251141,0.023735534496390542,0
3,CN7_L_000003,0,0,S0,-0.05448933693631375,0.023735534496390542,0
4,CN7_L_000004,3,0,S0,-0.04959742092483532,0.023735534496390542,0
5,CN7_L_000005,2,0,S0,-0.07062606120997517,0.023735534496390542,0
6,CN7_L_000006,2,0,S0,-0.07761974706041253,0.023735534496390542,0
7,CN7_L_000007,1,0,S0,-0.08048745051947126,0.023735534496390542,0
8,CN7_L_000008,0,0,S0,-0.023936361856305766,0.023735534496390542,0
9,CN7_L_000009,1,0,S0,-0.01727406686708166,0.023735534496390542,0
10,CN7_L_000010,0,0,S0,-0.04331031121140194,0.023735534496390542,0
11,CN7_L_000011,0,0,S0,-0.046728260514453446,0.023735534496390542,0
12,CN7_L_000012,1,0,S0,-0.01584025465833605,0.023735534496390542,0
15,CN7_L_000015,2,0,S0,-0.10300805858078022,0.023735534496390542,0
16,CN7_L_000016,1,0,S0,-0.08173641286478217,0.023735534496390542,0
17,CN7_L_000017,3,0,S0,-0.02928453131656239,0.023735534496390542,0
18,CN7_L_000018,2,0,S0,-0.03915350199008438,0.023735534496390542,0
19,CN7_L_000019,1,0,S0,-0.04538530112693184,0.023735534496390542,0
22,CN7_L_000022,0,0,S0,0.023735534496390542,0.023735534496390542,0
23,CN7_L_000023,3,0,S0,-0.041259800427554616,0.023735534496390542,0
24,CN7_L_000024,3,1,S0,-0.04271713824809131,0.023735534496390542,0
25,CN7_L_000025,0,0,S0,-0.03418798573154591,0.023735534496390542,0
26,CN7_L_000026,0,0,S0,-0.02383184794082238,0.023735534496390542,0
27,CN7_L_000027,3,0,S0,-0.055347597522363845,0.023735534496390542,0
29,CN7_L_000029,0,0,S0,-0.00703116696684436,0.023735534496390542,0
30,CN7_L_000030,1,0,S0,-0.05939828559087923,0.023735534496390542,0
31,CN7_L_000031,0,0,S0,-0.017081073836251903,0.023735534496390542,0
32,CN7_L_000032,2,0,S0,-0.03327966371131197,0.023735534496390542,0
34,CN7_L_000034,3,0,S0,-0.05874549147392916,0.023735534496390542,0
36,CN7_L_000036,0,0,S0,0.864263357260046,0.023735534496390542,1
37,CN7_L_000037,0,0,S0,-0.015049386917684426,0.023735534496390542,0
38,CN7_L_000038,3,0,S0,-0.0683267601431341,0.023735534496390542,0
39,CN7_L_000039,0,0,S0,-0.03636153458677471,0.023735534496390542,0
40,CN7_L_000040,1,1,S0,-0.030660701018718317,0.023735534496390542,0
41,CN7_L_000041,1,0,S0,-0.04005791318398,0.023735534496390542,0
43,CN7_L_000043,0,0,S0,-0.0566095170997567,0.023735534496390542,0
44,CN7_L_000044,3,0,S0,-0.032600931670502487,0.023735534496390542,0
45,CN7_L_000045,0,0,S0,-0.025432282702210873,0.023735534496390542,0
46,CN7_L_000046,0,0,S0,-0.04190199079522161,0.023735534496390542,0
47,CN7_L_000047,2,0,S0,-0.08505878290591973,0.023735534496390542,0
48,CN7_L_000048,0,1,S0,0.03383154742552952,0.023735534496390542,1
49,CN7_L_000049,3,0,S0,-0.06331225656033945,0.023735534496390542,0
52,CN7_L_000052,2,1,S0,-0.07070709619845816,0.023735534496390542,0
53,CN7_L_000053,1,1,S0,-0.04845665681237543,0.023735534496390542,0
54,CN7_L_000054,3,1,S0,-0.036465864946055415,0.023735534496390542,0
55,CN7_L_000055,0,1,S0,-0.036680361850988774,0.023735534496390542,0
56,CN7_L_000056,2,1,S0,-0.05467136298864439,0.023735534496390542,0
58,CN7_L_000058,1,1,S0,0.23794101226042885,0.023735534496390542,1
59,CN7_L_000059,3,1,S0,0.5193744903194251,0.023735534496390542,1
60,CN7_L_000060,2,1,S0,0.317314101229039,0.023735534496390542,1
62,CN7_L_000062,1,0,S0,-0.0889474860288515,0.023735534496390542,0
63,CN7_L_000063,3,0,S0,-0.0805273118758274,0.023735534496390542,0
64,CN7_L_000064,3,0,S0,-0.07863313257439009,0.023735534496390542,0
65,CN7_L_000065,2,0,S0,-0.07338508429257606,0.023735534496390542,0
67,CN7_L_000067,3,0,S0,-0.028643070958416672,0.023735534496390542,0
68,CN7_L_000068,3,0,S0,-0.040113270733956874,0.023735534496390542,0
69,CN7_L_000069,2,0,S0,-0.05082253456775421,0.023735534496390542,0
70,CN7_L_000070,1,0,S0,-0.06015021589407743,0.023735534496390542,0
71,CN7_L_000071,2,0,S0,-0.08182832606108326,0.023735534496390542,0
73,CN7_L_000073,0,0,S0,-0.06860975352915988,0.023735534496390542,0
74,CN7_L_000074,0,0,S0,-0.021368983080904513,0.023735534496390542,0
77,CN7_L_000077,2,0,S0,-0.0253092222315896,0.023735534496390542,0
79,CN7_L_000079,3,0,S0,-0.011331739145709285,0.023735534496390542,0
80,CN7_L_000080,2,0,S0,-0.04407496731805649,0.023735534496390542,0
81,CN7_L_000081,2,0,S0,-0.08710040755613813,0.023735534496390542,0
82,CN7_L_000082,3,0,S0,-0.02267264509424427,0.023735534496390542,0
83,CN7_L_000083,2,0,S0,-0.0725792851369329,0.023735534496390542,0
84,CN7_L_000084,3,0,S0,-0.05829980877644614,0.023735534496390542,0
86,CN7_L_000086,0,0,S0,-0.01600447839595187,0.023735534496390542,0
87,CN7_L_000087,3,0,S0,-0.07101801487846426,0.023735534496390542,0
88,CN7_L_000088,0,0,S0,-0.05111137765859697,0.023735534496390542,0
89,CN7_L_000089,3,0,S0,-0.025941174497914332,0.023735534496390542,0
90,CN7_L_000090,1,0,S0,-0.05221648354311803,0.023735534496390542,0
91,CN7_L_000091,2,0,S0,-0.11206075447723807,0.023735534496390542,0
92,CN7_L_000092,3,0,S0,-0.05058086371139847,0.023735534496390542,0
93,CN7_L_000093,1,0,S0,-0.042709873101303586,0.023735534496390542,0
95,CN7_L_000095,0,0,S0,0.018354051932808257,0.023735534496390542,0
96,CN7_L_000096,3,0,S0,-0.040564613849570996,0.023735534496390542,0
97,CN7_L_000097,3,0,S0,-0.037951523866468495,0.023735534496390542,0
98,CN7_L_000098,3,0,S0,-0.007068639207544525,0.023735534496390542,0
99,CN7_L_000099,2,0,S0,-0.08209093432366288,0.023735534496390542,0
100,CN7_L_000100,3,0,S0,-0.03986500440645058,0.023735534496390542,0
102,CN7_L_000102,3,0,S0,-0.06362518907542292,0.023735534496390542,0
103,CN7_L_000103,0,0,S0,0.013663296484963894,0.023735534496390542,0
104,CN7_L_000104,2,0,S0,-0.0611527081918557,0.023735534496390542,0
106,CN7_L_000106,3,0,S0,-0.025621099888092136,0.023735534496390542,0
107,CN7_L_000107,0,0,S0,-0.01965882640287031,0.023735534496390542,0
108,CN7_L_000108,2,0,S0,-0.08194162200919264,0.023735534496390542,0
109,CN7_L_000109,2,0,S0,-0.060340968770814296,0.023735534496390542,0
110,CN7_L_000110,0,0,S0,0.004961521330724583,0.023735534496390542,0
111,CN7_L_000111,1,0,S0,-0.10766109147378611,0.023735534496390542,0
115,CN7_L_000115,0,0,S0,-0.04764879450151627,0.023735534496390542,0
117,CN7_L_000117,3,0,S0,0.016875803195606665,0.023735534496390542,0
118,CN7_L_000118,3,0,S0,-0.0406335578347079,0.023735534496390542,0
121,CN7_L_000121,3,0,S0,-0.053661361473282376,0.023735534496390542,0
122,CN7_L_000122,3,0,S0,-0.0500566906852562,0.023735534496390542,0
123,CN7_L_000123,0,0,S0,-0.03411372734193918,0.023735534496390542,0
124,CN7_L_000124,2,0,S0,-0.08453673608021539,0.023735534496390542,0
125,CN7_L_000125,3,0,S0,-0.04638138004913239,0.023735534496390542,0
126,CN7_L_000126,2,0,S0,-0.03518340765385064,0.023735534496390542,0
127,CN7_L_000127,0,0,S0,-0.02190966684235285,0.023735534496390542,0
128,CN7_L_000128,1,0,S0,-0.06662760871060236,0.023735534496390542,0
129,CN7_L_000129,2,0,S0,-0.07530958275407462,0.023735534496390542,0
130,CN7_L_000130,1,0,S0,-0.057041182703719606,0.023735534496390542,0
131,CN7_L_000131,3,0,S0,-0.07561079221789058,0.023735534496390542,0
132,CN7_L_000132,1,0,S0,-0.08314528994148462,0.023735534496390542,0
133,CN7_L_000133,1,0,S0,-0.041949578833038625,0.023735534496390542,0
134,CN7_L_000134,2,0,S0,-0.04356200774485508,0.023735534496390542,0
136,CN7_L_000136,0,0,S0,-0.023618542086969452,0.023735534496390542,0
137,CN7_L_000137,3,0,S0,-0.05395878685563371,0.023735534496390542,0
138,CN7_L_000138,0,0,S0,-0.03107013319309937,0.023735534496390542,0
139,CN7_L_000139,2,0,S0,-0.07485168741303028,0.023735534496390542,0
140,CN7_L_000140,1,0,S0,-0.07835706378383778,0.023735534496390542,0
141,CN7_L_000141,3,0,S0,-0.05319705085138571,0.023735534496390542,0
143,CN7_L_000143,1,0,S0,-0.06140230011541803,0.023735534496390542,0
145,CN7_L_000145,0,0,S0,-0.058899412107464855,0.023735534496390542,0
146,CN7_L_000146,3,0,S0,-0.04308953667166149,0.023735534496390542,0
147,CN7_L_000147,1,0,S0,-0.012510265480172755,0.023735534496390542,0
150,CN7_L_000150,3,0,S0,-0.044633002392906906,0.023735534496390542,0
151,CN7_L_000151,0,0,S0,-0.04598646659773342,0.023735534496390542,0
153,CN7_L_000153,0,0,S0,-0.041427810152345756,0.023735534496390542,0
154,CN7_L_000154,0,0,S0,0.01802303905550673,0.023735534496390542,0
155,CN7_L_000155,1,0,S0,-0.010750490382033462,0.023735534496390542,0
156,CN7_L_000156,0,0,S0,0.02051889980320265,0.023735534496390542,0
157,CN7_L_000157,0,0,S0,-0.053776909349351865,0.023735534496390542,0
158,CN7_L_000158,0,0,S0,-0.02776540082822221,0.023735534496390542,0
159,CN7_L_000159,2,0,S0,-0.05740952302005464,0.023735534496390542,0
160,CN7_L_000160,1,0,S0,-0.07338274865323235,0.023735534496390542,0
161,CN7_L_000161,1,0,S0,-0.11648339116713968,0.023735534496390542,0
162,CN7_L_000162,2,0,S0,-0.10283486127856412,0.023735534496390542,0
163,CN7_L_000163,2,0,S0,-0.03946511188979107,0.023735534496390542,0
164,CN7_L_000164,0,0,S0,0.5616301353702413,0.023735534496390542,1
165,CN7_L_000165,2,0,S0,-0.07946776304745384,0.023735534496390542,0
166,CN7_L_000166,1,0,S0,-0.06353669750751312,0.023735534496390542,0
167,CN7_L_000167,2,0,S0,-0.028080259384441142,0.023735534496390542,0
168,CN7_L_000168,3,0,S0,-0.02197673730973726,0.023735534496390542,0
169,CN7_L_000169,2,0,S0,-0.07500188710081046,0.023735534496390542,0
171,CN7_L_000171,3,0,S0,-0.06568577797174369,0.023735534496390542,0
172,CN7_L_000172,0,0,S0,-0.04807845279579981,0.023735534496390542,0
173,CN7_L_000173,3,0,S0,-0.046055664497103965,0.023735534496390542,0
177,CN7_L_000177,1,0,S0,-0.05860508453072377,0.023735534496390542,0
178,CN7_L_000178,0,0,S0,-0.06734061017335158,0.023735534496390542,0
179,CN7_L_000179,0,0,S0,-0.07235789662051273,0.023735534496390542,0
181,CN7_L_000181,0,0,S0,-0.04265897403051211,0.023735534496390542,0
182,CN7_L_000182,0,0,S0,-0.05139394790694807,0.023735534496390542,0
183,CN7_L_000183,3,0,S0,-0.06203011192582242,0.023735534496390542,0
184,CN7_L_000184,2,0,S0,-0.0775271460188045,0.023735534496390542,0
186,CN7_L_000186,0,0,S0,-0.06861681970207378,0.023735534496390542,0
187,CN7_L_000187,1,0,S0,-0.09361642291938965,0.023735534496390542,0
188,CN7_L_000188,0,0,S0,-0.05319460770511153,0.023735534496390542,0
189,CN7_L_000189,0,0,S0,-0.02827675345174896,0.023735534496390542,0
190,CN7_L_000190,2,0,S0,-0.07429905464461317,0.023735534496390542,0
191,CN7_L_000191,2,0,S0,-0.059555040586073194,0.023735534496390542,0
192,CN7_L_000192,0,0,S0,-0.016162653950108297,0.023735534496390542,0
193,CN7_L_000193,2,0,S0,-0.017886474051532986,0.023735534496390542,0
194,CN7_L_000194,1,0,S0,0.005890004378985125,0.023735534496390542,0
195,CN7_L_000195,0,0,S0,-0.014621905712058236,0.023735534496390542,0
196,CN7_L_000196,0,0,S0,-0.02375845063160531,0.023735534496390542,0
197,CN7_L_000197,3,0,S0,-0.04406239608165352,0.023735534496390542,0
198,CN7_L_000198,0,0,S0,-0.03558320714112062,0.023735534496390542,0
199,CN7_L_000199,2,0,S0,-0.007507799454439912,0.023735534496390542,0
200,CN7_L_000200,3,0,S0,-0.036685871595592445,0.023735534496390542,0
202,CN7_L_000202,0,0,S0,-0.03848313838903206,0.023735534496390542,0
204,CN7_L_000204,0,0,S0,-0.059826525931205854,0.023735534496390542,0
206,CN7_L_000206,1,0,S0,-0.027646206059199763,0.023735534496390542,0
207,CN7_L_000207,1,0,S0,-0.004163457514589464,0.023735534496390542,0
208,CN7_L_000208,2,0,S0,0.00017383645873181308,0.023735534496390542,0
209,CN7_L_000209,3,0,S0,-0.01706191617518682,0.023735534496390542,0
210,CN7_L_000210,3,0,S0,-0.046814442933546196,0.023735534496390542,0
211,CN7_L_000211,3,0,S0,-0.0013191471644851127,0.023735534496390542,0
212,CN7_L_000212,3,0,S0,-0.049754217719148564,0.023735534496390542,0
213,CN7_L_000213,3,0,S0,-0.035059998245332125,0.023735534496390542,0
216,CN7_L_000216,3,0,S0,-0.03576409892145005,0.023735534496390542,0
217,CN7_L_000217,1,0,S0,-0.04879898760519508,0.023735534496390542,0
218,CN7_L_000218,2,0,S0,-0.055548502056042004,0.023735534496390542,0
220,CN7_L_000220,2,0,S0,-0.036043570907444256,0.023735534496390542,0
221,CN7_L_000221,2,0,S0,-0.03376434926298666,0.023735534496390542,0
222,CN7_L_000222,3,0,S0,-0.07025750308419143,0.023735534496390542,0
223,CN7_L_000223,1,0,S0,0.0196276801921047,0.023735534496390542,0
224,CN7_L_000224,3,0,S0,-0.02930018300609527,0.023735534496390542,0
225,CN7_L_000225,0,0,S0,-0.034043030795487095,0.023735534496390542,0
226,CN7_L_000226,3,0,S0,-0.045275732860980966,0.023735534496390542,0
231,CN7_L_000231,1,0,S0,-0.02380711341577557,0.023735534496390542,0
232,CN7_L_000232,1,0,S0,-0.032294289305142776,0.023735534496390542,0
233,CN7_L_000233,1,0,S0,-0.015018963017972897,0.023735534496390542,0
234,CN7_L_000234,3,0,S0,-0.021624805130155522,0.023735534496390542,0
235,CN7_L_000235,3,0,S0,-0.034428228688584195,0.023735534496390542,0
236,CN7_L_000236,0,0,S0,-0.051875102556887764,0.023735534496390542,0
237,CN7_L_000237,3,0,S0,-0.057726691654647944,0.023735534496390542,0
238,CN7_L_000238,1,0,S0,-0.0725927590175699,0.023735534496390542,0
239,CN7_L_000239,1,0,S0,-0.02369797528378781,0.023735534496390542,0
241,CN7_L_000241,1,0,S0,-0.035135026913591716,0.023735534496390542,0
242,CN7_L_000242,0,0,S0,0.0021467067080371827,0.023735534496390542,0
243,CN7_L_000243,2,0,S0,-0.054735465429060604,0.023735534496390542,0
245,CN7_L_000245,1,0,S0,-0.05358011043264854,0.023735534496390542,0
246,CN7_L_000246,1,0,S0,-0.07963782286691368,0.023735534496390542,0
247,CN7_L_000247,1,0,S0,-0.05042705064597275,0.023735534496390542,0
248,CN7_L_000248,2,0,S0,-0.07703016392650497,0.023735534496390542,0
249,CN7_L_000249,3,0,S0,-0.0405497999549409,0.023735534496390542,0
250,CN7_L_000250,1,0,S0,-0.07662211995691504,0.023735534496390542,0
251,CN7_L_000251,2,0,S0,-0.054572839918817895,0.023735534496390542,0
252,CN7_L_000252,1,0,S0,-0.04932167962969114,0.023735534496390542,0
253,CN7_L_000253,3,0,S0,-0.0529783015622165,0.023735534496390542,0
254,CN7_L_000254,3,0,S0,-0.0382709434549664,0.023735534496390542,0
256,CN7_L_000256,3,0,S0,-0.0511144345112009,0.023735534496390542,0
258,CN7_L_000258,2,0,S0,-0.09043695702792265,0.023735534496390542,0
259,CN7_L_000259,0,0,S0,-0.061728923496930044,0.023735534496390542,0
260,CN7_L_000260,1,0,S0,-0.10545982355724126,0.023735534496390542,0
261,CN7_L_000261,3,0,S0,-0.0500226914176789,0.023735534496390542,0
262,CN7_L_000262,3,0,S0,-0.06517407047038759,0.023735534496390542,0
263,CN7_L_000263,2,0,S0,-0.0441564548678679,0.023735534496390542,0
264,CN7_L_000264,3,0,S0,-0.04904888766459381,0.023735534496390542,0
267,CN7_L_000267,0,0,S0,-0.0522126047680036,0.023735534496390542,0
268,CN7_L_000268,0,0,S0,-0.06244644609955019,0.023735534496390542,0
269,CN7_L_000269,1,0,S0,-0.05985544909982243,0.023735534496390542,0
270,CN7_L_000270,2,0,S0,-0.08739629865893717,0.023735534496390542,0
271,CN7_L_000271,0,0,S0,-0.06795419767890509,0.023735534496390542,0
272,CN7_L_000272,2,0,S0,-0.0658342968368486,0.023735534496390542,0
273,CN7_L_000273,3,0,S0,-0.04388526426409056,0.023735534496390542,0
275,CN7_L_000275,1,0,S0,-0.08537578924893152,0.023735534496390542,0
276,CN7_L_000276,1,0,S0,-0.08629230656974096,0.023735534496390542,0
277,CN7_L_000277,1,0,S0,-0.05292257014029911,0.023735534496390542,0
278,CN7_L_000278,1,0,S0,-0.07051520140105438,0.023735534496390542,0
279,CN7_L_000279,0,0,S0,-0.05224361627143548,0.023735534496390542,0
280,CN7_L_000280,3,0,S0,-0.071771168112579,0.023735534496390542,0
282,CN7_L_000282,0,0,S0,-0.045367352043773845,0.023735534496390542,0
285,CN7_L_000285,0,0,S0,-0.05904909729527974,0.023735534496390542,0
286,CN7_L_000286,0,0,S0,-0.07447086547283233,0.023735534496390542,0
288,CN7_L_000288,2,0,S0,-0.08023465190137413,0.023735534496390542,0
289,CN7_L_000289,1,0,S0,-0.0973322392556879,0.023735534496390542,0
291,CN7_L_000291,3,0,S0,-0.05388336865309862,0.023735534496390542,0
292,CN7_L_000292,3,0,S0,-0.04616844075853388,0.023735534496390542,0
293,CN7_L_000293,1,0,S0,-0.08332396558463673,0.023735534496390542,0
294,CN7_L_000294,2,0,S0,-0.12913411590656843,0.023735534496390542,0
295,CN7_L_000295,1,0,S0,-0.0888131154978482,0.023735534496390542,0
296,CN7_L_000296,3,0,S0,-0.0628157324147054,0.023735534496390542,0
297,CN7_L_000297,1,0,S0,-0.08832826514144498,0.023735534496390542,0
298,CN7_L_000298,0,0,S0,-0.07220914568690073,0.023735534496390542,0
299,CN7_L_000299,1,0,S0,-0.06308321061497546,0.023735534496390542,0
300,CN7_L_000300,1,0,S0,-0.06887370213408595,0.023735534496390542,0
301,CN7_L_000301,1,0,S0,-0.055311668701566674,0.023735534496390542,0
303,CN7_L_000303,1,0,S0,-0.07937728793296328,0.023735534496390542,0
304,CN7_L_000304,0,0,S0,-0.06592849644936871,0.023735534496390542,0
305,CN7_L_000305,0,0,S0,-0.07044654139983653,0.023735534496390542,0
307,CN7_L_000307,3,0,S0,-0.06450001799751748,0.023735534496390542,0
308,CN7_L_000308,0,0,S0,-0.07917712605285798,0.023735534496390542,0
310,CN7_L_000310,3,0,S0,-0.0667028990576819,0.023735534496390542,0
311,CN7_L_000311,1,0,S0,-0.06991118036590027,0.023735534496390542,0
312,CN7_L_000312,2,0,S0,-0.09565105917360173,0.023735534496390542,0
313,CN7_L_000313,0,0,S0,-0.055272433329990545,0.023735534496390542,0
314,CN7_L_000314,1,0,S0,-0.09884810482812201,0.023735534496390542,0
315,CN7_L_000315,2,0,S0,-0.09297653030475406,0.023735534496390542,0
316,CN7_L_000316,3,0,S0,-0.06902519296500342,0.023735534496390542,0
317,CN7_L_000317,3,0,S0,-0.03664932653352615,0.023735534496390542,0
318,CN7_L_000318,2,0,S0,-0.05799843375390168,0.023735534496390542,0
319,CN7_L_000319,0,0,S0,-0.08061837941439753,0.023735534496390542,0
320,CN7_L_000320,2,0,S0,-0.07732452009843671,0.023735534496390542,0
321,CN7_L_000321,0,0,S0,-0.06189434117370318,0.023735534496390542,0
323,CN7_L_000323,0,0,S0,-0.07807463673322212,0.023735534496390542,0
324,CN7_L_000324,0,0,S0,-0.04852772163393615,0.023735534496390542,0
325,CN7_L_000325,1,0,S0,-0.06581103542059674,0.023735534496390542,0
326,CN7_L_000326,1,0,S0,-0.07168364928167303,0.023735534496390542,0
328,CN7_L_000328,1,0,S0,-0.07575137601969884,0.023735534496390542,0
330,CN7_L_000330,1,0,S0,-0.08865659046719099,0.023735534496390542,0
331,CN7_L_000331,1,0,S0,-0.07842969514410747,0.023735534496390542,0
332,CN7_L_000332,0,0,S0,-0.06088886905257551,0.023735534496390542,0
333,CN7_L_000333,2,0,S0,-0.08698130514644342,0.023735534496390542,0
334,CN7_L_000334,3,0,S0,-0.0969394260969545,0.023735534496390542,0
335,CN7_L_000335,3,0,S0,-0.03525870083713434,0.023735534496390542,0
336,CN7_L_000336,2,0,S0,-0.05290271165835447,0.023735534496390542,0
337,CN7_L_000337,2,0,S0,-0.08076745345109249,0.023735534496390542,0
338,CN7_L_000338,2,0,S0,-0.07181876900681461,0.023735534496390542,0
339,CN7_L_000339,3,0,S0,-0.08204988046459682,0.023735534496390542,0
340,CN7_L_000340,2,0,S0,-0.07863990331095083,0.023735534496390542,0
342,CN7_L_000342,1,0,S0,-0.0527510946056422,0.023735534496390542,0
343,CN7_L_000343,2,0,S0,-0.09265127433332898,0.023735534496390542,0
345,CN7_L_000345,1,0,S0,-0.07974733773370435,0.023735534496390542,0
346,CN7_L_000346,3,0,S0,-0.06390476148321955,0.023735534496390542,0
347,CN7_L_000347,1,0,S0,-0.07115720391051816,0.023735534496390542,0
348,CN7_L_000348,1,0,S0,-0.050496593855895,0.023735534496390542,0
349,CN7_L_000349,3,0,S0,-0.07121296427523216,0.023735534496390542,0
350,CN7_L_000350,2,0,S0,-0.08581210766819902,0.023735534496390542,0
352,CN7_L_000352,2,0,S0,-0.11068199139670432,0.023735534496390542,0
354,CN7_L_000354,3,0,S0,-0.08194405350020517,0.023735534496390542,0
355,CN7_L_000355,2,0,S0,-0.10776391788005268,0.023735534496390542,0
356,CN7_L_000356,2,0,S0,-0.05681054559403842,0.023735534496390542,0
358,CN7_L_000358,2,0,S0,-0.06394083999235756,0.023735534496390542,0
360,CN7_L_000360,2,0,S0,-0.05947854190272217,0.023735534496390542,0
361,CN7_L_000361,2,0,S0,-0.07802137362026063,0.023735534496390542,0
362,CN7_L_000362,0,0,S0,-0.03769149938365768,0.023735534496390542,0
363,CN7_L_000363,1,0,S0,-0.10388048038472908,0.023735534496390542,0
364,CN7_L_000364,2,0,S0,-0.07627701010666854,0.023735534496390542,0
365,CN7_L_000365,2,0,S0,-0.1316716411268124,0.023735534496390542,0
366,CN7_L_000366,2,0,S0,-0.11542129904069887,0.023735534496390542,0
367,CN7_L_000367,3,0,S0,-0.04725469358689427,0.023735534496390542,0
368,CN7_L_000368,2,0,S0,-0.045396900050695965,0.023735534496390542,0
369,CN7_L_000369,1,0,S0,-0.07992453680562628,0.023735534496390542,0
370,CN7_L_000370,2,0,S0,-0.0754548012943741,0.023735534496390542,0
371,CN7_L_000371,1,0,S0,-0.05842502025924823,0.023735534496390542,0
372,CN7_L_000372,1,0,S0,-0.09128446753461494,0.023735534496390542,0
374,CN7_L_000374,1,0,S0,-0.09866832734549913,0.023735534496390542,0
375,CN7_L_000375,2,0,S0,-0.1520726109957753,0.023735534496390542,0
376,CN7_L_000376,1,0,S0,-0.10422750523948032,0.023735534496390542,0
377,CN7_L_000377,0,0,S0,-0.05547391085549913,0.023735534496390542,0
378,CN7_L_000378,1,0,S0,-0.06699751255353714,0.023735534496390542,0
379,CN7_L_000379,3,0,S0,-0.0524012880756386,0.023735534496390542,0
381,CN7_L_000381,1,0,S0,-0.03894027661872368,0.023735534496390542,0
382,CN7_L_000382,3,0,S0,-0.0720490890576162,0.023735534496390542,0
383,CN7_L_000383,3,0,S0,-0.06962299944125183,0.023735534496390542,0
384,CN7_L_000384,1,0,S0,-0.12819067481017488,0.023735534496390542,0
385,CN7_L_000385,2,0,S0,-0.11639010198489741,0.023735534496390542,0
387,CN7_L_000387,3,0,S0,-0.032276687277821736,0.023735534496390542,0
388,CN7_L_000388,0,0,S0,-0.061445107750359274,0.023735534496390542,0
389,CN7_L_000389,2,0,S0,-0.048457243775248404,0.023735534496390542,0
390,CN7_L_000390,3,0,S0,-0.030862924266212843,0.023735534496390542,0
391,CN7_L_000391,1,0,S0,-0.0785053139979004,0.023735534496390542,0
394,CN7_L_000394,3,0,S0,-0.06341409739861481,0.023735534496390542,0
395,CN7_L_000395,0,0,S0,-0.07307506876716285,0.023735534496390542,0
396,CN7_L_000396,3,0,S0,-0.05716512968673815,0.023735534496390542,0
397,CN7_L_000397,0,0,S0,-0.08037841205373919,0.023735534496390542,0
398,CN7_L_000398,2,0,S0,-0.07186002790785695,0.023735534496390542,0
400,CN7_L_000400,0,0,S0,-0.08005617100043505,0.023735534496390542,0
402,CN7_L_000402,2,0,S0,-0.09221102030658512,0.023735534496390542,0
404,CN7_L_000404,1,0,S0,-0.07967241564197813,0.023735534496390542,0
406,CN7_L_000406,1,0,S0,-0.08666699666621946,0.023735534496390542,0
407,CN7_L_000407,0,0,S0,-0.045528977438214824,0.023735534496390542,0
408,CN7_L_000408,0,0,S0,-0.01115625573988055,0.023735534496390542,0
409,CN7_L_000409,0,0,S0,-0.03123694164678792,0.023735534496390542,0
410,CN7_L_000410,1,0,S0,-0.08656176377402858,0.023735534496390542,0
411,CN7_L_000411,1,0,S0,-0.1150564103189291,0.023735534496390542,0
412,CN7_L_000412,3,0,S0,-0.0439627463664678,0.023735534496390542,0
413,CN7_L_000413,2,0,S0,-0.0958336171695886,0.023735534496390542,0
414,CN7_L_000414,1,0,S0,-0.060568278204086834,0.023735534496390542,0
416,CN7_L_000416,0,0,S0,-0.09105429442014623,0.023735534496390542,0
417,CN7_L_000417,0,0,S0,-0.0660968065289782,0.023735534496390542,0
418,CN7_L_000418,2,0,S0,-0.06651635025386149,0.023735534496390542,0
419,CN7_L_000419,2,0,S0,-0.09203134137527424,0.023735534496390542,0
421,CN7_L_000421,3,0,S0,-0.06588541465408904,0.023735534496390542,0
422,CN7_L_000422,1,0,S0,-0.13421516664715538,0.023735534496390542,0
423,CN7_L_000423,0,0,S0,-0.06732853759874002,0.023735534496390542,0
424,CN7_L_000424,3,0,S0,-0.03757712910005573,0.023735534496390542,0
425,CN7_L_000425,1,0,S0,-0.06189474838368847,0.023735534496390542,0
426,CN7_L_000426,2,0,S0,-0.10501531629540262,0.023735534496390542,0
428,CN7_L_000428,2,0,S0,-0.09337281749511961,0.023735534496390542,0
429,CN7_L_000429,3,0,S0,-0.036301298781483915,0.023735534496390542,0
430,CN7_L_000430,0,0,S0,-0.08249882383436136,0.023735534496390542,0
433,CN7_L_000433,2,0,S0,-0.08320938596996319,0.023735534496390542,0
434,CN7_L_000434,3,0,S0,-0.052142324022021125,0.023735534496390542,0
435,CN7_L_000435,0,0,S0,-0.08207364795510053,0.023735534496390542,0
436,CN7_L_000436,1,0,S0,-0.09352223017687766,0.023735534496390542,0
437,CN7_L_000437,3,0,S0,-0.07140510244033926,0.023735534496390542,0
438,CN7_L_000438,1,0,S0,-0.07136324727200494,0.023735534496390542,0
439,CN7_L_000439,1,0,S0,-0.05043954636096437,0.023735534496390542,0
440,CN7_L_000440,0,0,S0,-0.07670068987495338,0.023735534496390542,0
442,CN7_L_000442,2,0,S0,-0.09439980894351319,0.023735534496390542,0
443,CN7_L_000443,1,0,S0,-0.0657303635169284,0.023735534496390542,0
445,CN7_L_000445,0,0,S0,-0.07563341916791844,0.023735534496390542,0
446,CN7_L_000446,0,0,S0,-0.07226250965634629,0.023735534496390542,0
447,CN7_L_000447,0,0,S0,-0.05590033307501541,0.023735534496390542,0
448,CN7_L_000448,2,0,S0,-0.08926848819192745,0.023735534496390542,0
450,CN7_L_000450,2,0,S0,-0.09108849418094644,0.023735534496390542,0
451,CN7_L_000451,1,0,S0,-0.11862975204038717,0.023735534496390542,0
452,CN7_L_000452,3,0,S0,-0.0699289323818082,0.023735534496390542,0
453,CN7_L_000453,0,0,S0,-0.06589629483744153,0.023735534496390542,0
454,CN7_L_000454,3,0,S0,-0.04032992719373807,0.023735534496390542,0
455,CN7_L_000455,1,0,S0,-0.06267042642663201,0.023735534496390542,0
456,CN7_L_000456,2,0,S0,-0.0352723677314879,0.023735534496390542,0
457,CN7_L_000457,2,0,S0,-0.04991175041845608,0.023735534496390542,0
458,CN7_L_000458,1,0,S0,-0.058255311624496375,0.023735534496390542,0
459,CN7_L_000459,3,0,S0,-0.05031275100735089,0.023735534496390542,0
460,CN7_L_000460,1,0,S0,-0.07943020860186412,0.023735534496390542,0
461,CN7_L_000461,0,0,S0,-0.027156777928312614,0.023735534496390542,0
463,CN7_L_000463,1,0,S0,-0.10174583427333239,0.023735534496390542,0
464,CN7_L_000464,1,0,S0,-0.08991684922730458,0.023735534496390542,0
465,CN7_L_000465,3,0,S0,-0.051409732333944635,0.023735534496390542,0
466,CN7_L_000466,0,0,S0,-0.07569317406307174,0.023735534496390542,0
467,CN7_L_000467,2,0,S0,-0.04775119005339601,0.023735534496390542,0
470,CN7_L_000470,3,0,S0,-0.014725084859568582,0.023735534496390542,0
471,CN7_L_000471,0,0,S0,-0.049251520178682284,0.023735534496390542,0
474,CN7_L_000474,2,0,S0,-0.06569687896226073,0.023735534496390542,0
476,CN7_L_000476,0,0,S0,-0.07246567817449234,0.023735534496390542,0
477,CN7_L_000477,1,0,S0,-0.057230003400500884,0.023735534496390542,0
478,CN7_L_000478,0,0,S0,-0.06993321116544182,0.023735534496390542,0
479,CN7_L_000479,3,0,S0,-0.0724363356542792,0.023735534496390542,0
481,CN7_L_000481,3,0,S0,-0.073618167064192,0.023735534496390542,0
482,CN7_L_000482,1,0,S0,-0.08891216575461236,0.023735534496390542,0
483,CN7_L_000483,2,0,S0,-0.07733706902214221,0.023735534496390542,0
484,CN7_L_000484,3,0,S0,-0.020793708976500014,0.023735534496390542,0
486,CN7_L_000486,3,0,S0,-0.034845995217372305,0.023735534496390542,0
487,CN7_L_000487,2,0,S0,-0.0809353207792145,0.023735534496390542,0
491,CN7_L_000491,1,0,S0,-0.1269352235616461,0.023735534496390542,0
492,CN7_L_000492,1,0,S0,-0.03107442820329842,0.023735534496390542,0
493,CN7_L_000493,1,0,S0,-0.03226219563041832,0.023735534496390542,0
494,CN7_L_000494,2,0,S0,-0.07027376468961011,0.023735534496390542,0
495,CN7_L_000495,3,0,S0,-0.011773743590902441,0.023735534496390542,0
496,CN7_L_000496,2,0,S0,-0.11247918938592694,0.023735534496390542,0
497,CN7_L_000497,3,0,S0,-0.023835355422258342,0.023735534496390542,0
499,CN7_L_000499,3,0,S0,-0.06571720958637872,0.023735534496390542,0
500,CN7_L_000500,2,0,S0,-0.10373199813716072,0.023735534496390542,0
501,CN7_L_000501,2,0,S0,-0.10161300967773279,0.023735534496390542,0
502,CN7_L_000502,2,0,S0,-0.06269381807667118,0.023735534496390542,0
504,CN7_L_000504,1,0,S0,-0.08180142161347481,0.023735534496390542,0
507,CN7_L_000507,1,0,S0,-0.04167654056984693,0.023735534496390542,0
508,CN7_L_000508,0,0,S0,-0.0691331316156103,0.023735534496390542,0
509,CN7_L_000509,1,0,S0,-0.11897544877689592,0.023735534496390542,0
510,CN7_L_000510,1,0,S0,-0.060081777935369285,0.023735534496390542,0
511,CN7_L_000511,2,0,S0,-0.06400850357291743,0.023735534496390542,0
513,CN7_L_000513,2,0,S0,-0.05259919677098068,0.023735534496390542,0
514,CN7_L_000514,0,0,S0,-0.04100652071365074,0.023735534496390542,0
515,CN7_L_000515,0,0,S0,-0.04354630550467231,0.023735534496390542,0
516,CN7_L_000516,3,0,S0,-0.03072216187157073,0.023735534496390542,0
517,CN7_L_000517,0,0,S0,-0.05009370052026885,0.023735534496390542,0
519,CN7_L_000519,3,0,S0,-0.05410996592602846,0.023735534496390542,0
520,CN7_L_000520,3,0,S0,-0.0710240928419763,0.023735534496390542,0
521,CN7_L_000521,0,0,S0,-0.04559912288032031,0.023735534496390542,0
523,CN7_L_000523,0,0,S0,-0.04480107509759623,0.023735534496390542,0
525,CN7_L_000525,1,0,S0,-0.0640503761920499,0.023735534496390542,0
526,CN7_L_000526,0,0,S0,-0.05292378601847059,0.023735534496390542,0
527,CN7_L_000527,2,0,S0,-0.11156030106921566,0.023735534496390542,0
528,CN7_L_000528,3,0,S0,-0.02900270036009145,0.023735534496390542,0
529,CN7_L_000529,0,0,S0,-0.07435102041723551,0.023735534496390542,0
530,CN7_L_000530,2,0,S0,-0.08313657979194922,0.023735534496390542,0
532,CN7_L_000532,3,0,S0,-0.07987433447014203,0.023735534496390542,0
533,CN7_L_000533,0,0,S0,-0.04471583609740071,0.023735534496390542,0
534,CN7_L_000534,2,0,S0,-0.07770282110006121,0.023735534496390542,0
535,CN7_L_000535,2,0,S0,-0.06748839900372472,0.023735534496390542,0
536,CN7_L_000536,2,0,S0,-0.10035799938429113,0.023735534496390542,0
537,CN7_L_000537,0,0,S0,-0.08225274810109928,0.023735534496390542,0
538,CN7_L_000538,2,0,S0,-0.10750464032138263,0.023735534496390542,0
539,CN7_L_000539,0,0,S0,-0.06485385478166794,0.023735534496390542,0
541,CN7_L_000541,3,0,S0,-0.050143698280551874,0.023735534496390542,0
542,CN7_L_000542,2,0,S0,-0.07819541938397112,0.023735534496390542,0
543,CN7_L_000543,1,0,S0,-0.08958199772640718,0.023735534496390542,0
544,CN7_L_000544,2,0,S0,-0.05620234529765167,0.023735534496390542,0
545,CN7_L_000545,3,0,S0,-0.055432561385047485,0.023735534496390542,0
546,CN7_L_000546,1,0,S0,-0.10110712620784712,0.023735534496390542,0
547,CN7_L_000547,2,0,S0,-0.13003089915208932,0.023735534496390542,0
548,CN7_L_000548,3,0,S0,-0.022355917431946537,0.023735534496390542,0
549,CN7_L_000549,2,0,S0,-0.10680891116157154,0.023735534496390542,0
550,CN7_L_000550,2,0,S0,-0.07311435188023196,0.023735534496390542,0
551,CN7_L_000551,0,0,S0,-0.08804957715525186,0.023735534496390542,0
553,CN7_L_000553,3,0,S0,-0.05726220101236912,0.023735534496390542,0
555,CN7_L_000555,0,0,S0,-0.0601042288558955,0.023735534496390542,0
556,CN7_L_000556,1,0,S0,-0.10426207999977866,0.023735534496390542,0
557,CN7_L_000557,1,0,S0,-0.09051628871045558,0.023735534496390542,0
558,CN7_L_000558,3,0,S0,-0.03586853109346144,0.023735534496390542,0
559,CN7_L_000559,1,0,S0,-0.12647519424657006,0.023735534496390542,0
560,CN7_L_000560,1,0,S0,-0.07399520993334407,0.023735534496390542,0
561,CN7_L_000561,0,0,S0,-0.06425683963437567,0.023735534496390542,0
562,CN7_L_000562,0,0,S0,-0.07664549170785495,0.023735534496390542,0
563,CN7_L_000563,2,0,S0,-0.07981942556022936,0.023735534496390542,0
564,CN7_L_000564,1,0,S0,-0.056171415219625764,0.023735534496390542,0
566,CN7_L_000566,2,0,S0,-0.09840143935529921,0.023735534496390542,0
567,CN7_L_000567,0,0,S0,-0.03923725572183967,0.023735534496390542,0
568,CN7_L_000568,2,0,S0,-0.10035655900249951,0.023735534496390542,0
569,CN7_L_000569,1,0,S0,-0.09340420951239992,0.023735534496390542,0
570,CN7_L_000570,2,0,S0,-0.07971907191570349,0.023735534496390542,0
571,CN7_L_000571,3,0,S0,-0.05921355221777169,0.023735534496390542,0
572,CN7_L_000572,1,0,S0,-0.07736576326928857,0.023735534496390542,0
573,CN7_L_000573,3,0,S0,-0.042596539973021486,0.023735534496390542,0
575,CN7_L_000575,2,0,S0,-0.06164284995445257,0.023735534496390542,0
576,CN7_L_000576,3,0,S0,-0.04670702019982764,0.023735534496390542,0
578,CN7_L_000578,2,0,S0,-0.08117036284174795,0.023735534496390542,0
579,CN7_L_000579,2,0,S0,-0.09991776739332847,0.023735534496390542,0
580,CN7_L_000580,2,0,S0,-0.11398774475782547,0.023735534496390542,0
581,CN7_L_000581,1,0,S0,-0.042201021573944786,0.023735534496390542,0
582,CN7_L_000582,1,0,S0,-0.0655308210888359,0.023735534496390542,0
583,CN7_L_000583,1,0,S0,-0.06301791337661689,0.023735534496390542,0
584,CN7_L_000584,3,0,S0,-0.06187472518077586,0.023735534496390542,0
585,CN7_L_000585,0,0,S0,-0.07459102856707878,0.023735534496390542,0
586,CN7_L_000586,3,0,S0,-0.05379597237892586,0.023735534496390542,0
587,CN7_L_000587,0,0,S0,-0.06503080846892262,0.023735534496390542,0
590,CN7_L_000590,3,0,S0,-0.029869025415949046,0.023735534496390542,0
592,CN7_L_000592,2,0,S0,-0.04119731997551579,0.023735534496390542,0
593,CN7_L_000593,1,0,S0,-0.06735809269926518,0.023735534496390542,0
594,CN7_L_000594,1,0,S0,-0.04856557530175465,0.023735534496390542,0
595,CN7_L_000595,3,0,S0,-0.030774737409870134,0.023735534496390542,0
596,CN7_L_000596,0,0,S0,-0.059607915237203546,0.023735534496390542,0
597,CN7_L_000597,1,0,S0,-0.08719422334645932,0.023735534496390542,0
598,CN7_L_000598,0,0,S0,-0.06633881228359328,0.023735534496390542,0
599,CN7_L_000599,0,0,S0,-0.07136497825189503,0.023735534496390542,0
601,CN7_L_000601,2,0,S0,-0.06960748154985374,0.023735534496390542,0
602,CN7_L_000602,2,0,S0,-0.11903774663404842,0.023735534496390542,0
604,CN7_L_000604,3,0,S0,0.3655957610769236,0.023735534496390542,1
605,CN7_L_000605,0,0,S0,2.072132592919088,0.023735534496390542,1
0,CN7_L_000000,0,0,S1,-0.03540206255633649,0.02778368935296127,0
2,CN7_L_000002,0,0,S1,-0.03782376627195516,0.02778368935296127,0
3,CN7_L_000003,0,0,S1,-0.08938515001573766,0.02778368935296127,0
4,CN7_L_000004,3,0,S1,-0.05644752527009622,0.02778368935296127,0
5,CN7_L_000005,2,0,S1,-0.09000159527723017,0.02778368935296127,0
6,CN7_L_000006,2,0,S1,-0.09224868354295834,0.02778368935296127,0
7,CN7_L_000007,1,0,S1,-0.06778812861277883,0.02778368935296127,0
8,CN7_L_000008,0,0,S1,-0.03373581063010578,0.02778368935296127,0
9,CN7_L_000009,1,0,S1,-0.013109396500381898,0.02778368935296127,0
10,CN7_L_000010,0,0,S1,-0.061164901216786305,0.02778368935296127,0
11,CN7_L_000011,0,0,S1,-0.05625109971133169,0.02778368935296127,0
12,CN7_L_000012,1,0,S1,0.00732596431524879,0.02778368935296127,0
15,CN7_L_000015,2,0,S1,-0.08436991333800492,0.02778368935296127,0
16,CN7_L_000016,1,0,S1,-0.08515921893559186,0.02778368935296127,0
17,CN7_L_000017,3,0,S1,-0.06048592736965519,0.02778368935296127,0
18,CN7_L_000018,2,0,S1,-0.025092644613686765,0.02778368935296127,0
19,CN7_L_000019,1,0,S1,-0.06702608124689702,0.02778368935296127,0
22,CN7_L_000022,0,0,S1,0.0032461363994866765,0.02778368935296127,0
23,CN7_L_000023,3,0,S1,-0.03549437968069613,0.02778368935296127,0
24,CN7_L_000024,3,1,S1,-0.058342891651078865,0.02778368935296127,0
25,CN7_L_000025,0,0,S1,-0.04250883977687536,0.02778368935296127,0
26,CN7_L_000026,0,0,S1,-0.0168319633693228,0.02778368935296127,0
27,CN7_L_000027,3,0,S1,-0.0734416225094714,0.02778368935296127,0
29,CN7_L_000029,0,0,S1,-0.020023625113600563,0.02778368935296127,0
30,CN7_L_000030,1,0,S1,-0.04916174204371515,0.02778368935296127,0
31,CN7_L_000031,0,0,S1,-0.038181574792927275,0.02778368935296127,0
32,CN7_L_000032,2,0,S1,-0.01366335577107769,0.02778368935296127,0
34,CN7_L_000034,3,0,S1,-0.050713443791530644,0.02778368935296127,0
36,CN7_L_000036,0,0,S1,-0.04154229950484023,0.02778368935296127,0
37,CN7_L_000037,0,0,S1,-0.014669026949198916,0.02778368935296127,0
38,CN7_L_000038,3,0,S1,-0.07605038278912302,0.02778368935296127,0
39,CN7_L_000039,0,0,S1,-0.0406206479103246,0.02778368935296127,0
40,CN7_L_000040,1,1,S1,-0.036872823178809355,0.02778368935296127,0
41,CN7_L_000041,1,0,S1,-0.03224883359473241,0.02778368935296127,0
43,CN7_L_000043,0,0,S1,-0.06755711189715408,0.02778368935296127,0
44,CN7_L_000044,3,0,S1,-0.05219482625551208,0.02778368935296127,0
45,CN7_L_000045,0,0,S1,-0.056776919291161576,0.02778368935296127,0
46,CN7_L_000046,0,0,S1,-0.04459247882498696,0.02778368935296127,0
47,CN7_L_000047,2,0,S1,-0.09226555722715091,0.02778368935296127,0
48,CN7_L_000048,0,1,S1,0.04326636964485564,0.02778368935296127,1
49,CN7_L_000049,3,0,S1,-0.04819788048092377,0.02778368935296127,0
52,CN7_L_000052,2,1,S1,-0.06108095859911966,0.02778368935296127,0
53,CN7_L_000053,1,1,S1,-0.04368935649041017,0.02778368935296127,0
54,CN7_L_000054,3,1,S1,-0.014467974386127569,0.02778368935296127,0
55,CN7_L_000055,0,1,S1,-0.07767197508329726,0.02778368935296127,0
56,CN7_L_000056,2,1,S1,-0.0653964304862229,0.02778368935296127,0
58,CN7_L_000058,1,1,S1,0.37948322690073044,0.02778368935296127,1
59,CN7_L_000059,3,1,S1,0.731391016698832,0.02778368935296127,1
60,CN7_L_000060,2,1,S1,0.4351291243953854,0.02778368935296127,1
62,CN7_L_000062,1,0,S1,-0.07727835395238847,0.02778368935296127,0
63,CN7_L_000063,3,0,S1,-0.05681563435831416,0.02778368935296127,0
64,CN7_L_000064,3,0,S1,-0.08823064206725562,0.02778368935296127,0
65,CN7_L_000065,2,0,S1,-0.07038203167586499,0.02778368935296127,0
67,CN7_L_000067,3,0,S1,-0.03004431962662668,0.02778368935296127,0
68,CN7_L_000068,3,0,S1,-0.0215046260681504,0.02778368935296127,0
69,CN7_L_000069,2,0,S1,-0.03481720561807977,0.02778368935296127,0
70,CN7_L_000070,1,0,S1,-0.04943379072087817,0.02778368935296127,0
71,CN7_L_000071,2,0,S1,-0.05635936370779904,0.02778368935296127,0
73,CN7_L_000073,0,0,S1,-0.08500889644780552,0.02778368935296127,0
74,CN7_L_000074,0,0,S1,-0.032038818282535075,0.02778368935296127,0
77,CN7_L_000077,2,0,S1,-0.03322845546371189,0.02778368935296127,0
79,CN7_L_000079,3,0,S1,-0.032099024838178725,0.02778368935296127,0
80,CN7_L_000080,2,0,S1,-0.036629782398267086,0.02778368935296127,0
81,CN7_L_000081,2,0,S1,-0.09048598454438572,0.02778368935296127,0
82,CN7_L_000082,3,0,S1,-0.023162920249203633,0.02778368935296127,0
83,CN7_L_000083,2,0,S1,-0.07203258622264919,0.02778368935296127,0
84,CN7_L_000084,3,0,S1,-0.06919661145687428,0.02778368935296127,0
86,CN7_L_000086,0,0,S1,-0.018807483237306855,0.02778368935296127,0
87,CN7_L_000087,3,0,S1,-0.072773169217073,0.02778368935296127,0
88,CN7_L_000088,0,0,S1,-0.05616962856743779,0.02778368935296127,0
89,CN7_L_000089,3,0,S1,-0.036822084153347756,0.02778368935296127,0
90,CN7_L_000090,1,0,S1,-0.05002232420933428,0.02778368935296127,0
91,CN7_L_000091,2,0,S1,-0.11565770794010533,0.02778368935296127,0
92,CN7_L_000092,3,0,S1,-0.06311983939604948,0.02778368935296127,0
93,CN7_L_000093,1,0,S1,-0.038784128476896385,0.02778368935296127,0
95,CN7_L_000095,0,0,S1,0.02778368935296127,0.02778368935296127,0
96,CN7_L_000096,3,0,S1,-0.0653796801504658,0.02778368935296127,0
97,CN7_L_000097,3,0,S1,-0.039176732716961205,0.02778368935296127,0
98,CN7_L_000098,3,0,S1,-0.021920714018216714,0.02778368935296127,0
99,CN7_L_000099,2,0,S1,-0.07534705186604729,0.02778368935296127,0
100,CN7_L_000100,3,0,S1,-0.03825779037370847,0.02778368935296127,0
102,CN7_L_000102,3,0,S1,-0.06594079664462171,0.02778368935296127,0
103,CN7_L_000103,0,0,S1,0.02113129015790305,0.02778368935296127,0
104,CN7_L_000104,2,0,S1,-0.04315424470874518,0.02778368935296127,0
106,CN7_L_000106,3,0,S1,-0.05305550593633024,0.02778368935296127,0
107,CN7_L_000107,0,0,S1,-0.0057515789870214995,0.02778368935296127,0
108,CN7_L_000108,2,0,S1,-0.06097638434508168,0.02778368935296127,0
109,CN7_L_000109,2,0,S1,-0.04054910200195794,0.02778368935296127,0
110,CN7_L_000110,0,0,S1,0.0217597592070482,0.02778368935296127,0
111,CN7_L_000111,1,0,S1,-0.08697642933895677,0.02778368935296127,0
115,CN7_L_000115,0,0,S1,-0.05563741709419512,0.02778368935296127,0
117,CN7_L_000117,3,0,S1,-0.006920839310048166,0.02778368935296127,0
118,CN7_L_000118,3,0,S1,-0.03980446635094337,0.02778368935296127,0
121,CN7_L_000121,3,0,S1,-0.07360278005469878,0.02778368935296127,0
122,CN7_L_000122,3,0,S1,-0.058217478226724406,0.02778368935296127,0
123,CN7_L_000123,0,0,S1,-0.045137264493781526,0.02778368935296127,0
124,CN7_L_000124,2,0,S1,-0.08206362443707826,0.02778368935296127,0
125,CN7_L_000125,3,0,S1,-0.05794620285054508,0.02778368935296127,0
126,CN7_L_000126,2,0,S1,-0.045071267135389004,0.02778368935296127,0
127,CN7_L_000127,0,0,S1,-0.03865369431045451,0.02778368935296127,0
128,CN7_L_000128,1,0,S1,-0.07367959628514154,0.02778368935296127,0
129,CN7_L_000129,2,0,S1,-0.07601325854651275,0.02778368935296127,0
130,CN7_L_000130,1,0,S1,-0.05265461038832253,0.02778368935296127,0
131,CN7_L_000131,3,0,S1,-0.09263417041519739,0.02778368935296127,0
132,CN7_L_000132,1,0,S1,-0.08913542249040818,0.02778368935296127,0
133,CN7_L_000133,1,0,S1,-0.0256883045252434,0.02778368935296127,0
134,CN7_L_000134,2,0,S1,-0.04026136436450267,0.02778368935296127,0
136,CN7_L_000136,0,0,S1,-0.030599759279743566,0.02778368935296127,0
137,CN7_L_000137,3,0,S1,-0.05358366212248811,0.02778368935296127,0
138,CN7_L_000138,0,0,S1,-0.024569972950332808,0.02778368935296127,0
139,CN7_L_000139,2,0,S1,-0.06971374509804917,0.02778368935296127,0
140,CN7_L_000140,1,0,S1,-0.06494306216043011,0.02778368935296127,0
141,CN7_L_000141,3,0,S1,-0.04073552257126645,0.02778368935296127,0
143,CN7_L_000143,1,0,S1,-0.0674268417619226,0.02778368935296127,0
145,CN7_L_000145,0,0,S1,-0.0650884506396654,0.02778368935296127,0
146,CN7_L_000146,3,0,S1,-0.0572109919902668,0.02778368935296127,0
147,CN7_L_000147,1,0,S1,-0.00045924509120354173,0.02778368935296127,0
150,CN7_L_000150,3,0,S1,-0.04556141827932514,0.02778368935296127,0
151,CN7_L_000151,0,0,S1,-0.046077848535009736,0.02778368935296127,0
153,CN7_L_000153,0,0,S1,-0.05070187297044226,0.02778368935296127,0
154,CN7_L_000154,0,0,S1,0.02429382660162993,0.02778368935296127,0
155,CN7_L_000155,1,0,S1,-0.008015455658310078,0.02778368935296127,0
156,CN7_L_000156,0,0,S1,0.012061963798287945,0.02778368935296127,0
157,CN7_L_000157,0,0,S1,-0.07649705207460977,0.02778368935296127,0
158,CN7_L_000158,0,0,S1,-0.028387510148164097,0.02778368935296127,0
159,CN7_L_000159,2,0,S1,-0.05465015326279543,0.02778368935296127,0
160,CN7_L_000160,1,0,S1,-0.04541361975915814,0.02778368935296127,0
161,CN7_L_000161,1,0,S1,-0.1107019105552225,0.02778368935296127,0
162,CN7_L_000162,2,0,S1,-0.0904021543884519,0.02778368935296127,0
163,CN7_L_000163,2,0,S1,-0.018932291889604436,0.02778368935296127,0
164,CN7_L_000164,0,0,S1,-0.06174732096669633,0.02778368935296127,0
165,CN7_L_000165,2,0,S1,-0.0771582008011058,0.02778368935296127,0
166,CN7_L_000166,1,0,S1,-0.0668946993891466,0.02778368935296127,0
167,CN7_L_000167,2,0,S1,-0.030840094438190135,0.02778368935296127,0
168,CN7_L_000168,3,0,S1,-0.03474382388334796,0.02778368935296127,0
169,CN7_L_000169,2,0,S1,-0.07369191585741275,0.02778368935296127,0
171,CN7_L_000171,3,0,S1,-0.08301058862777522,0.02778368935296127,0
172,CN7_L_000172,0,0,S1,-0.0610441453484154,0.02778368935296127,0
173,CN7_L_000173,3,0,S1,-0.060893806705415,0.02778368935296127,0
177,CN7_L_000177,1,0,S1,-0.06135202989338673,0.02778368935296127,0
178,CN7_L_000178,0,0,S1,-0.07489022070727058,0.02778368935296127,0
179,CN7_L_000179,0,0,S1,-0.08622808364127588,0.02778368935296127,0
181,CN7_L_000181,0,0,S1,-0.05030907147938368,0.02778368935296127,0
182,CN7_L_000182,0,0,S1,-0.05948369828950506,0.02778368935296127,0
183,CN7_L_000183,3,0,S1,-0.08194663848338246,0.02778368935296127,0
184,CN7_L_000184,2,0,S1,-0.07787643954533685,0.02778368935296127,0
186,CN7_L_000186,0,0,S1,-0.08329723491920449,0.02778368935296127,0
187,CN7_L_000187,1,0,S1,-0.09705420587316338,0.02778368935296127,0
188,CN7_L_000188,0,0,S1,-0.05489793249242725,0.02778368935296127,0
189,CN7_L_000189,0,0,S1,-0.01749248360686817,0.02778368935296127,0
190,CN7_L_000190,2,0,S1,-0.07130032850973,0.02778368935296127,0
191,CN7_L_000191,2,0,S1,-0.0606154666399239,0.02778368935296127,0
192,CN7_L_000192,0,0,S1,-0.022236024789565434,0.02778368935296127,0
193,CN7_L_000193,2,0,S1,-0.03569019343216029,0.02778368935296127,0
194,CN7_L_000194,1,0,S1,0.008339317590644324,0.02778368935296127,0
195,CN7_L_000195,0,0,S1,-0.014425581777025798,0.02778368935296127,0
196,CN7_L_000196,0,0,S1,-0.016829034422359168,0.02778368935296127,0
197,CN7_L_000197,3,0,S1,-0.035815601249960416,0.02778368935296127,0
198,CN7_L_000198,0,0,S1,-0.0328193943678774,0.02778368935296127,0
199,CN7_L_000199,2,0,S1,-0.014653703241475746,0.02778368935296127,0
200,CN7_L_000200,3,0,S1,-0.00820750545982385,0.02778368935296127,0
202,CN7_L_000202,0,0,S1,-0.04848552820688301,0.02778368935296127,0
204,CN7_L_000204,0,0,S1,-0.06564898783270223,0.02778368935296127,0
206,CN7_L_000206,1,0,S1,-0.03498393798801436,0.02778368935296127,0
207,CN7_L_000207,1,0,S1,0.0002542894818708952,0.02778368935296127,0
208,CN7_L_000208,2,0,S1,0.0015434804113980682,0.02778368935296127,0
209,CN7_L_000209,3,0,S1,-0.022132372070284845,0.02778368935296127,0
210,CN7_L_000210,3,0,S1,-0.03334682931695587,0.02778368935296127,0
211,CN7_L_000211,3,0,S1,0.011515290255570854,0.02778368935296127,0
212,CN7_L_000212,3,0,S1,-0.057606114123617935,0.02778368935296127,0
213,CN7_L_000213,3,0,S1,-0.05344997359880388,0.02778368935296127,0
216,CN7_L_000216,3,0,S1,-0.027108230386626797,0.02778368935296127,0
217,CN7_L_000217,1,0,S1,-0.0575125343616949,0.02778368935296127,0
218,CN7_L_000218,2,0,S1,-0.06843548578349035,0.02778368935296127,0
220,CN7_L_000220,2,0,S1,-0.056789301488931354,0.02778368935296127,0
221,CN7_L_000221,2,0,S1,-0.047007662244819226,0.02778368935296127,0
222,CN7_L_000222,3,0,S1,-0.06495654288259933,0.02778368935296127,0
223,CN7_L_000223,1,0,S1,0.013790615737255152,0.02778368935296127,0
224,CN7_L_000224,3,0,S1,-0.021134627542415796,0.02778368935296127,0
225,CN7_L_000225,0,0,S1,-0.037724820079990895,0.02778368935296127,0
226,CN7_L_000226,3,0,S1,-0.03054608596238495,0.02778368935296127,0
231,CN7_L_000231,1,0,S1,-0.026368445459229672,0.02778368935296127,0
232,CN7_L_000232,1,0,S1,-0.03913139843654356,0.02778368935296127,0
233,CN7_L_000233,1,0,S1,-0.009174131542582842,0.02778368935296127,0
234,CN7_L_000234,3,0,S1,-0.023672345339750933,0.02778368935296127,0
235,CN7_L_000235,3,0,S1,-0.02974298746731341,0.02778368935296127,0
236,CN7_L_000236,0,0,S1,-0.05772959828973878,0.02778368935296127,0
237,CN7_L_000237,3,0,S1,-0.03334892455067218,0.02778368935296127,0
238,CN7_L_000238,1,0,S1,-0.06729064667740303,0.02778368935296127,0
239,CN7_L_000239,1,0,S1,-0.05006785352157861,0.02778368935296127,0
241,CN7_L_000241,1,0,S1,-0.04858254048272226,0.02778368935296127,0
242,CN7_L_000242,0,0,S1,0.002630071089262387,0.02778368935296127,0
243,CN7_L_000243,2,0,S1,-0.05495617987443646,0.02778368935296127,0
245,CN7_L_000245,1,0,S1,-0.06085143307945495,0.02778368935296127,0
246,CN7_L_000246,1,0,S1,-0.07645653760502347,0.02778368935296127,0
247,CN7_L_000247,1,0,S1,-0.0692966962661492,0.02778368935296127,0
248,CN7_L_000248,2,0,S1,-0.08217889508149989,0.02778368935296127,0
249,CN7_L_000249,3,0,S1,-0.05799680588761724,0.02778368935296127,0
250,CN7_L_000250,1,0,S1,-0.09091185673381652,0.02778368935296127,0
251,CN7_L_000251,2,0,S1,-0.051679037123258276,0.02778368935296127,0
252,CN7_L_000252,1,0,S1,-0.0427132907118537,0.02778368935296127,0
253,CN7_L_000253,3,0,S1,-0.054216368997086484,0.02778368935296127,0
254,CN7_L_000254,3,0,S1,-0.0335270018180287,0.02778368935296127,0
256,CN7_L_000256,3,0,S1,-0.041118906312564096,0.02778368935296127,0
258,CN7_L_000258,2,0,S1,-0.12286827060399075,0.02778368935296127,0
259,CN7_L_000259,0,0,S1,-0.07711435485863039,0.02778368935296127,0
260,CN7_L_000260,1,0,S1,-0.10941366273807418,0.02778368935296127,0
261,CN7_L_000261,3,0,S1,-0.038884237716203085,0.02778368935296127,0
262,CN7_L_000262,3,0,S1,-0.060584758858061694,0.02778368935296127,0
263,CN7_L_000263,2,0,S1,-0.06734077483958067,0.02778368935296127,0
264,CN7_L_000264,3,0,S1,-0.045734017011846984,0.02778368935296127,0
267,CN7_L_000267,0,0,S1,-0.05510803901962724,0.02778368935296127,0
268,CN7_L_000268,0,0,S1,-0.07487003196687203,0.02778368935296127,0
269,CN7_L_000269,1,0,S1,-0.06802124640300011,0.02778368935296127,0
270,CN7_L_000270,2,0,S1,-0.09802328322028231,0.02778368935296127,0
271,CN7_L_000271,0,0,S1,-0.08229365547570522,0.02778368935296127,0
272,CN7_L_000272,2,0,S1,-0.06939455827395147,0.02778368935296127,0
273,CN7_L_000273,3,0,S1,-0.03771705838240402,0.02778368935296127,0
275,CN7_L_000275,1,0,S1,-0.1116873723042735,0.02778368935296127,0
276,CN7_L_000276,1,0,S1,-0.08782376034351325,0.02778368935296127,0
277,CN7_L_000277,1,0,S1,-0.0865180987593388,0.02778368935296127,0
278,CN7_L_000278,1,0,S1,-0.0834788072949868,0.02778368935296127,0
279,CN7_L_000279,0,0,S1,-0.05670988410810862,0.02778368935296127,0
280,CN7_L_000280,3,0,S1,-0.05575031015504406,0.02778368935296127,0
282,CN7_L_000282,0,0,S1,-0.04472018586938242,0.02778368935296127,0
285,CN7_L_000285,0,0,S1,-0.06551736049881773,0.02778368935296127,0
286,CN7_L_000286,0,0,S1,-0.08676374530230513,0.02778368935296127,0
288,CN7_L_000288,2,0,S1,-0.09287991384448135,0.02778368935296127,0
289,CN7_L_000289,1,0,S1,-0.10683432024182515,0.02778368935296127,0
291,CN7_L_000291,3,0,S1,-0.05033076076090914,0.02778368935296127,0
292,CN7_L_000292,3,0,S1,-0.022910558863987518,0.02778368935296127,0
293,CN7_L_000293,1,0,S1,-0.07462196757006989,0.02778368935296127,0
294,CN7_L_000294,2,0,S1,-0.1303486155299045,0.02778368935296127,0
295,CN7_L_000295,1,0,S1,-0.11536850913618091,0.02778368935296127,0
296,CN7_L_000296,3,0,S1,-0.06893049568369625,0.02778368935296127,0
297,CN7_L_000297,1,0,S1,-0.11889353503669486,0.02778368935296127,0
298,CN7_L_000298,0,0,S1,-0.08725153498185767,0.02778368935296127,0
299,CN7_L_000299,1,0,S1,-0.053796540668279214,0.02778368935296127,0
300,CN7_L_000300,1,0,S1,-0.07517910715779008,0.02778368935296127,0
301,CN7_L_000301,1,0,S1,-0.054374400864276584,0.02778368935296127,0
303,CN7_L_000303,1,0,S1,-0.10417759581813035,0.02778368935296127,0
304,CN7_L_000304,0,0,S1,-0.08076762407234384,0.02778368935296127,0
305,CN7_L_000305,0,0,S1,-0.07426975052186346,0.02778368935296127,0
307,CN7_L_000307,3,0,S1,-0.05733153426001181,0.02778368935296127,0
308,CN7_L_000308,0,0,S1,-0.089193624008018,0.02778368935296127,0
310,CN7_L_000310,3,0,S1,-0.0530251980655283,0.02778368935296127,0
311,CN7_L_000311,1,0,S1,-0.0725833166369072,0.02778368935296127,0
312,CN7_L_000312,2,0,S1,-0.0862514754526944,0.02778368935296127,0
313,CN7_L_000313,0,0,S1,-0.04940476804100724,0.02778368935296127,0
314,CN7_L_000314,1,0,S1,-0.12509001956414112,0.02778368935296127,0
315,CN7_L_000315,2,0,S1,-0.12754940135905368,0.02778368935296127,0
316,CN7_L_000316,3,0,S1,-0.070235372714611,0.02778368935296127,0
317,CN7_L_000317,3,0,S1,-0.05509726436427087,0.02778368935296127,0
318,CN7_L_000318,2,0,S1,-0.07716030607565161,0.02778368935296127,0
319,CN7_L_000319,0,0,S1,-0.0955257586157674,0.02778368935296127,0
320,CN7_L_000320,2,0,S1,-0.10784704255019273,0.02778368935296127,0
321,CN7_L_000321,0,0,S1,-0.06579061707945622,0.02778368935296127,0
323,CN7_L_000323,0,0,S1,-0.08641218612418333,0.02778368935296127,0
324,CN7_L_000324,0,0,S1,-0.0465742199695911,0.02778368935296127,0
325,CN7_L_000325,1,0,S1,-0.08102623037211698,0.02778368935296127,0
326,CN7_L_000326,1,0,S1,-0.11109607771433128,0.02778368935296127,0
328,CN7_L_000328,1,0,S1,-0.07808612178589369,0.02778368935296127,0
330,CN7_L_000330,1,0,S1,-0.10049844849948153,0.02778368935296127,0
331,CN7_L_000331,1,0,S1,-0.08415486525542892,0.02778368935296127,0
332,CN7_L_000332,0,0,S1,-0.058091410210255656,0.02778368935296127,0
333,CN7_L_000333,2,0,S1,-0.0924797383710092,0.02778368935296127,0
334,CN7_L_000334,3,0,S1,-0.0838585221781134,0.02778368935296127,0
335,CN7_L_000335,3,0,S1,-0.036794173416419884,0.02778368935296127,0
336,CN7_L_000336,2,0,S1,-0.07416619433154592,0.02778368935296127,0
337,CN7_L_000337,2,0,S1,-0.1143389149844114,0.02778368935296127,0
338,CN7_L_000338,2,0,S1,-0.08697688886718113,0.02778368935296127,0
339,CN7_L_000339,3,0,S1,-0.07975867907829937,0.02778368935296127,0
340,CN7_L_000340,2,0,S1,-0.08093250000311647,0.02778368935296127,0
342,CN7_L_000342,1,0,S1,-0.07572254318602933,0.02778368935296127,0
343,CN7_L_000343,2,0,S1,-0.11389436419112364,0.02778368935296127,0
345,CN7_L_000345,1,0,S1,-0.12041580407111852,0.02778368935296127,0
346,CN7_L_000346,3,0,S1,-0.06733414884329347,0.02778368935296127,0
347,CN7_L_000347,1,0,S1,-0.09328898392161955,0.02778368935296127,0
348,CN7_L_000348,1,0,S1,-0.0651320660072785,0.02778368935296127,0
349,CN7_L_000349,3,0,S1,-0.07285256187086375,0.02778368935296127,0
350,CN7_L_000350,2,0,S1,-0.09076158331336392,0.02778368935296127,0
352,CN7_L_000352,2,0,S1,-0.10428547533493004,0.02778368935296127,0
354,CN7_L_000354,3,0,S1,-0.06811290021954974,0.02778368935296127,0
355,CN7_L_000355,2,0,S1,-0.1429790142568912,0.02778368935296127,0
356,CN7_L_000356,2,0,S1,-0.05732259773600923,0.02778368935296127,0
358,CN7_L_000358,2,0,S1,-0.08288721542498312,0.02778368935296127,0
360,CN7_L_000360,2,0,S1,-0.061533860986048516,0.02778368935296127,0
361,CN7_L_000361,2,0,S1,-0.0560828645847522,0.02778368935296127,0
362,CN7_L_000362,0,0,S1,-0.02729317410372145,0.02778368935296127,0
363,CN7_L_000363,1,0,S1,-0.11660176414430756,0.02778368935296127,0
364,CN7_L_000364,2,0,S1,-0.09392383799308934,0.02778368935296127,0
365,CN7_L_000365,2,0,S1,-0.1392748708762559,0.02778368935296127,0
366,CN7_L_000366,2,0,S1,-0.13775160349942706,0.02778368935296127,0
367,CN7_L_000367,3,0,S1,-0.054416588295891355,0.02778368935296127,0
368,CN7_L_000368,2,0,S1,-0.07698205062710306,0.02778368935296127,0
369,CN7_L_000369,1,0,S1,-0.09559827847509794,0.02778368935296127,0
370,CN7_L_000370,2,0,S1,-0.08261751722267974,0.02778368935296127,0
371,CN7_L_000371,1,0,S1,-0.06556563434714224,0.02778368935296127,0
372,CN7_L_000372,1,0,S1,-0.08249583733077248,0.02778368935296127,0
374,CN7_L_000374,1,0,S1,-0.1232225120764654,0.02778368935296127,0
375,CN7_L_000375,2,0,S1,-0.16340387635964992,0.02778368935296127,0
376,CN7_L_000376,1,0,S1,-0.122766695153949,0.02778368935296127,0
377,CN7_L_000377,0,0,S1,-0.07931924294983661,0.02778368935296127,0
378,CN7_L_000378,1,0,S1,-0.094878962522428,0.02778368935296127,0
379,CN7_L_000379,3,0,S1,-0.08058558973593533,0.02778368935296127,0
381,CN7_L_000381,1,0,S1,-0.049009681937946414,0.02778368935296127,0
382,CN7_L_000382,3,0,S1,-0.06655175642951372,0.02778368935296127,0
383,CN7_L_000383,3,0,S1,-0.04381823105421612,0.02778368935296127,0
384,CN7_L_000384,1,0,S1,-0.13801947853179142,0.02778368935296127,0
385,CN7_L_000385,2,0,S1,-0.10618905324842087,0.02778368935296127,0
387,CN7_L_000387,3,0,S1,-0.058235985774437005,0.02778368935296127,0
388,CN7_L_000388,0,0,S1,-0.07898994929899894,0.02778368935296127,0
389,CN7_L_000389,2,0,S1,-0.05318192272515443,0.02778368935296127,0
390,CN7_L_000390,3,0,S1,-0.05323270564848048,0.02778368935296127,0
391,CN7_L_000391,1,0,S1,-0.08972683530021897,0.02778368935296127,0
394,CN7_L_000394,3,0,S1,-0.0665770620014019,0.02778368935296127,0
395,CN7_L_000395,0,0,S1,-0.08228511679567285,0.02778368935296127,0
396,CN7_L_000396,3,0,S1,-0.06854732792216867,0.02778368935296127,0
397,CN7_L_000397,0,0,S1,-0.09036776206259844,0.02778368935296127,0
398,CN7_L_000398,2,0,S1,-0.08269901450815587,0.02778368935296127,0
400,CN7_L_000400,0,0,S1,-0.0910281453772388,0.02778368935296127,0
402,CN7_L_000402,2,0,S1,-0.12003512383835835,0.02778368935296127,0
404,CN7_L_000404,1,0,S1,-0.09397734685028913,0.02778368935296127,0
406,CN7_L_000406,1,0,S1,-0.10032436512724452,0.02778368935296127,0
407,CN7_L_000407,0,0,S1,-0.04904440279376221,0.02778368935296127,0
408,CN7_L_000408,0,0,S1,-0.003660395256570137,0.02778368935296127,0
409,CN7_L_000409,0,0,S1,-0.029645487083363786,0.02778368935296127,0
410,CN7_L_000410,1,0,S1,-0.11232501732520861,0.02778368935296127,0
411,CN7_L_000411,1,0,S1,-0.11694250907923687,0.02778368935296127,0
412,CN7_L_000412,3,0,S1,-0.07046162968117642,0.02778368935296127,0
413,CN7_L_000413,2,0,S1,-0.11945813054483878,0.02778368935296127,0
414,CN7_L_000414,1,0,S1,-0.09143402186193095,0.02778368935296127,0
416,CN7_L_000416,0,0,S1,-0.10766745709242898,0.02778368935296127,0
417,CN7_L_000417,0,0,S1,-0.0694457543456437,0.02778368935296127,0
418,CN7_L_000418,2,0,S1,-0.07171462053346733,0.02778368935296127,0
419,CN7_L_000419,2,0,S1,-0.09428452487485073,0.02778368935296127,0
421,CN7_L_000421,3,0,S1,-0.07258923253310501,0.02778368935296127,0
422,CN7_L_000422,1,0,S1,-0.1542603306065531,0.02778368935296127,0
423,CN7_L_000423,0,0,S1,-0.07505392579647419,0.02778368935296127,0
424,CN7_L_000424,3,0,S1,-0.07307285388906015,0.02778368935296127,0
425,CN7_L_000425,1,0,S1,-0.09409123772846728,0.02778368935296127,0
426,CN7_L_000426,2,0,S1,-0.12634232979409799,0.02778368935296127,0
428,CN7_L_000428,2,0,S1,-0.09507794184522123,0.02778368935296127,0
429,CN7_L_000429,3,0,S1,-0.031017840687944442,0.02778368935296127,0
430,CN7_L_000430,0,0,S1,-0.08832728381616972,0.02778368935296127,0
433,CN7_L_000433,2,0,S1,-0.0963730957855713,0.02778368935296127,0
434,CN7_L_000434,3,0,S1,-0.07403109070169611,0.02778368935296127,0
435,CN7_L_000435,0,0,S1,-0.09914600059813683,0.02778368935296127,0
436,CN7_L_000436,1,0,S1,-0.09741880263961766,0.02778368935296127,0
437,CN7_L_000437,3,0,S1,-0.0753293523443963,0.02778368935296127,0
438,CN7_L_000438,1,0,S1,-0.062059422879225945,0.02778368935296127,0
439,CN7_L_000439,1,0,S1,-0.07382043999224841,0.02778368935296127,0
440,CN7_L_000440,0,0,S1,-0.08314453119829901,0.02778368935296127,0
442,CN7_L_000442,2,0,S1,-0.14451442232858414,0.02778368935296127,0
443,CN7_L_000443,1,0,S1,-0.09286308254713749,0.02778368935296127,0
445,CN7_L_000445,0,0,S1,-0.09787935588501329,0.02778368935296127,0
446,CN7_L_000446,0,0,S1,-0.08090417130973293,0.02778368935296127,0
447,CN7_L_000447,0,0,S1,-0.058678445482748476,0.02778368935296127,0
448,CN7_L_000448,2,0,S1,-0.07772927787289685,0.02778368935296127,0
450,CN7_L_000450,2,0,S1,-0.1122611911418363,0.02778368935296127,0
451,CN7_L_000451,1,0,S1,-0.12768461854709656,0.02778368935296127,0
452,CN7_L_000452,3,0,S1,-0.07107043853473893,0.02778368935296127,0
453,CN7_L_000453,0,0,S1,-0.0929546658200624,0.02778368935296127,0
454,CN7_L_000454,3,0,S1,-0.05071790487731631,0.02778368935296127,0
455,CN7_L_000455,1,0,S1,-0.05365178814843752,0.02778368935296127,0
456,CN7_L_000456,2,0,S1,-0.0635502432103201,0.02778368935296127,0
457,CN7_L_000457,2,0,S1,-0.06466347113779225,0.02778368935296127,0
458,CN7_L_000458,1,0,S1,-0.034723415955891124,0.02778368935296127,0
459,CN7_L_000459,3,0,S1,-0.040976260155136224,0.02778368935296127,0
460,CN7_L_000460,1,0,S1,-0.07724107242483802,0.02778368935296127,0
461,CN7_L_000461,0,0,S1,-0.026666566337329556,0.02778368935296127,0
463,CN7_L_000463,1,0,S1,-0.12879744308121044,0.02778368935296127,0
464,CN7_L_000464,1,0,S1,-0.11843424499561905,0.02778368935296127,0
465,CN7_L_000465,3,0,S1,-0.06912666283279467,0.02778368935296127,0
466,CN7_L_000466,0,0,S1,-0.08335731405137681,0.02778368935296127,0
467,CN7_L_000467,2,0,S1,-0.07010493473733614,0.02778368935296127,0
470,CN7_L_000470,3,0,S1,-0.028425115320852345,0.02778368935296127,0
471,CN7_L_000471,0,0,S1,-0.057130256540989244,0.02778368935296127,0
474,CN7_L_000474,2,0,S1,-0.10227290630986863,0.02778368935296127,0
476,CN7_L_000476,0,0,S1,-0.09565160198750577,0.02778368935296127,0
477,CN7_L_000477,1,0,S1,-0.08659560538343891,0.02778368935296127,0
478,CN7_L_000478,0,0,S1,-0.06894360530477739,0.02778368935296127,0
479,CN7_L_000479,3,0,S1,-0.05130153546022598,0.02778368935296127,0
481,CN7_L_000481,3,0,S1,-0.0815182407412629,0.02778368935296127,0
482,CN7_L_000482,1,0,S1,-0.09131965959227228,0.02778368935296127,0
483,CN7_L_000483,2,0,S1,-0.11917917104159548,0.02778368935296127,0
484,CN7_L_000484,3,0,S1,-0.04718508858336845,0.02778368935296127,0
486,CN7_L_000486,3,0,S1,-0.031112340709103403,0.02778368935296127,0
487,CN7_L_000487,2,0,S1,-0.1049223810675799,0.02778368935296127,0
491,CN7_L_000491,1,0,S1,-0.145289273384269,0.02778368935296127,0
492,CN7_L_000492,1,0,S1,-0.05383395620489617,0.02778368935296127,0
493,CN7_L_000493,1,0,S1,-0.0467094793983307,0.02778368935296127,0
494,CN7_L_000494,2,0,S1,-0.08270814506460944,0.02778368935296127,0
495,CN7_L_000495,3,0,S1,-0.06331168148503252,0.02778368935296127,0
496,CN7_L_000496,2,0,S1,-0.10966598499059543,0.02778368935296127,0
497,CN7_L_000497,3,0,S1,-0.038884849626770635,0.02778368935296127,0
499,CN7_L_000499,3,0,S1,-0.06582450011974394,0.02778368935296127,0
500,CN7_L_000500,2,0,S1,-0.12519184473498113,0.02778368935296127,0
501,CN7_L_000501,2,0,S1,-0.14139340455473182,0.02778368935296127,0
502,CN7_L_000502,2,0,S1,-0.08988020209589198,0.02778368935296127,0
504,CN7_L_000504,1,0,S1,-0.08068898224380039,0.02778368935296127,0
507,CN7_L_000507,1,0,S1,-0.07497827755822373,0.02778368935296127,0
508,CN7_L_000508,0,0,S1,-0.06944655181633941,0.02778368935296127,0
509,CN7_L_000509,1,0,S1,-0.14049944529861857,0.02778368935296127,0
510,CN7_L_000510,1,0,S1,-0.08422108239474158,0.02778368935296127,0
511,CN7_L_000511,2,0,S1,-0.07479994858906025,0.02778368935296127,0
513,CN7_L_000513,2,0,S1,-0.08100216483959732,0.02778368935296127,0
514,CN7_L_000514,0,0,S1,-0.035046652680306156,0.02778368935296127,0
515,CN7_L_000515,0,0,S1,-0.032123056217483015,0.02778368935296127,0
516,CN7_L_000516,3,0,S1,-0.053393999056854824,0.02778368935296127,0
517,CN7_L_000517,0,0,S1,-0.04043346818744409,0.02778368935296127,0
519,CN7_L_000519,3,0,S1,-0.058864635691938894,0.02778368935296127,0
520,CN7_L_000520,3,0,S1,-0.08521493398401958,0.02778368935296127,0
521,CN7_L_000521,0,0,S1,-0.05214088933948435,0.02778368935296127,0
523,CN7_L_000523,0,0,S1,-0.044183476344151984,0.02778368935296127,0
525,CN7_L_000525,1,0,S1,-0.06240481060462644,0.02778368935296127,0
526,CN7_L_000526,0,0,S1,-0.06309387600037963,0.02778368935296127,0
527,CN7_L_000527,2,0,S1,-0.11877590857502884,0.02778368935296127,0
528,CN7_L_000528,3,0,S1,-0.01712702478325756,0.02778368935296127,0
529,CN7_L_000529,0,0,S1,-0.09124929986924091,0.02778368935296127,0
530,CN7_L_000530,2,0,S1,-0.11149575111694521,0.02778368935296127,0
532,CN7_L_000532,3,0,S1,-0.08147886356975054,0.02778368935296127,0
533,CN7_L_000533,0,0,S1,-0.029335138110165193,0.02778368935296127,0
534,CN7_L_000534,2,0,S1,-0.07887282538064788,0.02778368935296127,0
535,CN7_L_000535,2,0,S1,-0.08912105881171195,0.02778368935296127,0
536,CN7_L_000536,2,0,S1,-0.12011362493349687,0.02778368935296127,0
537,CN7_L_000537,0,0,S1,-0.08598692475322967,0.02778368935296127,0
538,CN7_L_000538,2,0,S1,-0.13571736501870957,0.02778368935296127,0
539,CN7_L_000539,0,0,S1,-0.06900402850225973,0.02778368935296127,0
541,CN7_L_000541,3,0,S1,-0.06643969169719854,0.02778368935296127,0
542,CN7_L_000542,2,0,S1,-0.09377485084732395,0.02778368935296127,0
543,CN7_L_000543,1,0,S1,-0.09543652348998677,0.02778368935296127,0
544,CN7_L_000544,2,0,S1,-0.04332039400811416,0.02778368935296127,0
545,CN7_L_000545,3,0,S1,-0.05122420713181297,0.02778368935296127,0
546,CN7_L_000546,1,0,S1,-0.0903056184173403,0.02778368935296127,0
547,CN7_L_000547,2,0,S1,-0.1613432756648363,0.02778368935296127,0
548,CN7_L_000548,3,0,S1,0.009093141695849294,0.02778368935296127,0
549,CN7_L_000549,2,0,S1,-0.11863339639678117,0.02778368935296127,0
550,CN7_L_000550,2,0,S1,-0.11575041257508722,0.02778368935296127,0
551,CN7_L_000551,0,0,S1,-0.09835629500123177,0.02778368935296127,0
553,CN7_L_000553,3,0,S1,-0.05158241989449941,0.02778368935296127,0
555,CN7_L_000555,0,0,S1,-0.06342848152755076,0.02778368935296127,0
556,CN7_L_000556,1,0,S1,-0.10666489406523727,0.02778368935296127,0
557,CN7_L_000557,1,0,S1,-0.128036152266775,0.02778368935296127,0
558,CN7_L_000558,3,0,S1,-0.040800617744592316,0.02778368935296127,0
559,CN7_L_000559,1,0,S1,-0.1444526298433484,0.02778368935296127,0
560,CN7_L_000560,1,0,S1,-0.1148063285253671,0.02778368935296127,0
561,CN7_L_000561,0,0,S1,-0.07213970249731672,0.02778368935296127,0
562,CN7_L_000562,0,0,S1,-0.08035952184763584,0.02778368935296127,0
563,CN7_L_000563,2,0,S1,-0.08728705093747768,0.02778368935296127,0
564,CN7_L_000564,1,0,S1,-0.0948233415794073,0.02778368935296127,0
566,CN7_L_000566,2,0,S1,-0.10211512747833273,0.02778368935296127,0
567,CN7_L_000567,0,0,S1,-0.029255388123673676,0.02778368935296127,0
568,CN7_L_000568,2,0,S1,-0.12156546455601802,0.02778368935296127,0
569,CN7_L_000569,1,0,S1,-0.13196396798786036,0.02778368935296127,0
570,CN7_L_000570,2,0,S1,-0.11374855074019097,0.02778368935296127,0
571,CN7_L_000571,3,0,S1,-0.0661355361456546,0.02778368935296127,0
572,CN7_L_000572,1,0,S1,-0.1027768254923811,0.02778368935296127,0
573,CN7_L_000573,3,0,S1,-0.07795690578874126,0.02778368935296127,0
575,CN7_L_000575,2,0,S1,-0.056068576667113845,0.02778368935296127,0
576,CN7_L_000576,3,0,S1,-0.06973502581264901,0.02778368935296127,0
578,CN7_L_000578,2,0,S1,-0.11236661490277156,0.02778368935296127,0
579,CN7_L_000579,2,0,S1,-0.12395959988925931,0.02778368935296127,0
580,CN7_L_000580,2,0,S1,-0.13589583867031507,0.02778368935296127,0
581,CN7_L_000581,1,0,S1,-0.071739156062824,0.02778368935296127,0
582,CN7_L_000582,1,0,S1,-0.09069774548088771,0.02778368935296127,0
583,CN7_L_000583,1,0,S1,-0.0771341592660888,0.02778368935296127,0
584,CN7_L_000584,3,0,S1,-0.05717365455260781,0.02778368935296127,0
585,CN7_L_000585,0,0,S1,-0.08153402005412946,0.02778368935296127,0
586,CN7_L_000586,3,0,S1,-0.06651889498842944,0.02778368935296127,0
587,CN7_L_000587,0,0,S1,-0.07029198413145155,0.02778368935296127,0
590,CN7_L_000590,3,0,S1,-0.05022506015612471,0.02778368935296127,0
592,CN7_L_000592,2,0,S1,-0.06542995982504074,0.02778368935296127,0
593,CN7_L_000593,1,0,S1,-0.08986223489363399,0.02778368935296127,0
594,CN7_L_000594,1,0,S1,-0.06106632710731219,0.02778368935296127,0
595,CN7_L_000595,3,0,S1,-0.051711443216119424,0.02778368935296127,0
596,CN7_L_000596,0,0,S1,-0.05452798691278238,0.02778368935296127,0
597,CN7_L_000597,1,0,S1,-0.09607595433950866,0.02778368935296127,0
598,CN7_L_000598,0,0,S1,-0.07397490503548942,0.02778368935296127,0
599,CN7_L_000599,0,0,S1,-0.07867175319976472,0.02778368935296127,0
601,CN7_L_000601,2,0,S1,-0.08744209635054068,0.02778368935296127,0
602,CN7_L_000602,2,0,S1,-0.13826898718694247,0.02778368935296127,0
604,CN7_L_000604,3,0,S1,0.6377499869618466,0.02778368935296127,1
605,CN7_L_000605,0,0,S1,2.0770608790549954,0.02778368935296127,1
0,CN7_L_000000,0,0,S2,-0.013982627231575506,0.013407413937986279,0
2,CN7_L_000002,0,0,S2,-0.01725070262180739,0.013407413937986279,0
3,CN7_L_000003,0,0,S2,-0.02810597236189971,0.013407413937986279,0
4,CN7_L_000004,3,0,S2,-0.020915542857931402,0.013407413937986279,0
5,CN7_L_000005,2,0,S2,-0.03276543206425275,0.013407413937986279,0
6,CN7_L_000006,2,0,S2,-0.03341916569782488,0.013407413937986279,0
7,CN7_L_000007,1,0,S2,-0.039780906542862704,0.013407413937986279,0
8,CN7_L_000008,0,0,S2,-0.017162768917416305,0.013407413937986279,0
9,CN7_L_000009,1,0,S2,-0.010659293995349928,0.013407413937986279,0
10,CN7_L_000010,0,0,S2,-0.022843013981936222,0.013407413937986279,0
11,CN7_L_000011,0,0,S2,-0.028583596862610916,0.013407413937986279,0
12,CN7_L_000012,1,0,S2,-0.018726587025434283,0.013407413937986279,0
15,CN7_L_000015,2,0,S2,-0.04817269225111498,0.013407413937986279,0
16,CN7_L_000016,1,0,S2,-0.020424507487547094,0.013407413937986279,0
17,CN7_L_000017,3,0,S2,-0.019485826442528942,0.013407413937986279,0
18,CN7_L_000018,2,0,S2,-0.01779588426311418,0.013407413937986279,0
19,CN7_L_000019,1,0,S2,-0.014560849104568452,0.013407413937986279,0
22,CN7_L_000022,0,0,S2,0.013407413937986279,0.013407413937986279,0
23,CN7_L_000023,3,0,S2,-0.020068551544380253,0.013407413937986279,0
24,CN7_L_000024,3,1,S2,-0.011663267510727549,0.013407413937986279,0
25,CN7_L_000025,0,0,S2,-0.030333551741052345,0.013407413937986279,0
26,CN7_L_000026,0,0,S2,-0.03241782095813872,0.013407413937986279,0
27,CN7_L_000027,3,0,S2,-0.01836523459596273,0.013407413937986279,0
29,CN7_L_000029,0,0,S2,-0.0037884038389381924,0.013407413937986279,0
30,CN7_L_000030,1,0,S2,-0.031527974386475144,0.013407413937986279,0
31,CN7_L_000031,0,0,S2,-0.023030570716398913,0.013407413937986279,0
32,CN7_L_000032,2,0,S2,-0.023385257689110706,0.013407413937986279,0
34,CN7_L_000034,3,0,S2,-0.03994014359994458,0.013407413937986279,0
36,CN7_L_000036,0,0,S2,0.31651513730745573,0.013407413937986279,1
37,CN7_L_000037,0,0,S2,-0.02256135254186309,0.013407413937986279,0
38,CN7_L_000038,3,0,S2,-0.0303921440900653,0.013407413937986279,0
39,CN7_L_000039,0,0,S2,-0.029135537782331244,0.013407413937986279,0
40,CN7_L_000040,1,1,S2,-0.018227260456868843,0.013407413937986279,0
41,CN7_L_000041,1,0,S2,-0.019315511194628376,0.013407413937986279,0
43,CN7_L_000043,0,0,S2,-0.027433028194058906,0.013407413937986279,0
44,CN7_L_000044,3,0,S2,-0.016762377894312896,0.013407413937986279,0
45,CN7_L_000045,0,0,S2,-0.024617966231205157,0.013407413937986279,0
46,CN7_L_000046,0,0,S2,-0.032626513190566975,0.013407413937986279,0
47,CN7_L_000047,2,0,S2,-0.03118315445070885,0.013407413937986279,0
48,CN7_L_000048,0,1,S2,0.015227265547136382,0.013407413937986279,1
49,CN7_L_000049,3,0,S2,-0.029933088578875555,0.013407413937986279,0
52,CN7_L_000052,2,1,S2,-0.03237408680671283,0.013407413937986279,0
53,CN7_L_000053,1,1,S2,-0.02387460265357555,0.013407413937986279,0
54,CN7_L_000054,3,1,S2,-0.02868628134613782,0.013407413937986279,0
55,CN7_L_000055,0,1,S2,-0.03542417617772475,0.013407413937986279,0
56,CN7_L_000056,2,1,S2,-0.033413055979323314,0.013407413937986279,0
58,CN7_L_000058,1,1,S2,0.11724738638884524,0.013407413937986279,1
59,CN7_L_000059,3,1,S2,0.18326454361325728,0.013407413937986279,1
60,CN7_L_000060,2,1,S2,0.15984935073201467,0.013407413937986279,1
62,CN7_L_000062,1,0,S2,-0.04377630117582054,0.013407413937986279,0
63,CN7_L_000063,3,0,S2,-0.04771814268576147,0.013407413937986279,0
64,CN7_L_000064,3,0,S2,-0.03112201303593054,0.013407413937986279,0
65,CN7_L_000065,2,0,S2,-0.026614486190998154,0.013407413937986279,0
67,CN7_L_000067,3,0,S2,-0.012958539607773822,0.013407413937986279,0
68,CN7_L_000068,3,0,S2,-0.021958934803131824,0.013407413937986279,0
69,CN7_L_000069,2,0,S2,-0.016654226939529893,0.013407413937986279,0
70,CN7_L_000070,1,0,S2,-0.025091181752072922,0.013407413937986279,0
71,CN7_L_000071,2,0,S2,-0.030878064464910038,0.013407413937986279,0
73,CN7_L_000073,0,0,S2,-0.0438013475352772,0.013407413937986279,0
74,CN7_L_000074,0,0,S2,-0.01940159588389867,0.013407413937986279,0
77,CN7_L_000077,2,0,S2,-0.016639629832896685,0.013407413937986279,0
79,CN7_L_000079,3,0,S2,-0.009558188038185311,0.013407413937986279,0
80,CN7_L_000080,2,0,S2,-0.022211384809664447,0.013407413937986279,0
81,CN7_L_000081,2,0,S2,-0.03325428977865763,0.013407413937986279,0
82,CN7_L_000082,3,0,S2,-0.022218454758434425,0.013407413937986279,0
83,CN7_L_000083,2,0,S2,-0.0348277430294599,0.013407413937986279,0
84,CN7_L_000084,3,0,S2,-0.02728292228749074,0.013407413937986279,0
86,CN7_L_000086,0,0,S2,-0.02000505085084714,0.013407413937986279,0
87,CN7_L_000087,3,0,S2,-0.032192996705789456,0.013407413937986279,0
88,CN7_L_000088,0,0,S2,-0.03291923214227355,0.013407413937986279,0
89,CN7_L_000089,3,0,S2,-0.02022879579622694,0.013407413937986279,0
90,CN7_L_000090,1,0,S2,-0.01990894976987012,0.013407413937986279,0
91,CN7_L_000091,2,0,S2,-0.03386988927520451,0.013407413937986279,0
92,CN7_L_000092,3,0,S2,-0.038074928098148164,0.013407413937986279,0
93,CN7_L_000093,1,0,S2,-0.02987299842770419,0.013407413937986279,0
95,CN7_L_000095,0,0,S2,0.0013795637805786853,0.013407413937986279,0
96,CN7_L_000096,3,0,S2,-0.025329672620751587,0.013407413937986279,0
97,CN7_L_000097,3,0,S2,-0.02801017892044,0.013407413937986279,0
98,CN7_L_000098,3,0,S2,-0.007194167017362307,0.013407413937986279,0
99,CN7_L_000099,2,0,S2,-0.04532789414217908,0.013407413937986279,0
100,CN7_L_000100,3,0,S2,-0.022195381519948598,0.013407413937986279,0
102,CN7_L_000102,3,0,S2,-0.02570327760467328,0.013407413937986279,0
103,CN7_L_000103,0,0,S2,-0.0027668017153403834,0.013407413937986279,0
104,CN7_L_000104,2,0,S2,-0.026299476258131116,0.013407413937986279,0
106,CN7_L_000106,3,0,S2,-0.00411461151168957,0.013407413937986279,0
107,CN7_L_000107,0,0,S2,-0.025240751235418912,0.013407413937986279,0
108,CN7_L_000108,2,0,S2,-0.03788308946100161,0.013407413937986279,0
109,CN7_L_000109,2,0,S2,-0.032079806962948654,0.013407413937986279,0
110,CN7_L_000110,0,0,S2,-0.0035289089030623444,0.013407413937986279,0
111,CN7_L_000111,1,0,S2,-0.040988613422074716,0.013407413937986279,0
115,CN7_L_000115,0,0,S2,-0.04271104803614123,0.013407413937986279,0
117,CN7_L_000117,3,0,S2,0.012689538718198334,0.013407413937986279,0
118,CN7_L_000118,3,0,S2,-0.0257531593771404,0.013407413937986279,0
121,CN7_L_000121,3,0,S2,-0.026171100653777035,0.013407413937986279,0
122,CN7_L_000122,3,0,S2,-0.02622034552497421,0.013407413937986279,0
123,CN7_L_000123,0,0,S2,-0.03272128754688364,0.013407413937986279,0
124,CN7_L_000124,2,0,S2,-0.03531346532720048,0.013407413937986279,0
125,CN7_L_000125,3,0,S2,-0.027219508575423212,0.013407413937986279,0
126,CN7_L_000126,2,0,S2,-0.019093127659336684,0.013407413937986279,0
127,CN7_L_000127,0,0,S2,-0.02418700396664275,0.013407413937986279,0
128,CN7_L_000128,1,0,S2,-0.026014613030906908,0.013407413937986279,0
129,CN7_L_000129,2,0,S2,-0.02572882705786672,0.013407413937986279,0
130,CN7_L_000130,1,0,S2,-0.03722184834507214,0.013407413937986279,0
131,CN7_L_000131,3,0,S2,-0.023227758356245576,0.013407413937986279,0
132,CN7_L_000132,1,0,S2,-0.034723928578298535,0.013407413937986279,0
133,CN7_L_000133,1,0,S2,-0.0160561930026617,0.013407413937986279,0
134,CN7_L_000134,2,0,S2,-0.03126433945022744,0.013407413937986279,0
136,CN7_L_000136,0,0,S2,-0.0149542140245158,0.013407413937986279,0
137,CN7_L_000137,3,0,S2,-0.02370750222291018,0.013407413937986279,0
138,CN7_L_000138,0,0,S2,-0.021575668572147322,0.013407413937986279,0
139,CN7_L_000139,2,0,S2,-0.019804021281817907,0.013407413937986279,0
140,CN7_L_000140,1,0,S2,-0.04482844978843925,0.013407413937986279,0
141,CN7_L_000141,3,0,S2,-0.035778015119893314,0.013407413937986279,0
143,CN7_L_000143,1,0,S2,-0.025301602487521002,0.013407413937986279,0
145,CN7_L_000145,0,0,S2,-0.03787949622992115,0.013407413937986279,0
146,CN7_L_000146,3,0,S2,-0.017725212754470587,0.013407413937986279,0
147,CN7_L_000147,1,0,S2,-0.00799537292619279,0.013407413937986279,0
150,CN7_L_000150,3,0,S2,-0.021406350057163293,0.013407413937986279,0
151,CN7_L_000151,0,0,S2,-0.03878293876419292,0.013407413937986279,0
153,CN7_L_000153,0,0,S2,-0.04903782028975412,0.013407413937986279,0
154,CN7_L_000154,0,0,S2,0.006994065289913198,0.013407413937986279,0
155,CN7_L_000155,1,0,S2,-0.011344137775801455,0.013407413937986279,0
156,CN7_L_000156,0,0,S2,0.0017023577152877056,0.013407413937986279,0
157,CN7_L_000157,0,0,S2,-0.029582108765197956,0.013407413937986279,0
158,CN7_L_000158,0,0,S2,-0.02383992254988332,0.013407413937986279,0
159,CN7_L_000159,2,0,S2,-0.023037304344709075,0.013407413937986279,0
160,CN7_L_000160,1,0,S2,-0.03826204093746832,0.013407413937986279,0
161,CN7_L_000161,1,0,S2,-0.03555463769374856,0.013407413937986279,0
162,CN7_L_000162,2,0,S2,-0.04495867453253721,0.013407413937986279,0
163,CN7_L_000163,2,0,S2,-0.02790473316383202,0.013407413937986279,0
164,CN7_L_000164,0,0,S2,0.20255525800723861,0.013407413937986279,1
165,CN7_L_000165,2,0,S2,-0.03347731493965611,0.013407413937986279,0
166,CN7_L_000166,1,0,S2,-0.030985559280056085,0.013407413937986279,0
167,CN7_L_000167,2,0,S2,-0.00025697076640507355,0.013407413937986279,0
168,CN7_L_000168,3,0,S2,-0.005388130871562757,0.013407413937986279,0
169,CN7_L_000169,2,0,S2,-0.02065400862646183,0.013407413937986279,0
171,CN7_L_000171,3,0,S2,-0.020130520688150355,0.013407413937986279,0
172,CN7_L_000172,0,0,S2,-0.03738461998998677,0.013407413937986279,0
173,CN7_L_000173,3,0,S2,-0.031450388010257346,0.013407413937986279,0
177,CN7_L_000177,1,0,S2,-0.028048049187576973,0.013407413937986279,0
178,CN7_L_000178,0,0,S2,-0.05275071787798935,0.013407413937986279,0
179,CN7_L_000179,0,0,S2,-0.0461153777691814,0.013407413937986279,0
181,CN7_L_000181,0,0,S2,-0.042045220427222585,0.013407413937986279,0
182,CN7_L_000182,0,0,S2,-0.047984488718127105,0.013407413937986279,0
183,CN7_L_000183,3,0,S2,-0.02812325057561793,0.013407413937986279,0
184,CN7_L_000184,2,0,S2,-0.03310534528076148,0.013407413937986279,0
186,CN7_L_000186,0,0,S2,-0.043690742987674724,0.013407413937986279,0
187,CN7_L_000187,1,0,S2,-0.03527892012326661,0.013407413937986279,0
188,CN7_L_000188,0,0,S2,-0.03723162442141725,0.013407413937986279,0
189,CN7_L_000189,0,0,S2,-0.02632599307962913,0.013407413937986279,0
190,CN7_L_000190,2,0,S2,-0.037924173389245475,0.013407413937986279,0
191,CN7_L_000191,2,0,S2,-0.03015507372067594,0.013407413937986279,0
192,CN7_L_000192,0,0,S2,-0.024608293189438912,0.013407413937986279,0
193,CN7_L_000193,2,0,S2,-0.013133881257787028,0.013407413937986279,0
194,CN7_L_000194,1,0,S2,0.002668009241676206,0.013407413937986279,0
195,CN7_L_000195,0,0,S2,-0.018430815854932225,0.013407413937986279,0
196,CN7_L_000196,0,0,S2,-0.016465545551476835,0.013407413937986279,0
197,CN7_L_000197,3,0,S2,-0.02625995690939975,0.013407413937986279,0
198,CN7_L_000198,0,0,S2,-0.024465537201918908,0.013407413937986279,0
199,CN7_L_000199,2,0,S2,-0.004381958369365391,0.013407413937986279,0
200,CN7_L_000200,3,0,S2,-0.017705124091913715,0.013407413937986279,0
202,CN7_L_000202,0,0,S2,-0.027942368390652783,0.013407413937986279,0
204,CN7_L_000204,0,0,S2,-0.036279694434009135,0.013407413937986279,0
206,CN7_L_000206,1,0,S2,-0.012701420526636698,0.013407413937986279,0
207,CN7_L_000207,1,0,S2,-0.000415485400969029,0.013407413937986279,0
208,CN7_L_000208,2,0,S2,-0.009054299120282217,0.013407413937986279,0
209,CN7_L_000209,3,0,S2,-0.007366824406770056,0.013407413937986279,0
210,CN7_L_000210,3,0,S2,-0.02518367937994037,0.013407413937986279,0
211,CN7_L_000211,3,0,S2,-0.0019518686014367015,0.013407413937986279,0
212,CN7_L_000212,3,0,S2,-0.023091336180886324,0.013407413937986279,0
213,CN7_L_000213,3,0,S2,-0.028184040031357105,0.013407413937986279,0
216,CN7_L_000216,3,0,S2,-0.016381426783732222,0.013407413937986279,0
217,CN7_L_000217,1,0,S2,-0.014003557848210946,0.013407413937986279,0
218,CN7_L_000218,2,0,S2,-0.018871598334577078,0.013407413937986279,0
220,CN7_L_000220,2,0,S2,-0.016578816615828607,0.013407413937986279,0
221,CN7_L_000221,2,0,S2,-0.020872517444528338,0.013407413937986279,0
222,CN7_L_000222,3,0,S2,-0.02713007176454263,0.013407413937986279,0
223,CN7_L_000223,1,0,S2,0.021662514591883064,0.013407413937986279,1
224,CN7_L_000224,3,0,S2,-0.0185275198342435,0.013407413937986279,0
225,CN7_L_000225,0,0,S2,-0.029358799409740843,0.013407413937986279,0
226,CN7_L_000226,3,0,S2,-0.02256714371217694,0.013407413937986279,0
231,CN7_L_000231,1,0,S2,-0.015395625776007726,0.013407413937986279,0
232,CN7_L_000232,1,0,S2,-0.001472378394660856,0.013407413937986279,0
233,CN7_L_000233,1,0,S2,-0.009282411583746097,0.013407413937986279,0
234,CN7_L_000234,3,0,S2,-0.015881740098343977,0.013407413937986279,0
235,CN7_L_000235,3,0,S2,-0.020927378193805968,0.013407413937986279,0
236,CN7_L_000236,0,0,S2,-0.029477303660999876,0.013407413937986279,0
237,CN7_L_000237,3,0,S2,-0.009871024272198103,0.013407413937986279,0
238,CN7_L_000238,1,0,S2,-0.0262278669077618,0.013407413937986279,0
239,CN7_L_000239,1,0,S2,-0.019477966624075416,0.013407413937986279,0
241,CN7_L_000241,1,0,S2,-0.012927864630551067,0.013407413937986279,0
242,CN7_L_000242,0,0,S2,-0.01186954675365981,0.013407413937986279,0
243,CN7_L_000243,2,0,S2,-0.028721128508629068,0.013407413937986279,0
245,CN7_L_000245,1,0,S2,-0.03253498424824475,0.013407413937986279,0
246,CN7_L_000246,1,0,S2,-0.029703558002992736,0.013407413937986279,0
247,CN7_L_000247,1,0,S2,-0.004499950282343734,0.013407413937986279,0
248,CN7_L_000248,2,0,S2,-0.04717142995975787,0.013407413937986279,0
249,CN7_L_000249,3,0,S2,-0.02055524741863335,0.013407413937986279,0
250,CN7_L_000250,1,0,S2,-0.03236597732589197,0.013407413937986279,0
251,CN7_L_000251,2,0,S2,-0.029668275927523524,0.013407413937986279,0
252,CN7_L_000252,1,0,S2,-0.01985470842090864,0.013407413937986279,0
253,CN7_L_000253,3,0,S2,-0.025802772832748788,0.013407413937986279,0
254,CN7_L_000254,3,0,S2,-0.024355218530272893,0.013407413937986279,0
256,CN7_L_000256,3,0,S2,-0.027687542569914125,0.013407413937986279,0
258,CN7_L_000258,2,0,S2,-0.03610379016077947,0.013407413937986279,0
259,CN7_L_000259,0,0,S2,-0.04327944443260523,0.013407413937986279,0
260,CN7_L_000260,1,0,S2,-0.057602862138567135,0.013407413937986279,0
261,CN7_L_000261,3,0,S2,-0.02997370286201373,0.013407413937986279,0
262,CN7_L_000262,3,0,S2,-0.03544060308712349,0.013407413937986279,0
263,CN7_L_000263,2,0,S2,-0.019140113549095394,0.013407413937986279,0
264,CN7_L_000264,3,0,S2,-0.03161594238951215,0.013407413937986279,0
267,CN7_L_000267,0,0,S2,-0.04622948525457349,0.013407413937986279,0
268,CN7_L_000268,0,0,S2,-0.0541244649005439,0.013407413937986279,0
269,CN7_L_000269,1,0,S2,-0.018410685862514264,0.013407413937986279,0
270,CN7_L_000270,2,0,S2,-0.03115317322342337,0.013407413937986279,0
271,CN7_L_000271,0,0,S2,-0.04451254395671689,0.013407413937986279,0
272,CN7_L_000272,2,0,S2,-0.029232319261226047,0.013407413937986279,0
273,CN7_L_000273,3,0,S2,-0.026155530540182048,0.013407413937986279,0
275,CN7_L_000275,1,0,S2,-0.034705886843025,0.013407413937986279,0
276,CN7_L_000276,1,0,S2,-0.03178143276428802,0.013407413937986279,0
277,CN7_L_000277,1,0,S2,-0.03003031474491502,0.013407413937986279,0
278,CN7_L_000278,1,0,S2,-0.038153915170754615,0.013407413937986279,0
279,CN7_L_000279,0,0,S2,-0.0422279354693047,0.013407413937986279,0
280,CN7_L_000280,3,0,S2,-0.03369196211041636,0.013407413937986279,0
282,CN7_L_000282,0,0,S2,-0.04252797876730807,0.013407413937986279,0
285,CN7_L_000285,0,0,S2,-0.05882558584320252,0.013407413937986279,0
286,CN7_L_000286,0,0,S2,-0.06477377249165128,0.013407413937986279,0
288,CN7_L_000288,2,0,S2,-0.040638511422714574,0.013407413937986279,0
289,CN7_L_000289,1,0,S2,-0.044874324224357,0.013407413937986279,0
291,CN7_L_000291,3,0,S2,-0.03642101454951996,0.013407413937986279,0
292,CN7_L_000292,3,0,S2,-0.014608747078492246,0.013407413937986279,0
293,CN7_L_000293,1,0,S2,-0.04050888370323835,0.013407413937986279,0
294,CN7_L_000294,2,0,S2,-0.04647876733090728,0.013407413937986279,0
295,CN7_L_000295,1,0,S2,-0.03742187864521962,0.013407413937986279,0
296,CN7_L_000296,3,0,S2,-0.046339796753691265,0.013407413937986279,0
297,CN7_L_000297,1,0,S2,-0.041420887094410164,0.013407413937986279,0
298,CN7_L_000298,0,0,S2,-0.050750027043712675,0.013407413937986279,0
299,CN7_L_000299,1,0,S2,-0.020295614185094846,0.013407413937986279,0
300,CN7_L_000300,1,0,S2,-0.03653110421983041,0.013407413937986279,0
301,CN7_L_000301,1,0,S2,-0.03109960333659645,0.013407413937986279,0
303,CN7_L_000303,1,0,S2,-0.04191223309317538,0.013407413937986279,0
304,CN7_L_000304,0,0,S2,-0.04877148643843099,0.013407413937986279,0
305,CN7_L_000305,0,0,S2,-0.059041617947019676,0.013407413937986279,0
307,CN7_L_000307,3,0,S2,-0.0410139535221562,0.013407413937986279,0
308,CN7_L_000308,0,0,S2,-0.074606223745185,0.013407413937986279,0
310,CN7_L_000310,3,0,S2,-0.03320744303386458,0.013407413937986279,0
311,CN7_L_000311,1,0,S2,-0.03203049528224744,0.013407413937986279,0
312,CN7_L_000312,2,0,S2,-0.05358499265227379,0.013407413937986279,0
313,CN7_L_000313,0,0,S2,-0.05352079891992978,0.013407413937986279,0
314,CN7_L_000314,1,0,S2,-0.04292377469776176,0.013407413937986279,0
315,CN7_L_000315,2,0,S2,-0.03582783028727188,0.013407413937986279,0
316,CN7_L_000316,3,0,S2,-0.027175024865876973,0.013407413937986279,0
317,CN7_L_000317,3,0,S2,-0.0402491745962702,0.013407413937986279,0
318,CN7_L_000318,2,0,S2,-0.033098055383650404,0.013407413937986279,0
319,CN7_L_000319,0,0,S2,-0.055531158014367366,0.013407413937986279,0
320,CN7_L_000320,2,0,S2,-0.04431314723245183,0.013407413937986279,0
321,CN7_L_000321,0,0,S2,-0.043991414418861785,0.013407413937986279,0
323,CN7_L_000323,0,0,S2,-0.053321542488845575,0.013407413937986279,0
324,CN7_L_000324,0,0,S2,-0.059243128025883385,0.013407413937986279,0
325,CN7_L_000325,1,0,S2,-0.023958006594281156,0.013407413937986279,0
326,CN7_L_000326,1,0,S2,-0.025002807741680066,0.013407413937986279,0
328,CN7_L_000328,1,0,S2,-0.02816322144790595,0.013407413937986279,0
330,CN7_L_000330,1,0,S2,-0.0403577855540842,0.013407413937986279,0
331,CN7_L_000331,1,0,S2,-0.037455323236967875,0.013407413937986279,0
332,CN7_L_000332,0,0,S2,-0.050861438364170786,0.013407413937986279,0
333,CN7_L_000333,2,0,S2,-0.03990663627060376,0.013407413937986279,0
334,CN7_L_000334,3,0,S2,-0.04590397575033467,0.013407413937986279,0
335,CN7_L_000335,3,0,S2,-0.018816760522425535,0.013407413937986279,0
336,CN7_L_000336,2,0,S2,-0.03555234552725928,0.013407413937986279,0
337,CN7_L_000337,2,0,S2,-0.04188472159904477,0.013407413937986279,0
338,CN7_L_000338,2,0,S2,-0.04164313822153587,0.013407413937986279,0
339,CN7_L_000339,3,0,S2,-0.03774192750232974,0.013407413937986279,0
340,CN7_L_000340,2,0,S2,-0.046830612864143584,0.013407413937986279,0
342,CN7_L_000342,1,0,S2,-0.024604412865862124,0.013407413937986279,0
343,CN7_L_000343,2,0,S2,-0.04846309151772976,0.013407413937986279,0
345,CN7_L_000345,1,0,S2,-0.027784478156325454,0.013407413937986279,0
346,CN7_L_000346,3,0,S2,-0.040531399970972326,0.013407413937986279,0
347,CN7_L_000347,1,0,S2,-0.036445892711162164,0.013407413937986279,0
348,CN7_L_000348,1,0,S2,-0.023940563796993608,0.013407413937986279,0
349,CN7_L_000349,3,0,S2,-0.040837602138149465,0.013407413937986279,0
350,CN7_L_000350,2,0,S2,-0.04236395028482898,0.013407413937986279,0
352,CN7_L_000352,2,0,S2,-0.05728813410768696,0.013407413937986279,0
354,CN7_L_000354,3,0,S2,-0.04979458323754693,0.013407413937986279,0
355,CN7_L_000355,2,0,S2,-0.05421233973473161,0.013407413937986279,0
356,CN7_L_000356,2,0,S2,-0.02428765886638251,0.013407413937986279,0
358,CN7_L_000358,2,0,S2,-0.032438909536199656,0.013407413937986279,0
360,CN7_L_000360,2,0,S2,-0.03174014282605797,0.013407413937986279,0
361,CN7_L_000361,2,0,S2,-0.033298749973234676,0.013407413937986279,0
362,CN7_L_000362,0,0,S2,-0.06064160415127873,0.013407413937986279,0
363,CN7_L_000363,1,0,S2,-0.043625503828703005,0.013407413937986279,0
364,CN7_L_000364,2,0,S2,-0.038423537537323416,0.013407413937986279,0
365,CN7_L_000365,2,0,S2,-0.03599332599833094,0.013407413937986279,0
366,CN7_L_000366,2,0,S2,-0.055767064497045826,0.013407413937986279,0
367,CN7_L_000367,3,0,S2,-0.036641286682523755,0.013407413937986279,0
368,CN7_L_000368,2,0,S2,-0.03090561837092065,0.013407413937986279,0
369,CN7_L_000369,1,0,S2,-0.04160983368454496,0.013407413937986279,0
370,CN7_L_000370,2,0,S2,-0.026378629338997706,0.013407413937986279,0
371,CN7_L_000371,1,0,S2,-0.042056384758964116,0.013407413937986279,0
372,CN7_L_000372,1,0,S2,-0.03834598727107941,0.013407413937986279,0
374,CN7_L_000374,1,0,S2,-0.043659551291659326,0.013407413937986279,0
375,CN7_L_000375,2,0,S2,-0.0629106402579187,0.013407413937986279,0
376,CN7_L_000376,1,0,S2,-0.0520640801851846,0.013407413937986279,0
377,CN7_L_000377,0,0,S2,-0.050341031550049875,0.013407413937986279,0
378,CN7_L_000378,1,0,S2,-0.015069659332574092,0.013407413937986279,0
379,CN7_L_000379,3,0,S2,-0.039287826533105696,0.013407413937986279,0
381,CN7_L_000381,1,0,S2,-0.01804894903044585,0.013407413937986279,0
382,CN7_L_000382,3,0,S2,-0.03646124456669819,0.013407413937986279,0
383,CN7_L_000383,3,0,S2,-0.043877186930139644,0.013407413937986279,0
384,CN7_L_000384,1,0,S2,-0.05571871975267961,0.013407413937986279,0
385,CN7_L_000385,2,0,S2,-0.0676111381978044,0.013407413937986279,0
387,CN7_L_000387,3,0,S2,-0.03248756602088443,0.013407413937986279,0
388,CN7_L_000388,0,0,S2,-0.04649224462413515,0.013407413937986279,0
389,CN7_L_000389,2,0,S2,-0.023418547855832195,0.013407413937986279,0
390,CN7_L_000390,3,0,S2,-0.02408725982748805,0.013407413937986279,0
391,CN7_L_000391,1,0,S2,-0.03786639424049931,0.013407413937986279,0
394,CN7_L_000394,3,0,S2,-0.027877923331525944,0.013407413937986279,0
395,CN7_L_000395,0,0,S2,-0.06775248813438894,0.013407413937986279,0
396,CN7_L_000396,3,0,S2,-0.03281214096598417,0.013407413937986279,0
397,CN7_L_000397,0,0,S2,-0.061534031268311695,0.013407413937986279,0
398,CN7_L_000398,2,0,S2,-0.02044865662540507,0.013407413937986279,0
400,CN7_L_000400,0,0,S2,-0.056217720981295516,0.013407413937986279,0
402,CN7_L_000402,2,0,S2,-0.034349378143257114,0.013407413937986279,0
404,CN7_L_000404,1,0,S2,-0.037413405716679726,0.013407413937986279,0
406,CN7_L_000406,1,0,S2,-0.035504277399109,0.013407413937986279,0
407,CN7_L_000407,0,0,S2,-0.039643134087105736,0.013407413937986279,0
408,CN7_L_000408,0,0,S2,-0.01283905570395305,0.013407413937986279,0
409,CN7_L_000409,0,0,S2,-0.03059998558497501,0.013407413937986279,0
410,CN7_L_000410,1,0,S2,-0.04852797077862969,0.013407413937986279,0
411,CN7_L_000411,1,0,S2,-0.0389696959932011,0.013407413937986279,0
412,CN7_L_000412,3,0,S2,-0.03885114451798888,0.013407413937986279,0
413,CN7_L_000413,2,0,S2,-0.044035795357747265,0.013407413937986279,0
414,CN7_L_000414,1,0,S2,-0.022510389792098406,0.013407413937986279,0
416,CN7_L_000416,0,0,S2,-0.08684050900314033,0.013407413937986279,0
417,CN7_L_000417,0,0,S2,-0.05129199433784737,0.013407413937986279,0
418,CN7_L_000418,2,0,S2,-0.016541939339646428,0.013407413937986279,0
419,CN7_L_000419,2,0,S2,-0.040896307302807466,0.013407413937986279,0
421,CN7_L_000421,3,0,S2,-0.04577300405590734,0.013407413937986279,0
422,CN7_L_000422,1,0,S2,-0.05123696739698036,0.013407413937986279,0
423,CN7_L_000423,0,0,S2,-0.06162824154552804,0.013407413937986279,0
424,CN7_L_000424,3,0,S2,-0.033079256455020856,0.013407413937986279,0
425,CN7_L_000425,1,0,S2,-0.028004475258646577,0.013407413937986279,0
426,CN7_L_000426,2,0,S2,-0.04568177128838147,0.013407413937986279,0
428,CN7_L_000428,2,0,S2,-0.0418664443176906,0.013407413937986279,0
429,CN7_L_000429,3,0,S2,-0.023014086627224595,0.013407413937986279,0
430,CN7_L_000430,0,0,S2,-0.06282686667141424,0.013407413937986279,0
433,CN7_L_000433,2,0,S2,-0.027176177437423732,0.013407413937986279,0
434,CN7_L_000434,3,0,S2,-0.028665910767398328,0.013407413937986279,0
435,CN7_L_000435,0,0,S2,-0.05479878499149882,0.013407413937986279,0
436,CN7_L_000436,1,0,S2,-0.03272210366757089,0.013407413937986279,0
437,CN7_L_000437,3,0,S2,-0.046668008699355945,0.013407413937986279,0
438,CN7_L_000438,1,0,S2,-0.029278414376692874,0.013407413937986279,0
439,CN7_L_000439,1,0,S2,-0.02423316973066114,0.013407413937986279,0
440,CN7_L_000440,0,0,S2,-0.05994384491853655,0.013407413937986279,0
442,CN7_L_000442,2,0,S2,-0.048022836123378765,0.013407413937986279,0
443,CN7_L_000443,1,0,S2,-0.023582635364762572,0.013407413937986279,0
445,CN7_L_000445,0,0,S2,-0.055834713182749685,0.013407413937986279,0
446,CN7_L_000446,0,0,S2,-0.044492455545357634,0.013407413937986279,0
447,CN7_L_000447,0,0,S2,-0.044390946184515334,0.013407413937986279,0
448,CN7_L_000448,2,0,S2,-0.030836460868079563,0.013407413937986279,0
450,CN7_L_000450,2,0,S2,-0.04435417690365262,0.013407413937986279,0
451,CN7_L_000451,1,0,S2,-0.05631985163786202,0.013407413937986279,0
452,CN7_L_000452,3,0,S2,-0.040696924379808874,0.013407413937986279,0
453,CN7_L_000453,0,0,S2,-0.06470801928127723,0.013407413937986279,0
454,CN7_L_000454,3,0,S2,-0.034195619941840394,0.013407413937986279,0
455,CN7_L_000455,1,0,S2,-0.02266003002390371,0.013407413937986279,0
456,CN7_L_000456,2,0,S2,-0.029631985131540306,0.013407413937986279,0
457,CN7_L_000457,2,0,S2,-0.02822919039161309,0.013407413937986279,0
458,CN7_L_000458,1,0,S2,-0.01974499084711423,0.013407413937986279,0
459,CN7_L_000459,3,0,S2,-0.03362271099618053,0.013407413937986279,0
460,CN7_L_000460,1,0,S2,-0.01781574324279056,0.013407413937986279,0
461,CN7_L_000461,0,0,S2,-0.05435140860507537,0.013407413937986279,0
463,CN7_L_000463,1,0,S2,-0.03249128194845241,0.013407413937986279,0
464,CN7_L_000464,1,0,S2,-0.038980153368970205,0.013407413937986279,0
465,CN7_L_000465,3,0,S2,-0.027544202119720196,0.013407413937986279,0
466,CN7_L_000466,0,0,S2,-0.0667058109209473,0.013407413937986279,0
467,CN7_L_000467,2,0,S2,-0.0247101682312173,0.013407413937986279,0
470,CN7_L_000470,3,0,S2,-0.029515058316125997,0.013407413937986279,0
471,CN7_L_000471,0,0,S2,-0.06677535098491183,0.013407413937986279,0
474,CN7_L_000474,2,0,S2,-0.020090582930778922,0.013407413937986279,0
476,CN7_L_000476,0,0,S2,-0.06025992037907146,0.013407413937986279,0
477,CN7_L_000477,1,0,S2,-0.006481665282240812,0.013407413937986279,0
478,CN7_L_000478,0,0,S2,-0.06293217693848652,0.013407413937986279,0
479,CN7_L_000479,3,0,S2,-0.04437280358031337,0.013407413937986279,0
481,CN7_L_000481,3,0,S2,-0.023359385254920095,0.013407413937986279,0
482,CN7_L_000482,1,0,S2,-0.04196094344024859,0.013407413937986279,0
483,CN7_L_000483,2,0,S2,-0.039152644032635964,0.013407413937986279,0
484,CN7_L_000484,3,0,S2,-0.02178774564305319,0.013407413937986279,0
486,CN7_L_000486,3,0,S2,-0.031759473811659666,0.013407413937986279,0
487,CN7_L_000487,2,0,S2,-0.0426467883088133,0.013407413937986279,0
491,CN7_L_000491,1,0,S2,-0.0658470231913253,0.013407413937986279,0
492,CN7_L_000492,1,0,S2,0.004078850493281383,0.013407413937986279,0
493,CN7_L_000493,1,0,S2,-0.016340356920661048,0.013407413937986279,0
494,CN7_L_000494,2,0,S2,-0.02975278300937534,0.013407413937986279,0
495,CN7_L_000495,3,0,S2,-0.017078389554025408,0.013407413937986279,0
496,CN7_L_000496,2,0,S2,-0.05259308380432448,0.013407413937986279,0
497,CN7_L_000497,3,0,S2,-0.018243610861145787,0.013407413937986279,0
499,CN7_L_000499,3,0,S2,-0.04739995743742598,0.013407413937986279,0
500,CN7_L_000500,2,0,S2,-0.04636541467704003,0.013407413937986279,0
501,CN7_L_000501,2,0,S2,-0.05404875488108596,0.013407413937986279,0
502,CN7_L_000502,2,0,S2,-0.016674226415665183,0.013407413937986279,0
504,CN7_L_000504,1,0,S2,-0.028989639491812103,0.013407413937986279,0
507,CN7_L_000507,1,0,S2,-0.020448422992820348,0.013407413937986279,0
508,CN7_L_000508,0,0,S2,-0.0678493094250816,0.013407413937986279,0
509,CN7_L_000509,1,0,S2,-0.03612979998477206,0.013407413937986279,0
510,CN7_L_000510,1,0,S2,-0.03614143113682622,0.013407413937986279,0
511,CN7_L_000511,2,0,S2,-0.028661877988305107,0.013407413937986279,0
513,CN7_L_000513,2,0,S2,-0.021009441528204165,0.013407413937986279,0
514,CN7_L_000514,0,0,S2,-0.029698483707179868,0.013407413937986279,0
515,CN7_L_000515,0,0,S2,-0.05361978079718477,0.013407413937986279,0
516,CN7_L_000516,3,0,S2,-0.018861808453086604,0.013407413937986279,0
517,CN7_L_000517,0,0,S2,-0.07975000369973695,0.013407413937986279,0
519,CN7_L_000519,3,0,S2,-0.04510340741377239,0.013407413937986279,0
520,CN7_L_000520,3,0,S2,-0.040700841093885054,0.013407413937986279,0
521,CN7_L_000521,0,0,S2,-0.061362596688230964,0.013407413937986279,0
523,CN7_L_000523,0,0,S2,-0.04504261334635995,0.013407413937986279,0
525,CN7_L_000525,1,0,S2,-0.03629410833968083,0.013407413937986279,0
526,CN7_L_000526,0,0,S2,-0.05942746115798836,0.013407413937986279,0
527,CN7_L_000527,2,0,S2,-0.047895107524111635,0.013407413937986279,0
528,CN7_L_000528,3,0,S2,-0.0359706359567471,0.013407413937986279,0
529,CN7_L_000529,0,0,S2,-0.08264993626247064,0.013407413937986279,0
530,CN7_L_000530,2,0,S2,-0.03205675688497789,0.013407413937986279,0
532,CN7_L_000532,3,0,S2,-0.04145335818446949,0.013407413937986279,0
533,CN7_L_000533,0,0,S2,-0.04637052093078453,0.013407413937986279,0
534,CN7_L_000534,2,0,S2,-0.04468237573917855,0.013407413937986279,0
535,CN7_L_000535,2,0,S2,-0.030824717336137786,0.013407413937986279,0
536,CN7_L_000536,2,0,S2,-0.04506064043574476,0.013407413937986279,0
537,CN7_L_000537,0,0,S2,-0.07813289861820016,0.013407413937986279,0
538,CN7_L_000538,2,0,S2,-0.04163738423321384,0.013407413937986279,0
539,CN7_L_000539,0,0,S2,-0.07521688458686371,0.013407413937986279,0
541,CN7_L_000541,3,0,S2,-0.012935439414073824,0.013407413937986279,0
542,CN7_L_000542,2,0,S2,-0.0446946353557649,0.013407413937986279,0
543,CN7_L_000543,1,0,S2,-0.027403937084355734,0.013407413937986279,0
544,CN7_L_000544,2,0,S2,-0.02603021926772353,0.013407413937986279,0
545,CN7_L_000545,3,0,S2,-0.03248416282004907,0.013407413937986279,0
546,CN7_L_000546,1,0,S2,-0.046433172984988724,0.013407413937986279,0
547,CN7_L_000547,2,0,S2,-0.058842800241865056,0.013407413937986279,0
548,CN7_L_000548,3,0,S2,-0.02402626609015235,0.013407413937986279,0
549,CN7_L_000549,2,0,S2,-0.052413425887987586,0.013407413937986279,0
550,CN7_L_000550,2,0,S2,-0.03581818644973067,0.013407413937986279,0
551,CN7_L_000551,0,0,S2,-0.08145505014912469,0.013407413937986279,0
553,CN7_L_000553,3,0,S2,-0.03591227486204651,0.013407413937986279,0
555,CN7_L_000555,0,0,S2,-0.048873946067216734,0.013407413937986279,0
556,CN7_L_000556,1,0,S2,-0.056255652999803285,0.013407413937986279,0
557,CN7_L_000557,1,0,S2,-0.043448174297354036,0.013407413937986279,0
558,CN7_L_000558,3,0,S2,-0.03234717259613329,0.013407413937986279,0
559,CN7_L_000559,1,0,S2,-0.058086769263683946,0.013407413937986279,0
560,CN7_L_000560,1,0,S2,-0.030036066757016755,0.013407413937986279,0
561,CN7_L_000561,0,0,S2,-0.06340719656728955,0.013407413937986279,0
562,CN7_L_000562,0,0,S2,-0.06319023470105734,0.013407413937986279,0
563,CN7_L_000563,2,0,S2,-0.019998781375456298,0.013407413937986279,0
564,CN7_L_000564,1,0,S2,-0.030815720235098265,0.013407413937986279,0
566,CN7_L_000566,2,0,S2,-0.03267236833490372,0.013407413937986279,0
567,CN7_L_000567,0,0,S2,-0.07966124196282709,0.013407413937986279,0
568,CN7_L_000568,2,0,S2,-0.056032934905861254,0.013407413937986279,0
569,CN7_L_000569,1,0,S2,-0.045708795885496256,0.013407413937986279,0
570,CN7_L_000570,2,0,S2,-0.031011456579157493,0.013407413937986279,0
571,CN7_L_000571,3,0,S2,-0.039261312095912326,0.013407413937986279,0
572,CN7_L_000572,1,0,S2,-0.03672387857102133,0.013407413937986279,0
573,CN7_L_000573,3,0,S2,-0.029814491993273795,0.013407413937986279,0
575,CN7_L_000575,2,0,S2,-0.01726494459931771,0.013407413937986279,0
576,CN7_L_000576,3,0,S2,-0.043899904019395586,0.013407413937986279,0
578,CN7_L_000578,2,0,S2,-0.03387138921612198,0.013407413937986279,0
579,CN7_L_000579,2,0,S2,-0.04327561062524099,0.013407413937986279,0
580,CN7_L_000580,2,0,S2,-0.05491392543908158,0.013407413937986279,0
581,CN7_L_000581,1,0,S2,-0.025307149018974795,0.013407413937986279,0
582,CN7_L_000582,1,0,S2,-0.036967222078276185,0.013407413937986279,0
583,CN7_L_000583,1,0,S2,-0.033048982832217355,0.013407413937986279,0
584,CN7_L_000584,3,0,S2,-0.04112594716004958,0.013407413937986279,0
585,CN7_L_000585,0,0,S2,-0.08161398965226674,0.013407413937986279,0
586,CN7_L_000586,3,0,S2,-0.033364827487048054,0.013407413937986279,0
587,CN7_L_000587,0,0,S2,-0.08483723868526583,0.013407413937986279,0
590,CN7_L_000590,3,0,S2,-0.027115907995534205,0.013407413937986279,0
592,CN7_L_000592,2,0,S2,-0.020524083030547535,0.013407413937986279,0
593,CN7_L_000593,1,0,S2,-0.012984098309571701,0.013407413937986279,0
594,CN7_L_000594,1,0,S2,-0.02835626244737033,0.013407413937986279,0
595,CN7_L_000595,3,0,S2,-0.032685369809410614,0.013407413937986279,0
596,CN7_L_000596,0,0,S2,-0.07670550357819583,0.013407413937986279,0
597,CN7_L_000597,1,0,S2,-0.03445497400191444,0.013407413937986279,0
598,CN7_L_000598,0,0,S2,-0.08306703100093693,0.013407413937986279,0
599,CN7_L_000599,0,0,S2,-0.09182534593702751,0.013407413937986279,0
601,CN7_L_000601,2,0,S2,-0.043581040651143654,0.013407413937986279,0
602,CN7_L_000602,2,0,S2,-0.05307541312625008,0.013407413937986279,0
604,CN7_L_000604,3,0,S2,-0.06224828161203688,0.013407413937986279,0
605,CN7_L_000605,0,0,S2,0.6331369750594693,0.013407413937986279,1
0,CN7_L_000000,0,0,S3,-0.42573080264171237,0.6425085094777359,0
2,CN7_L_000002,0,0,S3,0.33293700923736136,0.6425085094777359,0
3,CN7_L_000003,0,0,S3,-0.6451507062116741,0.6425085094777359,0
4,CN7_L_000004,3,0,S3,-0.6778092296572962,0.6425085094777359,0
5,CN7_L_000005,2,0,S3,-0.10003643796714456,0.6425085094777359,0
6,CN7_L_000006,2,0,S3,-0.12785126341644126,0.6425085094777359,0
7,CN7_L_000007,1,0,S3,-0.40845674046215086,0.6425085094777359,0
8,CN7_L_000008,0,0,S3,-0.5608462415325661,0.6425085094777359,0
9,CN7_L_000009,1,0,S3,-0.05345849825083393,0.6425085094777359,0
10,CN7_L_000010,0,0,S3,-0.8353692701232256,0.6425085094777359,0
11,CN7_L_000011,0,0,S3,-0.6276429388744869,0.6425085094777359,0
12,CN7_L_000012,1,0,S3,0.23089504816324258,0.6425085094777359,0
15,CN7_L_000015,2,0,S3,-0.2121407760568026,0.6425085094777359,0
16,CN7_L_000016,1,0,S3,0.16440696458690196,0.6425085094777359,0
17,CN7_L_000017,3,0,S3,-0.020916172076614892,0.6425085094777359,0
18,CN7_L_000018,2,0,S3,0.09875321333679032,0.6425085094777359,0
19,CN7_L_000019,1,0,S3,-0.020036317542279303,0.6425085094777359,0
22,CN7_L_000022,0,0,S3,0.22157574959335813,0.6425085094777359,0
23,CN7_L_000023,3,0,S3,-0.12270545649554832,0.6425085094777359,0
24,CN7_L_000024,3,1,S3,-0.6735408465672394,0.6425085094777359,0
25,CN7_L_000025,0,0,S3,-0.6829809284715092,0.6425085094777359,0
26,CN7_L_000026,0,0,S3,0.1928906665511958,0.6425085094777359,0
27,CN7_L_000027,3,0,S3,-0.9291300979087596,0.6425085094777359,0
29,CN7_L_000029,0,0,S3,-0.17140558260741523,0.6425085094777359,0
30,CN7_L_000030,1,0,S3,-0.45102202078100584,0.6425085094777359,0
31,CN7_L_000031,0,0,S3,0.03989072890710288,0.6425085094777359,0
32,CN7_L_000032,2,0,S3,0.061239914609416246,0.6425085094777359,0
34,CN7_L_000034,3,0,S3,-0.42028629538733053,0.6425085094777359,0
36,CN7_L_000036,0,0,S3,2.5463814202787822,0.6425085094777359,1
37,CN7_L_000037,0,0,S3,-0.031226702292259656,0.6425085094777359,0
38,CN7_L_000038,3,0,S3,-0.8967480275534081,0.6425085094777359,0
39,CN7_L_000039,0,0,S3,-0.327019099405216,0.6425085094777359,0
40,CN7_L_000040,1,1,S3,-0.4222701737141632,0.6425085094777359,0
41,CN7_L_000041,1,0,S3,-0.34392169467644074,0.6425085094777359,0
43,CN7_L_000043,0,0,S3,-0.9449381647721364,0.6425085094777359,0
44,CN7_L_000044,3,0,S3,0.05545957385178735,0.6425085094777359,0
45,CN7_L_000045,0,0,S3,-0.2611781650222653,0.6425085094777359,0
46,CN7_L_000046,0,0,S3,-0.47124875893706175,0.6425085094777359,0
47,CN7_L_000047,2,0,S3,-1.0366586424714352,0.6425085094777359,0
48,CN7_L_000048,0,1,S3,1.1084138948500146,0.6425085094777359,1
49,CN7_L_000049,3,0,S3,-0.391659380040442,0.6425085094777359,0
52,CN7_L_000052,2,1,S3,-0.5665738150198454,0.6425085094777359,0
53,CN7_L_000053,1,1,S3,-0.43789660505242756,0.6425085094777359,0
54,CN7_L_000054,3,1,S3,0.0842979635377965,0.6425085094777359,0
55,CN7_L_000055,0,1,S3,-0.3782120810169203,0.6425085094777359,0
56,CN7_L_000056,2,1,S3,0.11187693361709883,0.6425085094777359,0
58,CN7_L_000058,1,1,S3,2.3498074857933338,0.6425085094777359,1
59,CN7_L_000059,3,1,S3,2.5525333473134,0.6425085094777359,1
60,CN7_L_000060,2,1,S3,2.3706032917811535,0.6425085094777359,1
62,CN7_L_000062,1,0,S3,-0.6417582919616556,0.6425085094777359,0
63,CN7_L_000063,3,0,S3,-0.258160418831451,0.6425085094777359,0
64,CN7_L_000064,3,0,S3,-1.1731072989937643,0.6425085094777359,0
65,CN7_L_000065,2,0,S3,-0.5890397104405767,0.6425085094777359,0
67,CN7_L_000067,3,0,S3,-0.19473466763499703,0.6425085094777359,0
68,CN7_L_000068,3,0,S3,-0.12939304228073345,0.6425085094777359,0
69,CN7_L_000069,2,0,S3,-0.471851059023106,0.6425085094777359,0
70,CN7_L_000070,1,0,S3,-0.6512247460792651,0.6425085094777359,0
71,CN7_L_000071,2,0,S3,-0.48411298911505884,0.6425085094777359,0
73,CN7_L_000073,0,0,S3,-0.4608144993657999,0.6425085094777359,0
74,CN7_L_000074,0,0,S3,-0.3538122261053225,0.6425085094777359,0
77,CN7_L_000077,2,0,S3,-0.4526567251893536,0.6425085094777359,0
79,CN7_L_000079,3,0,S3,-0.2904904327654054,0.6425085094777359,0
80,CN7_L_000080,2,0,S3,-0.4017320964420925,0.6425085094777359,0
81,CN7_L_000081,2,0,S3,-0.8089007697262711,0.6425085094777359,0
82,CN7_L_000082,3,0,S3,-0.1960976091789628,0.6425085094777359,0
83,CN7_L_000083,2,0,S3,-0.41113052515141035,0.6425085094777359,0
84,CN7_L_000084,3,0,S3,-0.7169885361411796,0.6425085094777359,0
86,CN7_L_000086,0,0,S3,-0.25615744910626015,0.6425085094777359,0
87,CN7_L_000087,3,0,S3,-0.9673703361890844,0.6425085094777359,0
88,CN7_L_000088,0,0,S3,-0.6479822679413689,0.6425085094777359,0
89,CN7_L_000089,3,0,S3,-0.39484655580327743,0.6425085094777359,0
90,CN7_L_000090,1,0,S3,-0.6600701361858539,0.6425085094777359,0
91,CN7_L_000091,2,0,S3,-1.153722985163955,0.6425085094777359,0
92,CN7_L_000092,3,0,S3,-0.5787086457408779,0.6425085094777359,0
93,CN7_L_000093,1,0,S3,-0.3610108211823704,0.6425085094777359,0
95,CN7_L_000095,0,0,S3,0.2345746034421845,0.6425085094777359,0
96,CN7_L_000096,3,0,S3,-0.7866571748835325,0.6425085094777359,0
97,CN7_L_000097,3,0,S3,-0.48570178586990886,0.6425085094777359,0
98,CN7_L_000098,3,0,S3,-0.22462956044695703,0.6425085094777359,0
99,CN7_L_000099,2,0,S3,-0.6417448844349045,0.6425085094777359,0
100,CN7_L_000100,3,0,S3,-0.2242989139682865,0.6425085094777359,0
102,CN7_L_000102,3,0,S3,-0.7356657792026655,0.6425085094777359,0
103,CN7_L_000103,0,0,S3,0.45139993314097593,0.6425085094777359,0
104,CN7_L_000104,2,0,S3,-0.26426816261599884,0.6425085094777359,0
106,CN7_L_000106,3,0,S3,-0.6360803810199829,0.6425085094777359,0
107,CN7_L_000107,0,0,S3,-0.013753822456578746,0.6425085094777359,0
108,CN7_L_000108,2,0,S3,-0.5243772879552258,0.6425085094777359,0
109,CN7_L_000109,2,0,S3,-0.22212525009562478,0.6425085094777359,0
110,CN7_L_000110,0,0,S3,0.38387669500922383,0.6425085094777359,0
111,CN7_L_000111,1,0,S3,-0.3630290990405176,0.6425085094777359,0
115,CN7_L_000115,0,0,S3,-0.6792785828427381,0.6425085094777359,0
117,CN7_L_000117,3,0,S3,0.2097236495636663,0.6425085094777359,0
118,CN7_L_000118,3,0,S3,-0.4361773678775829,0.6425085094777359,0
121,CN7_L_000121,3,0,S3,-0.9824186035637728,0.6425085094777359,0
122,CN7_L_000122,3,0,S3,-0.5133949372532296,0.6425085094777359,0
123,CN7_L_000123,0,0,S3,-0.4843829030798088,0.6425085094777359,0
124,CN7_L_000124,2,0,S3,-0.5409463385534519,0.6425085094777359,0
125,CN7_L_000125,3,0,S3,-0.5286584589452366,0.6425085094777359,0
126,CN7_L_000126,2,0,S3,-0.5422599340936589,0.6425085094777359,0
127,CN7_L_000127,0,0,S3,-0.2799168985151237,0.6425085094777359,0
128,CN7_L_000128,1,0,S3,-0.9573321257089789,0.6425085094777359,0
129,CN7_L_000129,2,0,S3,-0.7268742507910644,0.6425085094777359,0
130,CN7_L_000130,1,0,S3,-0.4339386161706096,0.6425085094777359,0
131,CN7_L_000131,3,0,S3,-1.2918892331285345,0.6425085094777359,0
132,CN7_L_000132,1,0,S3,-1.011827321033412,0.6425085094777359,0
133,CN7_L_000133,1,0,S3,-0.013260087219739702,0.6425085094777359,0
134,CN7_L_000134,2,0,S3,-0.39229616311789606,0.6425085094777359,0
136,CN7_L_000136,0,0,S3,-0.5057413001219699,0.6425085094777359,0
137,CN7_L_000137,3,0,S3,-0.6507785491146003,0.6425085094777359,0
138,CN7_L_000138,0,0,S3,-0.2249352729272478,0.6425085094777359,0
139,CN7_L_000139,2,0,S3,-0.7888780427016471,0.6425085094777359,0
140,CN7_L_000140,1,0,S3,-0.2205376837242854,0.6425085094777359,0
141,CN7_L_000141,3,0,S3,-0.30292418380572483,0.6425085094777359,0
143,CN7_L_000143,1,0,S3,-0.5469527974376538,0.6425085094777359,0
145,CN7_L_000145,0,0,S3,-0.7381828474826868,0.6425085094777359,0
146,CN7_L_000146,3,0,S3,-0.6929388625925488,0.6425085094777359,0
147,CN7_L_000147,1,0,S3,-0.15549304998259972,0.6425085094777359,0
150,CN7_L_000150,3,0,S3,-0.5815458369244024,0.6425085094777359,0
151,CN7_L_000151,0,0,S3,-0.33849180627303177,0.6425085094777359,0
153,CN7_L_000153,0,0,S3,-0.33378919605496815,0.6425085094777359,0
154,CN7_L_000154,0,0,S3,0.5519357531488225,0.6425085094777359,0
155,CN7_L_000155,1,0,S3,-0.017736259542719957,0.6425085094777359,0
156,CN7_L_000156,0,0,S3,0.5005100941454779,0.6425085094777359,0
157,CN7_L_000157,0,0,S3,-0.7923333617793338,0.6425085094777359,0
158,CN7_L_000158,0,0,S3,0.023673045743466847,0.6425085094777359,0
159,CN7_L_000159,2,0,S3,-0.5714618480250686,0.6425085094777359,0
160,CN7_L_000160,1,0,S3,-0.11723597528627439,0.6425085094777359,0
161,CN7_L_000161,1,0,S3,-0.9577516945224298,0.6425085094777359,0
162,CN7_L_000162,2,0,S3,-0.4694618162938782,0.6425085094777359,0
163,CN7_L_000163,2,0,S3,-0.17451168942454975,0.6425085094777359,0
164,CN7_L_000164,0,0,S3,2.5269430725263664,0.6425085094777359,1
165,CN7_L_000165,2,0,S3,-0.8718992824057787,0.6425085094777359,0
166,CN7_L_000166,1,0,S3,-0.9255549019218536,0.6425085094777359,0
167,CN7_L_000167,2,0,S3,-0.62540679222327,0.6425085094777359,0
168,CN7_L_000168,3,0,S3,-0.4755663743004992,0.6425085094777359,0
169,CN7_L_000169,2,0,S3,-0.9645945500761588,0.6425085094777359,0
171,CN7_L_000171,3,0,S3,-1.095700638070762,0.6425085094777359,0
172,CN7_L_000172,0,0,S3,-0.6881733052943169,0.6425085094777359,0
173,CN7_L_000173,3,0,S3,-0.5939011800716534,0.6425085094777359,0
177,CN7_L_000177,1,0,S3,-0.4005971569566662,0.6425085094777359,0
178,CN7_L_000178,0,0,S3,-0.7249956298825779,0.6425085094777359,0
179,CN7_L_000179,0,0,S3,-1.1328555681122596,0.6425085094777359,0
181,CN7_L_000181,0,0,S3,-0.3026092036450718,0.6425085094777359,0
182,CN7_L_000182,0,0,S3,-0.42144893424605545,0.6425085094777359,0
183,CN7_L_000183,3,0,S3,-1.0789028977502206,0.6425085094777359,0
184,CN7_L_000184,2,0,S3,-0.9968310523164821,0.6425085094777359,0
186,CN7_L_000186,0,0,S3,-1.0106936438910386,0.6425085094777359,0
187,CN7_L_000187,1,0,S3,-1.1104965969641025,0.6425085094777359,0
188,CN7_L_000188,0,0,S3,-0.6179677151079579,0.6425085094777359,0
189,CN7_L_000189,0,0,S3,-0.08360110769683082,0.6425085094777359,0
190,CN7_L_000190,2,0,S3,-0.6375640920836112,0.6425085094777359,0
191,CN7_L_000191,2,0,S3,-0.5362091231298751,0.6425085094777359,0
192,CN7_L_000192,0,0,S3,-0.003116940265408985,0.6425085094777359,0
193,CN7_L_000193,2,0,S3,0.11133589991578141,0.6425085094777359,0
194,CN7_L_000194,1,0,S3,0.07332121383202139,0.6425085094777359,0
195,CN7_L_000195,0,0,S3,0.05913110474489969,0.6425085094777359,0
196,CN7_L_000196,0,0,S3,-0.05195838332810476,0.6425085094777359,0
197,CN7_L_000197,3,0,S3,-0.44585738966590904,0.6425085094777359,0
198,CN7_L_000198,0,0,S3,-0.2916205894864392,0.6425085094777359,0
199,CN7_L_000199,2,0,S3,-0.0885074974272686,0.6425085094777359,0
200,CN7_L_000200,3,0,S3,0.1448757550514581,0.6425085094777359,0
202,CN7_L_000202,0,0,S3,-0.5291652786330685,0.6425085094777359,0
204,CN7_L_000204,0,0,S3,-0.7563620668940811,0.6425085094777359,0
206,CN7_L_000206,1,0,S3,-0.25225162754002195,0.6425085094777359,0
207,CN7_L_000207,1,0,S3,-0.1649163479891822,0.6425085094777359,0
208,CN7_L_000208,2,0,S3,-0.10445002825092065,0.6425085094777359,0
209,CN7_L_000209,3,0,S3,-0.3052675856678295,0.6425085094777359,0
210,CN7_L_000210,3,0,S3,-0.18173198956183345,0.6425085094777359,0
211,CN7_L_000211,3,0,S3,0.6425085094777359,0.6425085094777359,0
212,CN7_L_000212,3,0,S3,-0.4212346575095891,0.6425085094777359,0
213,CN7_L_000213,3,0,S3,-0.4801975549623161,0.6425085094777359,0
216,CN7_L_000216,3,0,S3,-0.39947912417868414,0.6425085094777359,0
217,CN7_L_000217,1,0,S3,-0.5519649648278082,0.6425085094777359,0
218,CN7_L_000218,2,0,S3,-0.6592506571067074,0.6425085094777359,0
220,CN7_L_000220,2,0,S3,-0.41397199131526463,0.6425085094777359,0
221,CN7_L_000221,2,0,S3,-0.2289541436859186,0.6425085094777359,0
222,CN7_L_000222,3,0,S3,-0.763509934534512,0.6425085094777359,0
223,CN7_L_000223,1,0,S3,0.1837131755811492,0.6425085094777359,0
224,CN7_L_000224,3,0,S3,-0.31491554031376756,0.6425085094777359,0
225,CN7_L_000225,0,0,S3,-0.28738936408475,0.6425085094777359,0
226,CN7_L_000226,3,0,S3,-0.1685620483692949,0.6425085094777359,0
231,CN7_L_000231,1,0,S3,-0.093764561344992,0.6425085094777359,0
232,CN7_L_000232,1,0,S3,-0.3722515777744482,0.6425085094777359,0
233,CN7_L_000233,1,0,S3,-0.21954161474943845,0.6425085094777359,0
234,CN7_L_000234,3,0,S3,-0.25147586032101366,0.6425085094777359,0
235,CN7_L_000235,3,0,S3,-0.19683702283809046,0.6425085094777359,0
236,CN7_L_000236,0,0,S3,-0.82146374163018,0.6425085094777359,0
237,CN7_L_000237,3,0,S3,-0.34926429527969605,0.6425085094777359,0
238,CN7_L_000238,1,0,S3,-0.5941338801578997,0.6425085094777359,0
239,CN7_L_000239,1,0,S3,-0.2638027733725363,0.6425085094777359,0
241,CN7_L_000241,1,0,S3,-0.17308649223299355,0.6425085094777359,0
242,CN7_L_000242,0,0,S3,0.18092074352541276,0.6425085094777359,0
243,CN7_L_000243,2,0,S3,-0.573859216027135,0.6425085094777359,0
245,CN7_L_000245,1,0,S3,-0.3236979162305009,0.6425085094777359,0
246,CN7_L_000246,1,0,S3,-0.4629471844515054,0.6425085094777359,0
247,CN7_L_000247,1,0,S3,0.030434115649117466,0.6425085094777359,0
248,CN7_L_000248,2,0,S3,-0.6283899257910952,0.6425085094777359,0
249,CN7_L_000249,3,0,S3,-0.5133003367639866,0.6425085094777359,0
250,CN7_L_000250,1,0,S3,-0.7402232517044744,0.6425085094777359,0
251,CN7_L_000251,2,0,S3,-0.077612615480672,0.6425085094777359,0
252,CN7_L_000252,1,0,S3,-0.47299216775405606,0.6425085094777359,0
253,CN7_L_000253,3,0,S3,-0.816106036462084,0.6425085094777359,0
254,CN7_L_000254,3,0,S3,-0.3105606619414165,0.6425085094777359,0
256,CN7_L_000256,3,0,S3,-0.5094861361376251,0.6425085094777359,0
258,CN7_L_000258,2,0,S3,-0.7021797048695277,0.6425085094777359,0
259,CN7_L_000259,0,0,S3,-0.8572166195482978,0.6425085094777359,0
260,CN7_L_000260,1,0,S3,-0.5439726240343479,0.6425085094777359,0
261,CN7_L_000261,3,0,S3,-0.1402627008075754,0.6425085094777359,0
262,CN7_L_000262,3,0,S3,-0.6360606800132951,0.6425085094777359,0
263,CN7_L_000263,2,0,S3,-0.8472030191975986,0.6425085094777359,0
264,CN7_L_000264,3,0,S3,-0.40637146210258024,0.6425085094777359,0
267,CN7_L_000267,0,0,S3,-0.6704065790026239,0.6425085094777359,0
268,CN7_L_000268,0,0,S3,-0.6583102542913819,0.6425085094777359,0
269,CN7_L_000269,1,0,S3,-0.729641971451243,0.6425085094777359,0
270,CN7_L_000270,2,0,S3,-0.9921954121270251,0.6425085094777359,0
271,CN7_L_000271,0,0,S3,-0.957740574801071,0.6425085094777359,0
272,CN7_L_000272,2,0,S3,-0.865313483333066,0.6425085094777359,0
273,CN7_L_000273,3,0,S3,-0.31408370579423295,0.6425085094777359,0
275,CN7_L_000275,1,0,S3,-0.9970030333167288,0.6425085094777359,0
276,CN7_L_000276,1,0,S3,-0.687802803232612,0.6425085094777359,0
277,CN7_L_000277,1,0,S3,-0.7331991096470358,0.6425085094777359,0
278,CN7_L_000278,1,0,S3,-0.5869258671727997,0.6425085094777359,0
279,CN7_L_000279,0,0,S3,-0.5260225381497374,0.6425085094777359,0
280,CN7_L_000280,3,0,S3,-0.3091831531041631,0.6425085094777359,0
282,CN7_L_000282,0,0,S3,-0.3409797591185102,0.6425085094777359,0
285,CN7_L_000285,0,0,S3,-0.6707325859756561,0.6425085094777359,0
286,CN7_L_000286,0,0,S3,-0.9896633642431718,0.6425085094777359,0
288,CN7_L_000288,2,0,S3,-0.8631822846783983,0.6425085094777359,0
289,CN7_L_000289,1,0,S3,-1.145205001055968,0.6425085094777359,0
291,CN7_L_000291,3,0,S3,-0.6588068771973465,0.6425085094777359,0
292,CN7_L_000292,3,0,S3,-0.2038224744649182,0.6425085094777359,0
293,CN7_L_000293,1,0,S3,-0.22170643344329388,0.6425085094777359,0
294,CN7_L_000294,2,0,S3,-0.7949513115123055,0.6425085094777359,0
295,CN7_L_000295,1,0,S3,-0.6216117832800059,0.6425085094777359,0
296,CN7_L_000296,3,0,S3,-0.5687044533313781,0.6425085094777359,0
297,CN7_L_000297,1,0,S3,-1.1751101584272017,0.6425085094777359,0
298,CN7_L_000298,0,0,S3,-0.9090570539889722,0.6425085094777359,0
299,CN7_L_000299,1,0,S3,-0.3092762111672722,0.6425085094777359,0
300,CN7_L_000300,1,0,S3,-0.5887695004352951,0.6425085094777359,0
301,CN7_L_000301,1,0,S3,-0.43051424159866647,0.6425085094777359,0
303,CN7_L_000303,1,0,S3,-0.7705788535319384,0.6425085094777359,0
304,CN7_L_000304,0,0,S3,-0.8307854602746279,0.6425085094777359,0
305,CN7_L_000305,0,0,S3,-0.6744173808491993,0.6425085094777359,0
307,CN7_L_000307,3,0,S3,-0.2978075427406508,0.6425085094777359,0
308,CN7_L_000308,0,0,S3,-0.6529872923859177,0.6425085094777359,0
310,CN7_L_000310,3,0,S3,-0.5578110423219584,0.6425085094777359,0
311,CN7_L_000311,1,0,S3,-0.6314904057641542,0.6425085094777359,0
312,CN7_L_000312,2,0,S3,-0.4681055396506846,0.6425085094777359,0
313,CN7_L_000313,0,0,S3,-0.47861326945000515,0.6425085094777359,0
314,CN7_L_000314,1,0,S3,-0.40781791596666706,0.6425085094777359,0
315,CN7_L_000315,2,0,S3,-0.6124303964774049,0.6425085094777359,0
316,CN7_L_000316,3,0,S3,-0.8498568977857262,0.6425085094777359,0
317,CN7_L_000317,3,0,S3,-0.3459008130397927,0.6425085094777359,0
318,CN7_L_000318,2,0,S3,-0.47839640259065286,0.6425085094777359,0
319,CN7_L_000319,0,0,S3,-1.1411926272449775,0.6425085094777359,0
320,CN7_L_000320,2,0,S3,-0.993199810911428,0.6425085094777359,0
321,CN7_L_000321,0,0,S3,-0.7870909656864891,0.6425085094777359,0
323,CN7_L_000323,0,0,S3,-1.00289915952931,0.6425085094777359,0
324,CN7_L_000324,0,0,S3,-0.45077373542688237,0.6425085094777359,0
325,CN7_L_000325,1,0,S3,-0.3375591771944242,0.6425085094777359,0
326,CN7_L_000326,1,0,S3,-0.74204381947869,0.6425085094777359,0
328,CN7_L_000328,1,0,S3,-0.6321079418046391,0.6425085094777359,0
330,CN7_L_000330,1,0,S3,-0.9561006998433319,0.6425085094777359,0
331,CN7_L_000331,1,0,S3,-0.872671070328392,0.6425085094777359,0
332,CN7_L_000332,0,0,S3,-0.45140589505433093,0.6425085094777359,0
333,CN7_L_000333,2,0,S3,-0.6633888532091365,0.6425085094777359,0
334,CN7_L_000334,3,0,S3,-1.0015791315504967,0.6425085094777359,0
335,CN7_L_000335,3,0,S3,-0.27315321761950573,0.6425085094777359,0
336,CN7_L_000336,2,0,S3,-0.40243538689547664,0.6425085094777359,0
337,CN7_L_000337,2,0,S3,-1.0060805941396147,0.6425085094777359,0
338,CN7_L_000338,2,0,S3,-0.857312084135462,0.6425085094777359,0
339,CN7_L_000339,3,0,S3,-0.9231174633035408,0.6425085094777359,0
340,CN7_L_000340,2,0,S3,-0.2559231553310597,0.6425085094777359,0
342,CN7_L_000342,1,0,S3,-0.15273454138272724,0.6425085094777359,0
343,CN7_L_000343,2,0,S3,-0.2679366736824047,0.6425085094777359,0
345,CN7_L_000345,1,0,S3,-0.5454317419367491,0.6425085094777359,0
346,CN7_L_000346,3,0,S3,-0.822368199021223,0.6425085094777359,0
347,CN7_L_000347,1,0,S3,-0.9080557152757276,0.6425085094777359,0
348,CN7_L_000348,1,0,S3,-0.3763228450903253,0.6425085094777359,0
349,CN7_L_000349,3,0,S3,-0.8012405553527815,0.6425085094777359,0
350,CN7_L_000350,2,0,S3,-0.8457203213843028,0.6425085094777359,0
352,CN7_L_000352,2,0,S3,-0.5962724796764078,0.6425085094777359,0
354,CN7_L_000354,3,0,S3,-0.6607396655939519,0.6425085094777359,0
355,CN7_L_000355,2,0,S3,-0.8977452085107291,0.6425085094777359,0
356,CN7_L_000356,2,0,S3,-0.03571588513156598,0.6425085094777359,0
358,CN7_L_000358,2,0,S3,-0.8326706732570157,0.6425085094777359,0
360,CN7_L_000360,2,0,S3,-0.15601609856347753,0.6425085094777359,0
361,CN7_L_000361,2,0,S3,0.11037067834583514,0.6425085094777359,0
362,CN7_L_000362,0,0,S3,0.14242508375996454,0.6425085094777359,0
363,CN7_L_000363,1,0,S3,-0.12026078083074454,0.6425085094777359,0
364,CN7_L_000364,2,0,S3,0.3143905066723489,0.6425085094777359,0
365,CN7_L_000365,2,0,S3,-0.34939644220718824,0.6425085094777359,0
366,CN7_L_000366,2,0,S3,-0.5620001453127199,0.6425085094777359,0
367,CN7_L_000367,3,0,S3,-0.24106746405372137,0.6425085094777359,0
368,CN7_L_000368,2,0,S3,-0.37483732455597485,0.6425085094777359,0
369,CN7_L_000369,1,0,S3,-0.9421759535557181,0.6425085094777359,0
370,CN7_L_000370,2,0,S3,-0.8061530034326685,0.6425085094777359,0
371,CN7_L_000371,1,0,S3,-0.3267790401636632,0.6425085094777359,0
372,CN7_L_000372,1,0,S3,-0.4668835659995745,0.6425085094777359,0
374,CN7_L_000374,1,0,S3,-0.5723499715468656,0.6425085094777359,0
375,CN7_L_000375,2,0,S3,-0.5686815949560935,0.6425085094777359,0
376,CN7_L_000376,1,0,S3,-0.2518249734211073,0.6425085094777359,0
377,CN7_L_000377,0,0,S3,-0.5542867697516258,0.6425085094777359,0
378,CN7_L_000378,1,0,S3,-0.5762814887208645,0.6425085094777359,0
379,CN7_L_000379,3,0,S3,-0.6625561949812342,0.6425085094777359,0
381,CN7_L_000381,1,0,S3,-0.30455048510036553,0.6425085094777359,0
382,CN7_L_000382,3,0,S3,-0.7011699903091304,0.6425085094777359,0
383,CN7_L_000383,3,0,S3,-0.2631212145140007,0.6425085094777359,0
384,CN7_L_000384,1,0,S3,-1.065536173004889,0.6425085094777359,0
385,CN7_L_000385,2,0,S3,-0.3722750818296259,0.6425085094777359,0
387,CN7_L_000387,3,0,S3,-0.4271309659312976,0.6425085094777359,0
388,CN7_L_000388,0,0,S3,-0.7527710429441501,0.6425085094777359,0
389,CN7_L_000389,2,0,S3,-0.4246874578342661,0.6425085094777359,0
390,CN7_L_000390,3,0,S3,-0.4275725318042598,0.6425085094777359,0
391,CN7_L_000391,1,0,S3,-0.8914678283611206,0.6425085094777359,0
394,CN7_L_000394,3,0,S3,-0.7079205880277732,0.6425085094777359,0
395,CN7_L_000395,0,0,S3,-0.6206158903595411,0.6425085094777359,0
396,CN7_L_000396,3,0,S3,-0.46390159483213145,0.6425085094777359,0
397,CN7_L_000397,0,0,S3,-0.7775974737657663,0.6425085094777359,0
398,CN7_L_000398,2,0,S3,-0.8256062711445029,0.6425085094777359,0
400,CN7_L_000400,0,0,S3,-1.118459957112365,0.6425085094777359,0
402,CN7_L_000402,2,0,S3,-1.1485886553028863,0.6425085094777359,0
404,CN7_L_000404,1,0,S3,-0.724793823430324,0.6425085094777359,0
406,CN7_L_000406,1,0,S3,-0.8706427664596306,0.6425085094777359,0
407,CN7_L_000407,0,0,S3,-0.2429809957471809,0.6425085094777359,0
408,CN7_L_000408,0,0,S3,0.41160591796272383,0.6425085094777359,0
409,CN7_L_000409,0,0,S3,0.07633619359227195,0.6425085094777359,0
410,CN7_L_000410,1,0,S3,-0.7533765416905029,0.6425085094777359,0
411,CN7_L_000411,1,0,S3,-1.0057798726771288,0.6425085094777359,0
412,CN7_L_000412,3,0,S3,-0.6594859776503115,0.6425085094777359,0
413,CN7_L_000413,2,0,S3,-0.8756200884777563,0.6425085094777359,0
414,CN7_L_000414,1,0,S3,-0.44893060300043075,0.6425085094777359,0
416,CN7_L_000416,0,0,S3,-0.7722081044444815,0.6425085094777359,0
417,CN7_L_000417,0,0,S3,-0.44235826941141854,0.6425085094777359,0
418,CN7_L_000418,2,0,S3,-0.8038358570666788,0.6425085094777359,0
419,CN7_L_000419,2,0,S3,-0.5829400890859007,0.6425085094777359,0
421,CN7_L_000421,3,0,S3,-0.7653171928858749,0.6425085094777359,0
422,CN7_L_000422,1,0,S3,-0.5891989910436428,0.6425085094777359,0
423,CN7_L_000423,0,0,S3,-0.5233228589827799,0.6425085094777359,0
424,CN7_L_000424,3,0,S3,-0.42270462764764627,0.6425085094777359,0
425,CN7_L_000425,1,0,S3,-0.8527208249244547,0.6425085094777359,0
426,CN7_L_000426,2,0,S3,-0.9567652813804925,0.6425085094777359,0
428,CN7_L_000428,2,0,S3,-0.5984680314770467,0.6425085094777359,0
429,CN7_L_000429,3,0,S3,-0.20824054555454863,0.6425085094777359,0
430,CN7_L_000430,0,0,S3,-0.8374233387200904,0.6425085094777359,0
433,CN7_L_000433,2,0,S3,-0.20050213551145646,0.6425085094777359,0
434,CN7_L_000434,3,0,S3,-0.716572939917683,0.6425085094777359,0
435,CN7_L_000435,0,0,S3,-1.0361494282182178,0.6425085094777359,0
436,CN7_L_000436,1,0,S3,-0.9603250699797026,0.6425085094777359,0
437,CN7_L_000437,3,0,S3,-1.02281030818637,0.6425085094777359,0
438,CN7_L_000438,1,0,S3,-0.23445286141350152,0.6425085094777359,0
439,CN7_L_000439,1,0,S3,-0.30229024840087737,0.6425085094777359,0
440,CN7_L_000440,0,0,S3,-0.6602709417310733,0.6425085094777359,0
442,CN7_L_000442,2,0,S3,-0.5527158796208456,0.6425085094777359,0
443,CN7_L_000443,1,0,S3,-0.5246895522041268,0.6425085094777359,0
445,CN7_L_000445,0,0,S3,-0.8742952252903238,0.6425085094777359,0
446,CN7_L_000446,0,0,S3,-0.6674485088446254,0.6425085094777359,0
447,CN7_L_000447,0,0,S3,-0.5291239515969526,0.6425085094777359,0
448,CN7_L_000448,2,0,S3,-0.4043238624638441,0.6425085094777359,0
450,CN7_L_000450,2,0,S3,-0.34938046282832813,0.6425085094777359,0
451,CN7_L_000451,1,0,S3,-0.5495643280354421,0.6425085094777359,0
452,CN7_L_000452,3,0,S3,-0.6249778558935462,0.6425085094777359,0
453,CN7_L_000453,0,0,S3,-0.5891790675241189,0.6425085094777359,0
454,CN7_L_000454,3,0,S3,-0.36721083904792406,0.6425085094777359,0
455,CN7_L_000455,1,0,S3,-0.12795092927672513,0.6425085094777359,0
456,CN7_L_000456,2,0,S3,-0.13681936031260955,0.6425085094777359,0
457,CN7_L_000457,2,0,S3,-0.6026494614891114,0.6425085094777359,0
458,CN7_L_000458,1,0,S3,0.13761998612244408,0.6425085094777359,0
459,CN7_L_000459,3,0,S3,-0.3813398294256407,0.6425085094777359,0
460,CN7_L_000460,1,0,S3,-0.1479769764248604,0.6425085094777359,0
461,CN7_L_000461,0,0,S3,0.23109371921941113,0.6425085094777359,0
463,CN7_L_000463,1,0,S3,-0.78136943674716,0.6425085094777359,0
464,CN7_L_000464,1,0,S3,-0.7282518557696416,0.6425085094777359,0
465,CN7_L_000465,3,0,S3,-0.6091484874034854,0.6425085094777359,0
466,CN7_L_000466,0,0,S3,-0.5034910171654299,0.6425085094777359,0
467,CN7_L_000467,2,0,S3,-0.6939567631369945,0.6425085094777359,0
470,CN7_L_000470,3,0,S3,-0.17386894755476368,0.6425085094777359,0
471,CN7_L_000471,0,0,S3,-0.33558628781399236,0.6425085094777359,0
474,CN7_L_000474,2,0,S3,-0.5927607491048152,0.6425085094777359,0
476,CN7_L_000476,0,0,S3,-0.879673896582255,0.6425085094777359,0
477,CN7_L_000477,1,0,S3,-0.7508291322909013,0.6425085094777359,0
478,CN7_L_000478,0,0,S3,-0.4798561391648075,0.6425085094777359,0
479,CN7_L_000479,3,0,S3,-0.501200021056031,0.6425085094777359,0
481,CN7_L_000481,3,0,S3,-0.9859731704039447,0.6425085094777359,0
482,CN7_L_000482,1,0,S3,-0.16703563013260947,0.6425085094777359,0
483,CN7_L_000483,2,0,S3,-0.7809973800476491,0.6425085094777359,0
484,CN7_L_000484,3,0,S3,-0.28111704442909113,0.6425085094777359,0
486,CN7_L_000486,3,0,S3,-0.10519519176795455,0.6425085094777359,0
487,CN7_L_000487,2,0,S3,-0.6952726376236265,0.6425085094777359,0
491,CN7_L_000491,1,0,S3,-0.48055356557238893,0.6425085094777359,0
492,CN7_L_000492,1,0,S3,0.055235465681048534,0.6425085094777359,0
493,CN7_L_000493,1,0,S3,0.022372929435847677,0.6425085094777359,0
494,CN7_L_000494,2,0,S3,-0.5097453699606906,0.6425085094777359,0
495,CN7_L_000495,3,0,S3,-0.5825066259663307,0.6425085094777359,0
496,CN7_L_000496,2,0,S3,-0.8720606542661642,0.6425085094777359,0
497,CN7_L_000497,3,0,S3,-0.4644100561624618,0.6425085094777359,0
499,CN7_L_000499,3,0,S3,-0.6254297519992922,0.6425085094777359,0
500,CN7_L_000500,2,0,S3,-0.7104991478658143,0.6425085094777359,0
501,CN7_L_000501,2,0,S3,-0.8788225750921685,0.6425085094777359,0
502,CN7_L_000502,2,0,S3,-0.6217337671107162,0.6425085094777359,0
504,CN7_L_000504,1,0,S3,-0.7951241603354369,0.6425085094777359,0
507,CN7_L_000507,1,0,S3,-0.45855525438098654,0.6425085094777359,0
508,CN7_L_000508,0,0,S3,-0.578492892408994,0.6425085094777359,0
509,CN7_L_000509,1,0,S3,-0.966882753779251,0.6425085094777359,0
510,CN7_L_000510,1,0,S3,-0.14386603700481038,0.6425085094777359,0
511,CN7_L_000511,2,0,S3,0.12804362232202315,0.6425085094777359,0
513,CN7_L_000513,2,0,S3,-0.3254709337142794,0.6425085094777359,0
514,CN7_L_000514,0,0,S3,-0.1062895280314402,0.6425085094777359,0
515,CN7_L_000515,0,0,S3,-0.12987237403497698,0.6425085094777359,0
516,CN7_L_000516,3,0,S3,-0.58339574031503,0.6425085094777359,0
517,CN7_L_000517,0,0,S3,-0.02002570346764143,0.6425085094777359,0
519,CN7_L_000519,3,0,S3,-0.36045146160538266,0.6425085094777359,0
520,CN7_L_000520,3,0,S3,-0.8748766107880863,0.6425085094777359,0
521,CN7_L_000521,0,0,S3,-0.13211036391420183,0.6425085094777359,0
523,CN7_L_000523,0,0,S3,-0.260923241180842,0.6425085094777359,0
525,CN7_L_000525,1,0,S3,0.024999259734255652,0.6425085094777359,0
526,CN7_L_000526,0,0,S3,-0.28403460910292866,0.6425085094777359,0
527,CN7_L_000527,2,0,S3,-0.5766406213645938,0.6425085094777359,0
528,CN7_L_000528,3,0,S3,0.11796164034260492,0.6425085094777359,0
529,CN7_L_000529,0,0,S3,-0.7141491350249587,0.6425085094777359,0
530,CN7_L_000530,2,0,S3,-0.40518180019595595,0.6425085094777359,0
532,CN7_L_000532,3,0,S3,-0.829738950034058,0.6425085094777359,0
533,CN7_L_000533,0,0,S3,-0.03706506832532597,0.6425085094777359,0
534,CN7_L_000534,2,0,S3,-0.5276327448333578,0.6425085094777359,0
535,CN7_L_000535,2,0,S3,-0.33267351021663094,0.6425085094777359,0
536,CN7_L_000536,2,0,S3,-0.5442254517113034,0.6425085094777359,0
537,CN7_L_000537,0,0,S3,-0.6937842701623289,0.6425085094777359,0
538,CN7_L_000538,2,0,S3,-0.7936760841244768,0.6425085094777359,0
539,CN7_L_000539,0,0,S3,-0.3980840029436039,0.6425085094777359,0
541,CN7_L_000541,3,0,S3,-0.6612699430255042,0.6425085094777359,0
542,CN7_L_000542,2,0,S3,-0.339372131549299,0.6425085094777359,0
543,CN7_L_000543,1,0,S3,-0.8669289999243839,0.6425085094777359,0
544,CN7_L_000544,2,0,S3,-0.0757913236768526,0.6425085094777359,0
545,CN7_L_000545,3,0,S3,-0.679511245186299,0.6425085094777359,0
546,CN7_L_000546,1,0,S3,-0.006047771997567786,0.6425085094777359,0
547,CN7_L_000547,2,0,S3,-0.3788475173453816,0.6425085094777359,0
548,CN7_L_000548,3,0,S3,0.4791772693530687,0.6425085094777359,0
549,CN7_L_000549,2,0,S3,-0.49207012488363544,0.6425085094777359,0
550,CN7_L_000550,2,0,S3,-0.7797263845995448,0.6425085094777359,0
551,CN7_L_000551,0,0,S3,-0.8389277570379621,0.6425085094777359,0
553,CN7_L_000553,3,0,S3,-0.477344520526779,0.6425085094777359,0
555,CN7_L_000555,0,0,S3,-0.5584175380993464,0.6425085094777359,0
556,CN7_L_000556,1,0,S3,-0.6045578835869141,0.6425085094777359,0
557,CN7_L_000557,1,0,S3,-0.7045751436053473,0.6425085094777359,0
558,CN7_L_000558,3,0,S3,-0.21105607718118913,0.6425085094777359,0
559,CN7_L_000559,1,0,S3,-0.6135384346997919,0.6425085094777359,0
560,CN7_L_000560,1,0,S3,-0.45150829315924534,0.6425085094777359,0
561,CN7_L_000561,0,0,S3,-0.7086000581116574,0.6425085094777359,0
562,CN7_L_000562,0,0,S3,-0.7264660239071841,0.6425085094777359,0
563,CN7_L_000563,2,0,S3,-0.8798120199090289,0.6425085094777359,0
564,CN7_L_000564,1,0,S3,-0.5836574136648185,0.6425085094777359,0
566,CN7_L_000566,2,0,S3,-0.4800745345201949,0.6425085094777359,0
567,CN7_L_000567,0,0,S3,0.1315634469998348,0.6425085094777359,0
568,CN7_L_000568,2,0,S3,-0.0022898105368693855,0.6425085094777359,0
569,CN7_L_000569,1,0,S3,-0.1907970468736888,0.6425085094777359,0
570,CN7_L_000570,2,0,S3,-0.577107070685448,0.6425085094777359,0
571,CN7_L_000571,3,0,S3,-0.6390504323920552,0.6425085094777359,0
572,CN7_L_000572,1,0,S3,-0.6047243722838531,0.6425085094777359,0
573,CN7_L_000573,3,0,S3,-0.671056161777376,0.6425085094777359,0
575,CN7_L_000575,2,0,S3,0.0886877387397158,0.6425085094777359,0
576,CN7_L_000576,3,0,S3,-0.8182254957019195,0.6425085094777359,0
578,CN7_L_000578,2,0,S3,-0.30057585623683236,0.6425085094777359,0
579,CN7_L_000579,2,0,S3,-0.36172825568223654,0.6425085094777359,0
580,CN7_L_000580,2,0,S3,-0.48504506224471955,0.6425085094777359,0
581,CN7_L_000581,1,0,S3,-0.395864480889041,0.6425085094777359,0
582,CN7_L_000582,1,0,S3,-0.43608006290525214,0.6425085094777359,0
583,CN7_L_000583,1,0,S3,-0.5172598112905886,0.6425085094777359,0
584,CN7_L_000584,3,0,S3,-0.5412260349503133,0.6425085094777359,0
585,CN7_L_000585,0,0,S3,-0.8141489826091024,0.6425085094777359,0
586,CN7_L_000586,3,0,S3,-0.8362437023984008,0.6425085094777359,0
587,CN7_L_000587,0,0,S3,-0.13804518705237534,0.6425085094777359,0
590,CN7_L_000590,3,0,S3,-0.148893877630496,0.6425085094777359,0
592,CN7_L_000592,2,0,S3,0.06614710624575038,0.6425085094777359,0
593,CN7_L_000593,1,0,S3,-0.780241524618261,0.6425085094777359,0
594,CN7_L_000594,1,0,S3,-0.26850713123682146,0.6425085094777359,0
595,CN7_L_000595,3,0,S3,-0.3881941802844886,0.6425085094777359,0
596,CN7_L_000596,0,0,S3,-0.02278433988991413,0.6425085094777359,0
597,CN7_L_000597,1,0,S3,-0.2862912646874616,0.6425085094777359,0
598,CN7_L_000598,0,0,S3,-0.5049785244797902,0.6425085094777359,0
599,CN7_L_000599,0,0,S3,-0.6390208440183445,0.6425085094777359,0
601,CN7_L_000601,2,0,S3,0.274015907294344,0.6425085094777359,0
602,CN7_L_000602,2,0,S3,-0.019267147355734426,0.6425085094777359,0
604,CN7_L_000604,3,0,S3,2.552530790938565,0.6425085094777359,1
605,CN7_L_000605,0,0,S3,2.547243957937629,0.6425085094777359,1
0,CN7_L_000000,0,0,S4,-0.021680171262639103,0.03257494084927304,0
2,CN7_L_000002,0,0,S4,-0.01584822055983448,0.03257494084927304,0
3,CN7_L_000003,0,0,S4,-0.043360933855193906,0.03257494084927304,0
4,CN7_L_000004,3,0,S4,-0.028582602673257185,0.03257494084927304,0
5,CN7_L_000005,2,0,S4,-0.041532780706466266,0.03257494084927304,0
6,CN7_L_000006,2,0,S4,-0.0463623480074129,0.03257494084927304,0
7,CN7_L_000007,1,0,S4,-0.05054452228326367,0.03257494084927304,0
8,CN7_L_000008,0,0,S4,-0.03515204559985108,0.03257494084927304,0
9,CN7_L_000009,1,0,S4,-0.010985589376748095,0.03257494084927304,0
10,CN7_L_000010,0,0,S4,-0.04117103632469643,0.03257494084927304,0
11,CN7_L_000011,0,0,S4,-0.03768172081163801,0.03257494084927304,0
12,CN7_L_000012,1,0,S4,-0.02049482140634451,0.03257494084927304,0
15,CN7_L_000015,2,0,S4,-0.05452155740631781,0.03257494084927304,0
16,CN7_L_000016,1,0,S4,-0.029048947392380953,0.03257494084927304,0
17,CN7_L_000017,3,0,S4,-0.046560483336194114,0.03257494084927304,0
18,CN7_L_000018,2,0,S4,-0.0008717873709493951,0.03257494084927304,0
19,CN7_L_000019,1,0,S4,-0.03128840675792732,0.03257494084927304,0
22,CN7_L_000022,0,0,S4,-0.010588512311271447,0.03257494084927304,0
23,CN7_L_000023,3,0,S4,-0.026882533901116723,0.03257494084927304,0
24,CN7_L_000024,3,1,S4,-0.017781373053447513,0.03257494084927304,0
25,CN7_L_000025,0,0,S4,-0.03557432308588915,0.03257494084927304,0
26,CN7_L_000026,0,0,S4,-0.01247516552468797,0.03257494084927304,0
27,CN7_L_000027,3,0,S4,-0.021458712992079132,0.03257494084927304,0
29,CN7_L_000029,0,0,S4,-0.02089431190256974,0.03257494084927304,0
30,CN7_L_000030,1,0,S4,-0.04336801335661988,0.03257494084927304,0
31,CN7_L_000031,0,0,S4,-0.03098639137990622,0.03257494084927304,0
32,CN7_L_000032,2,0,S4,-0.021679684437932778,0.03257494084927304,0
34,CN7_L_000034,3,0,S4,-0.044145037156615885,0.03257494084927304,0
36,CN7_L_000036,0,0,S4,-0.027640463909708757,0.03257494084927304,0
37,CN7_L_000037,0,0,S4,-0.010219373264548803,0.03257494084927304,0
38,CN7_L_000038,3,0,S4,-0.03763436499321049,0.03257494084927304,0
39,CN7_L_000039,0,0,S4,-0.0338164264491847,0.03257494084927304,0
40,CN7_L_000040,1,1,S4,-0.02907521317679329,0.03257494084927304,0
41,CN7_L_000041,1,0,S4,-0.03280668465996328,0.03257494084927304,0
43,CN7_L_000043,0,0,S4,-0.03864389560968462,0.03257494084927304,0
44,CN7_L_000044,3,0,S4,-0.021792031016174995,0.03257494084927304,0
45,CN7_L_000045,0,0,S4,-0.03549713179449654,0.03257494084927304,0
46,CN7_L_000046,0,0,S4,-0.02328660716328823,0.03257494084927304,0
47,CN7_L_000047,2,0,S4,-0.03527185220991935,0.03257494084927304,0
48,CN7_L_000048,0,1,S4,0.050260290524893225,0.03257494084927304,1
49,CN7_L_000049,3,0,S4,-0.024874254628882042,0.03257494084927304,0
52,CN7_L_000052,2,1,S4,-0.040488643687612846,0.03257494084927304,0
53,CN7_L_000053,1,1,S4,-0.02633370482245745,0.03257494084927304,0
54,CN7_L_000054,3,1,S4,-0.004971340068947061,0.03257494084927304,0
55,CN7_L_000055,0,1,S4,-0.0522004360180488,0.03257494084927304,0
56,CN7_L_000056,2,1,S4,-0.04648004539529316,0.03257494084927304,0
58,CN7_L_000058,1,1,S4,0.4539212925556635,0.03257494084927304,1
59,CN7_L_000059,3,1,S4,0.7823019339088866,0.03257494084927304,1
60,CN7_L_000060,2,1,S4,0.5084214695447928,0.03257494084927304,1
62,CN7_L_000062,1,0,S4,-0.058308355662048506,0.03257494084927304,0
63,CN7_L_000063,3,0,S4,-0.05149685502184065,0.03257494084927304,0
64,CN7_L_000064,3,0,S4,-0.0330659938109541,0.03257494084927304,0
65,CN7_L_000065,2,0,S4,-0.02175310942220321,0.03257494084927304,0
67,CN7_L_000067,3,0,S4,-0.02272730288411351,0.03257494084927304,0
68,CN7_L_000068,3,0,S4,-0.017827461156511237,0.03257494084927304,0
69,CN7_L_000069,2,0,S4,-0.011708570656288941,0.03257494084927304,0
70,CN7_L_000070,1,0,S4,-0.030945503976190114,0.03257494084927304,0
71,CN7_L_000071,2,0,S4,-0.026709366703548287,0.03257494084927304,0
73,CN7_L_000073,0,0,S4,-0.04167262327338417,0.03257494084927304,0
74,CN7_L_000074,0,0,S4,-0.029820725362530442,0.03257494084927304,0
77,CN7_L_000077,2,0,S4,-0.025867841655387025,0.03257494084927304,0
79,CN7_L_000079,3,0,S4,-0.029077674972778578,0.03257494084927304,0
80,CN7_L_000080,2,0,S4,-0.02091191310851892,0.03257494084927304,0
81,CN7_L_000081,2,0,S4,-0.050706827765713225,0.03257494084927304,0
82,CN7_L_000082,3,0,S4,-0.032640779957453514,0.03257494084927304,0
83,CN7_L_000083,2,0,S4,-0.04499636648075933,0.03257494084927304,0
84,CN7_L_000084,3,0,S4,-0.036152388137087765,0.03257494084927304,0
86,CN7_L_000086,0,0,S4,-0.03059550075569195,0.03257494084927304,0
87,CN7_L_000087,3,0,S4,-0.03586886230339026,0.03257494084927304,0
88,CN7_L_000088,0,0,S4,-0.036340414937895194,0.03257494084927304,0
89,CN7_L_000089,3,0,S4,-0.024715512892411695,0.03257494084927304,0
90,CN7_L_000090,1,0,S4,-0.03392367089404136,0.03257494084927304,0
91,CN7_L_000091,2,0,S4,-0.04365573916312426,0.03257494084927304,0
92,CN7_L_000092,3,0,S4,-0.05099389461963311,0.03257494084927304,0
93,CN7_L_000093,1,0,S4,-0.04009800847645506,0.03257494084927304,0
95,CN7_L_000095,0,0,S4,0.0023945110189682595,0.03257494084927304,0
96,CN7_L_000096,3,0,S4,-0.04414557725849466,0.03257494084927304,0
97,CN7_L_000097,3,0,S4,-0.02574289135747465,0.03257494084927304,0
98,CN7_L_000098,3,0,S4,-0.001887417889569587,0.03257494084927304,0
99,CN7_L_000099,2,0,S4,-0.061675950443779826,0.03257494084927304,0
100,CN7_L_000100,3,0,S4,-0.027010583481065442,0.03257494084927304,0
102,CN7_L_000102,3,0,S4,-0.014011183910237701,0.03257494084927304,0
103,CN7_L_000103,0,0,S4,0.013556256415377721,0.03257494084927304,0
104,CN7_L_000104,2,0,S4,-0.03093091291729566,0.03257494084927304,0
106,CN7_L_000106,3,0,S4,-0.01940188527961384,0.03257494084927304,0
107,CN7_L_000107,0,0,S4,-0.02094763455264337,0.03257494084927304,0
108,CN7_L_000108,2,0,S4,-0.047272469606219225,0.03257494084927304,0
109,CN7_L_000109,2,0,S4,-0.030368167274454017,0.03257494084927304,0
110,CN7_L_000110,0,0,S4,0.024347255052960648,0.03257494084927304,0
111,CN7_L_000111,1,0,S4,-0.044032942622000526,0.03257494084927304,0
115,CN7_L_000115,0,0,S4,-0.04691963680921729,0.03257494084927304,0
117,CN7_L_000117,3,0,S4,0.004692087329542627,0.03257494084927304,0
118,CN7_L_000118,3,0,S4,-0.026320942985555096,0.03257494084927304,0
121,CN7_L_000121,3,0,S4,-0.03052082336147155,0.03257494084927304,0
122,CN7_L_000122,3,0,S4,-0.034981728122394085,0.03257494084927304,0
123,CN7_L_000123,0,0,S4,-0.03861191747896342,0.03257494084927304,0
124,CN7_L_000124,2,0,S4,-0.049737899017396,0.03257494084927304,0
125,CN7_L_000125,3,0,S4,-0.04119576737464259,0.03257494084927304,0
126,CN7_L_000126,2,0,S4,-0.025603720111689654,0.03257494084927304,0
127,CN7_L_000127,0,0,S4,-0.024065959524127933,0.03257494084927304,0
128,CN7_L_000128,1,0,S4,-0.04482632162573141,0.03257494084927304,0
129,CN7_L_000129,2,0,S4,-0.030632787938021266,0.03257494084927304,0
130,CN7_L_000130,1,0,S4,-0.05432819534229161,0.03257494084927304,0
131,CN7_L_000131,3,0,S4,-0.020434334126844256,0.03257494084927304,0
132,CN7_L_000132,1,0,S4,-0.05800839684853809,0.03257494084927304,0
133,CN7_L_000133,1,0,S4,-0.015338973733983075,0.03257494084927304,0
134,CN7_L_000134,2,0,S4,-0.031338606747009834,0.03257494084927304,0
136,CN7_L_000136,0,0,S4,-0.023971894946717143,0.03257494084927304,0
137,CN7_L_000137,3,0,S4,-0.027204580882241647,0.03257494084927304,0
138,CN7_L_000138,0,0,S4,-0.026927253938302087,0.03257494084927304,0
139,CN7_L_000139,2,0,S4,-0.02306531529650746,0.03257494084927304,0
140,CN7_L_000140,1,0,S4,-0.05765942313764416,0.03257494084927304,0
141,CN7_L_000141,3,0,S4,-0.03195403072074843,0.03257494084927304,0
143,CN7_L_000143,1,0,S4,-0.03549426683134982,0.03257494084927304,0
145,CN7_L_000145,0,0,S4,-0.03231111028104561,0.03257494084927304,0
146,CN7_L_000146,3,0,S4,-0.016358541030025542,0.03257494084927304,0
147,CN7_L_000147,1,0,S4,-0.004096903596793489,0.03257494084927304,0
150,CN7_L_000150,3,0,S4,-0.023170966869419107,0.03257494084927304,0
151,CN7_L_000151,0,0,S4,-0.01941127206593185,0.03257494084927304,0
153,CN7_L_000153,0,0,S4,-0.04027625444425986,0.03257494084927304,0
154,CN7_L_000154,0,0,S4,0.03257494084927304,0.03257494084927304,0
155,CN7_L_000155,1,0,S4,-0.01430488128552998,0.03257494084927304,0
156,CN7_L_000156,0,0,S4,0.002980602218663364,0.03257494084927304,0
157,CN7_L_000157,0,0,S4,-0.034507974675526576,0.03257494084927304,0
158,CN7_L_000158,0,0,S4,-0.024504941181194173,0.03257494084927304,0
159,CN7_L_000159,2,0,S4,-0.027073767424436568,0.03257494084927304,0
160,CN7_L_000160,1,0,S4,-0.041370398025248445,0.03257494084927304,0
161,CN7_L_000161,1,0,S4,-0.04238428617132506,0.03257494084927304,0
162,CN7_L_000162,2,0,S4,-0.05262959511169507,0.03257494084927304,0
163,CN7_L_000163,2,0,S4,-0.01973791694336846,0.03257494084927304,0
164,CN7_L_000164,0,0,S4,-0.038356981777015076,0.03257494084927304,0
165,CN7_L_000165,2,0,S4,-0.04560379735366871,0.03257494084927304,0
166,CN7_L_000166,1,0,S4,-0.04549728848117507,0.03257494084927304,0
167,CN7_L_000167,2,0,S4,0.012034196923521812,0.03257494084927304,0
168,CN7_L_000168,3,0,S4,0.005061933903260929,0.03257494084927304,0
169,CN7_L_000169,2,0,S4,-0.014605278488943885,0.03257494084927304,0
171,CN7_L_000171,3,0,S4,-0.012343382438193107,0.03257494084927304,0
172,CN7_L_000172,0,0,S4,-0.049565786189891714,0.03257494084927304,0
173,CN7_L_000173,3,0,S4,-0.051252274390958696,0.03257494084927304,0
177,CN7_L_000177,1,0,S4,-0.043454560119835506,0.03257494084927304,0
178,CN7_L_000178,0,0,S4,-0.030886869548031548,0.03257494084927304,0
179,CN7_L_000179,0,0,S4,-0.04322976110304122,0.03257494084927304,0
181,CN7_L_000181,0,0,S4,-0.03944576448394388,0.03257494084927304,0
182,CN7_L_000182,0,0,S4,-0.03345581515913709,0.03257494084927304,0
183,CN7_L_000183,3,0,S4,-0.04247584170984231,0.03257494084927304,0
184,CN7_L_000184,2,0,S4,-0.042668709690040885,0.03257494084927304,0
186,CN7_L_000186,0,0,S4,-0.04449717485503779,0.03257494084927304,0
187,CN7_L_000187,1,0,S4,-0.048608226042330394,0.03257494084927304,0
188,CN7_L_000188,0,0,S4,-0.0372156505511807,0.03257494084927304,0
189,CN7_L_000189,0,0,S4,-0.014893357022128129,0.03257494084927304,0
190,CN7_L_000190,2,0,S4,-0.0451317154973534,0.03257494084927304,0
191,CN7_L_000191,2,0,S4,-0.04435903801771701,0.03257494084927304,0
192,CN7_L_000192,0,0,S4,-0.021603947745513885,0.03257494084927304,0
193,CN7_L_000193,2,0,S4,-0.01812265238887134,0.03257494084927304,0
194,CN7_L_000194,1,0,S4,-0.002103153417400083,0.03257494084927304,0
195,CN7_L_000195,0,0,S4,-0.02053136535941169,0.03257494084927304,0
196,CN7_L_000196,0,0,S4,-0.017330486234213183,0.03257494084927304,0
197,CN7_L_000197,3,0,S4,-0.030696432446418065,0.03257494084927304,0
198,CN7_L_000198,0,0,S4,-0.024009406924139665,0.03257494084927304,0
199,CN7_L_000199,2,0,S4,-0.003907493806707851,0.03257494084927304,0
200,CN7_L_000200,3,0,S4,-0.002642315724531663,0.03257494084927304,0
202,CN7_L_000202,0,0,S4,-0.03699319106978516,0.03257494084927304,0
204,CN7_L_000204,0,0,S4,-0.03344315416512078,0.03257494084927304,0
206,CN7_L_000206,1,0,S4,-0.016723621983707915,0.03257494084927304,0
207,CN7_L_000207,1,0,S4,0.0005414406266255334,0.03257494084927304,0
208,CN7_L_000208,2,0,S4,-0.016150992989322877,0.03257494084927304,0
209,CN7_L_000209,3,0,S4,-0.017039095350225075,0.03257494084927304,0
210,CN7_L_000210,3,0,S4,-0.025974305286232457,0.03257494084927304,0
211,CN7_L_000211,3,0,S4,0.006979341090922464,0.03257494084927304,0
212,CN7_L_000212,3,0,S4,-0.03877178716262408,0.03257494084927304,0
213,CN7_L_000213,3,0,S4,-0.04377934817766693,0.03257494084927304,0
216,CN7_L_000216,3,0,S4,-0.022463899646567143,0.03257494084927304,0
217,CN7_L_000217,1,0,S4,-0.022943896722141588,0.03257494084927304,0
218,CN7_L_000218,2,0,S4,-0.03269027334273744,0.03257494084927304,0
220,CN7_L_000220,2,0,S4,-0.019273024257540516,0.03257494084927304,0
221,CN7_L_000221,2,0,S4,-0.034893407738184834,0.03257494084927304,0
222,CN7_L_000222,3,0,S4,-0.01777694615029679,0.03257494084927304,0
223,CN7_L_000223,1,0,S4,0.020284488520145416,0.03257494084927304,0
224,CN7_L_000224,3,0,S4,-0.014633454719104488,0.03257494084927304,0
225,CN7_L_000225,0,0,S4,-0.029160069099151364,0.03257494084927304,0
226,CN7_L_000226,3,0,S4,-0.02028870451465714,0.03257494084927304,0
231,CN7_L_000231,1,0,S4,-0.023362816823406796,0.03257494084927304,0
232,CN7_L_000232,1,0,S4,0.0013763777968258673,0.03257494084927304,0
233,CN7_L_000233,1,0,S4,-0.012192362960380176,0.03257494084927304,0
234,CN7_L_000234,3,0,S4,-0.01954726961969433,0.03257494084927304,0
235,CN7_L_000235,3,0,S4,-0.026080505427505063,0.03257494084927304,0
236,CN7_L_000236,0,0,S4,-0.03936624047829085,0.03257494084927304,0
237,CN7_L_000237,3,0,S4,0.0015827618195380921,0.03257494084927304,0
238,CN7_L_000238,1,0,S4,-0.0392992097453142,0.03257494084927304,0
239,CN7_L_000239,1,0,S4,-0.046521510365839625,0.03257494084927304,0
241,CN7_L_000241,1,0,S4,-0.025971190442020564,0.03257494084927304,0
242,CN7_L_000242,0,0,S4,-0.0030090762922849734,0.03257494084927304,0
243,CN7_L_000243,2,0,S4,-0.036007550415932954,0.03257494084927304,0
245,CN7_L_000245,1,0,S4,-0.0466523929300644,0.03257494084927304,0
246,CN7_L_000246,1,0,S4,-0.04149883021883394,0.03257494084927304,0
247,CN7_L_000247,1,0,S4,-0.010485246484472022,0.03257494084927304,0
248,CN7_L_000248,2,0,S4,-0.06401323957702498,0.03257494084927304,0
249,CN7_L_000249,3,0,S4,-0.026579250372164687,0.03257494084927304,0
250,CN7_L_000250,1,0,S4,-0.048994789161620034,0.03257494084927304,0
251,CN7_L_000251,2,0,S4,-0.0326709445491109,0.03257494084927304,0
252,CN7_L_000252,1,0,S4,-0.029138856190652707,0.03257494084927304,0
253,CN7_L_000253,3,0,S4,-0.029207318776811153,0.03257494084927304,0
254,CN7_L_000254,3,0,S4,-0.03839666918761919,0.03257494084927304,0
256,CN7_L_000256,3,0,S4,-0.02775576635623178,0.03257494084927304,0
258,CN7_L_000258,2,0,S4,-0.06481287700025229,0.03257494084927304,0
259,CN7_L_000259,0,0,S4,-0.04352543708299228,0.03257494084927304,0
260,CN7_L_000260,1,0,S4,-0.08047005189801615,0.03257494084927304,0
261,CN7_L_000261,3,0,S4,-0.037238923646295774,0.03257494084927304,0
262,CN7_L_000262,3,0,S4,-0.03915604287836638,0.03257494084927304,0
263,CN7_L_000263,2,0,S4,-0.03302753748548026,0.03257494084927304,0
264,CN7_L_000264,3,0,S4,-0.03354056149191509,0.03257494084927304,0
267,CN7_L_000267,0,0,S4,-0.050453796966207776,0.03257494084927304,0
268,CN7_L_000268,0,0,S4,-0.061039490898581406,0.03257494084927304,0
269,CN7_L_000269,1,0,S4,-0.02665864714669297,0.03257494084927304,0
270,CN7_L_000270,2,0,S4,-0.04278269215412367,0.03257494084927304,0
271,CN7_L_000271,0,0,S4,-0.04267754081965913,0.03257494084927304,0
272,CN7_L_000272,2,0,S4,-0.03956177806429295,0.03257494084927304,0
273,CN7_L_000273,3,0,S4,-0.024519970344321074,0.03257494084927304,0
275,CN7_L_000275,1,0,S4,-0.05578461576697791,0.03257494084927304,0
276,CN7_L_000276,1,0,S4,-0.04282971714312911,0.03257494084927304,0
277,CN7_L_000277,1,0,S4,-0.05476926745757815,0.03257494084927304,0
278,CN7_L_000278,1,0,S4,-0.05617911952989818,0.03257494084927304,0
279,CN7_L_000279,0,0,S4,-0.048487847383785976,0.03257494084927304,0
280,CN7_L_000280,3,0,S4,-0.036335684525552026,0.03257494084927304,0
282,CN7_L_000282,0,0,S4,-0.03499902943248623,0.03257494084927304,0
285,CN7_L_000285,0,0,S4,-0.05603273551815846,0.03257494084927304,0
286,CN7_L_000286,0,0,S4,-0.05998742826795622,0.03257494084927304,0
288,CN7_L_000288,2,0,S4,-0.058682445510463754,0.03257494084927304,0
289,CN7_L_000289,1,0,S4,-0.061266526460033166,0.03257494084927304,0
291,CN7_L_000291,3,0,S4,-0.039575690833606014,0.03257494084927304,0
292,CN7_L_000292,3,0,S4,-0.01623750376764299,0.03257494084927304,0
293,CN7_L_000293,1,0,S4,-0.04894377376157211,0.03257494084927304,0
294,CN7_L_000294,2,0,S4,-0.06410115558832308,0.03257494084927304,0
295,CN7_L_000295,1,0,S4,-0.07234139869561318,0.03257494084927304,0
296,CN7_L_000296,3,0,S4,-0.05943433788588193,0.03257494084927304,0
297,CN7_L_000297,1,0,S4,-0.06814310281867364,0.03257494084927304,0
298,CN7_L_000298,0,0,S4,-0.06594460597981389,0.03257494084927304,0
299,CN7_L_000299,1,0,S4,-0.031203506725843155,0.03257494084927304,0
300,CN7_L_000300,1,0,S4,-0.05479463641913451,0.03257494084927304,0
301,CN7_L_000301,1,0,S4,-0.04511693448662957,0.03257494084927304,0
303,CN7_L_000303,1,0,S4,-0.07689713615028904,0.03257494084927304,0
304,CN7_L_000304,0,0,S4,-0.05359510308964621,0.03257494084927304,0
305,CN7_L_000305,0,0,S4,-0.047739765449404725,0.03257494084927304,0
307,CN7_L_000307,3,0,S4,-0.047013416034204614,0.03257494084927304,0
308,CN7_L_000308,0,0,S4,-0.05977873678295209,0.03257494084927304,0
310,CN7_L_000310,3,0,S4,-0.04100513029006203,0.03257494084927304,0
311,CN7_L_000311,1,0,S4,-0.04413437495205397,0.03257494084927304,0
312,CN7_L_000312,2,0,S4,-0.06794619612969122,0.03257494084927304,0
313,CN7_L_000313,0,0,S4,-0.05159434519881456,0.03257494084927304,0
314,CN7_L_000314,1,0,S4,-0.07719630772876274,0.03257494084927304,0
315,CN7_L_000315,2,0,S4,-0.06680679999082528,0.03257494084927304,0
316,CN7_L_000316,3,0,S4,-0.029149758364657163,0.03257494084927304,0
317,CN7_L_000317,3,0,S4,-0.04790219905238402,0.03257494084927304,0
318,CN7_L_000318,2,0,S4,-0.05247594263609079,0.03257494084927304,0
319,CN7_L_000319,0,0,S4,-0.06419101378100134,0.03257494084927304,0
320,CN7_L_000320,2,0,S4,-0.07123739467586487,0.03257494084927304,0
321,CN7_L_000321,0,0,S4,-0.050228120748029514,0.03257494084927304,0
323,CN7_L_000323,0,0,S4,-0.05628876628366086,0.03257494084927304,0
324,CN7_L_000324,0,0,S4,-0.045049277981169755,0.03257494084927304,0
325,CN7_L_000325,1,0,S4,-0.04466524245290593,0.03257494084927304,0
326,CN7_L_000326,1,0,S4,-0.04929331493856903,0.03257494084927304,0
328,CN7_L_000328,1,0,S4,-0.04272323358561225,0.03257494084927304,0
330,CN7_L_000330,1,0,S4,-0.06213281611726673,0.03257494084927304,0
331,CN7_L_000331,1,0,S4,-0.05168370278897472,0.03257494084927304,0
332,CN7_L_000332,0,0,S4,-0.05125120845922204,0.03257494084927304,0
333,CN7_L_000333,2,0,S4,-0.05572745673912172,0.03257494084927304,0
334,CN7_L_000334,3,0,S4,-0.036946525048341616,0.03257494084927304,0
335,CN7_L_000335,3,0,S4,-0.00867633556415992,0.03257494084927304,0
336,CN7_L_000336,2,0,S4,-0.05892225127476003,0.03257494084927304,0
337,CN7_L_000337,2,0,S4,-0.06708094602121273,0.03257494084927304,0
338,CN7_L_000338,2,0,S4,-0.06795649499659673,0.03257494084927304,0
339,CN7_L_000339,3,0,S4,-0.04359668890783919,0.03257494084927304,0
340,CN7_L_000340,2,0,S4,-0.07249521419602223,0.03257494084927304,0
342,CN7_L_000342,1,0,S4,-0.042366773366035115,0.03257494084927304,0
343,CN7_L_000343,2,0,S4,-0.08633857107629161,0.03257494084927304,0
345,CN7_L_000345,1,0,S4,-0.054084068905454696,0.03257494084927304,0
346,CN7_L_000346,3,0,S4,-0.041740367754349084,0.03257494084927304,0
347,CN7_L_000347,1,0,S4,-0.059423197161955876,0.03257494084927304,0
348,CN7_L_000348,1,0,S4,-0.03853640581976281,0.03257494084927304,0
349,CN7_L_000349,3,0,S4,-0.05264211199564661,0.03257494084927304,0
350,CN7_L_000350,2,0,S4,-0.05488593584018986,0.03257494084927304,0
352,CN7_L_000352,2,0,S4,-0.07279056760549718,0.03257494084927304,0
354,CN7_L_000354,3,0,S4,-0.05491204122398141,0.03257494084927304,0
355,CN7_L_000355,2,0,S4,-0.08912327760227257,0.03257494084927304,0
356,CN7_L_000356,2,0,S4,-0.03154343095640977,0.03257494084927304,0
358,CN7_L_000358,2,0,S4,-0.05441570860338052,0.03257494084927304,0
360,CN7_L_000360,2,0,S4,-0.047188986275017,0.03257494084927304,0
361,CN7_L_000361,2,0,S4,-0.038761801132004337,0.03257494084927304,0
362,CN7_L_000362,0,0,S4,-0.03719146211494184,0.03257494084927304,0
363,CN7_L_000363,1,0,S4,-0.07995385312292669,0.03257494084927304,0
364,CN7_L_000364,2,0,S4,-0.06966717612868445,0.03257494084927304,0
365,CN7_L_000365,2,0,S4,-0.049690619281322235,0.03257494084927304,0
366,CN7_L_000366,2,0,S4,-0.0939420682094334,0.03257494084927304,0
367,CN7_L_000367,3,0,S4,-0.04441309516682512,0.03257494084927304,0
368,CN7_L_000368,2,0,S4,-0.05524133773220097,0.03257494084927304,0
369,CN7_L_000369,1,0,S4,-0.0579629707541951,0.03257494084927304,0
370,CN7_L_000370,2,0,S4,-0.04078827371443161,0.03257494084927304,0
371,CN7_L_000371,1,0,S4,-0.06234859929368941,0.03257494084927304,0
372,CN7_L_000372,1,0,S4,-0.056348074322252195,0.03257494084927304,0
374,CN7_L_000374,1,0,S4,-0.07356761506374809,0.03257494084927304,0
375,CN7_L_000375,2,0,S4,-0.08753867593503362,0.03257494084927304,0
376,CN7_L_000376,1,0,S4,-0.07949375378791679,0.03257494084927304,0
377,CN7_L_000377,0,0,S4,-0.054259485508535654,0.03257494084927304,0
378,CN7_L_000378,1,0,S4,-0.030867547863506317,0.03257494084927304,0
379,CN7_L_000379,3,0,S4,-0.057179173267427164,0.03257494084927304,0
381,CN7_L_000381,1,0,S4,-0.028941279465399372,0.03257494084927304,0
382,CN7_L_000382,3,0,S4,-0.040519792465532056,0.03257494084927304,0
383,CN7_L_000383,3,0,S4,-0.013437955130673807,0.03257494084927304,0
384,CN7_L_000384,1,0,S4,-0.0820547384035506,0.03257494084927304,0
385,CN7_L_000385,2,0,S4,-0.0767960100797005,0.03257494084927304,0
387,CN7_L_000387,3,0,S4,-0.03784899263171049,0.03257494084927304,0
388,CN7_L_000388,0,0,S4,-0.05705152709178973,0.03257494084927304,0
389,CN7_L_000389,2,0,S4,-0.03811697092950794,0.03257494084927304,0
390,CN7_L_000390,3,0,S4,-0.02524588332835931,0.03257494084927304,0
391,CN7_L_000391,1,0,S4,-0.05261954803708635,0.03257494084927304,0
394,CN7_L_000394,3,0,S4,-0.026096850948648775,0.03257494084927304,0
395,CN7_L_000395,0,0,S4,-0.04924103038861105,0.03257494084927304,0
396,CN7_L_000396,3,0,S4,-0.04281638296891055,0.03257494084927304,0
397,CN7_L_000397,0,0,S4,-0.05651433256328753,0.03257494084927304,0
398,CN7_L_000398,2,0,S4,-0.03291326840876163,0.03257494084927304,0
400,CN7_L_000400,0,0,S4,-0.0523516012371692,0.03257494084927304,0
402,CN7_L_000402,2,0,S4,-0.05443047451558547,0.03257494084927304,0
404,CN7_L_000404,1,0,S4,-0.060174922876526704,0.03257494084927304,0
406,CN7_L_000406,1,0,S4,-0.05198944590373822,0.03257494084927304,0
407,CN7_L_000407,0,0,S4,-0.04411586316498273,0.03257494084927304,0
408,CN7_L_000408,0,0,S4,0.004330995828284667,0.03257494084927304,0
409,CN7_L_000409,0,0,S4,-0.013615785405002967,0.03257494084927304,0
410,CN7_L_000410,1,0,S4,-0.07966827943219146,0.03257494084927304,0
411,CN7_L_000411,1,0,S4,-0.05890581688482266,0.03257494084927304,0
412,CN7_L_000412,3,0,S4,-0.052630736801527966,0.03257494084927304,0
413,CN7_L_000413,2,0,S4,-0.0670231002172903,0.03257494084927304,0
414,CN7_L_000414,1,0,S4,-0.054998074086101134,0.03257494084927304,0
416,CN7_L_000416,0,0,S4,-0.059802496431137886,0.03257494084927304,0
417,CN7_L_000417,0,0,S4,-0.03993447283336904,0.03257494084927304,0
418,CN7_L_000418,2,0,S4,-0.01773805097392467,0.03257494084927304,0
419,CN7_L_000419,2,0,S4,-0.06270208462336635,0.03257494084927304,0
421,CN7_L_000421,3,0,S4,-0.04310716469148845,0.03257494084927304,0
422,CN7_L_000422,1,0,S4,-0.08818278891116016,0.03257494084927304,0
423,CN7_L_000423,0,0,S4,-0.05311026166406663,0.03257494084927304,0
424,CN7_L_000424,3,0,S4,-0.05867157631641451,0.03257494084927304,0
425,CN7_L_000425,1,0,S4,-0.05288962415319176,0.03257494084927304,0
426,CN7_L_000426,2,0,S4,-0.07017815307109254,0.03257494084927304,0
428,CN7_L_000428,2,0,S4,-0.05777451317765303,0.03257494084927304,0
429,CN7_L_000429,3,0,S4,-0.005824401812330127,0.03257494084927304,0
430,CN7_L_000430,0,0,S4,-0.05557247377652841,0.03257494084927304,0
433,CN7_L_000433,2,0,S4,-0.04850126395819343,0.03257494084927304,0
434,CN7_L_000434,3,0,S4,-0.03487422632910464,0.03257494084927304,0
435,CN7_L_000435,0,0,S4,-0.05998511273322249,0.03257494084927304,0
436,CN7_L_000436,1,0,S4,-0.04949008949951761,0.03257494084927304,0
437,CN7_L_000437,3,0,S4,-0.053311955678536194,0.03257494084927304,0
438,CN7_L_000438,1,0,S4,-0.04487189988161955,0.03257494084927304,0
439,CN7_L_000439,1,0,S4,-0.046083311005581606,0.03257494084927304,0
440,CN7_L_000440,0,0,S4,-0.045122776933471,0.03257494084927304,0
442,CN7_L_000442,2,0,S4,-0.09345674111809998,0.03257494084927304,0
443,CN7_L_000443,1,0,S4,-0.05343382936121266,0.03257494084927304,0
445,CN7_L_000445,0,0,S4,-0.060111937055001174,0.03257494084927304,0
446,CN7_L_000446,0,0,S4,-0.053194843947558024,0.03257494084927304,0
447,CN7_L_000447,0,0,S4,-0.04108546266615898,0.03257494084927304,0
448,CN7_L_000448,2,0,S4,-0.0353127979342478,0.03257494084927304,0
450,CN7_L_000450,2,0,S4,-0.0783459429325335,0.03257494084927304,0
451,CN7_L_000451,1,0,S4,-0.0870232597169096,0.03257494084927304,0
452,CN7_L_000452,3,0,S4,-0.03372346359870093,0.03257494084927304,0
453,CN7_L_000453,0,0,S4,-0.06697632293390443,0.03257494084927304,0
454,CN7_L_000454,3,0,S4,-0.04261788757270368,0.03257494084927304,0
455,CN7_L_000455,1,0,S4,-0.03664398718310613,0.03257494084927304,0
456,CN7_L_000456,2,0,S4,-0.05324705160739596,0.03257494084927304,0
457,CN7_L_000457,2,0,S4,-0.05032169947823961,0.03257494084927304,0
458,CN7_L_000458,1,0,S4,-0.010107171720890484,0.03257494084927304,0
459,CN7_L_000459,3,0,S4,-0.033978012094105114,0.03257494084927304,0
460,CN7_L_000460,1,0,S4,-0.030697067718141735,0.03257494084927304,0
461,CN7_L_000461,0,0,S4,-0.02931181933819138,0.03257494084927304,0
463,CN7_L_000463,1,0,S4,-0.05797567928649627,0.03257494084927304,0
464,CN7_L_000464,1,0,S4,-0.06683877412148753,0.03257494084927304,0
465,CN7_L_000465,3,0,S4,-0.04417249431702963,0.03257494084927304,0
466,CN7_L_000466,0,0,S4,-0.04099323210835992,0.03257494084927304,0
467,CN7_L_000467,2,0,S4,-0.0453655370064272,0.03257494084927304,0
470,CN7_L_000470,3,0,S4,-0.03948972168337761,0.03257494084927304,0
471,CN7_L_000471,0,0,S4,-0.04255119554888109,0.03257494084927304,0
474,CN7_L_000474,2,0,S4,-0.04545654602543303,0.03257494084927304,0
476,CN7_L_000476,0,0,S4,-0.06049061802846323,0.03257494084927304,0
477,CN7_L_000477,1,0,S4,-0.021465608194651153,0.03257494084927304,0
478,CN7_L_000478,0,0,S4,-0.045620631471046114,0.03257494084927304,0
479,CN7_L_000479,3,0,S4,-0.041841660145778725,0.03257494084927304,0
481,CN7_L_000481,3,0,S4,-0.013394094204813634,0.03257494084927304,0
482,CN7_L_000482,1,0,S4,-0.06431764441936227,0.03257494084927304,0
483,CN7_L_000483,2,0,S4,-0.07316920630665269,0.03257494084927304,0
484,CN7_L_000484,3,0,S4,-0.03268924130486539,0.03257494084927304,0
486,CN7_L_000486,3,0,S4,-0.02854745249615087,0.03257494084927304,0
487,CN7_L_000487,2,0,S4,-0.07417309548677098,0.03257494084927304,0
491,CN7_L_000491,1,0,S4,-0.09643189564279497,0.03257494084927304,0
492,CN7_L_000492,1,0,S4,-0.011137686808208702,0.03257494084927304,0
493,CN7_L_000493,1,0,S4,-0.029110851952714345,0.03257494084927304,0
494,CN7_L_000494,2,0,S4,-0.04496911014125704,0.03257494084927304,0
495,CN7_L_000495,3,0,S4,-0.04325352209329836,0.03257494084927304,0
496,CN7_L_000496,2,0,S4,-0.06563146339446568,0.03257494084927304,0
497,CN7_L_000497,3,0,S4,-0.026274792547184678,0.03257494084927304,0
499,CN7_L_000499,3,0,S4,-0.053527612282844306,0.03257494084927304,0
500,CN7_L_000500,2,0,S4,-0.07446958246142366,0.03257494084927304,0
501,CN7_L_000501,2,0,S4,-0.09268801424297379,0.03257494084927304,0
502,CN7_L_000502,2,0,S4,-0.02949862143750215,0.03257494084927304,0
504,CN7_L_000504,1,0,S4,-0.03803548353798236,0.03257494084927304,0
507,CN7_L_000507,1,0,S4,-0.04815010353110605,0.03257494084927304,0
508,CN7_L_000508,0,0,S4,-0.04583157255833248,0.03257494084927304,0
509,CN7_L_000509,1,0,S4,-0.0587286818935695,0.03257494084927304,0
510,CN7_L_000510,1,0,S4,-0.058284998967411905,0.03257494084927304,0
511,CN7_L_000511,2,0,S4,-0.06170353572670795,0.03257494084927304,0
513,CN7_L_000513,2,0,S4,-0.03968940361468354,0.03257494084927304,0
514,CN7_L_000514,0,0,S4,-0.028494843414895055,0.03257494084927304,0
515,CN7_L_000515,0,0,S4,-0.026158511493040493,0.03257494084927304,0
516,CN7_L_000516,3,0,S4,-0.01931352455559132,0.03257494084927304,0
517,CN7_L_000517,0,0,S4,-0.032270363078688025,0.03257494084927304,0
519,CN7_L_000519,3,0,S4,-0.04449265756039367,0.03257494084927304,0
520,CN7_L_000520,3,0,S4,-0.03051445701102562,0.03257494084927304,0
521,CN7_L_000521,0,0,S4,-0.03544012451353984,0.03257494084927304,0
523,CN7_L_000523,0,0,S4,-0.03234533483765256,0.03257494084927304,0
525,CN7_L_000525,1,0,S4,-0.05157077921522024,0.03257494084927304,0
526,CN7_L_000526,0,0,S4,-0.04179265251445319,0.03257494084927304,0
527,CN7_L_000527,2,0,S4,-0.06386313567946633,0.03257494084927304,0
528,CN7_L_000528,3,0,S4,0.0003799529502916954,0.03257494084927304,0
529,CN7_L_000529,0,0,S4,-0.04164158523307426,0.03257494084927304,0
530,CN7_L_000530,2,0,S4,-0.05255536002623051,0.03257494084927304,0
532,CN7_L_000532,3,0,S4,-0.03892690946901611,0.03257494084927304,0
533,CN7_L_000533,0,0,S4,-0.022291988639663085,0.03257494084927304,0
534,CN7_L_000534,2,0,S4,-0.06820886398354453,0.03257494084927304,0
535,CN7_L_000535,2,0,S4,-0.05415518597438229,0.03257494084927304,0
536,CN7_L_000536,2,0,S4,-0.08053075074702898,0.03257494084927304,0
537,CN7_L_000537,0,0,S4,-0.03362224031972616,0.03257494084927304,0
538,CN7_L_000538,2,0,S4,-0.0676246486603378,0.03257494084927304,0
539,CN7_L_000539,0,0,S4,-0.04016900816505897,0.03257494084927304,0
541,CN7_L_000541,3,0,S4,-0.00590319210710355,0.03257494084927304,0
542,CN7_L_000542,2,0,S4,-0.0792346645326436,0.03257494084927304,0
543,CN7_L_000543,1,0,S4,-0.04241059937630842,0.03257494084927304,0
544,CN7_L_000544,2,0,S4,-0.027955881998679377,0.03257494084927304,0
545,CN7_L_000545,3,0,S4,-0.020116016002698522,0.03257494084927304,0
546,CN7_L_000546,1,0,S4,-0.0676558322420533,0.03257494084927304,0
547,CN7_L_000547,2,0,S4,-0.09964819577583128,0.03257494084927304,0
548,CN7_L_000548,3,0,S4,0.014416208475048542,0.03257494084927304,0
549,CN7_L_000549,2,0,S4,-0.08495382942071528,0.03257494084927304,0
550,CN7_L_000550,2,0,S4,-0.06684956911605067,0.03257494084927304,0
551,CN7_L_000551,0,0,S4,-0.05211056902962863,0.03257494084927304,0
553,CN7_L_000553,3,0,S4,-0.024505440298332015,0.03257494084927304,0
555,CN7_L_000555,0,0,S4,-0.041788248328652244,0.03257494084927304,0
556,CN7_L_000556,1,0,S4,-0.07813186592978782,0.03257494084927304,0
557,CN7_L_000557,1,0,S4,-0.08580816114330103,0.03257494084927304,0
558,CN7_L_000558,3,0,S4,-0.03888904466885812,0.03257494084927304,0
559,CN7_L_000559,1,0,S4,-0.08879579745561061,0.03257494084927304,0
560,CN7_L_000560,1,0,S4,-0.06275325652182495,0.03257494084927304,0
561,CN7_L_000561,0,0,S4,-0.04642212441354321,0.03257494084927304,0
562,CN7_L_000562,0,0,S4,-0.036598346527887404,0.03257494084927304,0
563,CN7_L_000563,2,0,S4,-0.028893127965469834,0.03257494084927304,0
564,CN7_L_000564,1,0,S4,-0.06442053443357532,0.03257494084927304,0
566,CN7_L_000566,2,0,S4,-0.05583665700882623,0.03257494084927304,0
567,CN7_L_000567,0,0,S4,-0.02427809334140507,0.03257494084927304,0
568,CN7_L_000568,2,0,S4,-0.10158280132305553,0.03257494084927304,0
569,CN7_L_000569,1,0,S4,-0.08169806221717568,0.03257494084927304,0
570,CN7_L_000570,2,0,S4,-0.057435369536225966,0.03257494084927304,0
571,CN7_L_000571,3,0,S4,-0.029092241292103527,0.03257494084927304,0
572,CN7_L_000572,1,0,S4,-0.06939345031285127,0.03257494084927304,0
573,CN7_L_000573,3,0,S4,-0.040043292937950614,0.03257494084927304,0
575,CN7_L_000575,2,0,S4,-0.023368976165830002,0.03257494084927304,0
576,CN7_L_000576,3,0,S4,-0.04315385363889357,0.03257494084927304,0
578,CN7_L_000578,2,0,S4,-0.06013018934067249,0.03257494084927304,0
579,CN7_L_000579,2,0,S4,-0.07465140298880035,0.03257494084927304,0
580,CN7_L_000580,2,0,S4,-0.08837888575492459,0.03257494084927304,0
581,CN7_L_000581,1,0,S4,-0.05848485265154402,0.03257494084927304,0
582,CN7_L_000582,1,0,S4,-0.0627437838633691,0.03257494084927304,0
583,CN7_L_000583,1,0,S4,-0.04802809326314961,0.03257494084927304,0
584,CN7_L_000584,3,0,S4,-0.027306914113825353,0.03257494084927304,0
585,CN7_L_000585,0,0,S4,-0.04585424439620178,0.03257494084927304,0
586,CN7_L_000586,3,0,S4,-0.02324950553458205,0.03257494084927304,0
587,CN7_L_000587,0,0,S4,-0.032587572717735824,0.03257494084927304,0
590,CN7_L_000590,3,0,S4,-0.03295777141956524,0.03257494084927304,0
592,CN7_L_000592,2,0,S4,-0.04111815801613394,0.03257494084927304,0
593,CN7_L_000593,1,0,S4,-0.028019958526828148,0.03257494084927304,0
594,CN7_L_000594,1,0,S4,-0.04845958999346767,0.03257494084927304,0
595,CN7_L_000595,3,0,S4,-0.03767471188230509,0.03257494084927304,0
596,CN7_L_000596,0,0,S4,-0.03333214647276561,0.03257494084927304,0
597,CN7_L_000597,1,0,S4,-0.045091938877333426,0.03257494084927304,0
598,CN7_L_000598,0,0,S4,-0.03359639857382124,0.03257494084927304,0
599,CN7_L_000599,0,0,S4,-0.04711748255584958,0.03257494084927304,0
601,CN7_L_000601,2,0,S4,-0.07755027121332692,0.03257494084927304,0
602,CN7_L_000602,2,0,S4,-0.08294642587523748,0.03257494084927304,0
604,CN7_L_000604,3,0,S4,0.653058405513772,0.03257494084927304,1
605,CN7_L_000605,0,0,S4,2.4800524808643805,0.03257494084927304,1
0,CN7_L_000000,0,0,S5,-0.03476537051066256,0.0852348032769567,0
2,CN7_L_000002,0,0,S5,0.03308968348405836,0.0852348032769567,0
3,CN7_L_000003,0,0,S5,-0.04096085657339124,0.0852348032769567,0
4,CN7_L_000004,3,0,S5,-0.04051933005608632,0.0852348032769567,0
5,CN7_L_000005,2,0,S5,-0.005314589443756901,0.0852348032769567,0
6,CN7_L_000006,2,0,S5,-0.005859235266282292,0.0852348032769567,0
7,CN7_L_000007,1,0,S5,-0.06986614217050538,0.0852348032769567,0
8,CN7_L_000008,0,0,S5,-0.04876253633869246,0.0852348032769567,0
9,CN7_L_000009,1,0,S5,-0.014640685463248898,0.0852348032769567,0
10,CN7_L_000010,0,0,S5,-0.0861253471086594,0.0852348032769567,0
11,CN7_L_000011,0,0,S5,-0.10052003207244772,0.0852348032769567,0
12,CN7_L_000012,1,0,S5,0.009030973774283607,0.0852348032769567,0
15,CN7_L_000015,2,0,S5,0.00043041009449604206,0.0852348032769567,0
16,CN7_L_000016,1,0,S5,0.03410889307801912,0.0852348032769567,0
17,CN7_L_000017,3,0,S5,-0.014262703959093487,0.0852348032769567,0
18,CN7_L_000018,2,0,S5,-0.04024044327820689,0.0852348032769567,0
19,CN7_L_000019,1,0,S5,0.02260087240864425,0.0852348032769567,0
22,CN7_L_000022,0,0,S5,-0.016024035279066262,0.0852348032769567,0
23,CN7_L_000023,3,0,S5,-0.003981858006521177,0.0852348032769567,0
24,CN7_L_000024,3,1,S5,-0.08889681230074001,0.0852348032769567,0
25,CN7_L_000025,0,0,S5,-0.09386128806950797,0.0852348032769567,0
26,CN7_L_000026,0,0,S5,0.020539001148246888,0.0852348032769567,0
27,CN7_L_000027,3,0,S5,-0.10172518703102709,0.0852348032769567,0
29,CN7_L_000029,0,0,S5,0.007720356646285981,0.0852348032769567,0
30,CN7_L_000030,1,0,S5,-0.08079707404607178,0.0852348032769567,0
31,CN7_L_000031,0,0,S5,-0.020563244541602965,0.0852348032769567,0
32,CN7_L_000032,2,0,S5,-0.05201207584906983,0.0852348032769567,0
34,CN7_L_000034,3,0,S5,-0.04476051955248983,0.0852348032769567,0
36,CN7_L_000036,0,0,S5,0.21858196171342292,0.0852348032769567,1
37,CN7_L_000037,0,0,S5,-0.05377277693092716,0.0852348032769567,0
38,CN7_L_000038,3,0,S5,-0.06757558306574166,0.0852348032769567,0
39,CN7_L_000039,0,0,S5,-0.08309012943858632,0.0852348032769567,0
40,CN7_L_000040,1,1,S5,-0.08728022997047913,0.0852348032769567,0
41,CN7_L_000041,1,0,S5,-0.04256633634048415,0.0852348032769567,0
43,CN7_L_000043,0,0,S5,-0.08698992277838444,0.0852348032769567,0
44,CN7_L_000044,3,0,S5,-0.028648049675653847,0.0852348032769567,0
45,CN7_L_000045,0,0,S5,0.01960476093067537,0.0852348032769567,0
46,CN7_L_000046,0,0,S5,-0.0572063722982539,0.0852348032769567,0
47,CN7_L_000047,2,0,S5,-0.07915857068227666,0.0852348032769567,0
48,CN7_L_000048,0,1,S5,0.08814985648332183,0.0852348032769567,1
49,CN7_L_000049,3,0,S5,0.004659867549578284,0.0852348032769567,0
52,CN7_L_000052,2,1,S5,-0.04652785215975691,0.0852348032769567,0
53,CN7_L_000053,1,1,S5,-0.06433350305954333,0.0852348032769567,0
54,CN7_L_000054,3,1,S5,0.013713849933993577,0.0852348032769567,0
55,CN7_L_000055,0,1,S5,-0.047438739329250273,0.0852348032769567,0
56,CN7_L_000056,2,1,S5,-0.008232669716065955,0.0852348032769567,0
58,CN7_L_000058,1,1,S5,0.1771648239474652,0.0852348032769567,1
59,CN7_L_000059,3,1,S5,0.20008945828444005,0.0852348032769567,1
60,CN7_L_000060,2,1,S5,0.1812014912883836,0.0852348032769567,1
62,CN7_L_000062,1,0,S5,-0.07644515793748624,0.0852348032769567,0
63,CN7_L_000063,3,0,S5,-0.00617830466339242,0.0852348032769567,0
64,CN7_L_000064,3,0,S5,-0.06587606465157522,0.0852348032769567,0
65,CN7_L_000065,2,0,S5,-0.05777099575043551,0.0852348032769567,0
67,CN7_L_000067,3,0,S5,-0.07501968781863053,0.0852348032769567,0
68,CN7_L_000068,3,0,S5,-0.020318088593546113,0.0852348032769567,0
69,CN7_L_000069,2,0,S5,-0.04236402736671524,0.0852348032769567,0
70,CN7_L_000070,1,0,S5,-0.07825287853725793,0.0852348032769567,0
71,CN7_L_000071,2,0,S5,-0.011410830636713554,0.0852348032769567,0
73,CN7_L_000073,0,0,S5,-0.05926784530990495,0.0852348032769567,0
74,CN7_L_000074,0,0,S5,-0.07067079640433152,0.0852348032769567,0
77,CN7_L_000077,2,0,S5,-0.0935116395314946,0.0852348032769567,0
79,CN7_L_000079,3,0,S5,-0.05146947295010726,0.0852348032769567,0
80,CN7_L_000080,2,0,S5,-0.0675032544708016,0.0852348032769567,0
81,CN7_L_000081,2,0,S5,-0.08682927766305354,0.0852348032769567,0
82,CN7_L_000082,3,0,S5,-0.04981931681343907,0.0852348032769567,0
83,CN7_L_000083,2,0,S5,-0.041943202669726815,0.0852348032769567,0
84,CN7_L_000084,3,0,S5,-0.09588179531760269,0.0852348032769567,0
86,CN7_L_000086,0,0,S5,-0.04674783316748868,0.0852348032769567,0
87,CN7_L_000087,3,0,S5,-0.016019799362188475,0.0852348032769567,0
88,CN7_L_000088,0,0,S5,-0.07439555547458523,0.0852348032769567,0
89,CN7_L_000089,3,0,S5,-0.046476669626879075,0.0852348032769567,0
90,CN7_L_000090,1,0,S5,-0.051701139875183155,0.0852348032769567,0
91,CN7_L_000091,2,0,S5,-0.021554850947517745,0.0852348032769567,0
92,CN7_L_000092,3,0,S5,-0.03804215793583668,0.0852348032769567,0
93,CN7_L_000093,1,0,S5,-0.020087603653887065,0.0852348032769567,0
95,CN7_L_000095,0,0,S5,0.015618699531163155,0.0852348032769567,0
96,CN7_L_000096,3,0,S5,-0.07041048978519307,0.0852348032769567,0
97,CN7_L_000097,3,0,S5,-0.05548376303513522,0.0852348032769567,0
98,CN7_L_000098,3,0,S5,-0.07303559801247242,0.0852348032769567,0
99,CN7_L_000099,2,0,S5,-0.03614672275652858,0.0852348032769567,0
100,CN7_L_000100,3,0,S5,-0.029384454399540794,0.0852348032769567,0
102,CN7_L_000102,3,0,S5,-0.05687890163123163,0.0852348032769567,0
103,CN7_L_000103,0,0,S5,0.037265835559137955,0.0852348032769567,0
104,CN7_L_000104,2,0,S5,-0.012212801544894764,0.0852348032769567,0
106,CN7_L_000106,3,0,S5,-0.06232897907773963,0.0852348032769567,0
107,CN7_L_000107,0,0,S5,-0.015660353273446198,0.0852348032769567,0
108,CN7_L_000108,2,0,S5,-0.06992750767673861,0.0852348032769567,0
109,CN7_L_000109,2,0,S5,-0.0683082920062579,0.0852348032769567,0
110,CN7_L_000110,0,0,S5,0.03543860040446209,0.0852348032769567,0
111,CN7_L_000111,1,0,S5,0.010862494517705629,0.0852348032769567,0
115,CN7_L_000115,0,0,S5,-0.032339624728944,0.0852348032769567,0
117,CN7_L_000117,3,0,S5,-0.04077306112007645,0.0852348032769567,0
118,CN7_L_000118,3,0,S5,-0.0434047745428251,0.0852348032769567,0
121,CN7_L_000121,3,0,S5,-0.05740097295677185,0.0852348032769567,0
122,CN7_L_000122,3,0,S5,-0.04800180141313473,0.0852348032769567,0
123,CN7_L_000123,0,0,S5,-0.08256516678554668,0.0852348032769567,0
124,CN7_L_000124,2,0,S5,-0.0769699584700726,0.0852348032769567,0
125,CN7_L_000125,3,0,S5,-0.0248548621126099,0.0852348032769567,0
126,CN7_L_000126,2,0,S5,-0.0577005407969258,0.0852348032769567,0
127,CN7_L_000127,0,0,S5,-0.025346388059357877,0.0852348032769567,0
128,CN7_L_000128,1,0,S5,-0.06771451999132799,0.0852348032769567,0
129,CN7_L_000129,2,0,S5,-0.10065178548139592,0.0852348032769567,0
130,CN7_L_000130,1,0,S5,-0.08817522316094711,0.0852348032769567,0
131,CN7_L_000131,3,0,S5,-0.03916630854095493,0.0852348032769567,0
132,CN7_L_000132,1,0,S5,-0.03560044580290994,0.0852348032769567,0
133,CN7_L_000133,1,0,S5,-0.004963395558153727,0.0852348032769567,0
134,CN7_L_000134,2,0,S5,-0.0343921904599121,0.0852348032769567,0
136,CN7_L_000136,0,0,S5,-0.041677143332579464,0.0852348032769567,0
137,CN7_L_000137,3,0,S5,-0.06342798259626306,0.0852348032769567,0
138,CN7_L_000138,0,0,S5,-0.028088107469979223,0.0852348032769567,0
139,CN7_L_000139,2,0,S5,-0.08661140376263465,0.0852348032769567,0
140,CN7_L_000140,1,0,S5,-0.04538753810878535,0.0852348032769567,0
141,CN7_L_000141,3,0,S5,-0.025492881480566887,0.0852348032769567,0
143,CN7_L_000143,1,0,S5,-0.05772683995372191,0.0852348032769567,0
145,CN7_L_000145,0,0,S5,-0.07226097976111043,0.0852348032769567,0
146,CN7_L_000146,3,0,S5,-0.06301738465187476,0.0852348032769567,0
147,CN7_L_000147,1,0,S5,-0.04170332762308479,0.0852348032769567,0
150,CN7_L_000150,3,0,S5,-0.08194205739540758,0.0852348032769567,0
151,CN7_L_000151,0,0,S5,-0.06486352822351096,0.0852348032769567,0
153,CN7_L_000153,0,0,S5,-0.05581184977896678,0.0852348032769567,0
154,CN7_L_000154,0,0,S5,0.0852348032769567,0.0852348032769567,0
155,CN7_L_000155,1,0,S5,-0.031848212378203705,0.0852348032769567,0
156,CN7_L_000156,0,0,S5,0.042005597535671485,0.0852348032769567,0
157,CN7_L_000157,0,0,S5,-0.04173379483868686,0.0852348032769567,0
158,CN7_L_000158,0,0,S5,-0.011580942317556658,0.0852348032769567,0
159,CN7_L_000159,2,0,S5,-0.07824055147516762,0.0852348032769567,0
160,CN7_L_000160,1,0,S5,-0.0029306886549475275,0.0852348032769567,0
161,CN7_L_000161,1,0,S5,0.0034940983481147048,0.0852348032769567,0
162,CN7_L_000162,2,0,S5,-0.009448315519699851,0.0852348032769567,0
163,CN7_L_000163,2,0,S5,-0.04069921161375084,0.0852348032769567,0
164,CN7_L_000164,0,0,S5,0.21856598212732695,0.0852348032769567,1
165,CN7_L_000165,2,0,S5,-0.05884576778283471,0.0852348032769567,0
166,CN7_L_000166,1,0,S5,-0.044620010154625356,0.0852348032769567,0
167,CN7_L_000167,2,0,S5,-0.058960293418812953,0.0852348032769567,0
168,CN7_L_000168,3,0,S5,0.006760538234579838,0.0852348032769567,0
169,CN7_L_000169,2,0,S5,-0.07005632234171705,0.0852348032769567,0
171,CN7_L_000171,3,0,S5,-0.05159374731966934,0.0852348032769567,0
172,CN7_L_000172,0,0,S5,-0.055199864173331475,0.0852348032769567,0
173,CN7_L_000173,3,0,S5,-0.07551799010623919,0.0852348032769567,0
177,CN7_L_000177,1,0,S5,-0.05184978357231726,0.0852348032769567,0
178,CN7_L_000178,0,0,S5,-0.05476211567771752,0.0852348032769567,0
179,CN7_L_000179,0,0,S5,-0.0489517015459118,0.0852348032769567,0
181,CN7_L_000181,0,0,S5,-0.041725886037060594,0.0852348032769567,0
182,CN7_L_000182,0,0,S5,-0.031588869296255845,0.0852348032769567,0
183,CN7_L_000183,3,0,S5,-0.04192425922882473,0.0852348032769567,0
184,CN7_L_000184,2,0,S5,-0.08848525554250197,0.0852348032769567,0
186,CN7_L_000186,0,0,S5,-0.058752959085077744,0.0852348032769567,0
187,CN7_L_000187,1,0,S5,-0.05556585583439044,0.0852348032769567,0
188,CN7_L_000188,0,0,S5,-0.0588811281677141,0.0852348032769567,0
189,CN7_L_000189,0,0,S5,-0.014871071165718563,0.0852348032769567,0
190,CN7_L_000190,2,0,S5,-0.06737658113952369,0.0852348032769567,0
191,CN7_L_000191,2,0,S5,-0.06091139578644447,0.0852348032769567,0
192,CN7_L_000192,0,0,S5,0.05170824590559833,0.0852348032769567,0
193,CN7_L_000193,2,0,S5,-0.0008399624469138389,0.0852348032769567,0
194,CN7_L_000194,1,0,S5,-0.0054504350272373825,0.0852348032769567,0
195,CN7_L_000195,0,0,S5,-0.03236254854351464,0.0852348032769567,0
196,CN7_L_000196,0,0,S5,0.04572761019690902,0.0852348032769567,0
197,CN7_L_000197,3,0,S5,-0.04912915891694106,0.0852348032769567,0
198,CN7_L_000198,0,0,S5,-0.030095190389769322,0.0852348032769567,0
199,CN7_L_000199,2,0,S5,-0.015062928669515807,0.0852348032769567,0
200,CN7_L_000200,3,0,S5,0.005939525762564707,0.0852348032769567,0
202,CN7_L_000202,0,0,S5,-0.04219010831966222,0.0852348032769567,0
204,CN7_L_000204,0,0,S5,-0.013624068969732894,0.0852348032769567,0
206,CN7_L_000206,1,0,S5,-0.05639051069341122,0.0852348032769567,0
207,CN7_L_000207,1,0,S5,-0.03532272901600628,0.0852348032769567,0
208,CN7_L_000208,2,0,S5,-0.01252611915368787,0.0852348032769567,0
209,CN7_L_000209,3,0,S5,-0.007761183327040844,0.0852348032769567,0
210,CN7_L_000210,3,0,S5,-0.02573725247177369,0.0852348032769567,0
211,CN7_L_000211,3,0,S5,0.09014160593161043,0.0852348032769567,1
212,CN7_L_000212,3,0,S5,-0.04204282447977398,0.0852348032769567,0
213,CN7_L_000213,3,0,S5,-0.04587117916714328,0.0852348032769567,0
216,CN7_L_000216,3,0,S5,-0.05348732481037208,0.0852348032769567,0
217,CN7_L_000217,1,0,S5,-0.026175489547719727,0.0852348032769567,0
218,CN7_L_000218,2,0,S5,-0.03241649204322358,0.0852348032769567,0
220,CN7_L_000220,2,0,S5,-0.04334250038156803,0.0852348032769567,0
221,CN7_L_000221,2,0,S5,-0.034364192403554816,0.0852348032769567,0
222,CN7_L_000222,3,0,S5,-0.05917002750718206,0.0852348032769567,0
223,CN7_L_000223,1,0,S5,-0.01757101867226754,0.0852348032769567,0
224,CN7_L_000224,3,0,S5,-0.03822835720001186,0.0852348032769567,0
225,CN7_L_000225,0,0,S5,-0.05227655613531698,0.0852348032769567,0
226,CN7_L_000226,3,0,S5,-0.013292003636227345,0.0852348032769567,0
231,CN7_L_000231,1,0,S5,-0.02870625861676504,0.0852348032769567,0
232,CN7_L_000232,1,0,S5,-0.04833862775103634,0.0852348032769567,0
233,CN7_L_000233,1,0,S5,-0.022978138417809046,0.0852348032769567,0
234,CN7_L_000234,3,0,S5,-0.055817554931851004,0.0852348032769567,0
235,CN7_L_000235,3,0,S5,-0.054822217054669026,0.0852348032769567,0
236,CN7_L_000236,0,0,S5,-0.023466185301777326,0.0852348032769567,0
237,CN7_L_000237,3,0,S5,-0.026825023697993916,0.0852348032769567,0
238,CN7_L_000238,1,0,S5,-0.055868921169624525,0.0852348032769567,0
239,CN7_L_000239,1,0,S5,-0.019892491242216342,0.0852348032769567,0
241,CN7_L_000241,1,0,S5,-0.03043135535767444,0.0852348032769567,0
242,CN7_L_000242,0,0,S5,0.0504812441527932,0.0852348032769567,0
243,CN7_L_000243,2,0,S5,-0.05258409168719211,0.0852348032769567,0
245,CN7_L_000245,1,0,S5,-0.032693409857132094,0.0852348032769567,0
246,CN7_L_000246,1,0,S5,-0.056002720653989424,0.0852348032769567,0
247,CN7_L_000247,1,0,S5,0.032831669399499414,0.0852348032769567,0
248,CN7_L_000248,2,0,S5,-0.050945497021052416,0.0852348032769567,0
249,CN7_L_000249,3,0,S5,-0.050155142831666805,0.0852348032769567,0
250,CN7_L_000250,1,0,S5,-0.06771628147901518,0.0852348032769567,0
251,CN7_L_000251,2,0,S5,-0.029576404440321086,0.0852348032769567,0
252,CN7_L_000252,1,0,S5,0.012206244603062882,0.0852348032769567,0
253,CN7_L_000253,3,0,S5,-0.09191595547372958,0.0852348032769567,0
254,CN7_L_000254,3,0,S5,-0.05349413579258852,0.0852348032769567,0
256,CN7_L_000256,3,0,S5,-0.07169532114178043,0.0852348032769567,0
258,CN7_L_000258,2,0,S5,-0.07556260130113773,0.0852348032769567,0
259,CN7_L_000259,0,0,S5,-0.08967684508453774,0.0852348032769567,0
260,CN7_L_000260,1,0,S5,-0.06858507009156384,0.0852348032769567,0
261,CN7_L_000261,3,0,S5,-0.025936473391547477,0.0852348032769567,0
262,CN7_L_000262,3,0,S5,-0.044068617166890284,0.0852348032769567,0
263,CN7_L_000263,2,0,S5,-0.0627617072271569,0.0852348032769567,0
264,CN7_L_000264,3,0,S5,-0.07266532970340181,0.0852348032769567,0
267,CN7_L_000267,0,0,S5,-0.004282419337173687,0.0852348032769567,0
268,CN7_L_000268,0,0,S5,-0.054388615945264646,0.0852348032769567,0
269,CN7_L_000269,1,0,S5,-0.08015653611952495,0.0852348032769567,0
270,CN7_L_000270,2,0,S5,-0.06884384959372275,0.0852348032769567,0
271,CN7_L_000271,0,0,S5,-0.10209648321826245,0.0852348032769567,0
272,CN7_L_000272,2,0,S5,-0.09047198609635276,0.0852348032769567,0
273,CN7_L_000273,3,0,S5,-0.060460463199099784,0.0852348032769567,0
275,CN7_L_000275,1,0,S5,-0.03865234219431424,0.0852348032769567,0
276,CN7_L_000276,1,0,S5,-0.031252262348177434,0.0852348032769567,0
277,CN7_L_000277,1,0,S5,-0.048597152444338015,0.0852348032769567,0
278,CN7_L_000278,1,0,S5,-0.019361942212125505,0.0852348032769567,0
279,CN7_L_000279,0,0,S5,-0.10031842786866776,0.0852348032769567,0
280,CN7_L_000280,3,0,S5,-0.04143404626919017,0.0852348032769567,0
282,CN7_L_000282,0,0,S5,-0.04303723109451288,0.0852348032769567,0
285,CN7_L_000285,0,0,S5,-0.07690295275774708,0.0852348032769567,0
286,CN7_L_000286,0,0,S5,-0.07505319416334241,0.0852348032769567,0
288,CN7_L_000288,2,0,S5,-0.06588445925238576,0.0852348032769567,0
289,CN7_L_000289,1,0,S5,-0.04722075572849091,0.0852348032769567,0
291,CN7_L_000291,3,0,S5,-0.10423790887169856,0.0852348032769567,0
292,CN7_L_000292,3,0,S5,-0.050004352294899995,0.0852348032769567,0
293,CN7_L_000293,1,0,S5,-0.05823846154585366,0.0852348032769567,0
294,CN7_L_000294,2,0,S5,-0.045922093430941474,0.0852348032769567,0
295,CN7_L_000295,1,0,S5,-0.046542056996863035,0.0852348032769567,0
296,CN7_L_000296,3,0,S5,-0.10817543208257083,0.0852348032769567,0
297,CN7_L_000297,1,0,S5,-0.044799308894660606,0.0852348032769567,0
298,CN7_L_000298,0,0,S5,-0.03601129908279124,0.0852348032769567,0
299,CN7_L_000299,1,0,S5,-0.025279361459003724,0.0852348032769567,0
300,CN7_L_000300,1,0,S5,0.0009797535189082218,0.0852348032769567,0
301,CN7_L_000301,1,0,S5,-0.06542121807991283,0.0852348032769567,0
303,CN7_L_000303,1,0,S5,-0.06888382443527052,0.0852348032769567,0
304,CN7_L_000304,0,0,S5,-0.09695393150589918,0.0852348032769567,0
305,CN7_L_000305,0,0,S5,-0.05785984105971362,0.0852348032769567,0
307,CN7_L_000307,3,0,S5,-0.06211367084883909,0.0852348032769567,0
308,CN7_L_000308,0,0,S5,-0.07734734250208361,0.0852348032769567,0
310,CN7_L_000310,3,0,S5,-0.05323250666151205,0.0852348032769567,0
311,CN7_L_000311,1,0,S5,-0.0704389122901366,0.0852348032769567,0
312,CN7_L_000312,2,0,S5,-0.07240634791570577,0.0852348032769567,0
313,CN7_L_000313,0,0,S5,-0.029474756887528653,0.0852348032769567,0
314,CN7_L_000314,1,0,S5,-0.021282820364605437,0.0852348032769567,0
315,CN7_L_000315,2,0,S5,-0.0580867286833649,0.0852348032769567,0
316,CN7_L_000316,3,0,S5,-0.09894369826232699,0.0852348032769567,0
317,CN7_L_000317,3,0,S5,-0.06680589388326394,0.0852348032769567,0
318,CN7_L_000318,2,0,S5,-0.08096290180473253,0.0852348032769567,0
319,CN7_L_000319,0,0,S5,-0.12024022642655549,0.0852348032769567,0
320,CN7_L_000320,2,0,S5,-0.06494317638368463,0.0852348032769567,0
321,CN7_L_000321,0,0,S5,-0.08696304329366353,0.0852348032769567,0
323,CN7_L_000323,0,0,S5,-0.13601489193592656,0.0852348032769567,0
324,CN7_L_000324,0,0,S5,-0.07186452272230867,0.0852348032769567,0
325,CN7_L_000325,1,0,S5,-0.06202337005218622,0.0852348032769567,0
326,CN7_L_000326,1,0,S5,-0.04175312820520344,0.0852348032769567,0
328,CN7_L_000328,1,0,S5,-0.03518031927258081,0.0852348032769567,0
330,CN7_L_000330,1,0,S5,-0.04187366926608185,0.0852348032769567,0
331,CN7_L_000331,1,0,S5,-0.06935656457458497,0.0852348032769567,0
332,CN7_L_000332,0,0,S5,-0.02790673851494968,0.0852348032769567,0
333,CN7_L_000333,2,0,S5,-0.08321353172164775,0.0852348032769567,0
334,CN7_L_000334,3,0,S5,-0.08659514860859965,0.0852348032769567,0
335,CN7_L_000335,3,0,S5,-0.028062467577712386,0.0852348032769567,0
336,CN7_L_000336,2,0,S5,-0.0660675735995026,0.0852348032769567,0
337,CN7_L_000337,2,0,S5,-0.0837845228394789,0.0852348032769567,0
338,CN7_L_000338,2,0,S5,-0.06902012146515774,0.0852348032769567,0
339,CN7_L_000339,3,0,S5,-0.0867273783974298,0.0852348032769567,0
340,CN7_L_000340,2,0,S5,-0.050665270157137315,0.0852348032769567,0
342,CN7_L_000342,1,0,S5,-0.031101088471037153,0.0852348032769567,0
343,CN7_L_000343,2,0,S5,-0.04728700185499585,0.0852348032769567,0
345,CN7_L_000345,1,0,S5,-0.05674195098046486,0.0852348032769567,0
346,CN7_L_000346,3,0,S5,-0.05735059301962822,0.0852348032769567,0
347,CN7_L_000347,1,0,S5,-0.07342266585705232,0.0852348032769567,0
348,CN7_L_000348,1,0,S5,-0.06146041416736084,0.0852348032769567,0
349,CN7_L_000349,3,0,S5,-0.09391957169929835,0.0852348032769567,0
350,CN7_L_000350,2,0,S5,-0.021713090039836402,0.0852348032769567,0
352,CN7_L_000352,2,0,S5,-0.09455633139832065,0.0852348032769567,0
354,CN7_L_000354,3,0,S5,-0.09867908026256991,0.0852348032769567,0
355,CN7_L_000355,2,0,S5,-0.05798672867506949,0.0852348032769567,0
356,CN7_L_000356,2,0,S5,-0.01989122659388179,0.0852348032769567,0
358,CN7_L_000358,2,0,S5,-0.04945677119576278,0.0852348032769567,0
360,CN7_L_000360,2,0,S5,-1.3356292598271091e-05,0.0852348032769567,0
361,CN7_L_000361,2,0,S5,-0.009552435716579655,0.0852348032769567,0
362,CN7_L_000362,0,0,S5,-0.07146507072736238,0.0852348032769567,0
363,CN7_L_000363,1,0,S5,-0.0729919388587233,0.0852348032769567,0
364,CN7_L_000364,2,0,S5,-0.028069997139574476,0.0852348032769567,0
365,CN7_L_000365,2,0,S5,0.002984096769504091,0.0852348032769567,0
366,CN7_L_000366,2,0,S5,-0.08476363747195959,0.0852348032769567,0
367,CN7_L_000367,3,0,S5,-0.04324636553623068,0.0852348032769567,0
368,CN7_L_000368,2,0,S5,-0.039615489213067206,0.0852348032769567,0
369,CN7_L_000369,1,0,S5,-0.032876774594765124,0.0852348032769567,0
370,CN7_L_000370,2,0,S5,-0.07618671268822669,0.0852348032769567,0
371,CN7_L_000371,1,0,S5,-0.06363799023703978,0.0852348032769567,0
372,CN7_L_000372,1,0,S5,-0.06507308228757921,0.0852348032769567,0
374,CN7_L_000374,1,0,S5,-0.07676813626546009,0.0852348032769567,0
375,CN7_L_000375,2,0,S5,-0.0640008015639085,0.0852348032769567,0
376,CN7_L_000376,1,0,S5,-0.03694207297435767,0.0852348032769567,0
377,CN7_L_000377,0,0,S5,-0.09028324675113972,0.0852348032769567,0
378,CN7_L_000378,1,0,S5,-0.038304294223352325,0.0852348032769567,0
379,CN7_L_000379,3,0,S5,-0.06639104708072693,0.0852348032769567,0
381,CN7_L_000381,1,0,S5,-0.06329602311045107,0.0852348032769567,0
382,CN7_L_000382,3,0,S5,-0.01824987638628192,0.0852348032769567,0
383,CN7_L_000383,3,0,S5,-0.05345362375694826,0.0852348032769567,0
384,CN7_L_000384,1,0,S5,-0.053548776980695656,0.0852348032769567,0
385,CN7_L_000385,2,0,S5,-0.03373931288751483,0.0852348032769567,0
387,CN7_L_000387,3,0,S5,-0.06760170223030978,0.0852348032769567,0
388,CN7_L_000388,0,0,S5,-0.054143667292762626,0.0852348032769567,0
389,CN7_L_000389,2,0,S5,-0.03637649503342166,0.0852348032769567,0
390,CN7_L_000390,3,0,S5,-0.06110510785193132,0.0852348032769567,0
391,CN7_L_000391,1,0,S5,-0.09491216182372941,0.0852348032769567,0
394,CN7_L_000394,3,0,S5,-0.0547285430871052,0.0852348032769567,0
395,CN7_L_000395,0,0,S5,-0.10628184171980762,0.0852348032769567,0
396,CN7_L_000396,3,0,S5,-0.010419857446866937,0.0852348032769567,0
397,CN7_L_000397,0,0,S5,-0.04164760460292263,0.0852348032769567,0
398,CN7_L_000398,2,0,S5,-0.014842365801625068,0.0852348032769567,0
400,CN7_L_000400,0,0,S5,-0.10273137642359623,0.0852348032769567,0
402,CN7_L_000402,2,0,S5,-0.028372069231908492,0.0852348032769567,0
404,CN7_L_000404,1,0,S5,-0.07576405091993849,0.0852348032769567,0
406,CN7_L_000406,1,0,S5,-0.05303737946524076,0.0852348032769567,0
407,CN7_L_000407,0,0,S5,-0.042607701904282674,0.0852348032769567,0
408,CN7_L_000408,0,0,S5,0.03828056362408258,0.0852348032769567,0
409,CN7_L_000409,0,0,S5,0.023853043150178194,0.0852348032769567,0
410,CN7_L_000410,1,0,S5,-0.055863921403580485,0.0852348032769567,0
411,CN7_L_000411,1,0,S5,-0.007138258164203798,0.0852348032769567,0
412,CN7_L_000412,3,0,S5,-0.04078031185464587,0.0852348032769567,0
413,CN7_L_000413,2,0,S5,-0.09038477820442603,0.0852348032769567,0
414,CN7_L_000414,1,0,S5,-0.053785012773017005,0.0852348032769567,0
416,CN7_L_000416,0,0,S5,-0.038340292286272976,0.0852348032769567,0
417,CN7_L_000417,0,0,S5,-0.0029724541433953644,0.0852348032769567,0
418,CN7_L_000418,2,0,S5,-0.0665847215728746,0.0852348032769567,0
419,CN7_L_000419,2,0,S5,-0.09299833962618248,0.0852348032769567,0
421,CN7_L_000421,3,0,S5,-0.04955854433926998,0.0852348032769567,0
422,CN7_L_000422,1,0,S5,-0.03210676970268653,0.0852348032769567,0
423,CN7_L_000423,0,0,S5,-0.10391158590817415,0.0852348032769567,0
424,CN7_L_000424,3,0,S5,-0.0698700522223589,0.0852348032769567,0
425,CN7_L_000425,1,0,S5,-0.04953462338248771,0.0852348032769567,0
426,CN7_L_000426,2,0,S5,-0.056321271031839204,0.0852348032769567,0
428,CN7_L_000428,2,0,S5,-0.038617785525726506,0.0852348032769567,0
429,CN7_L_000429,3,0,S5,-0.010338871326855847,0.0852348032769567,0
430,CN7_L_000430,0,0,S5,-0.10959362036143014,0.0852348032769567,0
433,CN7_L_000433,2,0,S5,-0.0472857702834685,0.0852348032769567,0
434,CN7_L_000434,3,0,S5,-0.10738055365873109,0.0852348032769567,0
435,CN7_L_000435,0,0,S5,-0.07587006070331145,0.0852348032769567,0
436,CN7_L_000436,1,0,S5,-0.07822383127728777,0.0852348032769567,0
437,CN7_L_000437,3,0,S5,-0.06081155179574696,0.0852348032769567,0
438,CN7_L_000438,1,0,S5,-0.036138964538903584,0.0852348032769567,0
439,CN7_L_000439,1,0,S5,-0.05653495843155526,0.0852348032769567,0
440,CN7_L_000440,0,0,S5,-0.07576176618097999,0.0852348032769567,0
442,CN7_L_000442,2,0,S5,-0.061644405669593894,0.0852348032769567,0
443,CN7_L_000443,1,0,S5,-0.0734573258860115,0.0852348032769567,0
445,CN7_L_000445,0,0,S5,-0.0918913119689819,0.0852348032769567,0
446,CN7_L_000446,0,0,S5,-0.08410450738381012,0.0852348032769567,0
447,CN7_L_000447,0,0,S5,-0.06452539086405776,0.0852348032769567,0
448,CN7_L_000448,2,0,S5,-0.050916961272955696,0.0852348032769567,0
450,CN7_L_000450,2,0,S5,-0.04234108551653398,0.0852348032769567,0
451,CN7_L_000451,1,0,S5,-0.0645204138911809,0.0852348032769567,0
452,CN7_L_000452,3,0,S5,-0.0725248491718308,0.0852348032769567,0
453,CN7_L_000453,0,0,S5,-0.07175385597231096,0.0852348032769567,0
454,CN7_L_000454,3,0,S5,-0.049871283156881885,0.0852348032769567,0
455,CN7_L_000455,1,0,S5,-0.019206598449070134,0.0852348032769567,0
456,CN7_L_000456,2,0,S5,-0.025141250640872803,0.0852348032769567,0
457,CN7_L_000457,2,0,S5,0.01448420231459549,0.0852348032769567,0
458,CN7_L_000458,1,0,S5,0.01109577457717456,0.0852348032769567,0
459,CN7_L_000459,3,0,S5,-0.0744348666239856,0.0852348032769567,0
460,CN7_L_000460,1,0,S5,-0.051205158722697125,0.0852348032769567,0
461,CN7_L_000461,0,0,S5,0.012973038427231937,0.0852348032769567,0
463,CN7_L_000463,1,0,S5,-0.05483016846264363,0.0852348032769567,0
464,CN7_L_000464,1,0,S5,-0.08911003848806937,0.0852348032769567,0
465,CN7_L_000465,3,0,S5,-0.09729822889879877,0.0852348032769567,0
466,CN7_L_000466,0,0,S5,-0.09904416732489094,0.0852348032769567,0
467,CN7_L_000467,2,0,S5,-0.020262214490358338,0.0852348032769567,0
470,CN7_L_000470,3,0,S5,-0.06445086399686287,0.0852348032769567,0
471,CN7_L_000471,0,0,S5,-0.013560763413131643,0.0852348032769567,0
474,CN7_L_000474,2,0,S5,-0.06458625935969509,0.0852348032769567,0
476,CN7_L_000476,0,0,S5,-0.09874153304313135,0.0852348032769567,0
477,CN7_L_000477,1,0,S5,-0.051057596526553395,0.0852348032769567,0
478,CN7_L_000478,0,0,S5,-0.08320641133520498,0.0852348032769567,0
479,CN7_L_000479,3,0,S5,-0.047600916677950245,0.0852348032769567,0
481,CN7_L_000481,3,0,S5,-0.04842971336770799,0.0852348032769567,0
482,CN7_L_000482,1,0,S5,-0.0048362089510785855,0.0852348032769567,0
483,CN7_L_000483,2,0,S5,-0.07397414608581587,0.0852348032769567,0
484,CN7_L_000484,3,0,S5,-0.02677310247965145,0.0852348032769567,0
486,CN7_L_000486,3,0,S5,-0.020947364805580154,0.0852348032769567,0
487,CN7_L_000487,2,0,S5,-0.03164534128171903,0.0852348032769567,0
491,CN7_L_000491,1,0,S5,-0.0627980601417476,0.0852348032769567,0
492,CN7_L_000492,1,0,S5,0.02883334669206783,0.0852348032769567,0
493,CN7_L_000493,1,0,S5,0.01789648025248619,0.0852348032769567,0
494,CN7_L_000494,2,0,S5,-0.054249967654689424,0.0852348032769567,0
495,CN7_L_000495,3,0,S5,-0.047549396996996174,0.0852348032769567,0
496,CN7_L_000496,2,0,S5,-0.08502639328512546,0.0852348032769567,0
497,CN7_L_000497,3,0,S5,-0.05213935845442183,0.0852348032769567,0
499,CN7_L_000499,3,0,S5,-0.05259058716412238,0.0852348032769567,0
500,CN7_L_000500,2,0,S5,-0.06379635394265079,0.0852348032769567,0
501,CN7_L_000501,2,0,S5,-0.0752096423950055,0.0852348032769567,0
502,CN7_L_000502,2,0,S5,-0.08860851757699284,0.0852348032769567,0
504,CN7_L_000504,1,0,S5,-0.08019310301396182,0.0852348032769567,0
507,CN7_L_000507,1,0,S5,-0.05283752417427595,0.0852348032769567,0
508,CN7_L_000508,0,0,S5,-0.0819666731929061,0.0852348032769567,0
509,CN7_L_000509,1,0,S5,-0.04202924950616721,0.0852348032769567,0
510,CN7_L_000510,1,0,S5,-0.021690388705856156,0.0852348032769567,0
511,CN7_L_000511,2,0,S5,0.05426639347670295,0.0852348032769567,0
513,CN7_L_000513,2,0,S5,-0.04781343986112441,0.0852348032769567,0
514,CN7_L_000514,0,0,S5,-0.004604303440980756,0.0852348032769567,0
515,CN7_L_000515,0,0,S5,0.013364504228321722,0.0852348032769567,0
516,CN7_L_000516,3,0,S5,-0.05908290107246986,0.0852348032769567,0
517,CN7_L_000517,0,0,S5,-0.0806656170021158,0.0852348032769567,0
519,CN7_L_000519,3,0,S5,-0.043472011403383914,0.0852348032769567,0
520,CN7_L_000520,3,0,S5,-0.09586225831330705,0.0852348032769567,0
521,CN7_L_000521,0,0,S5,-0.03240269760230105,0.0852348032769567,0
523,CN7_L_000523,0,0,S5,-0.022543600390969032,0.0852348032769567,0
525,CN7_L_000525,1,0,S5,-0.025773058461074277,0.0852348032769567,0
526,CN7_L_000526,0,0,S5,-0.05557470990661992,0.0852348032769567,0
527,CN7_L_000527,2,0,S5,-0.05275260233668347,0.0852348032769567,0
528,CN7_L_000528,3,0,S5,-0.007854397677627606,0.0852348032769567,0
529,CN7_L_000529,0,0,S5,-0.08251410203999185,0.0852348032769567,0
530,CN7_L_000530,2,0,S5,-0.03282899022260502,0.0852348032769567,0
532,CN7_L_000532,3,0,S5,-0.06160073873768582,0.0852348032769567,0
533,CN7_L_000533,0,0,S5,0.019253631814495825,0.0852348032769567,0
534,CN7_L_000534,2,0,S5,-0.06584545848455059,0.0852348032769567,0
535,CN7_L_000535,2,0,S5,-0.04777205516350566,0.0852348032769567,0
536,CN7_L_000536,2,0,S5,-0.04903583115970572,0.0852348032769567,0
537,CN7_L_000537,0,0,S5,-0.0735167691966905,0.0852348032769567,0
538,CN7_L_000538,2,0,S5,-0.06279479634319393,0.0852348032769567,0
539,CN7_L_000539,0,0,S5,-0.05237876312440601,0.0852348032769567,0
541,CN7_L_000541,3,0,S5,-0.04946593262871052,0.0852348032769567,0
542,CN7_L_000542,2,0,S5,-0.015663713734262202,0.0852348032769567,0
543,CN7_L_000543,1,0,S5,-0.05688722009327221,0.0852348032769567,0
544,CN7_L_000544,2,0,S5,-0.01088343532403463,0.0852348032769567,0
545,CN7_L_000545,3,0,S5,-0.061002688927306564,0.0852348032769567,0
546,CN7_L_000546,1,0,S5,0.008713542907902466,0.0852348032769567,0
547,CN7_L_000547,2,0,S5,-0.015797712134196867,0.0852348032769567,0
548,CN7_L_000548,3,0,S5,0.06218863375936237,0.0852348032769567,0
549,CN7_L_000549,2,0,S5,-0.06209268699745535,0.0852348032769567,0
550,CN7_L_000550,2,0,S5,-0.0627765024924585,0.0852348032769567,0
551,CN7_L_000551,0,0,S5,-0.07972170532129244,0.0852348032769567,0
553,CN7_L_000553,3,0,S5,-0.0317428958599793,0.0852348032769567,0
555,CN7_L_000555,0,0,S5,-0.07943803325272356,0.0852348032769567,0
556,CN7_L_000556,1,0,S5,-0.06275125330515635,0.0852348032769567,0
557,CN7_L_000557,1,0,S5,-0.00237263090058748,0.0852348032769567,0
558,CN7_L_000558,3,0,S5,-0.04585473701090109,0.0852348032769567,0
559,CN7_L_000559,1,0,S5,-0.053660092424789585,0.0852348032769567,0
560,CN7_L_000560,1,0,S5,-0.061430061272992165,0.0852348032769567,0
561,CN7_L_000561,0,0,S5,-0.028266895942672926,0.0852348032769567,0
562,CN7_L_000562,0,0,S5,-0.047132324028041545,0.0852348032769567,0
563,CN7_L_000563,2,0,S5,-0.06982512131029933,0.0852348032769567,0
564,CN7_L_000564,1,0,S5,-0.04611968329786498,0.0852348032769567,0
566,CN7_L_000566,2,0,S5,-0.04210315353173419,0.0852348032769567,0
567,CN7_L_000567,0,0,S5,-0.008742558799573114,0.0852348032769567,0
568,CN7_L_000568,2,0,S5,-0.025653245954560006,0.0852348032769567,0
569,CN7_L_000569,1,0,S5,-0.006705263740763301,0.0852348032769567,0
570,CN7_L_000570,2,0,S5,-0.059918263621383444,0.0852348032769567,0
571,CN7_L_000571,3,0,S5,-0.07399920178639416,0.0852348032769567,0
572,CN7_L_000572,1,0,S5,-0.04030929524784024,0.0852348032769567,0
573,CN7_L_000573,3,0,S5,-0.07665982006181385,0.0852348032769567,0
575,CN7_L_000575,2,0,S5,0.01721909724762216,0.0852348032769567,0
576,CN7_L_000576,3,0,S5,-0.08894554120048934,0.0852348032769567,0
578,CN7_L_000578,2,0,S5,0.00221351988312507,0.0852348032769567,0
579,CN7_L_000579,2,0,S5,-0.03714817961300432,0.0852348032769567,0
580,CN7_L_000580,2,0,S5,-0.05479029400490473,0.0852348032769567,0
581,CN7_L_000581,1,0,S5,-0.018364631879619536,0.0852348032769567,0
582,CN7_L_000582,1,0,S5,-0.04879679715380156,0.0852348032769567,0
583,CN7_L_000583,1,0,S5,-0.02734850221831392,0.0852348032769567,0
584,CN7_L_000584,3,0,S5,-0.1094014746790812,0.0852348032769567,0
585,CN7_L_000585,0,0,S5,-0.1265258641843671,0.0852348032769567,0
586,CN7_L_000586,3,0,S5,-0.07701067334891168,0.0852348032769567,0
587,CN7_L_000587,0,0,S5,-0.012934812995940098,0.0852348032769567,0
590,CN7_L_000590,3,0,S5,-0.025282490608256908,0.0852348032769567,0
592,CN7_L_000592,2,0,S5,0.016921715377417934,0.0852348032769567,0
593,CN7_L_000593,1,0,S5,-0.05763623589019512,0.0852348032769567,0
594,CN7_L_000594,1,0,S5,-0.06550571128929888,0.0852348032769567,0
595,CN7_L_000595,3,0,S5,-0.06800213877761371,0.0852348032769567,0
596,CN7_L_000596,0,0,S5,-0.05524991679422178,0.0852348032769567,0
597,CN7_L_000597,1,0,S5,-0.02451631087881667,0.0852348032769567,0
598,CN7_L_000598,0,0,S5,-0.014381017250228723,0.0852348032769567,0
599,CN7_L_000599,0,0,S5,-0.07866134449950365,0.0852348032769567,0
601,CN7_L_000601,2,0,S5,0.021432301933236475,0.0852348032769567,0
602,CN7_L_000602,2,0,S5,-0.015333672027095624,0.0852348032769567,0
604,CN7_L_000604,3,0,S5,0.19989860841083795,0.0852348032769567,1
605,CN7_L_000605,0,0,S5,0.21858202853576458,0.0852348032769567,1
