scenario,candidate_id,fold,AP,ROC_AUC,gamma
S0,0,0,0.03774234562355952,0.3663716814159292,0.0013043478260869564
S0,0,1,0.03405048693559738,0.29026548672566377,0.0013043478260869564
S0,0,2,0.03844936226325792,0.26725663716814163,0.0013043478260869564
S0,0,3,0.047775736353436085,0.4247787610619469,0.0013043478260869564
S0,1,0,0.03679952546049312,0.3486725663716814,0.0016756004639391937
S0,1,1,0.03385196357534738,0.2867256637168142,0.0016756004639391937
S0,1,2,0.0383849292735672,0.26548672566371684,0.0016756004639391937
S0,1,3,0.04738242248502166,0.4176991150442478,0.0016756004639391937
S0,2,0,0.03541608248497853,0.32035398230088497,0.0021525216346441533
S0,2,1,0.033773532202798356,0.2849557522123894,0.0021525216346441533
S0,2,2,0.03825996832386398,0.2619469026548673,0.0021525216346441533
S0,2,3,0.04996224115261258,0.4247787610619469,0.0021525216346441533
S0,3,0,0.035036940350872944,0.3132743362831858,0.0027651874580641536
S0,3,1,0.033773850006018395,0.2867256637168142,0.0027651874580641536
S0,3,2,0.03754399385050345,0.256637168141593,0.0027651874580641536
S0,3,3,0.050076396403754136,0.4265486725663717,0.0027651874580641536
S0,4,0,0.035426225523376556,0.31858407079646023,0.0035522345305018716
S0,4,1,0.03621393609415388,0.32743362831858414,0.0035522345305018716
S0,4,2,0.03757244946066055,0.256637168141593,0.0035522345305018716
S0,4,3,0.05177907325616282,0.43185840707964607,0.0035522345305018716
S0,5,0,0.03510319354882154,0.31327433628318585,0.004563296467619485
S0,5,1,0.0429890324220221,0.3982300884955752,0.004563296467619485
S0,5,2,0.037717587341647485,0.2601769911504425,0.004563296467619485
S0,5,3,0.05257807328642698,0.415929203539823,0.004563296467619485
S0,6,0,0.035120685407232274,0.31150442477876106,0.005862133953313726
S0,6,1,0.04247767638523941,0.4,0.005862133953313726
S0,6,2,0.036361072357961134,0.2530973451327434,0.005862133953313726
S0,6,3,0.06224598930481283,0.4407079646017699,0.005862133953313726
S0,7,0,0.034981447703540045,0.30796460176991153,0.007530655685082075
S0,7,1,0.04042424242424242,0.3769911504424779,0.007530655685082075
S0,7,2,0.0347397827539337,0.256637168141593,0.007530655685082075
S0,7,3,0.06972218339846406,0.47787610619469023,0.007530655685082075
S0,8,0,0.035670822479776584,0.32389380530973455,0.009674083789095556
S0,8,1,0.03969150363715352,0.36460176991150445,0.009674083789095556
S0,8,2,0.033030209387350074,0.24601769911504426,0.009674083789095556
S0,8,3,0.07743486435670159,0.48672566371681414,0.009674083789095556
S0,9,0,0.03669349667807227,0.3433628318584071,0.012427589451982954
S0,9,1,0.04015581098339719,0.37168141592920356,0.012427589451982954
S0,9,2,0.03224366977175966,0.2424778761061947,0.012427589451982954
S0,9,3,0.07050891056509034,0.479646017699115,0.012427589451982954
S0,10,0,0.03823225331873354,0.368141592920354,0.015964817232731167
S0,10,1,0.03881778219585719,0.3663716814159292,0.015964817232731167
S0,10,2,0.031974758587243836,0.24070796460176996,0.015964817232731167
S0,10,3,0.06567129828023593,0.47787610619469034,0.015964817232731167
S0,11,0,0.03918737447834819,0.37522123893805315,0.020508835624099397
S0,11,1,0.03889465131721769,0.37168141592920356,0.020508835624099397
S0,11,2,0.03078496819276362,0.21238938053097345,0.020508835624099397
S0,11,3,0.05780905128731215,0.45840707964601773,0.020508835624099397
S0,12,0,0.03965571201760736,0.368141592920354,0.026346204439721778
S0,12,1,0.039763477958966675,0.384070796460177,0.026346204439721778
S0,12,2,0.030582043442526314,0.20707964601769913,0.026346204439721778
S0,12,3,0.05837653355445642,0.46548672566371685,0.026346204439721778
S0,13,0,0.03952004298495527,0.35752212389380533,0.03384504615971326
S0,13,1,0.041914714225804145,0.41061946902654867,0.03384504615971326
S0,13,2,0.03035968368398426,0.20353982300884957,0.03384504615971326
S0,13,3,0.054783216783216786,0.4460176991150443,0.03384504615971326
S0,14,0,0.039981058462798605,0.368141592920354,0.043478260869565216
S0,14,1,0.04448209146768298,0.44070796460177,0.043478260869565216
S0,14,2,0.03007314616984355,0.19646017699115045,0.043478260869565216
S0,14,3,0.0526996151996152,0.41415929203539825,0.043478260869565216
S0,15,0,0.034027245331390656,0.2920353982300885,0.0013043478260869564
S0,15,1,0.03537338178762358,0.3132743362831859,0.0013043478260869564
S0,15,2,0.03844936226325792,0.26725663716814163,0.0013043478260869564
S0,15,3,0.04811151611441397,0.4300884955752212,0.0013043478260869564
S0,16,0,0.03387902996538944,0.2884955752212389,0.0016756004639391937
S0,16,1,0.03523361938371024,0.3115044247787611,0.0016756004639391937
S0,16,2,0.0383849292735672,0.26548672566371684,0.0016756004639391937
S0,16,3,0.04738242248502166,0.4176991150442478,0.0016756004639391937
S0,17,0,0.03432564147286381,0.2973451327433628,0.0021525216346441533
S0,17,1,0.03553008326420083,0.31681415929203544,0.0021525216346441533
S0,17,2,0.03825996832386398,0.2619469026548673,0.0021525216346441533
S0,17,3,0.04996224115261258,0.4247787610619469,0.0021525216346441533
S0,18,0,0.034793377930554106,0.30442477876106194,0.0027651874580641536
S0,18,1,0.03654728664036776,0.3345132743362832,0.0027651874580641536
S0,18,2,0.03754399385050345,0.256637168141593,0.0027651874580641536
S0,18,3,0.050076396403754136,0.4265486725663717,0.0027651874580641536
S0,19,0,0.03494359522363674,0.30796460176991153,0.0035522345305018716
S0,19,1,0.03848811392258429,0.3592920353982301,0.0035522345305018716
S0,19,2,0.03757244946066055,0.256637168141593,0.0035522345305018716
S0,19,3,0.05177907325616282,0.43185840707964607,0.0035522345305018716
S0,20,0,0.034608618428003404,0.30265486725663715,0.004563296467619485
S0,20,1,0.04332519332519332,0.40530973451327434,0.004563296467619485
S0,20,2,0.037717587341647485,0.2601769911504425,0.004563296467619485
S0,20,3,0.05257807328642698,0.415929203539823,0.004563296467619485
S0,21,0,0.0349476422341891,0.30796460176991153,0.005862133953313726
S0,21,1,0.04247767638523941,0.4,0.005862133953313726
S0,21,2,0.036361072357961134,0.2530973451327434,0.005862133953313726
S0,21,3,0.06224598930481283,0.4407079646017699,0.005862133953313726
S0,22,0,0.034981447703540045,0.30796460176991153,0.007530655685082075
S0,22,1,0.04042424242424242,0.3769911504424779,0.007530655685082075
S0,22,2,0.0347397827539337,0.256637168141593,0.007530655685082075
S0,22,3,0.06972218339846406,0.47787610619469023,0.007530655685082075
S0,23,0,0.035670822479776584,0.32389380530973455,0.009674083789095556
S0,23,1,0.03969150363715352,0.36460176991150445,0.009674083789095556
S0,23,2,0.033030209387350074,0.24601769911504426,0.009674083789095556
S0,23,3,0.07743486435670159,0.48672566371681414,0.009674083789095556
S0,24,0,0.03669349667807227,0.3433628318584071,0.012427589451982954
S0,24,1,0.04015581098339719,0.37168141592920356,0.012427589451982954
S0,24,2,0.03224366977175966,0.2424778761061947,0.012427589451982954
S0,24,3,0.07050891056509034,0.479646017699115,0.012427589451982954
S0,25,0,0.03823225331873354,0.368141592920354,0.015964817232731167
S0,25,1,0.038722845486996435,0.36460176991150445,0.015964817232731167
S0,25,2,0.031974758587243836,0.24070796460176996,0.015964817232731167
S0,25,3,0.06567129828023593,0.47787610619469034,0.015964817232731167
S0,26,0,0.03918737447834819,0.37522123893805315,0.020508835624099397
S0,26,1,0.03889465131721769,0.37168141592920356,0.020508835624099397
S0,26,2,0.03078496819276362,0.21238938053097345,0.020508835624099397
S0,26,3,0.05780905128731215,0.45840707964601773,0.020508835624099397
S0,27,0,0.03965571201760736,0.368141592920354,0.026346204439721778
S0,27,1,0.039763477958966675,0.384070796460177,0.026346204439721778
S0,27,2,0.030582043442526314,0.20707964601769913,0.026346204439721778
S0,27,3,0.05837653355445642,0.46548672566371685,0.026346204439721778
S0,28,0,0.03952004298495527,0.35752212389380533,0.03384504615971326
S0,28,1,0.041914714225804145,0.41061946902654867,0.03384504615971326
S0,28,2,0.03035968368398426,0.20353982300884957,0.03384504615971326
S0,28,3,0.054783216783216786,0.4460176991150443,0.03384504615971326
S0,29,0,0.039981058462798605,0.368141592920354,0.043478260869565216
S0,29,1,0.04448209146768298,0.44070796460177,0.043478260869565216
S0,29,2,0.03007314616984355,0.19646017699115045,0.043478260869565216
S0,29,3,0.0526996151996152,0.41415929203539825,0.043478260869565216
S0,30,0,0.03308260661704726,0.26725663716814163,0.0013043478260869564
S0,30,1,0.04967268098856599,0.4761061946902655,0.0013043478260869564
S0,30,2,0.03535571081461747,0.2530973451327434,0.0013043478260869564
S0,30,3,0.0461368442485856,0.3469026548672566,0.0013043478260869564
S0,31,0,0.03268084064650318,0.256637168141593,0.0016756004639391937
S0,31,1,0.049575000890885894,0.4743362831858407,0.0016756004639391937
S0,31,2,0.03527151804115716,0.2513274336283186,0.0016756004639391937
S0,31,3,0.04765199576373712,0.3486725663716814,0.0016756004639391937
S0,32,0,0.032711197886162745,0.256637168141593,0.0021525216346441533
S0,32,1,0.048419996669996676,0.4654867256637168,0.0021525216346441533
S0,32,2,0.035145255414894536,0.24601769911504426,0.0021525216346441533
S0,32,3,0.0484775422094741,0.368141592920354,0.0021525216346441533
S0,33,0,0.03319288512249303,0.26725663716814163,0.0027651874580641536
S0,33,1,0.04672031733143049,0.45309734513274336,0.0027651874580641536
S0,33,2,0.035648050963701064,0.24955752212389376,0.0027651874580641536
S0,33,3,0.05405902624838337,0.40353982300884955,0.0027651874580641536
S0,34,0,0.03362340312827935,0.2778761061946903,0.0035522345305018716
S0,34,1,0.04454537159576353,0.4300884955752213,0.0035522345305018716
S0,34,2,0.035623819631692734,0.2513274336283186,0.0035522345305018716
S0,34,3,0.06094804780149607,0.4176991150442478,0.0035522345305018716
S0,35,0,0.0337235070070891,0.28141592920353986,0.004563296467619485
S0,35,1,0.042732202982901465,0.40884955752212393,0.004563296467619485
S0,35,2,0.034275120192565775,0.2407079646017699,0.004563296467619485
S0,35,3,0.06252799942516955,0.4442477876106195,0.004563296467619485
S0,36,0,0.034136173946524045,0.2938053097345133,0.005862133953313726
S0,36,1,0.04098174262403464,0.3893805309734513,0.005862133953313726
S0,36,2,0.034102411260179225,0.24424778761061947,0.005862133953313726
S0,36,3,0.06412769658986733,0.46902654867256643,0.005862133953313726
S0,37,0,0.034798064266281965,0.30796460176991153,0.007530655685082075
S0,37,1,0.04027123508835976,0.37522123893805315,0.007530655685082075
S0,37,2,0.034015618620195094,0.25486725663716814,0.007530655685082075
S0,37,3,0.06977052757540562,0.4778761061946903,0.007530655685082075
S0,38,0,0.035387701445225676,0.32035398230088497,0.009674083789095556
S0,38,1,0.04005561184284588,0.368141592920354,0.009674083789095556
S0,38,2,0.03308014696537754,0.24778761061946902,0.009674083789095556
S0,38,3,0.07743486435670159,0.48672566371681414,0.009674083789095556
S0,39,0,0.03661740558292283,0.34159292035398237,0.012427589451982954
S0,39,1,0.04015581098339719,0.37168141592920356,0.012427589451982954
S0,39,2,0.03224366977175966,0.2424778761061947,0.012427589451982954
S0,39,3,0.07050891056509034,0.479646017699115,0.012427589451982954
S0,40,0,0.03823225331873354,0.368141592920354,0.015964817232731167
S0,40,1,0.038722845486996435,0.36460176991150445,0.015964817232731167
S0,40,2,0.031974758587243836,0.24070796460176996,0.015964817232731167
S0,40,3,0.06567129828023593,0.47787610619469034,0.015964817232731167
S0,41,0,0.03918737447834819,0.37522123893805315,0.020508835624099397
S0,41,1,0.03889465131721769,0.37168141592920356,0.020508835624099397
S0,41,2,0.03078496819276362,0.21238938053097345,0.020508835624099397
S0,41,3,0.05780905128731215,0.45840707964601773,0.020508835624099397
S0,42,0,0.03965571201760736,0.368141592920354,0.026346204439721778
S0,42,1,0.039763477958966675,0.384070796460177,0.026346204439721778
S0,42,2,0.030582043442526314,0.20707964601769913,0.026346204439721778
S0,42,3,0.05837653355445642,0.46548672566371685,0.026346204439721778
S0,43,0,0.03952004298495527,0.35752212389380533,0.03384504615971326
S0,43,1,0.041914714225804145,0.41061946902654867,0.03384504615971326
S0,43,2,0.03035968368398426,0.20353982300884957,0.03384504615971326
S0,43,3,0.054783216783216786,0.4460176991150443,0.03384504615971326
S0,44,0,0.039981058462798605,0.368141592920354,0.043478260869565216
S0,44,1,0.04448209146768298,0.44070796460177,0.043478260869565216
S0,44,2,0.03007314616984355,0.19646017699115045,0.043478260869565216
S0,44,3,0.0526996151996152,0.41415929203539825,0.043478260869565216
S0,45,0,0.032734337066256475,0.2584070796460177,0.0013043478260869564
S0,45,1,0.046826128208639885,0.45840707964601773,0.0013043478260869564
S0,45,2,0.03450585080866928,0.24424778761061944,0.0013043478260869564
S0,45,3,0.060430409420487385,0.46371681415929206,0.0013043478260869564
S0,46,0,0.03282467130293217,0.2601769911504425,0.0016756004639391937
S0,46,1,0.04643056321321909,0.45486725663716815,0.0016756004639391937
S0,46,2,0.033345292310077344,0.23539823008849559,0.0016756004639391937
S0,46,3,0.06385100842932169,0.46371681415929206,0.0016756004639391937
S0,47,0,0.03293391588486525,0.2619469026548673,0.0021525216346441533
S0,47,1,0.04547863247863248,0.4460176991150443,0.0021525216346441533
S0,47,2,0.03356041634268145,0.23716814159292035,0.0021525216346441533
S0,47,3,0.0638876827407744,0.46371681415929206,0.0021525216346441533
S0,48,0,0.03297807883173737,0.2619469026548673,0.0027651874580641536
S0,48,1,0.04448501824972413,0.43539823008849554,0.0027651874580641536
S0,48,2,0.03315729044759704,0.23362831858407085,0.0027651874580641536
S0,48,3,0.06364317650439866,0.4601769911504425,0.0027651874580641536
S0,49,0,0.03340746706115389,0.27256637168141595,0.0035522345305018716
S0,49,1,0.042859230128493984,0.42123893805309737,0.0035522345305018716
S0,49,2,0.0334818516402714,0.23893805309734512,0.0035522345305018716
S0,49,3,0.06358753064635417,0.46017699115044247,0.0035522345305018716
S0,50,0,0.034172547618942305,0.29026548672566377,0.004563296467619485
S0,50,1,0.0412922548613394,0.39999999999999997,0.004563296467619485
S0,50,2,0.033294952162146244,0.23893805309734512,0.004563296467619485
S0,50,3,0.06384511699416609,0.46194690265486726,0.004563296467619485
S0,51,0,0.0344899629798777,0.3008849557522124,0.005862133953313726
S0,51,1,0.04065136747931652,0.3893805309734513,0.005862133953313726
S0,51,2,0.03329738493312358,0.2442477876106195,0.005862133953313726
S0,51,3,0.06989449237321393,0.4796460176991151,0.005862133953313726
S0,52,0,0.03478188694844518,0.30796460176991153,0.007530655685082075
S0,52,1,0.04048355117436314,0.3823008849557522,0.007530655685082075
S0,52,2,0.033348089335442845,0.24601769911504423,0.007530655685082075
S0,52,3,0.07720427430231352,0.4867256637168142,0.007530655685082075
S0,53,0,0.03566588114904211,0.3256637168141593,0.009674083789095556
S0,53,1,0.04083550205572579,0.38053097345132747,0.009674083789095556
S0,53,2,0.03291248291092795,0.24601769911504423,0.009674083789095556
S0,53,3,0.07744247578549493,0.48672566371681414,0.009674083789095556
S0,54,0,0.03661665889431709,0.3415929203539823,0.012427589451982954
S0,54,1,0.03986596347940886,0.3734513274336283,0.012427589451982954
S0,54,2,0.03231289787837094,0.2442477876106195,0.012427589451982954
S0,54,3,0.07022468832368403,0.4778761061946903,0.012427589451982954
S0,55,0,0.03876436437716039,0.37522123893805315,0.015964817232731167
S0,55,1,0.03922584631758347,0.37168141592920356,0.015964817232731167
S0,55,2,0.031764330717241496,0.23539823008849559,0.015964817232731167
S0,55,3,0.06567129828023593,0.47787610619469034,0.015964817232731167
S0,56,0,0.03909000349490126,0.3734513274336283,0.020508835624099397
S0,56,1,0.03889465131721769,0.37168141592920356,0.020508835624099397
S0,56,2,0.03078496819276362,0.21238938053097345,0.020508835624099397
S0,56,3,0.05780905128731215,0.45840707964601773,0.020508835624099397
S0,57,0,0.03965571201760736,0.368141592920354,0.026346204439721778
S0,57,1,0.039763477958966675,0.384070796460177,0.026346204439721778
S0,57,2,0.030582043442526314,0.20707964601769913,0.026346204439721778
S0,57,3,0.05837653355445642,0.46548672566371685,0.026346204439721778
S0,58,0,0.03952004298495527,0.35752212389380533,0.03384504615971326
S0,58,1,0.041914714225804145,0.41061946902654867,0.03384504615971326
S0,58,2,0.03035968368398426,0.20353982300884957,0.03384504615971326
S0,58,3,0.054783216783216786,0.4460176991150443,0.03384504615971326
S0,59,0,0.039981058462798605,0.368141592920354,0.043478260869565216
S0,59,1,0.04448209146768298,0.44070796460177,0.043478260869565216
S0,59,2,0.03007314616984355,0.19646017699115045,0.043478260869565216
S0,59,3,0.0526996151996152,0.41415929203539825,0.043478260869565216
S0,60,0,0.033536378950123694,0.28141592920353986,0.0013043478260869564
S0,60,1,0.044340614358967856,0.4371681415929204,0.0013043478260869564
S0,60,2,0.03342109709366347,0.23185840707964603,0.0013043478260869564
S0,60,3,0.06291701784700554,0.4938053097345133,0.0013043478260869564
S0,61,0,0.03359237312004191,0.2814159292035398,0.0016756004639391937
S0,61,1,0.04368853584387565,0.4300884955752212,0.0016756004639391937
S0,61,2,0.03325787514608624,0.2283185840707965,0.0016756004639391937
S0,61,3,0.06637107552641533,0.4938053097345133,0.0016756004639391937
S0,62,0,0.03343518299329867,0.2778761061946903,0.0021525216346441533
S0,62,1,0.04288815104349085,0.4230088495575221,0.0021525216346441533
S0,62,2,0.03287404600026591,0.22300884955752215,0.0021525216346441533
S0,62,3,0.06632798588856706,0.4920353982300885,0.0021525216346441533
S0,63,0,0.03361490730889384,0.28141592920353986,0.0027651874580641536
S0,63,1,0.04252370067904049,0.4194690265486726,0.0027651874580641536
S0,63,2,0.03284474031562103,0.22300884955752215,0.0027651874580641536
S0,63,3,0.06632798588856706,0.4920353982300885,0.0027651874580641536
S0,64,0,0.03418550528506546,0.2920353982300885,0.0035522345305018716
S0,64,1,0.042321680477020285,0.41769911504424784,0.0035522345305018716
S0,64,2,0.03304289650117217,0.23008849557522126,0.0035522345305018716
S0,64,3,0.06597986399821751,0.488495575221239,0.0035522345305018716
S0,65,0,0.034353698681645076,0.2955752212389381,0.004563296467619485
S0,65,1,0.041375531162241574,0.40176991150442487,0.004563296467619485
S0,65,2,0.03332685218871034,0.23893805309734517,0.004563296467619485
S0,65,3,0.07031049102256533,0.4849557522123894,0.004563296467619485
S0,66,0,0.03463832463832464,0.304424778761062,0.005862133953313726
S0,66,1,0.04083732253655238,0.3929203539823009,0.005862133953313726
S0,66,2,0.033155290045035965,0.23893805309734517,0.005862133953313726
S0,66,3,0.07028412738683562,0.4831858407079646,0.005862133953313726
S0,67,0,0.03489850038909513,0.3097345132743363,0.007530655685082075
S0,67,1,0.0405694618272841,0.38407079646017694,0.007530655685082075
S0,67,2,0.03300168655215949,0.2407079646017699,0.007530655685082075
S0,67,3,0.07049047645069431,0.4814159292035398,0.007530655685082075
S0,68,0,0.0355772286667726,0.32389380530973455,0.009674083789095556
S0,68,1,0.04107246875358331,0.38761061946902653,0.009674083789095556
S0,68,2,0.03242436887442681,0.23893805309734512,0.009674083789095556
S0,68,3,0.07750094565628546,0.48672566371681414,0.009674083789095556
S0,69,0,0.03682466863362274,0.3451327433628319,0.012427589451982954
S0,69,1,0.03928586215258678,0.37168141592920356,0.012427589451982954
S0,69,2,0.031898760290195394,0.23716814159292038,0.012427589451982954
S0,69,3,0.07046091307066918,0.4814159292035398,0.012427589451982954
S0,70,0,0.03864961968410244,0.37345132743362836,0.015964817232731167
S0,70,1,0.039168541138984485,0.37168141592920356,0.015964817232731167
S0,70,2,0.03149638470684446,0.2283185840707965,0.015964817232731167
S0,70,3,0.06532901110365899,0.47433628318584076,0.015964817232731167
S0,71,0,0.03953494231581338,0.38053097345132747,0.020508835624099397
S0,71,1,0.03897710854253206,0.3734513274336283,0.020508835624099397
S0,71,2,0.03071028559380918,0.21061946902654868,0.020508835624099397
S0,71,3,0.05780905128731215,0.45840707964601773,0.020508835624099397
S0,72,0,0.03965571201760736,0.368141592920354,0.026346204439721778
S0,72,1,0.039763477958966675,0.384070796460177,0.026346204439721778
S0,72,2,0.030582043442526314,0.20707964601769913,0.026346204439721778
S0,72,3,0.05837653355445642,0.46548672566371685,0.026346204439721778
S0,73,0,0.03952004298495527,0.35752212389380533,0.03384504615971326
S0,73,1,0.041914714225804145,0.41061946902654867,0.03384504615971326
S0,73,2,0.03035968368398426,0.20353982300884957,0.03384504615971326
S0,73,3,0.054783216783216786,0.4460176991150443,0.03384504615971326
S0,74,0,0.039981058462798605,0.368141592920354,0.043478260869565216
S0,74,1,0.04448209146768298,0.44070796460177,0.043478260869565216
S0,74,2,0.03007314616984355,0.19646017699115045,0.043478260869565216
S0,74,3,0.0526996151996152,0.41415929203539825,0.043478260869565216
S0,75,0,0.034103197729865406,0.2938053097345133,0.0013043478260869564
S0,75,1,0.04314951353751707,0.42123893805309737,0.0013043478260869564
S0,75,2,0.0328659158071927,0.22123893805309738,0.0013043478260869564
S0,75,3,0.06482179982179982,0.5079646017699115,0.0013043478260869564
S0,76,0,0.034294435591428606,0.2991150442477876,0.0016756004639391937
S0,76,1,0.04314951353751707,0.42123893805309737,0.0016756004639391937
S0,76,2,0.033025002323636025,0.22123893805309738,0.0016756004639391937
S0,76,3,0.06817355315564057,0.5061946902654868,0.0016756004639391937
S0,77,0,0.034459597124514664,0.3026548672566372,0.0021525216346441533
S0,77,1,0.04348284687085041,0.42300884955752216,0.0021525216346441533
S0,77,2,0.032915274612923096,0.22477876106194694,0.0021525216346441533
S0,77,3,0.06825336825336825,0.5079646017699115,0.0021525216346441533
S0,78,0,0.03491545969994246,0.3115044247787611,0.0027651874580641536
S0,78,1,0.04268472781323642,0.41592920353982304,0.0027651874580641536
S0,78,2,0.03265693394529473,0.22300884955752218,0.0027651874580641536
S0,78,3,0.06803418803418804,0.5026548672566371,0.0027651874580641536
S0,79,0,0.03522904940314946,0.3168141592920354,0.0035522345305018716
S0,79,1,0.04252892185568352,0.4088495575221239,0.0035522345305018716
S0,79,2,0.032656198798489515,0.22831858407079647,0.0035522345305018716
S0,79,3,0.07250826828291618,0.5026548672566372,0.0035522345305018716
S0,80,0,0.035921838483089254,0.3256637168141593,0.004563296467619485
S0,80,1,0.042620434095445595,0.41061946902654867,0.004563296467619485
S0,80,2,0.03324003721312706,0.2353982300884956,0.004563296467619485
S0,80,3,0.07266861753163123,0.5026548672566371,0.004563296467619485
S0,81,0,0.03626157457884123,0.33097345132743367,0.005862133953313726
S0,81,1,0.04223154398159792,0.40353982300884955,0.005862133953313726
S0,81,2,0.033274491926962926,0.23893805309734512,0.005862133953313726
S0,81,3,0.07253541739843108,0.5008849557522124,0.005862133953313726
S0,82,0,0.0358486120404035,0.3274336283185841,0.007530655685082075
S0,82,1,0.0423228405883355,0.40353982300884955,0.007530655685082075
S0,82,2,0.033019795583668285,0.23716814159292035,0.007530655685082075
S0,82,3,0.07138345864661655,0.4920353982300885,0.007530655685082075
S0,83,0,0.036316921753027226,0.336283185840708,0.009674083789095556
S0,83,1,0.04162132967073759,0.3982300884955752,0.009674083789095556
S0,83,2,0.03236097772070732,0.23716814159292038,0.009674083789095556
S0,83,3,0.0712330651804336,0.4902654867256637,0.009674083789095556
S0,84,0,0.037062551476322717,0.3486725663716814,0.012427589451982954
S0,84,1,0.03972890416189385,0.3769911504424779,0.012427589451982954
S0,84,2,0.031760898003762555,0.2336283185840708,0.012427589451982954
S0,84,3,0.06541232279963599,0.47433628318584076,0.012427589451982954
S0,85,0,0.03864961968410244,0.37345132743362836,0.015964817232731167
S0,85,1,0.03912271355570325,0.3734513274336283,0.015964817232731167
S0,85,2,0.03127993449039424,0.22477876106194694,0.015964817232731167
S0,85,3,0.06130824716563019,0.4672566371681416,0.015964817232731167
S0,86,0,0.03965593445132457,0.3823008849557522,0.020508835624099397
S0,86,1,0.03910133214501653,0.3752212389380531,0.020508835624099397
S0,86,2,0.030523903348603408,0.2053097345132744,0.020508835624099397
S0,86,3,0.057923795980370105,0.4601769911504425,0.020508835624099397
S0,87,0,0.03965571201760736,0.368141592920354,0.026346204439721778
S0,87,1,0.039847635333256595,0.3858407079646018,0.026346204439721778
S0,87,2,0.030582043442526314,0.20707964601769913,0.026346204439721778
S0,87,3,0.05837653355445642,0.46548672566371685,0.026346204439721778
S0,88,0,0.03952004298495527,0.35752212389380533,0.03384504615971326
S0,88,1,0.041914714225804145,0.41061946902654867,0.03384504615971326
S0,88,2,0.03035968368398426,0.20353982300884957,0.03384504615971326
S0,88,3,0.054783216783216786,0.4460176991150443,0.03384504615971326
S0,89,0,0.039981058462798605,0.368141592920354,0.043478260869565216
S0,89,1,0.04448209146768298,0.44070796460177,0.043478260869565216
S0,89,2,0.03007314616984355,0.19646017699115045,0.043478260869565216
S0,89,3,0.0526996151996152,0.41415929203539825,0.043478260869565216
S0,90,0,0.034904467988640185,0.31150442477876106,0.0013043478260869564
S0,90,1,0.043223728637473376,0.41946902654867263,0.0013043478260869564
S0,90,2,0.03282610363710001,0.23008849557522126,0.0013043478260869564
S0,90,3,0.07262825139268553,0.5274336283185841,0.0013043478260869564
S0,91,0,0.03507231773723528,0.31504424778761064,0.0016756004639391937
S0,91,1,0.04270538142809934,0.41592920353982304,0.0016756004639391937
S0,91,2,0.03282610363710001,0.23008849557522126,0.0016756004639391937
S0,91,3,0.07748000341424888,0.5309734513274336,0.0016756004639391937
S0,92,0,0.03552521628795992,0.32389380530973455,0.0021525216346441533
S0,92,1,0.04243656422379827,0.41061946902654867,0.0021525216346441533
S0,92,2,0.032937060641260896,0.2336283185840708,0.0021525216346441533
S0,92,3,0.0784066282480994,0.536283185840708,0.0021525216346441533
S0,93,0,0.03609548906426201,0.3327433628318584,0.0027651874580641536
S0,93,1,0.042857616855377215,0.41415929203539825,0.0027651874580641536
S0,93,2,0.03300566116408092,0.23539823008849559,0.0027651874580641536
S0,93,3,0.07822514004483261,0.5345132743362833,0.0027651874580641536
S0,94,0,0.03590795976280865,0.3292035398230089,0.0035522345305018716
S0,94,1,0.042718918280800204,0.41061946902654867,0.0035522345305018716
S0,94,2,0.033051992057117174,0.23716814159292032,0.0035522345305018716
S0,94,3,0.0778803124586257,0.5309734513274336,0.0035522345305018716
S0,95,0,0.03622482800658632,0.3345132743362832,0.004563296467619485
S0,95,1,0.042718918280800204,0.41061946902654867,0.004563296467619485
S0,95,2,0.03317215788989983,0.2407079646017699,0.004563296467619485
S0,95,3,0.07698793124366385,0.5256637168141592,0.004563296467619485
S0,96,0,0.036783651663634065,0.3398230088495575,0.005862133953313726
S0,96,1,0.04299165145508653,0.41415929203539825,0.005862133953313726
S0,96,2,0.03302212498374022,0.2407079646017699,0.005862133953313726
S0,96,3,0.0760204621839842,0.5185840707964602,0.005862133953313726
S0,97,0,0.03770589879168114,0.35752212389380533,0.007530655685082075
S0,97,1,0.04383881287895568,0.4194690265486726,0.007530655685082075
S0,97,2,0.03298367538712316,0.2442477876106195,0.007530655685082075
S0,97,3,0.07424271678772548,0.5079646017699115,0.007530655685082075
S0,98,0,0.03772038255619947,0.35752212389380533,0.009674083789095556
S0,98,1,0.04317274936114199,0.415929203539823,0.009674083789095556
S0,98,2,0.03268837770256325,0.24601769911504429,0.009674083789095556
S0,98,3,0.07203171661002986,0.4938053097345133,0.009674083789095556
S0,99,0,0.03738785380357351,0.35221238938053095,0.012427589451982954
S0,99,1,0.042051417237829826,0.40353982300884955,0.012427589451982954
S0,99,2,0.03183012611037385,0.23539823008849559,0.012427589451982954
S0,99,3,0.06609482172988845,0.48318584070796466,0.012427589451982954
S0,100,0,0.038817143543863605,0.37522123893805315,0.015964817232731167
S0,100,1,0.040376335239348936,0.38761061946902653,0.015964817232731167
S0,100,2,0.03135236676621635,0.22654867256637173,0.015964817232731167
S0,100,3,0.06222533960853091,0.4778761061946903,0.015964817232731167
S0,101,0,0.03909000349490126,0.3734513274336283,0.020508835624099397
S0,101,1,0.03903981544347425,0.3752212389380531,0.020508835624099397
S0,101,2,0.03038149124357448,0.2017699115044248,0.020508835624099397
S0,101,3,0.055593465650039774,0.45663716814159294,0.020508835624099397
S0,102,0,0.03965571201760736,0.368141592920354,0.026346204439721778
S0,102,1,0.039933545986177564,0.38761061946902653,0.026346204439721778
S0,102,2,0.030582043442526314,0.20707964601769913,0.026346204439721778
S0,102,3,0.05837653355445642,0.46548672566371685,0.026346204439721778
S0,103,0,0.03952004298495527,0.35752212389380533,0.03384504615971326
S0,103,1,0.041914714225804145,0.41061946902654867,0.03384504615971326
S0,103,2,0.03035968368398426,0.20353982300884957,0.03384504615971326
S0,103,3,0.054783216783216786,0.4460176991150443,0.03384504615971326
S0,104,0,0.039981058462798605,0.368141592920354,0.043478260869565216
S0,104,1,0.04448209146768298,0.44070796460177,0.043478260869565216
S0,104,2,0.03007314616984355,0.19646017699115045,0.043478260869565216
S0,104,3,0.0526996151996152,0.41415929203539825,0.043478260869565216
S0,105,0,0.03511410857846511,0.31504424778761064,0.0013043478260869564
S0,105,1,0.043288563288563287,0.42300884955752216,0.0013043478260869564
S0,105,2,0.03294070736200114,0.23539823008849559,0.0013043478260869564
S0,105,3,0.08019035863331403,0.5415929203539823,0.0013043478260869564
S0,106,0,0.035219872724419635,0.3168141592920354,0.0016756004639391937
S0,106,1,0.043288563288563287,0.42300884955752216,0.0016756004639391937
S0,106,2,0.03323600618240427,0.23893805309734514,0.0016756004639391937
S0,106,3,0.079980715027444,0.5398230088495576,0.0016756004639391937
S0,107,0,0.035503410253442017,0.32212389380530976,0.0021525216346441533
S0,107,1,0.04303697830247321,0.42123893805309737,0.0021525216346441533
S0,107,2,0.03330717813476434,0.2407079646017699,0.0021525216346441533
S0,107,3,0.07942879305383527,0.5398230088495576,0.0021525216346441533
S0,108,0,0.03604083162500382,0.3309734513274336,0.0027651874580641536
S0,108,1,0.042916253956396755,0.4194690265486726,0.0027651874580641536
S0,108,2,0.033321242745102245,0.2407079646017699,0.0027651874580641536
S0,108,3,0.07942879305383527,0.5398230088495576,0.0027651874580641536
S0,109,0,0.03639041590315953,0.33628318584070804,0.0035522345305018716
S0,109,1,0.043201961467456376,0.4194690265486726,0.0035522345305018716
S0,109,2,0.03351458323919462,0.24601769911504423,0.0035522345305018716
S0,109,3,0.07902549302549303,0.5345132743362833,0.0035522345305018716
S0,110,0,0.03635164265718879,0.3345132743362832,0.004563296467619485
S0,110,1,0.04292736192512228,0.4141592920353982,0.004563296467619485
S0,110,2,0.03326451862424823,0.24424778761061947,0.004563296467619485
S0,110,3,0.0790053908355795,0.536283185840708,0.004563296467619485
S0,111,0,0.036878146484057815,0.3433628318584071,0.005862133953313726
S0,111,1,0.043413904368186464,0.4176991150442478,0.005862133953313726
S0,111,2,0.03325541451755794,0.24778761061946902,0.005862133953313726
S0,111,3,0.07813529278517403,0.5327433628318585,0.005862133953313726
S0,112,0,0.03709938630725427,0.3486725663716814,0.007530655685082075
S0,112,1,0.04449619469566278,0.4283185840707965,0.007530655685082075
S0,112,2,0.032827793529795465,0.24601769911504426,0.007530655685082075
S0,112,3,0.07672050156746493,0.5203539823008849,0.007530655685082075
S0,113,0,0.03767771181564285,0.35929203539823007,0.009674083789095556
S0,113,1,0.0446450042194723,0.4300884955752212,0.009674083789095556
S0,113,2,0.032671020199110085,0.24778761061946902,0.009674083789095556
S0,113,3,0.07676662959681826,0.5150442477876106,0.009674083789095556
S0,114,0,0.03758271891131931,0.35752212389380533,0.012427589451982954
S0,114,1,0.043109312260139504,0.41238938053097346,0.012427589451982954
S0,114,2,0.03211143267690575,0.2407079646017699,0.012427589451982954
S0,114,3,0.06788170510280044,0.49203539823008857,0.012427589451982954
S0,115,0,0.0389002780956804,0.3769911504424779,0.015964817232731167
S0,115,1,0.04198654985811498,0.4070796460176991,0.015964817232731167
S0,115,2,0.031237002131528167,0.22300884955752215,0.015964817232731167
S0,115,3,0.06339189932098124,0.48672566371681414,0.015964817232731167
S0,116,0,0.03928727457824829,0.3769911504424779,0.020508835624099397
S0,116,1,0.04010251463370199,0.38761061946902653,0.020508835624099397
S0,116,2,0.030523903348603408,0.2053097345132744,0.020508835624099397
S0,116,3,0.055780065780065786,0.45840707964601773,0.020508835624099397
S0,117,0,0.03965571201760736,0.368141592920354,0.026346204439721778
S0,117,1,0.039933545986177564,0.38761061946902653,0.026346204439721778
S0,117,2,0.030582043442526314,0.20707964601769913,0.026346204439721778
S0,117,3,0.056154311332234204,0.46371681415929206,0.026346204439721778
S0,118,0,0.03952004298495527,0.35752212389380533,0.03384504615971326
S0,118,1,0.041914714225804145,0.41061946902654867,0.03384504615971326
S0,118,2,0.03035968368398426,0.20353982300884957,0.03384504615971326
S0,118,3,0.054783216783216786,0.4460176991150443,0.03384504615971326
S0,119,0,0.039981058462798605,0.368141592920354,0.043478260869565216
S0,119,1,0.04448209146768298,0.44070796460177,0.043478260869565216
S0,119,2,0.03007314616984355,0.19646017699115045,0.043478260869565216
S0,119,3,0.0526996151996152,0.41415929203539825,0.043478260869565216
S0,120,0,0.03480099411642256,0.30796460176991153,0.0013043478260869564
S0,120,1,0.04516547864373951,0.4389380530973451,0.0013043478260869564
S0,120,2,0.03336504622063411,0.24955752212389382,0.0013043478260869564
S0,120,3,0.07397492012344012,0.5327433628318584,0.0013043478260869564
S0,121,0,0.03502327808419139,0.3115044247787611,0.0016756004639391937
S0,121,1,0.04478722805272296,0.4353982300884956,0.0016756004639391937
S0,121,2,0.03336504622063411,0.24955752212389382,0.0016756004639391937
S0,121,3,0.07873682488534488,0.5345132743362832,0.0016756004639391937
S0,122,0,0.035261160926891355,0.31504424778761064,0.0021525216346441533
S0,122,1,0.044931458821953735,0.4371681415929204,0.0021525216346441533
S0,122,2,0.03271136167408386,0.2424778761061947,0.0021525216346441533
S0,122,3,0.07935220950072949,0.536283185840708,0.0021525216346441533
S0,123,0,0.0355163443399695,0.31858407079646023,0.0027651874580641536
S0,123,1,0.044462354036822124,0.4300884955752212,0.0027651874580641536
S0,123,2,0.032412924644824745,0.23716814159292038,0.0027651874580641536
S0,123,3,0.07935220950072949,0.536283185840708,0.0027651874580641536
S0,124,0,0.03529831670201827,0.31504424778761064,0.0035522345305018716
S0,124,1,0.04375410694497499,0.4247787610619469,0.0035522345305018716
S0,124,2,0.032244857417933995,0.23539823008849559,0.0035522345305018716
S0,124,3,0.07946695419378744,0.5380530973451327,0.0035522345305018716
S0,125,0,0.035640191285010385,0.32212389380530976,0.004563296467619485
S0,125,1,0.04380020648899367,0.4247787610619469,0.004563296467619485
S0,125,2,0.03227269354922847,0.23539823008849559,0.004563296467619485
S0,125,3,0.07873682488534488,0.5345132743362832,0.004563296467619485
S0,126,0,0.036118758168447604,0.33274336283185846,0.005862133953313726
S0,126,1,0.04434434377733346,0.42123893805309737,0.005862133953313726
S0,126,2,0.03285289004849912,0.24778761061946902,0.005862133953313726
S0,126,3,0.07756055531284889,0.5274336283185841,0.005862133953313726
S0,127,0,0.03722550419682469,0.3504424778761062,0.007530655685082075
S0,127,1,0.04571306258662952,0.4283185840707964,0.007530655685082075
S0,127,2,0.03270411335019218,0.24601769911504423,0.007530655685082075
S0,127,3,0.076624785656149,0.5168141592920354,0.007530655685082075
S0,128,0,0.03749635103083379,0.3557522123893806,0.009674083789095556
S0,128,1,0.04620513475721454,0.4336283185840708,0.009674083789095556
S0,128,2,0.0326669882324613,0.24778761061946902,0.009674083789095556
S0,128,3,0.07537446008581228,0.5097345132743364,0.009674083789095556
S0,129,0,0.038081604097727,0.3663716814159292,0.012427589451982954
S0,129,1,0.04504753841625237,0.4300884955752212,0.012427589451982954
S0,129,2,0.032062741530653624,0.2407079646017699,0.012427589451982954
S0,129,3,0.06800809212573918,0.4920353982300885,0.012427589451982954
S0,130,0,0.039081738766115495,0.3787610619469026,0.015964817232731167
S0,130,1,0.043484940068757,0.415929203539823,0.015964817232731167
S0,130,2,0.03134312800186362,0.22300884955752215,0.015964817232731167
S0,130,3,0.06380768441168892,0.4938053097345133,0.015964817232731167
S0,131,0,0.03928727457824829,0.3769911504424779,0.020508835624099397
S0,131,1,0.041437747818462455,0.40176991150442476,0.020508835624099397
S0,131,2,0.03063702552054911,0.20884955752212392,0.020508835624099397
S0,131,3,0.057002530480791354,0.47256637168141596,0.020508835624099397
S0,132,0,0.03965571201760736,0.368141592920354,0.026346204439721778
S0,132,1,0.040485873212873794,0.3929203539823009,0.026346204439721778
S0,132,2,0.030582043442526314,0.20707964601769913,0.026346204439721778
S0,132,3,0.05612637435692881,0.46371681415929206,0.026346204439721778
S0,133,0,0.03959021842355176,0.3592920353982302,0.03384504615971326
S0,133,1,0.041914714225804145,0.41061946902654867,0.03384504615971326
S0,133,2,0.03035968368398426,0.20353982300884957,0.03384504615971326
S0,133,3,0.054783216783216786,0.4460176991150443,0.03384504615971326
S0,134,0,0.039981058462798605,0.368141592920354,0.043478260869565216
S0,134,1,0.04448209146768298,0.44070796460177,0.043478260869565216
S0,134,2,0.03007314616984355,0.19646017699115045,0.043478260869565216
S0,134,3,0.0526996151996152,0.41415929203539825,0.043478260869565216
S0,135,0,0.03489861269616553,0.3079646017699116,0.0013043478260869564
S0,135,1,0.0459254913720116,0.44424778761061945,0.0013043478260869564
S0,135,2,0.03214930808545314,0.23539823008849559,0.0013043478260869564
S0,135,3,0.07014110553782235,0.5309734513274337,0.0013043478260869564
S0,136,0,0.035212258182224815,0.3132743362831859,0.0016756004639391937
S0,136,1,0.04583198973573297,0.4424778761061947,0.0016756004639391937
S0,136,2,0.03216507455079204,0.2353982300884956,0.0016756004639391937
S0,136,3,0.07360561082670616,0.5309734513274337,0.0016756004639391937
S0,137,0,0.035556157671565,0.3185840707964602,0.0021525216346441533
S0,137,1,0.045740477495970905,0.4424778761061947,0.0021525216346441533
S0,137,2,0.032235608848094094,0.23716814159292038,0.0021525216346441533
S0,137,3,0.07360561082670616,0.5309734513274337,0.0021525216346441533
S0,138,0,0.035556157671565,0.3185840707964602,0.0027651874580641536
S0,138,1,0.04621666797216138,0.44424778761061945,0.0027651874580641536
S0,138,2,0.032076767319627664,0.2353982300884956,0.0027651874580641536
S0,138,3,0.0790238512916756,0.536283185840708,0.0027651874580641536
S0,139,0,0.03555725615754933,0.32035398230088497,0.0035522345305018716
S0,139,1,0.045633605321382775,0.43716814159292033,0.0035522345305018716
S0,139,2,0.03202452071565692,0.23362831858407082,0.0035522345305018716
S0,139,3,0.07771909399816376,0.5309734513274337,0.0035522345305018716
S0,140,0,0.03542454376512666,0.31858407079646023,0.004563296467619485
S0,140,1,0.044656385281385276,0.42654867256637163,0.004563296467619485
S0,140,2,0.032178978328420656,0.23716814159292038,0.004563296467619485
S0,140,3,0.07729174357081334,0.5274336283185841,0.004563296467619485
S0,141,0,0.03588055881332661,0.32743362831858414,0.005862133953313726
S0,141,1,0.044656385281385276,0.42654867256637163,0.005862133953313726
S0,141,2,0.03234362389023406,0.23893805309734517,0.005862133953313726
S0,141,3,0.07594253722160699,0.5203539823008849,0.005862133953313726
S0,142,0,0.03631737565107048,0.336283185840708,0.007530655685082075
S0,142,1,0.04620513475721454,0.4336283185840708,0.007530655685082075
S0,142,2,0.031921601526178,0.2353982300884956,0.007530655685082075
S0,142,3,0.07670694824917591,0.5221238938053098,0.007530655685082075
S0,143,0,0.036828709705297724,0.3451327433628319,0.009674083789095556
S0,143,1,0.04630145691155017,0.4336283185840708,0.009674083789095556
S0,143,2,0.03175214046790431,0.23362831858407082,0.009674083789095556
S0,143,3,0.07536166260304192,0.5132743362831859,0.009674083789095556
S0,144,0,0.03786459528826492,0.36283185840707965,0.012427589451982954
S0,144,1,0.04614459925015531,0.43539823008849554,0.012427589451982954
S0,144,2,0.031634666239242715,0.23008849557522124,0.012427589451982954
S0,144,3,0.06783068783068782,0.49380530973451325,0.012427589451982954
S0,145,0,0.03861419192937644,0.37345132743362836,0.015964817232731167
S0,145,1,0.045199297746351404,0.43362831858407075,0.015964817232731167
S0,145,2,0.03124573160621448,0.22123893805309736,0.015964817232731167
S0,145,3,0.06358194958516768,0.49203539823008857,0.015964817232731167
S0,146,0,0.0394950667860405,0.38053097345132747,0.020508835624099397
S0,146,1,0.044189150543657615,0.4265486725663717,0.020508835624099397
S0,146,2,0.030506627425503474,0.20353982300884957,0.020508835624099397
S0,146,3,0.0573977873977874,0.4778761061946903,0.020508835624099397
S0,147,0,0.03956791570505249,0.36637168141592924,0.026346204439721778
S0,147,1,0.041870751106372374,0.40707964601769914,0.026346204439721778
S0,147,2,0.03059972561407772,0.20707964601769913,0.026346204439721778
S0,147,3,0.05676121166540399,0.4725663716814159,0.026346204439721778
S0,148,0,0.039663899531715625,0.3610619469026549,0.03384504615971326
S0,148,1,0.042059852106791085,0.41238938053097346,0.03384504615971326
S0,148,2,0.03035968368398426,0.20353982300884957,0.03384504615971326
S0,148,3,0.052867663981588035,0.4424778761061947,0.03384504615971326
S0,149,0,0.039981058462798605,0.368141592920354,0.043478260869565216
S0,149,1,0.04448209146768298,0.44070796460177,0.043478260869565216
S0,149,2,0.03007314616984355,0.19646017699115045,0.043478260869565216
S0,149,3,0.0525211234548584,0.41061946902654867,0.043478260869565216
S0,150,0,0.03486595181974409,0.30619469026548674,0.0013043478260869564
S0,150,1,0.045992155100380884,0.44601769911504424,0.0013043478260869564
S0,150,2,0.03243420837035342,0.24247787610619467,0.0013043478260869564
S0,150,3,0.0701207173885417,0.5309734513274337,0.0013043478260869564
S0,151,0,0.03503583396546227,0.3097345132743363,0.0016756004639391937
S0,151,1,0.04599996853949616,0.44601769911504424,0.0016756004639391937
S0,151,2,0.03243420837035342,0.24247787610619467,0.0016756004639391937
S0,151,3,0.07358765275202878,0.5309734513274336,0.0016756004639391937
S0,152,0,0.03486972100865164,0.30796460176991153,0.0021525216346441533
S0,152,1,0.04582266357495715,0.44424778761061945,0.0021525216346441533
S0,152,2,0.03250889096930787,0.2442477876106195,0.0021525216346441533
S0,152,3,0.07369214595997026,0.5327433628318584,0.0021525216346441533
S0,153,0,0.034990713144162834,0.3097345132743363,0.0027651874580641536
S0,153,1,0.04594982657094458,0.4407079646017699,0.0027651874580641536
S0,153,2,0.0325619128827949,0.2424778761061947,0.0027651874580641536
S0,153,3,0.07379906924251503,0.5345132743362832,0.0027651874580641536
S0,154,0,0.03515678372093494,0.3132743362831859,0.0035522345305018716
S0,154,1,0.04628938612357919,0.44424778761061945,0.0035522345305018716
S0,154,2,0.0325619128827949,0.2424778761061947,0.0035522345305018716
S0,154,3,0.07720609501144468,0.5292035398230088,0.0035522345305018716
S0,155,0,0.03523886306430019,0.31504424778761064,0.004563296467619485
S0,155,1,0.04559332694671041,0.4336283185840708,0.004563296467619485
S0,155,2,0.03214135399032589,0.23539823008849559,0.004563296467619485
S0,155,3,0.07621448126121022,0.5221238938053098,0.004563296467619485
S0,156,0,0.03538287445424575,0.31858407079646023,0.005862133953313726
S0,156,1,0.04495387116439748,0.4300884955752212,0.005862133953313726
S0,156,2,0.03193970053906327,0.23185840707964606,0.005862133953313726
S0,156,3,0.07471069501916838,0.5097345132743363,0.005862133953313726
S0,157,0,0.035657876297328264,0.32389380530973455,0.007530655685082075
S0,157,1,0.04543006164058796,0.431858407079646,0.007530655685082075
S0,157,2,0.03158765201436289,0.2265486725663717,0.007530655685082075
S0,157,3,0.07378743097670928,0.504424778761062,0.007530655685082075
S0,158,0,0.03623807776962582,0.336283185840708,0.009674083789095556
S0,158,1,0.04611608081222839,0.43716814159292033,0.009674083789095556
S0,158,2,0.03165707500608912,0.23008849557522124,0.009674083789095556
S0,158,3,0.07237683648506227,0.4938053097345133,0.009674083789095556
S0,159,0,0.038084312452128545,0.36637168141592924,0.012427589451982954
S0,159,1,0.046230509903076276,0.43716814159292033,0.012427589451982954
S0,159,2,0.031451803908094836,0.2247787610619469,0.012427589451982954
S0,159,3,0.06435913441531418,0.4938053097345133,0.012427589451982954
S0,160,0,0.03855786832466574,0.37168141592920356,0.015964817232731167
S0,160,1,0.045199297746351404,0.43362831858407075,0.015964817232731167
S0,160,2,0.03113925478487907,0.21592920353982303,0.015964817232731167
S0,160,3,0.0635615848406546,0.49203539823008846,0.015964817232731167
S0,161,0,0.03977741793833748,0.38230088495575226,0.020508835624099397
S0,161,1,0.04519858134217823,0.43716814159292033,0.020508835624099397
S0,161,2,0.030496885711384744,0.20353982300884954,0.020508835624099397
S0,161,3,0.06035386058845157,0.48672566371681414,0.020508835624099397
S0,162,0,0.03966285241391325,0.368141592920354,0.026346204439721778
S0,162,1,0.04279172012518071,0.415929203539823,0.026346204439721778
S0,162,2,0.030468935480591243,0.20353982300884954,0.026346204439721778
S0,162,3,0.056886730227259104,0.47433628318584076,0.026346204439721778
S0,163,0,0.039663899531715625,0.3610619469026549,0.03384504615971326
S0,163,1,0.04236754441448339,0.415929203539823,0.03384504615971326
S0,163,2,0.030284268902687126,0.20176991150442478,0.03384504615971326
S0,163,3,0.05296503496503496,0.44424778761061945,0.03384504615971326
S0,164,0,0.039981058462798605,0.368141592920354,0.043478260869565216
S0,164,1,0.04448209146768298,0.44070796460177,0.043478260869565216
S0,164,2,0.030005956920123505,0.19469026548672566,0.043478260869565216
S0,164,3,0.0525211234548584,0.41061946902654867,0.043478260869565216
S0,165,0,0.03483033569240465,0.30619469026548674,0.0013043478260869564
S0,165,1,0.04674726158145466,0.44955752212389377,0.0013043478260869564
S0,165,2,0.0331120583292977,0.25486725663716814,0.0013043478260869564
S0,165,3,0.07075151829824727,0.5345132743362833,0.0013043478260869564
S0,166,0,0.03483033569240465,0.30619469026548674,0.0016756004639391937
S0,166,1,0.04692259764223782,0.4513274336283186,0.0016756004639391937
S0,166,2,0.03305603592033412,0.2530973451327434,0.0016756004639391937
S0,166,3,0.07035601150618875,0.5327433628318584,0.0016756004639391937
S0,167,0,0.03490870559836077,0.30796460176991153,0.0021525216346441533
S0,167,1,0.04665986692302482,0.44778761061946903,0.0021525216346441533
S0,167,2,0.03283324913119986,0.24955752212389382,0.0021525216346441533
S0,167,3,0.07449724064741789,0.536283185840708,0.0021525216346441533
S0,168,0,0.0348830301830217,0.30796460176991153,0.0027651874580641536
S0,168,1,0.0462127540752514,0.4424778761061947,0.0027651874580641536
S0,168,2,0.0325486250553752,0.2442477876106195,0.0027651874580641536
S0,168,3,0.07417541139650673,0.5327433628318584,0.0027651874580641536
S0,169,0,0.03511120636672088,0.31327433628318585,0.0035522345305018716
S0,169,1,0.04638282210246228,0.44424778761061945,0.0035522345305018716
S0,169,2,0.0324187236270985,0.24070796460176994,0.0035522345305018716
S0,169,3,0.07934606251988935,0.5327433628318584,0.0035522345305018716
S0,170,0,0.035072796934865896,0.31327433628318585,0.004563296467619485
S0,170,1,0.04628971076339498,0.4407079646017699,0.004563296467619485
S0,170,2,0.03230824516352181,0.23716814159292038,0.004563296467619485
S0,170,3,0.07936326023320087,0.5327433628318584,0.004563296467619485
S0,171,0,0.03488513741142345,0.3097345132743363,0.005862133953313726
S0,171,1,0.045461964056726825,0.4353982300884956,0.005862133953313726
S0,171,2,0.031830957158143915,0.23008849557522124,0.005862133953313726
S0,171,3,0.07732246007475366,0.5221238938053098,0.005862133953313726
S0,172,0,0.035694862569985816,0.3256637168141593,0.007530655685082075
S0,172,1,0.045764524581750725,0.4336283185840708,0.007530655685082075
S0,172,2,0.03153196076158654,0.2247787610619469,0.007530655685082075
S0,172,3,0.0736059427734425,0.5026548672566372,0.007530655685082075
S0,173,0,0.037254417657767505,0.352212389380531,0.009674083789095556
S0,173,1,0.0457865612981324,0.43185840707964607,0.009674083789095556
S0,173,2,0.03118114949950871,0.21769911504424777,0.009674083789095556
S0,173,3,0.06688177687544977,0.48672566371681414,0.009674083789095556
S0,174,0,0.03805862012302904,0.36460176991150445,0.012427589451982954
S0,174,1,0.04515135096677448,0.43185840707964596,0.012427589451982954
S0,174,2,0.03125705745688151,0.2176991150442478,0.012427589451982954
S0,174,3,0.06274031128289426,0.4814159292035398,0.012427589451982954
S0,175,0,0.0387107530605503,0.37345132743362836,0.015964817232731167
S0,175,1,0.044680116160673654,0.4300884955752212,0.015964817232731167
S0,175,2,0.030982051508506095,0.21061946902654868,0.015964817232731167
S0,175,3,0.06696907898585368,0.49203539823008846,0.015964817232731167
S0,176,0,0.03966883591431387,0.38053097345132747,0.020508835624099397
S0,176,1,0.04515436299422862,0.4353982300884956,0.020508835624099397
S0,176,2,0.030594331591905333,0.20530973451327436,0.020508835624099397
S0,176,3,0.06289935032906327,0.48672566371681414,0.020508835624099397
S0,177,0,0.03998266421315138,0.3734513274336283,0.026346204439721778
S0,177,1,0.04382102966089528,0.4265486725663717,0.026346204439721778
S0,177,2,0.030291751791630822,0.19823008849557525,0.026346204439721778
S0,177,3,0.05703065311628003,0.4761061946902655,0.026346204439721778
S0,178,0,0.039735971603787695,0.3628318584070797,0.03384504615971326
S0,178,1,0.0434075086084874,0.4247787610619469,0.03384504615971326
S0,178,2,0.030241111926135242,0.19999999999999998,0.03384504615971326
S0,178,3,0.05312830027115741,0.4460176991150443,0.03384504615971326
S0,179,0,0.039981058462798605,0.368141592920354,0.043478260869565216
S0,179,1,0.04448209146768298,0.44070796460177,0.043478260869565216
S0,179,2,0.030005956920123505,0.19469026548672566,0.043478260869565216
S0,179,3,0.050702941636676574,0.40884955752212393,0.043478260869565216
S0,180,0,0.034554181880799464,0.3008849557522124,0.0013043478260869564
S0,180,1,0.04665986692302482,0.44778761061946903,0.0013043478260869564
S0,180,2,0.03225255268074179,0.2424778761061947,0.0013043478260869564
S0,180,3,0.06962027272318147,0.5274336283185841,0.0013043478260869564
S0,181,0,0.034554181880799464,0.3008849557522124,0.0016756004639391937
S0,181,1,0.046489798895813936,0.44601769911504424,0.0016756004639391937
S0,181,2,0.032132540679541674,0.23893805309734514,0.0016756004639391937
S0,181,3,0.06963588263588263,0.5274336283185841,0.0016756004639391937
S0,182,0,0.03469813073261349,0.304424778761062,0.0021525216346441533
S0,182,1,0.046489798895813936,0.44601769911504424,0.0021525216346441533
S0,182,2,0.03205699385360403,0.23893805309734514,0.0021525216346441533
S0,182,3,0.0699296890473361,0.5274336283185841,0.0021525216346441533
S0,183,0,0.034688716271182085,0.304424778761062,0.0027651874580641536
S0,183,1,0.04692662914630878,0.44955752212389377,0.0027651874580641536
S0,183,2,0.03200097144464044,0.23716814159292035,0.0027651874580641536
S0,183,3,0.07873067790450473,0.5309734513274336,0.0027651874580641536
S0,184,0,0.03455042677316478,0.3026548672566372,0.0035522345305018716
S0,184,1,0.04721433414981802,0.45132743362831856,0.0035522345305018716
S0,184,2,0.032210606810126594,0.2407079646017699,0.0035522345305018716
S0,184,3,0.07883282295047,0.5327433628318584,0.0035522345305018716
S0,185,0,0.03445590922175068,0.3008849557522124,0.004563296467619485
S0,185,1,0.04713546504920979,0.44955752212389377,0.004563296467619485
S0,185,2,0.032020934481351376,0.23716814159292038,0.004563296467619485
S0,185,3,0.07795183070412429,0.5274336283185841,0.004563296467619485
S0,186,0,0.03474427427500517,0.30796460176991153,0.005862133953313726
S0,186,1,0.04556634950207377,0.43362831858407075,0.005862133953313726
S0,186,2,0.032037675215700084,0.23716814159292038,0.005862133953313726
S0,186,3,0.07702550983398318,0.5185840707964602,0.005862133953313726
S0,187,0,0.03596574933640606,0.33097345132743367,0.007530655685082075
S0,187,1,0.04570240392384247,0.4300884955752213,0.007530655685082075
S0,187,2,0.03192475977373167,0.2336283185840708,0.007530655685082075
S0,187,3,0.07245449244816535,0.49380530973451325,0.007530655685082075
S0,188,0,0.0371656404174955,0.3504424778761062,0.009674083789095556
S0,188,1,0.04456451227028786,0.41946902654867263,0.009674083789095556
S0,188,2,0.031624665847986885,0.22831858407079647,0.009674083789095556
S0,188,3,0.06400814655941274,0.4920353982300885,0.009674083789095556
S0,189,0,0.03799642481682851,0.36283185840707965,0.012427589451982954
S0,189,1,0.04411506840875279,0.4212389380530973,0.012427589451982954
S0,189,2,0.031208654562688478,0.21769911504424777,0.012427589451982954
S0,189,3,0.05807074885518275,0.4814159292035398,0.012427589451982954
S0,190,0,0.038449048430899614,0.368141592920354,0.015964817232731167
S0,190,1,0.04460248846311116,0.4283185840707965,0.015964817232731167
S0,190,2,0.031061259429298174,0.21238938053097345,0.015964817232731167
S0,190,3,0.06250810538062193,0.4814159292035398,0.015964817232731167
S0,191,0,0.039095592845592844,0.3734513274336283,0.020508835624099397
S0,191,1,0.04484667068653631,0.4336283185840708,0.020508835624099397
S0,191,2,0.030697348875373745,0.20707964601769913,0.020508835624099397
S0,191,3,0.06000952773335831,0.4831858407079646,0.020508835624099397
S0,192,0,0.039415363993677247,0.3699115044247788,0.026346204439721778
S0,192,1,0.043399710723571266,0.4230088495575221,0.026346204439721778
S0,192,2,0.030336544624777518,0.2,0.026346204439721778
S0,192,3,0.05735613010842369,0.4796460176991151,0.026346204439721778
S0,193,0,0.0400360708540313,0.36637168141592924,0.03384504615971326
S0,193,1,0.04420139748278928,0.43185840707964607,0.03384504615971326
S0,193,2,0.030173922676415197,0.19823008849557522,0.03384504615971326
S0,193,3,0.05292294339913388,0.4424778761061947,0.03384504615971326
S0,194,0,0.039981058462798605,0.368141592920354,0.043478260869565216
S0,194,1,0.04448209146768298,0.44070796460177,0.043478260869565216
S0,194,2,0.030005956920123505,0.19469026548672566,0.043478260869565216
S0,194,3,0.050702941636676574,0.40884955752212393,0.043478260869565216
S0,195,0,0.03417538298156276,0.2938053097345133,0.0013043478260869564
S0,195,1,0.04627720318896789,0.4424778761061947,0.0013043478260869564
S0,195,2,0.031853495058073736,0.23539823008849559,0.0013043478260869564
S0,195,3,0.06664722391289646,0.5079646017699115,0.0013043478260869564
S0,196,0,0.034174714174714176,0.29380530973451335,0.0016756004639391937
S0,196,1,0.0463550520276184,0.44247787610619466,0.0016756004639391937
S0,196,2,0.031853495058073736,0.23539823008849559,0.0016756004639391937
S0,196,3,0.06954967653188937,0.504424778761062,0.0016756004639391937
S0,197,0,0.034174714174714176,0.29380530973451335,0.0021525216346441533
S0,197,1,0.04686569032549074,0.44778761061946903,0.0021525216346441533
S0,197,2,0.03174743156529264,0.2336283185840708,0.0021525216346441533
S0,197,3,0.06994075498748396,0.5097345132743363,0.0021525216346441533
S0,198,0,0.034207782957782956,0.2955752212389381,0.0027651874580641536
S0,198,1,0.04686164594795706,0.4460176991150442,0.0027651874580641536
S0,198,2,0.03174743156529264,0.2336283185840708,0.0027651874580641536
S0,198,3,0.06994075498748396,0.5097345132743363,0.0027651874580641536
S0,199,0,0.034601490463559426,0.304424778761062,0.0035522345305018716
S0,199,1,0.04705488266293291,0.44778761061946903,0.0035522345305018716
S0,199,2,0.03174743156529264,0.2336283185840708,0.0035522345305018716
S0,199,3,0.07073391363713943,0.5132743362831859,0.0035522345305018716
S0,200,0,0.03478155808152294,0.30796460176991153,0.004563296467619485
S0,200,1,0.04640781486761528,0.44070796460176986,0.004563296467619485
S0,200,2,0.03157995151609657,0.23185840707964603,0.004563296467619485
S0,200,3,0.07620306861053461,0.5150442477876107,0.004563296467619485
S0,201,0,0.0350083020427848,0.31327433628318585,0.005862133953313726
S0,201,1,0.04549834074675395,0.43185840707964607,0.005862133953313726
S0,201,2,0.03181804675419181,0.2336283185840708,0.005862133953313726
S0,201,3,0.0750156141493944,0.5079646017699115,0.005862133953313726
S0,202,0,0.0359584218051819,0.3309734513274336,0.007530655685082075
S0,202,1,0.04545225293787421,0.4300884955752212,0.007530655685082075
S0,202,2,0.031577733276782476,0.2283185840707965,0.007530655685082075
S0,202,3,0.07235893583086958,0.4920353982300885,0.007530655685082075
S0,203,0,0.03708133439488692,0.3486725663716814,0.009674083789095556
S0,203,1,0.04350924770714876,0.41238938053097346,0.009674083789095556
S0,203,2,0.031476723175772374,0.22477876106194694,0.009674083789095556
S0,203,3,0.06713919092733867,0.488495575221239,0.009674083789095556
S0,204,0,0.03789066067087398,0.36106194690265486,0.012427589451982954
S0,204,1,0.04352998398962365,0.41592920353982304,0.012427589451982954
S0,204,2,0.031244963030122197,0.21769911504424783,0.012427589451982954
S0,204,3,0.05791210263625096,0.4796460176991151,0.012427589451982954
S0,205,0,0.03842719120316003,0.36637168141592924,0.015964817232731167
S0,205,1,0.044432420435900274,0.4247787610619469,0.015964817232731167
S0,205,2,0.031024130195651055,0.21238938053097345,0.015964817232731167
S0,205,3,0.0624875402684079,0.4796460176991151,0.015964817232731167
S0,206,0,0.03867402291550898,0.36637168141592924,0.020508835624099397
S0,206,1,0.04459919307745394,0.431858407079646,0.020508835624099397
S0,206,2,0.03076046690609119,0.20884955752212392,0.020508835624099397
S0,206,3,0.05934139366687466,0.4761061946902655,0.020508835624099397
S0,207,0,0.03923905317439824,0.36637168141592924,0.026346204439721778
S0,207,1,0.04358080862962673,0.42654867256637163,0.026346204439721778
S0,207,2,0.03042157863838296,0.20176991150442478,0.026346204439721778
S0,207,3,0.05689496790596796,0.47433628318584076,0.026346204439721778
S0,208,0,0.0401359709539314,0.368141592920354,0.03384504615971326
S0,208,1,0.04439045573636366,0.4353982300884956,0.03384504615971326
S0,208,2,0.030108133202730987,0.19646017699115045,0.03384504615971326
S0,208,3,0.05292294339913388,0.4424778761061947,0.03384504615971326
S0,209,0,0.04010451525292206,0.36991150442477877,0.043478260869565216
S0,209,1,0.04457543667391538,0.4424778761061947,0.043478260869565216
S0,209,2,0.030058203524094246,0.19646017699115043,0.043478260869565216
S0,209,3,0.050702941636676574,0.40884955752212393,0.043478260869565216
S0,210,0,0.03398147745973833,0.29026548672566377,0.0013043478260869564
S0,210,1,0.046963370423170836,0.44955752212389377,0.0013043478260869564
S0,210,2,0.031985526803387884,0.23893805309734514,0.0013043478260869564
S0,210,3,0.0685882186349476,0.49557522123893805,0.0013043478260869564
S0,211,0,0.03415540398299019,0.2938053097345133,0.0016756004639391937
S0,211,1,0.04686569032549074,0.44778761061946903,0.0016756004639391937
S0,211,2,0.031636689594085554,0.2336283185840708,0.0016756004639391937
S0,211,3,0.06867593793319322,0.4973451327433628,0.0016756004639391937
S0,212,0,0.03423407019337252,0.2955752212389381,0.0021525216346441533
S0,212,1,0.04649932710737735,0.4424778761061947,0.0021525216346441533
S0,212,2,0.031711372193039995,0.23539823008849559,0.0021525216346441533
S0,212,3,0.06830965027247016,0.49203539823008846,0.0021525216346441533
S0,213,0,0.034299005258307584,0.2973451327433628,0.0027651874580641536
S0,213,1,0.04686164594795706,0.4460176991150442,0.0027651874580641536
S0,213,2,0.031636689594085554,0.2336283185840708,0.0027651874580641536
S0,213,3,0.06808177562130324,0.4920353982300885,0.0027651874580641536
S0,214,0,0.03478155808152294,0.30796460176991153,0.0035522345305018716
S0,214,1,0.046770133708194994,0.44424778761061945,0.0035522345305018716
S0,214,2,0.03174743156529264,0.23539823008849556,0.0035522345305018716
S0,214,3,0.06788669484951475,0.4902654867256637,0.0035522345305018716
S0,215,0,0.03468235173231659,0.30619469026548674,0.004563296467619485
S0,215,1,0.046507492134591794,0.4407079646017699,0.004563296467619485
S0,215,2,0.03169140915632906,0.23185840707964603,0.004563296467619485
S0,215,3,0.06707588403870393,0.4849557522123894,0.004563296467619485
S0,216,0,0.03535718107539877,0.32035398230088497,0.005862133953313726
S0,216,1,0.04515538847117794,0.4283185840707965,0.005862133953313726
S0,216,2,0.03187865281479787,0.23539823008849556,0.005862133953313726
S0,216,3,0.07285178978727366,0.4938053097345133,0.005862133953313726
S0,217,0,0.03636167007766163,0.3380530973451328,0.007530655685082075
S0,217,1,0.04521911254212781,0.4265486725663717,0.007530655685082075
S0,217,2,0.03188013622847054,0.23362831858407085,0.007530655685082075
S0,217,3,0.08061196029973776,0.5026548672566371,0.007530655685082075
S0,218,0,0.03708133439488692,0.3486725663716814,0.009674083789095556
S0,218,1,0.04359884421996223,0.415929203539823,0.009674083789095556
S0,218,2,0.03136057915718933,0.22300884955752215,0.009674083789095556
S0,218,3,0.07828731157872766,0.488495575221239,0.009674083789095556
S0,219,0,0.03759955392815434,0.3557522123893806,0.012427589451982954
S0,219,1,0.043387610710625975,0.4176991150442478,0.012427589451982954
S0,219,2,0.031185672840177182,0.21769911504424783,0.012427589451982954
S0,219,3,0.07782556750298686,0.4867256637168142,0.012427589451982954
S0,220,0,0.038236981017194326,0.3610619469026549,0.015964817232731167
S0,220,1,0.043940352226604217,0.4194690265486726,0.015964817232731167
S0,220,2,0.030939803145589036,0.21238938053097348,0.015964817232731167
S0,220,3,0.06550782550782551,0.47433628318584076,0.015964817232731167
S0,221,0,0.03876408734178708,0.36283185840707965,0.020508835624099397
S0,221,1,0.0431140029956969,0.4176991150442478,0.020508835624099397
S0,221,2,0.03066652592554211,0.20707964601769913,0.020508835624099397
S0,221,3,0.05844799531530038,0.463716814159292,0.020508835624099397
S0,222,0,0.03901898078039263,0.36283185840707965,0.026346204439721778
S0,222,1,0.04355617889979742,0.42654867256637163,0.026346204439721778
S0,222,2,0.03035846060766552,0.2,0.026346204439721778
S0,222,3,0.05622542403030208,0.46371681415929206,0.026346204439721778
S0,223,0,0.03957615524221695,0.36283185840707965,0.03384504615971326
S0,223,1,0.04448813583404376,0.4371681415929204,0.03384504615971326
S0,223,2,0.029980582182322826,0.1929203539823009,0.03384504615971326
S0,223,3,0.052567370400703736,0.4371681415929204,0.03384504615971326
S0,224,0,0.04002841175216103,0.368141592920354,0.043478260869565216
S0,224,1,0.044902535255283406,0.44601769911504424,0.043478260869565216
S0,224,2,0.030058203524094246,0.19646017699115043,0.043478260869565216
S0,224,3,0.050702941636676574,0.40884955752212393,0.043478260869565216
S0,225,0,0.03433327654257887,0.2973451327433629,0.0013043478260869564
S0,225,1,0.047445961118527495,0.45309734513274336,0.0013043478260869564
S0,225,2,0.031722305685505825,0.23362831858407085,0.0013043478260869564
S0,225,3,0.06750578274198646,0.4867256637168142,0.0013043478260869564
S0,226,0,0.0344331516986338,0.2991150442477877,0.0016756004639391937
S0,226,1,0.047445961118527495,0.45309734513274336,0.0016756004639391937
S0,226,2,0.03166169962489976,0.23185840707964606,0.0016756004639391937
S0,226,3,0.06741761487035888,0.4849557522123894,0.0016756004639391937
S0,227,0,0.0344718927156778,0.3008849557522124,0.0021525216346441533
S0,227,1,0.04705488266293291,0.44778761061946903,0.0021525216346441533
S0,227,2,0.03173357743262663,0.23362831858407085,0.0021525216346441533
S0,227,3,0.06741761487035888,0.4849557522123894,0.0021525216346441533
S0,228,0,0.034642046635831716,0.30442477876106194,0.0027651874580641536
S0,228,1,0.04640781486761528,0.44070796460176986,0.0027651874580641536
S0,228,2,0.031617433414043584,0.23185840707964606,0.0027651874580641536
S0,228,3,0.06686321431595832,0.4814159292035398,0.0027651874580641536
S0,229,0,0.03461577399163455,0.30442477876106194,0.0035522345305018716
S0,229,1,0.046507492134591794,0.4407079646017699,0.0035522345305018716
S0,229,2,0.03167755502366304,0.23185840707964606,0.0035522345305018716
S0,229,3,0.0670457947573938,0.4814159292035398,0.0035522345305018716
S0,230,0,0.034929870670235785,0.31150442477876106,0.004563296467619485
S0,230,1,0.04697882344519976,0.4460176991150443,0.004563296467619485
S0,230,2,0.03162283546141954,0.23008849557522126,0.004563296467619485
S0,230,3,0.06679335954565312,0.48141592920353976,0.004563296467619485
S0,231,0,0.0355560136168417,0.32389380530973455,0.005862133953313726
S0,231,1,0.04587873386145662,0.43716814159292033,0.005862133953313726
S0,231,2,0.031861720062016055,0.2336283185840708,0.005862133953313726
S0,231,3,0.0713156783310827,0.4814159292035398,0.005862133953313726
S0,232,0,0.03636167007766163,0.3380530973451328,0.007530655685082075
S0,232,1,0.04530502319504877,0.4283185840707965,0.007530655685082075
S0,232,2,0.031737724123441606,0.23008849557522126,0.007530655685082075
S0,232,3,0.07914938862307283,0.4902654867256638,0.007530655685082075
S0,233,0,0.03710031671249921,0.3486725663716814,0.009674083789095556
S0,233,1,0.04444214583165726,0.4230088495575221,0.009674083789095556
S0,233,2,0.03128870134946246,0.22123893805309736,0.009674083789095556
S0,233,3,0.07981629701493878,0.49911504424778763,0.009674083789095556
S0,234,0,0.03733604931682363,0.3504424778761062,0.012427589451982954
S0,234,1,0.0437992745185162,0.42123893805309737,0.012427589451982954
S0,234,2,0.03111923974059218,0.21946902654867262,0.012427589451982954
S0,234,3,0.07783068783068783,0.4849557522123894,0.012427589451982954
S0,235,0,0.03786642020545704,0.35398230088495575,0.015964817232731167
S0,235,1,0.04323981171807259,0.4176991150442478,0.015964817232731167
S0,235,2,0.03079997124095831,0.21061946902654866,0.015964817232731167
S0,235,3,0.06970636598543575,0.46902654867256643,0.015964817232731167
S0,236,0,0.038817418429600924,0.3610619469026549,0.020508835624099397
S0,236,1,0.04250579886866233,0.41238938053097346,0.020508835624099397
S0,236,2,0.030479559781295063,0.20353982300884957,0.020508835624099397
S0,236,3,0.05854160201986289,0.4654867256637168,0.020508835624099397
S0,237,0,0.03901167327308512,0.3592920353982301,0.026346204439721778
S0,237,1,0.044057971014492756,0.43185840707964607,0.026346204439721778
S0,237,2,0.030539620027955374,0.20530973451327433,0.026346204439721778
S0,237,3,0.05508900466731793,0.4495575221238938,0.026346204439721778
S0,238,0,0.03962277399059008,0.36460176991150445,0.03384504615971326
S0,238,1,0.04479464924400545,0.4424778761061947,0.03384504615971326
S0,238,2,0.030059013554871845,0.19469026548672566,0.03384504615971326
S0,238,3,0.052446924751802806,0.4353982300884956,0.03384504615971326
S0,239,0,0.04034606114664187,0.3752212389380531,0.043478260869565216
S0,239,1,0.04501727994834136,0.44778761061946903,0.043478260869565216
S0,239,2,0.030058203524094246,0.19646017699115043,0.043478260869565216
S0,239,3,0.050702941636676574,0.40884955752212393,0.043478260869565216
S0,240,0,0.03437995719837807,0.2973451327433629,0.0013043478260869564
S0,240,1,0.047387181391458054,0.45309734513274336,0.0013043478260869564
S0,240,2,0.031722305685505825,0.23362831858407085,0.0013043478260869564
S0,240,3,0.06686321431595832,0.4814159292035398,0.0013043478260869564
S0,241,0,0.034609239360817126,0.30265486725663715,0.0016756004639391937
S0,241,1,0.046703084691200145,0.4460176991150443,0.0016756004639391937
S0,241,2,0.031722305685505825,0.23362831858407085,0.0016756004639391937
S0,241,3,0.06686321431595832,0.4814159292035398,0.0016756004639391937
S0,242,0,0.03484365953905753,0.3079646017699115,0.0021525216346441533
S0,242,1,0.04650106448917994,0.44424778761061945,0.0021525216346441533
S0,242,2,0.03184425690501802,0.23539823008849559,0.0021525216346441533
S0,242,3,0.06668172611269153,0.479646017699115,0.0021525216346441533
S0,243,0,0.03499562008437945,0.31150442477876106,0.0027651874580641536
S0,243,1,0.04697725496537042,0.4460176991150443,0.0027651874580641536
S0,243,2,0.03205139239079127,0.23716814159292038,0.0027651874580641536
S0,243,3,0.06668172611269153,0.479646017699115,0.0027651874580641536
S0,244,0,0.03479400718115364,0.30796460176991153,0.0035522345305018716
S0,244,1,0.046330187170052786,0.4389380530973451,0.0035522345305018716
S0,244,2,0.03172762843544837,0.23185840707964606,0.0035522345305018716
S0,244,3,0.06677667918269421,0.479646017699115,0.0035522345305018716
S0,245,0,0.035015929190029244,0.31327433628318585,0.004563296467619485
S0,245,1,0.046502632969009285,0.44424778761061956,0.004563296467619485
S0,245,2,0.0318558335636535,0.23362831858407085,0.004563296467619485
S0,245,3,0.07866484392800183,0.48672566371681414,0.004563296467619485
S0,246,0,0.0357557869780044,0.32743362831858414,0.005862133953313726
S0,246,1,0.04634233433044978,0.4424778761061947,0.005862133953313726
S0,246,2,0.03178380057708849,0.231858407079646,0.005862133953313726
S0,246,3,0.07829468776837198,0.4849557522123894,0.005862133953313726
S0,247,0,0.03627121327078691,0.336283185840708,0.007530655685082075
S0,247,1,0.045639190904685815,0.4336283185840708,0.007530655685082075
S0,247,2,0.03152579466377459,0.22654867256637168,0.007530655685082075
S0,247,3,0.07829468776837198,0.4849557522123894,0.007530655685082075
S0,248,0,0.037184858712815766,0.35044247787610616,0.009674083789095556
S0,248,1,0.04452805648457822,0.4247787610619469,0.009674083789095556
S0,248,2,0.0312181670521604,0.2194690265486726,0.009674083789095556
S0,248,3,0.07934208808350685,0.4938053097345133,0.009674083789095556
S0,249,0,0.03725323358183399,0.3486725663716814,0.012427589451982954
S0,249,1,0.044371709197218646,0.4300884955752212,0.012427589451982954
S0,249,2,0.031160634971396085,0.22123893805309736,0.012427589451982954
S0,249,3,0.0772419929796979,0.4796460176991151,0.012427589451982954
S0,250,0,0.03804027468901977,0.352212389380531,0.015964817232731167
S0,250,1,0.04403786040614685,0.4283185840707965,0.015964817232731167
S0,250,2,0.03071795139068881,0.20884955752212392,0.015964817232731167
S0,250,3,0.0696705559311786,0.4690265486725664,0.015964817232731167
S0,251,0,0.03875641544307211,0.35929203539823007,0.020508835624099397
S0,251,1,0.042147323220338484,0.40884955752212393,0.020508835624099397
S0,251,2,0.030244196439135607,0.19646017699115045,0.020508835624099397
S0,251,3,0.05821621649086438,0.46017699115044247,0.020508835624099397
S0,252,0,0.039391524823496615,0.35752212389380533,0.026346204439721778
S0,252,1,0.044497499677834035,0.4353982300884956,0.026346204439721778
S0,252,2,0.03052555541761747,0.20530973451327433,0.026346204439721778
S0,252,3,0.05243133303478131,0.4336283185840708,0.026346204439721778
S0,253,0,0.03952287389068999,0.36283185840707965,0.03384504615971326
S0,253,1,0.04467532818265882,0.4424778761061947,0.03384504615971326
S0,253,2,0.02999717063588607,0.1929203539823009,0.03384504615971326
S0,253,3,0.05192909650740976,0.4283185840707965,0.03384504615971326
S0,254,0,0.04051910895109785,0.3787610619469027,0.043478260869565216
S0,254,1,0.04593742158990364,0.45486725663716815,0.043478260869565216
S0,254,2,0.030064982990903506,0.19646017699115045,0.043478260869565216
S0,254,3,0.050702941636676574,0.40884955752212393,0.043478260869565216
S0,255,0,0.03429622924356791,0.2955752212389381,0.0013043478260869564
S0,255,1,0.04709991008802554,0.4495575221238939,0.0013043478260869564
S0,255,2,0.03196921785472123,0.23893805309734517,0.0013043478260869564
S0,255,3,0.06763545794534481,0.4849557522123894,0.0013043478260869564
S0,256,0,0.03459398196384361,0.30265486725663715,0.0016756004639391937
S0,256,1,0.04709991008802554,0.4495575221238939,0.0016756004639391937
S0,256,2,0.032169257718740636,0.24070796460176996,0.0016756004639391937
S0,256,3,0.06715366944177772,0.48141592920353987,0.0016756004639391937
S0,257,0,0.034763467077148946,0.3061946902654867,0.0021525216346441533
S0,257,1,0.04710930637649159,0.4495575221238939,0.0021525216346441533
S0,257,2,0.03219363990145983,0.23893805309734517,0.0021525216346441533
S0,257,3,0.06715366944177772,0.48141592920353987,0.0021525216346441533
S0,258,0,0.03501803394895568,0.31150442477876106,0.0027651874580641536
S0,258,1,0.046796586327478774,0.44778761061946903,0.0027651874580641536
S0,258,2,0.03219363990145983,0.23893805309734517,0.0027651874580641536
S0,258,3,0.0667801491798371,0.47787610619469023,0.0027651874580641536
S0,259,0,0.03479400718115364,0.30796460176991153,0.0035522345305018716
S0,259,1,0.04707075660164905,0.44778761061946903,0.0035522345305018716
S0,259,2,0.03212310560415778,0.23716814159292038,0.0035522345305018716
S0,259,3,0.06716272956874461,0.4796460176991151,0.0035522345305018716
S0,260,0,0.03495033026473189,0.31150442477876106,0.004563296467619485
S0,260,1,0.046596134605287914,0.4460176991150443,0.004563296467619485
S0,260,2,0.03190163817004943,0.23539823008849559,0.004563296467619485
S0,260,3,0.07876136902452692,0.48672566371681414,0.004563296467619485
S0,261,0,0.035848379570597,0.3292035398230089,0.005862133953313726
S0,261,1,0.04653139258402416,0.4460176991150443,0.005862133953313726
S0,261,2,0.03183852013933199,0.2336283185840708,0.005862133953313726
S0,261,3,0.07838310509816862,0.4849557522123894,0.005862133953313726
S0,262,0,0.036492697213201086,0.3398230088495575,0.007530655685082075
S0,262,1,0.0463507748290357,0.44424778761061945,0.007530655685082075
S0,262,2,0.03152579466377459,0.22654867256637168,0.007530655685082075
S0,262,3,0.07858184972501597,0.48672566371681414,0.007530655685082075
S0,263,0,0.03723768040982303,0.3504424778761062,0.009674083789095556
S0,263,1,0.044796873688879295,0.4300884955752212,0.009674083789095556
S0,263,2,0.031268104630187865,0.22123893805309738,0.009674083789095556
S0,263,3,0.07886029957993977,0.4902654867256637,0.009674083789095556
S0,264,0,0.03728275200947207,0.3486725663716814,0.012427589451982954
S0,264,1,0.044679401504910954,0.431858407079646,0.012427589451982954
S0,264,2,0.031090100674094023,0.2194690265486726,0.012427589451982954
S0,264,3,0.07740592740592742,0.4814159292035398,0.012427589451982954
S0,265,0,0.037825522121326026,0.3469026548672567,0.015964817232731167
S0,265,1,0.04375296012124656,0.42654867256637174,0.015964817232731167
S0,265,2,0.030623197600807967,0.20707964601769913,0.015964817232731167
S0,265,3,0.0696705559311786,0.4690265486725664,0.015964817232731167
S0,266,0,0.03855928544742675,0.3504424778761062,0.020508835624099397
S0,266,1,0.04330546554679649,0.42300884955752216,0.020508835624099397
S0,266,2,0.0304437187668944,0.2017699115044248,0.020508835624099397
S0,266,3,0.05579197406662196,0.45663716814159294,0.020508835624099397
S0,267,0,0.03933170891002216,0.3557522123893806,0.026346204439721778
S0,267,1,0.044690736392809884,0.4389380530973452,0.026346204439721778
S0,267,2,0.030642353332580523,0.20884955752212392,0.026346204439721778
S0,267,3,0.05190072861810095,0.42654867256637163,0.026346204439721778
S0,268,0,0.039328747133625185,0.3592920353982301,0.03384504615971326
S0,268,1,0.04467532818265882,0.4424778761061947,0.03384504615971326
S0,268,2,0.02999717063588607,0.1929203539823009,0.03384504615971326
S0,268,3,0.05157887969668918,0.42300884955752216,0.03384504615971326
S0,269,0,0.04030071545211364,0.37522123893805315,0.043478260869565216
S0,269,1,0.04593742158990364,0.45486725663716815,0.043478260869565216
S0,269,2,0.030064982990903506,0.19646017699115045,0.043478260869565216
S0,269,3,0.0508913256554766,0.41061946902654867,0.043478260869565216
S0,270,0,0.03449116101744705,0.3008849557522124,0.0013043478260869564
S0,270,1,0.04752097018438182,0.45309734513274336,0.0013043478260869564
S0,270,2,0.03178849496315497,0.23716814159292038,0.0013043478260869564
S0,270,3,0.06773689273689273,0.48495575221238935,0.0013043478260869564
S0,271,0,0.03456953092340317,0.30265486725663715,0.0016756004639391937
S0,271,1,0.04752097018438182,0.45309734513274336,0.0016756004639391937
S0,271,2,0.03195605590394815,0.23893805309734514,0.0016756004639391937
S0,271,3,0.0679694057216993,0.48495575221238935,0.0016756004639391937
S0,272,0,0.03454395923935723,0.30265486725663715,0.0021525216346441533
S0,272,1,0.04720280801277023,0.4513274336283186,0.0021525216346441533
S0,272,2,0.03208426103215327,0.24070796460176994,0.0021525216346441533
S0,272,3,0.06759994759362048,0.4814159292035398,0.0021525216346441533
S0,273,0,0.035041458760204786,0.31327433628318585,0.0027651874580641536
S0,273,1,0.04740482821479043,0.45309734513274336,0.0027651874580641536
S0,273,2,0.032082027825950696,0.23893805309734514,0.0027651874580641536
S0,273,3,0.06738057264373054,0.4796460176991151,0.0027651874580641536
S0,274,0,0.03511989013275381,0.31504424778761064,0.0035522345305018716
S0,274,1,0.046991391522283966,0.4495575221238939,0.0035522345305018716
S0,274,2,0.031770562273208985,0.23185840707964603,0.0035522345305018716
S0,274,3,0.06716272956874461,0.4796460176991151,0.0035522345305018716
S0,275,0,0.03512491548343475,0.31504424778761064,0.004563296467619485
S0,275,1,0.04616323417238749,0.44424778761061945,0.004563296467619485
S0,275,2,0.032031860633424364,0.23893805309734512,0.004563296467619485
S0,275,3,0.06733279759595548,0.48318584070796455,0.004563296467619485
S0,276,0,0.035984749190334175,0.3309734513274336,0.005862133953313726
S0,276,1,0.046265767939517526,0.4424778761061947,0.005862133953313726
S0,276,2,0.03183786603153503,0.23539823008849559,0.005862133953313726
S0,276,3,0.07838310509816862,0.4849557522123894,0.005862133953313726
S0,277,0,0.03685759825397636,0.34513274336283184,0.007530655685082075
S0,277,1,0.046629072681704256,0.4495575221238938,0.007530655685082075
S0,277,2,0.03147534275269322,0.2265486725663717,0.007530655685082075
S0,277,3,0.07871265849989255,0.4867256637168142,0.007530655685082075
S0,278,0,0.037057492209061155,0.3469026548672567,0.009674083789095556
S0,278,1,0.04511432162706525,0.4353982300884956,0.009674083789095556
S0,278,2,0.031277528491763434,0.22300884955752215,0.009674083789095556
S0,278,3,0.0784999496431159,0.48495575221238935,0.009674083789095556
S0,279,0,0.03756836258047097,0.352212389380531,0.012427589451982954
S0,279,1,0.04474843303468502,0.4353982300884956,0.012427589451982954
S0,279,2,0.031090100674094023,0.2194690265486726,0.012427589451982954
S0,279,3,0.07716009289779782,0.47787610619469023,0.012427589451982954
S0,280,0,0.03791367962940713,0.3486725663716814,0.015964817232731167
S0,280,1,0.04423109712112269,0.43185840707964607,0.015964817232731167
S0,280,2,0.0306744873581888,0.20884955752212392,0.015964817232731167
S0,280,3,0.0697243410595906,0.4690265486725664,0.015964817232731167
S0,281,0,0.03844724062949957,0.3486725663716814,0.020508835624099397
S0,281,1,0.04424315619967793,0.43185840707964607,0.020508835624099397
S0,281,2,0.030785305857747206,0.21061946902654866,0.020508835624099397
S0,281,3,0.05537725340923194,0.4513274336283186,0.020508835624099397
S0,282,0,0.03930863800087531,0.35398230088495575,0.026346204439721778
S0,282,1,0.044790611548864816,0.44070796460177,0.026346204439721778
S0,282,2,0.03055370085031102,0.20707964601769913,0.026346204439721778
S0,282,3,0.05190072861810095,0.42654867256637163,0.026346204439721778
S0,283,0,0.039185904878142185,0.35752212389380533,0.03384504615971326
S0,283,1,0.044986380210371636,0.44601769911504424,0.03384504615971326
S0,283,2,0.02999717063588607,0.1929203539823009,0.03384504615971326
S0,283,3,0.05135095978469472,0.4194690265486726,0.03384504615971326
S0,284,0,0.04030071545211364,0.37522123893805315,0.043478260869565216
S0,284,1,0.04582872059012038,0.45486725663716815,0.043478260869565216
S0,284,2,0.03014039777220064,0.19823008849557522,0.043478260869565216
S0,284,3,0.050751563251563256,0.40884955752212393,0.043478260869565216
S0,285,0,0.03442382095010699,0.2991150442477876,0.0013043478260869564
S0,285,1,0.04759859788194431,0.4548672566371681,0.0013043478260869564
S0,285,2,0.031841165327597704,0.23893805309734514,0.0013043478260869564
S0,285,3,0.0687023655723062,0.4902654867256638,0.0013043478260869564
S0,286,0,0.03456953092340317,0.30265486725663715,0.0016756004639391937
S0,286,1,0.04769209951822294,0.4566371681415929,0.0016756004639391937
S0,286,2,0.031602423577725254,0.2336283185840708,0.0016756004639391937
S0,286,3,0.0687023655723062,0.4902654867256638,0.0016756004639391937
S0,287,0,0.03471198106585331,0.30619469026548674,0.0021525216346441533
S0,287,1,0.0477100284379562,0.45663716814159294,0.0021525216346441533
S0,287,2,0.03171099715649355,0.23539823008849556,0.0021525216346441533
S0,287,3,0.06808080808080808,0.4849557522123894,0.0021525216346441533
S0,288,0,0.034686409381807365,0.30619469026548674,0.0027651874580641536
S0,288,1,0.04728896834159992,0.4530973451327434,0.0027651874580641536
S0,288,2,0.031827141175076595,0.23716814159292032,0.0027651874580641536
S0,288,3,0.06808080808080808,0.4849557522123894,0.0027651874580641536
S0,289,0,0.03511989013275381,0.31504424778761064,0.0035522345305018716
S0,289,1,0.04689371142460387,0.4495575221238939,0.0035522345305018716
S0,289,2,0.03176976882854762,0.23539823008849559,0.0035522345305018716
S0,289,3,0.06726824226824227,0.4796460176991151,0.0035522345305018716
S0,290,0,0.03544583355766828,0.3221238938053097,0.004563296467619485
S0,290,1,0.047103355030473894,0.4513274336283186,0.004563296467619485
S0,290,2,0.031713746419584035,0.2336283185840708,0.004563296467619485
S0,290,3,0.06752076752076752,0.4849557522123894,0.004563296467619485
S0,291,0,0.03592468747737043,0.33097345132743367,0.005862133953313726
S0,291,1,0.046558879810548306,0.44778761061946903,0.005862133953313726
S0,291,2,0.03164795694589982,0.23185840707964603,0.005862133953313726
S0,291,3,0.0674205168942011,0.4849557522123894,0.005862133953313726
S0,292,0,0.03686473865028224,0.34513274336283184,0.007530655685082075
S0,292,1,0.046026104221592944,0.4460176991150443,0.007530655685082075
S0,292,2,0.031423096148722476,0.2247787610619469,0.007530655685082075
S0,292,3,0.07196409175132579,0.4831858407079646,0.007530655685082075
S0,293,0,0.037057492209061155,0.3469026548672567,0.009674083789095556
S0,293,1,0.04581296821010086,0.44778761061946903,0.009674083789095556
S0,293,2,0.031346756598374714,0.2247787610619469,0.009674083789095556
S0,293,3,0.07137929642968838,0.479646017699115,0.009674083789095556
S0,294,0,0.03738083327901762,0.3486725663716814,0.012427589451982954
S0,294,1,0.04490529577978306,0.4371681415929204,0.012427589451982954
S0,294,2,0.031107050098938185,0.2194690265486726,0.012427589451982954
S0,294,3,0.0769840987000645,0.47433628318584065,0.012427589451982954
S0,295,0,0.03789196904815566,0.3486725663716815,0.015964817232731167
S0,295,1,0.04434269714128873,0.43185840707964607,0.015964817232731167
S0,295,2,0.030848173854063743,0.21238938053097345,0.015964817232731167
S0,295,3,0.0697643260433958,0.4690265486725664,0.015964817232731167
S0,296,0,0.03835606366961619,0.34690265486725663,0.020508835624099397
S0,296,1,0.04447596849331292,0.4353982300884956,0.020508835624099397
S0,296,2,0.030877812795767557,0.21238938053097345,0.020508835624099397
S0,296,3,0.05481838083933415,0.44601769911504424,0.020508835624099397
S0,297,0,0.039015248423290114,0.3486725663716814,0.026346204439721778
S0,297,1,0.044715649030124184,0.4389380530973451,0.026346204439721778
S0,297,2,0.03069229091060799,0.21061946902654866,0.026346204439721778
S0,297,3,0.05371891043628277,0.4283185840707964,0.026346204439721778
S0,298,0,0.03912662998028851,0.352212389380531,0.03384504615971326
S0,298,1,0.044905188313322957,0.4460176991150443,0.03384504615971326
S0,298,2,0.02999717063588607,0.1929203539823009,0.03384504615971326
S0,298,3,0.0511528564469741,0.41592920353982304,0.03384504615971326
S0,299,0,0.040057838925655016,0.37522123893805315,0.043478260869565216
S0,299,1,0.04582872059012038,0.45486725663716815,0.043478260869565216
S0,299,2,0.030154396155058938,0.19823008849557522,0.043478260869565216
S0,299,3,0.0505653845921526,0.40530973451327434,0.043478260869565216
S1,0,0,0.034831013064896124,0.30973451327433627,0.0014285714285714286
S1,0,1,0.03468681787096109,0.30265486725663715,0.0014285714285714286
S1,0,2,0.03852503052503053,0.3398230088495575,0.0014285714285714286
S1,0,3,0.09164436415540389,0.5150442477876106,0.0014285714285714286
S1,1,0,0.03499870423775081,0.31327433628318585,0.0018351814605048313
S1,1,1,0.03491159309573631,0.30796460176991153,0.0018351814605048313
S1,1,2,0.03829650031696068,0.33628318584070793,0.0018351814605048313
S1,1,3,0.09221174004192872,0.5185840707964602,0.0018351814605048313
S1,2,0,0.03521728492339838,0.3168141592920354,0.0023575236950864535
S1,2,1,0.03491159309573631,0.30796460176991153,0.0023575236950864535
S1,2,2,0.03787283962502987,0.3327433628318584,0.0023575236950864535
S1,2,3,0.09227667510686378,0.5150442477876107,0.0023575236950864535
S1,3,0,0.03481135873050828,0.30796460176991153,0.003028538644546454
S1,3,1,0.03491159309573631,0.30796460176991153,0.003028538644546454
S1,3,2,0.03795049444933583,0.3345132743362832,0.003028538644546454
S1,3,3,0.091498898487503,0.5079646017699115,0.003028538644546454
S1,4,0,0.03444992618856582,0.2991150442477876,0.0038905425810258592
S1,4,1,0.037465002748752474,0.35221238938053095,0.0038905425810258592
S1,4,2,0.03795049444933583,0.3327433628318584,0.0038905425810258592
S1,4,3,0.09025102943730906,0.5044247787610621,0.0038905425810258592
S1,5,0,0.03464903293215185,0.3026548672566372,0.004997896131202294
S1,5,1,0.04283565818726521,0.41769911504424784,0.004997896131202294
S1,5,2,0.03532560260195777,0.30442477876106194,0.004997896131202294
S1,5,3,0.07926695684387039,0.49203539823008846,0.004997896131202294
S1,6,0,0.03494140662566853,0.3097345132743363,0.006420432425057891
S1,6,1,0.044118049971708505,0.4389380530973451,0.006420432425057891
S1,6,2,0.03382960562218746,0.2743362831858407,0.006420432425057891
S1,6,3,0.0750206419548683,0.5008849557522124,0.006420432425057891
S1,7,0,0.035350999593836044,0.32035398230088497,0.008247860988423224
S1,7,1,0.042004681205952105,0.41415929203539825,0.008247860988423224
S1,7,2,0.033544114459004196,0.2584070796460177,0.008247860988423224
S1,7,3,0.07756289056897576,0.5132743362831859,0.008247860988423224
S1,8,0,0.03591355856583708,0.3309734513274336,0.010595425102342753
S1,8,1,0.040921627505539696,0.4,0.010595425102342753
S1,8,2,0.03331884856374938,0.2513274336283186,0.010595425102342753
S1,8,3,0.07688275585837215,0.5061946902654868,0.010595425102342753
S1,9,0,0.03749449668319605,0.35575221238938054,0.013611169399790854
S1,9,1,0.03904305636338708,0.3823008849557522,0.013611169399790854
S1,9,2,0.0318386937609406,0.23008849557522126,0.013611169399790854
S1,9,3,0.06963512677798392,0.48849557522123893,0.013611169399790854
S1,10,0,0.03888472942181382,0.37522123893805315,0.0174852760168008
S1,10,1,0.039343832822093694,0.3858407079646018,0.0174852760168008
S1,10,2,0.031555241448858476,0.2230088495575221,0.0174852760168008
S1,10,3,0.0648055645074659,0.4743362831858407,0.0174852760168008
S1,11,0,0.040252570576415986,0.38761061946902653,0.022462058064489816
S1,11,1,0.0398596135859553,0.3858407079646018,0.022462058064489816
S1,11,2,0.031081782868603778,0.21238938053097345,0.022462058064489816
S1,11,3,0.05713614130051733,0.45132743362831856,0.022462058064489816
S1,12,0,0.0398415676464457,0.37522123893805315,0.02885536676731433
S1,12,1,0.0411457192300503,0.40176991150442476,0.02885536676731433
S1,12,2,0.030766263871985722,0.20707964601769913,0.02885536676731433
S1,12,3,0.05530930451983084,0.4283185840707965,0.02885536676731433
S1,13,0,0.03941761073279525,0.36460176991150445,0.03706838388920976
S1,13,1,0.044384911057477425,0.4389380530973451,0.03706838388920976
S1,13,2,0.030983968198591883,0.21415929203539824,0.03706838388920976
S1,13,3,0.05238850753673081,0.41415929203539825,0.03706838388920976
S1,14,0,0.04015961837719973,0.38053097345132747,0.047619047619047616
S1,14,1,0.04785920164251589,0.4672566371681416,0.047619047619047616
S1,14,2,0.03090498582463022,0.21415929203539824,0.047619047619047616
S1,14,3,0.05100645600645601,0.4,0.047619047619047616
S1,15,0,0.034831013064896124,0.30973451327433627,0.0014285714285714286
S1,15,1,0.03674695525512719,0.3398230088495575,0.0014285714285714286
S1,15,2,0.03795319866896252,0.336283185840708,0.0014285714285714286
S1,15,3,0.08867349349703765,0.48495575221238946,0.0014285714285714286
S1,16,0,0.03499870423775081,0.31327433628318585,0.0018351814605048313
S1,16,1,0.036601817374140255,0.3380530973451328,0.0018351814605048313
S1,16,2,0.037028827129492875,0.32212389380530976,0.0018351814605048313
S1,16,3,0.08896966003840628,0.48849557522123893,0.0018351814605048313
S1,17,0,0.03521728492339838,0.3168141592920354,0.0023575236950864535
S1,17,1,0.036845915013195875,0.3433628318584071,0.0023575236950864535
S1,17,2,0.03673039619808423,0.3168141592920354,0.0023575236950864535
S1,17,3,0.08872476207922261,0.48672566371681414,0.0023575236950864535
S1,18,0,0.03481135873050828,0.30796460176991153,0.003028538644546454
S1,18,1,0.03788158523419197,0.35929203539823007,0.003028538644546454
S1,18,2,0.0366246320521297,0.31504424778761064,0.003028538644546454
S1,18,3,0.08890618443045628,0.49026548672566367,0.003028538644546454
S1,19,0,0.03444992618856582,0.2991150442477876,0.0038905425810258592
S1,19,1,0.041059338664573425,0.4035398230088496,0.0038905425810258592
S1,19,2,0.035297008547008554,0.3026548672566372,0.0038905425810258592
S1,19,3,0.07879503110878676,0.4902654867256637,0.0038905425810258592
S1,20,0,0.03464903293215185,0.3026548672566372,0.004997896131202294
S1,20,1,0.04283565818726521,0.41769911504424784,0.004997896131202294
S1,20,2,0.03532560260195777,0.30442477876106194,0.004997896131202294
S1,20,3,0.07926695684387039,0.49203539823008846,0.004997896131202294
S1,21,0,0.03494140662566853,0.3097345132743363,0.006420432425057891
S1,21,1,0.044118049971708505,0.4389380530973451,0.006420432425057891
S1,21,2,0.03382960562218746,0.2743362831858407,0.006420432425057891
S1,21,3,0.0750206419548683,0.5008849557522124,0.006420432425057891
S1,22,0,0.035350999593836044,0.32035398230088497,0.008247860988423224
S1,22,1,0.042004681205952105,0.41415929203539825,0.008247860988423224
S1,22,2,0.033544114459004196,0.2584070796460177,0.008247860988423224
S1,22,3,0.07756289056897576,0.5132743362831859,0.008247860988423224
S1,23,0,0.035820318472596986,0.3292035398230089,0.010595425102342753
S1,23,1,0.040921627505539696,0.4,0.010595425102342753
S1,23,2,0.03331884856374938,0.2513274336283186,0.010595425102342753
S1,23,3,0.07688275585837215,0.5061946902654868,0.010595425102342753
S1,24,0,0.03749449668319605,0.35575221238938054,0.013611169399790854
S1,24,1,0.03904305636338708,0.3823008849557522,0.013611169399790854
S1,24,2,0.0318386937609406,0.23008849557522126,0.013611169399790854
S1,24,3,0.06963512677798392,0.48849557522123893,0.013611169399790854
S1,25,0,0.03888472942181382,0.37522123893805315,0.0174852760168008
S1,25,1,0.039343832822093694,0.3858407079646018,0.0174852760168008
S1,25,2,0.031555241448858476,0.2230088495575221,0.0174852760168008
S1,25,3,0.0648055645074659,0.4743362831858407,0.0174852760168008
S1,26,0,0.040377883859624,0.3893805309734514,0.022462058064489816
S1,26,1,0.0398596135859553,0.3858407079646018,0.022462058064489816
S1,26,2,0.031081782868603778,0.21238938053097345,0.022462058064489816
S1,26,3,0.0570387703170704,0.4495575221238938,0.022462058064489816
S1,27,0,0.0398415676464457,0.37522123893805315,0.02885536676731433
S1,27,1,0.0411457192300503,0.40176991150442476,0.02885536676731433
S1,27,2,0.030766263871985722,0.20707964601769913,0.02885536676731433
S1,27,3,0.05530930451983084,0.4283185840707965,0.02885536676731433
S1,28,0,0.03941761073279525,0.36460176991150445,0.03706838388920976
S1,28,1,0.044384911057477425,0.4389380530973451,0.03706838388920976
S1,28,2,0.030983968198591883,0.21415929203539824,0.03706838388920976
S1,28,3,0.05238850753673081,0.41415929203539825,0.03706838388920976
S1,29,0,0.04015961837719973,0.38053097345132747,0.047619047619047616
S1,29,1,0.04785920164251589,0.4672566371681416,0.047619047619047616
S1,29,2,0.03090498582463022,0.21415929203539824,0.047619047619047616
S1,29,3,0.05100645600645601,0.4,0.047619047619047616
S1,30,0,0.034820300472474384,0.30796460176991153,0.0014285714285714286
S1,30,1,0.05233673084444094,0.5221238938053098,0.0014285714285714286
S1,30,2,0.034185056869785936,0.26725663716814163,0.0014285714285714286
S1,30,3,0.0875741141932043,0.4707964601769911,0.0014285714285714286
S1,31,0,0.034815916110033755,0.3079646017699115,0.0018351814605048313
S1,31,1,0.05161461951098183,0.5168141592920354,0.0018351814605048313
S1,31,2,0.034396290681240956,0.27256637168141595,0.0018351814605048313
S1,31,3,0.0875741141932043,0.4707964601769911,0.0018351814605048313
S1,32,0,0.03489754876309498,0.30973451327433627,0.0023575236950864535
S1,32,1,0.049243056417277595,0.49911504424778763,0.0023575236950864535
S1,32,2,0.03397954317048168,0.2654867256637168,0.0023575236950864535
S1,32,3,0.08740462266778057,0.4690265486725664,0.0023575236950864535
S1,33,0,0.0345165963821426,0.3008849557522124,0.003028538644546454
S1,33,1,0.04861786319617645,0.49557522123893805,0.003028538644546454
S1,33,2,0.03377840668682253,0.26725663716814163,0.003028538644546454
S1,33,3,0.0879318692878015,0.4743362831858407,0.003028538644546454
S1,34,0,0.03446657931707765,0.2991150442477876,0.0038905425810258592
S1,34,1,0.04692821085073596,0.4796460176991151,0.0038905425810258592
S1,34,2,0.033624604898876746,0.26371681415929205,0.0038905425810258592
S1,34,3,0.08028218359088933,0.4849557522123894,0.0038905425810258592
S1,35,0,0.03471394692111646,0.30442477876106194,0.004997896131202294
S1,35,1,0.045009753553658424,0.4584070796460177,0.004997896131202294
S1,35,2,0.03338462338438543,0.25663716814159293,0.004997896131202294
S1,35,3,0.08101154392869311,0.49203539823008846,0.004997896131202294
S1,36,0,0.03501158206426502,0.31150442477876106,0.006420432425057891
S1,36,1,0.04432062818729772,0.4513274336283186,0.006420432425057891
S1,36,2,0.03343713970661369,0.25486725663716814,0.006420432425057891
S1,36,3,0.07723432343234324,0.5097345132743363,0.006420432425057891
S1,37,0,0.035350999593836044,0.32035398230088497,0.008247860988423224
S1,37,1,0.0420219589055436,0.41592920353982304,0.008247860988423224
S1,37,2,0.033367747615970694,0.2530973451327434,0.008247860988423224
S1,37,3,0.08675635691169672,0.5150442477876105,0.008247860988423224
S1,38,0,0.03591355856583708,0.3309734513274336,0.010595425102342753
S1,38,1,0.04073621086429152,0.4017699115044248,0.010595425102342753
S1,38,2,0.03326538692247699,0.24955752212389384,0.010595425102342753
S1,38,3,0.07688275585837215,0.5061946902654868,0.010595425102342753
S1,39,0,0.03749449668319605,0.35575221238938054,0.013611169399790854
S1,39,1,0.039005439005439006,0.3823008849557522,0.013611169399790854
S1,39,2,0.0318386937609406,0.23008849557522126,0.013611169399790854
S1,39,3,0.06963512677798392,0.48849557522123893,0.013611169399790854
S1,40,0,0.03888472942181382,0.37522123893805315,0.0174852760168008
S1,40,1,0.039343832822093694,0.3858407079646018,0.0174852760168008
S1,40,2,0.031555241448858476,0.2230088495575221,0.0174852760168008
S1,40,3,0.0648055645074659,0.4743362831858407,0.0174852760168008
S1,41,0,0.040377883859624,0.3893805309734514,0.022462058064489816
S1,41,1,0.0398596135859553,0.3858407079646018,0.022462058064489816
S1,41,2,0.031081782868603778,0.21238938053097345,0.022462058064489816
S1,41,3,0.05713614130051733,0.45132743362831856,0.022462058064489816
S1,42,0,0.0398415676464457,0.37522123893805315,0.02885536676731433
S1,42,1,0.0411457192300503,0.40176991150442476,0.02885536676731433
S1,42,2,0.030766263871985722,0.20707964601769913,0.02885536676731433
S1,42,3,0.05530930451983084,0.4283185840707965,0.02885536676731433
S1,43,0,0.03941761073279525,0.36460176991150445,0.03706838388920976
S1,43,1,0.044384911057477425,0.4389380530973451,0.03706838388920976
S1,43,2,0.030983968198591883,0.21415929203539824,0.03706838388920976
S1,43,3,0.05238850753673081,0.41415929203539825,0.03706838388920976
S1,44,0,0.04015961837719973,0.38053097345132747,0.047619047619047616
S1,44,1,0.04785920164251589,0.4672566371681416,0.047619047619047616
S1,44,2,0.03090498582463022,0.21415929203539824,0.047619047619047616
S1,44,3,0.05100645600645601,0.4,0.047619047619047616
S1,45,0,0.0352848837621,0.3168141592920354,0.0014285714285714286
S1,45,1,0.04870714338836829,0.504424778761062,0.0014285714285714286
S1,45,2,0.033942491059233894,0.2601769911504425,0.0014285714285714286
S1,45,3,0.08416412099430967,0.504424778761062,0.0014285714285714286
S1,46,0,0.03556894556495879,0.32212389380530976,0.0018351814605048313
S1,46,1,0.047989369184288116,0.49734513274336284,0.0018351814605048313
S1,46,2,0.03372849372849373,0.2584070796460177,0.0018351814605048313
S1,46,3,0.08416412099430967,0.504424778761062,0.0018351814605048313
S1,47,0,0.03549069830361294,0.32035398230088497,0.0023575236950864535
S1,47,1,0.04726740977817018,0.49203539823008846,0.0023575236950864535
S1,47,2,0.03345283390444681,0.25486725663716814,0.0023575236950864535
S1,47,3,0.08396210079228948,0.5026548672566371,0.0023575236950864535
S1,48,0,0.035305155678364904,0.31681415929203544,0.003028538644546454
S1,48,1,0.04606665393430099,0.4814159292035398,0.003028538644546454
S1,48,2,0.03352601346316077,0.2566371681415929,0.003028538644546454
S1,48,3,0.08334671617690487,0.5008849557522124,0.003028538644546454
S1,49,0,0.0350713664820152,0.31150442477876106,0.0038905425810258592
S1,49,1,0.04537863563411757,0.4725663716814159,0.0038905425810258592
S1,49,2,0.03330994078543098,0.25486725663716814,0.0038905425810258592
S1,49,3,0.08462876745895614,0.504424778761062,0.0038905425810258592
S1,50,0,0.03488643236850965,0.30796460176991153,0.004997896131202294
S1,50,1,0.04458568608769093,0.46194690265486726,0.004997896131202294
S1,50,2,0.03329398353184774,0.2513274336283186,0.004997896131202294
S1,50,3,0.08439386915952032,0.5061946902654867,0.004997896131202294
S1,51,0,0.035104995391606234,0.31327433628318585,0.006420432425057891
S1,51,1,0.04367204977391041,0.44778761061946903,0.006420432425057891
S1,51,2,0.03322167267072187,0.2530973451327434,0.006420432425057891
S1,51,3,0.08590902067467183,0.5097345132743363,0.006420432425057891
S1,52,0,0.03554330728614373,0.32389380530973455,0.008247860988423224
S1,52,1,0.04177518369248004,0.41769911504424784,0.008247860988423224
S1,52,2,0.032941325039659346,0.24424778761061952,0.008247860988423224
S1,52,3,0.08588748640183447,0.511504424778761,0.008247860988423224
S1,53,0,0.03591355856583708,0.3309734513274336,0.010595425102342753
S1,53,1,0.04064751020079789,0.4035398230088496,0.010595425102342753
S1,53,2,0.03261530253126892,0.24070796460176996,0.010595425102342753
S1,53,3,0.0777867125110914,0.5026548672566371,0.010595425102342753
S1,54,0,0.03749449668319605,0.35575221238938054,0.013611169399790854
S1,54,1,0.03919965717838894,0.3858407079646018,0.013611169399790854
S1,54,2,0.031682909802323904,0.22477876106194694,0.013611169399790854
S1,54,3,0.07483628480933063,0.4902654867256637,0.013611169399790854
S1,55,0,0.03888472942181382,0.37522123893805315,0.0174852760168008
S1,55,1,0.03972348034848035,0.3911504424778761,0.0174852760168008
S1,55,2,0.031555241448858476,0.2230088495575221,0.0174852760168008
S1,55,3,0.0648055645074659,0.4743362831858407,0.0174852760168008
S1,56,0,0.040377883859624,0.3893805309734514,0.022462058064489816
S1,56,1,0.0398596135859553,0.3858407079646018,0.022462058064489816
S1,56,2,0.031081782868603778,0.21238938053097345,0.022462058064489816
S1,56,3,0.0570387703170704,0.4495575221238938,0.022462058064489816
S1,57,0,0.0398415676464457,0.37522123893805315,0.02885536676731433
S1,57,1,0.0411457192300503,0.40176991150442476,0.02885536676731433
S1,57,2,0.030766263871985722,0.20707964601769913,0.02885536676731433
S1,57,3,0.05530930451983084,0.4283185840707965,0.02885536676731433
S1,58,0,0.03941761073279525,0.36460176991150445,0.03706838388920976
S1,58,1,0.044384911057477425,0.4389380530973451,0.03706838388920976
S1,58,2,0.030983968198591883,0.21415929203539824,0.03706838388920976
S1,58,3,0.05238850753673081,0.41415929203539825,0.03706838388920976
S1,59,0,0.04015961837719973,0.38053097345132747,0.047619047619047616
S1,59,1,0.04785920164251589,0.4672566371681416,0.047619047619047616
S1,59,2,0.03090498582463022,0.21415929203539824,0.047619047619047616
S1,59,3,0.05100645600645601,0.4,0.047619047619047616
S1,60,0,0.035839795177688476,0.3274336283185841,0.0014285714285714286
S1,60,1,0.04615457996602435,0.4849557522123894,0.0014285714285714286
S1,60,2,0.034392106413357326,0.2619469026548673,0.0014285714285714286
S1,60,3,0.08576506894800578,0.5097345132743363,0.0014285714285714286
S1,61,0,0.03594561546333559,0.3292035398230089,0.0018351814605048313
S1,61,1,0.046094461330978345,0.4831858407079646,0.0018351814605048313
S1,61,2,0.03433386529512785,0.2601769911504425,0.0018351814605048313
S1,61,3,0.08592817628092445,0.5132743362831859,0.0018351814605048313
S1,62,0,0.036200069771498346,0.3327433628318584,0.0023575236950864535
S1,62,1,0.046157081536027336,0.4831858407079646,0.0023575236950864535
S1,62,2,0.033697677988541036,0.2530973451327434,0.0023575236950864535
S1,62,3,0.08592817628092445,0.5132743362831859,0.0023575236950864535
S1,63,0,0.03640247467712257,0.33628318584070793,0.003028538644546454
S1,63,1,0.04565460734252631,0.4778761061946903,0.003028538644546454
S1,63,2,0.03375368993775686,0.25486725663716814,0.003028538644546454
S1,63,3,0.08592817628092445,0.5132743362831859,0.003028538644546454
S1,64,0,0.03623458237171916,0.3345132743362832,0.0038905425810258592
S1,64,1,0.04481188463007459,0.4672566371681416,0.0038905425810258592
S1,64,2,0.033463582055835134,0.2513274336283186,0.0038905425810258592
S1,64,3,0.08592817628092445,0.5132743362831859,0.0038905425810258592
S1,65,0,0.036304567941704724,0.336283185840708,0.004997896131202294
S1,65,1,0.044178193780491606,0.4548672566371682,0.004997896131202294
S1,65,2,0.033797163470989336,0.25663716814159293,0.004997896131202294
S1,65,3,0.08629186164632217,0.511504424778761,0.004997896131202294
S1,66,0,0.03611335025128129,0.3345132743362832,0.006420432425057891
S1,66,1,0.043618856698189185,0.4460176991150443,0.006420432425057891
S1,66,2,0.03328283319942317,0.25486725663716814,0.006420432425057891
S1,66,3,0.08626305067481539,0.5132743362831858,0.006420432425057891
S1,67,0,0.03580785032059395,0.3292035398230089,0.008247860988423224
S1,67,1,0.04216187537036905,0.42654867256637174,0.008247860988423224
S1,67,2,0.033064328487346424,0.24778761061946908,0.008247860988423224
S1,67,3,0.07919941338553427,0.5097345132743363,0.008247860988423224
S1,68,0,0.03623474495471159,0.336283185840708,0.010595425102342753
S1,68,1,0.040327862433414935,0.4017699115044248,0.010595425102342753
S1,68,2,0.0326065427542595,0.24070796460176994,0.010595425102342753
S1,68,3,0.07279072972029728,0.4973451327433629,0.010595425102342753
S1,69,0,0.03759975984109079,0.35752212389380533,0.013611169399790854
S1,69,1,0.03941435946077069,0.3893805309734514,0.013611169399790854
S1,69,2,0.031221639865256886,0.2176991150442478,0.013611169399790854
S1,69,3,0.06954527951832534,0.4867256637168142,0.013611169399790854
S1,70,0,0.03888472942181382,0.37522123893805315,0.0174852760168008
S1,70,1,0.04022345495705408,0.3982300884955752,0.0174852760168008
S1,70,2,0.031079081303156342,0.2123893805309735,0.0174852760168008
S1,70,3,0.06469140925632434,0.4725663716814159,0.0174852760168008
S1,71,0,0.040377883859624,0.3893805309734514,0.022462058064489816
S1,71,1,0.04046635322951112,0.39469026548672564,0.022462058064489816
S1,71,2,0.031081782868603778,0.21238938053097345,0.022462058064489816
S1,71,3,0.0570387703170704,0.4495575221238938,0.022462058064489816
S1,72,0,0.0398415676464457,0.37522123893805315,0.02885536676731433
S1,72,1,0.0411457192300503,0.40176991150442476,0.02885536676731433
S1,72,2,0.030766263871985722,0.20707964601769913,0.02885536676731433
S1,72,3,0.05530930451983084,0.4283185840707965,0.02885536676731433
S1,73,0,0.03941761073279525,0.36460176991150445,0.03706838388920976
S1,73,1,0.044384911057477425,0.4389380530973451,0.03706838388920976
S1,73,2,0.030983968198591883,0.21415929203539824,0.03706838388920976
S1,73,3,0.05238850753673081,0.41415929203539825,0.03706838388920976
S1,74,0,0.04015961837719973,0.38053097345132747,0.047619047619047616
S1,74,1,0.04785920164251589,0.4672566371681416,0.047619047619047616
S1,74,2,0.03090498582463022,0.21415929203539824,0.047619047619047616
S1,74,3,0.05100645600645601,0.4,0.047619047619047616
S1,75,0,0.037550376493290766,0.352212389380531,0.0014285714285714286
S1,75,1,0.04644430388642913,0.4761061946902655,0.0014285714285714286
S1,75,2,0.03419266781329948,0.25663716814159293,0.0014285714285714286
S1,75,3,0.08614588310240485,0.5150442477876106,0.0014285714285714286
S1,76,0,0.03762023177971453,0.35575221238938054,0.0018351814605048313
S1,76,1,0.04634912018187934,0.47433628318584076,0.0018351814605048313
S1,76,2,0.033451927072558736,0.2513274336283186,0.0018351814605048313
S1,76,3,0.08614588310240485,0.5150442477876106,0.0018351814605048313
S1,77,0,0.03752247345057323,0.35575221238938054,0.0023575236950864535
S1,77,1,0.046744951179360755,0.4761061946902655,0.0023575236950864535
S1,77,2,0.03340757010661931,0.24955752212389382,0.0023575236950864535
S1,77,3,0.08614588310240485,0.5150442477876106,0.0023575236950864535
S1,78,0,0.037908822538556854,0.36283185840707965,0.003028538644546454
S1,78,1,0.04673322173322174,0.4743362831858407,0.003028538644546454
S1,78,2,0.03340757010661931,0.24955752212389382,0.003028538644546454
S1,78,3,0.08605603584274626,0.5132743362831859,0.003028538644546454
S1,79,0,0.0375135656215608,0.35752212389380533,0.0038905425810258592
S1,79,1,0.04623190843635134,0.4690265486725664,0.0038905425810258592
S1,79,2,0.03311787881261334,0.24601769911504423,0.0038905425810258592
S1,79,3,0.08605603584274626,0.5132743362831859,0.0038905425810258592
S1,80,0,0.03703355252219677,0.35044247787610616,0.004997896131202294
S1,80,1,0.045656871508264696,0.46194690265486726,0.004997896131202294
S1,80,2,0.033162821198223044,0.2513274336283186,0.004997896131202294
S1,80,3,0.08613071844170071,0.5150442477876107,0.004997896131202294
S1,81,0,0.03716219368847973,0.352212389380531,0.006420432425057891
S1,81,1,0.045619207254171526,0.4601769911504425,0.006420432425057891
S1,81,2,0.03302369306284969,0.24778761061946902,0.006420432425057891
S1,81,3,0.08669150454622465,0.5150442477876106,0.006420432425057891
S1,82,0,0.03721825986531341,0.352212389380531,0.008247860988423224
S1,82,1,0.04454659833474607,0.4495575221238938,0.008247860988423224
S1,82,2,0.03294154758607362,0.2442477876106195,0.008247860988423224
S1,82,3,0.08562036040707083,0.5150442477876107,0.008247860988423224
S1,83,0,0.036929299016413356,0.3469026548672567,0.010595425102342753
S1,83,1,0.041850527338947174,0.42123893805309737,0.010595425102342753
S1,83,2,0.03208075516964838,0.23362831858407082,0.010595425102342753
S1,83,3,0.07323737984436676,0.5026548672566372,0.010595425102342753
S1,84,0,0.03772041361748747,0.3592920353982301,0.013611169399790854
S1,84,1,0.03966525410658106,0.3946902654867257,0.013611169399790854
S1,84,2,0.0312029629954472,0.2176991150442478,0.013611169399790854
S1,84,3,0.07064418061722644,0.4902654867256638,0.013611169399790854
S1,85,0,0.038789172804518074,0.37345132743362836,0.0174852760168008
S1,85,1,0.04043009321096084,0.40176991150442476,0.0174852760168008
S1,85,2,0.03100720349542948,0.2106194690265487,0.0174852760168008
S1,85,3,0.06469140925632434,0.4725663716814159,0.0174852760168008
S1,86,0,0.040377883859624,0.3893805309734514,0.022462058064489816
S1,86,1,0.04083162811886215,0.4,0.022462058064489816
S1,86,2,0.03097104089739669,0.21061946902654866,0.022462058064489816
S1,86,3,0.0570387703170704,0.4495575221238938,0.022462058064489816
S1,87,0,0.0398415676464457,0.37522123893805315,0.02885536676731433
S1,87,1,0.0411457192300503,0.40176991150442476,0.02885536676731433
S1,87,2,0.030766263871985722,0.20707964601769913,0.02885536676731433
S1,87,3,0.05530930451983084,0.4283185840707965,0.02885536676731433
S1,88,0,0.03941761073279525,0.36460176991150445,0.03706838388920976
S1,88,1,0.044384911057477425,0.4389380530973451,0.03706838388920976
S1,88,2,0.030983968198591883,0.21415929203539824,0.03706838388920976
S1,88,3,0.05238850753673081,0.41415929203539825,0.03706838388920976
S1,89,0,0.04015961837719973,0.38053097345132747,0.047619047619047616
S1,89,1,0.04785920164251589,0.4672566371681416,0.047619047619047616
S1,89,2,0.03090498582463022,0.21415929203539824,0.047619047619047616
S1,89,3,0.05100645600645601,0.4,0.047619047619047616
S1,90,0,0.03702223981729847,0.3451327433628319,0.0014285714285714286
S1,90,1,0.04677167277167277,0.4761061946902655,0.0014285714285714286
S1,90,2,0.03306569348050652,0.24424778761061952,0.0014285714285714286
S1,90,3,0.08628228018663767,0.5150442477876107,0.0014285714285714286
S1,91,0,0.037153624680197214,0.3486725663716814,0.0018351814605048313
S1,91,1,0.04666940767027049,0.4743362831858407,0.0018351814605048313
S1,91,2,0.03312063853545158,0.24601769911504429,0.0018351814605048313
S1,91,3,0.08628228018663767,0.5150442477876107,0.0018351814605048313
S1,92,0,0.03748764939716204,0.35398230088495575,0.0023575236950864535
S1,92,1,0.04702987024951727,0.4761061946902655,0.0023575236950864535
S1,92,2,0.03319251634317844,0.24778761061946905,0.0023575236950864535
S1,92,3,0.08707279402062977,0.5168141592920354,0.0023575236950864535
S1,93,0,0.03767385342094336,0.35752212389380533,0.003028538644546454
S1,93,1,0.04734123043457701,0.4761061946902655,0.003028538644546454
S1,93,2,0.03272963169283183,0.24247787610619476,0.003028538644546454
S1,93,3,0.08684654967673837,0.5150442477876107,0.003028538644546454
S1,94,0,0.037938403685493616,0.36106194690265486,0.0038905425810258592
S1,94,1,0.04673853832749496,0.46902654867256643,0.0038905425810258592
S1,94,2,0.0329733761321174,0.24601769911504429,0.0038905425810258592
S1,94,3,0.08684654967673837,0.5150442477876107,0.0038905425810258592
S1,95,0,0.038078166089406965,0.36283185840707965,0.004997896131202294
S1,95,1,0.046739029064827804,0.46902654867256643,0.004997896131202294
S1,95,2,0.03299065477067642,0.24601769911504426,0.004997896131202294
S1,95,3,0.08604255057007312,0.5132743362831859,0.004997896131202294
S1,96,0,0.03830546127542791,0.36637168141592924,0.006420432425057891
S1,96,1,0.047023033348832094,0.47256637168141596,0.006420432425057891
S1,96,2,0.03307295811367833,0.2442477876106195,0.006420432425057891
S1,96,3,0.0873476618061555,0.5150442477876106,0.006420432425057891
S1,97,0,0.038107457756986714,0.3646017699115044,0.008247860988423224
S1,97,1,0.045219920266649234,0.45486725663716815,0.008247860988423224
S1,97,2,0.0330228598597055,0.2424778761061947,0.008247860988423224
S1,97,3,0.07506476003780586,0.5150442477876107,0.008247860988423224
S1,98,0,0.03816728341229249,0.36460176991150445,0.010595425102342753
S1,98,1,0.043816924918115396,0.4424778761061947,0.010595425102342753
S1,98,2,0.032602303496829535,0.23716814159292038,0.010595425102342753
S1,98,3,0.07323737984436676,0.5026548672566372,0.010595425102342753
S1,99,0,0.03827686278960642,0.368141592920354,0.013611169399790854
S1,99,1,0.041999229746356934,0.4212389380530973,0.013611169399790854
S1,99,2,0.03159273534847781,0.22300884955752215,0.013611169399790854
S1,99,3,0.0708681981313765,0.4938053097345133,0.013611169399790854
S1,100,0,0.03901967431830802,0.3752212389380531,0.0174852760168008
S1,100,1,0.040752673856122135,0.40530973451327434,0.0174852760168008
S1,100,2,0.03126848539499946,0.21592920353982303,0.0174852760168008
S1,100,3,0.0621451576217069,0.4743362831858407,0.0174852760168008
S1,101,0,0.040252570576415986,0.38761061946902653,0.022462058064489816
S1,101,1,0.041057820493304364,0.40353982300884955,0.022462058064489816
S1,101,2,0.03097104089739669,0.21061946902654866,0.022462058064489816
S1,101,3,0.0570387703170704,0.4495575221238938,0.022462058064489816
S1,102,0,0.0398415676464457,0.37522123893805315,0.02885536676731433
S1,102,1,0.0411457192300503,0.40176991150442476,0.02885536676731433
S1,102,2,0.03072050775210469,0.20530973451327433,0.02885536676731433
S1,102,3,0.05530930451983084,0.4283185840707965,0.02885536676731433
S1,103,0,0.03941761073279525,0.36460176991150445,0.03706838388920976
S1,103,1,0.044384911057477425,0.4389380530973451,0.03706838388920976
S1,103,2,0.030983968198591883,0.21415929203539824,0.03706838388920976
S1,103,3,0.05238850753673081,0.41415929203539825,0.03706838388920976
S1,104,0,0.04015961837719973,0.38053097345132747,0.047619047619047616
S1,104,1,0.04785920164251589,0.4672566371681416,0.047619047619047616
S1,104,2,0.03090498582463022,0.21415929203539824,0.047619047619047616
S1,104,3,0.05100645600645601,0.4,0.047619047619047616
S1,105,0,0.03675908713964635,0.3415929203539823,0.0014285714285714286
S1,105,1,0.04669915179650277,0.4761061946902655,0.0014285714285714286
S1,105,2,0.03332116995080621,0.24778761061946905,0.0014285714285714286
S1,105,3,0.0875529860974605,0.5203539823008849,0.0014285714285714286
S1,106,0,0.03672943554587319,0.34159292035398237,0.0018351814605048313
S1,106,1,0.04651772944526909,0.4725663716814159,0.0018351814605048313
S1,106,2,0.03310611618736535,0.24601769911504426,0.0018351814605048313
S1,106,3,0.0875529860974605,0.5203539823008849,0.0018351814605048313
S1,107,0,0.03703780217642827,0.3469026548672567,0.0023575236950864535
S1,107,1,0.046260070048217784,0.4690265486725664,0.0023575236950864535
S1,107,2,0.03284573161208547,0.2424778761061947,0.0023575236950864535
S1,107,3,0.08746481822583292,0.5185840707964602,0.0023575236950864535
S1,108,0,0.03753988342092132,0.35398230088495575,0.003028538644546454
S1,108,1,0.04609613562198828,0.46725663716814164,0.003028538644546454
S1,108,2,0.03290284183481534,0.24424778761061947,0.003028538644546454
S1,108,3,0.08746481822583292,0.5185840707964602,0.003028538644546454
S1,109,0,0.03781289853975993,0.35752212389380533,0.0038905425810258592
S1,109,1,0.0470377303635291,0.47433628318584076,0.0038905425810258592
S1,109,2,0.032974244903817895,0.24601769911504429,0.0038905425810258592
S1,109,3,0.08746481822583292,0.5185840707964602,0.0038905425810258592
S1,110,0,0.03803417867488563,0.36106194690265486,0.004997896131202294
S1,110,1,0.047150944832675776,0.4725663716814159,0.004997896131202294
S1,110,2,0.03279296863530875,0.24070796460176994,0.004997896131202294
S1,110,3,0.0865040890316116,0.5168141592920354,0.004997896131202294
S1,111,0,0.038353711439579184,0.36637168141592924,0.006420432425057891
S1,111,1,0.04715181789012295,0.46902654867256643,0.006420432425057891
S1,111,2,0.03300373000706705,0.2424778761061947,0.006420432425057891
S1,111,3,0.08669150454622465,0.5150442477876106,0.006420432425057891
S1,112,0,0.0384591899059067,0.368141592920354,0.008247860988423224
S1,112,1,0.04735372645342894,0.4725663716814159,0.008247860988423224
S1,112,2,0.03325720415173018,0.2442477876106195,0.008247860988423224
S1,112,3,0.07418607833218618,0.511504424778761,0.008247860988423224
S1,113,0,0.03874991202719054,0.3734513274336283,0.010595425102342753
S1,113,1,0.046763894831930775,0.46725663716814164,0.010595425102342753
S1,113,2,0.03249268226919588,0.2336283185840708,0.010595425102342753
S1,113,3,0.07339602606329855,0.504424778761062,0.010595425102342753
S1,114,0,0.03925672029120305,0.3823008849557522,0.013611169399790854
S1,114,1,0.044624366918484565,0.44601769911504424,0.013611169399790854
S1,114,2,0.03161847681263318,0.22300884955752215,0.013611169399790854
S1,114,3,0.07131125750084362,0.4920353982300885,0.013611169399790854
S1,115,0,0.04014230273166354,0.39292035398230096,0.0174852760168008
S1,115,1,0.0416955214596724,0.4123893805309734,0.0174852760168008
S1,115,2,0.03171300044984256,0.22300884955752215,0.0174852760168008
S1,115,3,0.06226588196778335,0.47610619469026544,0.0174852760168008
S1,116,0,0.040687108473837705,0.3946902654867257,0.022462058064489816
S1,116,1,0.04141331038798765,0.4053097345132743,0.022462058064489816
S1,116,2,0.031081782868603778,0.21238938053097345,0.022462058064489816
S1,116,3,0.05759254763927662,0.45486725663716815,0.022462058064489816
S1,117,0,0.0398415676464457,0.37522123893805315,0.02885536676731433
S1,117,1,0.0411457192300503,0.40176991150442476,0.02885536676731433
S1,117,2,0.03072050775210469,0.20530973451327433,0.02885536676731433
S1,117,3,0.05530930451983084,0.4283185840707965,0.02885536676731433
S1,118,0,0.03941761073279525,0.36460176991150445,0.03706838388920976
S1,118,1,0.044384911057477425,0.4389380530973451,0.03706838388920976
S1,118,2,0.030983968198591883,0.21415929203539824,0.03706838388920976
S1,118,3,0.05238850753673081,0.41415929203539825,0.03706838388920976
S1,119,0,0.04015961837719973,0.38053097345132747,0.047619047619047616
S1,119,1,0.04785920164251589,0.4672566371681416,0.047619047619047616
S1,119,2,0.03090498582463022,0.21415929203539824,0.047619047619047616
S1,119,3,0.05100645600645601,0.4,0.047619047619047616
S1,120,0,0.036749960429411775,0.34159292035398237,0.0014285714285714286
S1,120,1,0.04719015766841854,0.47787610619469023,0.0014285714285714286
S1,120,2,0.032971620653050336,0.2442477876106195,0.0014285714285714286
S1,120,3,0.09012737737617071,0.5327433628318583,0.0014285714285714286
S1,121,0,0.036749960429411775,0.34159292035398237,0.0018351814605048313
S1,121,1,0.04712855260681347,0.4761061946902655,0.0018351814605048313
S1,121,2,0.0326039735942268,0.24070796460176994,0.0018351814605048313
S1,121,3,0.08950722233741103,0.5292035398230088,0.0018351814605048313
S1,122,0,0.03689985391951088,0.3433628318584071,0.0023575236950864535
S1,122,1,0.04785714285714286,0.4814159292035398,0.0023575236950864535
S1,122,2,0.03245603092201229,0.23716814159292038,0.0023575236950864535
S1,122,3,0.09037143541816439,0.5292035398230088,0.0023575236950864535
S1,123,0,0.037160340669500684,0.3469026548672567,0.003028538644546454
S1,123,1,0.04821914669684417,0.4831858407079646,0.003028538644546454
S1,123,2,0.03239892069928242,0.2353982300884956,0.003028538644546454
S1,123,3,0.08912919939331967,0.5256637168141594,0.003028538644546454
S1,124,0,0.037639212043884984,0.35398230088495575,0.0038905425810258592
S1,124,1,0.04798857136863367,0.4796460176991151,0.0038905425810258592
S1,124,2,0.03228796369512153,0.23539823008849559,0.0038905425810258592
S1,124,3,0.08892636117821306,0.5256637168141594,0.0038905425810258592
S1,125,0,0.03753794076614311,0.352212389380531,0.004997896131202294
S1,125,1,0.0475557771808194,0.4743362831858407,0.004997896131202294
S1,125,2,0.03251732822499111,0.23539823008849559,0.004997896131202294
S1,125,3,0.08777501223350592,0.5185840707964602,0.004997896131202294
S1,126,0,0.037708408953418024,0.35398230088495575,0.006420432425057891
S1,126,1,0.04650098807930133,0.4654867256637168,0.006420432425057891
S1,126,2,0.03271619052695164,0.23716814159292038,0.006420432425057891
S1,126,3,0.08742531663046145,0.5168141592920354,0.006420432425057891
S1,127,0,0.038121524031476124,0.3610619469026549,0.008247860988423224
S1,127,1,0.04735584308267633,0.47079646017699117,0.008247860988423224
S1,127,2,0.03256266209840271,0.2353982300884956,0.008247860988423224
S1,127,3,0.07710476339287167,0.5044247787610621,0.008247860988423224
S1,128,0,0.03894831372192692,0.37522123893805315,0.010595425102342753
S1,128,1,0.04815115790848854,0.47433628318584076,0.010595425102342753
S1,128,2,0.03189322684760498,0.22477876106194694,0.010595425102342753
S1,128,3,0.07791111673464393,0.5026548672566372,0.010595425102342753
S1,129,0,0.03953838506354214,0.38761061946902653,0.013611169399790854
S1,129,1,0.046878781636112275,0.46194690265486726,0.013611169399790854
S1,129,2,0.03189088196451967,0.22477876106194689,0.013611169399790854
S1,129,3,0.07607316226274838,0.4938053097345133,0.013611169399790854
S1,130,0,0.04111719086743747,0.40530973451327434,0.0174852760168008
S1,130,1,0.044068022163285495,0.4371681415929204,0.0174852760168008
S1,130,2,0.031094100258186947,0.21238938053097345,0.0174852760168008
S1,130,3,0.06226588196778335,0.47610619469026544,0.0174852760168008
S1,131,0,0.04064770095109687,0.39646017699115044,0.022462058064489816
S1,131,1,0.042338286191669655,0.415929203539823,0.022462058064489816
S1,131,2,0.030853815788427885,0.20707964601769913,0.022462058064489816
S1,131,3,0.05759254763927662,0.45486725663716815,0.022462058064489816
S1,132,0,0.03991697191697192,0.3769911504424779,0.02885536676731433
S1,132,1,0.04205920112799391,0.4106194690265486,0.02885536676731433
S1,132,2,0.030736320979564056,0.20530973451327433,0.02885536676731433
S1,132,3,0.05560960482013114,0.4300884955752212,0.02885536676731433
S1,133,0,0.03941761073279525,0.36460176991150445,0.03706838388920976
S1,133,1,0.044384911057477425,0.4389380530973451,0.03706838388920976
S1,133,2,0.030983968198591883,0.21415929203539824,0.03706838388920976
S1,133,3,0.05238850753673081,0.41415929203539825,0.03706838388920976
S1,134,0,0.04015961837719973,0.38053097345132747,0.047619047619047616
S1,134,1,0.04785920164251589,0.4672566371681416,0.047619047619047616
S1,134,2,0.03090498582463022,0.21415929203539824,0.047619047619047616
S1,134,3,0.05100645600645601,0.4,0.047619047619047616
S1,135,0,0.036821422546961864,0.3415929203539823,0.0014285714285714286
S1,135,1,0.050069797017632756,0.49734513274336284,0.0014285714285714286
S1,135,2,0.03297304428009088,0.24070796460176994,0.0014285714285714286
S1,135,3,0.08807404558508533,0.5238938053097345,0.0014285714285714286
S1,136,0,0.036807466758358186,0.34159292035398225,0.0018351814605048313
S1,136,1,0.04959190281880832,0.4920353982300885,0.0018351814605048313
S1,136,2,0.033246339161761215,0.2442477876106195,0.0018351814605048313
S1,136,3,0.08798587771345776,0.5221238938053097,0.0018351814605048313
S1,137,0,0.0365568722824116,0.3380530973451328,0.0023575236950864535
S1,137,1,0.0491084780301847,0.488495575221239,0.0023575236950864535
S1,137,2,0.03318809804353175,0.2424778761061947,0.0023575236950864535
S1,137,3,0.08746481822583292,0.5185840707964602,0.0023575236950864535
S1,138,0,0.03664780289281197,0.3398230088495575,0.003028538644546454
S1,138,1,0.04886457559116031,0.4849557522123894,0.003028538644546454
S1,138,2,0.03277143137686508,0.23893805309734517,0.003028538644546454
S1,138,3,0.08596786797111869,0.511504424778761,0.003028538644546454
S1,139,0,0.03682890079886743,0.3433628318584071,0.0038905425810258592
S1,139,1,0.04816892341724726,0.4814159292035398,0.0038905425810258592
S1,139,2,0.03321028559380918,0.24247787610619467,0.0038905425810258592
S1,139,3,0.08596786797111869,0.511504424778761,0.0038905425810258592
S1,140,0,0.037247618492233014,0.3504424778761062,0.004997896131202294
S1,140,1,0.04755140824736856,0.4743362831858407,0.004997896131202294
S1,140,2,0.033218589134011184,0.24247787610619467,0.004997896131202294
S1,140,3,0.08533849734174806,0.5061946902654867,0.004997896131202294
S1,141,0,0.03744100653737122,0.35221238938053095,0.006420432425057891
S1,141,1,0.0467970646528065,0.463716814159292,0.006420432425057891
S1,141,2,0.03337998458835947,0.24601769911504426,0.006420432425057891
S1,141,3,0.08529452170953714,0.5079646017699115,0.006420432425057891
S1,142,0,0.038000550928650706,0.3610619469026549,0.008247860988423224
S1,142,1,0.04719498690380222,0.463716814159292,0.008247860988423224
S1,142,2,0.03285324789187184,0.23893805309734512,0.008247860988423224
S1,142,3,0.0770239553120636,0.5026548672566372,0.008247860988423224
S1,143,0,0.038133823580071044,0.36460176991150445,0.010595425102342753
S1,143,1,0.048213277405823984,0.47079646017699117,0.010595425102342753
S1,143,2,0.03245476275137292,0.23008849557522124,0.010595425102342753
S1,143,3,0.07782458160137984,0.5008849557522124,0.010595425102342753
S1,144,0,0.039456237707363215,0.3858407079646018,0.013611169399790854
S1,144,1,0.04825717989455269,0.4690265486725663,0.013611169399790854
S1,144,2,0.031968599838847714,0.2247787610619469,0.013611169399790854
S1,144,3,0.07593330212288824,0.49203539823008857,0.013611169399790854
S1,145,0,0.04114578815919266,0.4053097345132744,0.0174852760168008
S1,145,1,0.04605122655122655,0.45486725663716815,0.0174852760168008
S1,145,2,0.030993059005196763,0.20707964601769913,0.0174852760168008
S1,145,3,0.060043659745561126,0.4743362831858407,0.0174852760168008
S1,146,0,0.04098762465457167,0.40176991150442476,0.022462058064489816
S1,146,1,0.04449481074481075,0.4407079646017699,0.022462058064489816
S1,146,2,0.03084743803725209,0.20530973451327436,0.022462058064489816
S1,146,3,0.05750601250601251,0.45309734513274336,0.022462058064489816
S1,147,0,0.04012025902739037,0.38053097345132747,0.02885536676731433
S1,147,1,0.04336634183054509,0.42654867256637163,0.02885536676731433
S1,147,2,0.031088167919057403,0.21238938053097348,0.02885536676731433
S1,147,3,0.05560960482013114,0.4300884955752212,0.02885536676731433
S1,148,0,0.03929716508389431,0.36283185840707965,0.03706838388920976
S1,148,1,0.04419167434250158,0.4371681415929204,0.03706838388920976
S1,148,2,0.030916778948871838,0.21238938053097345,0.03706838388920976
S1,148,3,0.05238850753673081,0.41415929203539825,0.03706838388920976
S1,149,0,0.04015961837719973,0.38053097345132747,0.047619047619047616
S1,149,1,0.04785920164251589,0.4672566371681416,0.047619047619047616
S1,149,2,0.03090498582463022,0.21415929203539824,0.047619047619047616
S1,149,3,0.05100645600645601,0.4,0.047619047619047616
S1,150,0,0.036179359055947075,0.3292035398230089,0.0014285714285714286
S1,150,1,0.050287932310667575,0.5008849557522124,0.0014285714285714286
S1,150,2,0.03303823449605443,0.24778761061946908,0.0014285714285714286
S1,150,3,0.08557867868372043,0.5061946902654868,0.0014285714285714286
S1,151,0,0.036370922725771616,0.3327433628318584,0.0018351814605048313
S1,151,1,0.05019976443903999,0.49911504424778763,0.0018351814605048313
S1,151,2,0.032941325039659346,0.24424778761061952,0.0018351814605048313
S1,151,3,0.08557867868372043,0.5061946902654868,0.0018351814605048313
S1,152,0,0.03626707835419269,0.3309734513274336,0.0023575236950864535
S1,152,1,0.049978280496625824,0.49734513274336284,0.0023575236950864535
S1,152,2,0.033142937942885156,0.24601769911504429,0.0023575236950864535
S1,152,3,0.08566362601637417,0.5079646017699115,0.0023575236950864535
S1,153,0,0.036235671884974896,0.3309734513274336,0.003028538644546454
S1,153,1,0.04918145107899888,0.48849557522123893,0.003028538644546454
S1,153,2,0.033090691338914416,0.2442477876106195,0.003028538644546454
S1,153,3,0.0856152001427227,0.5097345132743363,0.003028538644546454
S1,154,0,0.036186121245126185,0.3309734513274336,0.0038905425810258592
S1,154,1,0.0489314120103944,0.4849557522123894,0.0038905425810258592
S1,154,2,0.0334845576368439,0.24601769911504426,0.0038905425810258592
S1,154,3,0.0856152001427227,0.5097345132743363,0.0038905425810258592
S1,155,0,0.03635846032351612,0.3345132743362832,0.004997896131202294
S1,155,1,0.04774850546279118,0.4725663716814159,0.004997896131202294
S1,155,2,0.0333644436853257,0.24601769911504423,0.004997896131202294
S1,155,3,0.08402187559287641,0.5044247787610618,0.004997896131202294
S1,156,0,0.03707047046796692,0.3486725663716814,0.006420432425057891
S1,156,1,0.04767153148926548,0.4672566371681416,0.006420432425057891
S1,156,2,0.03307040169813141,0.2407079646017699,0.006420432425057891
S1,156,3,0.0834576122699924,0.49911504424778763,0.006420432425057891
S1,157,0,0.03757857675259439,0.35752212389380533,0.008247860988423224
S1,157,1,0.04726733798162369,0.4601769911504424,0.008247860988423224
S1,157,2,0.032855894666183834,0.23716814159292038,0.008247860988423224
S1,157,3,0.07766309976909114,0.49557522123893805,0.008247860988423224
S1,158,0,0.03789806879556525,0.36283185840707965,0.010595425102342753
S1,158,1,0.048158741289877335,0.46194690265486726,0.010595425102342753
S1,158,2,0.03242588396326082,0.22831858407079647,0.010595425102342753
S1,158,3,0.07678306878306879,0.4938053097345133,0.010595425102342753
S1,159,0,0.039271720375232126,0.38230088495575226,0.013611169399790854
S1,159,1,0.04847080583902438,0.4654867256637168,0.013611169399790854
S1,159,2,0.03186216777758983,0.21769911504424777,0.013611169399790854
S1,159,3,0.0707576464293754,0.4902654867256638,0.013611169399790854
S1,160,0,0.04058781807391374,0.39823008849557523,0.0174852760168008
S1,160,1,0.046650997150997145,0.45663716814159294,0.0174852760168008
S1,160,2,0.0313369172297388,0.21061946902654866,0.0174852760168008
S1,160,3,0.0621451576217069,0.4743362831858407,0.0174852760168008
S1,161,0,0.04074476802725551,0.39823008849557523,0.022462058064489816
S1,161,1,0.045778657951389426,0.45309734513274336,0.022462058064489816
S1,161,2,0.031170783077091976,0.20884955752212392,0.022462058064489816
S1,161,3,0.057252035317050795,0.45309734513274336,0.022462058064489816
S1,162,0,0.04025261081174146,0.3858407079646018,0.02885536676731433
S1,162,1,0.04457703974731839,0.4389380530973451,0.02885536676731433
S1,162,2,0.030977586001377462,0.20884955752212392,0.02885536676731433
S1,162,3,0.055458089668615984,0.4265486725663717,0.02885536676731433
S1,163,0,0.039507107119903136,0.368141592920354,0.03706838388920976
S1,163,1,0.04515862660430222,0.4460176991150442,0.03706838388920976
S1,163,2,0.030916778948871838,0.21238938053097345,0.03706838388920976
S1,163,3,0.05238850753673081,0.41415929203539825,0.03706838388920976
S1,164,0,0.04015961837719973,0.38053097345132747,0.047619047619047616
S1,164,1,0.04785920164251589,0.4672566371681416,0.047619047619047616
S1,164,2,0.03090498582463022,0.21415929203539824,0.047619047619047616
S1,164,3,0.05100645600645601,0.4,0.047619047619047616
S1,165,0,0.03554894368724472,0.3168141592920354,0.0014285714285714286
S1,165,1,0.04927156177156177,0.488495575221239,0.0014285714285714286
S1,165,2,0.03302508229432272,0.24601769911504423,0.0014285714285714286
S1,165,3,0.08644387511666697,0.5097345132743363,0.0014285714285714286
S1,166,0,0.03579389163580565,0.32035398230088497,0.0018351814605048313
S1,166,1,0.049401078180147946,0.48849557522123893,0.0018351814605048313
S1,166,2,0.03302508229432272,0.24601769911504423,0.0018351814605048313
S1,166,3,0.08565336128267487,0.5079646017699115,0.0018351814605048313
S1,167,0,0.035759253699614565,0.32035398230088497,0.0023575236950864535
S1,167,1,0.04954212454212454,0.488495575221239,0.0023575236950864535
S1,167,2,0.03317323355627614,0.24601769911504426,0.0023575236950864535
S1,167,3,0.0855286650094586,0.5079646017699115,0.0023575236950864535
S1,168,0,0.03581769905320895,0.3221238938053097,0.003028538644546454
S1,168,1,0.04928571428571429,0.48495575221238935,0.003028538644546454
S1,168,2,0.03333604071574626,0.24601769911504426,0.003028538644546454
S1,168,3,0.0856152001427227,0.5097345132743363,0.003028538644546454
S1,169,0,0.035848983014650164,0.32389380530973455,0.0038905425810258592
S1,169,1,0.048729357062690395,0.4796460176991151,0.0038905425810258592
S1,169,2,0.03328496819276362,0.24424778761061944,0.0038905425810258592
S1,169,3,0.08468854225954309,0.5061946902654867,0.0038905425810258592
S1,170,0,0.036050264800296564,0.3309734513274336,0.004997896131202294
S1,170,1,0.04817460317460317,0.4725663716814159,0.004997896131202294
S1,170,2,0.03327280033911753,0.2424778761061947,0.004997896131202294
S1,170,3,0.0834576122699924,0.49911504424778763,0.004997896131202294
S1,171,0,0.0363659859718973,0.3380530973451328,0.006420432425057891
S1,171,1,0.047805639986491046,0.463716814159292,0.006420432425057891
S1,171,2,0.03280938285431155,0.23716814159292038,0.006420432425057891
S1,171,3,0.08311278468378551,0.49557522123893805,0.006420432425057891
S1,172,0,0.037057293058896906,0.3504424778761062,0.008247860988423224
S1,172,1,0.04725008443093549,0.45309734513274336,0.008247860988423224
S1,172,2,0.03265823322911524,0.23185840707964606,0.008247860988423224
S1,172,3,0.07686231512429188,0.4920353982300885,0.008247860988423224
S1,173,0,0.03774966254959803,0.3610619469026549,0.010595425102342753
S1,173,1,0.047810910179128724,0.45486725663716815,0.010595425102342753
S1,173,2,0.03254059530370032,0.22831858407079647,0.010595425102342753
S1,173,3,0.0764108205692364,0.488495575221239,0.010595425102342753
S1,174,0,0.038726448874855685,0.37345132743362836,0.013611169399790854
S1,174,1,0.04804318745134532,0.46194690265486726,0.013611169399790854
S1,174,2,0.031547682237496294,0.21061946902654866,0.013611169399790854
S1,174,3,0.0695157791934459,0.47787610619469023,0.013611169399790854
S1,175,0,0.0401163098831073,0.3911504424778761,0.0174852760168008
S1,175,1,0.04697642662725387,0.4566371681415929,0.0174852760168008
S1,175,2,0.031427481438765933,0.21238938053097345,0.0174852760168008
S1,175,3,0.06108379751396478,0.4672566371681416,0.0174852760168008
S1,176,0,0.040780781689927645,0.39823008849557523,0.022462058064489816
S1,176,1,0.0460001418938036,0.4548672566371681,0.022462058064489816
S1,176,2,0.031320767379208594,0.21061946902654868,0.022462058064489816
S1,176,3,0.057252035317050795,0.45309734513274336,0.022462058064489816
S1,177,0,0.04079819405188044,0.3929203539823009,0.02885536676731433
S1,177,1,0.04534210337343983,0.44601769911504424,0.02885536676731433
S1,177,2,0.030977586001377462,0.20884955752212392,0.02885536676731433
S1,177,3,0.05531780046602374,0.42300884955752216,0.02885536676731433
S1,178,0,0.039748653013622945,0.3734513274336283,0.03706838388920976
S1,178,1,0.04618112194367435,0.45309734513274336,0.03706838388920976
S1,178,2,0.03071006060261861,0.20884955752212392,0.03706838388920976
S1,178,3,0.05247192929115126,0.41238938053097346,0.03706838388920976
S1,179,0,0.04015961837719973,0.38053097345132747,0.047619047619047616
S1,179,1,0.04785920164251589,0.4672566371681416,0.047619047619047616
S1,179,2,0.03090498582463022,0.21415929203539824,0.047619047619047616
S1,179,3,0.05100645600645601,0.4,0.047619047619047616
S1,180,0,0.03529771359289144,0.31327433628318585,0.0014285714285714286
S1,180,1,0.04932579115854096,0.48672566371681414,0.0014285714285714286
S1,180,2,0.032820029399378337,0.2407079646017699,0.0014285714285714286
S1,180,3,0.08579321527400885,0.5132743362831858,0.0014285714285714286
S1,181,0,0.035521158461519334,0.3168141592920354,0.0018351814605048313
S1,181,1,0.049690827190827194,0.48672566371681414,0.0018351814605048313
S1,181,2,0.03302164230260414,0.2424778761061947,0.0018351814605048313
S1,181,3,0.08579321527400885,0.5132743362831858,0.0018351814605048313
S1,182,0,0.035521158461519334,0.3168141592920354,0.0023575236950864535
S1,182,1,0.04991983325316659,0.48672566371681414,0.0023575236950864535
S1,182,2,0.03304144073459183,0.2424778761061947,0.0023575236950864535
S1,182,3,0.08570336801435027,0.511504424778761,0.0023575236950864535
S1,183,0,0.03538744547605618,0.31504424778761064,0.003028538644546454
S1,183,1,0.04984081934671905,0.4849557522123894,0.003028538644546454
S1,183,2,0.03310323779305185,0.23893805309734512,0.003028538644546454
S1,183,3,0.08550134781233008,0.5097345132743363,0.003028538644546454
S1,184,0,0.03543010284844286,0.3168141592920354,0.0038905425810258592
S1,184,1,0.04910363283840789,0.4796460176991151,0.0038905425810258592
S1,184,2,0.032945294252340857,0.23893805309734512,0.0038905425810258592
S1,184,3,0.08412427893665907,0.5008849557522124,0.0038905425810258592
S1,185,0,0.035890376924859684,0.3274336283185841,0.004997896131202294
S1,185,1,0.048438444368341375,0.4690265486725663,0.004997896131202294
S1,185,2,0.03292335849380738,0.23716814159292035,0.004997896131202294
S1,185,3,0.08328227620920924,0.49734513274336284,0.004997896131202294
S1,186,0,0.036342911877394635,0.3380530973451328,0.006420432425057891
S1,186,1,0.047702471490671534,0.4584070796460177,0.006420432425057891
S1,186,2,0.03293484879389753,0.23716814159292032,0.006420432425057891
S1,186,3,0.08328227620920924,0.49734513274336284,0.006420432425057891
S1,187,0,0.0365103261761471,0.3415929203539823,0.008247860988423224
S1,187,1,0.046977833809512114,0.44955752212389377,0.008247860988423224
S1,187,2,0.03276961724191535,0.23185840707964603,0.008247860988423224
S1,187,3,0.07612353737195754,0.4902654867256637,0.008247860988423224
S1,188,0,0.03696842805909059,0.3486725663716814,0.010595425102342753
S1,188,1,0.04765061154056922,0.4548672566371681,0.010595425102342753
S1,188,2,0.03211354230428273,0.22300884955752212,0.010595425102342753
S1,188,3,0.07619330560507032,0.48495575221238935,0.010595425102342753
S1,189,0,0.03831135902636917,0.36637168141592924,0.013611169399790854
S1,189,1,0.04758736697448698,0.4584070796460177,0.013611169399790854
S1,189,2,0.03166303357845563,0.2141592920353982,0.013611169399790854
S1,189,3,0.06898667866434538,0.4761061946902655,0.013611169399790854
S1,190,0,0.039287274578248293,0.3787610619469027,0.0174852760168008
S1,190,1,0.046928597173775344,0.4548672566371681,0.0174852760168008
S1,190,2,0.03151288342830548,0.21238938053097345,0.0174852760168008
S1,190,3,0.059789874222863915,0.45486725663716815,0.0174852760168008
S1,191,0,0.040447887686942685,0.3929203539823009,0.022462058064489816
S1,191,1,0.046157808313888174,0.45486725663716815,0.022462058064489816
S1,191,2,0.03139702123101458,0.21061946902654866,0.022462058064489816
S1,191,3,0.05643621668851027,0.4424778761061947,0.022462058064489816
S1,192,0,0.040466771749910674,0.38761061946902653,0.02885536676731433
S1,192,1,0.045890959027538425,0.45309734513274336,0.02885536676731433
S1,192,2,0.030847715871507333,0.20530973451327433,0.02885536676731433
S1,192,3,0.055409312705785814,0.42477876106194695,0.02885536676731433
S1,193,0,0.039951447849632185,0.3769911504424779,0.03706838388920976
S1,193,1,0.04668012670014958,0.45663716814159294,0.03706838388920976
S1,193,2,0.030811070703628707,0.2106194690265487,0.03706838388920976
S1,193,3,0.05447811656049642,0.41415929203539825,0.03706838388920976
S1,194,0,0.04015961837719973,0.38053097345132747,0.047619047619047616
S1,194,1,0.04860717076645832,0.4725663716814159,0.047619047619047616
S1,194,2,0.03090498582463022,0.21415929203539824,0.047619047619047616
S1,194,3,0.05100645600645601,0.4,0.047619047619047616
S1,195,0,0.03519194944693692,0.31150442477876106,0.0014285714285714286
S1,195,1,0.04897123025436917,0.479646017699115,0.0014285714285714286
S1,195,2,0.03248822335495547,0.23539823008849556,0.0014285714285714286
S1,195,3,0.08421244680828666,0.5026548672566371,0.0014285714285714286
S1,196,0,0.035080879472853245,0.30973451327433627,0.0018351814605048313
S1,196,1,0.0501857906999751,0.48672566371681414,0.0018351814605048313
S1,196,2,0.032367080458255745,0.23539823008849559,0.0018351814605048313
S1,196,3,0.08430229406794523,0.5044247787610618,0.0018351814605048313
S1,197,0,0.035336601212164226,0.31504424778761064,0.0023575236950864535
S1,197,1,0.05019774763511289,0.4849557522123894,0.0023575236950864535
S1,197,2,0.032280833987332044,0.23185840707964606,0.0023575236950864535
S1,197,3,0.08421244680828666,0.5026548672566371,0.0023575236950864535
S1,198,0,0.035371657494848475,0.31504424778761064,0.003028538644546454
S1,198,1,0.05105539952367046,0.48849557522123893,0.003028538644546454
S1,198,2,0.03223089640930458,0.23008849557522126,0.003028538644546454
S1,198,3,0.08403711074750347,0.5008849557522124,0.003028538644546454
S1,199,0,0.03526354938674036,0.31327433628318585,0.0038905425810258592
S1,199,1,0.04996545959794679,0.4814159292035398,0.0038905425810258592
S1,199,2,0.03280015637135392,0.23539823008849559,0.0038905425810258592
S1,199,3,0.08337044408083683,0.49911504424778763,0.0038905425810258592
S1,200,0,0.035842884461055595,0.3274336283185841,0.004997896131202294
S1,200,1,0.04899751368618067,0.47079646017699117,0.004997896131202294
S1,200,2,0.0326807820252118,0.231858407079646,0.004997896131202294
S1,200,3,0.0834576122699924,0.49911504424778763,0.004997896131202294
S1,201,0,0.036092911877394634,0.33274336283185846,0.006420432425057891
S1,201,1,0.048399483688384995,0.46194690265486726,0.006420432425057891
S1,201,2,0.032694841300275,0.23539823008849559,0.006420432425057891
S1,201,3,0.08319574107594513,0.49557522123893805,0.006420432425057891
S1,202,0,0.03629897628082746,0.3380530973451328,0.008247860988423224
S1,202,1,0.046814295459028654,0.4460176991150443,0.008247860988423224
S1,202,2,0.03271137612368588,0.23008849557522124,0.008247860988423224
S1,202,3,0.08224693050890727,0.4902654867256637,0.008247860988423224
S1,203,0,0.03695750609543713,0.3486725663716814,0.010595425102342753
S1,203,1,0.04682748538011696,0.44778761061946903,0.010595425102342753
S1,203,2,0.032422948244876786,0.2247787610619469,0.010595425102342753
S1,203,3,0.0738227413937422,0.4778761061946903,0.010595425102342753
S1,204,0,0.03771780520390086,0.35752212389380533,0.013611169399790854
S1,204,1,0.047476121178522346,0.45663716814159294,0.013611169399790854
S1,204,2,0.03186216777758983,0.21769911504424777,0.013611169399790854
S1,204,3,0.07202731531951141,0.4672566371681416,0.013611169399790854
S1,205,0,0.03894569692359587,0.3734513274336283,0.0174852760168008
S1,205,1,0.04663424866514111,0.45309734513274336,0.0174852760168008
S1,205,2,0.031629314890557515,0.21415929203539824,0.0174852760168008
S1,205,3,0.06981054424353393,0.44955752212389377,0.0174852760168008
S1,206,0,0.040207991242474,0.3876106194690266,0.022462058064489816
S1,206,1,0.045526689574210404,0.44778761061946903,0.022462058064489816
S1,206,2,0.03134314255808244,0.21061946902654866,0.022462058064489816
S1,206,3,0.0578932178932179,0.4283185840707965,0.022462058064489816
S1,207,0,0.0397014441427711,0.3787610619469027,0.02885536676731433
S1,207,1,0.04645058617869348,0.45663716814159294,0.02885536676731433
S1,207,2,0.030828457489912697,0.20530973451327436,0.02885536676731433
S1,207,3,0.05515249754842724,0.4194690265486726,0.02885536676731433
S1,208,0,0.04007189349853312,0.3787610619469027,0.03706838388920976
S1,208,1,0.046912414737315666,0.45840707964601773,0.03706838388920976
S1,208,2,0.030745281229944497,0.20884955752212392,0.03706838388920976
S1,208,3,0.05257949716187703,0.41061946902654867,0.03706838388920976
S1,209,0,0.03994817098265374,0.37699115044247794,0.047619047619047616
S1,209,1,0.04860717076645832,0.4725663716814159,0.047619047619047616
S1,209,2,0.03084501580963772,0.21238938053097345,0.047619047619047616
S1,209,3,0.05100645600645601,0.4,0.047619047619047616
S1,210,0,0.03491627418960389,0.30619469026548674,0.0014285714285714286
S1,210,1,0.04787700062788025,0.4707964601769911,0.0014285714285714286
S1,210,2,0.032434761713683084,0.23362831858407082,0.0014285714285714286
S1,210,3,0.0771343335369947,0.4938053097345133,0.0014285714285714286
S1,211,0,0.03476510165283094,0.304424778761062,0.0018351814605048313
S1,211,1,0.04811818876572385,0.47079646017699117,0.0018351814605048313
S1,211,2,0.032319613331242086,0.23362831858407082,0.0018351814605048313
S1,211,3,0.07728227620920922,0.49734513274336284,0.0018351814605048313
S1,212,0,0.03506998515859586,0.3097345132743363,0.0023575236950864535
S1,212,1,0.04920909785663294,0.4761061946902655,0.0023575236950864535
S1,212,2,0.03226854080825946,0.23185840707964603,0.0023575236950864535
S1,212,3,0.07653428588874642,0.4955752212389381,0.0023575236950864535
S1,213,0,0.035233795773346205,0.3132743362831859,0.003028538644546454
S1,213,1,0.05007489872243381,0.4814159292035398,0.003028538644546454
S1,213,2,0.03219931270164817,0.23008849557522126,0.003028538644546454
S1,213,3,0.07653428588874642,0.4955752212389381,0.003028538644546454
S1,214,0,0.035665866700349456,0.32212389380530976,0.0038905425810258592
S1,214,1,0.050551089198624284,0.4831858407079646,0.0038905425810258592
S1,214,2,0.032650677219547036,0.231858407079646,0.0038905425810258592
S1,214,3,0.08320095255541309,0.49734513274336284,0.0038905425810258592
S1,215,0,0.03616798484233575,0.33274336283185846,0.004997896131202294
S1,215,1,0.0494304141190811,0.4725663716814159,0.004997896131202294
S1,215,2,0.03266039396744057,0.231858407079646,0.004997896131202294
S1,215,3,0.08320095255541309,0.49734513274336284,0.004997896131202294
S1,216,0,0.03619278703344957,0.3345132743362832,0.006420432425057891
S1,216,1,0.048399483688384995,0.46194690265486726,0.006420432425057891
S1,216,2,0.032801306661865474,0.23008849557522124,0.006420432425057891
S1,216,3,0.0830262495505214,0.49380530973451325,0.006420432425057891
S1,217,0,0.036717850855781886,0.3451327433628319,0.008247860988423224
S1,217,1,0.047639780845287596,0.45663716814159294,0.008247860988423224
S1,217,2,0.03272866500345354,0.23185840707964603,0.008247860988423224
S1,217,3,0.08232307747254711,0.49203539823008846,0.008247860988423224
S1,218,0,0.03696522302877556,0.3486725663716814,0.010595425102342753
S1,218,1,0.0462629692510847,0.44778761061946903,0.010595425102342753
S1,218,2,0.03223355430548285,0.22300884955752212,0.010595425102342753
S1,218,3,0.07381235322411793,0.47787610619469023,0.010595425102342753
S1,219,0,0.03744367884005694,0.352212389380531,0.013611169399790854
S1,219,1,0.04470076944551617,0.43539823008849554,0.013611169399790854
S1,219,2,0.032089640945074646,0.22123893805309736,0.013611169399790854
S1,219,3,0.07224710424710426,0.46548672566371685,0.013611169399790854
S1,220,0,0.03836639954473251,0.36283185840707965,0.0174852760168008
S1,220,1,0.045204920842469264,0.4424778761061947,0.0174852760168008
S1,220,2,0.03178804504928767,0.215929203539823,0.0174852760168008
S1,220,3,0.06940892655178368,0.44601769911504424,0.0174852760168008
S1,221,0,0.0396291891043853,0.37522123893805315,0.022462058064489816
S1,221,1,0.04558487612715156,0.4460176991150443,0.022462058064489816
S1,221,2,0.031225495499258904,0.2070796460176991,0.022462058064489816
S1,221,3,0.060276926569061404,0.42654867256637174,0.022462058064489816
S1,222,0,0.03914713901015271,0.368141592920354,0.02885536676731433
S1,222,1,0.04645058617869348,0.45663716814159294,0.02885536676731433
S1,222,2,0.03074819627891559,0.2035398230088496,0.02885536676731433
S1,222,3,0.05507205996798967,0.4176991150442478,0.02885536676731433
S1,223,0,0.03993176912434257,0.3787610619469026,0.03706838388920976
S1,223,1,0.04801428539096425,0.4690265486725663,0.03706838388920976
S1,223,2,0.030897298456703994,0.2106194690265487,0.03706838388920976
S1,223,3,0.05257949716187703,0.41061946902654867,0.03706838388920976
S1,224,0,0.04018971687637355,0.3823008849557522,0.047619047619047616
S1,224,1,0.04896291530966454,0.4761061946902655,0.047619047619047616
S1,224,2,0.030883534805160803,0.21238938053097345,0.047619047619047616
S1,224,3,0.050920545353535046,0.3982300884955753,0.047619047619047616
S1,225,0,0.035061249728730905,0.30796460176991153,0.0014285714285714286
S1,225,1,0.04787410532574146,0.4672566371681416,0.0014285714285714286
S1,225,2,0.03230263182860155,0.2336283185840708,0.0014285714285714286
S1,225,3,0.07738560874154095,0.49911504424778763,0.0014285714285714286
S1,226,0,0.03495884317471144,0.30619469026548674,0.0018351814605048313
S1,226,1,0.04766268883525521,0.463716814159292,0.0018351814605048313
S1,226,2,0.03208231799774005,0.23008849557522126,0.0018351814605048313
S1,226,3,0.07721611721611721,0.49734513274336284,0.0018351814605048313
S1,227,0,0.035238713208679835,0.31150442477876106,0.0023575236950864535
S1,227,1,0.048704401815149886,0.4707964601769911,0.0023575236950864535
S1,227,2,0.032031245474757414,0.22831858407079647,0.0023575236950864535
S1,227,3,0.07712626995645863,0.4955752212389381,0.0023575236950864535
S1,228,0,0.03546532191650653,0.3168141592920354,0.003028538644546454
S1,228,1,0.049743975655532624,0.47787610619469023,0.003028538644546454
S1,228,2,0.032031245474757414,0.22831858407079647,0.003028538644546454
S1,228,3,0.07629566886356245,0.49203539823008857,0.003028538644546454
S1,229,0,0.03574896630809695,0.32389380530973455,0.0038905425810258592
S1,229,1,0.049651898061495274,0.47433628318584065,0.0038905425810258592
S1,229,2,0.03230960795495476,0.23008849557522126,0.0038905425810258592
S1,229,3,0.08303701812918357,0.4955752212389381,0.0038905425810258592
S1,230,0,0.03615564296477361,0.33274336283185846,0.004997896131202294
S1,230,1,0.05012808853768575,0.4761061946902655,0.004997896131202294
S1,230,2,0.032865730982987895,0.2336283185840708,0.004997896131202294
S1,230,3,0.082948850257556,0.4938053097345133,0.004997896131202294
S1,231,0,0.03639413842862119,0.3380530973451328,0.006420432425057891
S1,231,1,0.04869287844116219,0.463716814159292,0.006420432425057891
S1,231,2,0.03288484880027085,0.2336283185840708,0.006420432425057891
S1,231,3,0.08279020403862422,0.49203539823008846,0.006420432425057891
S1,232,0,0.03674771588564692,0.34513274336283184,0.008247860988423224
S1,232,1,0.047639780845287596,0.45663716814159294,0.008247860988423224
S1,232,2,0.032586252898424616,0.22831858407079644,0.008247860988423224
S1,232,3,0.08192587408993238,0.4867256637168142,0.008247860988423224
S1,233,0,0.036775829089381616,0.34513274336283184,0.010595425102342753
S1,233,1,0.04564370517509697,0.4424778761061947,0.010595425102342753
S1,233,2,0.03191517033059238,0.22123893805309738,0.010595425102342753
S1,233,3,0.08020434770329242,0.47610619469026544,0.010595425102342753
S1,234,0,0.0371119008768708,0.3469026548672567,0.013611169399790854
S1,234,1,0.04471600403462987,0.43539823008849554,0.013611169399790854
S1,234,2,0.03219147561833789,0.22477876106194689,0.013611169399790854
S1,234,3,0.07133838383838384,0.46194690265486726,0.013611169399790854
S1,235,0,0.0378932135314831,0.35398230088495575,0.0174852760168008
S1,235,1,0.04396997493433147,0.4300884955752213,0.0174852760168008
S1,235,2,0.03191488366352124,0.21592920353982298,0.0174852760168008
S1,235,3,0.06952911578589697,0.4442477876106195,0.0174852760168008
S1,236,0,0.03932221470963865,0.36991150442477877,0.022462058064489816
S1,236,1,0.045338391429053965,0.44424778761061945,0.022462058064489816
S1,236,2,0.03138649329280219,0.20884955752212392,0.022462058064489816
S1,236,3,0.060195026487161324,0.42477876106194695,0.022462058064489816
S1,237,0,0.039307255885569145,0.368141592920354,0.02885536676731433
S1,237,1,0.04601668523830159,0.45309734513274336,0.02885536676731433
S1,237,2,0.030810039197901366,0.20530973451327436,0.02885536676731433
S1,237,3,0.05286399218321416,0.41238938053097346,0.02885536676731433
S1,238,0,0.04006159710227181,0.38053097345132747,0.03706838388920976
S1,238,1,0.04809339949824227,0.46902654867256643,0.03706838388920976
S1,238,2,0.030950324444569594,0.2106194690265487,0.03706838388920976
S1,238,3,0.05249177786363141,0.40884955752212393,0.03706838388920976
S1,239,0,0.04027496836827466,0.38407079646017706,0.047619047619047616
S1,239,1,0.0497713798209293,0.48318584070796466,0.047619047619047616
S1,239,2,0.03092848730268368,0.21238938053097345,0.047619047619047616
S1,239,3,0.050920545353535046,0.3982300884955753,0.047619047619047616
S1,240,0,0.034956172337560036,0.30796460176991153,0.0014285714285714286
S1,240,1,0.047512862616310894,0.4654867256637168,0.0014285714285714286
S1,240,2,0.03230263182860155,0.2336283185840708,0.0014285714285714286
S1,240,3,0.07729576148188236,0.4973451327433629,0.0014285714285714286
S1,241,0,0.0350077832705269,0.30796460176991153,0.0018351814605048313
S1,241,1,0.04713611878694603,0.4601769911504424,0.0018351814605048313
S1,241,2,0.03201436013161704,0.22831858407079647,0.0018351814605048313
S1,241,3,0.07729576148188236,0.4973451327433629,0.0018351814605048313
S1,242,0,0.0355060829121185,0.3168141592920354,0.0023575236950864535
S1,242,1,0.047726626080043515,0.46194690265486726,0.0023575236950864535
S1,242,2,0.03194763786305991,0.2265486725663717,0.0023575236950864535
S1,242,3,0.0773704440808368,0.49911504424778763,0.0023575236950864535
S1,243,0,0.03562502433346848,0.32035398230088497,0.003028538644546454
S1,243,1,0.04802852143811865,0.46548672566371685,0.003028538644546454
S1,243,2,0.03206463256696804,0.2265486725663717,0.003028538644546454
S1,243,3,0.07720095255541307,0.4973451327433629,0.003028538644546454
S1,244,0,0.035687680975072494,0.32212389380530976,0.0038905425810258592
S1,244,1,0.04841535762710114,0.46725663716814164,0.0038905425810258592
S1,244,2,0.03206463256696804,0.2265486725663717,0.0038905425810258592
S1,244,3,0.08320095255541309,0.49734513274336284,0.0038905425810258592
S1,245,0,0.03605643661556726,0.3309734513274336,0.004997896131202294
S1,245,1,0.047648998382481024,0.46017699115044247,0.004997896131202294
S1,245,2,0.0327006147975745,0.2336283185840708,0.004997896131202294
S1,245,3,0.082948850257556,0.4938053097345133,0.004997896131202294
S1,246,0,0.03647577108168241,0.3398230088495575,0.006420432425057891
S1,246,1,0.04782883909886198,0.4601769911504425,0.006420432425057891
S1,246,2,0.03266979503682999,0.231858407079646,0.006420432425057891
S1,246,3,0.08255005907433093,0.48849557522123893,0.006420432425057891
S1,247,0,0.03684386973180077,0.3469026548672567,0.008247860988423224
S1,247,1,0.04755131828480093,0.45840707964601773,0.008247860988423224
S1,247,2,0.0322077310541533,0.2247787610619469,0.008247860988423224
S1,247,3,0.08217207144863689,0.48318584070796455,0.008247860988423224
S1,248,0,0.036869069182621714,0.3469026548672567,0.010595425102342753
S1,248,1,0.04595139748278928,0.44424778761061945,0.010595425102342753
S1,248,2,0.03184329252286551,0.21946902654867262,0.010595425102342753
S1,248,3,0.08003904478569593,0.47256637168141585,0.010595425102342753
S1,249,0,0.037029085141881156,0.34513274336283184,0.013611169399790854
S1,249,1,0.044927779867143726,0.4389380530973451,0.013611169399790854
S1,249,2,0.032160294232222775,0.22477876106194694,0.013611169399790854
S1,249,3,0.07122422858724228,0.4601769911504425,0.013611169399790854
S1,250,0,0.03781039779649346,0.352212389380531,0.0174852760168008
S1,250,1,0.0450658723794249,0.44070796460177,0.0174852760168008
S1,250,2,0.03193996242564823,0.2176991150442478,0.0174852760168008
S1,250,3,0.07022175647853768,0.4477876106194691,0.0174852760168008
S1,251,0,0.039210205232664636,0.36637168141592924,0.022462058064489816
S1,251,1,0.04490185372319892,0.44070796460177,0.022462058064489816
S1,251,2,0.03154522345153235,0.21061946902654866,0.022462058064489816
S1,251,3,0.06011458890672374,0.42300884955752216,0.022462058064489816
S1,252,0,0.03890812671300476,0.35929203539823007,0.02885536676731433
S1,252,1,0.046050303336703735,0.45309734513274336,0.02885536676731433
S1,252,2,0.030870147498427786,0.20530973451327436,0.02885536676731433
S1,252,3,0.05257949716187703,0.41061946902654867,0.02885536676731433
S1,253,0,0.03943810753141382,0.3734513274336283,0.03706838388920976
S1,253,1,0.04786111146107618,0.4672566371681416,0.03706838388920976
S1,253,2,0.030999164493409642,0.2123893805309735,0.03706838388920976
S1,253,3,0.05223218368379659,0.40707964601769914,0.03706838388920976
S1,254,0,0.04005343577851844,0.3858407079646018,0.047619047619047616
S1,254,1,0.05038850601945086,0.4867256637168142,0.047619047619047616
S1,254,2,0.031044631321266725,0.21415929203539824,0.047619047619047616
S1,254,3,0.050920545353535046,0.3982300884955753,0.047619047619047616
S1,255,0,0.03507451653005192,0.31150442477876106,0.0014285714285714286
S1,255,1,0.0477148828183311,0.4672566371681416,0.0014285714285714286
S1,255,2,0.03223467396247855,0.23185840707964603,0.0014285714285714286
S1,255,3,0.07728227620920922,0.49734513274336284,0.0014285714285714286
S1,256,0,0.03517067037620577,0.31327433628318585,0.0018351814605048313
S1,256,1,0.047512862616310894,0.4654867256637168,0.0018351814605048313
S1,256,2,0.032182427358507806,0.23008849557522126,0.0018351814605048313
S1,256,3,0.07728227620920922,0.49734513274336284,0.0018351814605048313
S1,257,0,0.035410019922763554,0.31858407079646023,0.0023575236950864535
S1,257,1,0.04702166319422957,0.4601769911504424,0.0023575236950864535
S1,257,2,0.032182427358507806,0.23008849557522126,0.0023575236950864535
S1,257,3,0.07728227620920922,0.49734513274336284,0.0023575236950864535
S1,258,0,0.035665866700349456,0.32212389380530976,0.003028538644546454
S1,258,1,0.04785101858450123,0.46371681415929206,0.003028538644546454
S1,258,2,0.032115705089950666,0.22831858407079647,0.003028538644546454
S1,258,3,0.07728227620920922,0.49734513274336284,0.003028538644546454
S1,259,0,0.035903961938444695,0.3256637168141593,0.0038905425810258592
S1,259,1,0.04795551179244271,0.46548672566371685,0.0038905425810258592
S1,259,2,0.03206463256696804,0.2265486725663717,0.0038905425810258592
S1,259,3,0.08369291621718807,0.4955752212389381,0.0038905425810258592
S1,260,0,0.03617868721316997,0.33274336283185846,0.004997896131202294
S1,260,1,0.04806243507498748,0.4672566371681416,0.004997896131202294
S1,260,2,0.03206463256696804,0.2265486725663717,0.004997896131202294
S1,260,3,0.08336063162260839,0.4902654867256637,0.004997896131202294
S1,261,0,0.036636069720241915,0.34159292035398237,0.006420432425057891
S1,261,1,0.04723938739849933,0.45663716814159294,0.006420432425057891
S1,261,2,0.03249900189434869,0.23185840707964603,0.006420432425057891
S1,261,3,0.08223289938217124,0.48318584070796466,0.006420432425057891
S1,262,0,0.03684386973180077,0.3469026548672567,0.008247860988423224
S1,262,1,0.04697342995169082,0.45486725663716815,0.008247860988423224
S1,262,2,0.03238342741193046,0.23008849557522126,0.008247860988423224
S1,262,3,0.08208866861294047,0.4814159292035398,0.008247860988423224
S1,263,0,0.03654695458732465,0.3415929203539823,0.010595425102342753
S1,263,1,0.046502807537290296,0.4495575221238938,0.010595425102342753
S1,263,2,0.03199135094572908,0.22477876106194694,0.010595425102342753
S1,263,3,0.08003904478569593,0.47256637168141585,0.010595425102342753
S1,264,0,0.03700927715768397,0.34513274336283184,0.013611169399790854
S1,264,1,0.044701535523252324,0.4371681415929204,0.013611169399790854
S1,264,2,0.032160294232222775,0.22477876106194694,0.013611169399790854
S1,264,3,0.07106152042453412,0.45663716814159294,0.013611169399790854
S1,265,0,0.03816313148256048,0.35752212389380533,0.0174852760168008
S1,265,1,0.044854455888938646,0.4389380530973452,0.0174852760168008
S1,265,2,0.03196840442329579,0.21946902654867262,0.0174852760168008
S1,265,3,0.06985221361271782,0.4460176991150443,0.0174852760168008
S1,266,0,0.03888190772126853,0.3592920353982301,0.022462058064489816
S1,266,1,0.044073154955477034,0.431858407079646,0.022462058064489816
S1,266,2,0.031455721399413474,0.21061946902654868,0.022462058064489816
S1,266,3,0.06011458890672374,0.42300884955752216,0.022462058064489816
S1,267,0,0.0391363639198416,0.36106194690265486,0.02885536676731433
S1,267,1,0.046040499749443284,0.45132743362831856,0.02885536676731433
S1,267,2,0.03113330539316463,0.20884955752212392,0.02885536676731433
S1,267,3,0.05257949716187703,0.41061946902654867,0.02885536676731433
S1,268,0,0.03942721046169322,0.37168141592920356,0.03706838388920976
S1,268,1,0.047639627518662006,0.46548672566371685,0.03706838388920976
S1,268,2,0.03105927279393606,0.2123893805309735,0.03706838388920976
S1,268,3,0.05215174610335901,0.40530973451327434,0.03706838388920976
S1,269,0,0.04005343577851844,0.3858407079646018,0.047619047619047616
S1,269,1,0.05038850601945086,0.4867256637168142,0.047619047619047616
S1,269,2,0.03116658254077892,0.21592920353982303,0.047619047619047616
S1,269,3,0.050450900450900456,0.3946902654867257,0.047619047619047616
S1,270,0,0.03543021346469622,0.31858407079646023,0.0014285714285714286
S1,270,1,0.047623552917670564,0.4690265486725664,0.0014285714285714286
S1,270,2,0.03234285516599443,0.23539823008849559,0.0014285714285714286
S1,270,3,0.07712105847699069,0.4938053097345133,0.0014285714285714286
S1,271,0,0.03543021346469622,0.31858407079646023,0.0018351814605048313
S1,271,1,0.047312093591163354,0.46548672566371685,0.0018351814605048313
S1,271,2,0.03240226110658849,0.23716814159292038,0.0018351814605048313
S1,271,3,0.07719574107594512,0.49557522123893805,0.0018351814605048313
S1,272,0,0.0355055765400593,0.32035398230088497,0.0023575236950864535
S1,272,1,0.04702166319422957,0.4601769911504424,0.0023575236950864535
S1,272,2,0.032354685963678666,0.23539823008849559,0.0023575236950864535
S1,272,3,0.07719574107594512,0.49557522123893805,0.0023575236950864535
S1,273,0,0.035683986581483036,0.32389380530973455,0.003028538644546454
S1,273,1,0.046841890450701806,0.45663716814159294,0.003028538644546454
S1,273,2,0.032302439359707925,0.2336283185840708,0.003028538644546454
S1,273,3,0.07719574107594512,0.49557522123893805,0.003028538644546454
S1,274,0,0.03608307402428014,0.33097345132743367,0.0038905425810258592
S1,274,1,0.04757258341933265,0.46548672566371685,0.0038905425810258592
S1,274,2,0.032175111030544726,0.23008849557522126,0.0038905425810258592
S1,274,3,0.07685789938217122,0.4902654867256638,0.0038905425810258592
S1,275,0,0.03615564296477361,0.33274336283185846,0.004997896131202294
S1,275,1,0.04783854086614116,0.4672566371681416,0.004997896131202294
S1,275,2,0.0321240385075621,0.22831858407079647,0.004997896131202294
S1,275,3,0.08336063162260839,0.4902654867256637,0.004997896131202294
S1,276,0,0.036611721273812375,0.3415929203539823,0.006420432425057891
S1,276,1,0.047684628237259816,0.4672566371681416,0.006420432425057891
S1,276,2,0.03209065141535147,0.23008849557522126,0.006420432425057891
S1,276,3,0.08261206487404163,0.4867256637168142,0.006420432425057891
S1,277,0,0.03663356063450537,0.3433628318584071,0.008247860988423224
S1,277,1,0.04773209172186154,0.4654867256637168,0.008247860988423224
S1,277,2,0.032251925110640185,0.23008849557522126,0.008247860988423224
S1,277,3,0.08111583856548354,0.4743362831858407,0.008247860988423224
S1,278,0,0.0362358605539254,0.33628318584070793,0.010595425102342753
S1,278,1,0.047407001044932076,0.46017699115044247,0.010595425102342753
S1,278,2,0.031965104655331845,0.22654867256637173,0.010595425102342753
S1,278,3,0.07931219457987414,0.4654867256637168,0.010595425102342753
S1,279,0,0.03700927715768397,0.34513274336283184,0.013611169399790854
S1,279,1,0.04546958739475247,0.4460176991150443,0.013611169399790854
S1,279,2,0.03215025934348169,0.22477876106194694,0.013611169399790854
S1,279,3,0.07149846390168971,0.4584070796460177,0.013611169399790854
S1,280,0,0.03808264858517617,0.35575221238938054,0.0174852760168008
S1,280,1,0.04466884257781262,0.4371681415929204,0.0174852760168008
S1,280,2,0.03180033719640503,0.21769911504424783,0.0174852760168008
S1,280,3,0.06978481265924091,0.44424778761061945,0.0174852760168008
S1,281,0,0.0388601058595009,0.35752212389380533,0.022462058064489816
S1,281,1,0.04429518031571662,0.4353982300884956,0.022462058064489816
S1,281,2,0.031206279065055242,0.2088495575221239,0.022462058064489816
S1,281,3,0.05960640236956027,0.42123893805309737,0.022462058064489816
S1,282,0,0.0391363639198416,0.36106194690265486,0.02885536676731433
S1,282,1,0.045471836172175435,0.4460176991150443,0.02885536676731433
S1,282,2,0.03121494684322713,0.20884955752212392,0.02885536676731433
S1,282,3,0.0523095916288136,0.40884955752212393,0.02885536676731433
S1,283,0,0.03945538508941018,0.3734513274336283,0.03706838388920976
S1,283,1,0.04788593293738122,0.4672566371681416,0.03706838388920976
S1,283,2,0.031121115712921837,0.2141592920353983,0.03706838388920976
S1,283,3,0.051895335846948755,0.40353982300884955,0.03706838388920976
S1,284,0,0.039905777919745616,0.384070796460177,0.047619047619047616
S1,284,1,0.051206341725253,0.4920353982300885,0.047619047619047616
S1,284,2,0.03116658254077892,0.21592920353982303,0.047619047619047616
S1,284,3,0.050209164960717756,0.3911504424778761,0.047619047619047616
S1,285,0,0.03533938330373984,0.3168141592920354,0.0014285714285714286
S1,285,1,0.04746788577276382,0.47079646017699117,0.0014285714285714286
S1,285,2,0.03234285516599443,0.23539823008849559,0.0014285714285714286
S1,285,3,0.07801076748523396,0.4973451327433628,0.0014285714285714286
S1,286,0,0.03546195189541598,0.32035398230088497,0.0018351814605048313
S1,286,1,0.04746788577276382,0.47079646017699117,0.0018351814605048313
S1,286,2,0.03234285516599443,0.23539823008849559,0.0018351814605048313
S1,286,3,0.07783543142445079,0.49557522123893805,0.0018351814605048313
S1,287,0,0.03555963199309608,0.32212389380530976,0.0023575236950864535
S1,287,1,0.047431749623479756,0.46902654867256643,0.0023575236950864535
S1,287,2,0.03258640072438064,0.23893805309734512,0.0023575236950864535
S1,287,3,0.07711079374329136,0.49380530973451325,0.0023575236950864535
S1,288,0,0.03594275961711053,0.3292035398230089,0.003028538644546454
S1,288,1,0.04719946158631367,0.46548672566371685,0.003028538644546454
S1,288,2,0.03234754154434499,0.23539823008849559,0.003028538644546454
S1,288,3,0.07711079374329136,0.49380530973451325,0.003028538644546454
S1,289,0,0.036201813312984804,0.3345132743362832,0.0038905425810258592
S1,289,1,0.04726489111164034,0.46371681415929206,0.0038905425810258592
S1,289,2,0.032175111030544726,0.23008849557522126,0.0038905425810258592
S1,289,3,0.07677736779163813,0.4902654867256637,0.0038905425810258592
S1,290,0,0.03669108635317746,0.3433628318584071,0.004997896131202294
S1,290,1,0.047337611843473,0.46371681415929206,0.004997896131202294
S1,290,2,0.0321240385075621,0.22831858407079647,0.004997896131202294
S1,290,3,0.07669396495594172,0.488495575221239,0.004997896131202294
S1,291,0,0.036535563834469986,0.3415929203539823,0.006420432425057891
S1,291,1,0.04657342770589229,0.4601769911504425,0.006420432425057891
S1,291,2,0.03209065141535147,0.23008849557522126,0.006420432425057891
S1,291,3,0.08168442420869607,0.4814159292035398,0.006420432425057891
S1,292,0,0.03683072458166931,0.3469026548672567,0.008247860988423224
S1,292,1,0.04729844390764961,0.46548672566371685,0.008247860988423224
S1,292,2,0.032131636192397305,0.23008849557522126,0.008247860988423224
S1,292,3,0.08038658650879786,0.4690265486725664,0.008247860988423224
S1,293,0,0.036473955792020646,0.3398230088495575,0.010595425102342753
S1,293,1,0.04737337901075181,0.46371681415929206,0.010595425102342753
S1,293,2,0.031832620786998916,0.22300884955752215,0.010595425102342753
S1,293,3,0.07834330303160236,0.4601769911504424,0.010595425102342753
S1,294,0,0.037106648141130905,0.34690265486725663,0.013611169399790854
S1,294,1,0.04575354279642892,0.44955752212389377,0.013611169399790854
S1,294,2,0.03215025934348169,0.22477876106194694,0.013611169399790854
S1,294,3,0.07196692841414268,0.46017699115044247,0.013611169399790854
S1,295,0,0.03815451062858293,0.35752212389380533,0.0174852760168008
S1,295,1,0.045353119865863496,0.44424778761061945,0.0174852760168008
S1,295,2,0.031920349197605155,0.22123893805309736,0.0174852760168008
S1,295,3,0.07032284725583696,0.4495575221238938,0.0174852760168008
S1,296,0,0.03840324790264294,0.35221238938053095,0.022462058064489816
S1,296,1,0.044838623469014155,0.4407079646017699,0.022462058064489816
S1,296,2,0.03115026711583941,0.20707964601769915,0.022462058064489816
S1,296,3,0.05960640236956027,0.42123893805309737,0.022462058064489816
S1,297,0,0.0392065393584381,0.36283185840707965,0.02885536676731433
S1,297,1,0.04507657925517938,0.4424778761061947,0.02885536676731433
S1,297,2,0.031097299784403603,0.20530973451327433,0.02885536676731433
S1,297,3,0.05405764721978644,0.40884955752212393,0.02885536676731433
S1,298,0,0.03931465074129036,0.37168141592920356,0.03706838388920976
S1,298,1,0.04788593293738122,0.4672566371681416,0.03706838388920976
S1,298,2,0.031122131585589286,0.21415929203539827,0.03706838388920976
S1,298,3,0.05173915270616998,0.40353982300884955,0.03706838388920976
S1,299,0,0.03989382365779136,0.384070796460177,0.047619047619047616
S1,299,1,0.051206341725253,0.4920353982300885,0.047619047619047616
S1,299,2,0.03117928215631069,0.21415929203539824,0.047619047619047616
S1,299,3,0.050379232987928645,0.3929203539823009,0.047619047619047616
S2,0,0,0.03610383616546493,0.3327433628318584,0.0009375
S2,0,1,0.03824048405590757,0.36460176991150445,0.0009375
S2,0,2,0.03340433333972551,0.27256637168141595,0.0009375
S2,0,3,0.043112674219485364,0.4070796460176992,0.0009375
S2,1,0,0.03536980859904409,0.3185840707964602,0.0012043378334562955
S2,1,1,0.0384000301700898,0.3663716814159292,0.0012043378334562955
S2,1,2,0.033168641184092656,0.26548672566371684,0.0012043378334562955
S2,1,3,0.04304396430911622,0.3982300884955752,0.0012043378334562955
S2,2,0,0.035123010014283224,0.31327433628318585,0.0015471249249004852
S2,2,1,0.03786405027574709,0.35929203539823007,0.0015471249249004852
S2,2,2,0.03324209296486194,0.26548672566371684,0.0015471249249004852
S2,2,3,0.041506874448641984,0.384070796460177,0.0015471249249004852
S2,3,0,0.034997046034280076,0.31150442477876106,0.0019874784854836103
S2,3,1,0.03841070677206033,0.3646017699115044,0.0019874784854836103
S2,3,2,0.03301160045785063,0.2548672566371682,0.0019874784854836103
S2,3,3,0.03990945966510921,0.36637168141592924,0.0019874784854836103
S2,4,0,0.03424238175085541,0.29557522123893804,0.00255316856879822
S2,4,1,0.03620978264723611,0.3292035398230088,0.00255316856879822
S2,4,2,0.03368644052533374,0.2601769911504425,0.00255316856879822
S2,4,3,0.037908078248955195,0.3398230088495575,0.00255316856879822
S2,5,0,0.0332800681203686,0.2743362831858407,0.003279869336101505
S2,5,1,0.03388102231475725,0.2867256637168142,0.003279869336101505
S2,5,2,0.03594196260576933,0.28495575221238933,0.003279869336101505
S2,5,3,0.04130603821148812,0.36460176991150445,0.003279869336101505
S2,6,0,0.03337504012054312,0.2743362831858407,0.004213408778944241
S2,6,1,0.032131839032447304,0.2495575221238938,0.004213408778944241
S2,6,2,0.038371534047814716,0.33097345132743367,0.004213408778944241
S2,6,3,0.045335330044632374,0.40884955752212393,0.004213408778944241
S2,7,0,0.03333280107870272,0.2743362831858407,0.005412658773652742
S2,7,1,0.03252757797355957,0.25840707964601767,0.005412658773652742
S2,7,2,0.04096591978102257,0.3734513274336283,0.005412658773652742
S2,7,3,0.04927000528898977,0.4495575221238938,0.005412658773652742
S2,8,0,0.03309804633180464,0.2672566371681416,0.006953247723412432
S2,8,1,0.03215350999731801,0.24778761061946905,0.006953247723412432
S2,8,2,0.0388439001523497,0.3699115044247788,0.006953247723412432
S2,8,3,0.04830547833108433,0.4194690265486726,0.006953247723412432
S2,9,0,0.03407633086000223,0.29026548672566366,0.008932329918612748
S2,9,1,0.03211283174012532,0.2442477876106195,0.008932329918612748
S2,9,2,0.03735153192199126,0.3504424778761062,0.008932329918612748
S2,9,3,0.04779540940519392,0.39823008849557523,0.008932329918612748
S2,10,0,0.03560877602298222,0.32212389380530976,0.011474712386025526
S2,10,1,0.03331180313938935,0.27079646017699116,0.011474712386025526
S2,10,2,0.03574351656001688,0.3256637168141593,0.011474712386025526
S2,10,3,0.048882098293863,0.3752212389380531,0.011474712386025526
S2,11,0,0.038440001362057614,0.3646017699115044,0.014740725604821443
S2,11,1,0.03360336051107773,0.2778761061946903,0.014740725604821443
S2,11,2,0.034523279340404014,0.3026548672566372,0.014740725604821443
S2,11,3,0.046666611477201234,0.3610619469026549,0.014740725604821443
S2,12,0,0.04045915051186216,0.3787610619469027,0.01893633444105003
S2,12,1,0.03453134347636808,0.29911504424778756,0.01893633444105003
S2,12,2,0.03455787443653975,0.2973451327433628,0.01893633444105003
S2,12,3,0.046686009026434556,0.35929203539823007,0.01893633444105003
S2,13,0,0.040075836505710276,0.368141592920354,0.024326126927293905
S2,13,1,0.03760457814337698,0.34867256637168137,0.024326126927293905
S2,13,2,0.03535339504822266,0.31150442477876106,0.024326126927293905
S2,13,3,0.04698547392012531,0.36637168141592924,0.024326126927293905
S2,14,0,0.04000530626208745,0.35575221238938054,0.03125
S2,14,1,0.03948730004217381,0.368141592920354,0.03125
S2,14,2,0.03503218897476282,0.31504424778761064,0.03125
S2,14,3,0.04555374714407892,0.36283185840707965,0.03125
S2,15,0,0.03416761795687838,0.29557522123893804,0.0009375
S2,15,1,0.04174350223309831,0.41061946902654867,0.0009375
S2,15,2,0.03303368841756095,0.26371681415929205,0.0009375
S2,15,3,0.043112674219485364,0.4070796460176992,0.0009375
S2,16,0,0.034091222894041304,0.29380530973451324,0.0012043378334562955
S2,16,1,0.04104035466361055,0.40176991150442476,0.0012043378334562955
S2,16,2,0.03324209296486194,0.26548672566371684,0.0012043378334562955
S2,16,3,0.04304396430911622,0.3982300884955752,0.0012043378334562955
S2,17,0,0.03398039196331797,0.2920353982300885,0.0015471249249004852
S2,17,1,0.040225770991265904,0.3911504424778761,0.0015471249249004852
S2,17,2,0.03308302626670893,0.2601769911504425,0.0015471249249004852
S2,17,3,0.041506874448641984,0.384070796460177,0.0015471249249004852
S2,18,0,0.03347910753010746,0.279646017699115,0.0019874784854836103
S2,18,1,0.037104682656715515,0.34513274336283184,0.0019874784854836103
S2,18,2,0.03290828133089725,0.2513274336283186,0.0019874784854836103
S2,18,3,0.03990945966510921,0.36637168141592924,0.0019874784854836103
S2,19,0,0.03310643816920203,0.27079646017699116,0.00255316856879822
S2,19,1,0.0357304241331447,0.32035398230088497,0.00255316856879822
S2,19,2,0.03368644052533374,0.2601769911504425,0.00255316856879822
S2,19,3,0.037908078248955195,0.3398230088495575,0.00255316856879822
S2,20,0,0.03311028575454701,0.26902654867256637,0.003279869336101505
S2,20,1,0.033794963794963793,0.2849557522123894,0.003279869336101505
S2,20,2,0.03594196260576933,0.28495575221238933,0.003279869336101505
S2,20,3,0.04130603821148812,0.36460176991150445,0.003279869336101505
S2,21,0,0.03337504012054312,0.2743362831858407,0.004213408778944241
S2,21,1,0.032131839032447304,0.2495575221238938,0.004213408778944241
S2,21,2,0.038371534047814716,0.33097345132743367,0.004213408778944241
S2,21,3,0.045335330044632374,0.40884955752212393,0.004213408778944241
S2,22,0,0.03333280107870272,0.2743362831858407,0.005412658773652742
S2,22,1,0.03252757797355957,0.25840707964601767,0.005412658773652742
S2,22,2,0.04096591978102257,0.3734513274336283,0.005412658773652742
S2,22,3,0.04927000528898977,0.4495575221238938,0.005412658773652742
S2,23,0,0.03309804633180464,0.2672566371681416,0.006953247723412432
S2,23,1,0.03208907700762729,0.24601769911504429,0.006953247723412432
S2,23,2,0.0388439001523497,0.3699115044247788,0.006953247723412432
S2,23,3,0.04830547833108433,0.4194690265486726,0.006953247723412432
S2,24,0,0.03413682692775783,0.2920353982300885,0.008932329918612748
S2,24,1,0.03211283174012532,0.2442477876106195,0.008932329918612748
S2,24,2,0.03735153192199126,0.3504424778761062,0.008932329918612748
S2,24,3,0.04779540940519392,0.39823008849557523,0.008932329918612748
S2,25,0,0.03560877602298222,0.32212389380530976,0.011474712386025526
S2,25,1,0.03331180313938935,0.27079646017699116,0.011474712386025526
S2,25,2,0.03574351656001688,0.3256637168141593,0.011474712386025526
S2,25,3,0.048882098293863,0.3752212389380531,0.011474712386025526
S2,26,0,0.038440001362057614,0.3646017699115044,0.014740725604821443
S2,26,1,0.03360336051107773,0.2778761061946903,0.014740725604821443
S2,26,2,0.034523279340404014,0.3026548672566372,0.014740725604821443
S2,26,3,0.046666611477201234,0.3610619469026549,0.014740725604821443
S2,27,0,0.04045915051186216,0.3787610619469027,0.01893633444105003
S2,27,1,0.03453134347636808,0.29911504424778756,0.01893633444105003
S2,27,2,0.03455787443653975,0.2973451327433628,0.01893633444105003
S2,27,3,0.046686009026434556,0.35929203539823007,0.01893633444105003
S2,28,0,0.040075836505710276,0.368141592920354,0.024326126927293905
S2,28,1,0.03760457814337698,0.34867256637168137,0.024326126927293905
S2,28,2,0.03535339504822266,0.31150442477876106,0.024326126927293905
S2,28,3,0.04698547392012531,0.36637168141592924,0.024326126927293905
S2,29,0,0.04000530626208745,0.35575221238938054,0.03125
S2,29,1,0.03948730004217381,0.368141592920354,0.03125
S2,29,2,0.03503218897476282,0.31504424778761064,0.03125
S2,29,3,0.04555374714407892,0.36283185840707965,0.03125
S2,30,0,0.03125006139953439,0.22477876106194689,0.0009375
S2,30,1,0.03650100413768085,0.3398230088495575,0.0009375
S2,30,2,0.03743487540619861,0.29557522123893804,0.0009375
S2,30,3,0.0388343484937564,0.34513274336283184,0.0009375
S2,31,0,0.03156595378292874,0.23185840707964606,0.0012043378334562955
S2,31,1,0.03556441617742988,0.32389380530973455,0.0012043378334562955
S2,31,2,0.03759292245173853,0.2991150442477876,0.0012043378334562955
S2,31,3,0.04030271418912393,0.35398230088495575,0.0012043378334562955
S2,32,0,0.03161926555519233,0.231858407079646,0.0015471249249004852
S2,32,1,0.035167074969706544,0.31504424778761064,0.0015471249249004852
S2,32,2,0.037540164339083554,0.2938053097345133,0.0015471249249004852
S2,32,3,0.04193159547008464,0.35575221238938054,0.0015471249249004852
S2,33,0,0.03195679597321648,0.23893805309734512,0.0019874784854836103
S2,33,1,0.03409337674910522,0.2920353982300885,0.0019874784854836103
S2,33,2,0.038026169793281286,0.304424778761062,0.0019874784854836103
S2,33,3,0.04219345395815984,0.37168141592920356,0.0019874784854836103
S2,34,0,0.03275077245752412,0.25663716814159293,0.00255316856879822
S2,34,1,0.03317201094420856,0.27256637168141595,0.00255316856879822
S2,34,2,0.038145284422458084,0.3185840707964602,0.00255316856879822
S2,34,3,0.04307147786650892,0.3893805309734513,0.00255316856879822
S2,35,0,0.03279202548896464,0.2584070796460177,0.003279869336101505
S2,35,1,0.03280375541500298,0.26371681415929205,0.003279869336101505
S2,35,2,0.03844768150284416,0.3256637168141593,0.003279869336101505
S2,35,3,0.04498676073616388,0.40353982300884955,0.003279869336101505
S2,36,0,0.03273432173297506,0.25663716814159293,0.004213408778944241
S2,36,1,0.03222945862308353,0.24955752212389382,0.004213408778944241
S2,36,2,0.03913135500438524,0.34159292035398237,0.004213408778944241
S2,36,3,0.045989522245679884,0.40707964601769914,0.004213408778944241
S2,37,0,0.032448680728185145,0.2495575221238938,0.005412658773652742
S2,37,1,0.03213701829343514,0.24778761061946902,0.005412658773652742
S2,37,2,0.04070916167769186,0.37522123893805315,0.005412658773652742
S2,37,3,0.048003282302341695,0.4336283185840708,0.005412658773652742
S2,38,0,0.03285285402489398,0.26017699115044246,0.006953247723412432
S2,38,1,0.03205865797271626,0.2442477876106195,0.006953247723412432
S2,38,2,0.03867383212513881,0.368141592920354,0.006953247723412432
S2,38,3,0.04839319762932995,0.4212389380530973,0.006953247723412432
S2,39,0,0.03395395701949397,0.2884955752212389,0.008932329918612748
S2,39,1,0.03211283174012532,0.2442477876106195,0.008932329918612748
S2,39,2,0.03735153192199126,0.3504424778761062,0.008932329918612748
S2,39,3,0.04779540940519392,0.39823008849557523,0.008932329918612748
S2,40,0,0.03560877602298222,0.32212389380530976,0.011474712386025526
S2,40,1,0.03331180313938935,0.27079646017699116,0.011474712386025526
S2,40,2,0.03574351656001688,0.3256637168141593,0.011474712386025526
S2,40,3,0.048882098293863,0.3752212389380531,0.011474712386025526
S2,41,0,0.038440001362057614,0.3646017699115044,0.014740725604821443
S2,41,1,0.03360336051107773,0.2778761061946903,0.014740725604821443
S2,41,2,0.034523279340404014,0.3026548672566372,0.014740725604821443
S2,41,3,0.046666611477201234,0.3610619469026549,0.014740725604821443
S2,42,0,0.04045915051186216,0.3787610619469027,0.01893633444105003
S2,42,1,0.03462385041438844,0.3008849557522124,0.01893633444105003
S2,42,2,0.03455787443653975,0.2973451327433628,0.01893633444105003
S2,42,3,0.046686009026434556,0.35929203539823007,0.01893633444105003
S2,43,0,0.040075836505710276,0.368141592920354,0.024326126927293905
S2,43,1,0.03760457814337698,0.34867256637168137,0.024326126927293905
S2,43,2,0.03535339504822266,0.31150442477876106,0.024326126927293905
S2,43,3,0.04698547392012531,0.36637168141592924,0.024326126927293905
S2,44,0,0.04000530626208745,0.35575221238938054,0.03125
S2,44,1,0.03948730004217381,0.368141592920354,0.03125
S2,44,2,0.03503218897476282,0.31504424778761064,0.03125
S2,44,3,0.04555374714407892,0.36283185840707965,0.03125
S2,45,0,0.031352626289913754,0.22477876106194694,0.0009375
S2,45,1,0.034358478026199096,0.2973451327433628,0.0009375
S2,45,2,0.038225931618332536,0.3433628318584071,0.0009375
S2,45,3,0.05213770994258799,0.47079646017699117,0.0009375
S2,46,0,0.03139011144371478,0.22477876106194694,0.0012043378334562955
S2,46,1,0.03417078161374412,0.29380530973451324,0.0012043378334562955
S2,46,2,0.03857873802621266,0.34513274336283184,0.0012043378334562955
S2,46,3,0.05215004748338082,0.47079646017699117,0.0012043378334562955
S2,47,0,0.0315031310972131,0.22831858407079647,0.0015471249249004852
S2,47,1,0.033565640917044684,0.28141592920353986,0.0015471249249004852
S2,47,2,0.03851338732090104,0.3433628318584071,0.0015471249249004852
S2,47,3,0.05128679962013295,0.4601769911504425,0.0015471249249004852
S2,48,0,0.03150681840421478,0.22831858407079647,0.0019874784854836103
S2,48,1,0.033228942804139724,0.2743362831858407,0.0019874784854836103
S2,48,2,0.03840882804745052,0.3451327433628319,0.0019874784854836103
S2,48,3,0.05264878488327631,0.46194690265486726,0.0019874784854836103
S2,49,0,0.0316616934650778,0.23185840707964603,0.00255316856879822
S2,49,1,0.032799485401693404,0.26371681415929205,0.00255316856879822
S2,49,2,0.03846687161623792,0.3486725663716814,0.00255316856879822
S2,49,3,0.05406899968956707,0.46194690265486726,0.00255316856879822
S2,50,0,0.03208920959688223,0.2424778761061947,0.003279869336101505
S2,50,1,0.03244396053246721,0.25486725663716814,0.003279869336101505
S2,50,2,0.04044568446614483,0.3769911504424779,0.003279869336101505
S2,50,3,0.05585915714229606,0.46194690265486726,0.003279869336101505
S2,51,0,0.03200811024747156,0.2407079646017699,0.004213408778944241
S2,51,1,0.03215588942987245,0.24601769911504426,0.004213408778944241
S2,51,2,0.040218640415665564,0.3769911504424779,0.004213408778944241
S2,51,3,0.05642329345531316,0.46548672566371685,0.004213408778944241
S2,52,0,0.032155404981491935,0.24247787610619467,0.005412658773652742
S2,52,1,0.0316968689128438,0.23539823008849556,0.005412658773652742
S2,52,2,0.0390055009620227,0.37168141592920356,0.005412658773652742
S2,52,3,0.05124766510422149,0.44778761061946903,0.005412658773652742
S2,53,0,0.032855931917592465,0.263716814159292,0.006953247723412432
S2,53,1,0.03221440872089714,0.24601769911504423,0.006953247723412432
S2,53,2,0.03819591381703183,0.36283185840707965,0.006953247723412432
S2,53,3,0.049404379429985434,0.4212389380530973,0.006953247723412432
S2,54,0,0.03386708856892343,0.2884955752212389,0.008932329918612748
S2,54,1,0.03188650169761881,0.23893805309734512,0.008932329918612748
S2,54,2,0.03767758263631881,0.35575221238938054,0.008932329918612748
S2,54,3,0.05074947494749475,0.4035398230088496,0.008932329918612748
S2,55,0,0.03556776832372255,0.3221238938053097,0.011474712386025526
S2,55,1,0.033432795274900534,0.27256637168141595,0.011474712386025526
S2,55,2,0.03574351656001688,0.3256637168141593,0.011474712386025526
S2,55,3,0.048882098293863,0.3752212389380531,0.011474712386025526
S2,56,0,0.038440001362057614,0.3646017699115044,0.014740725604821443
S2,56,1,0.03360336051107773,0.2778761061946903,0.014740725604821443
S2,56,2,0.034523279340404014,0.3026548672566372,0.014740725604821443
S2,56,3,0.046741517844242436,0.36283185840707965,0.014740725604821443
S2,57,0,0.04045915051186216,0.3787610619469027,0.01893633444105003
S2,57,1,0.03462385041438844,0.3008849557522124,0.01893633444105003
S2,57,2,0.03455787443653975,0.2973451327433628,0.01893633444105003
S2,57,3,0.046686009026434556,0.35929203539823007,0.01893633444105003
S2,58,0,0.040075836505710276,0.368141592920354,0.024326126927293905
S2,58,1,0.03760457814337698,0.34867256637168137,0.024326126927293905
S2,58,2,0.03535339504822266,0.31150442477876106,0.024326126927293905
S2,58,3,0.04698547392012531,0.36637168141592924,0.024326126927293905
S2,59,0,0.04000530626208745,0.35575221238938054,0.03125
S2,59,1,0.03948730004217381,0.368141592920354,0.03125
S2,59,2,0.03503218897476282,0.31504424778761064,0.03125
S2,59,3,0.04555374714407892,0.36283185840707965,0.03125
S2,60,0,0.03120367327348344,0.22123893805309736,0.0009375
S2,60,1,0.035360633597162114,0.3168141592920354,0.0009375
S2,60,2,0.03913166794914698,0.3646017699115044,0.0009375
S2,60,3,0.0555534369605683,0.49557522123893805,0.0009375
S2,61,0,0.031164549642810513,0.21946902654867262,0.0012043378334562955
S2,61,1,0.03529109646990091,0.31504424778761064,0.0012043378334562955
S2,61,2,0.03920955911233254,0.36283185840707965,0.0012043378334562955
S2,61,3,0.05533292786199763,0.49203539823008846,0.0012043378334562955
S2,62,0,0.031164549642810513,0.21946902654867262,0.0015471249249004852
S2,62,1,0.034757512013494335,0.304424778761062,0.0015471249249004852
S2,62,2,0.03970675727386179,0.37168141592920356,0.0015471249249004852
S2,62,3,0.05615154962264496,0.4902654867256637,0.0015471249249004852
S2,63,0,0.031131795465756572,0.2194690265486726,0.0019874784854836103
S2,63,1,0.03457692487701208,0.3008849557522124,0.0019874784854836103
S2,63,2,0.0404321465490119,0.38407079646017706,0.0019874784854836103
S2,63,3,0.05690499825844654,0.48672566371681414,0.0019874784854836103
S2,64,0,0.031173652689296734,0.21946902654867262,0.00255316856879822
S2,64,1,0.034333364910951125,0.2938053097345133,0.00255316856879822
S2,64,2,0.04066089043128613,0.3858407079646018,0.00255316856879822
S2,64,3,0.05498388469152589,0.4814159292035398,0.00255316856879822
S2,65,0,0.031071476141286306,0.21769911504424783,0.003279869336101505
S2,65,1,0.033628543977490113,0.2778761061946903,0.003279869336101505
S2,65,2,0.03946501814297687,0.37522123893805315,0.003279869336101505
S2,65,3,0.05391068701413529,0.4690265486725664,0.003279869336101505
S2,66,0,0.031477461787508154,0.2265486725663717,0.004213408778944241
S2,66,1,0.0329925450915592,0.26371681415929205,0.004213408778944241
S2,66,2,0.03910937374038323,0.37168141592920356,0.004213408778944241
S2,66,3,0.053150492264416316,0.45840707964601773,0.004213408778944241
S2,67,0,0.031958528533871,0.23539823008849559,0.005412658773652742
S2,67,1,0.03303697119873591,0.26548672566371684,0.005412658773652742
S2,67,2,0.0390881507217514,0.3734513274336283,0.005412658773652742
S2,67,3,0.05242681390797262,0.44778761061946903,0.005412658773652742
S2,68,0,0.032630479490305175,0.2584070796460176,0.006953247723412432
S2,68,1,0.032539213363955634,0.2530973451327434,0.006953247723412432
S2,68,2,0.03803264851090938,0.3610619469026549,0.006953247723412432
S2,68,3,0.051086395873629904,0.4283185840707965,0.006953247723412432
S2,69,0,0.03375969835903936,0.2867256637168141,0.008932329918612748
S2,69,1,0.032133927941781874,0.2442477876106195,0.008932329918612748
S2,69,2,0.037745648754382,0.3575221238938054,0.008932329918612748
S2,69,3,0.05075587750851916,0.40530973451327434,0.008932329918612748
S2,70,0,0.03546200417776803,0.32035398230088497,0.011474712386025526
S2,70,1,0.03294805194805195,0.26371681415929205,0.011474712386025526
S2,70,2,0.03560161086757657,0.32212389380530976,0.011474712386025526
S2,70,3,0.048882098293863,0.3752212389380531,0.011474712386025526
S2,71,0,0.038440001362057614,0.3646017699115044,0.014740725604821443
S2,71,1,0.03372867379428575,0.279646017699115,0.014740725604821443
S2,71,2,0.03445667927380394,0.3008849557522124,0.014740725604821443
S2,71,3,0.04675996472589429,0.36283185840707965,0.014740725604821443
S2,72,0,0.04045915051186216,0.3787610619469027,0.01893633444105003
S2,72,1,0.03453134347636808,0.29911504424778756,0.01893633444105003
S2,72,2,0.03455787443653975,0.2973451327433628,0.01893633444105003
S2,72,3,0.046686009026434556,0.35929203539823007,0.01893633444105003
S2,73,0,0.040075836505710276,0.368141592920354,0.024326126927293905
S2,73,1,0.03760457814337698,0.34867256637168137,0.024326126927293905
S2,73,2,0.03535339504822266,0.31150442477876106,0.024326126927293905
S2,73,3,0.04698547392012531,0.36637168141592924,0.024326126927293905
S2,74,0,0.04000530626208745,0.35575221238938054,0.03125
S2,74,1,0.03948730004217381,0.368141592920354,0.03125
S2,74,2,0.03503218897476282,0.31504424778761064,0.03125
S2,74,3,0.04555374714407892,0.36283185840707965,0.03125
S2,75,0,0.030912372574034563,0.21238938053097348,0.0009375
S2,75,1,0.036451623073471814,0.3292035398230089,0.0009375
S2,75,2,0.038111313182179585,0.35752212389380533,0.0009375
S2,75,3,0.05238254392666158,0.4814159292035398,0.0009375
S2,76,0,0.030956330103553097,0.2123893805309735,0.0012043378334562955
S2,76,1,0.036451623073471814,0.3292035398230089,0.0012043378334562955
S2,76,2,0.03832647254495271,0.35929203539823007,0.0012043378334562955
S2,76,3,0.05206508360920126,0.479646017699115,0.0012043378334562955
S2,77,0,0.031070578410881223,0.21592920353982306,0.0015471249249004852
S2,77,1,0.036374138808665586,0.3292035398230089,0.0015471249249004852
S2,77,2,0.03821988688849493,0.35929203539823007,0.0015471249249004852
S2,77,3,0.05205817353461173,0.479646017699115,0.0015471249249004852
S2,78,0,0.031148206108443714,0.21769911504424783,0.0019874784854836103
S2,78,1,0.03624361445578521,0.3292035398230089,0.0019874784854836103
S2,78,2,0.03830639550441531,0.3610619469026549,0.0019874784854836103
S2,78,3,0.05145367671683461,0.47256637168141596,0.0019874784854836103
S2,79,0,0.030943350535167086,0.21238938053097345,0.00255316856879822
S2,79,1,0.03552067281862355,0.3185840707964602,0.00255316856879822
S2,79,2,0.03784286675042978,0.35575221238938054,0.00255316856879822
S2,79,3,0.05105660543368738,0.46548672566371685,0.00255316856879822
S2,80,0,0.031129947630100206,0.21769911504424777,0.003279869336101505
S2,80,1,0.03553550411265395,0.32035398230088497,0.003279869336101505
S2,80,2,0.03787200317020012,0.35752212389380533,0.003279869336101505
S2,80,3,0.050379375370794136,0.45663716814159294,0.003279869336101505
S2,81,0,0.031323174320147876,0.22123893805309733,0.004213408778944241
S2,81,1,0.035124196703949014,0.31327433628318585,0.004213408778944241
S2,81,2,0.03770111448834853,0.35575221238938054,0.004213408778944241
S2,81,3,0.05059095685316295,0.447787610619469,0.004213408778944241
S2,82,0,0.03160138567672814,0.22831858407079647,0.005412658773652742
S2,82,1,0.0348719954561075,0.30619469026548674,0.005412658773652742
S2,82,2,0.03716346695070099,0.3486725663716814,0.005412658773652742
S2,82,3,0.05076006881548631,0.43716814159292033,0.005412658773652742
S2,83,0,0.03248383436876782,0.25486725663716814,0.006953247723412432
S2,83,1,0.03510353221895185,0.30973451327433627,0.006953247723412432
S2,83,2,0.03694325954384392,0.3469026548672567,0.006953247723412432
S2,83,3,0.04921534364833334,0.41592920353982304,0.006953247723412432
S2,84,0,0.03375521845705332,0.2867256637168142,0.008932329918612748
S2,84,1,0.035127567467993004,0.30796460176991153,0.008932329918612748
S2,84,2,0.03651307155980053,0.3380530973451328,0.008932329918612748
S2,84,3,0.0479752273869921,0.4017699115044248,0.008932329918612748
S2,85,0,0.035660048278251144,0.32389380530973455,0.011474712386025526
S2,85,1,0.03458328912554952,0.29557522123893804,0.011474712386025526
S2,85,2,0.03524161261598082,0.31504424778761064,0.011474712386025526
S2,85,3,0.04810188822767138,0.3876106194690266,0.011474712386025526
S2,86,0,0.03832311065486883,0.36283185840707965,0.014740725604821443
S2,86,1,0.03422212050351133,0.2902654867256637,0.014740725604821443
S2,86,2,0.034459982465512934,0.2991150442477877,0.014740725604821443
S2,86,3,0.04671022089421219,0.36106194690265486,0.014740725604821443
S2,87,0,0.04045915051186216,0.3787610619469027,0.01893633444105003
S2,87,1,0.0344511510144595,0.2973451327433628,0.01893633444105003
S2,87,2,0.03465449279402768,0.2991150442477876,0.01893633444105003
S2,87,3,0.046869476352759024,0.36283185840707965,0.01893633444105003
S2,88,0,0.040075836505710276,0.368141592920354,0.024326126927293905
S2,88,1,0.03760457814337698,0.34867256637168137,0.024326126927293905
S2,88,2,0.03535339504822266,0.31150442477876106,0.024326126927293905
S2,88,3,0.04698547392012531,0.36637168141592924,0.024326126927293905
S2,89,0,0.04000530626208745,0.35575221238938054,0.03125
S2,89,1,0.03948730004217381,0.368141592920354,0.03125
S2,89,2,0.03503218897476282,0.31504424778761064,0.03125
S2,89,3,0.04555374714407892,0.36283185840707965,0.03125
S2,90,0,0.031120252657788415,0.21592920353982298,0.0009375
S2,90,1,0.03724804607157548,0.34690265486725663,0.0009375
S2,90,2,0.036758618039829695,0.3398230088495575,0.0009375
S2,90,3,0.05216421736158579,0.47787610619469023,0.0009375
S2,91,0,0.031258780796316554,0.21946902654867256,0.0012043378334562955
S2,91,1,0.03676005149362566,0.34159292035398225,0.0012043378334562955
S2,91,2,0.036758618039829695,0.3398230088495575,0.0012043378334562955
S2,91,3,0.05216421736158579,0.47787610619469023,0.0012043378334562955
S2,92,0,0.031121594823582264,0.215929203539823,0.0015471249249004852
S2,92,1,0.03666847640205057,0.33982300884955746,0.0015471249249004852
S2,92,2,0.036633304756621674,0.3380530973451328,0.0015471249249004852
S2,92,3,0.051848721202169476,0.4761061946902655,0.0015471249249004852
S2,93,0,0.031201787285490848,0.21769911504424777,0.0019874784854836103
S2,93,1,0.03666443090378181,0.3398230088495575,0.0019874784854836103
S2,93,2,0.03632996280718172,0.3345132743362832,0.0019874784854836103
S2,93,3,0.05164432789432789,0.4725663716814159,0.0019874784854836103
S2,94,0,0.03116863517158891,0.21769911504424774,0.00255316856879822
S2,94,1,0.036545221575387546,0.33628318584070793,0.00255316856879822
S2,94,2,0.03616141363830832,0.3327433628318584,0.00255316856879822
S2,94,3,0.05104463640856046,0.4654867256637168,0.00255316856879822
S2,95,0,0.03128570082841696,0.22123893805309733,0.003279869336101505
S2,95,1,0.03680081690496853,0.3380530973451327,0.003279869336101505
S2,95,2,0.03614650663623206,0.3327433628318584,0.003279869336101505
S2,95,3,0.05076677287043141,0.46017699115044247,0.003279869336101505
S2,96,0,0.031475437478123966,0.22654867256637165,0.004213408778944241
S2,96,1,0.03708267460694645,0.3398230088495575,0.004213408778944241
S2,96,2,0.03596552864924306,0.3309734513274336,0.004213408778944241
S2,96,3,0.05081344801208977,0.45132743362831856,0.004213408778944241
S2,97,0,0.03223119066492561,0.24778761061946902,0.005412658773652742
S2,97,1,0.03740185146067499,0.3415929203539823,0.005412658773652742
S2,97,2,0.036270038205522076,0.336283185840708,0.005412658773652742
S2,97,3,0.049646670095266285,0.4389380530973451,0.005412658773652742
S2,98,0,0.032905902502794196,0.26725663716814163,0.006953247723412432
S2,98,1,0.03821274663480289,0.35044247787610616,0.006953247723412432
S2,98,2,0.03608403945131253,0.33097345132743367,0.006953247723412432
S2,98,3,0.04976575142949617,0.4283185840707965,0.006953247723412432
S2,99,0,0.03400577341349063,0.2920353982300885,0.008932329918612748
S2,99,1,0.0386207993083625,0.34867256637168137,0.008932329918612748
S2,99,2,0.035607878491670505,0.32035398230088497,0.008932329918612748
S2,99,3,0.046814110630201494,0.40176991150442476,0.008932329918612748
S2,100,0,0.03566844144075874,0.3238938053097345,0.011474712386025526
S2,100,1,0.0386207993083625,0.34867256637168137,0.011474712386025526
S2,100,2,0.03447593796928549,0.2991150442477876,0.011474712386025526
S2,100,3,0.046199231497428446,0.37522123893805315,0.011474712386025526
S2,101,0,0.03840726802915876,0.3646017699115044,0.014740725604821443
S2,101,1,0.036915220444632205,0.3327433628318584,0.014740725604821443
S2,101,2,0.0341936806967041,0.2938053097345133,0.014740725604821443
S2,101,3,0.04671022089421219,0.36106194690265486,0.014740725604821443
S2,102,0,0.04045915051186216,0.3787610619469027,0.01893633444105003
S2,102,1,0.035442137284242545,0.31504424778761064,0.01893633444105003
S2,102,2,0.034589883755931174,0.2973451327433628,0.01893633444105003
S2,102,3,0.046869476352759024,0.36283185840707965,0.01893633444105003
S2,103,0,0.040075836505710276,0.368141592920354,0.024326126927293905
S2,103,1,0.03760457814337698,0.34867256637168137,0.024326126927293905
S2,103,2,0.03535339504822266,0.31150442477876106,0.024326126927293905
S2,103,3,0.04698547392012531,0.36637168141592924,0.024326126927293905
S2,104,0,0.04000530626208745,0.35575221238938054,0.03125
S2,104,1,0.03948730004217381,0.368141592920354,0.03125
S2,104,2,0.03503218897476282,0.31504424778761064,0.03125
S2,104,3,0.04555374714407892,0.36283185840707965,0.03125
S2,105,0,0.03132462692679411,0.21946902654867254,0.0009375
S2,105,1,0.036588853111473765,0.336283185840708,0.0009375
S2,105,2,0.035946773818614,0.3256637168141593,0.0009375
S2,105,3,0.051852154949571835,0.4725663716814159,0.0009375
S2,106,0,0.031224352396775498,0.21769911504424777,0.0012043378334562955
S2,106,1,0.036866716649602824,0.3415929203539823,0.0012043378334562955
S2,106,2,0.03570046839989478,0.32212389380530976,0.0012043378334562955
S2,106,3,0.05153469463211152,0.47079646017699117,0.0012043378334562955
S2,107,0,0.03126137572147006,0.21946902654867256,0.0015471249249004852
S2,107,1,0.036866716649602824,0.3415929203539823,0.0015471249249004852
S2,107,2,0.03555737215630973,0.32035398230088497,0.0015471249249004852
S2,107,3,0.05163683967807679,0.4725663716814159,0.0015471249249004852
S2,108,0,0.03121734812848532,0.21946902654867254,0.0019874784854836103
S2,108,1,0.037272640562317313,0.34513274336283184,0.0019874784854836103
S2,108,2,0.03565838225731983,0.32212389380530976,0.0019874784854836103
S2,108,3,0.05103461907585619,0.4654867256637168,0.0019874784854836103
S2,109,0,0.031296958326379395,0.22300884955752212,0.00255316856879822
S2,109,1,0.037758723312551014,0.3504424778761062,0.00255316856879822
S2,109,2,0.03534450331210272,0.31681415929203544,0.00255316856879822
S2,109,3,0.05083956799472916,0.46194690265486726,0.00255316856879822
S2,110,0,0.031259996287918104,0.2230088495575221,0.003279869336101505
S2,110,1,0.03833392637130955,0.35398230088495575,0.003279869336101505
S2,110,2,0.035310201632726204,0.31681415929203544,0.003279869336101505
S2,110,3,0.050556482075980055,0.45663716814159294,0.003279869336101505
S2,111,0,0.031606429065594216,0.2336283185840708,0.004213408778944241
S2,111,1,0.03889486822245443,0.35929203539823007,0.004213408778944241
S2,111,2,0.03518391572292885,0.31327433628318585,0.004213408778944241
S2,111,3,0.05094901989430747,0.45132743362831856,0.004213408778944241
S2,112,0,0.03207725453245849,0.24778761061946902,0.005412658773652742
S2,112,1,0.03994205744205744,0.3663716814159292,0.005412658773652742
S2,112,2,0.03565103022992552,0.32035398230088497,0.005412658773652742
S2,112,3,0.04907555938825972,0.4407079646017699,0.005412658773652742
S2,113,0,0.03322277739160999,0.27610619469026554,0.006953247723412432
S2,113,1,0.04042914176106117,0.368141592920354,0.006953247723412432
S2,113,2,0.03540783758359606,0.3168141592920354,0.006953247723412432
S2,113,3,0.04671751805088999,0.41238938053097346,0.006953247723412432
S2,114,0,0.03431488920850623,0.29911504424778756,0.008932329918612748
S2,114,1,0.041395267373528236,0.3716814159292035,0.008932329918612748
S2,114,2,0.03524933682094426,0.31327433628318585,0.008932329918612748
S2,114,3,0.04521859445472677,0.3911504424778761,0.008932329918612748
S2,115,0,0.03557350473189798,0.32212389380530976,0.011474712386025526
S2,115,1,0.039447215425476294,0.35929203539823007,0.011474712386025526
S2,115,2,0.034258028299063166,0.2938053097345133,0.011474712386025526
S2,115,3,0.044895774328764015,0.36991150442477877,0.011474712386025526
S2,116,0,0.03862232179259962,0.3663716814159292,0.014740725604821443
S2,116,1,0.038291540203304913,0.3504424778761062,0.014740725604821443
S2,116,2,0.03402215597217498,0.29026548672566377,0.014740725604821443
S2,116,3,0.04678942881500426,0.36283185840707965,0.014740725604821443
S2,117,0,0.04054330788615208,0.38053097345132747,0.01893633444105003
S2,117,1,0.03828268760566208,0.3575221238938053,0.01893633444105003
S2,117,2,0.03453763715196043,0.2955752212389381,0.01893633444105003
S2,117,3,0.04673649762935477,0.3592920353982301,0.01893633444105003
S2,118,0,0.040075836505710276,0.368141592920354,0.024326126927293905
S2,118,1,0.03760457814337698,0.34867256637168137,0.024326126927293905
S2,118,2,0.03535339504822266,0.31150442477876106,0.024326126927293905
S2,118,3,0.04688646401913521,0.36460176991150445,0.024326126927293905
S2,119,0,0.04000530626208745,0.35575221238938054,0.03125
S2,119,1,0.03948730004217381,0.368141592920354,0.03125
S2,119,2,0.03503218897476282,0.31504424778761064,0.03125
S2,119,3,0.04555374714407892,0.36283185840707965,0.03125
S2,120,0,0.03165861027587324,0.23008849557522124,0.0009375
S2,120,1,0.03776035423463593,0.35221238938053095,0.0009375
S2,120,2,0.03534647937887141,0.3168141592920354,0.0009375
S2,120,3,0.05314332424957684,0.47610619469026544,0.0009375
S2,121,0,0.03169773390654616,0.23185840707964603,0.0012043378334562955
S2,121,1,0.038083745235052466,0.35575221238938054,0.0012043378334562955
S2,121,2,0.03533054301007812,0.31681415929203544,0.0012043378334562955
S2,121,3,0.05218942917803471,0.47079646017699117,0.0012043378334562955
S2,122,0,0.03173797535523832,0.2336283185840708,0.0015471249249004852
S2,122,1,0.038604858508459315,0.35929203539823007,0.0015471249249004852
S2,122,2,0.03545401146052062,0.31858407079646023,0.0015471249249004852
S2,122,3,0.052186775284192174,0.47079646017699117,0.0015471249249004852
S2,123,0,0.03166779991664183,0.231858407079646,0.0019874784854836103
S2,123,1,0.03908294411197179,0.36460176991150445,0.0019874784854836103
S2,123,2,0.03552777307026292,0.32035398230088497,0.0019874784854836103
S2,123,3,0.05124190749190749,0.4690265486725664,0.0019874784854836103
S2,124,0,0.031996082861052245,0.2424778761061947,0.00255316856879822
S2,124,1,0.039379047738180864,0.3663716814159292,0.00255316856879822
S2,124,2,0.03569117599192787,0.32389380530973455,0.00255316856879822
S2,124,3,0.05103461907585619,0.4654867256637168,0.00255316856879822
S2,125,0,0.03208115111672951,0.24778761061946902,0.003279869336101505
S2,125,1,0.04001383201383202,0.37345132743362836,0.003279869336101505
S2,125,2,0.035866846466024824,0.32389380530973455,0.003279869336101505
S2,125,3,0.051402757266812565,0.45663716814159294,0.003279869336101505
S2,126,0,0.03232281052628039,0.25486725663716814,0.004213408778944241
S2,126,1,0.040607352250209394,0.3752212389380531,0.004213408778944241
S2,126,2,0.03571678226181332,0.32035398230088497,0.004213408778944241
S2,126,3,0.04998177646073983,0.4495575221238938,0.004213408778944241
S2,127,0,0.03319075446019134,0.2761061946902655,0.005412658773652742
S2,127,1,0.0415156972811922,0.3787610619469026,0.005412658773652742
S2,127,2,0.0359113006852837,0.32212389380530976,0.005412658773652742
S2,127,3,0.04880077845031886,0.4389380530973451,0.005412658773652742
S2,128,0,0.03421545225283543,0.2973451327433628,0.006953247723412432
S2,128,1,0.04197330447330447,0.3787610619469027,0.006953247723412432
S2,128,2,0.03543473606986784,0.3168141592920354,0.006953247723412432
S2,128,3,0.045855596784168215,0.41061946902654867,0.006953247723412432
S2,129,0,0.034785780566357165,0.30796460176991153,0.008932329918612748
S2,129,1,0.042212968191229064,0.38230088495575215,0.008932329918612748
S2,129,2,0.034782720645904056,0.30442477876106194,0.008932329918612748
S2,129,3,0.04595822939322136,0.3893805309734514,0.008932329918612748
S2,130,0,0.03648967648967649,0.3345132743362832,0.011474712386025526
S2,130,1,0.041198295698295695,0.3787610619469026,0.011474712386025526
S2,130,2,0.033800257352107024,0.2849557522123894,0.011474712386025526
S2,130,3,0.04574725274725275,0.36637168141592924,0.011474712386025526
S2,131,0,0.03874694369217615,0.3663716814159292,0.014740725604821443
S2,131,1,0.040630883896378804,0.38053097345132747,0.014740725604821443
S2,131,2,0.033970192416810964,0.2884955752212389,0.014740725604821443
S2,131,3,0.04651807612677178,0.35752212389380533,0.014740725604821443
S2,132,0,0.040905626726731786,0.3823008849557522,0.01893633444105003
S2,132,1,0.03974676408390192,0.3734513274336283,0.01893633444105003
S2,132,2,0.03443456562031747,0.2938053097345133,0.01893633444105003
S2,132,3,0.04667206463966405,0.35752212389380533,0.01893633444105003
S2,133,0,0.040075836505710276,0.368141592920354,0.024326126927293905
S2,133,1,0.039195951107715815,0.368141592920354,0.024326126927293905
S2,133,2,0.03535339504822266,0.31150442477876106,0.024326126927293905
S2,133,3,0.04688646401913521,0.36460176991150445,0.024326126927293905
S2,134,0,0.04000530626208745,0.35575221238938054,0.03125
S2,134,1,0.03948730004217381,0.368141592920354,0.03125
S2,134,2,0.03503218897476282,0.31504424778761064,0.03125
S2,134,3,0.04555374714407892,0.36283185840707965,0.03125
S2,135,0,0.03255882596329345,0.25663716814159293,0.0009375
S2,135,1,0.039167891444625534,0.36637168141592924,0.0009375
S2,135,2,0.03556449804465074,0.32035398230088497,0.0009375
S2,135,3,0.05291457811194653,0.4761061946902655,0.0009375
S2,136,0,0.03271187846820401,0.26017699115044246,0.0012043378334562955
S2,136,1,0.0390137160053605,0.36283185840707965,0.0012043378334562955
S2,136,2,0.03553231177517634,0.32035398230088497,0.0012043378334562955
S2,136,3,0.05281204906204906,0.4743362831858407,0.0012043378334562955
S2,137,0,0.03279712996010512,0.26194690265486725,0.0015471249249004852
S2,137,1,0.039113616105260596,0.36460176991150445,0.0015471249249004852
S2,137,2,0.035491806479375096,0.32035398230088497,0.0015471249249004852
S2,137,3,0.05249458874458874,0.4725663716814159,0.0015471249249004852
S2,138,0,0.0327468673855707,0.26194690265486725,0.0019874784854836103
S2,138,1,0.039379047738180864,0.3663716814159292,0.0019874784854836103
S2,138,2,0.035394087459545226,0.3185840707964602,0.0019874784854836103
S2,138,3,0.05209660834660835,0.4690265486725664,0.0019874784854836103
S2,139,0,0.03290462994706693,0.2672566371681416,0.00255316856879822
S2,139,1,0.04060642460642461,0.3769911504424779,0.00255316856879822
S2,139,2,0.03599168688454402,0.32743362831858414,0.00255316856879822
S2,139,3,0.0528926644121624,0.4654867256637168,0.00255316856879822
S2,140,0,0.03310353207231774,0.27256637168141595,0.003279869336101505
S2,140,1,0.04109795294264494,0.3787610619469026,0.003279869336101505
S2,140,2,0.03599706892939976,0.3274336283185841,0.003279869336101505
S2,140,3,0.05250508283481235,0.4584070796460177,0.003279869336101505
S2,141,0,0.03388271464947691,0.29026548672566377,0.004213408778944241
S2,141,1,0.04125314952779741,0.3787610619469026,0.004213408778944241
S2,141,2,0.03597554722672873,0.32389380530973455,0.004213408778944241
S2,141,3,0.050934157413120774,0.4513274336283186,0.004213408778944241
S2,142,0,0.034648820169418754,0.30619469026548674,0.005412658773652742
S2,142,1,0.042188030249912176,0.38407079646017694,0.005412658773652742
S2,142,2,0.0360168792599376,0.3256637168141593,0.005412658773652742
S2,142,3,0.049986634220083696,0.4424778761061947,0.005412658773652742
S2,143,0,0.03487007752979465,0.3097345132743363,0.006953247723412432
S2,143,1,0.043412617966335616,0.39292035398230085,0.006953247723412432
S2,143,2,0.034988475639886316,0.30973451327433627,0.006953247723412432
S2,143,3,0.04640279516061743,0.4176991150442477,0.006953247723412432
S2,144,0,0.035706399487867635,0.3221238938053097,0.008932329918612748
S2,144,1,0.043149350649350646,0.39292035398230085,0.008932329918612748
S2,144,2,0.03426252747884627,0.29557522123893804,0.008932329918612748
S2,144,3,0.04570793843538121,0.384070796460177,0.008932329918612748
S2,145,0,0.03789380133499595,0.35575221238938054,0.011474712386025526
S2,145,1,0.04351166948993036,0.4017699115044248,0.011474712386025526
S2,145,2,0.03357034478003911,0.2814159292035398,0.011474712386025526
S2,145,3,0.04572893772893773,0.36637168141592924,0.011474712386025526
S2,146,0,0.03962861031326687,0.3734513274336283,0.014740725604821443
S2,146,1,0.04198785996612083,0.3911504424778761,0.014740725604821443
S2,146,2,0.033855657193580094,0.2867256637168142,0.014740725604821443
S2,146,3,0.04508541572012722,0.35221238938053095,0.014740725604821443
S2,147,0,0.040791471475590244,0.38053097345132747,0.01893633444105003
S2,147,1,0.04096285873071587,0.3858407079646018,0.01893633444105003
S2,147,2,0.03435115609028652,0.2920353982300885,0.01893633444105003
S2,147,3,0.04657105453865395,0.35575221238938054,0.01893633444105003
S2,148,0,0.040075836505710276,0.368141592920354,0.024326126927293905
S2,148,1,0.0403560510286174,0.3769911504424779,0.024326126927293905
S2,148,2,0.03524374592541564,0.3097345132743363,0.024326126927293905
S2,148,3,0.04688646401913521,0.36460176991150445,0.024326126927293905
S2,149,0,0.04000530626208745,0.35575221238938054,0.03125
S2,149,1,0.03948730004217381,0.368141592920354,0.03125
S2,149,2,0.03510623562415194,0.3168141592920354,0.03125
S2,149,3,0.04555374714407892,0.36283185840707965,0.03125
S2,150,0,0.03332928162141645,0.27433628318584075,0.0009375
S2,150,1,0.039182844211871876,0.3663716814159292,0.0009375
S2,150,2,0.03536659991873696,0.3168141592920354,0.0009375
S2,150,3,0.05321309213718154,0.47256637168141596,0.0009375
S2,151,0,0.033474181343453924,0.27964601769911507,0.0012043378334562955
S2,151,1,0.039099441376175464,0.3646017699115044,0.0012043378334562955
S2,151,2,0.0354758895362233,0.3185840707964601,0.0012043378334562955
S2,151,3,0.05321309213718154,0.47256637168141596,0.0012043378334562955
S2,152,0,0.03362924236403628,0.2831858407079646,0.0015471249249004852
S2,152,1,0.0394163530299526,0.36637168141592924,0.0015471249249004852
S2,152,2,0.035685153450000895,0.3221238938053097,0.0015471249249004852
S2,152,3,0.05321309213718154,0.47256637168141596,0.0015471249249004852
S2,153,0,0.033682912595047576,0.2831858407079646,0.0019874784854836103
S2,153,1,0.04061506961506961,0.3752212389380531,0.0019874784854836103
S2,153,2,0.03609481567677921,0.3292035398230089,0.0019874784854836103
S2,153,3,0.05365624898970152,0.4672566371681416,0.0019874784854836103
S2,154,0,0.03408605413278311,0.2920353982300885,0.00255316856879822
S2,154,1,0.0411486015661066,0.3787610619469026,0.00255316856879822
S2,154,2,0.03633607308843787,0.3327433628318584,0.00255316856879822
S2,154,3,0.05289958268681673,0.46194690265486726,0.00255316856879822
S2,155,0,0.03414666661760589,0.29380530973451324,0.003279869336101505
S2,155,1,0.041445400341166234,0.3787610619469027,0.003279869336101505
S2,155,2,0.036105247822847235,0.32743362831858414,0.003279869336101505
S2,155,3,0.05250969672022304,0.4584070796460177,0.003279869336101505
S2,156,0,0.034616357163086135,0.304424778761062,0.004213408778944241
S2,156,1,0.04243297819847311,0.38761061946902653,0.004213408778944241
S2,156,2,0.036159244126843536,0.3274336283185841,0.004213408778944241
S2,156,3,0.05221748892801524,0.45309734513274336,0.004213408778944241
S2,157,0,0.035259415654981835,0.3168141592920354,0.005412658773652742
S2,157,1,0.043446149424410295,0.39469026548672564,0.005412658773652742
S2,157,2,0.03578257173549753,0.32212389380530976,0.005412658773652742
S2,157,3,0.05004155447454416,0.4407079646017699,0.005412658773652742
S2,158,0,0.036458398495845555,0.336283185840708,0.006953247723412432
S2,158,1,0.04427430677430677,0.40353982300884955,0.006953247723412432
S2,158,2,0.034846926902229784,0.3079646017699115,0.006953247723412432
S2,158,3,0.04857248442614296,0.4247787610619469,0.006953247723412432
S2,159,0,0.03681685521255919,0.3415929203539823,0.008932329918612748
S2,159,1,0.04393800916826035,0.40176991150442476,0.008932329918612748
S2,159,2,0.03420162531415728,0.29557522123893804,0.008932329918612748
S2,159,3,0.046071134561289195,0.3893805309734513,0.008932329918612748
S2,160,0,0.038786883614469816,0.3646017699115044,0.011474712386025526
S2,160,1,0.043574276456607094,0.40353982300884955,0.011474712386025526
S2,160,2,0.03377509018146199,0.2849557522123894,0.011474712386025526
S2,160,3,0.04588045288045288,0.36991150442477877,0.011474712386025526
S2,161,0,0.040491789819376026,0.38053097345132747,0.014740725604821443
S2,161,1,0.04279852092352092,0.39823008849557523,0.014740725604821443
S2,161,2,0.03391582433848464,0.2867256637168142,0.014740725604821443
S2,161,3,0.0452360248447205,0.3557522123893805,0.014740725604821443
S2,162,0,0.04090836218277901,0.3823008849557522,0.01893633444105003
S2,162,1,0.04196425856751944,0.39292035398230085,0.01893633444105003
S2,162,2,0.0341043401043401,0.2867256637168142,0.01893633444105003
S2,162,3,0.04657105453865395,0.35575221238938054,0.01893633444105003
S2,163,0,0.03997342995169082,0.36637168141592924,0.024326126927293905
S2,163,1,0.040803407243830754,0.3823008849557522,0.024326126927293905
S2,163,2,0.03514273582440554,0.3079646017699115,0.024326126927293905
S2,163,3,0.04676846625174892,0.36106194690265486,0.024326126927293905
S2,164,0,0.04000530626208745,0.35575221238938054,0.03125
S2,164,1,0.040239931170778245,0.3752212389380531,0.03125
S2,164,2,0.03510623562415194,0.3168141592920354,0.03125
S2,164,3,0.04555374714407892,0.36283185840707965,0.03125
S2,165,0,0.03406617347793819,0.2920353982300885,0.0009375
S2,165,1,0.0400583548480316,0.3752212389380531,0.0009375
S2,165,2,0.03523973015918488,0.3132743362831858,0.0009375
S2,165,3,0.052311894454751595,0.46371681415929206,0.0009375
S2,166,0,0.03390162530353516,0.2884955752212389,0.0012043378334562955
S2,166,1,0.04009723484952843,0.37522123893805315,0.0012043378334562955
S2,166,2,0.035423063427487966,0.3168141592920354,0.0012043378334562955
S2,166,3,0.052396051829041515,0.46548672566371685,0.0012043378334562955
S2,167,0,0.03413732920142538,0.2938053097345133,0.0015471249249004852
S2,167,1,0.0397972517972518,0.368141592920354,0.0015471249249004852
S2,167,2,0.035604737595382255,0.32035398230088497,0.0015471249249004852
S2,167,3,0.052506961057597806,0.46371681415929206,0.0015471249249004852
S2,168,0,0.03450061011063886,0.3008849557522124,0.0019874784854836103
S2,168,1,0.040356487362358195,0.3734513274336283,0.0019874784854836103
S2,168,2,0.03569153566354014,0.32212389380530976,0.0019874784854836103
S2,168,3,0.05352170478220898,0.46371681415929206,0.0019874784854836103
S2,169,0,0.035009659884394514,0.31150442477876106,0.00255316856879822
S2,169,1,0.041031230674087815,0.3769911504424779,0.00255316856879822
S2,169,2,0.03550020829840524,0.31858407079646023,0.00255316856879822
S2,169,3,0.05469564795615216,0.46371681415929206,0.00255316856879822
S2,170,0,0.0352727688162919,0.3168141592920354,0.003279869336101505
S2,170,1,0.04161546836837712,0.3805309734513274,0.003279869336101505
S2,170,2,0.03582804754564695,0.32389380530973455,0.003279869336101505
S2,170,3,0.05459038479825742,0.46194690265486726,0.003279869336101505
S2,171,0,0.03602946501546707,0.3309734513274336,0.004213408778944241
S2,171,1,0.04276830104294893,0.3893805309734513,0.004213408778944241
S2,171,2,0.03548173735177579,0.3185840707964602,0.004213408778944241
S2,171,3,0.052869670012527153,0.45663716814159294,0.004213408778944241
S2,172,0,0.036082944179346516,0.3309734513274336,0.005412658773652742
S2,172,1,0.043879049857310726,0.39823008849557523,0.005412658773652742
S2,172,2,0.034792398412171736,0.30619469026548674,0.005412658773652742
S2,172,3,0.05057630548232052,0.4442477876106195,0.005412658773652742
S2,173,0,0.03714683954153026,0.34690265486725663,0.006953247723412432
S2,173,1,0.04475049725049725,0.40707964601769914,0.006953247723412432
S2,173,2,0.034531391502826525,0.30265486725663715,0.006953247723412432
S2,173,3,0.04951937171739153,0.42123893805309737,0.006953247723412432
S2,174,0,0.03875191205008649,0.36460176991150445,0.008932329918612748
S2,174,1,0.04443642966668085,0.4053097345132743,0.008932329918612748
S2,174,2,0.034241666865399895,0.2955752212389381,0.008932329918612748
S2,174,3,0.04875933108032274,0.39646017699115044,0.008932329918612748
S2,175,0,0.04070328817633399,0.384070796460177,0.011474712386025526
S2,175,1,0.04336285996612083,0.40176991150442476,0.011474712386025526
S2,175,2,0.033719816480953194,0.2831858407079646,0.011474712386025526
S2,175,3,0.04582079002134069,0.368141592920354,0.011474712386025526
S2,176,0,0.04128787878787879,0.384070796460177,0.014740725604821443
S2,176,1,0.04260528420854508,0.39646017699115044,0.014740725604821443
S2,176,2,0.03403797649709794,0.2902654867256637,0.014740725604821443
S2,176,3,0.04531130012188988,0.35752212389380533,0.014740725604821443
S2,177,0,0.04087258632129054,0.3823008849557522,0.01893633444105003
S2,177,1,0.04246518759018759,0.39646017699115044,0.01893633444105003
S2,177,2,0.03421004834958323,0.29026548672566377,0.01893633444105003
S2,177,3,0.04637791690127917,0.352212389380531,0.01893633444105003
S2,178,0,0.03989422203089874,0.3646017699115045,0.024326126927293905
S2,178,1,0.040803407243830754,0.3823008849557522,0.024326126927293905
S2,178,2,0.03489497572796513,0.30265486725663715,0.024326126927293905
S2,178,3,0.04676846625174892,0.36106194690265486,0.024326126927293905
S2,179,0,0.04000530626208745,0.35575221238938054,0.03125
S2,179,1,0.040239931170778245,0.3752212389380531,0.03125
S2,179,2,0.03510623562415194,0.3168141592920354,0.03125
S2,179,3,0.04555374714407892,0.36283185840707965,0.03125
S2,180,0,0.034828572020855604,0.30619469026548674,0.0009375
S2,180,1,0.041023160775454356,0.38230088495575226,0.0009375
S2,180,2,0.034835809303497334,0.3079646017699115,0.0009375
S2,180,3,0.05246456158220864,0.46194690265486726,0.0009375
S2,181,0,0.03511906436869967,0.31150442477876106,0.0012043378334562955
S2,181,1,0.04098287004771861,0.38053097345132747,0.0012043378334562955
S2,181,2,0.03473919094600941,0.30619469026548674,0.0012043378334562955
S2,181,3,0.05226848315083609,0.4584070796460177,0.0012043378334562955
S2,182,0,0.03536885796881108,0.3168141592920354,0.0015471249249004852
S2,182,1,0.04066417967005051,0.3752212389380531,0.0015471249249004852
S2,182,2,0.034528414343404853,0.30265486725663715,0.0015471249249004852
S2,182,3,0.05226848315083609,0.4584070796460177,0.0015471249249004852
S2,183,0,0.03531799206050886,0.3168141592920354,0.0019874784854836103
S2,183,1,0.04066417967005051,0.3752212389380531,0.0019874784854836103
S2,183,2,0.0344260077893854,0.3008849557522124,0.0019874784854836103
S2,183,3,0.052108467149235935,0.45486725663716815,0.0019874784854836103
S2,184,0,0.03541461041799679,0.3185840707964602,0.00255316856879822
S2,184,1,0.041279394263525976,0.3769911504424779,0.00255316856879822
S2,184,2,0.034073114727295906,0.29380530973451324,0.00255316856879822
S2,184,3,0.05298214302291181,0.45309734513274336,0.00255316856879822
S2,185,0,0.03562091423013099,0.3221238938053097,0.003279869336101505
S2,185,1,0.04189335439335439,0.3805309734513274,0.003279869336101505
S2,185,2,0.033902436867845324,0.2902654867256637,0.003279869336101505
S2,185,3,0.05296616723915411,0.45309734513274336,0.003279869336101505
S2,186,0,0.03630636830381337,0.336283185840708,0.004213408778944241
S2,186,1,0.04320120147584936,0.39292035398230085,0.004213408778944241
S2,186,2,0.03407241950174232,0.2938053097345133,0.004213408778944241
S2,186,3,0.052337453598577666,0.44601769911504424,0.004213408778944241
S2,187,0,0.03668579128629829,0.34159292035398225,0.005412658773652742
S2,187,1,0.04423921513232847,0.40176991150442476,0.005412658773652742
S2,187,2,0.033934775862118974,0.2902654867256637,0.005412658773652742
S2,187,3,0.05180341880341881,0.4407079646017699,0.005412658773652742
S2,188,0,0.03816141203719519,0.3610619469026549,0.006953247723412432
S2,188,1,0.04450659481147286,0.40530973451327434,0.006953247723412432
S2,188,2,0.03394323885900686,0.29026548672566377,0.006953247723412432
S2,188,3,0.0504930346514505,0.42654867256637174,0.006953247723412432
S2,189,0,0.039605596814899134,0.3752212389380531,0.008932329918612748
S2,189,1,0.043771241196614324,0.4017699115044247,0.008932329918612748
S2,189,2,0.03359799182831027,0.28141592920353986,0.008932329918612748
S2,189,3,0.047660481058247814,0.39646017699115044,0.008932329918612748
S2,190,0,0.04187387149587991,0.4,0.011474712386025526
S2,190,1,0.04285631035631035,0.3982300884955752,0.011474712386025526
S2,190,2,0.03362327604149551,0.28141592920353986,0.011474712386025526
S2,190,3,0.04569128821556006,0.36460176991150445,0.011474712386025526
S2,191,0,0.041198248341105484,0.3823008849557522,0.014740725604821443
S2,191,1,0.04260528420854508,0.39646017699115044,0.014740725604821443
S2,191,2,0.03381927710843373,0.2849557522123894,0.014740725604821443
S2,191,3,0.045403806211660146,0.35929203539823007,0.014740725604821443
S2,192,0,0.04082039098925176,0.38053097345132747,0.01893633444105003
S2,192,1,0.04246518759018759,0.39646017699115044,0.01893633444105003
S2,192,2,0.0345257049152398,0.29557522123893804,0.01893633444105003
S2,192,3,0.046500663423264046,0.3557522123893805,0.01893633444105003
S2,193,0,0.04036868686868687,0.36814159292035403,0.024326126927293905
S2,193,1,0.041415330500130916,0.38761061946902653,0.024326126927293905
S2,193,2,0.0347485590634411,0.2991150442477876,0.024326126927293905
S2,193,3,0.04676846625174892,0.36106194690265486,0.024326126927293905
S2,194,0,0.04000530626208745,0.35575221238938054,0.03125
S2,194,1,0.040239931170778245,0.3752212389380531,0.03125
S2,194,2,0.03493319759936374,0.31327433628318585,0.03125
S2,194,3,0.045557088038383584,0.36283185840707965,0.03125
S2,195,0,0.03541729841029881,0.3185840707964602,0.0009375
S2,195,1,0.04114623279648053,0.3823008849557522,0.0009375
S2,195,2,0.03440086477836678,0.2991150442477876,0.0009375
S2,195,3,0.052108467149235935,0.45486725663716815,0.0009375
S2,196,0,0.03566483166535277,0.32389380530973455,0.0012043378334562955
S2,196,1,0.0410115526618004,0.3787610619469027,0.0012043378334562955
S2,196,2,0.03440086477836678,0.2991150442477876,0.0012043378334562955
S2,196,3,0.05320736824813703,0.45663716814159294,0.0012043378334562955
S2,197,0,0.035982291982813094,0.3292035398230089,0.0015471249249004852
S2,197,1,0.04138980325281695,0.3823008849557522,0.0015471249249004852
S2,197,2,0.034077142223242,0.2938053097345133,0.0015471249249004852
S2,197,3,0.05320736824813703,0.45663716814159294,0.0015471249249004852
S2,198,0,0.03609843600139613,0.3309734513274336,0.0019874784854836103
S2,198,1,0.04200501784629241,0.384070796460177,0.0019874784854836103
S2,198,2,0.03397793587403565,0.2920353982300885,0.0019874784854836103
S2,198,3,0.05266189483866419,0.45132743362831856,0.0019874784854836103
S2,199,0,0.03600686090982104,0.3292035398230089,0.00255316856879822
S2,199,1,0.042602294965308665,0.38761061946902653,0.00255316856879822
S2,199,2,0.03397793587403565,0.2920353982300885,0.00255316856879822
S2,199,3,0.05234936350777935,0.44601769911504424,0.00255316856879822
S2,200,0,0.03665180473137942,0.3398230088495575,0.003279869336101505
S2,200,1,0.043149350649350646,0.3911504424778761,0.003279869336101505
S2,200,2,0.03362625585569359,0.2849557522123894,0.003279869336101505
S2,200,3,0.05215252525830952,0.4424778761061947,0.003279869336101505
S2,201,0,0.03748818231576852,0.35221238938053095,0.004213408778944241
S2,201,1,0.043516731016731015,0.3929203539823009,0.004213408778944241
S2,201,2,0.03371465048806571,0.2867256637168142,0.004213408778944241
S2,201,3,0.051444917380890326,0.4371681415929204,0.004213408778944241
S2,202,0,0.03760118264067364,0.35575221238938054,0.005412658773652742
S2,202,1,0.04398711429199234,0.3982300884955752,0.005412658773652742
S2,202,2,0.03357029930932749,0.2831858407079646,0.005412658773652742
S2,202,3,0.05124248823109276,0.4336283185840708,0.005412658773652742
S2,203,0,0.03855356359305459,0.36460176991150445,0.006953247723412432
S2,203,1,0.04420414162951476,0.4035398230088495,0.006953247723412432
S2,203,2,0.03357354535053551,0.2831858407079646,0.006953247723412432
S2,203,3,0.0505534650218496,0.4176991150442478,0.006953247723412432
S2,204,0,0.0394641029754062,0.3752212389380531,0.008932329918612748
S2,204,1,0.04354975725420015,0.39999999999999997,0.008932329918612748
S2,204,2,0.03352127705190168,0.27964601769911507,0.008932329918612748
S2,204,3,0.0495060151817035,0.40530973451327434,0.008932329918612748
S2,205,0,0.04226912841287596,0.4017699115044248,0.011474712386025526
S2,205,1,0.04258076500613814,0.39469026548672564,0.011474712386025526
S2,205,2,0.03359542860206284,0.2814159292035398,0.011474712386025526
S2,205,3,0.04962819669773629,0.38761061946902653,0.011474712386025526
S2,206,0,0.04185096579833422,0.39469026548672564,0.014740725604821443
S2,206,1,0.04260528420854508,0.39646017699115044,0.014740725604821443
S2,206,2,0.03357927509040977,0.279646017699115,0.014740725604821443
S2,206,3,0.04703905460615912,0.368141592920354,0.014740725604821443
S2,207,0,0.04067323838878739,0.3787610619469027,0.01893633444105003
S2,207,1,0.04260528420854508,0.39646017699115044,0.01893633444105003
S2,207,2,0.0345257049152398,0.29557522123893804,0.01893633444105003
S2,207,3,0.04640908753291183,0.35398230088495575,0.01893633444105003
S2,208,0,0.04088239538239538,0.37168141592920356,0.024326126927293905
S2,208,1,0.04162260308746871,0.3876106194690266,0.024326126927293905
S2,208,2,0.03454968331919197,0.2938053097345133,0.024326126927293905
S2,208,3,0.046686009026434556,0.35929203539823007,0.024326126927293905
S2,209,0,0.04000530626208745,0.35575221238938054,0.03125
S2,209,1,0.040239931170778245,0.3752212389380531,0.03125
S2,209,2,0.03494994993136451,0.31327433628318585,0.03125
S2,209,3,0.045557088038383584,0.36283185840707965,0.03125
S2,210,0,0.03545883849622167,0.31681415929203544,0.0009375
S2,210,1,0.04193792008000355,0.3893805309734513,0.0009375
S2,210,2,0.034547137969215574,0.30265486725663715,0.0009375
S2,210,3,0.054454472199838844,0.45840707964601773,0.0009375
S2,211,0,0.03564551681210678,0.32035398230088497,0.0012043378334562955
S2,211,1,0.04227125341333687,0.3911504424778761,0.0012043378334562955
S2,211,2,0.034433870522973975,0.3008849557522124,0.0012043378334562955
S2,211,3,0.05434340222575517,0.45663716814159294,0.0012043378334562955
S2,212,0,0.03638031653616733,0.3327433628318584,0.0015471249249004852
S2,212,1,0.04263357225391659,0.39292035398230085,0.0015471249249004852
S2,212,2,0.03436452084400806,0.2991150442477876,0.0015471249249004852
S2,212,3,0.053610599533721257,0.4513274336283186,0.0015471249249004852
S2,213,0,0.03667271419698604,0.336283185840708,0.0019874784854836103
S2,213,1,0.0434826011504929,0.3982300884955752,0.0019874784854836103
S2,213,2,0.0341833419167564,0.2955752212389381,0.0019874784854836103
S2,213,3,0.052125256439012085,0.4460176991150443,0.0019874784854836103
S2,214,0,0.037064454064454064,0.3433628318584071,0.00255316856879822
S2,214,1,0.04321607291790778,0.39469026548672564,0.00255316856879822
S2,214,2,0.033909160073037126,0.29026548672566377,0.00255316856879822
S2,214,3,0.05182411098252683,0.4407079646017699,0.00255316856879822
S2,215,0,0.03714526214526215,0.3451327433628319,0.003279869336101505
S2,215,1,0.04364897335080821,0.39646017699115044,0.003279869336101505
S2,215,2,0.033946858234389816,0.2920353982300885,0.003279869336101505
S2,215,3,0.05301458717300302,0.44070796460177,0.003279869336101505
S2,216,0,0.037262754279926605,0.3486725663716814,0.004213408778944241
S2,216,1,0.043881261387974296,0.3982300884955752,0.004213408778944241
S2,216,2,0.0338794421153044,0.2902654867256637,0.004213408778944241
S2,216,3,0.051706204978544876,0.4300884955752212,0.004213408778944241
S2,217,0,0.03826676705625806,0.36283185840707965,0.005412658773652742
S2,217,1,0.04411935662606954,0.40176991150442476,0.005412658773652742
S2,217,2,0.03351610329008631,0.28141592920353986,0.005412658773652742
S2,217,3,0.0499178124646439,0.42123893805309737,0.005412658773652742
S2,218,0,0.03868343372292472,0.3663716814159292,0.006953247723412432
S2,218,1,0.043639546727782016,0.39999999999999997,0.006953247723412432
S2,218,2,0.0335057741045136,0.28141592920353986,0.006953247723412432
S2,218,3,0.05084102847597568,0.42123893805309737,0.006953247723412432
S2,219,0,0.0395495543835174,0.3769911504424779,0.008932329918612748
S2,219,1,0.04294308384671785,0.3946902654867256,0.008932329918612748
S2,219,2,0.03344495135029116,0.279646017699115,0.008932329918612748
S2,219,3,0.0507759908716028,0.40530973451327434,0.008932329918612748
S2,220,0,0.04109717343113645,0.3911504424778761,0.011474712386025526
S2,220,1,0.04218550808914209,0.39115044247787606,0.011474712386025526
S2,220,2,0.03359140274929749,0.2814159292035398,0.011474712386025526
S2,220,3,0.050047777117316714,0.39292035398230085,0.011474712386025526
S2,221,0,0.04189535009997381,0.39646017699115044,0.014740725604821443
S2,221,1,0.04242027033250437,0.39469026548672564,0.014740725604821443
S2,221,2,0.03370481914048276,0.28141592920353986,0.014740725604821443
S2,221,3,0.04724346810684572,0.3716814159292035,0.014740725604821443
S2,222,0,0.04064703036257937,0.3787610619469027,0.01893633444105003
S2,222,1,0.04242027033250437,0.39469026548672564,0.01893633444105003
S2,222,2,0.034345019241466566,0.2920353982300885,0.01893633444105003
S2,222,3,0.04657354694560502,0.35752212389380533,0.01893633444105003
S2,223,0,0.040962832962832964,0.37345132743362836,0.024326126927293905
S2,223,1,0.04171292675462723,0.38761061946902653,0.024326126927293905
S2,223,2,0.03454968331919197,0.2938053097345133,0.024326126927293905
S2,223,3,0.04676425628778041,0.36106194690265486,0.024326126927293905
S2,224,0,0.03992482336470315,0.35398230088495575,0.03125
S2,224,1,0.04119895244507046,0.38230088495575226,0.03125
S2,224,2,0.03512312196250799,0.31681415929203544,0.03125
S2,224,3,0.045557088038383584,0.36283185840707965,0.03125
S2,225,0,0.03558051107209628,0.32212389380530976,0.0009375
S2,225,1,0.04344636844636845,0.39999999999999997,0.0009375
S2,225,2,0.03385999306513788,0.29026548672566377,0.0009375
S2,225,3,0.05289164086687306,0.44601769911504424,0.0009375
S2,226,0,0.03606855026251358,0.3292035398230088,0.0012043378334562955
S2,226,1,0.04359675640163445,0.39999999999999997,0.0012043378334562955
S2,226,2,0.03384596089268987,0.29026548672566377,0.0012043378334562955
S2,226,3,0.05289164086687306,0.44601769911504424,0.0012043378334562955
S2,227,0,0.036144697226153405,0.3309734513274336,0.0015471249249004852
S2,227,1,0.043665984508245735,0.4017699115044248,0.0015471249249004852
S2,227,2,0.03394236790463206,0.2920353982300885,0.0015471249249004852
S2,227,3,0.05270990389618352,0.4424778761061947,0.0015471249249004852
S2,228,0,0.03634352759739756,0.33274336283185846,0.0019874784854836103
S2,228,1,0.04379601531165936,0.40530973451327434,0.0019874784854836103
S2,228,2,0.0339343683230717,0.2920353982300885,0.0019874784854836103
S2,228,3,0.05270990389618352,0.4424778761061947,0.0019874784854836103
S2,229,0,0.03680927065137591,0.3398230088495575,0.00255316856879822
S2,229,1,0.044705106220750274,0.41061946902654867,0.00255316856879822
S2,229,2,0.03405672373296999,0.2938053097345133,0.00255316856879822
S2,229,3,0.05242146684304058,0.43716814159292033,0.00255316856879822
S2,230,0,0.037015392015392015,0.3433628318584071,0.003279869336101505
S2,230,1,0.04431049258514047,0.4035398230088496,0.003279869336101505
S2,230,2,0.03401622921258265,0.2920353982300885,0.003279869336101505
S2,230,3,0.05172592113768584,0.4300884955752212,0.003279869336101505
S2,231,0,0.037830642877371846,0.35575221238938054,0.004213408778944241
S2,231,1,0.04449894497542772,0.40353982300884955,0.004213408778944241
S2,231,2,0.03405898153037741,0.29380530973451324,0.004213408778944241
S2,231,3,0.05105742296918767,0.4230088495575221,0.004213408778944241
S2,232,0,0.03860324126101615,0.36460176991150445,0.005412658773652742
S2,232,1,0.04366558464648927,0.3982300884955752,0.005412658773652742
S2,232,2,0.03360201394300727,0.2831858407079646,0.005412658773652742
S2,232,3,0.04925262399457738,0.41592920353982304,0.005412658773652742
S2,233,0,0.03938202363204095,0.37345132743362836,0.006953247723412432
S2,233,1,0.04283382110846899,0.39115044247787606,0.006953247723412432
S2,233,2,0.033364366547356236,0.2778761061946903,0.006953247723412432
S2,233,3,0.05024006248201586,0.41415929203539825,0.006953247723412432
S2,234,0,0.03954602723701746,0.3769911504424779,0.008932329918612748
S2,234,1,0.04223111858484879,0.38938053097345127,0.008932329918612748
S2,234,2,0.033433498730265514,0.279646017699115,0.008932329918612748
S2,234,3,0.05061912812650476,0.40353982300884955,0.008932329918612748
S2,235,0,0.040914246601868154,0.38761061946902653,0.011474712386025526
S2,235,1,0.042106494182694555,0.38938053097345127,0.011474712386025526
S2,235,2,0.03364416075371043,0.2831858407079646,0.011474712386025526
S2,235,3,0.052173651243190844,0.39823008849557523,0.011474712386025526
S2,236,0,0.041063539416115465,0.38761061946902653,0.014740725604821443
S2,236,1,0.04170979252521603,0.38584070796460174,0.014740725604821443
S2,236,2,0.03413321396349816,0.2902654867256637,0.014740725604821443
S2,236,3,0.04897367338543809,0.3769911504424779,0.014740725604821443
S2,237,0,0.04053403601229688,0.3769911504424779,0.01893633444105003
S2,237,1,0.042341256426056836,0.39292035398230085,0.01893633444105003
S2,237,2,0.03426594036831424,0.2902654867256637,0.01893633444105003
S2,237,3,0.04666134325815989,0.35929203539823007,0.01893633444105003
S2,238,0,0.04058377586735796,0.36637168141592924,0.024326126927293905
S2,238,1,0.041535621790088226,0.3858407079646018,0.024326126927293905
S2,238,2,0.03449110671936759,0.2938053097345133,0.024326126927293905
S2,238,3,0.04691100224447863,0.3646017699115044,0.024326126927293905
S2,239,0,0.040582542198630486,0.35929203539823007,0.03125
S2,239,1,0.04119895244507046,0.38230088495575226,0.03125
S2,239,2,0.03512312196250799,0.31681415929203544,0.03125
S2,239,3,0.045557088038383584,0.36283185840707965,0.03125
S2,240,0,0.03590681438345343,0.327433628318584,0.0009375
S2,240,1,0.04349481494955856,0.39999999999999997,0.0009375
S2,240,2,0.03343917756519042,0.28141592920353986,0.0009375
S2,240,3,0.05279645716232328,0.44424778761061945,0.0009375
S2,241,0,0.036023705090642205,0.3292035398230089,0.0012043378334562955
S2,241,1,0.04402911123094609,0.40176991150442476,0.0012043378334562955
S2,241,2,0.03359895669001493,0.28495575221238945,0.0012043378334562955
S2,241,3,0.052693928112425806,0.44247787610619466,0.0012043378334562955
S2,242,0,0.036158657857173926,0.3309734513274336,0.0015471249249004852
S2,242,1,0.04429901676400952,0.40353982300884955,0.0015471249249004852
S2,242,2,0.033544346153041804,0.2831858407079646,0.0015471249249004852
S2,242,3,0.05250067476383266,0.4389380530973452,0.0015471249249004852
S2,243,0,0.03634352759739756,0.33274336283185846,0.0019874784854836103
S2,243,1,0.044366974630132526,0.4053097345132743,0.0019874784854836103
S2,243,2,0.033626803378356176,0.2849557522123894,0.0019874784854836103
S2,243,3,0.05112125249833444,0.4353982300884956,0.0019874784854836103
S2,244,0,0.03688764055733203,0.34159292035398225,0.00255316856879822
S2,244,1,0.044366974630132526,0.4053097345132743,0.00255316856879822
S2,244,2,0.03363370520904767,0.28495575221238933,0.00255316856879822
S2,244,3,0.050420792079207924,0.4283185840707964,0.00255316856879822
S2,245,0,0.03722305099829497,0.3469026548672567,0.003279869336101505
S2,245,1,0.044214439989087875,0.40530973451327434,0.003279869336101505
S2,245,2,0.03372586054508252,0.2867256637168141,0.003279869336101505
S2,245,3,0.05113507779349363,0.42477876106194695,0.003279869336101505
S2,246,0,0.038429162736467605,0.36106194690265486,0.004213408778944241
S2,246,1,0.044193121693121694,0.4017699115044248,0.004213408778944241
S2,246,2,0.03383091780218996,0.2884955752212389,0.004213408778944241
S2,246,3,0.05091359385107946,0.42300884955752216,0.004213408778944241
S2,247,0,0.0391596241991152,0.36991150442477877,0.005412658773652742
S2,247,1,0.04310191766676623,0.39292035398230085,0.005412658773652742
S2,247,2,0.03352852507947693,0.2814159292035398,0.005412658773652742
S2,247,3,0.04876477448498874,0.41061946902654867,0.005412658773652742
S2,248,0,0.03915917562573324,0.3699115044247787,0.006953247723412432
S2,248,1,0.04216269034278607,0.38584070796460174,0.006953247723412432
S2,248,2,0.033829195068042016,0.2884955752212389,0.006953247723412432
S2,248,3,0.05110932420493613,0.40884955752212393,0.006953247723412432
S2,249,0,0.03972451898177427,0.3769911504424779,0.008932329918612748
S2,249,1,0.04190000383806512,0.38407079646017694,0.008932329918612748
S2,249,2,0.033821383483522705,0.2884955752212389,0.008932329918612748
S2,249,3,0.05250601518170351,0.40530973451327434,0.008932329918612748
S2,250,0,0.04073650342749366,0.38407079646017694,0.011474712386025526
S2,250,1,0.041364785148509164,0.38053097345132747,0.011474712386025526
S2,250,2,0.03399613057563277,0.29026548672566377,0.011474712386025526
S2,250,3,0.052336916549313287,0.4,0.011474712386025526
S2,251,0,0.040891093629930396,0.384070796460177,0.014740725604821443
S2,251,1,0.040616085668717244,0.3734513274336283,0.014740725604821443
S2,251,2,0.03430233067471109,0.29380530973451324,0.014740725604821443
S2,251,3,0.049758241758241756,0.3911504424778761,0.014740725604821443
S2,252,0,0.040347964773594064,0.3734513274336283,0.01893633444105003
S2,252,1,0.04137645919188271,0.38407079646017694,0.01893633444105003
S2,252,2,0.034427193497579445,0.29380530973451324,0.01893633444105003
S2,252,3,0.046756526962709676,0.36106194690265486,0.01893633444105003
S2,253,0,0.04039071639690835,0.36283185840707965,0.024326126927293905
S2,253,1,0.041535621790088226,0.3858407079646018,0.024326126927293905
S2,253,2,0.03456650051324878,0.2973451327433628,0.024326126927293905
S2,253,3,0.047200557699329376,0.36991150442477877,0.024326126927293905
S2,254,0,0.04068244229853058,0.36106194690265486,0.03125
S2,254,1,0.04119895244507046,0.38230088495575226,0.03125
S2,254,2,0.03512312196250799,0.31681415929203544,0.03125
S2,254,3,0.04668763198582893,0.3610619469026549,0.03125
S2,255,0,0.036407995120536746,0.33628318584070793,0.0009375
S2,255,1,0.04267976963893513,0.39292035398230085,0.0009375
S2,255,2,0.03343186491814604,0.28141592920353986,0.0009375
S2,255,3,0.05250899977215766,0.4389380530973451,0.0009375
S2,256,0,0.03632591577717149,0.3345132743362832,0.0012043378334562955
S2,256,1,0.043075026555931185,0.39469026548672564,0.0012043378334562955
S2,256,2,0.03350732552061279,0.2831858407079646,0.0012043378334562955
S2,256,3,0.05250899977215766,0.4389380530973451,0.0012043378334562955
S2,257,0,0.03624572331526291,0.3327433628318584,0.0015471249249004852
S2,257,1,0.04359675640163445,0.39999999999999997,0.0015471249249004852
S2,257,2,0.033600397438918274,0.28495575221238945,0.0015471249249004852
S2,257,3,0.05240909967225757,0.4371681415929204,0.0015471249249004852
S2,258,0,0.036508867815695546,0.33628318584070793,0.0019874784854836103
S2,258,1,0.04409706909706909,0.40353982300884955,0.0019874784854836103
S2,258,2,0.0337032967032967,0.2867256637168142,0.0019874784854836103
S2,258,3,0.050857142857142865,0.4336283185840708,0.0019874784854836103
S2,259,0,0.03691332002562242,0.3415929203539823,0.00255316856879822
S2,259,1,0.04409706909706909,0.40353982300884955,0.00255316856879822
S2,259,2,0.033652421652421646,0.2849557522123894,0.00255316856879822
S2,259,3,0.050664835164835165,0.4300884955752213,0.00255316856879822
S2,260,0,0.03731121886992255,0.3486725663716814,0.003279869336101505
S2,260,1,0.04398291384592754,0.40176991150442476,0.003279869336101505
S2,260,2,0.033493250926240614,0.28141592920353986,0.003279869336101505
S2,260,3,0.05008531454860844,0.42477876106194695,0.003279869336101505
S2,261,0,0.03822493319797902,0.35752212389380533,0.004213408778944241
S2,261,1,0.044016631516631516,0.4017699115044248,0.004213408778944241
S2,261,2,0.03349146466522548,0.28141592920353986,0.004213408778944241
S2,261,3,0.05051925053132491,0.41769911504424784,0.004213408778944241
S2,262,0,0.03907943173720663,0.368141592920354,0.005412658773652742
S2,262,1,0.043254429903479025,0.39469026548672564,0.005412658773652742
S2,262,2,0.03375468028268545,0.2867256637168142,0.005412658773652742
S2,262,3,0.0515492978698218,0.41415929203539825,0.005412658773652742
S2,263,0,0.039072640492469134,0.368141592920354,0.006953247723412432
S2,263,1,0.042308901661563765,0.3876106194690266,0.006953247723412432
S2,263,2,0.033994176244238124,0.2920353982300885,0.006953247723412432
S2,263,3,0.04959417268978461,0.40707964601769914,0.006953247723412432
S2,264,0,0.03987473913199442,0.3769911504424779,0.008932329918612748
S2,264,1,0.04170165179442617,0.3805309734513274,0.008932329918612748
S2,264,2,0.034062728030086295,0.29380530973451324,0.008932329918612748
S2,264,3,0.052413577872770636,0.40353982300884955,0.008932329918612748
S2,265,0,0.0406504449077002,0.3823008849557522,0.011474712386025526
S2,265,1,0.04065862662876324,0.3734513274336283,0.011474712386025526
S2,265,2,0.03391822729400851,0.2884955752212389,0.011474712386025526
S2,265,3,0.05250886863119214,0.40176991150442476,0.011474712386025526
S2,266,0,0.04057693183939458,0.3787610619469027,0.014740725604821443
S2,266,1,0.04018766901494848,0.368141592920354,0.014740725604821443
S2,266,2,0.03460234421100682,0.3008849557522124,0.014740725604821443
S2,266,3,0.05008594564223142,0.3946902654867257,0.014740725604821443
S2,267,0,0.040159467235315646,0.36991150442477877,0.01893633444105003
S2,267,1,0.04110907951273832,0.3805309734513274,0.01893633444105003
S2,267,2,0.034358339447297624,0.2920353982300885,0.01893633444105003
S2,267,3,0.049008835615788324,0.3769911504424779,0.01893633444105003
S2,268,0,0.04018828724711078,0.3592920353982301,0.024326126927293905
S2,268,1,0.04082787388050546,0.3787610619469027,0.024326126927293905
S2,268,2,0.03472370442234619,0.3008849557522124,0.024326126927293905
S2,268,3,0.04723931259848852,0.37168141592920356,0.024326126927293905
S2,269,0,0.0404281914365236,0.35575221238938054,0.03125
S2,269,1,0.04122255384367185,0.3805309734513274,0.03125
S2,269,2,0.03520136922385384,0.31858407079646023,0.03125
S2,269,3,0.04684672065423437,0.3646017699115044,0.03125
S2,270,0,0.03629412497918279,0.3345132743362832,0.0009375
S2,270,1,0.04253631101457188,0.39292035398230085,0.0009375
S2,270,2,0.0336048334767075,0.2849557522123894,0.0009375
S2,270,3,0.05240909967225757,0.4371681415929204,0.0009375
S2,271,0,0.036323378139568874,0.3345132743362832,0.0012043378334562955
S2,271,1,0.04274772750505814,0.39469026548672564,0.0012043378334562955
S2,271,2,0.03367650093967931,0.2867256637168142,0.0012043378334562955
S2,271,3,0.05240909967225757,0.4371681415929204,0.0012043378334562955
S2,272,0,0.03647352828971902,0.336283185840708,0.0015471249249004852
S2,272,1,0.0434826011504929,0.3982300884955752,0.0015471249249004852
S2,272,2,0.03377402739008485,0.2884955752212389,0.0015471249249004852
S2,272,3,0.05240909967225757,0.4371681415929204,0.0015471249249004852
S2,273,0,0.03674525279873166,0.3398230088495575,0.0019874784854836103
S2,273,1,0.0434826011504929,0.3982300884955752,0.0019874784854836103
S2,273,2,0.03354088050314465,0.28318584070796465,0.0019874784854836103
S2,273,3,0.05075977187369592,0.431858407079646,0.0019874784854836103
S2,274,0,0.036666882892775546,0.3380530973451327,0.00255316856879822
S2,274,1,0.04372650358951729,0.39999999999999997,0.00255316856879822
S2,274,2,0.03379487179487179,0.2884955752212389,0.00255316856879822
S2,274,3,0.05075977187369592,0.431858407079646,0.00255316856879822
S2,275,0,0.03775948669646069,0.352212389380531,0.003279869336101505
S2,275,1,0.043402163570055316,0.39646017699115044,0.003279869336101505
S2,275,2,0.03371111584998789,0.2867256637168142,0.003279869336101505
S2,275,3,0.050664835164835165,0.4300884955752213,0.003279869336101505
S2,276,0,0.03822493319797902,0.35752212389380533,0.004213408778944241
S2,276,1,0.043334205703932316,0.39469026548672564,0.004213408778944241
S2,276,2,0.03397045707915273,0.2920353982300885,0.004213408778944241
S2,276,3,0.052467302479376865,0.42300884955752216,0.004213408778944241
S2,277,0,0.03907943173720663,0.368141592920354,0.005412658773652742
S2,277,1,0.04240616290090847,0.38761061946902653,0.005412658773652742
S2,277,2,0.03414832088404317,0.29557522123893804,0.005412658773652742
S2,277,3,0.04994598884658918,0.41061946902654867,0.005412658773652742
S2,278,0,0.03915471983583439,0.36991150442477877,0.006953247723412432
S2,278,1,0.04226181293478884,0.384070796460177,0.006953247723412432
S2,278,2,0.03397194910352805,0.2920353982300885,0.006953247723412432
S2,278,3,0.04925977608482485,0.39999999999999997,0.006953247723412432
S2,279,0,0.039788203998730315,0.3752212389380531,0.008932329918612748
S2,279,1,0.041292820686726836,0.3752212389380531,0.008932329918612748
S2,279,2,0.03407409964116246,0.29380530973451324,0.008932329918612748
S2,279,3,0.05249476383552783,0.40353982300884955,0.008932329918612748
S2,280,0,0.04096414213339323,0.384070796460177,0.011474712386025526
S2,280,1,0.04044030576771575,0.368141592920354,0.011474712386025526
S2,280,2,0.03398989475698032,0.2902654867256637,0.011474712386025526
S2,280,3,0.052585477415666104,0.40353982300884955,0.011474712386025526
S2,281,0,0.040301446060239714,0.37345132743362836,0.014740725604821443
S2,281,1,0.03999590246029874,0.36460176991150445,0.014740725604821443
S2,281,2,0.03432803078193149,0.2955752212389381,0.014740725604821443
S2,281,3,0.05023108352321836,0.39646017699115044,0.014740725604821443
S2,282,0,0.040053703089361126,0.368141592920354,0.01893633444105003
S2,282,1,0.04050472818316539,0.3716814159292035,0.01893633444105003
S2,282,2,0.03454142701785472,0.2973451327433628,0.01893633444105003
S2,282,3,0.050054635352832305,0.3946902654867257,0.01893633444105003
S2,283,0,0.04001010818285576,0.3557522123893805,0.024326126927293905
S2,283,1,0.04045922292361921,0.37168141592920356,0.024326126927293905
S2,283,2,0.03463219218258412,0.2991150442477876,0.024326126927293905
S2,283,3,0.04715782551477822,0.3699115044247788,0.024326126927293905
S2,284,0,0.04044005544005544,0.35575221238938054,0.03125
S2,284,1,0.041288507497860796,0.3787610619469027,0.03125
S2,284,2,0.03503525626704321,0.31504424778761064,0.03125
S2,284,3,0.04714035323065077,0.36991150442477877,0.03125
S2,285,0,0.03601566446225492,0.3309734513274336,0.0009375
S2,285,1,0.04210906558732645,0.38761061946902653,0.0009375
S2,285,2,0.03390913631908572,0.2920353982300885,0.0009375
S2,285,3,0.05250067476383266,0.4389380530973452,0.0009375
S2,286,0,0.036515580410643435,0.3380530973451328,0.0012043378334562955
S2,286,1,0.04191582887235061,0.3858407079646018,0.0012043378334562955
S2,286,2,0.03383508966969661,0.29026548672566377,0.0012043378334562955
S2,286,3,0.05240909967225757,0.4371681415929204,0.0012043378334562955
S2,287,0,0.036665730560793586,0.3398230088495575,0.0015471249249004852
S2,287,1,0.04202689884643428,0.38761061946902653,0.0015471249249004852
S2,287,2,0.03375093229540668,0.288495575221239,0.0015471249249004852
S2,287,3,0.05240909967225757,0.4371681415929204,0.0015471249249004852
S2,288,0,0.03678262126798236,0.34159292035398237,0.0019874784854836103
S2,288,1,0.04291775919682897,0.3929203539823009,0.0019874784854836103
S2,288,2,0.033763894236940054,0.288495575221239,0.0019874784854836103
S2,288,3,0.050857142857142865,0.4336283185840708,0.0019874784854836103
S2,289,0,0.037109418653603274,0.34513274336283184,0.00255316856879822
S2,289,1,0.04276936375026838,0.3893805309734513,0.00255316856879822
S2,289,2,0.03369063416367998,0.2867256637168142,0.00255316856879822
S2,289,3,0.05075977187369592,0.431858407079646,0.00255316856879822
S2,290,0,0.03781956176947149,0.3504424778761063,0.003279869336101505
S2,290,1,0.04276936375026838,0.3893805309734513,0.003279869336101505
S2,290,2,0.03386913390560807,0.2902654867256637,0.003279869336101505
S2,290,3,0.050664835164835165,0.4300884955752213,0.003279869336101505
S2,291,0,0.03822084587862076,0.35752212389380533,0.004213408778944241
S2,291,1,0.042295092926824804,0.3858407079646018,0.004213408778944241
S2,291,2,0.03397019414820891,0.2920353982300885,0.004213408778944241
S2,291,3,0.05279116560811804,0.4265486725663717,0.004213408778944241
S2,292,0,0.03861734553569632,0.36283185840707965,0.005412658773652742
S2,292,1,0.041855146388682596,0.38230088495575226,0.005412658773652742
S2,292,2,0.03405940547082985,0.2938053097345133,0.005412658773652742
S2,292,3,0.050041352678029394,0.4123893805309734,0.005412658773652742
S2,293,0,0.03923875344927977,0.37168141592920356,0.006953247723412432
S2,293,1,0.04124367429630588,0.3769911504424779,0.006953247723412432
S2,293,2,0.03407797875882983,0.29380530973451324,0.006953247723412432
S2,293,3,0.05086477485963494,0.4035398230088495,0.006953247723412432
S2,294,0,0.03987426251852377,0.3769911504424779,0.008932329918612748
S2,294,1,0.04042057847321005,0.36814159292035403,0.008932329918612748
S2,294,2,0.033906281688236575,0.2902654867256637,0.008932329918612748
S2,294,3,0.05218239967971735,0.3964601769911505,0.008932329918612748
S2,295,0,0.04000880148852015,0.3752212389380531,0.011474712386025526
S2,295,1,0.03993038239477868,0.36283185840707965,0.011474712386025526
S2,295,2,0.03385118883644268,0.2867256637168142,0.011474712386025526
S2,295,3,0.05233880060398126,0.4,0.011474712386025526
S2,296,0,0.04018845170995723,0.37168141592920356,0.014740725604821443
S2,296,1,0.03993038239477868,0.36283185840707965,0.014740725604821443
S2,296,2,0.034442236739333665,0.2973451327433628,0.014740725604821443
S2,296,3,0.05039434882934081,0.4,0.014740725604821443
S2,297,0,0.040144818053233895,0.36460176991150445,0.01893633444105003
S2,297,1,0.04011908006642484,0.3663716814159292,0.01893633444105003
S2,297,2,0.03470144374328876,0.30088495575221236,0.01893633444105003
S2,297,3,0.05013879272712223,0.3964601769911505,0.01893633444105003
S2,298,0,0.03957720774995533,0.35398230088495575,0.024326126927293905
S2,298,1,0.04045922292361921,0.37168141592920356,0.024326126927293905
S2,298,2,0.03452871823063612,0.2991150442477876,0.024326126927293905
S2,298,3,0.04724635001038546,0.37168141592920356,0.024326126927293905
S2,299,0,0.04075577101892891,0.35221238938053095,0.03125
S2,299,1,0.041125242191738354,0.3769911504424779,0.03125
S2,299,2,0.034708572874942493,0.30796460176991153,0.03125
S2,299,3,0.047070227003441795,0.368141592920354,0.03125
S3,0,0,0.03302980060370349,0.2672566371681416,0.0011111111111111111
S3,0,1,0.029727113289594164,0.18761061946902655,0.0011111111111111111
S3,0,2,0.038645547266962746,0.3398230088495575,0.0011111111111111111
S3,0,3,0.05867477311064728,0.4796460176991151,0.0011111111111111111
S3,1,0,0.03287896453850593,0.26548672566371684,0.0014273633581704244
S3,1,1,0.02978313569855775,0.1893805309734513,0.0014273633581704244
S3,1,2,0.039484478157044534,0.3433628318584071,0.0014273633581704244
S3,1,3,0.06035041781046828,0.4796460176991151,0.0014273633581704244
S3,2,0,0.03210820405443433,0.24955752212389382,0.0018336295406227972
S3,2,1,0.02978313569855775,0.1893805309734513,0.0018336295406227972
S3,2,2,0.038421119043173003,0.3398230088495576,0.0018336295406227972
S3,2,3,0.0595424402505441,0.47787610619469034,0.0018336295406227972
S3,3,0,0.0314249321816136,0.23362831858407082,0.002355530056869464
S3,3,1,0.02959488206202825,0.18230088495575222,0.002355530056869464
S3,3,2,0.038338512428527184,0.3380530973451328,0.002355530056869464
S3,3,3,0.05905731436219241,0.47433628318584076,0.002355530056869464
S3,4,0,0.030807193844577023,0.21592920353982303,0.0030259775630201127
S3,4,1,0.029269651420415623,0.16991150442477876,0.0030259775630201127
S3,4,2,0.03774698017685395,0.3345132743362832,0.0030259775630201127
S3,4,3,0.05853050833538639,0.4849557522123894,0.0030259775630201127
S3,5,0,0.030430373456002562,0.20530973451327436,0.0038872525464906725
S3,5,1,0.02897989542012261,0.1592920353982301,0.0038872525464906725
S3,5,2,0.037111422654532086,0.3398230088495575,0.0038872525464906725
S3,5,3,0.06255369297120356,0.511504424778761,0.0038872525464906725
S3,6,0,0.03131239438832671,0.22477876106194689,0.004993669663933915
S3,6,1,0.029185431658292973,0.168141592920354,0.004993669663933915
S3,6,2,0.03763963502033492,0.3451327433628319,0.004993669663933915
S3,6,3,0.06477310148753375,0.5451327433628319,0.004993669663933915
S3,7,0,0.031570684519299425,0.23716814159292035,0.006415002990995842
S3,7,1,0.029752811980149993,0.18761061946902657,0.006415002990995842
S3,7,2,0.03528275173436464,0.30619469026548674,0.006415002990995842
S3,7,3,0.07195251661918328,0.5982300884955751,0.006415002990995842
S3,8,0,0.03274884884337766,0.26194690265486725,0.00824088619071103
S3,8,1,0.029828653662162266,0.18938053097345134,0.00824088619071103
S3,8,2,0.034319520272335355,0.29026548672566377,0.00824088619071103
S3,8,3,0.07515033217757157,0.6300884955752213,0.00824088619071103
S3,9,0,0.03384210105140338,0.288495575221239,0.010586465088726219
S3,9,1,0.03012089301688426,0.19823008849557522,0.010586465088726219
S3,9,2,0.03331783478605305,0.27256637168141595,0.010586465088726219
S3,9,3,0.07453645263205799,0.6176991150442478,0.010586465088726219
S3,10,0,0.035803291444184024,0.3221238938053097,0.0135996591241784
S3,10,1,0.030859700644183405,0.21946902654867256,0.0135996591241784
S3,10,2,0.033073344252710725,0.26902654867256637,0.0135996591241784
S3,10,3,0.07786663475069272,0.6212389380530974,0.0135996591241784
S3,11,0,0.035795684822683936,0.31681415929203544,0.017470489605714304
S3,11,1,0.031388693581071075,0.2336283185840708,0.017470489605714304
S3,11,2,0.03344308109103343,0.27610619469026554,0.017470489605714304
S3,11,3,0.07439484403388077,0.6106194690265487,0.017470489605714304
S3,12,0,0.0366785063211848,0.32743362831858414,0.02244306304124448
S3,12,1,0.0329068849413677,0.2690265486725664,0.02244306304124448
S3,12,2,0.03261057903883879,0.26017699115044246,0.02244306304124448
S3,12,3,0.06617826617826618,0.5734513274336284,0.02244306304124448
S3,13,0,0.03736126327933073,0.3415929203539823,0.028830965247163148
S3,13,1,0.03528873858737229,0.31504424778761064,0.028830965247163148
S3,13,2,0.03229005623156649,0.2513274336283186,0.028830965247163148
S3,13,3,0.06253888093547211,0.5185840707964602,0.028830965247163148
S3,14,0,0.03693791927903407,0.33274336283185846,0.037037037037037035
S3,14,1,0.038645893466996484,0.36991150442477877,0.037037037037037035
S3,14,2,0.03192039424798045,0.2424778761061947,0.037037037037037035
S3,14,3,0.05609915365533343,0.46902654867256643,0.037037037037037035
S3,15,0,0.030965631756638124,0.22123893805309738,0.0011111111111111111
S3,15,1,0.0308757875537316,0.2194690265486726,0.0011111111111111111
S3,15,2,0.038645547266962746,0.3398230088495575,0.0011111111111111111
S3,15,3,0.058755210691084865,0.4814159292035398,0.0011111111111111111
S3,16,0,0.030843299120254318,0.21769911504424783,0.0014273633581704244
S3,16,1,0.030365228828505664,0.20530973451327436,0.0014273633581704244
S3,16,2,0.039484478157044534,0.3433628318584071,0.0014273633581704244
S3,16,3,0.06035041781046828,0.4796460176991151,0.0014273633581704244
S3,17,0,0.030958855048869804,0.2194690265486726,0.0018336295406227972
S3,17,1,0.029935782662736474,0.1929203539823009,0.0018336295406227972
S3,17,2,0.038421119043173003,0.3398230088495576,0.0018336295406227972
S3,17,3,0.0595424402505441,0.47787610619469034,0.0018336295406227972
S3,18,0,0.03081549253517887,0.21592920353982303,0.002355530056869464
S3,18,1,0.02960204139865157,0.18230088495575225,0.002355530056869464
S3,18,2,0.038338512428527184,0.3380530973451328,0.002355530056869464
S3,18,3,0.05905731436219241,0.47433628318584076,0.002355530056869464
S3,19,0,0.03035924523191076,0.20353982300884957,0.0030259775630201127
S3,19,1,0.029269651420415623,0.16991150442477876,0.0030259775630201127
S3,19,2,0.03774698017685395,0.3345132743362832,0.0030259775630201127
S3,19,3,0.05853050833538639,0.4849557522123894,0.0030259775630201127
S3,20,0,0.030589697868188347,0.2088495575221239,0.0038872525464906725
S3,20,1,0.02897989542012261,0.1592920353982301,0.0038872525464906725
S3,20,2,0.037111422654532086,0.3398230088495575,0.0038872525464906725
S3,20,3,0.06255369297120356,0.511504424778761,0.0038872525464906725
S3,21,0,0.03131239438832671,0.22477876106194689,0.004993669663933915
S3,21,1,0.029185431658292973,0.168141592920354,0.004993669663933915
S3,21,2,0.03763963502033492,0.3451327433628319,0.004993669663933915
S3,21,3,0.06477310148753375,0.5451327433628319,0.004993669663933915
S3,22,0,0.031570684519299425,0.23716814159292035,0.006415002990995842
S3,22,1,0.029752811980149993,0.18761061946902657,0.006415002990995842
S3,22,2,0.03528275173436464,0.30619469026548674,0.006415002990995842
S3,22,3,0.07195251661918328,0.5982300884955751,0.006415002990995842
S3,23,0,0.03274884884337766,0.26194690265486725,0.00824088619071103
S3,23,1,0.029828653662162266,0.18938053097345134,0.00824088619071103
S3,23,2,0.034319520272335355,0.29026548672566377,0.00824088619071103
S3,23,3,0.07515033217757157,0.6300884955752213,0.00824088619071103
S3,24,0,0.03382317029375853,0.288495575221239,0.010586465088726219
S3,24,1,0.030067431375611874,0.19646017699115048,0.010586465088726219
S3,24,2,0.03331783478605305,0.27256637168141595,0.010586465088726219
S3,24,3,0.07453645263205799,0.6176991150442478,0.010586465088726219
S3,25,0,0.035803291444184024,0.3221238938053097,0.0135996591241784
S3,25,1,0.030859700644183405,0.21946902654867256,0.0135996591241784
S3,25,2,0.03318263387019707,0.27079646017699116,0.0135996591241784
S3,25,3,0.07786663475069272,0.6212389380530974,0.0135996591241784
S3,26,0,0.035795684822683936,0.31681415929203544,0.017470489605714304
S3,26,1,0.031388693581071075,0.2336283185840708,0.017470489605714304
S3,26,2,0.03344308109103343,0.27610619469026554,0.017470489605714304
S3,26,3,0.07439484403388077,0.6106194690265487,0.017470489605714304
S3,27,0,0.0366785063211848,0.32743362831858414,0.02244306304124448
S3,27,1,0.0329068849413677,0.2690265486725664,0.02244306304124448
S3,27,2,0.03261057903883879,0.26017699115044246,0.02244306304124448
S3,27,3,0.06617826617826618,0.5734513274336284,0.02244306304124448
S3,28,0,0.03736126327933073,0.3415929203539823,0.028830965247163148
S3,28,1,0.03528873858737229,0.31504424778761064,0.028830965247163148
S3,28,2,0.03229005623156649,0.2513274336283186,0.028830965247163148
S3,28,3,0.06253888093547211,0.5185840707964602,0.028830965247163148
S3,29,0,0.03693791927903407,0.33274336283185846,0.037037037037037035
S3,29,1,0.038645893466996484,0.36991150442477877,0.037037037037037035
S3,29,2,0.03192039424798045,0.2424778761061947,0.037037037037037035
S3,29,3,0.05609915365533343,0.46902654867256643,0.037037037037037035
S3,30,0,0.0293330869325446,0.1699115044247788,0.0011111111111111111
S3,30,1,0.028684334193558484,0.15044247787610623,0.0011111111111111111
S3,30,2,0.0371331792648879,0.3398230088495575,0.0011111111111111111
S3,30,3,0.05927984927984927,0.4672566371681416,0.0011111111111111111
S3,31,0,0.029115903177289144,0.1628318584070797,0.0014273633581704244
S3,31,1,0.02874395594299873,0.15221238938053097,0.0014273633581704244
S3,31,2,0.03702207099213514,0.3380530973451327,0.0014273633581704244
S3,31,3,0.06059638562938096,0.47787610619469034,0.0014273633581704244
S3,32,0,0.02921292691937916,0.16637168141592923,0.0018336295406227972
S3,32,1,0.028749907097733184,0.15398230088495574,0.0018336295406227972
S3,32,2,0.03686415034241121,0.3345132743362832,0.0018336295406227972
S3,32,3,0.06194455982462213,0.488495575221239,0.0018336295406227972
S3,33,0,0.029326643335475185,0.17168141592920355,0.002355530056869464
S3,33,1,0.02891172828804967,0.15929203539823006,0.002355530056869464
S3,33,2,0.036993170333719336,0.336283185840708,0.002355530056869464
S3,33,3,0.06626563092080334,0.5008849557522124,0.002355530056869464
S3,34,0,0.029436839055483124,0.1752212389380531,0.0030259775630201127
S3,34,1,0.02893214933682725,0.1610619469026549,0.0030259775630201127
S3,34,2,0.03692974681316605,0.3345132743362832,0.0030259775630201127
S3,34,3,0.06450416470218451,0.5097345132743363,0.0030259775630201127
S3,35,0,0.029751157854202348,0.18584070796460178,0.0038872525464906725
S3,35,1,0.029011554828646282,0.16460176991150446,0.0038872525464906725
S3,35,2,0.03737660760987581,0.33982300884955746,0.0038872525464906725
S3,35,3,0.06751548791559635,0.5327433628318584,0.0038872525464906725
S3,36,0,0.030494158279469014,0.20884955752212392,0.004993669663933915
S3,36,1,0.0296299185098546,0.18407079646017702,0.004993669663933915
S3,36,2,0.037442833389081984,0.3398230088495575,0.004993669663933915
S3,36,3,0.06729072784800338,0.5557522123893806,0.004993669663933915
S3,37,0,0.03165749655546537,0.23893805309734517,0.006415002990995842
S3,37,1,0.03006398006398007,0.19646017699115045,0.006415002990995842
S3,37,2,0.035149641402133926,0.30442477876106194,0.006415002990995842
S3,37,3,0.07195251661918328,0.5982300884955751,0.006415002990995842
S3,38,0,0.03250231327065536,0.25486725663716814,0.00824088619071103
S3,38,1,0.029766810743176494,0.18761061946902655,0.00824088619071103
S3,38,2,0.034319520272335355,0.29026548672566377,0.00824088619071103
S3,38,3,0.07515033217757157,0.6300884955752213,0.00824088619071103
S3,39,0,0.0336801899723248,0.2849557522123894,0.010586465088726219
S3,39,1,0.03012089301688426,0.19823008849557522,0.010586465088726219
S3,39,2,0.03331783478605305,0.27256637168141595,0.010586465088726219
S3,39,3,0.07453645263205799,0.6176991150442478,0.010586465088726219
S3,40,0,0.035803291444184024,0.3221238938053097,0.0135996591241784
S3,40,1,0.030859700644183405,0.21946902654867256,0.0135996591241784
S3,40,2,0.033073344252710725,0.26902654867256637,0.0135996591241784
S3,40,3,0.07786663475069272,0.6212389380530974,0.0135996591241784
S3,41,0,0.035795684822683936,0.31681415929203544,0.017470489605714304
S3,41,1,0.031388693581071075,0.2336283185840708,0.017470489605714304
S3,41,2,0.03344308109103343,0.27610619469026554,0.017470489605714304
S3,41,3,0.07439484403388077,0.6106194690265487,0.017470489605714304
S3,42,0,0.0366785063211848,0.32743362831858414,0.02244306304124448
S3,42,1,0.0329068849413677,0.2690265486725664,0.02244306304124448
S3,42,2,0.03261057903883879,0.26017699115044246,0.02244306304124448
S3,42,3,0.06617826617826618,0.5734513274336284,0.02244306304124448
S3,43,0,0.03736126327933073,0.3415929203539823,0.028830965247163148
S3,43,1,0.03528873858737229,0.31504424778761064,0.028830965247163148
S3,43,2,0.03229005623156649,0.2513274336283186,0.028830965247163148
S3,43,3,0.06253888093547211,0.5185840707964602,0.028830965247163148
S3,44,0,0.03693791927903407,0.33274336283185846,0.037037037037037035
S3,44,1,0.038645893466996484,0.36991150442477877,0.037037037037037035
S3,44,2,0.03192039424798045,0.2424778761061947,0.037037037037037035
S3,44,3,0.05609915365533343,0.46902654867256643,0.037037037037037035
S3,45,0,0.02926570091721453,0.1699115044247788,0.0011111111111111111
S3,45,1,0.029096904125414463,0.168141592920354,0.0011111111111111111
S3,45,2,0.03735280127464941,0.33628318584070793,0.0011111111111111111
S3,45,3,0.07139211215222746,0.5858407079646017,0.0011111111111111111
S3,46,0,0.02932456522289422,0.17168141592920355,0.0014273633581704244
S3,46,1,0.029232634882541395,0.17168141592920355,0.0014273633581704244
S3,46,2,0.037377632803155335,0.3345132743362832,0.0014273633581704244
S3,46,3,0.06951536901232641,0.5823008849557523,0.0014273633581704244
S3,47,0,0.02947620457241128,0.17699115044247787,0.0018336295406227972
S3,47,1,0.029287279691284564,0.17345132743362832,0.0018336295406227972
S3,47,2,0.037907154956844394,0.3415929203539823,0.0018336295406227972
S3,47,3,0.06903363850012277,0.5823008849557523,0.0018336295406227972
S3,48,0,0.029496037344773976,0.1787610619469027,0.002355530056869464
S3,48,1,0.029453090507637912,0.17876106194690267,0.002355530056869464
S3,48,2,0.03810663497669725,0.34336283185840705,0.002355530056869464
S3,48,3,0.06984306456595614,0.5876106194690265,0.002355530056869464
S3,49,0,0.029871028965824293,0.1911504424778761,0.0030259775630201127
S3,49,1,0.029431860238809705,0.17876106194690267,0.0030259775630201127
S3,49,2,0.037626190852185326,0.3398230088495575,0.0030259775630201127
S3,49,3,0.07001072282928823,0.5893805309734512,0.0030259775630201127
S3,50,0,0.03024098742671127,0.2017699115044248,0.0038872525464906725
S3,50,1,0.029724487127179903,0.18761061946902655,0.0038872525464906725
S3,50,2,0.03683260643851777,0.33097345132743367,0.0038872525464906725
S3,50,3,0.0740771649733914,0.6,0.0038872525464906725
S3,51,0,0.030660731111907393,0.21415929203539824,0.004993669663933915
S3,51,1,0.029789304342632328,0.1893805309734513,0.004993669663933915
S3,51,2,0.036323863819816324,0.32389380530973455,0.004993669663933915
S3,51,3,0.07462406015037594,0.6106194690265486,0.004993669663933915
S3,52,0,0.03175012556411643,0.23893805309734512,0.006415002990995842
S3,52,1,0.02966967543554614,0.18584070796460173,0.006415002990995842
S3,52,2,0.034878823717375426,0.3008849557522124,0.006415002990995842
S3,52,3,0.07594823501539918,0.6389380530973452,0.006415002990995842
S3,53,0,0.03260425876805187,0.25663716814159293,0.00824088619071103
S3,53,1,0.029804540097201807,0.1893805309734513,0.00824088619071103
S3,53,2,0.03402076069034898,0.2849557522123894,0.00824088619071103
S3,53,3,0.0730746301018695,0.6265486725663717,0.00824088619071103
S3,54,0,0.03404793157220342,0.2920353982300885,0.010586465088726219
S3,54,1,0.030161815196297955,0.19999999999999998,0.010586465088726219
S3,54,2,0.03323376513307863,0.27256637168141595,0.010586465088726219
S3,54,3,0.07638383006083078,0.6212389380530974,0.010586465088726219
S3,55,0,0.03597135867107478,0.32389380530973455,0.0135996591241784
S3,55,1,0.03118720860327031,0.22831858407079647,0.0135996591241784
S3,55,2,0.03307633425570073,0.26902654867256637,0.0135996591241784
S3,55,3,0.07786663475069272,0.6212389380530974,0.0135996591241784
S3,56,0,0.035795684822683936,0.31681415929203544,0.017470489605714304
S3,56,1,0.031388693581071075,0.2336283185840708,0.017470489605714304
S3,56,2,0.03344308109103343,0.27610619469026554,0.017470489605714304
S3,56,3,0.07439484403388077,0.6106194690265487,0.017470489605714304
S3,57,0,0.0366785063211848,0.32743362831858414,0.02244306304124448
S3,57,1,0.0329068849413677,0.2690265486725664,0.02244306304124448
S3,57,2,0.03261057903883879,0.26017699115044246,0.02244306304124448
S3,57,3,0.06617826617826618,0.5734513274336284,0.02244306304124448
S3,58,0,0.03736126327933073,0.3415929203539823,0.028830965247163148
S3,58,1,0.03528873858737229,0.31504424778761064,0.028830965247163148
S3,58,2,0.03229005623156649,0.2513274336283186,0.028830965247163148
S3,58,3,0.06253888093547211,0.5185840707964602,0.028830965247163148
S3,59,0,0.03693791927903407,0.33274336283185846,0.037037037037037035
S3,59,1,0.038645893466996484,0.36991150442477877,0.037037037037037035
S3,59,2,0.03192039424798045,0.2424778761061947,0.037037037037037035
S3,59,3,0.05609915365533343,0.46902654867256643,0.037037037037037035
S3,60,0,0.029588406273850988,0.18053097345132746,0.0011111111111111111
S3,60,1,0.02917058523357833,0.1699115044247788,0.0011111111111111111
S3,60,2,0.037650210040625,0.3433628318584071,0.0011111111111111111
S3,60,3,0.07545719733103085,0.6194690265486725,0.0011111111111111111
S3,61,0,0.02981706484980362,0.18761061946902657,0.0014273633581704244
S3,61,1,0.029266491462893264,0.17345132743362834,0.0014273633581704244
S3,61,2,0.037419195930514036,0.33982300884955746,0.0014273633581704244
S3,61,3,0.075624100587365,0.6212389380530974,0.0014273633581704244
S3,62,0,0.029811538346533273,0.18584070796460175,0.0018336295406227972
S3,62,1,0.029379613634838965,0.17699115044247787,0.0018336295406227972
S3,62,2,0.03745294305846219,0.3398230088495575,0.0018336295406227972
S3,62,3,0.07679369123063987,0.6230088495575221,0.0018336295406227972
S3,63,0,0.02983965470685925,0.18761061946902657,0.002355530056869464
S3,63,1,0.02954342728735132,0.1823008849557522,0.002355530056869464
S3,63,2,0.03785492577800859,0.34513274336283184,0.002355530056869464
S3,63,3,0.07886034303504524,0.6389380530973452,0.002355530056869464
S3,64,0,0.030195236861903528,0.19823008849557527,0.0030259775630201127
S3,64,1,0.029662106337918923,0.18584070796460178,0.0030259775630201127
S3,64,2,0.037388598065937965,0.3380530973451328,0.0030259775630201127
S3,64,3,0.07980013877729929,0.6371681415929205,0.0030259775630201127
S3,65,0,0.030768500930656466,0.21415929203539824,0.0038872525464906725
S3,65,1,0.030021695982958535,0.19646017699115043,0.0038872525464906725
S3,65,2,0.03677886818522883,0.3309734513274336,0.0038872525464906725
S3,65,3,0.07861721317576903,0.6371681415929205,0.0038872525464906725
S3,66,0,0.03162075417429172,0.23539823008849559,0.004993669663933915
S3,66,1,0.029782399255015888,0.1893805309734513,0.004993669663933915
S3,66,2,0.03533313214226279,0.3097345132743362,0.004993669663933915
S3,66,3,0.08027352635879767,0.6424778761061947,0.004993669663933915
S3,67,0,0.03234005194955959,0.25132743362831855,0.006415002990995842
S3,67,1,0.02980005795421617,0.1893805309734513,0.006415002990995842
S3,67,2,0.03478273163988978,0.3008849557522124,0.006415002990995842
S3,67,3,0.07808488167015298,0.6407079646017699,0.006415002990995842
S3,68,0,0.03275394427549584,0.26194690265486725,0.00824088619071103
S3,68,1,0.029718983894492942,0.18761061946902655,0.00824088619071103
S3,68,2,0.0343530952505917,0.2920353982300885,0.00824088619071103
S3,68,3,0.07717746884413551,0.6230088495575221,0.00824088619071103
S3,69,0,0.034070835497546366,0.2920353982300885,0.010586465088726219
S3,69,1,0.030408646228607533,0.20707964601769913,0.010586465088726219
S3,69,2,0.033485968096304435,0.2778761061946903,0.010586465088726219
S3,69,3,0.07910887077553744,0.6283185840707964,0.010586465088726219
S3,70,0,0.035802718265609365,0.32035398230088497,0.0135996591241784
S3,70,1,0.03119295105217608,0.22831858407079647,0.0135996591241784
S3,70,2,0.03335660688627534,0.27433628318584075,0.0135996591241784
S3,70,3,0.07896107939802802,0.6176991150442478,0.0135996591241784
S3,71,0,0.035795684822683936,0.31681415929203544,0.017470489605714304
S3,71,1,0.03145588283079112,0.23539823008849559,0.017470489605714304
S3,71,2,0.03344308109103343,0.27610619469026554,0.017470489605714304
S3,71,3,0.07439484403388077,0.6106194690265487,0.017470489605714304
S3,72,0,0.0366785063211848,0.32743362831858414,0.02244306304124448
S3,72,1,0.0329068849413677,0.2690265486725664,0.02244306304124448
S3,72,2,0.03261057903883879,0.26017699115044246,0.02244306304124448
S3,72,3,0.06617826617826618,0.5734513274336284,0.02244306304124448
S3,73,0,0.03736126327933073,0.3415929203539823,0.028830965247163148
S3,73,1,0.03528873858737229,0.31504424778761064,0.028830965247163148
S3,73,2,0.03229005623156649,0.2513274336283186,0.028830965247163148
S3,73,3,0.06253888093547211,0.5185840707964602,0.028830965247163148
S3,74,0,0.03693791927903407,0.33274336283185846,0.037037037037037035
S3,74,1,0.038645893466996484,0.36991150442477877,0.037037037037037035
S3,74,2,0.03192039424798045,0.2424778761061947,0.037037037037037035
S3,74,3,0.05609915365533343,0.46902654867256643,0.037037037037037035
S3,75,0,0.029947661968912874,0.1929203539823009,0.0011111111111111111
S3,75,1,0.029326303061612206,0.1752212389380531,0.0011111111111111111
S3,75,2,0.03815826248174974,0.35044247787610616,0.0011111111111111111
S3,75,3,0.07708359356743781,0.6123893805309735,0.0011111111111111111
S3,76,0,0.030098044022673513,0.19646017699115045,0.0014273633581704244
S3,76,1,0.029378594152388218,0.1769911504424779,0.0014273633581704244
S3,76,2,0.038110358234025046,0.35044247787610616,0.0014273633581704244
S3,76,3,0.07692709904474611,0.6106194690265487,0.0014273633581704244
S3,77,0,0.030234543960034155,0.2,0.0018336295406227972
S3,77,1,0.029542143443072235,0.18230088495575222,0.0018336295406227972
S3,77,2,0.03741310599888834,0.34159292035398225,0.0018336295406227972
S3,77,3,0.07706715506715507,0.6123893805309735,0.0018336295406227972
S3,78,0,0.030485449370300566,0.20707964601769913,0.002355530056869464
S3,78,1,0.0298952976623719,0.1929203539823009,0.002355530056869464
S3,78,2,0.03725646829095105,0.33982300884955746,0.002355530056869464
S3,78,3,0.07724455936220642,0.6141592920353982,0.002355530056869464
S3,79,0,0.03063354816412475,0.2106194690265487,0.0030259775630201127
S3,79,1,0.029905585510305276,0.19292035398230092,0.0030259775630201127
S3,79,2,0.03706110067889643,0.33628318584070793,0.0030259775630201127
S3,79,3,0.07588945437329861,0.6106194690265487,0.0030259775630201127
S3,80,0,0.03135188049578806,0.22831858407079647,0.0038872525464906725
S3,80,1,0.02990613999385929,0.1929203539823009,0.0038872525464906725
S3,80,2,0.036386860542304944,0.3256637168141593,0.0038872525464906725
S3,80,3,0.07805024685459469,0.6212389380530974,0.0038872525464906725
S3,81,0,0.031810922047429024,0.23893805309734517,0.004993669663933915
S3,81,1,0.030079039768853823,0.19823008849557522,0.004993669663933915
S3,81,2,0.035375529694142004,0.30973451327433627,0.004993669663933915
S3,81,3,0.07552504500835436,0.6230088495575221,0.004993669663933915
S3,82,0,0.03219270259492875,0.25132743362831855,0.006415002990995842
S3,82,1,0.030284075141640807,0.20353982300884954,0.006415002990995842
S3,82,2,0.034627244503832526,0.2973451327433628,0.006415002990995842
S3,82,3,0.07338866806951913,0.6123893805309735,0.006415002990995842
S3,83,0,0.03398823398823399,0.2920353982300885,0.00824088619071103
S3,83,1,0.03047280841086151,0.2088495575221239,0.00824088619071103
S3,83,2,0.03382353956390467,0.2849557522123894,0.00824088619071103
S3,83,3,0.07677241317967791,0.6212389380530974,0.00824088619071103
S3,84,0,0.034852368613029296,0.30619469026548674,0.010586465088726219
S3,84,1,0.030918735942437027,0.22123893805309736,0.010586465088726219
S3,84,2,0.03368259610402746,0.2814159292035398,0.010586465088726219
S3,84,3,0.08205900251203382,0.6283185840707964,0.010586465088726219
S3,85,0,0.03551752745301132,0.31681415929203544,0.0135996591241784
S3,85,1,0.031057264080965166,0.22477876106194694,0.0135996591241784
S3,85,2,0.03363626790322449,0.27964601769911507,0.0135996591241784
S3,85,3,0.08253798670465337,0.615929203539823,0.0135996591241784
S3,86,0,0.035795684822683936,0.31681415929203544,0.017470489605714304
S3,86,1,0.031522605099348254,0.23716814159292035,0.017470489605714304
S3,86,2,0.03334407404986048,0.27433628318584075,0.017470489605714304
S3,86,3,0.07727271979197525,0.6123893805309735,0.017470489605714304
S3,87,0,0.0366785063211848,0.32743362831858414,0.02244306304124448
S3,87,1,0.03297611304797898,0.27079646017699116,0.02244306304124448
S3,87,2,0.03261057903883879,0.26017699115044246,0.02244306304124448
S3,87,3,0.06617826617826618,0.5734513274336284,0.02244306304124448
S3,88,0,0.03736126327933073,0.3415929203539823,0.028830965247163148
S3,88,1,0.03528873858737229,0.31504424778761064,0.028830965247163148
S3,88,2,0.03229005623156649,0.2513274336283186,0.028830965247163148
S3,88,3,0.06253888093547211,0.5185840707964602,0.028830965247163148
S3,89,0,0.03693791927903407,0.33274336283185846,0.037037037037037035
S3,89,1,0.038645893466996484,0.36991150442477877,0.037037037037037035
S3,89,2,0.03192039424798045,0.2424778761061947,0.037037037037037035
S3,89,3,0.05609915365533343,0.46902654867256643,0.037037037037037035
S3,90,0,0.030866606361320374,0.21769911504424783,0.0011111111111111111
S3,90,1,0.029116588605752693,0.16814159292035402,0.0011111111111111111
S3,90,2,0.03738168486290684,0.33982300884955746,0.0011111111111111111
S3,90,3,0.08312121822247183,0.6460176991150443,0.0011111111111111111
S3,91,0,0.03093320642792044,0.2194690265486726,0.0014273633581704244
S3,91,1,0.02926547198044252,0.17345132743362837,0.0014273633581704244
S3,91,2,0.037249990394074534,0.3380530973451327,0.0014273633581704244
S3,91,3,0.08356578615800948,0.6495575221238938,0.0014273633581704244
S3,92,0,0.03107173456644858,0.22300884955752215,0.0018336295406227972
S3,92,1,0.029325736649226268,0.1752212389380531,0.0018336295406227972
S3,92,2,0.036738837059203194,0.33097345132743367,0.0018336295406227972
S3,92,3,0.08391421821375862,0.6513274336283186,0.0018336295406227972
S3,93,0,0.03134893915935409,0.23008849557522124,0.002355530056869464
S3,93,1,0.029547620604317773,0.18230088495575222,0.002355530056869464
S3,93,2,0.03631503733116023,0.3238938053097345,0.002355530056869464
S3,93,3,0.08451385328667275,0.6548672566371682,0.002355530056869464
S3,94,0,0.031526541836382094,0.2336283185840708,0.0030259775630201127
S3,94,1,0.02984315744657059,0.1911504424778761,0.0030259775630201127
S3,94,2,0.035834434791061125,0.3168141592920354,0.0030259775630201127
S3,94,3,0.08132879833962632,0.6460176991150443,0.0030259775630201127
S3,95,0,0.03192416902318314,0.24070796460176994,0.0038872525464906725
S3,95,1,0.029770725170748483,0.1893805309734513,0.0038872525464906725
S3,95,2,0.03559040941004944,0.31327433628318585,0.0038872525464906725
S3,95,3,0.08132879833962632,0.6460176991150443,0.0038872525464906725
S3,96,0,0.032268272647141785,0.25132743362831855,0.004993669663933915
S3,96,1,0.030014198772071496,0.19646017699115043,0.004993669663933915
S3,96,2,0.03508733779151202,0.30619469026548674,0.004993669663933915
S3,96,3,0.07453623387127223,0.6230088495575221,0.004993669663933915
S3,97,0,0.03327958227444235,0.2778761061946903,0.006415002990995842
S3,97,1,0.030153971115233668,0.19999999999999996,0.006415002990995842
S3,97,2,0.03399028685143857,0.2867256637168142,0.006415002990995842
S3,97,3,0.07346619280123116,0.6141592920353982,0.006415002990995842
S3,98,0,0.034378900232558775,0.2991150442477876,0.00824088619071103
S3,98,1,0.030811381086895486,0.2176991150442478,0.00824088619071103
S3,98,2,0.03342537917864593,0.2761061946902655,0.00824088619071103
S3,98,3,0.07710320672049031,0.6176991150442478,0.00824088619071103
S3,99,0,0.0352167598483388,0.3132743362831858,0.010586465088726219
S3,99,1,0.030859527452860584,0.2194690265486726,0.010586465088726219
S3,99,2,0.03341870904432534,0.2761061946902655,0.010586465088726219
S3,99,3,0.07654578975457274,0.6212389380530974,0.010586465088726219
S3,100,0,0.035890923890923895,0.32212389380530976,0.0135996591241784
S3,100,1,0.031194856218557304,0.22831858407079647,0.0135996591241784
S3,100,2,0.03345336366734682,0.27610619469026554,0.0135996591241784
S3,100,3,0.08381898684039625,0.6300884955752213,0.0135996591241784
S3,101,0,0.035973937942113524,0.31858407079646023,0.017470489605714304
S3,101,1,0.031523373715751216,0.23716814159292035,0.017470489605714304
S3,101,2,0.03353319934536876,0.2778761061946903,0.017470489605714304
S3,101,3,0.07932803875786332,0.615929203539823,0.017470489605714304
S3,102,0,0.0366785063211848,0.32743362831858414,0.02244306304124448
S3,102,1,0.03297611304797898,0.27079646017699116,0.02244306304124448
S3,102,2,0.0324444128203278,0.25663716814159293,0.02244306304124448
S3,102,3,0.06704406704406704,0.5752212389380531,0.02244306304124448
S3,103,0,0.03736126327933073,0.3415929203539823,0.028830965247163148
S3,103,1,0.03528873858737229,0.31504424778761064,0.028830965247163148
S3,103,2,0.03229005623156649,0.2513274336283186,0.028830965247163148
S3,103,3,0.06253888093547211,0.5185840707964602,0.028830965247163148
S3,104,0,0.03693791927903407,0.33274336283185846,0.037037037037037035
S3,104,1,0.038645893466996484,0.36991150442477877,0.037037037037037035
S3,104,2,0.03192039424798045,0.2424778761061947,0.037037037037037035
S3,104,3,0.05609915365533343,0.46902654867256643,0.037037037037037035
S3,105,0,0.03179603242620303,0.2407079646017699,0.0011111111111111111
S3,105,1,0.029532027591795657,0.18230088495575222,0.0011111111111111111
S3,105,2,0.03612192552828618,0.3221238938053097,0.0011111111111111111
S3,105,3,0.08100358120642097,0.6619469026548672,0.0011111111111111111
S3,106,0,0.031926569323486254,0.24424778761061944,0.0014273633581704244
S3,106,1,0.02947153152404006,0.18053097345132746,0.0014273633581704244
S3,106,2,0.03567908631988708,0.3150442477876106,0.0014273633581704244
S3,106,3,0.08231077074890464,0.6637168141592921,0.0014273633581704244
S3,107,0,0.03216936661241244,0.24955752212389384,0.0018336295406227972
S3,107,1,0.0295484957757055,0.18230088495575222,0.0018336295406227972
S3,107,2,0.03565422236588865,0.31504424778761064,0.0018336295406227972
S3,107,3,0.08289633566821161,0.6619469026548672,0.0018336295406227972
S3,108,0,0.03221587474014658,0.24955752212389382,0.002355530056869464
S3,108,1,0.0295484957757055,0.18230088495575222,0.002355530056869464
S3,108,2,0.03540122795744984,0.30973451327433627,0.002355530056869464
S3,108,3,0.08401411725769131,0.6601769911504425,0.002355530056869464
S3,109,0,0.032511371441077436,0.25663716814159293,0.0030259775630201127
S3,109,1,0.029707514045590452,0.18761061946902657,0.0030259775630201127
S3,109,2,0.03540122795744984,0.30973451327433627,0.0030259775630201127
S3,109,3,0.08271427674732448,0.6530973451327433,0.0030259775630201127
S3,110,0,0.03259924853429928,0.26017699115044246,0.0038872525464906725
S3,110,1,0.02971335282421951,0.18761061946902655,0.0038872525464906725
S3,110,2,0.03494826034956873,0.30265486725663715,0.0038872525464906725
S3,110,3,0.08152422534763883,0.6460176991150443,0.0038872525464906725
S3,111,0,0.033155765562112874,0.27433628318584075,0.004993669663933915
S3,111,1,0.029955427100017425,0.19469026548672566,0.004993669663933915
S3,111,2,0.034105059518593356,0.2884955752212389,0.004993669663933915
S3,111,3,0.07874649859943977,0.6371681415929203,0.004993669663933915
S3,112,0,0.03416526433812971,0.29557522123893804,0.006415002990995842
S3,112,1,0.03039745459221584,0.20707964601769913,0.006415002990995842
S3,112,2,0.033412947276538596,0.2761061946902655,0.006415002990995842
S3,112,3,0.07719135084863984,0.6247787610619469,0.006415002990995842
S3,113,0,0.034988500183846985,0.3097345132743363,0.00824088619071103
S3,113,1,0.030746833571527805,0.21592920353982298,0.00824088619071103
S3,113,2,0.03322542711624517,0.27256637168141595,0.00824088619071103
S3,113,3,0.0749793552617686,0.6247787610619469,0.00824088619071103
S3,114,0,0.035480115122972264,0.31504424778761064,0.010586465088726219
S3,114,1,0.030932096393354053,0.22123893805309738,0.010586465088726219
S3,114,2,0.033304126066325046,0.2743362831858407,0.010586465088726219
S3,114,3,0.07849552592573456,0.631858407079646,0.010586465088726219
S3,115,0,0.0357304142156517,0.31858407079646023,0.0135996591241784
S3,115,1,0.031201905093530706,0.22831858407079647,0.0135996591241784
S3,115,2,0.033469261820893215,0.27610619469026554,0.0135996591241784
S3,115,3,0.07881486349571455,0.615929203539823,0.0135996591241784
S3,116,0,0.0358989754233729,0.31681415929203544,0.017470489605714304
S3,116,1,0.031523373715751216,0.23716814159292035,0.017470489605714304
S3,116,2,0.03363420944637886,0.27964601769911507,0.017470489605714304
S3,116,3,0.07962271062271062,0.6194690265486726,0.017470489605714304
S3,117,0,0.03663487417788053,0.3274336283185841,0.02244306304124448
S3,117,1,0.033069353141219074,0.27256637168141595,0.02244306304124448
S3,117,2,0.032522782726283915,0.2584070796460177,0.02244306304124448
S3,117,3,0.06664724164724165,0.5716814159292036,0.02244306304124448
S3,118,0,0.03736126327933073,0.3415929203539823,0.028830965247163148
S3,118,1,0.03528873858737229,0.31504424778761064,0.028830965247163148
S3,118,2,0.03229005623156649,0.2513274336283186,0.028830965247163148
S3,118,3,0.06253888093547211,0.5185840707964602,0.028830965247163148
S3,119,0,0.03693791927903407,0.33274336283185846,0.037037037037037035
S3,119,1,0.038645893466996484,0.36991150442477877,0.037037037037037035
S3,119,2,0.03192039424798045,0.2424778761061947,0.037037037037037035
S3,119,3,0.05609915365533343,0.46902654867256643,0.037037037037037035
S3,120,0,0.03308646422068652,0.2690265486725664,0.0011111111111111111
S3,120,1,0.030554222288885557,0.21061946902654868,0.0011111111111111111
S3,120,2,0.035123616890291205,0.3079646017699115,0.0011111111111111111
S3,120,3,0.08308164381079935,0.6690265486725664,0.0011111111111111111
S3,121,0,0.03308646422068652,0.2690265486725664,0.0014273633581704244
S3,121,1,0.030479676114982982,0.20884955752212392,0.0014273633581704244
S3,121,2,0.03478691533947973,0.3008849557522124,0.0014273633581704244
S3,121,3,0.08156649229564784,0.6637168141592921,0.0014273633581704244
S3,122,0,0.0331080157455869,0.26902654867256637,0.0018336295406227972
S3,122,1,0.030210160135722405,0.2017699115044248,0.0018336295406227972
S3,122,2,0.03478372110951773,0.3008849557522124,0.0018336295406227972
S3,122,3,0.08094803682318982,0.6619469026548672,0.0018336295406227972
S3,123,0,0.03315451902942475,0.27079646017699116,0.002355530056869464
S3,123,1,0.030154532643088833,0.19999999999999998,0.002355530056869464
S3,123,2,0.03442550091621762,0.2955752212389381,0.002355530056869464
S3,123,3,0.08285501643914776,0.6619469026548672,0.002355530056869464
S3,124,0,0.033272039802448576,0.27433628318584075,0.0030259775630201127
S3,124,1,0.029957088549341628,0.19469026548672566,0.0030259775630201127
S3,124,2,0.03419731560693948,0.2920353982300885,0.0030259775630201127
S3,124,3,0.07943665649281077,0.6495575221238938,0.0030259775630201127
S3,125,0,0.03361906146456111,0.2849557522123894,0.0038872525464906725
S3,125,1,0.029829496842802554,0.1911504424778761,0.0038872525464906725
S3,125,2,0.034216481626105494,0.2920353982300885,0.0038872525464906725
S3,125,3,0.08073906485671191,0.6407079646017699,0.0038872525464906725
S3,126,0,0.034152042795659816,0.29557522123893804,0.004993669663933915
S3,126,1,0.030009486531586894,0.19646017699115045,0.004993669663933915
S3,126,2,0.0336413737594125,0.2814159292035398,0.004993669663933915
S3,126,3,0.08194909907841104,0.6336283185840708,0.004993669663933915
S3,127,0,0.03471516162896836,0.30619469026548674,0.006415002990995842
S3,127,1,0.030322596238018286,0.20530973451327433,0.006415002990995842
S3,127,2,0.03354332123137433,0.2796460176991151,0.006415002990995842
S3,127,3,0.07967032967032966,0.6300884955752213,0.006415002990995842
S3,128,0,0.03550915750915751,0.3168141592920354,0.00824088619071103
S3,128,1,0.030717333348912298,0.21592920353982303,0.00824088619071103
S3,128,2,0.03336596838900986,0.2761061946902654,0.00824088619071103
S3,128,3,0.08016219259240123,0.6336283185840708,0.00824088619071103
S3,129,0,0.03566179894766773,0.31858407079646023,0.010586465088726219
S3,129,1,0.03094042891296477,0.22123893805309736,0.010586465088726219
S3,129,2,0.03330455882191975,0.2743362831858407,0.010586465088726219
S3,129,3,0.07665864554462459,0.6283185840707965,0.010586465088726219
S3,130,0,0.03627875476399225,0.3256637168141593,0.0135996591241784
S3,130,1,0.031201894924430783,0.2283185840707965,0.0135996591241784
S3,130,2,0.03332305598613123,0.27079646017699116,0.0135996591241784
S3,130,3,0.07481415021789284,0.615929203539823,0.0135996591241784
S3,131,0,0.03600112046933817,0.3185840707964602,0.017470489605714304
S3,131,1,0.03173804981884046,0.2424778761061947,0.017470489605714304
S3,131,2,0.03334670965560439,0.27256637168141595,0.017470489605714304
S3,131,3,0.0748015873015873,0.6123893805309735,0.017470489605714304
S3,132,0,0.03685123658491231,0.33097345132743367,0.02244306304124448
S3,132,1,0.033069353141219074,0.27256637168141595,0.02244306304124448
S3,132,2,0.03243753123438281,0.25663716814159293,0.02244306304124448
S3,132,3,0.06678394704710494,0.5734513274336284,0.02244306304124448
S3,133,0,0.03736126327933073,0.3415929203539823,0.028830965247163148
S3,133,1,0.03528873858737229,0.31504424778761064,0.028830965247163148
S3,133,2,0.03229005623156649,0.2513274336283186,0.028830965247163148
S3,133,3,0.06265086301833886,0.5203539823008849,0.028830965247163148
S3,134,0,0.03693791927903407,0.33274336283185846,0.037037037037037035
S3,134,1,0.038645893466996484,0.36991150442477877,0.037037037037037035
S3,134,2,0.03192039424798045,0.2424778761061947,0.037037037037037035
S3,134,3,0.05609915365533343,0.46902654867256643,0.037037037037037035
S3,135,0,0.03264417080255451,0.26017699115044246,0.0011111111111111111
S3,135,1,0.030603996044541663,0.21238938053097345,0.0011111111111111111
S3,135,2,0.03472212145514422,0.30265486725663715,0.0011111111111111111
S3,135,3,0.08182129897799527,0.6637168141592921,0.0011111111111111111
S3,136,0,0.032659030404932045,0.2601769911504425,0.0014273633581704244
S3,136,1,0.03045601232275106,0.20884955752212392,0.0014273633581704244
S3,136,2,0.03456791302124655,0.2991150442477876,0.0014273633581704244
S3,136,3,0.08134553329259533,0.6601769911504425,0.0014273633581704244
S3,137,0,0.032879336952563495,0.26725663716814163,0.0018336295406227972
S3,137,1,0.03045601232275106,0.20884955752212392,0.0018336295406227972
S3,137,2,0.03442550091621762,0.2955752212389381,0.0018336295406227972
S3,137,3,0.07865736124958458,0.6513274336283186,0.0018336295406227972
S3,138,0,0.03307426872644264,0.27256637168141595,0.002355530056869464
S3,138,1,0.030321217131829763,0.2053097345132744,0.002355530056869464
S3,138,2,0.0341709087549021,0.29026548672566377,0.002355530056869464
S3,138,3,0.07865736124958458,0.6513274336283186,0.002355530056869464
S3,139,0,0.03346302674660884,0.2814159292035398,0.0030259775630201127
S3,139,1,0.03046358726019743,0.2088495575221239,0.0030259775630201127
S3,139,2,0.034211976178045,0.2920353982300885,0.0030259775630201127
S3,139,3,0.08012462110822767,0.6513274336283186,0.0030259775630201127
S3,140,0,0.03410461654661448,0.2955752212389381,0.0038872525464906725
S3,140,1,0.03034245292454164,0.20530973451327433,0.0038872525464906725
S3,140,2,0.033905568584254225,0.2867256637168142,0.0038872525464906725
S3,140,3,0.07913107913107914,0.6424778761061947,0.0038872525464906725
S3,141,0,0.03419318337431174,0.2973451327433628,0.004993669663933915
S3,141,1,0.030261731177153226,0.20353982300884957,0.004993669663933915
S3,141,2,0.03367790213222952,0.2831858407079646,0.004993669663933915
S3,141,3,0.07800606035900154,0.6300884955752212,0.004993669663933915
S3,142,0,0.03522853991456103,0.31681415929203544,0.006415002990995842
S3,142,1,0.03026160459807928,0.20353982300884954,0.006415002990995842
S3,142,2,0.03323433545603273,0.27433628318584075,0.006415002990995842
S3,142,3,0.0784004884004884,0.6283185840707964,0.006415002990995842
S3,143,0,0.035407440407440406,0.3168141592920354,0.00824088619071103
S3,143,1,0.030656957595010692,0.2141592920353982,0.00824088619071103
S3,143,2,0.03354812820945978,0.279646017699115,0.00824088619071103
S3,143,3,0.08144919387940251,0.6283185840707965,0.00824088619071103
S3,144,0,0.03584380589740924,0.32212389380530976,0.010586465088726219
S3,144,1,0.030867600733407084,0.2194690265486726,0.010586465088726219
S3,144,2,0.03339053819066025,0.2761061946902655,0.010586465088726219
S3,144,3,0.07485431235431236,0.6247787610619469,0.010586465088726219
S3,145,0,0.03615041567013591,0.32389380530973455,0.0135996591241784
S3,145,1,0.031205582240064998,0.22831858407079647,0.0135996591241784
S3,145,2,0.03342161602264559,0.27433628318584075,0.0135996591241784
S3,145,3,0.07050846185597959,0.6123893805309735,0.0135996591241784
S3,146,0,0.036341963056053715,0.32389380530973455,0.017470489605714304
S3,146,1,0.031663311351241875,0.24070796460176994,0.017470489605714304
S3,146,2,0.033240945509649865,0.27079646017699116,0.017470489605714304
S3,146,3,0.07113477574938021,0.6017699115044248,0.017470489605714304
S3,147,0,0.03678794544567181,0.3292035398230089,0.02244306304124448
S3,147,1,0.03316550698737292,0.2743362831858407,0.02244306304124448
S3,147,2,0.03253306530259731,0.2584070796460177,0.02244306304124448
S3,147,3,0.0647100516665734,0.5752212389380531,0.02244306304124448
S3,148,0,0.03715965037610493,0.3398230088495576,0.028830965247163148
S3,148,1,0.03538863868727239,0.31681415929203544,0.028830965247163148
S3,148,2,0.03229005623156649,0.2513274336283186,0.028830965247163148
S3,148,3,0.060832681200157036,0.5185840707964602,0.028830965247163148
S3,149,0,0.03693791927903407,0.33274336283185846,0.037037037037037035
S3,149,1,0.038645893466996484,0.36991150442477877,0.037037037037037035
S3,149,2,0.03192039424798045,0.2424778761061947,0.037037037037037035
S3,149,3,0.05609915365533343,0.46902654867256643,0.037037037037037035
S3,150,0,0.032190419399721726,0.2513274336283186,0.0011111111111111111
S3,150,1,0.031186524701494158,0.22654867256637168,0.0011111111111111111
S3,150,2,0.034481659802541816,0.2991150442477876,0.0011111111111111111
S3,150,3,0.07610926434455846,0.631858407079646,0.0011111111111111111
S3,151,0,0.03237862200171743,0.25663716814159293,0.0014273633581704244
S3,151,1,0.031061211418286137,0.22300884955752212,0.0014273633581704244
S3,151,2,0.03421956187918575,0.29380530973451335,0.0014273633581704244
S3,151,3,0.07610926434455846,0.631858407079646,0.0014273633581704244
S3,152,0,0.032460701345082686,0.25840707964601767,0.0018336295406227972
S3,152,1,0.030742774238632527,0.215929203539823,0.0018336295406227972
S3,152,2,0.03421956187918575,0.29380530973451335,0.0018336295406227972
S3,152,3,0.07593876136075625,0.6300884955752213,0.0018336295406227972
S3,153,0,0.0326998491704374,0.2654867256637168,0.002355530056869464
S3,153,1,0.030466479105194535,0.2088495575221239,0.002355530056869464
S3,153,2,0.034129105072311025,0.2920353982300885,0.002355530056869464
S3,153,3,0.07880957475788543,0.6353982300884956,0.002355530056869464
S3,154,0,0.03277526395173454,0.2672566371681416,0.0030259775630201127
S3,154,1,0.030391098333786438,0.20707964601769915,0.0030259775630201127
S3,154,2,0.034129105072311025,0.2920353982300885,0.0030259775630201127
S3,154,3,0.07864394328790614,0.6336283185840708,0.0030259775630201127
S3,155,0,0.03302104140339435,0.27256637168141595,0.0038872525464906725
S3,155,1,0.030463667274279908,0.20884955752212395,0.0038872525464906725
S3,155,2,0.034097160863804335,0.2920353982300885,0.0038872525464906725
S3,155,3,0.08094331917861329,0.6353982300884955,0.0038872525464906725
S3,156,0,0.03350794245637522,0.2831858407079646,0.004993669663933915
S3,156,1,0.030190585925249192,0.2017699115044248,0.004993669663933915
S3,156,2,0.033978898384320305,0.29026548672566377,0.004993669663933915
S3,156,3,0.08233475846478942,0.6353982300884956,0.004993669663933915
S3,157,0,0.03396407201000271,0.2920353982300885,0.006415002990995842
S3,157,1,0.0303995782530534,0.20707964601769915,0.006415002990995842
S3,157,2,0.03345161180371537,0.279646017699115,0.006415002990995842
S3,157,3,0.07805974444572349,0.6265486725663717,0.006415002990995842
S3,158,0,0.03472016684357485,0.30619469026548674,0.00824088619071103
S3,158,1,0.03066570363823949,0.21415929203539824,0.00824088619071103
S3,158,2,0.03362817737817738,0.2814159292035398,0.00824088619071103
S3,158,3,0.0777336211638298,0.6230088495575221,0.00824088619071103
S3,159,0,0.035760870769948175,0.32035398230088497,0.010586465088726219
S3,159,1,0.030730379464110343,0.21592920353982303,0.010586465088726219
S3,159,2,0.03358678655390764,0.279646017699115,0.010586465088726219
S3,159,3,0.07108219585052783,0.6159292035398231,0.010586465088726219
S3,160,0,0.03647569485456127,0.3292035398230089,0.0135996591241784
S3,160,1,0.030995151753815245,0.22300884955752215,0.0135996591241784
S3,160,2,0.033269217663895324,0.27256637168141595,0.0135996591241784
S3,160,3,0.0685408112479781,0.6088495575221239,0.0135996591241784
S3,161,0,0.03652033244016304,0.3256637168141593,0.017470489605714304
S3,161,1,0.031485023797985186,0.2353982300884956,0.017470489605714304
S3,161,2,0.03331585187669106,0.27256637168141595,0.017470489605714304
S3,161,3,0.06996124031007751,0.6017699115044248,0.017470489605714304
S3,162,0,0.03689999026359898,0.33097345132743367,0.02244306304124448
S3,162,1,0.033069353141219074,0.27256637168141595,0.02244306304124448
S3,162,2,0.03261143520855342,0.26017699115044246,0.02244306304124448
S3,162,3,0.0649932579497797,0.5769911504424778,0.02244306304124448
S3,163,0,0.03715965037610493,0.3398230088495576,0.028830965247163148
S3,163,1,0.03528873858737229,0.31504424778761064,0.028830965247163148
S3,163,2,0.03236547101286363,0.2530973451327434,0.028830965247163148
S3,163,3,0.06083544381034824,0.5185840707964602,0.028830965247163148
S3,164,0,0.03693791927903407,0.33274336283185846,0.037037037037037035
S3,164,1,0.038645893466996484,0.36991150442477877,0.037037037037037035
S3,164,2,0.03192039424798045,0.2424778761061947,0.037037037037037035
S3,164,3,0.05609915365533343,0.46902654867256643,0.037037037037037035
S3,165,0,0.03197668766189123,0.24778761061946908,0.0011111111111111111
S3,165,1,0.030256544419069373,0.20353982300884957,0.0011111111111111111
S3,165,2,0.03481005816998417,0.3061946902654867,0.0011111111111111111
S3,165,3,0.07309481638594417,0.6194690265486726,0.0011111111111111111
S3,166,0,0.0320485654696181,0.24955752212389387,0.0014273633581704244
S3,166,1,0.030326425621026047,0.20530973451327436,0.0014273633581704244
S3,166,2,0.034744052694593255,0.30442477876106194,0.0014273633581704244
S3,166,3,0.07291531522067417,0.6159292035398231,0.0014273633581704244
S3,167,0,0.03212182554287817,0.2513274336283186,0.0018336295406227972
S3,167,1,0.030398994561519517,0.20707964601769913,0.0018336295406227972
S3,167,2,0.03466937009563881,0.30265486725663715,0.0018336295406227972
S3,167,3,0.07428646066577102,0.6194690265486725,0.0018336295406227972
S3,168,0,0.032259208246315424,0.2548672566371682,0.002355530056869464
S3,168,1,0.03053752737353409,0.21061946902654868,0.002355530056869464
S3,168,2,0.034455040686093126,0.2991150442477877,0.002355530056869464
S3,168,3,0.07428646066577102,0.6194690265486725,0.002355530056869464
S3,169,0,0.03246136458054723,0.2601769911504425,0.0030259775630201127
S3,169,1,0.030599428877118886,0.21238938053097348,0.0030259775630201127
S3,169,2,0.03425722488941457,0.2955752212389381,0.0030259775630201127
S3,169,3,0.07745315698315226,0.6194690265486726,0.0030259775630201127
S3,170,0,0.03293210116585948,0.2707964601769912,0.0038872525464906725
S3,170,1,0.030780748340153877,0.21769911504424783,0.0038872525464906725
S3,170,2,0.03422439400734194,0.2955752212389381,0.0038872525464906725
S3,170,3,0.07991190129121165,0.6230088495575221,0.0038872525464906725
S3,171,0,0.03302335278444711,0.27256637168141595,0.004993669663933915
S3,171,1,0.03070665089763538,0.21592920353982303,0.004993669663933915
S3,171,2,0.03471190920090528,0.30442477876106194,0.004993669663933915
S3,171,3,0.07502436192998807,0.615929203539823,0.004993669663933915
S3,172,0,0.03320126552787224,0.27610619469026554,0.006415002990995842
S3,172,1,0.030456933612649513,0.20884955752212392,0.006415002990995842
S3,172,2,0.03430636285365953,0.29557522123893804,0.006415002990995842
S3,172,3,0.07364282187645474,0.615929203539823,0.006415002990995842
S3,173,0,0.03372258314241179,0.2867256637168142,0.00824088619071103
S3,173,1,0.030238676422631162,0.20176991150442475,0.00824088619071103
S3,173,2,0.03364783492703404,0.2814159292035398,0.00824088619071103
S3,173,3,0.07364282187645474,0.615929203539823,0.00824088619071103
S3,174,0,0.035028331498919735,0.3097345132743363,0.010586465088726219
S3,174,1,0.03054094483858549,0.2106194690265487,0.010586465088726219
S3,174,2,0.03379993507913419,0.2831858407079646,0.010586465088726219
S3,174,3,0.07019492797734132,0.6106194690265487,0.010586465088726219
S3,175,0,0.03621436035229139,0.32389380530973455,0.0135996591241784
S3,175,1,0.03086083756216785,0.21946902654867256,0.0135996591241784
S3,175,2,0.03345511837104703,0.2761061946902655,0.0135996591241784
S3,175,3,0.070608712482546,0.6123893805309735,0.0135996591241784
S3,176,0,0.03653876712831106,0.3256637168141593,0.017470489605714304
S3,176,1,0.03173479522328208,0.24070796460176994,0.017470489605714304
S3,176,2,0.03319084775793921,0.27079646017699116,0.017470489605714304
S3,176,3,0.06761997046880769,0.5982300884955752,0.017470489605714304
S3,177,0,0.036825027744858345,0.3292035398230089,0.02244306304124448
S3,177,1,0.033177911533822865,0.27433628318584075,0.02244306304124448
S3,177,2,0.03252618371665231,0.2584070796460177,0.02244306304124448
S3,177,3,0.064195057591284,0.5752212389380531,0.02244306304124448
S3,178,0,0.03724998461278063,0.3415929203539823,0.028830965247163148
S3,178,1,0.03538863868727239,0.31681415929203544,0.028830965247163148
S3,178,2,0.03236547101286363,0.2530973451327434,0.028830965247163148
S3,178,3,0.059320292295196725,0.5168141592920354,0.028830965247163148
S3,179,0,0.03693791927903407,0.33274336283185846,0.037037037037037035
S3,179,1,0.038645893466996484,0.36991150442477877,0.037037037037037035
S3,179,2,0.03192039424798045,0.2424778761061947,0.037037037037037035
S3,179,3,0.054686147186147185,0.46902654867256643,0.037037037037037035
S3,180,0,0.031856356158098814,0.2442477876106195,0.0011111111111111111
S3,180,1,0.030429975675861205,0.20707964601769913,0.0011111111111111111
S3,180,2,0.03489785448253904,0.3079646017699115,0.0011111111111111111
S3,180,3,0.0729611622827632,0.6176991150442478,0.0011111111111111111
S3,181,0,0.031989707878734404,0.24778761061946908,0.0014273633581704244
S3,181,1,0.030431734055930432,0.2070796460176991,0.0014273633581704244
S3,181,2,0.03481648497041537,0.30619469026548674,0.0014273633581704244
S3,181,3,0.07329338819638445,0.6194690265486726,0.0014273633581704244
S3,182,0,0.03217779565302908,0.2530973451327434,0.0018336295406227972
S3,182,1,0.030513366708991657,0.2088495575221239,0.0018336295406227972
S3,182,2,0.03474180237146092,0.30442477876106194,0.0018336295406227972
S3,182,3,0.07340558050784333,0.615929203539823,0.0018336295406227972
S3,183,0,0.03209078495826226,0.2513274336283186,0.002355530056869464
S3,183,1,0.03049357697491621,0.2088495575221239,0.002355530056869464
S3,183,2,0.03439920625421691,0.2991150442477876,0.002355530056869464
S3,183,3,0.07660458969121711,0.6212389380530974,0.002355530056869464
S3,184,0,0.03223158880693128,0.25486725663716814,0.0030259775630201127
S3,184,1,0.030541554772325136,0.21061946902654868,0.0030259775630201127
S3,184,2,0.03468192918192918,0.304424778761062,0.0030259775630201127
S3,184,3,0.07578718216649252,0.6176991150442478,0.0030259775630201127
S3,185,0,0.0326185827653538,0.26371681415929205,0.0038872525464906725
S3,185,1,0.030805854517512193,0.21769911504424777,0.0038872525464906725
S3,185,2,0.03489411833657141,0.3079646017699115,0.0038872525464906725
S3,185,3,0.07542132850795594,0.6176991150442478,0.0038872525464906725
S3,186,0,0.03302335278444711,0.27256637168141595,0.004993669663933915
S3,186,1,0.031005278025572403,0.22300884955752212,0.004993669663933915
S3,186,2,0.034926962964346144,0.3079646017699115,0.004993669663933915
S3,186,3,0.07373953079568507,0.6141592920353982,0.004993669663933915
S3,187,0,0.03305698242769181,0.27256637168141595,0.006415002990995842
S3,187,1,0.031157086117230122,0.2265486725663717,0.006415002990995842
S3,187,2,0.03441565247114587,0.2973451327433628,0.006415002990995842
S3,187,3,0.07149537732034145,0.6123893805309735,0.006415002990995842
S3,188,0,0.033387877586173176,0.279646017699115,0.00824088619071103
S3,188,1,0.030456674373585298,0.20884955752212392,0.00824088619071103
S3,188,2,0.03413815484603122,0.2902654867256637,0.00824088619071103
S3,188,3,0.07240386475514467,0.6123893805309735,0.00824088619071103
S3,189,0,0.03404884433270179,0.2920353982300885,0.010586465088726219
S3,189,1,0.030555918408293355,0.21061946902654868,0.010586465088726219
S3,189,2,0.033815519962875386,0.2831858407079646,0.010586465088726219
S3,189,3,0.07153068277989012,0.6106194690265487,0.010586465088726219
S3,190,0,0.03533287857297679,0.31327433628318585,0.0135996591241784
S3,190,1,0.031174449875780164,0.22654867256637168,0.0135996591241784
S3,190,2,0.03338143726288317,0.2743362831858407,0.0135996591241784
S3,190,3,0.0709633068933653,0.6070796460176991,0.0135996591241784
S3,191,0,0.0365106775742301,0.3274336283185841,0.017470489605714304
S3,191,1,0.03222738277230196,0.2530973451327434,0.017470489605714304
S3,191,2,0.032905132515327416,0.26548672566371684,0.017470489605714304
S3,191,3,0.06798340548340548,0.6017699115044248,0.017470489605714304
S3,192,0,0.0368896081820121,0.33274336283185846,0.02244306304124448
S3,192,1,0.033195485229967986,0.27433628318584075,0.02244306304124448
S3,192,2,0.03260637617856089,0.26017699115044246,0.02244306304124448
S3,192,3,0.06384126984126984,0.5716814159292036,0.02244306304124448
S3,193,0,0.03734257720537322,0.3433628318584071,0.028830965247163148
S3,193,1,0.035290990966447694,0.3150442477876106,0.028830965247163148
S3,193,2,0.03235002624655899,0.2530973451327434,0.028830965247163148
S3,193,3,0.0595582812882058,0.5203539823008849,0.028830965247163148
S3,194,0,0.03693791927903407,0.33274336283185846,0.037037037037037035
S3,194,1,0.038645893466996484,0.36991150442477877,0.037037037037037035
S3,194,2,0.03192039424798045,0.2424778761061947,0.037037037037037035
S3,194,3,0.054686147186147185,0.46902654867256643,0.037037037037037035
S3,195,0,0.03141347456950182,0.2336283185840708,0.0011111111111111111
S3,195,1,0.030975969805188668,0.22123893805309736,0.0011111111111111111
S3,195,2,0.03501335628013165,0.30973451327433627,0.0011111111111111111
S3,195,3,0.07314207589651264,0.6194690265486726,0.0011111111111111111
S3,196,0,0.03155608093887595,0.23716814159292038,0.0014273633581704244
S3,196,1,0.030975969805188668,0.22123893805309736,0.0014273633581704244
S3,196,2,0.035022243330097264,0.30973451327433627,0.0014273633581704244
S3,196,3,0.07314207589651264,0.6194690265486726,0.0014273633581704244
S3,197,0,0.03203461332674816,0.24955752212389387,0.0018336295406227972
S3,197,1,0.030688382169721404,0.2141592920353982,0.0018336295406227972
S3,197,2,0.03496325738114625,0.3097345132743363,0.0018336295406227972
S3,197,3,0.07351120374220674,0.6194690265486725,0.0018336295406227972
S3,198,0,0.032313378445453914,0.256637168141593,0.002355530056869464
S3,198,1,0.030548107878186608,0.21061946902654866,0.002355530056869464
S3,198,2,0.03505632040846454,0.31150442477876106,0.002355530056869464
S3,198,3,0.07377769289533996,0.6176991150442478,0.002355530056869464
S3,199,0,0.03238708125455855,0.2584070796460177,0.0030259775630201127
S3,199,1,0.030616460578118253,0.21238938053097345,0.0030259775630201127
S3,199,2,0.035052012437432736,0.31150442477876106,0.0030259775630201127
S3,199,3,0.07373780642146459,0.6176991150442478,0.0030259775630201127
S3,200,0,0.03246097727738395,0.26017699115044246,0.0038872525464906725
S3,200,1,0.030941543143283786,0.22123893805309736,0.0038872525464906725
S3,200,2,0.03516903324730683,0.3132743362831858,0.0038872525464906725
S3,200,3,0.07462544207826668,0.6176991150442478,0.0038872525464906725
S3,201,0,0.0324792578406812,0.26017699115044246,0.004993669663933915
S3,201,1,0.03137697750781161,0.23185840707964606,0.004993669663933915
S3,201,2,0.035039957314628625,0.30973451327433627,0.004993669663933915
S3,201,3,0.0763656448494891,0.6212389380530974,0.004993669663933915
S3,202,0,0.032739700264896233,0.26548672566371684,0.006415002990995842
S3,202,1,0.031785851192743485,0.24070796460176996,0.006415002990995842
S3,202,2,0.03481502951686438,0.30442477876106194,0.006415002990995842
S3,202,3,0.07381343234968406,0.6194690265486726,0.006415002990995842
S3,203,0,0.033016379755510195,0.27079646017699116,0.00824088619071103
S3,203,1,0.031156627931532645,0.22654867256637173,0.00824088619071103
S3,203,2,0.03435460506248143,0.29380530973451324,0.00824088619071103
S3,203,3,0.07207745742629465,0.6141592920353982,0.00824088619071103
S3,204,0,0.03343724425896106,0.27964601769911507,0.010586465088726219
S3,204,1,0.031030808261547506,0.22300884955752212,0.010586465088726219
S3,204,2,0.03426185523679687,0.29026548672566377,0.010586465088726219
S3,204,3,0.07235431235431236,0.6176991150442478,0.010586465088726219
S3,205,0,0.03483162544014471,0.30619469026548674,0.0135996591241784
S3,205,1,0.03140695009236164,0.231858407079646,0.0135996591241784
S3,205,2,0.03347734192086585,0.2761061946902655,0.0135996591241784
S3,205,3,0.07067495607869871,0.6123893805309735,0.0135996591241784
S3,206,0,0.035925672254272664,0.32212389380530976,0.017470489605714304
S3,206,1,0.03259502983112549,0.26017699115044246,0.017470489605714304
S3,206,2,0.0330863350782461,0.26902654867256637,0.017470489605714304
S3,206,3,0.06816080977845683,0.6035398230088496,0.017470489605714304
S3,207,0,0.03679054847929386,0.33274336283185846,0.02244306304124448
S3,207,1,0.033346345989640494,0.2778761061946903,0.02244306304124448
S3,207,2,0.03262446561679298,0.26017699115044246,0.02244306304124448
S3,207,3,0.06528291343359836,0.5787610619469027,0.02244306304124448
S3,208,0,0.03758056619838229,0.3469026548672567,0.028830965247163148
S3,208,1,0.035177996616165205,0.31327433628318585,0.028830965247163148
S3,208,2,0.03244739723000593,0.25486725663716814,0.028830965247163148
S3,208,3,0.05886463844797179,0.5150442477876107,0.028830965247163148
S3,209,0,0.03715297304247494,0.3345132743362832,0.037037037037037035
S3,209,1,0.038645893466996484,0.36991150442477877,0.037037037037037035
S3,209,2,0.03192039424798045,0.2424778761061947,0.037037037037037035
S3,209,3,0.054686147186147185,0.46902654867256643,0.037037037037037035
S3,210,0,0.0314912249020038,0.23539823008849559,0.0011111111111111111
S3,210,1,0.03194825902391562,0.2442477876106195,0.0011111111111111111
S3,210,2,0.03498923342367569,0.3115044247787611,0.0011111111111111111
S3,210,3,0.07511275546159268,0.6283185840707964,0.0011111111111111111
S3,211,0,0.03148554664157388,0.23539823008849559,0.0014273633581704244
S3,211,1,0.03185164066642769,0.24247787610619473,0.0014273633581704244
S3,211,2,0.03498923342367569,0.3115044247787611,0.0014273633581704244
S3,211,3,0.07497910135841171,0.6265486725663717,0.0014273633581704244
S3,212,0,0.031343299130905326,0.231858407079646,0.0018336295406227972
S3,212,1,0.03185164066642769,0.24247787610619473,0.0018336295406227972
S3,212,2,0.03482921742207554,0.30796460176991153,0.0018336295406227972
S3,212,3,0.07497910135841171,0.6265486725663717,0.0018336295406227972
S3,213,0,0.03153277484955737,0.23716814159292038,0.002355530056869464
S3,213,1,0.03178953850837771,0.24070796460176994,0.002355530056869464
S3,213,2,0.034806812468577183,0.30796460176991153,0.002355530056869464
S3,213,3,0.07700098494745947,0.6283185840707964,0.002355530056869464
S3,214,0,0.03165898429056324,0.2407079646017699,0.0030259775630201127
S3,214,1,0.031966639763249934,0.24424778761061947,0.0030259775630201127
S3,214,2,0.03484098513358348,0.3079646017699115,0.0030259775630201127
S3,214,3,0.07611989939438066,0.6230088495575221,0.0030259775630201127
S3,215,0,0.03201432367067099,0.24955752212389382,0.0038872525464906725
S3,215,1,0.031966639763249934,0.24424778761061947,0.0038872525464906725
S3,215,2,0.03503925621755835,0.31150442477876106,0.0038872525464906725
S3,215,3,0.07528440944520566,0.6212389380530974,0.0038872525464906725
S3,216,0,0.03201522514819265,0.24955752212389382,0.004993669663933915
S3,216,1,0.03191985401225511,0.24424778761061947,0.004993669663933915
S3,216,2,0.034926962964346144,0.3079646017699115,0.004993669663933915
S3,216,3,0.07528440944520566,0.6212389380530974,0.004993669663933915
S3,217,0,0.03217431549022659,0.2530973451327434,0.006415002990995842
S3,217,1,0.031792302991846946,0.24070796460176994,0.006415002990995842
S3,217,2,0.034573944573944575,0.3008849557522124,0.006415002990995842
S3,217,3,0.07599694423223835,0.6247787610619469,0.006415002990995842
S3,218,0,0.03266096090565376,0.26371681415929205,0.00824088619071103
S3,218,1,0.03176698601859056,0.2407079646017699,0.00824088619071103
S3,218,2,0.03450415874144688,0.2973451327433628,0.00824088619071103
S3,218,3,0.07638898707379832,0.6247787610619469,0.00824088619071103
S3,219,0,0.033359872766233416,0.2778761061946903,0.010586465088726219
S3,219,1,0.031468296086525155,0.23362831858407082,0.010586465088726219
S3,219,2,0.03413823335716164,0.2884955752212389,0.010586465088726219
S3,219,3,0.07656990068754775,0.6265486725663717,0.010586465088726219
S3,220,0,0.03406688515754769,0.2920353982300885,0.0135996591241784
S3,220,1,0.03152026814685616,0.23362831858407082,0.0135996591241784
S3,220,2,0.03396421688636046,0.2849557522123894,0.0135996591241784
S3,220,3,0.07307449764166182,0.6141592920353982,0.0135996591241784
S3,221,0,0.0352013645174121,0.3097345132743363,0.017470489605714304
S3,221,1,0.03264957718198073,0.26017699115044246,0.017470489605714304
S3,221,2,0.03344003822264691,0.2761061946902655,0.017470489605714304
S3,221,3,0.0732382965871338,0.6053097345132743,0.017470489605714304
S3,222,0,0.03667580378623591,0.33097345132743367,0.02244306304124448
S3,222,1,0.03378100140739959,0.2867256637168142,0.02244306304124448
S3,222,2,0.03254398271940868,0.2584070796460177,0.02244306304124448
S3,222,3,0.06766019748042221,0.5769911504424778,0.02244306304124448
S3,223,0,0.0375103907597858,0.34513274336283184,0.028830965247163148
S3,223,1,0.03524364524364524,0.3150442477876106,0.028830965247163148
S3,223,2,0.032450379735480955,0.25486725663716814,0.028830965247163148
S3,223,3,0.05874391410189532,0.5132743362831859,0.028830965247163148
S3,224,0,0.03715297304247494,0.3345132743362832,0.037037037037037035
S3,224,1,0.03842022041016217,0.36637168141592924,0.037037037037037035
S3,224,2,0.03175536937956576,0.23893805309734514,0.037037037037037035
S3,224,3,0.05488557710294943,0.4725663716814159,0.037037037037037035
S3,225,0,0.0312175738491528,0.22831858407079647,0.0011111111111111111
S3,225,1,0.031330004580390036,0.23008849557522126,0.0011111111111111111
S3,225,2,0.03449543920132155,0.30265486725663715,0.0011111111111111111
S3,225,3,0.0738013057173071,0.6265486725663717,0.0011111111111111111
S3,226,0,0.0312175738491528,0.22831858407079647,0.0014273633581704244
S3,226,1,0.03147714075204547,0.23362831858407085,0.0014273633581704244
S3,226,2,0.034573870573870576,0.30442477876106194,0.0014273633581704244
S3,226,3,0.07713463905064044,0.6300884955752213,0.0014273633581704244
S3,227,0,0.03141383342820739,0.23362831858407082,0.0018336295406227972
S3,227,1,0.03155762364942977,0.23539823008849559,0.0018336295406227972
S3,227,2,0.034573870573870576,0.30442477876106194,0.0018336295406227972
S3,227,3,0.07713463905064044,0.6300884955752213,0.0018336295406227972
S3,228,0,0.03141383342820739,0.23362831858407082,0.002355530056869464
S3,228,1,0.03155762364942977,0.23539823008849559,0.002355530056869464
S3,228,2,0.0344930624930625,0.30265486725663715,0.002355530056869464
S3,228,3,0.07718189856120891,0.6300884955752213,0.002355530056869464
S3,229,0,0.03154415658952864,0.23716814159292038,0.0030259775630201127
S3,229,1,0.031641455257086865,0.23716814159292035,0.0030259775630201127
S3,229,2,0.03451398624717952,0.3026548672566372,0.0030259775630201127
S3,229,3,0.07666666666666667,0.6265486725663716,0.0030259775630201127
S3,230,0,0.03167933525623868,0.2407079646017699,0.0038872525464906725
S3,230,1,0.031682956391222136,0.23893805309734517,0.0038872525464906725
S3,230,2,0.03418999651142508,0.2955752212389381,0.0038872525464906725
S3,230,3,0.07666666666666667,0.6265486725663716,0.0038872525464906725
S3,231,0,0.03194265620769918,0.24778761061946902,0.004993669663933915
S3,231,1,0.032100190790702754,0.24778761061946905,0.004993669663933915
S3,231,2,0.03477548562854012,0.30619469026548674,0.004993669663933915
S3,231,3,0.07590442029539554,0.6212389380530974,0.004993669663933915
S3,232,0,0.03217805941833402,0.2530973451327434,0.006415002990995842
S3,232,1,0.032502623457128364,0.25663716814159293,0.006415002990995842
S3,232,2,0.03427331061877244,0.2955752212389381,0.006415002990995842
S3,232,3,0.07764028577060886,0.6247787610619469,0.006415002990995842
S3,233,0,0.03260444045814519,0.2619469026548673,0.00824088619071103
S3,233,1,0.032247708687935875,0.2513274336283186,0.00824088619071103
S3,233,2,0.034281874773678056,0.2938053097345133,0.00824088619071103
S3,233,3,0.0779257342603403,0.6247787610619469,0.00824088619071103
S3,234,0,0.03310605118471347,0.27256637168141595,0.010586465088726219
S3,234,1,0.0317851751124099,0.2407079646017699,0.010586465088726219
S3,234,2,0.03402523900687915,0.2867256637168141,0.010586465088726219
S3,234,3,0.07879212290976997,0.6283185840707965,0.010586465088726219
S3,235,0,0.03380379157740477,0.2867256637168142,0.0135996591241784
S3,235,1,0.03216498057341122,0.24778761061946902,0.0135996591241784
S3,235,2,0.033858508641117335,0.2831858407079646,0.0135996591241784
S3,235,3,0.07708294471323182,0.6159292035398231,0.0135996591241784
S3,236,0,0.03481625540316306,0.304424778761062,0.017470489605714304
S3,236,1,0.03291136884085695,0.26371681415929205,0.017470489605714304
S3,236,2,0.03344003822264691,0.2761061946902655,0.017470489605714304
S3,236,3,0.07221248863549465,0.6017699115044248,0.017470489605714304
S3,237,0,0.036660432068300844,0.33097345132743367,0.02244306304124448
S3,237,1,0.0338192218641037,0.2867256637168142,0.02244306304124448
S3,237,2,0.032880542556768276,0.26548672566371684,0.02244306304124448
S3,237,3,0.06775457875457876,0.5699115044247788,0.02244306304124448
S3,238,0,0.037389945110884865,0.3433628318584071,0.028830965247163148
S3,238,1,0.0363643523503544,0.3345132743362832,0.028830965247163148
S3,238,2,0.032628711207930074,0.25840707964601767,0.028830965247163148
S3,238,3,0.05924113825142871,0.5150442477876106,0.028830965247163148
S3,239,0,0.03715297304247494,0.3345132743362832,0.037037037037037035
S3,239,1,0.03832930009677849,0.36637168141592924,0.037037037037037035
S3,239,2,0.03175536937956576,0.23893805309734514,0.037037037037037035
S3,239,3,0.05488557710294943,0.4725663716814159,0.037037037037037035
S3,240,0,0.03106539735753219,0.22300884955752215,0.0011111111111111111
S3,240,1,0.032211432571915444,0.2495575221238938,0.0011111111111111111
S3,240,2,0.034607614607614606,0.30442477876106194,0.0011111111111111111
S3,240,3,0.07695528107292812,0.6353982300884956,0.0011111111111111111
S3,241,0,0.031185828741153204,0.22654867256637168,0.0014273633581704244
S3,241,1,0.032118925633895096,0.24778761061946902,0.0014273633581704244
S3,241,2,0.034528406686822534,0.3026548672566372,0.0014273633581704244
S3,241,3,0.07793384023919919,0.6389380530973452,0.0014273633581704244
S3,242,0,0.03104432230751194,0.22300884955752215,0.0018336295406227972
S3,242,1,0.032118925633895096,0.24778761061946902,0.0018336295406227972
S3,242,2,0.03443872879786193,0.3008849557522124,0.0018336295406227972
S3,242,3,0.07982399565982774,0.6371681415929203,0.0018336295406227972
S3,243,0,0.03123295647885812,0.22831858407079647,0.002355530056869464
S3,243,1,0.03218335862358582,0.24955752212389382,0.002355530056869464
S3,243,2,0.034427121357683055,0.3008849557522124,0.002355530056869464
S3,243,3,0.07939725312782205,0.6353982300884956,0.002355530056869464
S3,244,0,0.03123295647885812,0.22831858407079647,0.0030259775630201127
S3,244,1,0.032092901816711095,0.24778761061946905,0.0030259775630201127
S3,244,2,0.034427121357683055,0.3008849557522124,0.0030259775630201127
S3,244,3,0.0780983750548968,0.6265486725663717,0.0030259775630201127
S3,245,0,0.031161289015886308,0.22654867256637168,0.0038872525464906725
S3,245,1,0.03176820788312325,0.24070796460176994,0.0038872525464906725
S3,245,2,0.0343379391836396,0.2991150442477876,0.0038872525464906725
S3,245,3,0.0788888888888889,0.6283185840707964,0.0038872525464906725
S3,246,0,0.031516657086914056,0.23539823008849556,0.004993669663933915
S3,246,1,0.03194646100255284,0.2442477876106195,0.004993669663933915
S3,246,2,0.03417015524158381,0.2955752212389381,0.004993669663933915
S3,246,3,0.0788385917850663,0.6283185840707964,0.004993669663933915
S3,247,0,0.03177193625803192,0.2424778761061947,0.006415002990995842
S3,247,1,0.03200424933444159,0.24601769911504426,0.006415002990995842
S3,247,2,0.03404764928392093,0.2920353982300885,0.006415002990995842
S3,247,3,0.07812664251761776,0.6230088495575221,0.006415002990995842
S3,248,0,0.03260444045814519,0.2619469026548673,0.00824088619071103
S3,248,1,0.032513445967950874,0.25663716814159293,0.00824088619071103
S3,248,2,0.03421820534557843,0.2938053097345133,0.00824088619071103
S3,248,3,0.07808236754885181,0.6247787610619469,0.00824088619071103
S3,249,0,0.03318618627035847,0.2743362831858407,0.010586465088726219
S3,249,1,0.03226341613145487,0.2513274336283186,0.010586465088726219
S3,249,2,0.03402523900687915,0.2867256637168141,0.010586465088726219
S3,249,3,0.07816516366212106,0.6212389380530974,0.010586465088726219
S3,250,0,0.03381115979543935,0.2867256637168142,0.0135996591241784
S3,250,1,0.03238017100152344,0.2513274336283186,0.0135996591241784
S3,250,2,0.033749219023631,0.2814159292035398,0.0135996591241784
S3,250,3,0.07528018036066327,0.6035398230088496,0.0135996591241784
S3,251,0,0.03457509185027778,0.2991150442477876,0.017470489605714304
S3,251,1,0.03295284476674859,0.26371681415929205,0.017470489605714304
S3,251,2,0.03351504790131513,0.2778761061946903,0.017470489605714304
S3,251,3,0.07264957264957266,0.5893805309734513,0.017470489605714304
S3,252,0,0.03637013413094408,0.32743362831858414,0.02244306304124448
S3,252,1,0.03401725022799163,0.2902654867256637,0.02244306304124448
S3,252,2,0.032880542556768276,0.26548672566371684,0.02244306304124448
S3,252,3,0.06928721363503973,0.5646017699115045,0.02244306304124448
S3,253,0,0.03704561225579161,0.3380530973451328,0.028830965247163148
S3,253,1,0.03773591487877202,0.3557522123893806,0.028830965247163148
S3,253,2,0.032628711207930074,0.25840707964601767,0.028830965247163148
S3,253,3,0.060401716369500105,0.5168141592920354,0.028830965247163148
S3,254,0,0.03704604975993016,0.33274336283185846,0.037037037037037035
S3,254,1,0.038684441103254086,0.37168141592920356,0.037037037037037035
S3,254,2,0.031692712737961745,0.23716814159292035,0.037037037037037035
S3,254,3,0.05488557710294943,0.4725663716814159,0.037037037037037035
S3,255,0,0.030935722683569276,0.2194690265486726,0.0011111111111111111
S3,255,1,0.032211285030936676,0.247787610619469,0.0011111111111111111
S3,255,2,0.034391862582761584,0.2991150442477876,0.0011111111111111111
S3,255,3,0.07428346760843176,0.6265486725663717,0.0011111111111111111
S3,256,0,0.030798996389760233,0.215929203539823,0.0014273633581704244
S3,256,1,0.032108878476917214,0.24601769911504426,0.0014273633581704244
S3,256,2,0.034391862582761584,0.2991150442477876,0.0014273633581704244
S3,256,3,0.07451252236135956,0.6265486725663717,0.0014273633581704244
S3,257,0,0.0308708741974871,0.21769911504424783,0.0018336295406227972
S3,257,1,0.03225575540950843,0.24955752212389382,0.0018336295406227972
S3,257,2,0.034552227835809926,0.3026548672566372,0.0018336295406227972
S3,257,3,0.07491574816781119,0.6300884955752213,0.0018336295406227972
S3,258,0,0.031007600491296142,0.22123893805309736,0.002355530056869464
S3,258,1,0.03225575540950843,0.24955752212389382,0.002355530056869464
S3,258,2,0.03431455700990381,0.2973451327433628,0.002355530056869464
S3,258,3,0.07725384724370046,0.6300884955752213,0.002355530056869464
S3,259,0,0.031041806876308982,0.22300884955752215,0.0030259775630201127
S3,259,1,0.032298272416311155,0.2513274336283186,0.0030259775630201127
S3,259,2,0.03422149092737328,0.29557522123893804,0.0030259775630201127
S3,259,3,0.07864515159152655,0.6336283185840708,0.0030259775630201127
S3,260,0,0.031115066949569056,0.22477876106194689,0.0038872525464906725
S3,260,1,0.032235061291153125,0.24955752212389384,0.0038872525464906725
S3,260,2,0.03388063308161689,0.2884955752212389,0.0038872525464906725
S3,260,3,0.07864515159152655,0.6336283185840708,0.0038872525464906725
S3,261,0,0.03154730879321044,0.23539823008849556,0.004993669663933915
S3,261,1,0.032235061291153125,0.24955752212389384,0.004993669663933915
S3,261,2,0.03395143056024231,0.2902654867256637,0.004993669663933915
S3,261,3,0.07811130927514809,0.6283185840707964,0.004993669663933915
S3,262,0,0.032046154632271145,0.24778761061946902,0.006415002990995842
S3,262,1,0.03221663976324993,0.24955752212389384,0.006415002990995842
S3,262,2,0.033869865483789535,0.2884955752212389,0.006415002990995842
S3,262,3,0.07773252139636021,0.6247787610619469,0.006415002990995842
S3,263,0,0.03285789695993906,0.26725663716814163,0.00824088619071103
S3,263,1,0.032513445967950874,0.25663716814159293,0.00824088619071103
S3,263,2,0.033736402486402486,0.28495575221238945,0.00824088619071103
S3,263,3,0.07686535520118727,0.6212389380530974,0.00824088619071103
S3,264,0,0.033524952059434815,0.28141592920353986,0.010586465088726219
S3,264,1,0.032942978465434467,0.2654867256637168,0.010586465088726219
S3,264,2,0.033615813788679165,0.2814159292035398,0.010586465088726219
S3,264,3,0.07600015580557942,0.6088495575221239,0.010586465088726219
S3,265,0,0.03390480817433942,0.288495575221239,0.0135996591241784
S3,265,1,0.03268119323860847,0.26017699115044246,0.0135996591241784
S3,265,2,0.03355001467180271,0.27964601769911507,0.0135996591241784
S3,265,3,0.07348085301536345,0.5964601769911504,0.0135996591241784
S3,266,0,0.034563020636318026,0.2973451327433628,0.017470489605714304
S3,266,1,0.03314932835472327,0.26902654867256637,0.017470489605714304
S3,266,2,0.03338039196162766,0.2761061946902655,0.017470489605714304
S3,266,3,0.07149089203780337,0.5823008849557523,0.017470489605714304
S3,267,0,0.03564302941540793,0.3185840707964602,0.02244306304124448
S3,267,1,0.0344527183865608,0.2973451327433628,0.02244306304124448
S3,267,2,0.0330067126829384,0.2672566371681416,0.02244306304124448
S3,267,3,0.06795704519108775,0.5575221238938053,0.02244306304124448
S3,268,0,0.03704561225579161,0.3380530973451328,0.028830965247163148
S3,268,1,0.037929451935322774,0.35752212389380533,0.028830965247163148
S3,268,2,0.032628711207930074,0.25840707964601767,0.028830965247163148
S3,268,3,0.059854237950599604,0.5132743362831859,0.028830965247163148
S3,269,0,0.03707307060755337,0.3345132743362832,0.037037037037037035
S3,269,1,0.03934479934479934,0.3823008849557522,0.037037037037037035
S3,269,2,0.031766759387350865,0.23893805309734512,0.037037037037037035
S3,269,3,0.05488557710294943,0.4725663716814159,0.037037037037037035
S3,270,0,0.030924924797484335,0.21946902654867262,0.0011111111111111111
S3,270,1,0.03234440789177794,0.25132743362831855,0.0011111111111111111
S3,270,2,0.034655116655116655,0.304424778761062,0.0011111111111111111
S3,270,3,0.07170335348790897,0.6123893805309735,0.0011111111111111111
S3,271,0,0.030924924797484335,0.21946902654867262,0.0014273633581704244
S3,271,1,0.03234440789177794,0.25132743362831855,0.0014273633581704244
S3,271,2,0.034655116655116655,0.304424778761062,0.0014273633581704244
S3,271,3,0.0718842671016584,0.6141592920353982,0.0014273633581704244
S3,272,0,0.030989838786448957,0.22123893805309738,0.0018336295406227972
S3,272,1,0.032318873440225875,0.2513274336283186,0.0018336295406227972
S3,272,2,0.034575908734324576,0.30265486725663715,0.0018336295406227972
S3,272,3,0.07174421107924944,0.6123893805309735,0.0018336295406227972
S3,273,0,0.031135531135531136,0.22477876106194694,0.002355530056869464
S3,273,1,0.03252704414019986,0.2548672566371681,0.002355530056869464
S3,273,2,0.03442210694637879,0.2991150442477876,0.002355530056869464
S3,273,3,0.07208374743258464,0.6141592920353982,0.002355530056869464
S3,274,0,0.03120879120879121,0.22654867256637168,0.0030259775630201127
S3,274,1,0.032442010126594416,0.25309734513274335,0.0030259775630201127
S3,274,2,0.03442210694637879,0.2991150442477876,0.0030259775630201127
S3,274,3,0.07195009332940368,0.6123893805309735,0.0030259775630201127
S3,275,0,0.03145415922433271,0.23362831858407077,0.0038872525464906725
S3,275,1,0.03244323199112711,0.2530973451327434,0.0038872525464906725
S3,275,2,0.03429441903768456,0.2955752212389381,0.0038872525464906725
S3,275,3,0.07436462324393359,0.6159292035398231,0.0038872525464906725
S3,276,0,0.031530306187972534,0.23539823008849559,0.004993669663933915
S3,276,1,0.03244323199112711,0.2530973451327434,0.004993669663933915
S3,276,2,0.0338765325299803,0.2867256637168141,0.004993669663933915
S3,276,3,0.07475054896794028,0.6123893805309735,0.004993669663933915
S3,277,0,0.03214882818331094,0.2495575221238938,0.006415002990995842
S3,277,1,0.03232162466579557,0.25132743362831855,0.006415002990995842
S3,277,2,0.03347194371794324,0.2778761061946903,0.006415002990995842
S3,277,3,0.07552615709332128,0.6141592920353982,0.006415002990995842
S3,278,0,0.03289921807848704,0.26725663716814163,0.00824088619071103
S3,278,1,0.032513445967950874,0.25663716814159293,0.00824088619071103
S3,278,2,0.033003472475452794,0.26902654867256637,0.00824088619071103
S3,278,3,0.0756576657694506,0.6106194690265487,0.00824088619071103
S3,279,0,0.03359505166953958,0.28318584070796465,0.010586465088726219
S3,279,1,0.03314846114102212,0.27079646017699116,0.010586465088726219
S3,279,2,0.033240870344258835,0.2743362831858407,0.010586465088726219
S3,279,3,0.07520964197158732,0.6070796460176991,0.010586465088726219
S3,280,0,0.034289760296556546,0.2955752212389381,0.0135996591241784
S3,280,1,0.033368996948324195,0.2778761061946903,0.0135996591241784
S3,280,2,0.03373478756645769,0.2831858407079646,0.0135996591241784
S3,280,3,0.0707977207977208,0.584070796460177,0.0135996591241784
S3,281,0,0.03513137131146618,0.3097345132743363,0.017470489605714304
S3,281,1,0.03365387174362608,0.28141592920353986,0.017470489605714304
S3,281,2,0.033382630472857486,0.27610619469026554,0.017470489605714304
S3,281,3,0.06956696271764765,0.5752212389380531,0.017470489605714304
S3,282,0,0.03581506448112619,0.320353982300885,0.02244306304124448
S3,282,1,0.03457803166976882,0.2991150442477876,0.02244306304124448
S3,282,2,0.03323830148986967,0.27079646017699116,0.02244306304124448
S3,282,3,0.0656091444397896,0.5398230088495575,0.02244306304124448
S3,283,0,0.036706763134239706,0.3327433628318584,0.028830965247163148
S3,283,1,0.03797090181565621,0.3592920353982301,0.028830965247163148
S3,283,2,0.03254891170347304,0.25663716814159293,0.028830965247163148
S3,283,3,0.06076382380506092,0.5097345132743363,0.028830965247163148
S3,284,0,0.03691916120693964,0.3345132743362832,0.037037037037037035
S3,284,1,0.03956709956709957,0.3858407079646018,0.037037037037037035
S3,284,2,0.031692712737961745,0.23716814159292035,0.037037037037037035
S3,284,3,0.054364613676557524,0.4672566371681416,0.037037037037037035
S3,285,0,0.031088141247395888,0.22300884955752212,0.0011111111111111111
S3,285,1,0.032501264894148355,0.2548672566371682,0.0011111111111111111
S3,285,2,0.03418161531369079,0.2938053097345133,0.0011111111111111111
S3,285,3,0.07104016301106983,0.6106194690265487,0.0011111111111111111
S3,286,0,0.03133504062590367,0.23008849557522124,0.0014273633581704244
S3,286,1,0.032574282540864904,0.25663716814159293,0.0014273633581704244
S3,286,2,0.03418161531369079,0.2938053097345133,0.0014273633581704244
S3,286,3,0.0708967321447474,0.6088495575221239,0.0014273633581704244
S3,287,0,0.031393081713963725,0.23185840707964606,0.0018336295406227972
S3,287,1,0.032574282540864904,0.25663716814159293,0.0018336295406227972
S3,287,2,0.03434742434742435,0.2973451327433628,0.0018336295406227972
S3,287,3,0.07072113951963764,0.6070796460176991,0.0018336295406227972
S3,288,0,0.03147145161991984,0.2336283185840708,0.002355530056869464
S3,288,1,0.032550063048286115,0.25663716814159293,0.002355530056869464
S3,288,2,0.03437100925308473,0.2973451327433628,0.002355530056869464
S3,288,3,0.06981512605042017,0.6000000000000001,0.002355530056869464
S3,289,0,0.03160495209266617,0.23716814159292038,0.0030259775630201127
S3,289,1,0.032550063048286115,0.25663716814159293,0.0030259775630201127
S3,289,2,0.03426221001221001,0.2955752212389381,0.0030259775630201127
S3,289,3,0.06937417005782823,0.5946902654867257,0.0030259775630201127
S3,290,0,0.03160495209266617,0.23716814159292038,0.0038872525464906725
S3,290,1,0.03259147712989058,0.2566371681415929,0.0038872525464906725
S3,290,2,0.03419033220448315,0.29380530973451324,0.0038872525464906725
S3,290,3,0.07111330049261085,0.5911504424778762,0.0038872525464906725
S3,291,0,0.03203063414927822,0.24778761061946902,0.004993669663933915
S3,291,1,0.03250902146481132,0.25486725663716814,0.004993669663933915
S3,291,2,0.03400924934315967,0.288495575221239,0.004993669663933915
S3,291,3,0.0712469545957918,0.5929203539823009,0.004993669663933915
S3,292,0,0.032415285863561724,0.2566371681415929,0.006415002990995842
S3,292,1,0.03240325731885679,0.25309734513274335,0.006415002990995842
S3,292,2,0.03354866362810752,0.27964601769911507,0.006415002990995842
S3,292,3,0.07074738986503692,0.5876106194690265,0.006415002990995842
S3,293,0,0.033123621083903425,0.27256637168141595,0.00824088619071103
S3,293,1,0.03272161666792485,0.26017699115044246,0.00824088619071103
S3,293,2,0.03315528888690669,0.27079646017699116,0.00824088619071103
S3,293,3,0.06987632768218502,0.5823008849557523,0.00824088619071103
S3,294,0,0.0337716686577983,0.2867256637168142,0.010586465088726219
S3,294,1,0.03298968243154365,0.2672566371681416,0.010586465088726219
S3,294,2,0.03340853576659203,0.2761061946902655,0.010586465088726219
S3,294,3,0.06950170230755964,0.5769911504424778,0.010586465088726219
S3,295,0,0.03427560132529077,0.2955752212389381,0.0135996591241784
S3,295,1,0.03381756331264797,0.2867256637168142,0.0135996591241784
S3,295,2,0.033660014943597036,0.2814159292035398,0.0135996591241784
S3,295,3,0.06980936755342006,0.5769911504424778,0.0135996591241784
S3,296,0,0.03469776697542282,0.3026548672566372,0.017470489605714304
S3,296,1,0.0343234060625365,0.2973451327433629,0.017470489605714304
S3,296,2,0.03361349677515236,0.27964601769911507,0.017470489605714304
S3,296,3,0.06826584326884177,0.5646017699115045,0.017470489605714304
S3,297,0,0.03572994241868779,0.32035398230088497,0.02244306304124448
S3,297,1,0.035275987142364254,0.31504424778761064,0.02244306304124448
S3,297,2,0.03323374522262152,0.27079646017699116,0.02244306304124448
S3,297,3,0.06494990928170652,0.5309734513274337,0.02244306304124448
S3,298,0,0.03661182642537895,0.3309734513274336,0.028830965247163148
S3,298,1,0.03759077699778508,0.35398230088495575,0.028830965247163148
S3,298,2,0.032315324894543765,0.2513274336283186,0.028830965247163148
S3,298,3,0.06051992136603653,0.5061946902654868,0.028830965247163148
S3,299,0,0.036731631905486284,0.3309734513274336,0.037037037037037035
S3,299,1,0.03967159277504105,0.38761061946902653,0.037037037037037035
S3,299,2,0.0317823668203563,0.23893805309734512,0.037037037037037035
S3,299,3,0.054364613676557524,0.4672566371681416,0.037037037037037035
S4,0,0,0.031205233035694148,0.2247787610619469,0.0008823529411764705
S4,0,1,0.036030549835191675,0.3274336283185841,0.0008823529411764705
S4,0,2,0.034861840762346774,0.30619469026548674,0.0008823529411764705
S4,0,3,0.05594372294372294,0.5061946902654868,0.0008823529411764705
S4,1,0,0.03129443641861569,0.2265486725663717,0.0011334944314882781
S4,1,1,0.036232509852444646,0.3327433628318584,0.0011334944314882781
S4,1,2,0.03458117123795404,0.3008849557522124,0.0011334944314882781
S4,1,3,0.05572223900130877,0.504424778761062,0.0011334944314882781
S4,2,0,0.03106471272603996,0.22123893805309736,0.0014561175763769271
S4,2,1,0.036027051623654806,0.3292035398230089,0.0014561175763769271
S4,2,2,0.03464683635164184,0.30442477876106194,0.0014561175763769271
S4,2,3,0.05561697584341403,0.5026548672566371,0.0014561175763769271
S4,3,0,0.030936554191020635,0.21769911504424783,0.0018705679863375156
S4,3,1,0.036081129359550795,0.3309734513274336,0.0018705679863375156
S4,3,2,0.03474261038289975,0.30619469026548674,0.0018705679863375156
S4,3,3,0.0560530735538095,0.5079646017699115,0.0018705679863375156
S4,4,0,0.030718986599204384,0.2070796460176991,0.002402982182398325
S4,4,1,0.03353466027825567,0.2814159292035398,0.002402982182398325
S4,4,2,0.034863493191781676,0.30619469026548674,0.002402982182398325
S4,4,3,0.05648678600169843,0.5238938053097345,0.002402982182398325
S4,5,0,0.030547335991912693,0.2017699115044248,0.003086935845742593
S4,5,1,0.031330821263440216,0.23008849557522126,0.003086935845742593
S4,5,2,0.03539949391941802,0.31504424778761064,0.003086935845742593
S4,5,3,0.06042975693407744,0.5610619469026549,0.003086935845742593
S4,6,0,0.03019924503749033,0.1929203539823009,0.003965561203712227
S4,6,1,0.029840670606541313,0.1823008849557522,0.003965561203712227
S4,6,2,0.03650015548929106,0.3345132743362832,0.003965561203712227
S4,6,3,0.06155533331742762,0.5805309734513274,0.003965561203712227
S4,7,0,0.03030454741024765,0.19646017699115048,0.0050942670810849335
S4,7,1,0.02900698884360355,0.1486725663716814,0.0050942670810849335
S4,7,2,0.03853620896835558,0.3699115044247788,0.0050942670810849335
S4,7,3,0.06202648391906704,0.5699115044247788,0.0050942670810849335
S4,8,0,0.03090318958366425,0.21415929203539824,0.006544233151446995
S4,8,1,0.028392236932261186,0.12566371681415928,0.006544233151446995
S4,8,2,0.03890901883183703,0.38053097345132747,0.006544233151446995
S4,8,3,0.0633135764642614,0.5699115044247788,0.006544233151446995
S4,9,0,0.03173592911086914,0.24070796460176988,0.008406898746929644
S4,9,1,0.028047737982440275,0.1097345132743363,0.008406898746929644
S4,9,2,0.039662438052143936,0.3911504424778761,0.008406898746929644
S4,9,3,0.05874970771526607,0.5451327433628319,0.008406898746929644
S4,10,0,0.03280211752543362,0.26725663716814163,0.010799729304494613
S4,10,1,0.02861996182086508,0.13451327433628318,0.010799729304494613
S4,10,2,0.03925213225655052,0.384070796460177,0.010799729304494613
S4,10,3,0.05823178749890419,0.5398230088495575,0.010799729304494613
S4,11,0,0.03486314460018977,0.3079646017699115,0.013873624098655475
S4,11,1,0.029356250277397272,0.16460176991150444,0.013873624098655475
S4,11,2,0.03870341621445596,0.3769911504424779,0.013873624098655475
S4,11,3,0.0559806944147961,0.5203539823008849,0.013873624098655475
S4,12,0,0.03769768912451092,0.3469026548672566,0.01782243241510591
S4,12,1,0.030705670660741265,0.2106194690265487,0.01782243241510591
S4,12,2,0.03856777709471856,0.3769911504424779,0.01782243241510591
S4,12,3,0.052361632559652364,0.4973451327433629,0.01782243241510591
S4,13,0,0.0402149595068702,0.368141592920354,0.02289517828451191
S4,13,1,0.03313957205813795,0.2725663716814159,0.02289517828451191
S4,13,2,0.03818273330691259,0.368141592920354,0.02289517828451191
S4,13,3,0.05044502727434536,0.4743362831858407,0.02289517828451191
S4,14,0,0.03890652071704427,0.35752212389380533,0.029411764705882353
S4,14,1,0.03533024930031345,0.31327433628318585,0.029411764705882353
S4,14,2,0.038703130229416266,0.37345132743362836,0.029411764705882353
S4,14,3,0.04872671156004489,0.4584070796460178,0.029411764705882353
S4,15,0,0.031007712518010003,0.2176991150442478,0.0008823529411764705
S4,15,1,0.03736520939690889,0.35221238938053095,0.0008823529411764705
S4,15,2,0.03527519486707075,0.3185840707964602,0.0008823529411764705
S4,15,3,0.053810906075057015,0.4831858407079646,0.0008823529411764705
S4,16,0,0.030939359818078355,0.215929203539823,0.0011334944314882781
S4,16,1,0.03721286088542726,0.35044247787610616,0.0011334944314882781
S4,16,2,0.035038767248567665,0.31327433628318585,0.0011334944314882781
S4,16,3,0.05460271435881192,0.4938053097345133,0.0011334944314882781
S4,17,0,0.030837058027797022,0.21415929203539824,0.0014561175763769271
S4,17,1,0.036022496717985436,0.3309734513274336,0.0014561175763769271
S4,17,2,0.03533201488743355,0.3185840707964602,0.0014561175763769271
S4,17,3,0.05494061572120644,0.49557522123893805,0.0014561175763769271
S4,18,0,0.030831351883983463,0.21238938053097345,0.0018705679863375156
S4,18,1,0.0343142294607642,0.2991150442477876,0.0018705679863375156
S4,18,2,0.03493963602599551,0.3097345132743363,0.0018705679863375156
S4,18,3,0.05627889487816203,0.511504424778761,0.0018705679863375156
S4,19,0,0.030718986599204384,0.2070796460176991,0.002402982182398325
S4,19,1,0.03323151514752433,0.2743362831858407,0.002402982182398325
S4,19,2,0.035058321645635535,0.31150442477876106,0.002402982182398325
S4,19,3,0.05661661397962768,0.5256637168141594,0.002402982182398325
S4,20,0,0.030547335991912693,0.2017699115044248,0.003086935845742593
S4,20,1,0.031330821263440216,0.23008849557522126,0.003086935845742593
S4,20,2,0.03545759026785812,0.3185840707964602,0.003086935845742593
S4,20,3,0.060258875184248314,0.5592920353982301,0.003086935845742593
S4,21,0,0.03019924503749033,0.1929203539823009,0.003965561203712227
S4,21,1,0.029840670606541313,0.1823008849557522,0.003965561203712227
S4,21,2,0.03650015548929106,0.3345132743362832,0.003965561203712227
S4,21,3,0.06155533331742762,0.5805309734513274,0.003965561203712227
S4,22,0,0.03030454741024765,0.19646017699115048,0.0050942670810849335
S4,22,1,0.02900698884360355,0.1486725663716814,0.0050942670810849335
S4,22,2,0.03853620896835558,0.3699115044247788,0.0050942670810849335
S4,22,3,0.06202648391906704,0.5699115044247788,0.0050942670810849335
S4,23,0,0.03090318958366425,0.21415929203539824,0.006544233151446995
S4,23,1,0.028392236932261186,0.12566371681415928,0.006544233151446995
S4,23,2,0.03902376352489498,0.3823008849557522,0.006544233151446995
S4,23,3,0.0633135764642614,0.5699115044247788,0.006544233151446995
S4,24,0,0.031662669037609066,0.23893805309734514,0.008406898746929644
S4,24,1,0.028047737982440275,0.1097345132743363,0.008406898746929644
S4,24,2,0.039662438052143936,0.3911504424778761,0.008406898746929644
S4,24,3,0.05874970771526607,0.5451327433628319,0.008406898746929644
S4,25,0,0.03280211752543362,0.26725663716814163,0.010799729304494613
S4,25,1,0.028556843790147637,0.1327433628318584,0.010799729304494613
S4,25,2,0.03925213225655052,0.384070796460177,0.010799729304494613
S4,25,3,0.05823178749890419,0.5398230088495575,0.010799729304494613
S4,26,0,0.03486314460018977,0.3079646017699115,0.013873624098655475
S4,26,1,0.029356250277397272,0.16460176991150444,0.013873624098655475
S4,26,2,0.03870341621445596,0.3769911504424779,0.013873624098655475
S4,26,3,0.0559806944147961,0.5203539823008849,0.013873624098655475
S4,27,0,0.03769768912451092,0.3469026548672566,0.01782243241510591
S4,27,1,0.030705670660741265,0.2106194690265487,0.01782243241510591
S4,27,2,0.038433096960038424,0.37522123893805315,0.01782243241510591
S4,27,3,0.052361632559652364,0.4973451327433629,0.01782243241510591
S4,28,0,0.0402149595068702,0.368141592920354,0.02289517828451191
S4,28,1,0.03307522199378789,0.2707964601769911,0.02289517828451191
S4,28,2,0.03828849745286711,0.36991150442477877,0.02289517828451191
S4,28,3,0.05044502727434536,0.4743362831858407,0.02289517828451191
S4,29,0,0.03890652071704427,0.35752212389380533,0.029411764705882353
S4,29,1,0.03533024930031345,0.31327433628318585,0.029411764705882353
S4,29,2,0.038703130229416266,0.37345132743362836,0.029411764705882353
S4,29,3,0.04872671156004489,0.4584070796460178,0.029411764705882353
S4,30,0,0.03046442593601964,0.2,0.0008823529411764705
S4,30,1,0.03222772144845581,0.25132743362831855,0.0008823529411764705
S4,30,2,0.03644301186882874,0.3380530973451328,0.0008823529411764705
S4,30,3,0.06277660000579512,0.5309734513274337,0.0008823529411764705
S4,31,0,0.030579263781692036,0.2035398230088496,0.0011334944314882781
S4,31,1,0.03194480674011606,0.2442477876106195,0.0011334944314882781
S4,31,2,0.03631854977018591,0.3380530973451327,0.0011334944314882781
S4,31,3,0.06020619106920477,0.5256637168141594,0.0011334944314882781
S4,32,0,0.03028798563733155,0.19646017699115045,0.0014561175763769271
S4,32,1,0.03133797877431154,0.23008849557522126,0.0014561175763769271
S4,32,2,0.036169385893296435,0.3345132743362832,0.0014561175763769271
S4,32,3,0.05883873396490556,0.5274336283185841,0.0014561175763769271
S4,33,0,0.029982470136250078,0.18584070796460178,0.0018705679863375156
S4,33,1,0.030550927563594246,0.20707964601769913,0.0018705679863375156
S4,33,2,0.03655185562744444,0.3433628318584071,0.0018705679863375156
S4,33,3,0.05848304426115298,0.5398230088495576,0.0018705679863375156
S4,34,0,0.029930297123279576,0.184070796460177,0.002402982182398325
S4,34,1,0.030019556641127584,0.18761061946902657,0.002402982182398325
S4,34,2,0.037108792307150716,0.35398230088495575,0.002402982182398325
S4,34,3,0.06100550236923167,0.5646017699115045,0.002402982182398325
S4,35,0,0.030073625382011436,0.18761061946902655,0.003086935845742593
S4,35,1,0.029705470255864508,0.17345132743362834,0.003086935845742593
S4,35,2,0.03789820602571755,0.36637168141592924,0.003086935845742593
S4,35,3,0.06085561497326203,0.5787610619469027,0.003086935845742593
S4,36,0,0.03019924503749033,0.1929203539823009,0.003965561203712227
S4,36,1,0.029279614581740207,0.15752212389380535,0.003965561203712227
S4,36,2,0.03836143914920793,0.3734513274336283,0.003965561203712227
S4,36,3,0.062362004653106685,0.5823008849557523,0.003965561203712227
S4,37,0,0.03030454741024765,0.19646017699115048,0.0050942670810849335
S4,37,1,0.028547804697137417,0.13274336283185842,0.0050942670810849335
S4,37,2,0.03886212563876754,0.3787610619469026,0.0050942670810849335
S4,37,3,0.06092563151386681,0.5610619469026549,0.0050942670810849335
S4,38,0,0.03090318958366425,0.21415929203539824,0.006544233151446995
S4,38,1,0.028364877151139434,0.12389380530973453,0.006544233151446995
S4,38,2,0.03963458983260963,0.39292035398230085,0.006544233151446995
S4,38,3,0.0633135764642614,0.5699115044247788,0.006544233151446995
S4,39,0,0.031662669037609066,0.23893805309734514,0.008406898746929644
S4,39,1,0.028047737982440275,0.1097345132743363,0.008406898746929644
S4,39,2,0.039662438052143936,0.3911504424778761,0.008406898746929644
S4,39,3,0.05874970771526607,0.5451327433628319,0.008406898746929644
S4,40,0,0.03280211752543362,0.26725663716814163,0.010799729304494613
S4,40,1,0.02861996182086508,0.13451327433628318,0.010799729304494613
S4,40,2,0.03925213225655052,0.384070796460177,0.010799729304494613
S4,40,3,0.05823178749890419,0.5398230088495575,0.010799729304494613
S4,41,0,0.03486314460018977,0.3079646017699115,0.013873624098655475
S4,41,1,0.029356250277397272,0.16460176991150444,0.013873624098655475
S4,41,2,0.03870341621445596,0.3769911504424779,0.013873624098655475
S4,41,3,0.0559806944147961,0.5203539823008849,0.013873624098655475
S4,42,0,0.03769768912451092,0.3469026548672566,0.01782243241510591
S4,42,1,0.030705670660741265,0.2106194690265487,0.01782243241510591
S4,42,2,0.03856777709471856,0.3769911504424779,0.01782243241510591
S4,42,3,0.052361632559652364,0.4973451327433629,0.01782243241510591
S4,43,0,0.0402149595068702,0.368141592920354,0.02289517828451191
S4,43,1,0.03307522199378789,0.2707964601769911,0.02289517828451191
S4,43,2,0.03828849745286711,0.36991150442477877,0.02289517828451191
S4,43,3,0.05044502727434536,0.4743362831858407,0.02289517828451191
S4,44,0,0.03890652071704427,0.35752212389380533,0.029411764705882353
S4,44,1,0.03533024930031345,0.31327433628318585,0.029411764705882353
S4,44,2,0.038703130229416266,0.37345132743362836,0.029411764705882353
S4,44,3,0.04872671156004489,0.4584070796460178,0.029411764705882353
S4,45,0,0.030124716400476217,0.1929203539823009,0.0008823529411764705
S4,45,1,0.03041930222768324,0.2017699115044248,0.0008823529411764705
S4,45,2,0.03746369307991071,0.35929203539823007,0.0008823529411764705
S4,45,3,0.06238672707889126,0.5893805309734513,0.0008823529411764705
S4,46,0,0.030085592769803292,0.19115044247787613,0.0011334944314882781
S4,46,1,0.030028965840258822,0.18761061946902657,0.0011334944314882781
S4,46,2,0.03799234723114927,0.368141592920354,0.0011334944314882781
S4,46,3,0.06290563305554372,0.5876106194690266,0.0011334944314882781
S4,47,0,0.030101637299082967,0.19115044247787613,0.0014561175763769271
S4,47,1,0.029724791509823857,0.17522123893805308,0.0014561175763769271
S4,47,2,0.03797566703449057,0.36637168141592924,0.0014561175763769271
S4,47,3,0.06290563305554372,0.5876106194690266,0.0014561175763769271
S4,48,0,0.03002535964843461,0.18938053097345137,0.0018705679863375156
S4,48,1,0.029560336901737795,0.16814159292035402,0.0018705679863375156
S4,48,2,0.03840156346293558,0.37345132743362836,0.0018705679863375156
S4,48,3,0.06482546725360372,0.5911504424778762,0.0018705679863375156
S4,49,0,0.029770112695424927,0.1805309734513274,0.002402982182398325
S4,49,1,0.029559737597120772,0.16637168141592923,0.002402982182398325
S4,49,2,0.03855261356590084,0.37522123893805315,0.002402982182398325
S4,49,3,0.06488681435720434,0.5911504424778762,0.002402982182398325
S4,50,0,0.0298357538951739,0.1823008849557522,0.003086935845742593
S4,50,1,0.02934734957719094,0.15398230088495576,0.003086935845742593
S4,50,2,0.0391170568561873,0.3858407079646018,0.003086935845742593
S4,50,3,0.06478166512903315,0.5823008849557523,0.003086935845742593
S4,51,0,0.030076079981855856,0.18761061946902657,0.003965561203712227
S4,51,1,0.0288641934933069,0.1398230088495575,0.003965561203712227
S4,51,2,0.039700953477595384,0.3946902654867257,0.003965561203712227
S4,51,3,0.06300574148400236,0.5681415929203539,0.003965561203712227
S4,52,0,0.030299836361416924,0.19646017699115043,0.0050942670810849335
S4,52,1,0.02837482134453686,0.12212389380530975,0.0050942670810849335
S4,52,2,0.04010442709787274,0.4,0.0050942670810849335
S4,52,3,0.06285625600694095,0.5663716814159292,0.0050942670810849335
S4,53,0,0.03090318958366425,0.21415929203539824,0.006544233151446995
S4,53,1,0.02808802405199484,0.10796460176991152,0.006544233151446995
S4,53,2,0.03940592089153219,0.3893805309734513,0.006544233151446995
S4,53,3,0.06463411778480271,0.568141592920354,0.006544233151446995
S4,54,0,0.031662669037609066,0.23893805309734514,0.008406898746929644
S4,54,1,0.028008183766697697,0.1097345132743363,0.008406898746929644
S4,54,2,0.03996207713854773,0.39469026548672564,0.008406898746929644
S4,54,3,0.05869649703705539,0.5451327433628319,0.008406898746929644
S4,55,0,0.03280211752543362,0.26725663716814163,0.010799729304494613
S4,55,1,0.02861996182086508,0.13451327433628318,0.010799729304494613
S4,55,2,0.03925213225655052,0.384070796460177,0.010799729304494613
S4,55,3,0.05808095793630992,0.5380530973451327,0.010799729304494613
S4,56,0,0.03486314460018977,0.3079646017699115,0.013873624098655475
S4,56,1,0.029356250277397272,0.16460176991150444,0.013873624098655475
S4,56,2,0.03870341621445596,0.3769911504424779,0.013873624098655475
S4,56,3,0.0559806944147961,0.5203539823008849,0.013873624098655475
S4,57,0,0.03769768912451092,0.3469026548672566,0.01782243241510591
S4,57,1,0.030705670660741265,0.2106194690265487,0.01782243241510591
S4,57,2,0.03856777709471856,0.3769911504424779,0.01782243241510591
S4,57,3,0.052361632559652364,0.4973451327433629,0.01782243241510591
S4,58,0,0.0402149595068702,0.368141592920354,0.02289517828451191
S4,58,1,0.03307522199378789,0.2707964601769911,0.02289517828451191
S4,58,2,0.03828849745286711,0.36991150442477877,0.02289517828451191
S4,58,3,0.05044502727434536,0.4743362831858407,0.02289517828451191
S4,59,0,0.03890652071704427,0.35752212389380533,0.029411764705882353
S4,59,1,0.03533024930031345,0.31327433628318585,0.029411764705882353
S4,59,2,0.038703130229416266,0.37345132743362836,0.029411764705882353
S4,59,3,0.04872671156004489,0.4584070796460178,0.029411764705882353
S4,60,0,0.030125168716985267,0.1911504424778761,0.0008823529411764705
S4,60,1,0.029647982685365865,0.1699115044247788,0.0008823529411764705
S4,60,2,0.0399896813383507,0.39823008849557523,0.0008823529411764705
S4,60,3,0.06726983381209208,0.5946902654867257,0.0008823529411764705
S4,61,0,0.029942164994796572,0.18584070796460178,0.0011334944314882781
S4,61,1,0.029550580087963265,0.16460176991150446,0.0011334944314882781
S4,61,2,0.040525268852354614,0.40530973451327434,0.0011334944314882781
S4,61,3,0.06743079960686069,0.5964601769911504,0.0011334944314882781
S4,62,0,0.029942164994796572,0.18584070796460178,0.0014561175763769271
S4,62,1,0.02929187652737291,0.15575221238938056,0.0014561175763769271
S4,62,2,0.040655359133620006,0.40707964601769914,0.0014561175763769271
S4,62,3,0.06727215338792891,0.5946902654867257,0.0014561175763769271
S4,63,0,0.029897063882787685,0.18407079646017702,0.0018705679863375156
S4,63,1,0.029213234021194176,0.15221238938053097,0.0018705679863375156
S4,63,2,0.04035558161131368,0.40353982300884955,0.0018705679863375156
S4,63,3,0.06696980130239306,0.5946902654867257,0.0018705679863375156
S4,64,0,0.029905427511086106,0.18230088495575222,0.002402982182398325
S4,64,1,0.029061229834921553,0.14513274336283186,0.002402982182398325
S4,64,2,0.03988413200400982,0.39646017699115044,0.002402982182398325
S4,64,3,0.06525789816112397,0.5823008849557523,0.002402982182398325
S4,65,0,0.029969404001699975,0.18584070796460175,0.003086935845742593
S4,65,1,0.028553446291583753,0.12920353982300886,0.003086935845742593
S4,65,2,0.04033377159134549,0.40353982300884955,0.003086935845742593
S4,65,3,0.06605245794504108,0.5769911504424778,0.003086935845742593
S4,66,0,0.030056384736205637,0.18761061946902655,0.003965561203712227
S4,66,1,0.028228715728715728,0.1168141592920354,0.003965561203712227
S4,66,2,0.0400662569617308,0.4,0.003965561203712227
S4,66,3,0.06521285991874227,0.5699115044247788,0.003965561203712227
S4,67,0,0.03038310128535965,0.19823008849557522,0.0050942670810849335
S4,67,1,0.027984590121127275,0.10442477876106196,0.0050942670810849335
S4,67,2,0.04050835799703114,0.40530973451327434,0.0050942670810849335
S4,67,3,0.06519234738605252,0.5699115044247788,0.0050942670810849335
S4,68,0,0.0310098123111119,0.2176991150442478,0.006544233151446995
S4,68,1,0.027906792611008195,0.1008849557522124,0.006544233151446995
S4,68,2,0.039828877005347596,0.39469026548672564,0.006544233151446995
S4,68,3,0.0644586791883115,0.5663716814159292,0.006544233151446995
S4,69,0,0.031677157438815065,0.23893805309734512,0.008406898746929644
S4,69,1,0.028077486866575192,0.11150442477876106,0.008406898746929644
S4,69,2,0.039797323611718935,0.3929203539823009,0.008406898746929644
S4,69,3,0.05869047619047618,0.5451327433628319,0.008406898746929644
S4,70,0,0.03280211752543362,0.26725663716814163,0.010799729304494613
S4,70,1,0.02861996182086508,0.13451327433628318,0.010799729304494613
S4,70,2,0.03925213225655052,0.384070796460177,0.010799729304494613
S4,70,3,0.0584313725490196,0.5415929203539823,0.010799729304494613
S4,71,0,0.03486314460018977,0.3079646017699115,0.013873624098655475
S4,71,1,0.029407322800379915,0.1663716814159292,0.013873624098655475
S4,71,2,0.03865606301261616,0.3769911504424779,0.013873624098655475
S4,71,3,0.0559806944147961,0.5203539823008849,0.013873624098655475
S4,72,0,0.03769768912451092,0.3469026548672566,0.01782243241510591
S4,72,1,0.030705670660741265,0.2106194690265487,0.01782243241510591
S4,72,2,0.03856777709471856,0.3769911504424779,0.01782243241510591
S4,72,3,0.052361632559652364,0.4973451327433629,0.01782243241510591
S4,73,0,0.0402149595068702,0.368141592920354,0.02289517828451191
S4,73,1,0.03307522199378789,0.2707964601769911,0.02289517828451191
S4,73,2,0.03828849745286711,0.36991150442477877,0.02289517828451191
S4,73,3,0.05044502727434536,0.4743362831858407,0.02289517828451191
S4,74,0,0.03890652071704427,0.35752212389380533,0.029411764705882353
S4,74,1,0.03533024930031345,0.31327433628318585,0.029411764705882353
S4,74,2,0.038703130229416266,0.37345132743362836,0.029411764705882353
S4,74,3,0.04872671156004489,0.4584070796460178,0.029411764705882353
S4,75,0,0.02996032050175436,0.184070796460177,0.0008823529411764705
S4,75,1,0.028952511023406388,0.1486725663716814,0.0008823529411764705
S4,75,2,0.03832272847161258,0.37168141592920356,0.0008823529411764705
S4,75,3,0.07203597583104225,0.5982300884955752,0.0008823529411764705
S4,76,0,0.02996032050175436,0.184070796460177,0.0011334944314882781
S4,76,1,0.02882667915352094,0.14513274336283183,0.0011334944314882781
S4,76,2,0.038596607413125,0.3769911504424779,0.0011334944314882781
S4,76,3,0.07188236600001305,0.5964601769911504,0.0011334944314882781
S4,77,0,0.030006581732226117,0.184070796460177,0.0014561175763769271
S4,77,1,0.02872954552092377,0.1415929203539823,0.0014561175763769271
S4,77,2,0.038695813762331346,0.37876106194690273,0.0014561175763769271
S4,77,3,0.06968221600381043,0.5946902654867257,0.0014561175763769271
S4,78,0,0.029906559430368955,0.18053097345132743,0.0018705679863375156
S4,78,1,0.028698681323392906,0.1398230088495575,0.0018705679863375156
S4,78,2,0.03905944944486975,0.3858407079646018,0.0018705679863375156
S4,78,3,0.06875890753001908,0.5929203539823009,0.0018705679863375156
S4,79,0,0.029855041317130272,0.18053097345132743,0.002402982182398325
S4,79,1,0.028649611872006424,0.13805309734513274,0.002402982182398325
S4,79,2,0.03904742371125847,0.3858407079646018,0.002402982182398325
S4,79,3,0.06767232767232768,0.5876106194690266,0.002402982182398325
S4,80,0,0.030116819913675416,0.18938053097345134,0.003086935845742593
S4,80,1,0.028536193159979045,0.1327433628318584,0.003086935845742593
S4,80,2,0.039624051329262555,0.39469026548672564,0.003086935845742593
S4,80,3,0.06697968697968698,0.5805309734513274,0.003086935845742593
S4,81,0,0.030297685870774877,0.19646017699115045,0.003965561203712227
S4,81,1,0.028467208089461016,0.1327433628318584,0.003965561203712227
S4,81,2,0.03953772093933819,0.3911504424778761,0.003965561203712227
S4,81,3,0.06534544184976235,0.5699115044247788,0.003965561203712227
S4,82,0,0.03075285301700396,0.20884955752212392,0.0050942670810849335
S4,82,1,0.02820041107109065,0.12212389380530972,0.0050942670810849335
S4,82,2,0.03965921865013797,0.3929203539823009,0.0050942670810849335
S4,82,3,0.06495157810226304,0.5699115044247788,0.0050942670810849335
S4,83,0,0.030929861619716215,0.215929203539823,0.006544233151446995
S4,83,1,0.028238297950888582,0.12212389380530972,0.006544233151446995
S4,83,2,0.03972701687923458,0.39292035398230085,0.006544233151446995
S4,83,3,0.06443202820771314,0.5663716814159292,0.006544233151446995
S4,84,0,0.03138086579467252,0.23008849557522124,0.008406898746929644
S4,84,1,0.028148742667027795,0.12035398230088497,0.008406898746929644
S4,84,2,0.039744535949173,0.39292035398230085,0.008406898746929644
S4,84,3,0.05910391288298264,0.5486725663716814,0.008406898746929644
S4,85,0,0.03279727597373676,0.2672566371681416,0.010799729304494613
S4,85,1,0.028636461688866133,0.13451327433628318,0.010799729304494613
S4,85,2,0.03891648303899681,0.38053097345132747,0.010799729304494613
S4,85,3,0.0584313725490196,0.5415929203539823,0.010799729304494613
S4,86,0,0.03486314460018977,0.3079646017699115,0.013873624098655475
S4,86,1,0.029443499985719154,0.16637168141592923,0.013873624098655475
S4,86,2,0.038887361504784224,0.38053097345132747,0.013873624098655475
S4,86,3,0.0559806944147961,0.5203539823008849,0.013873624098655475
S4,87,0,0.03769768912451092,0.3469026548672566,0.01782243241510591
S4,87,1,0.030705670660741265,0.2106194690265487,0.01782243241510591
S4,87,2,0.03856777709471856,0.3769911504424779,0.01782243241510591
S4,87,3,0.05250139496356571,0.49911504424778763,0.01782243241510591
S4,88,0,0.0402149595068702,0.368141592920354,0.02289517828451191
S4,88,1,0.03307522199378789,0.2707964601769911,0.02289517828451191
S4,88,2,0.03828849745286711,0.36991150442477877,0.02289517828451191
S4,88,3,0.05044502727434536,0.4743362831858407,0.02289517828451191
S4,89,0,0.03890652071704427,0.35752212389380533,0.029411764705882353
S4,89,1,0.03533024930031345,0.31327433628318585,0.029411764705882353
S4,89,2,0.038703130229416266,0.37345132743362836,0.029411764705882353
S4,89,3,0.04872671156004489,0.4584070796460178,0.029411764705882353
S4,90,0,0.029803029803029804,0.1769911504424779,0.0008823529411764705
S4,90,1,0.029472408581675304,0.168141592920354,0.0008823529411764705
S4,90,2,0.03831488278748713,0.368141592920354,0.0008823529411764705
S4,90,3,0.07257110830881322,0.6035398230088496,0.0008823529411764705
S4,91,0,0.029893702182858813,0.18053097345132743,0.0011334944314882781
S4,91,1,0.0292885764335111,0.16283185840707967,0.0011334944314882781
S4,91,2,0.038350405440934314,0.3699115044247788,0.0011334944314882781
S4,91,3,0.07019023986765922,0.6000000000000001,0.0011334944314882781
S4,92,0,0.029836329836329837,0.17876106194690267,0.0014561175763769271
S4,92,1,0.02903766409029567,0.15575221238938053,0.0014561175763769271
S4,92,2,0.03848014592616231,0.37345132743362836,0.0014561175763769271
S4,92,3,0.06946682946682947,0.5964601769911504,0.0014561175763769271
S4,93,0,0.029898172755315613,0.18053097345132743,0.0018705679863375156
S4,93,1,0.028854496965952076,0.1504424778761062,0.0018705679863375156
S4,93,2,0.0386783244632707,0.3769911504424779,0.0018705679863375156
S4,93,3,0.06860243922743922,0.5911504424778762,0.0018705679863375156
S4,94,0,0.030021344808935372,0.184070796460177,0.002402982182398325
S4,94,1,0.028846226792062255,0.15044247787610618,0.002402982182398325
S4,94,2,0.039047405539208824,0.3823008849557522,0.002402982182398325
S4,94,3,0.07018781984299226,0.5893805309734513,0.002402982182398325
S4,95,0,0.03024395017086823,0.19469026548672566,0.003086935845742593
S4,95,1,0.028837668826024673,0.15044247787610618,0.003086935845742593
S4,95,2,0.03944973544973545,0.38761061946902653,0.003086935845742593
S4,95,3,0.06900519856126917,0.5805309734513274,0.003086935845742593
S4,96,0,0.03049997247374229,0.2035398230088496,0.003965561203712227
S4,96,1,0.028823916496482874,0.1504424778761062,0.003965561203712227
S4,96,2,0.0395317428669371,0.3893805309734513,0.003965561203712227
S4,96,3,0.06730581578966002,0.5716814159292035,0.003965561203712227
S4,97,0,0.03054825488653135,0.20176991150442475,0.0050942670810849335
S4,97,1,0.028810664376434633,0.14867256637168139,0.0050942670810849335
S4,97,2,0.039307264612446345,0.38584070796460174,0.0050942670810849335
S4,97,3,0.06494219505984211,0.5681415929203539,0.0050942670810849335
S4,98,0,0.031185848936608817,0.21946902654867256,0.006544233151446995
S4,98,1,0.02883447456586447,0.1486725663716814,0.006544233151446995
S4,98,2,0.038931260911064816,0.3823008849557522,0.006544233151446995
S4,98,3,0.06387468671679199,0.5628318584070797,0.006544233151446995
S4,99,0,0.03157565473741945,0.23362831858407082,0.008406898746929644
S4,99,1,0.02910810544350917,0.16106194690265488,0.008406898746929644
S4,99,2,0.03855982185089221,0.3769911504424779,0.008406898746929644
S4,99,3,0.05920260074621728,0.5504424778761061,0.008406898746929644
S4,100,0,0.032842973521842234,0.2672566371681416,0.010799729304494613
S4,100,1,0.029807338389572363,0.18230088495575225,0.010799729304494613
S4,100,2,0.038666897545476975,0.3769911504424779,0.010799729304494613
S4,100,3,0.058722258134022834,0.5451327433628319,0.010799729304494613
S4,101,0,0.034973719415313846,0.3097345132743363,0.013873624098655475
S4,101,1,0.029790935298891236,0.17876106194690264,0.013873624098655475
S4,101,2,0.03875167629447215,0.3787610619469026,0.013873624098655475
S4,101,3,0.0559806944147961,0.5203539823008849,0.013873624098655475
S4,102,0,0.03769768912451092,0.3469026548672566,0.01782243241510591
S4,102,1,0.030705670660741265,0.2106194690265487,0.01782243241510591
S4,102,2,0.03834969412434201,0.3734513274336283,0.01782243241510591
S4,102,3,0.05250139496356571,0.49911504424778763,0.01782243241510591
S4,103,0,0.0402149595068702,0.368141592920354,0.02289517828451191
S4,103,1,0.03313957205813795,0.2725663716814159,0.02289517828451191
S4,103,2,0.03828849745286711,0.36991150442477877,0.02289517828451191
S4,103,3,0.05044502727434536,0.4743362831858407,0.02289517828451191
S4,104,0,0.03890652071704427,0.35752212389380533,0.029411764705882353
S4,104,1,0.03533024930031345,0.31327433628318585,0.029411764705882353
S4,104,2,0.038703130229416266,0.37345132743362836,0.029411764705882353
S4,104,3,0.04872671156004489,0.4584070796460178,0.029411764705882353
S4,105,0,0.029891173641173642,0.17876106194690267,0.0008823529411764705
S4,105,1,0.029164992419458864,0.15929203539823011,0.0008823529411764705
S4,105,2,0.03947299335736241,0.3858407079646018,0.0008823529411764705
S4,105,3,0.07179093422218695,0.6070796460176991,0.0008823529411764705
S4,106,0,0.029840101118191006,0.17699115044247787,0.0011334944314882781
S4,106,1,0.029198308186664027,0.16106194690265485,0.0011334944314882781
S4,106,2,0.03957727220306002,0.38761061946902653,0.0011334944314882781
S4,106,3,0.07094893149473712,0.6035398230088496,0.0011334944314882781
S4,107,0,0.029758201036290927,0.1752212389380531,0.0014561175763769271
S4,107,1,0.029039205830584083,0.1557522123893805,0.0014561175763769271
S4,107,2,0.03956844404104839,0.3876106194690266,0.0014561175763769271
S4,107,3,0.07273504273504273,0.6053097345132743,0.0014561175763769271
S4,108,0,0.029699914085146828,0.1752212389380531,0.0018705679863375156
S4,108,1,0.029073382180549903,0.15752212389380527,0.0018705679863375156
S4,108,2,0.03956693837668056,0.3876106194690266,0.0018705679863375156
S4,108,3,0.07101325784584961,0.5982300884955752,0.0018705679863375156
S4,109,0,0.029588133588133586,0.17168141592920355,0.002402982182398325
S4,109,1,0.029144505935884187,0.16106194690265485,0.002402982182398325
S4,109,2,0.039387377596724935,0.3858407079646018,0.002402982182398325
S4,109,3,0.06970999552486895,0.5876106194690266,0.002402982182398325
S4,110,0,0.030085111533803686,0.18761061946902655,0.003086935845742593
S4,110,1,0.02913620239568218,0.16106194690265485,0.003086935845742593
S4,110,2,0.03916032768531753,0.384070796460177,0.003086935845742593
S4,110,3,0.06802305570412631,0.5752212389380531,0.003086935845742593
S4,111,0,0.030235229146055614,0.1929203539823009,0.003965561203712227
S4,111,1,0.029014742108602252,0.1575221238938053,0.003965561203712227
S4,111,2,0.038590530504564534,0.3752212389380531,0.003965561203712227
S4,111,3,0.06818534067653786,0.5769911504424778,0.003965561203712227
S4,112,0,0.030411280022787,0.19646017699115048,0.0050942670810849335
S4,112,1,0.029270435901209525,0.1663716814159292,0.0050942670810849335
S4,112,2,0.038345432233569815,0.3734513274336283,0.0050942670810849335
S4,112,3,0.06716441728206435,0.5699115044247788,0.0050942670810849335
S4,113,0,0.031121375260787183,0.2176991150442478,0.006544233151446995
S4,113,1,0.029554657074753514,0.17876106194690267,0.006544233151446995
S4,113,2,0.03811616410792627,0.36991150442477877,0.006544233151446995
S4,113,3,0.06333109900851837,0.55929203539823,0.006544233151446995
S4,114,0,0.03163248649718387,0.23539823008849559,0.008406898746929644
S4,114,1,0.02992149837696897,0.19115044247787613,0.008406898746929644
S4,114,2,0.03749612329034564,0.35929203539823007,0.008406898746929644
S4,114,3,0.05865084930652953,0.5451327433628319,0.008406898746929644
S4,115,0,0.03330815919770768,0.2761061946902655,0.010799729304494613
S4,115,1,0.03041891484126923,0.2035398230088496,0.010799729304494613
S4,115,2,0.03842268842268842,0.3734513274336283,0.010799729304494613
S4,115,3,0.05799268469745411,0.536283185840708,0.010799729304494613
S4,116,0,0.03551988827218185,0.3168141592920354,0.013873624098655475
S4,116,1,0.030764827964814966,0.21238938053097345,0.013873624098655475
S4,116,2,0.03834209230557796,0.3734513274336283,0.013873624098655475
S4,116,3,0.0559806944147961,0.5203539823008849,0.013873624098655475
S4,117,0,0.03769768912451092,0.3469026548672566,0.01782243241510591
S4,117,1,0.030784040566697375,0.21238938053097345,0.01782243241510591
S4,117,2,0.03834969412434201,0.3734513274336283,0.01782243241510591
S4,117,3,0.05250139496356571,0.49911504424778763,0.01782243241510591
S4,118,0,0.0402149595068702,0.368141592920354,0.02289517828451191
S4,118,1,0.03313957205813795,0.2725663716814159,0.02289517828451191
S4,118,2,0.03828849745286711,0.36991150442477877,0.02289517828451191
S4,118,3,0.05044502727434536,0.4743362831858407,0.02289517828451191
S4,119,0,0.03890652071704427,0.35752212389380533,0.029411764705882353
S4,119,1,0.03533024930031345,0.31327433628318585,0.029411764705882353
S4,119,2,0.038703130229416266,0.37345132743362836,0.029411764705882353
S4,119,3,0.04872671156004489,0.4584070796460178,0.029411764705882353
S4,120,0,0.030094773132851152,0.1823008849557522,0.0008823529411764705
S4,120,1,0.029059629851008108,0.1575221238938053,0.0008823529411764705
S4,120,2,0.03924114898853174,0.38230088495575226,0.0008823529411764705
S4,120,3,0.07218559218559219,0.6106194690265487,0.0008823529411764705
S4,121,0,0.03017763916079727,0.18584070796460178,0.0011334944314882781
S4,121,1,0.029119035791602167,0.15929203539823006,0.0011334944314882781
S4,121,2,0.03910079811133875,0.38053097345132747,0.0011334944314882781
S4,121,3,0.07219361543132034,0.6035398230088496,0.0011334944314882781
S4,122,0,0.030119146070046118,0.184070796460177,0.0014561175763769271
S4,122,1,0.02916787584044221,0.16106194690265485,0.0014561175763769271
S4,122,2,0.03894504782941688,0.3787610619469027,0.0014561175763769271
S4,122,3,0.0718390227666011,0.6000000000000001,0.0014561175763769271
S4,123,0,0.030148465025240156,0.18584070796460178,0.0018705679863375156
S4,123,1,0.029108469899848152,0.15929203539823006,0.0018705679863375156
S4,123,2,0.03857448232186507,0.37345132743362836,0.0018705679863375156
S4,123,3,0.06882716334962855,0.5964601769911504,0.0018705679863375156
S4,124,0,0.03026923797210006,0.1911504424778761,0.002402982182398325
S4,124,1,0.02913009344956159,0.16106194690265485,0.002402982182398325
S4,124,2,0.03856210602600101,0.3734513274336283,0.002402982182398325
S4,124,3,0.06733781773578607,0.5876106194690265,0.002402982182398325
S4,125,0,0.030375402030872075,0.1946902654867257,0.003086935845742593
S4,125,1,0.029218189297238784,0.16460176991150444,0.003086935845742593
S4,125,2,0.038480990596485104,0.3752212389380531,0.003086935845742593
S4,125,3,0.06642418402808613,0.5805309734513274,0.003086935845742593
S4,126,0,0.030820942690366164,0.20884955752212392,0.003965561203712227
S4,126,1,0.029602734240922454,0.1787610619469026,0.003965561203712227
S4,126,2,0.038227790460235375,0.37168141592920356,0.003965561203712227
S4,126,3,0.0641008541008541,0.5752212389380531,0.003965561203712227
S4,127,0,0.03108489106475156,0.21592920353982303,0.0050942670810849335
S4,127,1,0.029796766400280443,0.18584070796460173,0.0050942670810849335
S4,127,2,0.03802108942270667,0.368141592920354,0.0050942670810849335
S4,127,3,0.06160233918128655,0.568141592920354,0.0050942670810849335
S4,128,0,0.031381784185589526,0.22477876106194689,0.006544233151446995
S4,128,1,0.029880728573200642,0.19115044247787616,0.006544233151446995
S4,128,2,0.038136239307101555,0.37168141592920356,0.006544233151446995
S4,128,3,0.059991291347223544,0.5575221238938053,0.006544233151446995
S4,129,0,0.03224683002339544,0.24955752212389382,0.008406898746929644
S4,129,1,0.030675186956906932,0.21415929203539824,0.008406898746929644
S4,129,2,0.03780202267509138,0.36460176991150445,0.008406898746929644
S4,129,3,0.05930056623039078,0.552212389380531,0.008406898746929644
S4,130,0,0.034311705738416604,0.2955752212389381,0.010799729304494613
S4,130,1,0.03120768312245604,0.22654867256637168,0.010799729304494613
S4,130,2,0.03759878193701723,0.3610619469026549,0.010799729304494613
S4,130,3,0.05557231170822095,0.5203539823008849,0.010799729304494613
S4,131,0,0.03579571537881075,0.3185840707964602,0.013873624098655475
S4,131,1,0.03116745505435726,0.2247787610619469,0.013873624098655475
S4,131,2,0.037675068983518537,0.36283185840707965,0.013873624098655475
S4,131,3,0.05568531519084544,0.5168141592920354,0.013873624098655475
S4,132,0,0.0374975024975025,0.34336283185840705,0.01782243241510591
S4,132,1,0.03157757245779024,0.23716814159292035,0.01782243241510591
S4,132,2,0.0381379239125718,0.3699115044247787,0.01782243241510591
S4,132,3,0.05250139496356571,0.49911504424778763,0.01782243241510591
S4,133,0,0.0402149595068702,0.368141592920354,0.02289517828451191
S4,133,1,0.03313957205813795,0.2725663716814159,0.02289517828451191
S4,133,2,0.03828849745286711,0.36991150442477877,0.02289517828451191
S4,133,3,0.05044502727434536,0.4743362831858407,0.02289517828451191
S4,134,0,0.03890652071704427,0.35752212389380533,0.029411764705882353
S4,134,1,0.03533024930031345,0.31327433628318585,0.029411764705882353
S4,134,2,0.038703130229416266,0.37345132743362836,0.029411764705882353
S4,134,3,0.04872671156004489,0.4584070796460178,0.029411764705882353
S4,135,0,0.030252021645603804,0.18938053097345134,0.0008823529411764705
S4,135,1,0.029340262398061517,0.16637168141592917,0.0008823529411764705
S4,135,2,0.03840730419677788,0.37168141592920356,0.0008823529411764705
S4,135,3,0.06748253889474891,0.5823008849557522,0.0008823529411764705
S4,136,0,0.030437260488772246,0.19469026548672566,0.0011334944314882781
S4,136,1,0.029340262398061517,0.16637168141592917,0.0011334944314882781
S4,136,2,0.0385292874766559,0.3734513274336283,0.0011334944314882781
S4,136,3,0.06549763961528668,0.5823008849557523,0.0011334944314882781
S4,137,0,0.03056519225849506,0.19999999999999998,0.0014561175763769271
S4,137,1,0.029214069414725673,0.16283185840707962,0.0014561175763769271
S4,137,2,0.03863455063455063,0.3752212389380531,0.0014561175763769271
S4,137,3,0.06504125987383351,0.5805309734513275,0.0014561175763769271
S4,138,0,0.03062543926905629,0.2017699115044248,0.0018705679863375156
S4,138,1,0.029240571913138287,0.1646017699115044,0.0018705679863375156
S4,138,2,0.038666630419241746,0.3769911504424779,0.0018705679863375156
S4,138,3,0.06487562840385422,0.5787610619469027,0.0018705679863375156
S4,139,0,0.030802593464067628,0.20707964601769913,0.002402982182398325
S4,139,1,0.029218189297238784,0.16460176991150444,0.002402982182398325
S4,139,2,0.03828676337270803,0.37168141592920356,0.002402982182398325
S4,139,3,0.064457361634781,0.5769911504424778,0.002402982182398325
S4,140,0,0.031040439362947713,0.21415929203539824,0.003086935845742593
S4,140,1,0.029421355233456487,0.17168141592920352,0.003086935845742593
S4,140,2,0.03876238795873499,0.38053097345132747,0.003086935845742593
S4,140,3,0.06207749745151123,0.5699115044247788,0.003086935845742593
S4,141,0,0.031275816174110724,0.22123893805309736,0.003965561203712227
S4,141,1,0.029596847742559895,0.1787610619469026,0.003965561203712227
S4,141,2,0.038062857047045776,0.36991150442477877,0.003965561203712227
S4,141,3,0.06175586507251735,0.5681415929203539,0.003965561203712227
S4,142,0,0.031390888287913456,0.22654867256637168,0.0050942670810849335
S4,142,1,0.02968995496341179,0.18407079646017702,0.0050942670810849335
S4,142,2,0.03785946780926461,0.368141592920354,0.0050942670810849335
S4,142,3,0.06184544284544285,0.5716814159292035,0.0050942670810849335
S4,143,0,0.032070369274275756,0.24424778761061947,0.006544233151446995
S4,143,1,0.030107870660779752,0.19823008849557522,0.006544233151446995
S4,143,2,0.03786442422169907,0.368141592920354,0.006544233151446995
S4,143,3,0.06028379862435697,0.5610619469026549,0.006544233151446995
S4,144,0,0.032813246897802434,0.26548672566371684,0.008406898746929644
S4,144,1,0.030939012630688916,0.22123893805309736,0.008406898746929644
S4,144,2,0.037418769531746915,0.35929203539823007,0.008406898746929644
S4,144,3,0.05779030493316207,0.5469026548672566,0.008406898746929644
S4,145,0,0.034709521993590425,0.3026548672566372,0.010799729304494613
S4,145,1,0.03159819622381252,0.23716814159292038,0.010799729304494613
S4,145,2,0.037456573526410714,0.35752212389380533,0.010799729304494613
S4,145,3,0.05745559471974566,0.5398230088495575,0.010799729304494613
S4,146,0,0.036638512912784756,0.3327433628318584,0.013873624098655475
S4,146,1,0.031854284888504114,0.2424778761061947,0.013873624098655475
S4,146,2,0.03727834571217146,0.35752212389380533,0.013873624098655475
S4,146,3,0.05369758862201959,0.5061946902654868,0.013873624098655475
S4,147,0,0.03752918474405649,0.3415929203539823,0.01782243241510591
S4,147,1,0.032447618425879295,0.25663716814159293,0.01782243241510591
S4,147,2,0.037891618493852586,0.36637168141592924,0.01782243241510591
S4,147,3,0.052361632559652364,0.4973451327433629,0.01782243241510591
S4,148,0,0.04068636338750607,0.37168141592920356,0.02289517828451191
S4,148,1,0.033836404363981394,0.2867256637168141,0.02289517828451191
S4,148,2,0.03828849745286711,0.36991150442477877,0.02289517828451191
S4,148,3,0.05044502727434536,0.4743362831858407,0.02289517828451191
S4,149,0,0.03890652071704427,0.35752212389380533,0.029411764705882353
S4,149,1,0.03533024930031345,0.31327433628318585,0.029411764705882353
S4,149,2,0.038703130229416266,0.37345132743362836,0.029411764705882353
S4,149,3,0.04872671156004489,0.4584070796460178,0.029411764705882353
S4,150,0,0.03061876993465586,0.2,0.0008823529411764705
S4,150,1,0.029769220044997404,0.18407079646017696,0.0008823529411764705
S4,150,2,0.03856627822405311,0.37522123893805315,0.0008823529411764705
S4,150,3,0.06718082007720771,0.5752212389380531,0.0008823529411764705
S4,151,0,0.03074682546522322,0.20353982300884957,0.0011334944314882781
S4,151,1,0.029783834586466166,0.18407079646017702,0.0011334944314882781
S4,151,2,0.03841953914026673,0.37345132743362836,0.0011334944314882781
S4,151,3,0.06718082007720771,0.5752212389380531,0.0011334944314882781
S4,152,0,0.030702032632076524,0.2017699115044248,0.0014561175763769271
S4,152,1,0.02981416019217475,0.184070796460177,0.0014561175763769271
S4,152,2,0.03841953914026673,0.37345132743362836,0.0014561175763769271
S4,152,3,0.06483272002259344,0.5752212389380531,0.0014561175763769271
S4,153,0,0.030936354012960722,0.21061946902654868,0.0018705679863375156
S4,153,1,0.02981416019217475,0.184070796460177,0.0018705679863375156
S4,153,2,0.038156511029137356,0.36991150442477877,0.0018705679863375156
S4,153,3,0.06480829999817342,0.5752212389380531,0.0018705679863375156
S4,154,0,0.03104001516565184,0.21592920353982298,0.002402982182398325
S4,154,1,0.029772427584641045,0.18407079646017702,0.002402982182398325
S4,154,2,0.038315098090052714,0.3734513274336283,0.002402982182398325
S4,154,3,0.06413865446675876,0.5734513274336284,0.002402982182398325
S4,155,0,0.03150476384518938,0.23008849557522124,0.003086935845742593
S4,155,1,0.029678786129433435,0.18230088495575222,0.003086935845742593
S4,155,2,0.03824449561685048,0.37345132743362836,0.003086935845742593
S4,155,3,0.06262402830144766,0.5646017699115045,0.003086935845742593
S4,156,0,0.031763394103819634,0.23716814159292038,0.003965561203712227
S4,156,1,0.029623382232904994,0.18230088495575225,0.003965561203712227
S4,156,2,0.03819170555471925,0.3734513274336283,0.003965561203712227
S4,156,3,0.0626076174279441,0.568141592920354,0.003965561203712227
S4,157,0,0.0320903532478485,0.24601769911504426,0.0050942670810849335
S4,157,1,0.029566009886376022,0.18053097345132746,0.0050942670810849335
S4,157,2,0.03752241973282072,0.36283185840707965,0.0050942670810849335
S4,157,3,0.05951751509945276,0.5539823008849558,0.0050942670810849335
S4,158,0,0.03267788080850612,0.2619469026548673,0.006544233151446995
S4,158,1,0.030083885970484087,0.19646017699115045,0.006544233151446995
S4,158,2,0.03730044738566096,0.35929203539823007,0.006544233151446995
S4,158,3,0.05866062599109405,0.5451327433628319,0.006544233151446995
S4,159,0,0.0335790679908327,0.28141592920353986,0.008406898746929644
S4,159,1,0.03062990850649653,0.21238938053097345,0.008406898746929644
S4,159,2,0.037286755057299434,0.35752212389380533,0.008406898746929644
S4,159,3,0.05753049917545507,0.5433628318584071,0.008406898746929644
S4,160,0,0.034848242372514215,0.3061946902654867,0.010799729304494613
S4,160,1,0.03151800376190393,0.23539823008849559,0.010799729304494613
S4,160,2,0.03725699602098994,0.3557522123893805,0.010799729304494613
S4,160,3,0.05590785550213294,0.5327433628318584,0.010799729304494613
S4,161,0,0.03636244094553632,0.3309734513274336,0.013873624098655475
S4,161,1,0.032677269987267145,0.26017699115044246,0.013873624098655475
S4,161,2,0.037056079194082735,0.3539823008849558,0.013873624098655475
S4,161,3,0.05369758862201959,0.5061946902654868,0.013873624098655475
S4,162,0,0.03837107269258007,0.352212389380531,0.01782243241510591
S4,162,1,0.03335285603951271,0.2761061946902654,0.01782243241510591
S4,162,2,0.037774122365270155,0.3646017699115044,0.01782243241510591
S4,162,3,0.05221748841550822,0.49557522123893805,0.01782243241510591
S4,163,0,0.04068636338750607,0.37168141592920356,0.02289517828451191
S4,163,1,0.034230712176960776,0.2938053097345133,0.02289517828451191
S4,163,2,0.03808032675289313,0.36637168141592924,0.02289517828451191
S4,163,3,0.05044502727434536,0.4743362831858407,0.02289517828451191
S4,164,0,0.03890652071704427,0.35752212389380533,0.029411764705882353
S4,164,1,0.03533024930031345,0.31327433628318585,0.029411764705882353
S4,164,2,0.038703130229416266,0.37345132743362836,0.029411764705882353
S4,164,3,0.04872671156004489,0.4584070796460178,0.029411764705882353
S4,165,0,0.03114485014075178,0.2194690265486726,0.0008823529411764705
S4,165,1,0.031672929324468885,0.23716814159292038,0.0008823529411764705
S4,165,2,0.03803342214338296,0.368141592920354,0.0008823529411764705
S4,165,3,0.06508038672906741,0.5699115044247788,0.0008823529411764705
S4,166,0,0.03121063961443599,0.22123893805309736,0.0011334944314882781
S4,166,1,0.031672929324468885,0.23716814159292038,0.0011334944314882781
S4,166,2,0.03834387398277937,0.37345132743362836,0.0011334944314882781
S4,166,3,0.0647194703604613,0.5699115044247788,0.0011334944314882781
S4,167,0,0.03121063961443599,0.22123893805309736,0.0014561175763769271
S4,167,1,0.03159689891230402,0.23539823008849559,0.0014561175763769271
S4,167,2,0.03834387398277937,0.37345132743362836,0.0014561175763769271
S4,167,3,0.06452262084445992,0.5681415929203539,0.0014561175763769271
S4,168,0,0.03121063961443599,0.22123893805309736,0.0018705679863375156
S4,168,1,0.03151286529885865,0.2336283185840708,0.0018705679863375156
S4,168,2,0.038190898914226216,0.37168141592920356,0.0018705679863375156
S4,168,3,0.06437539956527298,0.5699115044247788,0.0018705679863375156
S4,169,0,0.031380226951914794,0.22654867256637168,0.002402982182398325
S4,169,1,0.03135377204716544,0.23008849557522126,0.002402982182398325
S4,169,2,0.03816281922605108,0.3716814159292035,0.002402982182398325
S4,169,3,0.06393294517672933,0.568141592920354,0.002402982182398325
S4,170,0,0.03180514825676116,0.23893805309734514,0.003086935845742593
S4,170,1,0.0311915002418916,0.22654867256637168,0.003086935845742593
S4,170,2,0.03824022714498905,0.37345132743362836,0.003086935845742593
S4,170,3,0.06296713327551656,0.5646017699115045,0.003086935845742593
S4,171,0,0.0321206467117945,0.24778761061946902,0.003965561203712227
S4,171,1,0.031124239865838094,0.22477876106194694,0.003965561203712227
S4,171,2,0.03790466913012547,0.368141592920354,0.003965561203712227
S4,171,3,0.06132783882783883,0.5539823008849558,0.003965561203712227
S4,172,0,0.032532525979177856,0.2584070796460177,0.0050942670810849335
S4,172,1,0.03106686751930912,0.22300884955752215,0.0050942670810849335
S4,172,2,0.03741792652487923,0.36106194690265486,0.0050942670810849335
S4,172,3,0.058799062084818846,0.5451327433628319,0.0050942670810849335
S4,173,0,0.03274463885152294,0.26371681415929205,0.006544233151446995
S4,173,1,0.030935882591604905,0.2194690265486726,0.006544233151446995
S4,173,2,0.0370209585728985,0.35398230088495575,0.006544233151446995
S4,173,3,0.05860265903733361,0.5433628318584072,0.006544233151446995
S4,174,0,0.03390062856666349,0.2884955752212389,0.008406898746929644
S4,174,1,0.03078439289361918,0.21592920353982303,0.008406898746929644
S4,174,2,0.03714564863746186,0.35398230088495575,0.008406898746929644
S4,174,3,0.056942949470258304,0.536283185840708,0.008406898746929644
S4,175,0,0.03510976173620076,0.31150442477876106,0.010799729304494613
S4,175,1,0.03152235413902031,0.23539823008849559,0.010799729304494613
S4,175,2,0.03682430210748551,0.3486725663716814,0.010799729304494613
S4,175,3,0.0550943783499086,0.5221238938053098,0.010799729304494613
S4,176,0,0.0363391166114785,0.3309734513274336,0.013873624098655475
S4,176,1,0.03243360240613826,0.25486725663716814,0.013873624098655475
S4,176,2,0.03706862711535609,0.3539823008849558,0.013873624098655475
S4,176,3,0.05345782757547464,0.5026548672566372,0.013873624098655475
S4,177,0,0.03852697477823188,0.35575221238938054,0.01782243241510591
S4,177,1,0.034009326996250304,0.2884955752212389,0.01782243241510591
S4,177,2,0.03755836151698032,0.3610619469026549,0.01782243241510591
S4,177,3,0.05188233234351004,0.49203539823008846,0.01782243241510591
S4,178,0,0.040647087117675354,0.3716814159292035,0.02289517828451191
S4,178,1,0.034756988098262664,0.3026548672566372,0.02289517828451191
S4,178,2,0.03788344030600668,0.36283185840707965,0.02289517828451191
S4,178,3,0.05035345218277027,0.4725663716814159,0.02289517828451191
S4,179,0,0.0388187244044894,0.35575221238938054,0.029411764705882353
S4,179,1,0.035696549666613814,0.3185840707964602,0.029411764705882353
S4,179,2,0.038703130229416266,0.37345132743362836,0.029411764705882353
S4,179,3,0.04872671156004489,0.4584070796460178,0.029411764705882353
S4,180,0,0.03116815052311094,0.22123893805309736,0.0008823529411764705
S4,180,1,0.032023156371809566,0.24424778761061947,0.0008823529411764705
S4,180,2,0.03670983703792442,0.34690265486725663,0.0008823529411764705
S4,180,3,0.0645778679719606,0.568141592920354,0.0008823529411764705
S4,181,0,0.031299653779614196,0.22477876106194689,0.0011334944314882781
S4,181,1,0.03211977472929749,0.24601769911504423,0.0011334944314882781
S4,181,2,0.03687926600354052,0.35044247787610616,0.0011334944314882781
S4,181,3,0.06470956244079293,0.5699115044247788,0.0011334944314882781
S4,182,0,0.031350857056623924,0.22654867256637168,0.0014561175763769271
S4,182,1,0.03211977472929749,0.24601769911504423,0.0014561175763769271
S4,182,2,0.03685767799248807,0.35044247787610616,0.0014561175763769271
S4,182,3,0.06529583872669607,0.5769911504424778,0.0014561175763769271
S4,183,0,0.03155318139023082,0.231858407079646,0.0018705679863375156
S4,183,1,0.032023156371809566,0.24424778761061947,0.0018705679863375156
S4,183,2,0.036988125143464945,0.35221238938053095,0.0018705679863375156
S4,183,3,0.06334837092731829,0.5734513274336284,0.0018705679863375156
S4,184,0,0.03176135526187938,0.23716814159292032,0.002402982182398325
S4,184,1,0.03208192804386363,0.24601769911504423,0.002402982182398325
S4,184,2,0.03716271036216781,0.35575221238938054,0.002402982182398325
S4,184,3,0.063182894183757,0.5716814159292035,0.002402982182398325
S4,185,0,0.03194583845830329,0.2424778761061947,0.003086935845742593
S4,185,1,0.03200051710689611,0.24424778761061947,0.003086935845742593
S4,185,2,0.037243267058789636,0.35752212389380533,0.003086935845742593
S4,185,3,0.0633468286099865,0.5734513274336284,0.003086935845742593
S4,186,0,0.032271147501894706,0.2513274336283186,0.003965561203712227
S4,186,1,0.03188705343547163,0.2424778761061947,0.003965561203712227
S4,186,2,0.0371040891223432,0.35575221238938054,0.003965561203712227
S4,186,3,0.061819476956379474,0.5663716814159292,0.003965561203712227
S4,187,0,0.032576105694385266,0.2601769911504425,0.0050942670810849335
S4,187,1,0.03167151684979608,0.23716814159292038,0.0050942670810849335
S4,187,2,0.03691105556937847,0.352212389380531,0.0050942670810849335
S4,187,3,0.060201841813836914,0.5539823008849558,0.0050942670810849335
S4,188,0,0.032706558237523095,0.26371681415929205,0.006544233151446995
S4,188,1,0.03137284050410239,0.23008849557522124,0.006544233151446995
S4,188,2,0.03683671714741993,0.3504424778761062,0.006544233151446995
S4,188,3,0.05923664413640356,0.5486725663716814,0.006544233151446995
S4,189,0,0.03382542427597495,0.2884955752212389,0.008406898746929644
S4,189,1,0.03144510175545645,0.23185840707964603,0.008406898746929644
S4,189,2,0.03716786042072588,0.3539823008849558,0.008406898746929644
S4,189,3,0.057664557664557664,0.5433628318584072,0.008406898746929644
S4,190,0,0.035193795349646145,0.31327433628318585,0.010799729304494613
S4,190,1,0.03150532457990692,0.23362831858407082,0.010799729304494613
S4,190,2,0.036777902803883364,0.3486725663716814,0.010799729304494613
S4,190,3,0.054333759616376036,0.5132743362831859,0.010799729304494613
S4,191,0,0.036889543365428115,0.33628318584070793,0.013873624098655475
S4,191,1,0.03210662361528711,0.24778761061946905,0.013873624098655475
S4,191,2,0.036746783532642935,0.3486725663716814,0.013873624098655475
S4,191,3,0.05457222050794523,0.5026548672566372,0.013873624098655475
S4,192,0,0.03895227159305003,0.36106194690265486,0.01782243241510591
S4,192,1,0.03462698258330257,0.2991150442477876,0.01782243241510591
S4,192,2,0.037246857303037076,0.35575221238938054,0.01782243241510591
S4,192,3,0.052944651556514184,0.49557522123893805,0.01782243241510591
S4,193,0,0.04026221837030358,0.36991150442477877,0.02289517828451191
S4,193,1,0.035637193017892914,0.31681415929203544,0.02289517828451191
S4,193,2,0.037716473084268835,0.3592920353982301,0.02289517828451191
S4,193,3,0.050109995092082506,0.4690265486725664,0.02289517828451191
S4,194,0,0.0388187244044894,0.35575221238938054,0.029411764705882353
S4,194,1,0.03592177489183904,0.32212389380530976,0.029411764705882353
S4,194,2,0.038703130229416266,0.37345132743362836,0.029411764705882353
S4,194,3,0.04872671156004489,0.4584070796460178,0.029411764705882353
S4,195,0,0.03118424469468113,0.22300884955752212,0.0008823529411764705
S4,195,1,0.03238526474760479,0.25132743362831855,0.0008823529411764705
S4,195,2,0.036127808989031146,0.33628318584070793,0.0008823529411764705
S4,195,3,0.06330847415351998,0.5699115044247788,0.0008823529411764705
S4,196,0,0.031235447971690856,0.2247787610619469,0.0011334944314882781
S4,196,1,0.032301231134159406,0.24955752212389382,0.0011334944314882781
S4,196,2,0.036025663943065875,0.3345132743362832,0.0011334944314882781
S4,196,3,0.06300231386960664,0.5699115044247788,0.0011334944314882781
S4,197,0,0.03136598486897408,0.22831858407079644,0.0014561175763769271
S4,197,1,0.032286491439869246,0.24955752212389382,0.0014561175763769271
S4,197,2,0.03612084764761565,0.33628318584070793,0.0014561175763769271
S4,197,3,0.06288754256496192,0.5681415929203539,0.0014561175763769271
S4,198,0,0.03128833004466812,0.22654867256637168,0.0018705679863375156
S4,198,1,0.032226268615418774,0.24778761061946902,0.0018705679863375156
S4,198,2,0.035842809496496326,0.3309734513274336,0.0018705679863375156
S4,198,3,0.06252454744287775,0.5734513274336284,0.0018705679863375156
S4,199,0,0.03142487493531137,0.23008849557522124,0.002402982182398325
S4,199,1,0.032006965525123,0.24424778761061944,0.002402982182398325
S4,199,2,0.03590731690481082,0.3327433628318584,0.002402982182398325
S4,199,3,0.06162399938315739,0.5699115044247788,0.002402982182398325
S4,200,0,0.031882111530799874,0.2424778761061947,0.003086935845742593
S4,200,1,0.031993507241409605,0.24424778761061947,0.003086935845742593
S4,200,2,0.03589884928213763,0.33274336283185846,0.003086935845742593
S4,200,3,0.060712443709920585,0.5646017699115045,0.003086935845742593
S4,201,0,0.032010956354908374,0.24601769911504426,0.003965561203712227
S4,201,1,0.03190100030338926,0.24247787610619467,0.003965561203712227
S4,201,2,0.03604933107023048,0.3345132743362832,0.003965561203712227
S4,201,3,0.060791541791541795,0.5646017699115045,0.003965561203712227
S4,202,0,0.03246938801322819,0.2584070796460177,0.0050942670810849335
S4,202,1,0.03200690021321073,0.24601769911504426,0.0050942670810849335
S4,202,2,0.03622542437310093,0.3380530973451328,0.0050942670810849335
S4,202,3,0.0594253860678543,0.5575221238938053,0.0050942670810849335
S4,203,0,0.03276431111714365,0.26548672566371684,0.006544233151446995
S4,203,1,0.031789042202576036,0.24070796460176994,0.006544233151446995
S4,203,2,0.03672304644876037,0.3469026548672567,0.006544233151446995
S4,203,3,0.05815868390419143,0.5557522123893806,0.006544233151446995
S4,204,0,0.033849353261117966,0.2884955752212389,0.008406898746929644
S4,204,1,0.03192858750213085,0.24424778761061947,0.008406898746929644
S4,204,2,0.036991196478591434,0.35044247787610616,0.008406898746929644
S4,204,3,0.05598959758983733,0.5327433628318584,0.008406898746929644
S4,205,0,0.0345097281735349,0.30265486725663715,0.010799729304494613
S4,205,1,0.03197788926049796,0.24424778761061947,0.010799729304494613
S4,205,2,0.037384487416047746,0.35929203539823007,0.010799729304494613
S4,205,3,0.056059998218882384,0.5221238938053098,0.010799729304494613
S4,206,0,0.03714489400067826,0.3433628318584071,0.013873624098655475
S4,206,1,0.03211817043526189,0.24778761061946902,0.013873624098655475
S4,206,2,0.03675055629728527,0.3486725663716814,0.013873624098655475
S4,206,3,0.05796495680390734,0.511504424778761,0.013873624098655475
S4,207,0,0.03914423145798711,0.3646017699115044,0.01782243241510591
S4,207,1,0.03436744999215976,0.29380530973451324,0.01782243241510591
S4,207,2,0.03705593097011374,0.35221238938053095,0.01782243241510591
S4,207,3,0.05445098899019903,0.488495575221239,0.01782243241510591
S4,208,0,0.04014149402422712,0.368141592920354,0.02289517828451191
S4,208,1,0.035637193017892914,0.31681415929203544,0.02289517828451191
S4,208,2,0.0375766129444087,0.35752212389380533,0.02289517828451191
S4,208,3,0.050917238163476514,0.4690265486725664,0.02289517828451191
S4,209,0,0.03889198447774947,0.3575221238938053,0.029411764705882353
S4,209,1,0.03619897516903932,0.3256637168141593,0.029411764705882353
S4,209,2,0.03860545013173617,0.37168141592920356,0.029411764705882353
S4,209,3,0.04859102634973282,0.45663716814159294,0.029411764705882353
S4,210,0,0.031202162899677442,0.2247787610619469,0.0008823529411764705
S4,210,1,0.032481973299064756,0.2530973451327434,0.0008823529411764705
S4,210,2,0.03590608665361138,0.3327433628318584,0.0008823529411764705
S4,210,3,0.058289089129627755,0.5504424778761062,0.0008823529411764705
S4,211,0,0.031202162899677442,0.2247787610619469,0.0011334944314882781
S4,211,1,0.032420244904003026,0.25132743362831855,0.0011334944314882781
S4,211,2,0.035840431889690126,0.3309734513274336,0.0011334944314882781
S4,211,3,0.058265210725807204,0.552212389380531,0.0011334944314882781
S4,212,0,0.031318306918260486,0.22831858407079647,0.0014561175763769271
S4,212,1,0.032420244904003026,0.25132743362831855,0.0014561175763769271
S4,212,2,0.03574693025341149,0.3292035398230089,0.0014561175763769271
S4,212,3,0.05860134517958872,0.5539823008849558,0.0014561175763769271
S4,213,0,0.031318306918260486,0.22831858407079647,0.0018705679863375156
S4,213,1,0.032408292190900884,0.2513274336283186,0.0018705679863375156
S4,213,2,0.03580711766264722,0.3309734513274336,0.0018705679863375156
S4,213,3,0.05860205845741043,0.5539823008849558,0.0018705679863375156
S4,214,0,0.03146169321872953,0.231858407079646,0.002402982182398325
S4,214,1,0.032235821824632076,0.24778761061946902,0.002402982182398325
S4,214,2,0.03598073273974603,0.3345132743362832,0.002402982182398325
S4,214,3,0.057868601986249046,0.5469026548672566,0.002402982182398325
S4,215,0,0.0317316311505914,0.23893805309734512,0.003086935845742593
S4,215,1,0.032358572340212485,0.25132743362831855,0.003086935845742593
S4,215,2,0.0355605371879433,0.3256637168141593,0.003086935845742593
S4,215,3,0.05825811887011397,0.5504424778761061,0.003086935845742593
S4,216,0,0.032021339186712225,0.24601769911504429,0.003965561203712227
S4,216,1,0.03248677746841762,0.25486725663716814,0.003965561203712227
S4,216,2,0.035852633914430804,0.3309734513274336,0.003965561203712227
S4,216,3,0.05832648496895321,0.552212389380531,0.003965561203712227
S4,217,0,0.032621780381696816,0.2619469026548673,0.0050942670810849335
S4,217,1,0.03218344076467646,0.2495575221238938,0.0050942670810849335
S4,217,2,0.036506086645184385,0.3433628318584071,0.0050942670810849335
S4,217,3,0.05776788685126946,0.5486725663716814,0.0050942670810849335
S4,218,0,0.03324463771522595,0.2761061946902655,0.006544233151446995
S4,218,1,0.032336099351069986,0.25309734513274335,0.006544233151446995
S4,218,2,0.036942398417764324,0.35044247787610616,0.006544233151446995
S4,218,3,0.055342199123153024,0.5327433628318584,0.006544233151446995
S4,219,0,0.033819556711785326,0.2902654867256637,0.008406898746929644
S4,219,1,0.03265311923435493,0.26017699115044246,0.008406898746929644
S4,219,2,0.036747113947104705,0.34690265486725663,0.008406898746929644
S4,219,3,0.0575943824243329,0.5380530973451327,0.008406898746929644
S4,220,0,0.03496563770163319,0.3132743362831858,0.010799729304494613
S4,220,1,0.03265948911551843,0.26017699115044246,0.010799729304494613
S4,220,2,0.036666836499101726,0.3451327433628319,0.010799729304494613
S4,220,3,0.05737378204870464,0.5256637168141594,0.010799729304494613
S4,221,0,0.03635068168629351,0.3345132743362832,0.013873624098655475
S4,221,1,0.03257796077148036,0.25840707964601767,0.013873624098655475
S4,221,2,0.036839233660610524,0.3486725663716814,0.013873624098655475
S4,221,3,0.05789001382573855,0.5115044247787611,0.013873624098655475
S4,222,0,0.038848793659383415,0.36283185840707965,0.01782243241510591
S4,222,1,0.03432029537836885,0.2920353982300885,0.01782243241510591
S4,222,2,0.036870548806032674,0.3486725663716814,0.01782243241510591
S4,222,3,0.05466459190466445,0.4902654867256637,0.01782243241510591
S4,223,0,0.040112291003835926,0.36814159292035403,0.02289517828451191
S4,223,1,0.035460136357632815,0.31327433628318585,0.02289517828451191
S4,223,2,0.03766781372388675,0.3592920353982301,0.02289517828451191
S4,223,3,0.05130851302785265,0.47433628318584076,0.02289517828451191
S4,224,0,0.03889168031850212,0.3575221238938053,0.029411764705882353
S4,224,1,0.036507855477919626,0.3292035398230089,0.029411764705882353
S4,224,2,0.03860545013173617,0.37168141592920356,0.029411764705882353
S4,224,3,0.04859102634973282,0.45663716814159294,0.029411764705882353
S4,225,0,0.031253650990592116,0.2265486725663717,0.0008823529411764705
S4,225,1,0.032809814702855516,0.2601769911504425,0.0008823529411764705
S4,225,2,0.0357026062828944,0.3292035398230088,0.0008823529411764705
S4,225,3,0.05544027959648867,0.5292035398230088,0.0008823529411764705
S4,226,0,0.03139577389694266,0.23008849557522126,0.0011334944314882781
S4,226,1,0.03273613359469166,0.2584070796460177,0.0011334944314882781
S4,226,2,0.0357026062828944,0.3292035398230088,0.0011334944314882781
S4,226,3,0.055139190764190764,0.5274336283185841,0.0011334944314882781
S4,227,0,0.03146744135991447,0.23185840707964606,0.0014561175763769271
S4,227,1,0.03273613359469166,0.2584070796460177,0.0014561175763769271
S4,227,2,0.03579648755886781,0.3309734513274336,0.0014561175763769271
S4,227,3,0.05531180975703448,0.5274336283185841,0.0014561175763769271
S4,228,0,0.03145750229200439,0.23185840707964606,0.0018705679863375156
S4,228,1,0.032828726187284246,0.26017699115044246,0.0018705679863375156
S4,228,2,0.03586696591818467,0.3327433628318584,0.0018705679863375156
S4,228,3,0.05491337491337491,0.5238938053097345,0.0018705679863375156
S4,229,0,0.03144891562351804,0.23185840707964603,0.002402982182398325
S4,229,1,0.03273613359469166,0.2584070796460177,0.002402982182398325
S4,229,2,0.035694876458248724,0.3292035398230089,0.002402982182398325
S4,229,3,0.0549548903035792,0.5256637168141594,0.002402982182398325
S4,230,0,0.031934634198785145,0.24424778761061947,0.003086935845742593
S4,230,1,0.032625391623484566,0.25663716814159293,0.003086935845742593
S4,230,2,0.03561701235834252,0.327433628318584,0.003086935845742593
S4,230,3,0.055038239076684016,0.5274336283185841,0.003086935845742593
S4,231,0,0.032432596984856205,0.2566371681415929,0.003965561203712227
S4,231,1,0.032599971375773494,0.2566371681415929,0.003965561203712227
S4,231,2,0.0360103618730621,0.3345132743362832,0.003965561203712227
S4,231,3,0.055507837390085385,0.5238938053097345,0.003965561203712227
S4,232,0,0.03305661531264661,0.27256637168141595,0.0050942670810849335
S4,232,1,0.03266099349629218,0.2584070796460177,0.0050942670810849335
S4,232,2,0.03623415682062299,0.3380530973451328,0.0050942670810849335
S4,232,3,0.05550045326081161,0.5256637168141594,0.0050942670810849335
S4,233,0,0.03359267173377711,0.2849557522123894,0.006544233151446995
S4,233,1,0.032494819866607905,0.2566371681415929,0.006544233151446995
S4,233,2,0.03658908270178293,0.34336283185840705,0.006544233151446995
S4,233,3,0.056487559721602285,0.5274336283185841,0.006544233151446995
S4,234,0,0.03431668222844693,0.3008849557522124,0.008406898746929644
S4,234,1,0.03274166431129635,0.26194690265486725,0.008406898746929644
S4,234,2,0.03669739287064487,0.34513274336283184,0.008406898746929644
S4,234,3,0.057109068247991904,0.5327433628318584,0.008406898746929644
S4,235,0,0.035012926126850176,0.3150442477876106,0.010799729304494613
S4,235,1,0.03314512223158214,0.27079646017699116,0.010799729304494613
S4,235,2,0.03663791533524216,0.34336283185840705,0.010799729304494613
S4,235,3,0.056289647919003,0.5256637168141594,0.010799729304494613
S4,236,0,0.03619320432367133,0.33274336283185846,0.013873624098655475
S4,236,1,0.033416439964318284,0.2761061946902655,0.013873624098655475
S4,236,2,0.03679770480095551,0.34690265486725663,0.013873624098655475
S4,236,3,0.05617644961217433,0.5079646017699115,0.013873624098655475
S4,237,0,0.037933662092077935,0.35398230088495575,0.01782243241510591
S4,237,1,0.03413394000891489,0.2884955752212389,0.01782243241510591
S4,237,2,0.03680330550063233,0.34690265486725663,0.01782243241510591
S4,237,3,0.05522891437216744,0.49734513274336284,0.01782243241510591
S4,238,0,0.039416638829922884,0.36106194690265486,0.02289517828451191
S4,238,1,0.035484019150080856,0.31327433628318585,0.02289517828451191
S4,238,2,0.03683069983360859,0.34690265486725663,0.02289517828451191
S4,238,3,0.05117821463340331,0.47256637168141596,0.02289517828451191
S4,239,0,0.0384065934065934,0.35221238938053095,0.029411764705882353
S4,239,1,0.03678521232229672,0.3327433628318584,0.029411764705882353
S4,239,2,0.0384632026210676,0.36991150442477877,0.029411764705882353
S4,239,3,0.04859102634973282,0.45663716814159294,0.029411764705882353
S4,240,0,0.03137677816219306,0.23008849557522124,0.0008823529411764705
S4,240,1,0.03269907273164843,0.2584070796460177,0.0008823529411764705
S4,240,2,0.03550734715679537,0.3256637168141593,0.0008823529411764705
S4,240,3,0.0538365267808441,0.5115044247787611,0.0008823529411764705
S4,241,0,0.031377911327862815,0.23008849557522124,0.0011334944314882781
S4,241,1,0.03269907273164843,0.2584070796460177,0.0011334944314882781
S4,241,2,0.035341119471691475,0.3221238938053097,0.0011334944314882781
S4,241,3,0.0538365267808441,0.5115044247787611,0.0011334944314882781
S4,242,0,0.031451171401122885,0.23185840707964603,0.0014561175763769271
S4,242,1,0.03273613359469166,0.2584070796460177,0.0014561175763769271
S4,242,2,0.035341119471691475,0.3221238938053097,0.0014561175763769271
S4,242,3,0.054289756649688735,0.5168141592920354,0.0014561175763769271
S4,243,0,0.031659593771121534,0.23716814159292035,0.0018705679863375156
S4,243,1,0.032828726187284246,0.26017699115044246,0.0018705679863375156
S4,243,2,0.03519023005609618,0.3185840707964602,0.0018705679863375156
S4,243,3,0.05437246963562753,0.5185840707964602,0.0018705679863375156
S4,244,0,0.03172450776008616,0.23893805309734512,0.002402982182398325
S4,244,1,0.03273613359469166,0.2584070796460177,0.002402982182398325
S4,244,2,0.03526564483739331,0.32035398230088497,0.002402982182398325
S4,244,3,0.05451254719076171,0.5185840707964602,0.002402982182398325
S4,245,0,0.031995503443665516,0.24601769911504423,0.003086935845742593
S4,245,1,0.032801047583656276,0.2601769911504425,0.003086935845742593
S4,245,2,0.0355385809857935,0.3256637168141593,0.003086935845742593
S4,245,3,0.054541961161051256,0.5203539823008849,0.003086935845742593
S4,246,0,0.03260250232581842,0.26194690265486725,0.003965561203712227
S4,246,1,0.03269030561244919,0.2584070796460177,0.003965561203712227
S4,246,2,0.03573302049962289,0.3292035398230089,0.003965561203712227
S4,246,3,0.05636038396631617,0.5221238938053097,0.003965561203712227
S4,247,0,0.03323882406901275,0.2761061946902654,0.0050942670810849335
S4,247,1,0.03277173546749927,0.26017699115044246,0.0050942670810849335
S4,247,2,0.03608031066677683,0.3345132743362832,0.0050942670810849335
S4,247,3,0.05552950941451139,0.5150442477876106,0.0050942670810849335
S4,248,0,0.03375900867927961,0.288495575221239,0.006544233151446995
S4,248,1,0.032595829967618006,0.2584070796460177,0.006544233151446995
S4,248,2,0.036216227485577325,0.33628318584070793,0.006544233151446995
S4,248,3,0.055794067044067044,0.5185840707964602,0.006544233151446995
S4,249,0,0.03433113603992338,0.3008849557522124,0.008406898746929644
S4,249,1,0.03282251561422725,0.26371681415929205,0.008406898746929644
S4,249,2,0.036215073770215676,0.33628318584070793,0.008406898746929644
S4,249,3,0.056233842271076306,0.5238938053097345,0.008406898746929644
S4,250,0,0.03523199939041523,0.3185840707964602,0.010799729304494613
S4,250,1,0.03324613233259224,0.27256637168141595,0.010799729304494613
S4,250,2,0.036190143684252093,0.33451327433628314,0.010799729304494613
S4,250,3,0.05656050382366172,0.5274336283185841,0.010799729304494613
S4,251,0,0.03597174889221069,0.3292035398230089,0.013873624098655475
S4,251,1,0.03349365346618932,0.2778761061946903,0.013873624098655475
S4,251,2,0.03680992871751469,0.3451327433628319,0.013873624098655475
S4,251,3,0.05557583562920741,0.5026548672566371,0.013873624098655475
S4,252,0,0.03776616000811339,0.35044247787610616,0.01782243241510591
S4,252,1,0.0340960432516777,0.2884955752212389,0.01782243241510591
S4,252,2,0.03683251424985043,0.34690265486725663,0.01782243241510591
S4,252,3,0.05247006832741432,0.48849557522123893,0.01782243241510591
S4,253,0,0.039450064339076545,0.36106194690265486,0.02289517828451191
S4,253,1,0.035288658954720664,0.3097345132743363,0.02289517828451191
S4,253,2,0.036539041009341064,0.34159292035398237,0.02289517828451191
S4,253,3,0.05103997964325078,0.47079646017699117,0.02289517828451191
S4,254,0,0.03849312853985751,0.35398230088495575,0.029411764705882353
S4,254,1,0.036898206672579204,0.3345132743362832,0.029411764705882353
S4,254,2,0.03829767933216209,0.368141592920354,0.029411764705882353
S4,254,3,0.049542704282838315,0.4601769911504425,0.029411764705882353
S4,255,0,0.03127207878213137,0.22654867256637168,0.0008823529411764705
S4,255,1,0.03267365248393735,0.2584070796460177,0.0008823529411764705
S4,255,2,0.0349361624445467,0.31327433628318585,0.0008823529411764705
S4,255,3,0.05412956707388439,0.5150442477876107,0.0008823529411764705
S4,256,0,0.03144844562516487,0.23185840707964603,0.0011334944314882781
S4,256,1,0.03267365248393735,0.2584070796460177,0.0011334944314882781
S4,256,2,0.034934734286334417,0.31327433628318585,0.0011334944314882781
S4,256,3,0.05428317690491358,0.5168141592920354,0.0011334944314882781
S4,257,0,0.03152170569842495,0.2336283185840708,0.0014561175763769271
S4,257,1,0.03267365248393735,0.2584070796460177,0.0014561175763769271
S4,257,2,0.034934734286334417,0.31327433628318585,0.0014561175763769271
S4,257,3,0.05440663369503703,0.5185840707964602,0.0014561175763769271
S4,258,0,0.03158343409348668,0.23539823008849556,0.0018705679863375156
S4,258,1,0.0329120166422632,0.26371681415929205,0.0018705679863375156
S4,258,2,0.035007303226827886,0.31504424778761064,0.0018705679863375156
S4,258,3,0.054348612764532206,0.5168141592920354,0.0018705679863375156
S4,259,0,0.03164672523272718,0.23716814159292035,0.002402982182398325
S4,259,1,0.03301658171073237,0.26548672566371684,0.002402982182398325
S4,259,2,0.034934734286334417,0.31327433628318585,0.002402982182398325
S4,259,3,0.05451254719076171,0.5185840707964602,0.002402982182398325
S4,260,0,0.03200120201764654,0.24601769911504426,0.003086935845742593
S4,260,1,0.033228867166920265,0.2690265486725664,0.003086935845742593
S4,260,2,0.03512025222755989,0.3168141592920354,0.003086935845742593
S4,260,3,0.054998454756285696,0.5168141592920354,0.003086935845742593
S4,261,0,0.032606767434353645,0.2619469026548673,0.003965561203712227
S4,261,1,0.03320688563017621,0.26902654867256637,0.003965561203712227
S4,261,2,0.03556023473487882,0.3256637168141593,0.003965561203712227
S4,261,3,0.05653572002709934,0.5238938053097345,0.003965561203712227
S4,262,0,0.03316425712652128,0.2743362831858407,0.0050942670810849335
S4,262,1,0.03281228018406822,0.26194690265486725,0.0050942670810849335
S4,262,2,0.03598812348223189,0.3327433628318584,0.0050942670810849335
S4,262,3,0.05592632941770873,0.5185840707964602,0.0050942670810849335
S4,263,0,0.03392279518198486,0.2920353982300885,0.006544233151446995
S4,263,1,0.032615479693067675,0.2584070796460177,0.006544233151446995
S4,263,2,0.0359006994790774,0.3309734513274336,0.006544233151446995
S4,263,3,0.05491315819177155,0.5097345132743363,0.006544233151446995
S4,264,0,0.03467896212687991,0.3079646017699115,0.008406898746929644
S4,264,1,0.03284006635138927,0.26371681415929205,0.008406898746929644
S4,264,2,0.03611225252079864,0.3345132743362832,0.008406898746929644
S4,264,3,0.05530200355200355,0.5132743362831859,0.008406898746929644
S4,265,0,0.035448449606865454,0.3221238938053097,0.010799729304494613
S4,265,1,0.03324613233259224,0.27256637168141595,0.010799729304494613
S4,265,2,0.03611917610435031,0.3327433628318584,0.010799729304494613
S4,265,3,0.05500090642947786,0.5097345132743363,0.010799729304494613
S4,266,0,0.03594205928357372,0.3292035398230089,0.013873624098655475
S4,266,1,0.03349365346618932,0.2778761061946903,0.013873624098655475
S4,266,2,0.03602068856021619,0.33097345132743367,0.013873624098655475
S4,266,3,0.05331964082205162,0.49911504424778763,0.013873624098655475
S4,267,0,0.037489401130993395,0.34513274336283184,0.01782243241510591
S4,267,1,0.0340960432516777,0.2884955752212389,0.01782243241510591
S4,267,2,0.0366288322157557,0.3433628318584071,0.01782243241510591
S4,267,3,0.051381023950182146,0.4849557522123894,0.01782243241510591
S4,268,0,0.03824796307815176,0.35044247787610616,0.02289517828451191
S4,268,1,0.03508731075337246,0.30619469026548674,0.02289517828451191
S4,268,2,0.03596591115469834,0.3309734513274336,0.02289517828451191
S4,268,3,0.05077885816683124,0.4672566371681416,0.02289517828451191
S4,269,0,0.03841264564247321,0.352212389380531,0.029411764705882353
S4,269,1,0.03678521232229672,0.3327433628318584,0.029411764705882353
S4,269,2,0.037999774622492676,0.36460176991150445,0.029411764705882353
S4,269,3,0.05008376297378855,0.45663716814159294,0.029411764705882353
S4,270,0,0.03115131453675106,0.22300884955752212,0.0008823529411764705
S4,270,1,0.0326923450786174,0.2584070796460177,0.0008823529411764705
S4,270,2,0.03512214478203566,0.3168141592920354,0.0008823529411764705
S4,270,3,0.05468711769787038,0.5203539823008849,0.0008823529411764705
S4,271,0,0.03128793418089464,0.22654867256637168,0.0011334944314882781
S4,271,1,0.0326923450786174,0.2584070796460177,0.0011334944314882781
S4,271,2,0.035104229671437455,0.3168141592920354,0.0011334944314882781
S4,271,3,0.05468711769787038,0.5203539823008849,0.0011334944314882781
S4,272,0,0.03134395658985823,0.22831858407079647,0.0014561175763769271
S4,272,1,0.03258160310741032,0.25663716814159293,0.0014561175763769271
S4,272,2,0.035102801513225174,0.3168141592920354,0.0014561175763769271
S4,272,3,0.05484977493530594,0.5221238938053098,0.0014561175763769271
S4,273,0,0.03145735601066358,0.23185840707964603,0.0018705679863375156
S4,273,1,0.03297411880031319,0.2654867256637168,0.0018705679863375156
S4,273,2,0.035102801513225174,0.3168141592920354,0.0018705679863375156
S4,273,3,0.05463310778586933,0.5185840707964602,0.0018705679863375156
S4,274,0,0.03172313468193618,0.23893805309734517,0.002402982182398325
S4,274,1,0.033180597055571935,0.26902654867256637,0.002402982182398325
S4,274,2,0.03519798521777495,0.3185840707964602,0.002402982182398325
S4,274,3,0.05546492814314266,0.5203539823008849,0.002402982182398325
S4,275,0,0.03216965229003007,0.2513274336283186,0.003086935845742593
S4,275,1,0.033588193026246126,0.27610619469026554,0.003086935845742593
S4,275,2,0.03545795692532657,0.32389380530973455,0.003086935845742593
S4,275,3,0.05525486501269595,0.5185840707964602,0.003086935845742593
S4,276,0,0.03259170130365656,0.26194690265486725,0.003965561203712227
S4,276,1,0.033518017587649634,0.27433628318584075,0.003965561203712227
S4,276,2,0.03616983549428586,0.3380530973451327,0.003965561203712227
S4,276,3,0.05647330579134174,0.5238938053097345,0.003965561203712227
S4,277,0,0.03315939938860285,0.2743362831858407,0.0050942670810849335
S4,277,1,0.0334773382690499,0.27433628318584075,0.0050942670810849335
S4,277,2,0.03621326042378674,0.3380530973451327,0.0050942670810849335
S4,277,3,0.055755498796735914,0.5168141592920354,0.0050942670810849335
S4,278,0,0.03384581804021197,0.2902654867256637,0.006544233151446995
S4,278,1,0.032852788261429594,0.26371681415929205,0.006544233151446995
S4,278,2,0.03582110356104164,0.3309734513274336,0.006544233151446995
S4,278,3,0.055755498796735914,0.5168141592920354,0.006544233151446995
S4,279,0,0.03485607931457299,0.31150442477876106,0.008406898746929644
S4,279,1,0.032826079903667885,0.26371681415929205,0.008406898746929644
S4,279,2,0.03564850707319672,0.3256637168141593,0.008406898746929644
S4,279,3,0.055359255898339454,0.5115044247787611,0.008406898746929644
S4,280,0,0.035448449606865454,0.3221238938053097,0.010799729304494613
S4,280,1,0.032973807661220864,0.26725663716814163,0.010799729304494613
S4,280,2,0.03586982008034639,0.3292035398230089,0.010799729304494613
S4,280,3,0.05426179702650291,0.49911504424778763,0.010799729304494613
S4,281,0,0.035923331258943085,0.3292035398230089,0.013873624098655475
S4,281,1,0.0335960432516777,0.27964601769911507,0.013873624098655475
S4,281,2,0.03582850561573965,0.32743362831858414,0.013873624098655475
S4,281,3,0.05181628456275763,0.49203539823008846,0.013873624098655475
S4,282,0,0.037614023030569925,0.3451327433628319,0.01782243241510591
S4,282,1,0.03452786522793205,0.29557522123893804,0.01782243241510591
S4,282,2,0.03616993182017956,0.336283185840708,0.01782243241510591
S4,282,3,0.050948123517281715,0.4796460176991151,0.01782243241510591
S4,283,0,0.03800106504779402,0.34513274336283184,0.02289517828451191
S4,283,1,0.034996853946497736,0.30442477876106194,0.02289517828451191
S4,283,2,0.03608904784106688,0.3327433628318584,0.02289517828451191
S4,283,3,0.05016285661446952,0.4584070796460177,0.02289517828451191
S4,284,0,0.03837107269258007,0.352212389380531,0.029411764705882353
S4,284,1,0.037131027415718165,0.3345132743362832,0.029411764705882353
S4,284,2,0.037509578544061305,0.35752212389380533,0.029411764705882353
S4,284,3,0.049664338740083885,0.4513274336283186,0.029411764705882353
S4,285,0,0.030997354667722875,0.2194690265486726,0.0008823529411764705
S4,285,1,0.033350742176936565,0.27256637168141595,0.0008823529411764705
S4,285,2,0.03537766649541683,0.32212389380530976,0.0008823529411764705
S4,285,3,0.056706890040223376,0.5238938053097345,0.0008823529411764705
S4,286,0,0.031070614740982945,0.22123893805309736,0.0011334944314882781
S4,286,1,0.033350742176936565,0.27256637168141595,0.0011334944314882781
S4,286,2,0.03528720968854211,0.32035398230088497,0.0011334944314882781
S4,286,3,0.056738399749152436,0.5238938053097345,0.0011334944314882781
S4,287,0,0.031193304488866615,0.22477876106194689,0.0014561175763769271
S4,287,1,0.033569281541817396,0.2761061946902655,0.0014561175763769271
S4,287,2,0.03519798521777495,0.3185840707964602,0.0014561175763769271
S4,287,3,0.05790100525958403,0.5238938053097345,0.0014561175763769271
S4,288,0,0.031507932478011355,0.23362831858407082,0.0018705679863375156
S4,288,1,0.03344107641361227,0.2743362831858407,0.0018705679863375156
S4,288,2,0.03511273372587384,0.3168141592920354,0.0018705679863375156
S4,288,3,0.057951840923588384,0.5238938053097345,0.0018705679863375156
S4,289,0,0.03188935211230455,0.2442477876106195,0.002402982182398325
S4,289,1,0.03365297035418134,0.27610619469026554,0.002402982182398325
S4,289,2,0.03520980225625629,0.3185840707964602,0.002402982182398325
S4,289,3,0.057811774075794777,0.5238938053097345,0.002402982182398325
S4,290,0,0.032153236841598085,0.2513274336283186,0.003086935845742593
S4,290,1,0.03365297035418134,0.27610619469026554,0.003086935845742593
S4,290,2,0.03574612900359117,0.3292035398230089,0.003086935845742593
S4,290,3,0.0600407268170426,0.5327433628318584,0.003086935845742593
S4,291,0,0.032441120487103146,0.2584070796460177,0.003965561203712227
S4,291,1,0.033891763609802464,0.2814159292035398,0.003965561203712227
S4,291,2,0.03628933029950212,0.3398230088495575,0.003965561203712227
S4,291,3,0.05662379287379288,0.5256637168141592,0.003965561203712227
S4,292,0,0.0330131310625337,0.27079646017699116,0.0050942670810849335
S4,292,1,0.03394294562240289,0.2831858407079646,0.0050942670810849335
S4,292,2,0.03598733124614553,0.3345132743362832,0.0050942670810849335
S4,292,3,0.055755498796735914,0.5168141592920354,0.0050942670810849335
S4,293,0,0.034081421738273825,0.2938053097345133,0.006544233151446995
S4,293,1,0.03367978772766605,0.27964601769911507,0.006544233151446995
S4,293,2,0.0357456887797445,0.3292035398230088,0.006544233151446995
S4,293,3,0.05584510727367871,0.5168141592920354,0.006544233151446995
S4,294,0,0.0348200001744607,0.3097345132743363,0.008406898746929644
S4,294,1,0.033160653133188986,0.27079646017699116,0.008406898746929644
S4,294,2,0.035753034125092197,0.3292035398230089,0.008406898746929644
S4,294,3,0.054938117746108864,0.5061946902654868,0.008406898746929644
S4,295,0,0.03534854950696535,0.32035398230088497,0.010799729304494613
S4,295,1,0.03328917946186184,0.2743362831858407,0.010799729304494613
S4,295,2,0.03596398146192306,0.3327433628318584,0.010799729304494613
S4,295,3,0.0534596647656895,0.4902654867256637,0.010799729304494613
S4,296,0,0.03599810238634579,0.3292035398230089,0.013873624098655475
S4,296,1,0.033751488667802636,0.28318584070796465,0.013873624098655475
S4,296,2,0.03590159057090008,0.33097345132743367,0.013873624098655475
S4,296,3,0.051721100858207844,0.4902654867256637,0.013873624098655475
S4,297,0,0.03787024905957087,0.3469026548672567,0.01782243241510591
S4,297,1,0.034883474013908795,0.3008849557522124,0.01782243241510591
S4,297,2,0.0362590795328377,0.3380530973451327,0.01782243241510591
S4,297,3,0.05075958656403888,0.4761061946902655,0.01782243241510591
S4,298,0,0.037663254709983676,0.34159292035398225,0.02289517828451191
S4,298,1,0.03577949576134694,0.3132743362831858,0.02289517828451191
S4,298,2,0.036007415188005654,0.3309734513274336,0.02289517828451191
S4,298,3,0.04984069733903921,0.45309734513274336,0.02289517828451191
S4,299,0,0.03837107269258007,0.352212389380531,0.029411764705882353
S4,299,1,0.037025263269763645,0.3327433628318584,0.029411764705882353
S4,299,2,0.037112098221599735,0.35044247787610616,0.029411764705882353
S4,299,3,0.049048102244449276,0.4424778761061947,0.029411764705882353
S5,0,0,0.039116706696586484,0.37168141592920356,0.0023076923076923075
S5,0,1,0.04605680450634389,0.45132743362831856,0.0023076923076923075
S5,0,2,0.05380665687767902,0.33628318584070793,0.0023076923076923075
S5,0,3,0.03941120342754462,0.3398230088495575,0.0023076923076923075
S5,1,0,0.03854179045355516,0.36283185840707965,0.0029645238977385737
S5,1,1,0.04599505353981057,0.4442477876106195,0.0029645238977385737
S5,1,2,0.04857764973445481,0.3292035398230089,0.0029645238977385737
S5,1,3,0.03938678640234511,0.33274336283185846,0.0029645238977385737
S5,2,0,0.03873275348504706,0.36460176991150445,0.003808307507447348
S5,2,1,0.04594934732131657,0.4371681415929204,0.003808307507447348
S5,2,2,0.04870699348960219,0.3327433628318584,0.003808307507447348
S5,2,3,0.039082835117838985,0.3274336283185841,0.003808307507447348
S5,3,0,0.039943349215167415,0.3787610619469026,0.004892254733498118
S5,3,1,0.03929064532512808,0.368141592920354,0.004892254733498118
S5,3,2,0.044939586790769454,0.32035398230088497,0.004892254733498118
S5,3,3,0.03934577056629103,0.3292035398230088,0.004892254733498118
S5,4,0,0.03831416331416332,0.3610619469026548,0.0062847226308879265
S5,4,1,0.03637608680285573,0.3327433628318584,0.0062847226308879265
S5,4,2,0.04061861985665853,0.32566371681415923,0.0062847226308879265
S5,4,3,0.044161623422199314,0.3699115044247788,0.0062847226308879265
S5,5,0,0.037296535436070324,0.3398230088495575,0.008073524519634475
S5,5,1,0.035146277670549515,0.3079646017699115,0.008073524519634475
S5,5,2,0.03968197542438724,0.3592920353982301,0.008073524519634475
S5,5,3,0.05382496518089738,0.46725663716814164,0.008073524519634475
S5,6,0,0.03582013797790594,0.3238938053097345,0.010371467763555055
S5,6,1,0.03398955089744564,0.29026548672566377,0.010371467763555055
S5,6,2,0.0413382816014395,0.39646017699115044,0.010371467763555055
S5,6,3,0.060616819827346145,0.4814159292035398,0.010371467763555055
S5,7,0,0.03497345521280613,0.31150442477876106,0.013323467750529826
S5,7,1,0.03428247675152964,0.2973451327433628,0.013323467750529826
S5,7,2,0.043775768354081604,0.4389380530973451,0.013323467750529826
S5,7,3,0.06707488332271676,0.4831858407079646,0.013323467750529826
S5,8,0,0.03542793654360773,0.3221238938053097,0.017115686703784445
S5,8,1,0.03490505137563961,0.31150442477876106,0.017115686703784445
S5,8,2,0.04186103153845089,0.4176991150442478,0.017115686703784445
S5,8,3,0.06960345378957467,0.4690265486725664,0.017115686703784445
S5,9,0,0.035191042045624954,0.3168141592920354,0.021987273645815993
S5,9,1,0.03624101385623238,0.33628318584070793,0.021987273645815993
S5,9,2,0.04118568995806847,0.40884955752212393,0.021987273645815993
S5,9,3,0.06742887740192322,0.4424778761061947,0.021987273645815993
S5,10,0,0.034778823140726174,0.30619469026548674,0.0282454458732936
S5,10,1,0.036726477719671136,0.34513274336283184,0.0282454458732936
S5,10,2,0.03832385558800653,0.37168141592920356,0.0282454458732936
S5,10,3,0.06659051970302685,0.4283185840707964,0.0282454458732936
S5,11,0,0.034057487833000985,0.2920353982300885,0.036284863027252784
S5,11,1,0.036501875237542045,0.3433628318584071,0.036284863027252784
S5,11,2,0.03632142987406145,0.33628318584070793,0.036284863027252784
S5,11,3,0.06119438257136861,0.415929203539823,0.036284863027252784
S5,12,0,0.035293667594316826,0.3185840707964602,0.04661251554720007
S5,12,1,0.036117110362670006,0.3292035398230089,0.04661251554720007
S5,12,2,0.035240874210938355,0.3168141592920354,0.04661251554720007
S5,12,3,0.06110206399121493,0.4106194690265487,0.04661251554720007
S5,13,0,0.03647882763056293,0.3398230088495575,0.05987969705180038
S5,13,1,0.03551172596675618,0.32035398230088497,0.05987969705180038
S5,13,2,0.034465589430290634,0.3008849557522124,0.05987969705180038
S5,13,3,0.05774812756639845,0.4017699115044248,0.05987969705180038
S5,14,0,0.0392209477406148,0.38761061946902653,0.07692307692307693
S5,14,1,0.03584250704343184,0.3309734513274336,0.07692307692307693
S5,14,2,0.034333629191947414,0.3008849557522124,0.07692307692307693
S5,14,3,0.05786911970190964,0.40353982300884955,0.07692307692307693
S5,15,0,0.03836982694860449,0.35398230088495575,0.0023076923076923075
S5,15,1,0.04835951772013153,0.45486725663716815,0.0023076923076923075
S5,15,2,0.04840312598234485,0.3256637168141593,0.0023076923076923075
S5,15,3,0.03941120342754462,0.3398230088495575,0.0023076923076923075
S5,16,0,0.03915583980853026,0.3663716814159292,0.0029645238977385737
S5,16,1,0.048679703210595664,0.4530973451327434,0.0029645238977385737
S5,16,2,0.04865784219636339,0.3309734513274336,0.0029645238977385737
S5,16,3,0.03938678640234511,0.33274336283185846,0.0029645238977385737
S5,17,0,0.038703573832694155,0.35929203539823007,0.003808307507447348
S5,17,1,0.042659283336185974,0.40353982300884955,0.003808307507447348
S5,17,2,0.048616536682727474,0.3309734513274336,0.003808307507447348
S5,17,3,0.039082835117838985,0.3274336283185841,0.003808307507447348
S5,18,0,0.037758739670504374,0.352212389380531,0.004892254733498118
S5,18,1,0.039203153941021675,0.36637168141592924,0.004892254733498118
S5,18,2,0.044939586790769454,0.32035398230088497,0.004892254733498118
S5,18,3,0.03934577056629103,0.3292035398230088,0.004892254733498118
S5,19,0,0.037875503145660336,0.3486725663716814,0.0062847226308879265
S5,19,1,0.03593414629513553,0.3274336283185841,0.0062847226308879265
S5,19,2,0.04061861985665853,0.32566371681415923,0.0062847226308879265
S5,19,3,0.044161623422199314,0.3699115044247788,0.0062847226308879265
S5,20,0,0.03692748199710806,0.33628318584070793,0.008073524519634475
S5,20,1,0.03505638429367243,0.30619469026548674,0.008073524519634475
S5,20,2,0.03968197542438724,0.3592920353982301,0.008073524519634475
S5,20,3,0.05382496518089738,0.46725663716814164,0.008073524519634475
S5,21,0,0.03542165506451221,0.31681415929203544,0.010371467763555055
S5,21,1,0.03388854079643554,0.288495575221239,0.010371467763555055
S5,21,2,0.0413382816014395,0.39646017699115044,0.010371467763555055
S5,21,3,0.060616819827346145,0.4814159292035398,0.010371467763555055
S5,22,0,0.03497345521280613,0.31150442477876106,0.013323467750529826
S5,22,1,0.03428247675152964,0.2973451327433628,0.013323467750529826
S5,22,2,0.043775768354081604,0.4389380530973451,0.013323467750529826
S5,22,3,0.06707488332271676,0.4831858407079646,0.013323467750529826
S5,23,0,0.03542793654360773,0.3221238938053097,0.017115686703784445
S5,23,1,0.03490505137563961,0.31150442477876106,0.017115686703784445
S5,23,2,0.04186103153845089,0.4176991150442478,0.017115686703784445
S5,23,3,0.06960345378957467,0.4690265486725664,0.017115686703784445
S5,24,0,0.035191042045624954,0.3168141592920354,0.021987273645815993
S5,24,1,0.03624101385623238,0.33628318584070793,0.021987273645815993
S5,24,2,0.04118568995806847,0.40884955752212393,0.021987273645815993
S5,24,3,0.06742887740192322,0.4424778761061947,0.021987273645815993
S5,25,0,0.034778823140726174,0.30619469026548674,0.0282454458732936
S5,25,1,0.036726477719671136,0.34513274336283184,0.0282454458732936
S5,25,2,0.03832385558800653,0.37168141592920356,0.0282454458732936
S5,25,3,0.06659051970302685,0.4283185840707964,0.0282454458732936
S5,26,0,0.034057487833000985,0.2920353982300885,0.036284863027252784
S5,26,1,0.036501875237542045,0.3433628318584071,0.036284863027252784
S5,26,2,0.03632142987406145,0.33628318584070793,0.036284863027252784
S5,26,3,0.06119438257136861,0.415929203539823,0.036284863027252784
S5,27,0,0.035293667594316826,0.3185840707964602,0.04661251554720007
S5,27,1,0.036117110362670006,0.3292035398230089,0.04661251554720007
S5,27,2,0.03517821756933435,0.31504424778761064,0.04661251554720007
S5,27,3,0.06110206399121493,0.4106194690265487,0.04661251554720007
S5,28,0,0.03647882763056293,0.3398230088495575,0.05987969705180038
S5,28,1,0.03551172596675618,0.32035398230088497,0.05987969705180038
S5,28,2,0.034465589430290634,0.3008849557522124,0.05987969705180038
S5,28,3,0.05774812756639845,0.4017699115044248,0.05987969705180038
S5,29,0,0.0392209477406148,0.38761061946902653,0.07692307692307693
S5,29,1,0.03584250704343184,0.3309734513274336,0.07692307692307693
S5,29,2,0.034333629191947414,0.3008849557522124,0.07692307692307693
S5,29,3,0.05786911970190964,0.40353982300884955,0.07692307692307693
S5,30,0,0.03837915500022203,0.3469026548672566,0.0023076923076923075
S5,30,1,0.04014625934417766,0.3893805309734513,0.0023076923076923075
S5,30,2,0.04303344595897043,0.3292035398230089,0.0023076923076923075
S5,30,3,0.042905143729886,0.32566371681415934,0.0023076923076923075
S5,31,0,0.03829232068186333,0.3486725663716814,0.0029645238977385737
S5,31,1,0.03848803125159393,0.35929203539823007,0.0029645238977385737
S5,31,2,0.04310398025627249,0.33097345132743367,0.0029645238977385737
S5,31,3,0.04441028172591826,0.336283185840708,0.0029645238977385737
S5,32,0,0.03821817695291613,0.3504424778761062,0.003808307507447348
S5,32,1,0.03801200372419253,0.3469026548672567,0.003808307507447348
S5,32,2,0.04192426595130718,0.3415929203539823,0.003808307507447348
S5,32,3,0.04310670876163972,0.3486725663716814,0.003808307507447348
S5,33,0,0.038238034500541265,0.35044247787610616,0.004892254733498118
S5,33,1,0.03584523668697384,0.3097345132743363,0.004892254733498118
S5,33,2,0.041477377072975476,0.3646017699115045,0.004892254733498118
S5,33,3,0.04737752924374687,0.39646017699115044,0.004892254733498118
S5,34,0,0.03764033199332169,0.3433628318584071,0.0062847226308879265
S5,34,1,0.034887791946615475,0.2973451327433628,0.0062847226308879265
S5,34,2,0.04067172762824937,0.3823008849557522,0.0062847226308879265
S5,34,3,0.053685208522295226,0.46902654867256643,0.0062847226308879265
S5,35,0,0.03730573258812461,0.3398230088495575,0.008073524519634475
S5,35,1,0.03428353005962767,0.29380530973451324,0.008073524519634475
S5,35,2,0.04156304194352579,0.3946902654867257,0.008073524519634475
S5,35,3,0.05568540403981614,0.4725663716814159,0.008073524519634475
S5,36,0,0.036483565078035116,0.3309734513274336,0.010371467763555055
S5,36,1,0.03463440725261012,0.30265486725663715,0.010371467763555055
S5,36,2,0.041261231869282114,0.40176991150442476,0.010371467763555055
S5,36,3,0.061012268155125296,0.4814159292035398,0.010371467763555055
S5,37,0,0.035900705164856106,0.3256637168141593,0.013323467750529826
S5,37,1,0.03434421534871961,0.2991150442477876,0.013323467750529826
S5,37,2,0.04363219020537762,0.4353982300884956,0.013323467750529826
S5,37,3,0.06707488332271676,0.4831858407079646,0.013323467750529826
S5,38,0,0.03575325910547878,0.3274336283185841,0.017115686703784445
S5,38,1,0.034989084989084984,0.3132743362831859,0.017115686703784445
S5,38,2,0.04186103153845089,0.4176991150442478,0.017115686703784445
S5,38,3,0.06960345378957467,0.4690265486725664,0.017115686703784445
S5,39,0,0.035191042045624954,0.3168141592920354,0.021987273645815993
S5,39,1,0.03624101385623238,0.33628318584070793,0.021987273645815993
S5,39,2,0.04118568995806847,0.40884955752212393,0.021987273645815993
S5,39,3,0.06742887740192322,0.4424778761061947,0.021987273645815993
S5,40,0,0.034778823140726174,0.30619469026548674,0.0282454458732936
S5,40,1,0.036726477719671136,0.34513274336283184,0.0282454458732936
S5,40,2,0.03832385558800653,0.37168141592920356,0.0282454458732936
S5,40,3,0.06659051970302685,0.4283185840707964,0.0282454458732936
S5,41,0,0.034057487833000985,0.2920353982300885,0.036284863027252784
S5,41,1,0.036501875237542045,0.3433628318584071,0.036284863027252784
S5,41,2,0.03632142987406145,0.33628318584070793,0.036284863027252784
S5,41,3,0.06119438257136861,0.415929203539823,0.036284863027252784
S5,42,0,0.035293667594316826,0.3185840707964602,0.04661251554720007
S5,42,1,0.036117110362670006,0.3292035398230089,0.04661251554720007
S5,42,2,0.03517821756933435,0.31504424778761064,0.04661251554720007
S5,42,3,0.06110206399121493,0.4106194690265487,0.04661251554720007
S5,43,0,0.03647882763056293,0.3398230088495575,0.05987969705180038
S5,43,1,0.03551172596675618,0.32035398230088497,0.05987969705180038
S5,43,2,0.034465589430290634,0.3008849557522124,0.05987969705180038
S5,43,3,0.05774812756639845,0.4017699115044248,0.05987969705180038
S5,44,0,0.0392209477406148,0.38761061946902653,0.07692307692307693
S5,44,1,0.03584250704343184,0.3309734513274336,0.07692307692307693
S5,44,2,0.034333629191947414,0.3008849557522124,0.07692307692307693
S5,44,3,0.05786911970190964,0.40353982300884955,0.07692307692307693
S5,45,0,0.03850066195084141,0.352212389380531,0.0023076923076923075
S5,45,1,0.04243744016812284,0.3858407079646018,0.0023076923076923075
S5,45,2,0.04324082921909009,0.3893805309734514,0.0023076923076923075
S5,45,3,0.05206044029099474,0.45309734513274336,0.0023076923076923075
S5,46,0,0.03870041743515661,0.3557522123893805,0.0029645238977385737
S5,46,1,0.04046717904736773,0.368141592920354,0.0029645238977385737
S5,46,2,0.042232867646612396,0.38761061946902653,0.0029645238977385737
S5,46,3,0.05258465644297962,0.46194690265486726,0.0029645238977385737
S5,47,0,0.038804546013848334,0.35929203539823007,0.003808307507447348
S5,47,1,0.03717954471796751,0.33274336283185846,0.003808307507447348
S5,47,2,0.040670656574546736,0.3876106194690266,0.003808307507447348
S5,47,3,0.05340141456493658,0.47256637168141596,0.003808307507447348
S5,48,0,0.039005439005439006,0.36106194690265486,0.004892254733498118
S5,48,1,0.0359245052908824,0.3185840707964601,0.004892254733498118
S5,48,2,0.04099749648925219,0.4,0.004892254733498118
S5,48,3,0.055562770562770564,0.48318584070796455,0.004892254733498118
S5,49,0,0.03821057847565029,0.352212389380531,0.0062847226308879265
S5,49,1,0.034986253631983516,0.304424778761062,0.0062847226308879265
S5,49,2,0.04145761015730056,0.40884955752212393,0.0062847226308879265
S5,49,3,0.05521201131320179,0.4796460176991151,0.0062847226308879265
S5,50,0,0.037247261405677246,0.3380530973451328,0.008073524519634475
S5,50,1,0.0347183282475147,0.30265486725663715,0.008073524519634475
S5,50,2,0.042784761022465936,0.4283185840707965,0.008073524519634475
S5,50,3,0.05922527062386038,0.4814159292035398,0.008073524519634475
S5,51,0,0.037125375714283856,0.3398230088495575,0.010371467763555055
S5,51,1,0.034228719056305264,0.29557522123893804,0.010371467763555055
S5,51,2,0.042907963842209296,0.4300884955752213,0.010371467763555055
S5,51,3,0.05974137856002458,0.48672566371681414,0.010371467763555055
S5,52,0,0.0365285508142651,0.3327433628318584,0.013323467750529826
S5,52,1,0.034249003671099724,0.2973451327433628,0.013323467750529826
S5,52,2,0.04197895231867524,0.4194690265486726,0.013323467750529826
S5,52,3,0.06556460780598711,0.479646017699115,0.013323467750529826
S5,53,0,0.036397223055638896,0.3380530973451328,0.017115686703784445
S5,53,1,0.03509492046491926,0.31504424778761064,0.017115686703784445
S5,53,2,0.04103982133393898,0.40884955752212393,0.017115686703784445
S5,53,3,0.06962621307751976,0.4725663716814159,0.017115686703784445
S5,54,0,0.03560016298250691,0.3256637168141593,0.021987273645815993
S5,54,1,0.03624101385623238,0.33628318584070793,0.021987273645815993
S5,54,2,0.04118568995806847,0.40884955752212393,0.021987273645815993
S5,54,3,0.06729319219161115,0.4407079646017699,0.021987273645815993
S5,55,0,0.034778823140726174,0.30619469026548674,0.0282454458732936
S5,55,1,0.036726477719671136,0.34513274336283184,0.0282454458732936
S5,55,2,0.03832385558800653,0.37168141592920356,0.0282454458732936
S5,55,3,0.06659051970302685,0.4283185840707964,0.0282454458732936
S5,56,0,0.034057487833000985,0.2920353982300885,0.036284863027252784
S5,56,1,0.036501875237542045,0.3433628318584071,0.036284863027252784
S5,56,2,0.03632142987406145,0.33628318584070793,0.036284863027252784
S5,56,3,0.06119438257136861,0.415929203539823,0.036284863027252784
S5,57,0,0.035293667594316826,0.3185840707964602,0.04661251554720007
S5,57,1,0.036117110362670006,0.3292035398230089,0.04661251554720007
S5,57,2,0.035240874210938355,0.3168141592920354,0.04661251554720007
S5,57,3,0.06110206399121493,0.4106194690265487,0.04661251554720007
S5,58,0,0.03647882763056293,0.3398230088495575,0.05987969705180038
S5,58,1,0.03551172596675618,0.32035398230088497,0.05987969705180038
S5,58,2,0.034465589430290634,0.3008849557522124,0.05987969705180038
S5,58,3,0.05774812756639845,0.4017699115044248,0.05987969705180038
S5,59,0,0.0392209477406148,0.38761061946902653,0.07692307692307693
S5,59,1,0.03584250704343184,0.3309734513274336,0.07692307692307693
S5,59,2,0.034333629191947414,0.3008849557522124,0.07692307692307693
S5,59,3,0.05786911970190964,0.40353982300884955,0.07692307692307693
S5,60,0,0.03695745512944018,0.336283185840708,0.0023076923076923075
S5,60,1,0.038288850223202775,0.35575221238938054,0.0023076923076923075
S5,60,2,0.03966891420599861,0.36991150442477877,0.0023076923076923075
S5,60,3,0.05291980579827097,0.46371681415929206,0.0023076923076923075
S5,61,0,0.036806494558788136,0.336283185840708,0.0029645238977385737
S5,61,1,0.03718612095323245,0.3433628318584071,0.0029645238977385737
S5,61,2,0.03902437266490534,0.368141592920354,0.0029645238977385737
S5,61,3,0.05245889062294891,0.45840707964601773,0.0029645238977385737
S5,62,0,0.03693073849943876,0.3380530973451327,0.003808307507447348
S5,62,1,0.037020607724507264,0.34336283185840705,0.003808307507447348
S5,62,2,0.03841669192402256,0.368141592920354,0.003808307507447348
S5,62,3,0.05227399315345137,0.45663716814159294,0.003808307507447348
S5,63,0,0.03733945175121646,0.3415929203539823,0.004892254733498118
S5,63,1,0.036690221210403454,0.3380530973451328,0.004892254733498118
S5,63,2,0.03912613282388447,0.38053097345132747,0.004892254733498118
S5,63,3,0.0522622083467431,0.45840707964601773,0.004892254733498118
S5,64,0,0.03749399665241249,0.34159292035398237,0.0062847226308879265
S5,64,1,0.03622258659561385,0.3309734513274336,0.0062847226308879265
S5,64,2,0.040396107968264164,0.4,0.0062847226308879265
S5,64,3,0.054507784527497286,0.47079646017699117,0.0062847226308879265
S5,65,0,0.03708257367372146,0.3345132743362832,0.008073524519634475
S5,65,1,0.03606862944452174,0.3274336283185841,0.008073524519634475
S5,65,2,0.04080143631770349,0.4070796460176991,0.008073524519634475
S5,65,3,0.055120859532624245,0.4796460176991151,0.008073524519634475
S5,66,0,0.03705881272095194,0.3398230088495575,0.010371467763555055
S5,66,1,0.03537847762038276,0.3168141592920354,0.010371467763555055
S5,66,2,0.041747351436616974,0.4194690265486726,0.010371467763555055
S5,66,3,0.058881409781847624,0.4796460176991151,0.010371467763555055
S5,67,0,0.036446093588950734,0.3309734513274336,0.013323467750529826
S5,67,1,0.03551573512619151,0.32035398230088497,0.013323467750529826
S5,67,2,0.04215565611820583,0.42300884955752216,0.013323467750529826
S5,67,3,0.059020144147020955,0.479646017699115,0.013323467750529826
S5,68,0,0.036123150427476866,0.3327433628318584,0.017115686703784445
S5,68,1,0.0357986544825017,0.3274336283185841,0.017115686703784445
S5,68,2,0.04095903902101381,0.40884955752212393,0.017115686703784445
S5,68,3,0.06362220588635682,0.4584070796460177,0.017115686703784445
S5,69,0,0.03543385567593144,0.32212389380530976,0.021987273645815993
S5,69,1,0.03612801950594989,0.3345132743362832,0.021987273645815993
S5,69,2,0.040818532818532816,0.4070796460176991,0.021987273645815993
S5,69,3,0.06759573230833948,0.44778761061946903,0.021987273645815993
S5,70,0,0.034778823140726174,0.30619469026548674,0.0282454458732936
S5,70,1,0.036837219690878234,0.34690265486725663,0.0282454458732936
S5,70,2,0.038853448135230124,0.3805309734513274,0.0282454458732936
S5,70,3,0.06659051970302685,0.4283185840707964,0.0282454458732936
S5,71,0,0.03404546187565055,0.2920353982300885,0.036284863027252784
S5,71,1,0.036392585620055706,0.34159292035398225,0.036284863027252784
S5,71,2,0.03632142987406145,0.33628318584070793,0.036284863027252784
S5,71,3,0.06119438257136861,0.415929203539823,0.036284863027252784
S5,72,0,0.035293667594316826,0.3185840707964602,0.04661251554720007
S5,72,1,0.036117110362670006,0.3292035398230089,0.04661251554720007
S5,72,2,0.03517821756933435,0.31504424778761064,0.04661251554720007
S5,72,3,0.06110206399121493,0.4106194690265487,0.04661251554720007
S5,73,0,0.03647882763056293,0.3398230088495575,0.05987969705180038
S5,73,1,0.03551172596675618,0.32035398230088497,0.05987969705180038
S5,73,2,0.034465589430290634,0.3008849557522124,0.05987969705180038
S5,73,3,0.05774812756639845,0.4017699115044248,0.05987969705180038
S5,74,0,0.0392209477406148,0.38761061946902653,0.07692307692307693
S5,74,1,0.03584250704343184,0.3309734513274336,0.07692307692307693
S5,74,2,0.034333629191947414,0.3008849557522124,0.07692307692307693
S5,74,3,0.05786911970190964,0.40353982300884955,0.07692307692307693
S5,75,0,0.036451305975577816,0.3292035398230089,0.0023076923076923075
S5,75,1,0.03792607775366396,0.35752212389380533,0.0023076923076923075
S5,75,2,0.03956475613147714,0.3769911504424779,0.0023076923076923075
S5,75,3,0.05454409398769138,0.46548672566371685,0.0023076923076923075
S5,76,0,0.036480897344274954,0.3274336283185841,0.0029645238977385737
S5,76,1,0.03791596638655462,0.35752212389380533,0.0029645238977385737
S5,76,2,0.038975146629929444,0.37345132743362836,0.0029645238977385737
S5,76,3,0.054196720995941486,0.4619469026548673,0.0029645238977385737
S5,77,0,0.0364745809001912,0.3256637168141593,0.003808307507447348
S5,77,1,0.037652580549879654,0.3522123893805309,0.003808307507447348
S5,77,2,0.039015533776933564,0.3787610619469026,0.003808307507447348
S5,77,3,0.05376966966217622,0.45663716814159294,0.003808307507447348
S5,78,0,0.036521510609800224,0.3256637168141593,0.004892254733498118
S5,78,1,0.037450423714347335,0.3486725663716814,0.004892254733498118
S5,78,2,0.03862461149629427,0.3734513274336283,0.004892254733498118
S5,78,3,0.053618840099581955,0.4548672566371681,0.004892254733498118
S5,79,0,0.03686425550041111,0.3309734513274336,0.0062847226308879265
S5,79,1,0.03752150912285994,0.352212389380531,0.0062847226308879265
S5,79,2,0.03868235004389955,0.3752212389380531,0.0062847226308879265
S5,79,3,0.05527324527324528,0.45486725663716815,0.0062847226308879265
S5,80,0,0.03642934446505875,0.32743362831858414,0.008073524519634475
S5,80,1,0.03673393116214039,0.3415929203539823,0.008073524519634475
S5,80,2,0.04021143757372571,0.4,0.008073524519634475
S5,80,3,0.05540553777259746,0.45663716814159294,0.008073524519634475
S5,81,0,0.03612876012876013,0.3256637168141593,0.010371467763555055
S5,81,1,0.036679756457487236,0.3415929203539823,0.010371467763555055
S5,81,2,0.04134885365785196,0.415929203539823,0.010371467763555055
S5,81,3,0.05529044103285285,0.45486725663716815,0.010371467763555055
S5,82,0,0.03567685786653897,0.3221238938053097,0.013323467750529826
S5,82,1,0.037027631816054604,0.34690265486725663,0.013323467750529826
S5,82,2,0.040979718215490575,0.41061946902654867,0.013323467750529826
S5,82,3,0.06014163150904332,0.45663716814159294,0.013323467750529826
S5,83,0,0.03560812041781116,0.3256637168141593,0.017115686703784445
S5,83,1,0.03751346692523163,0.3557522123893805,0.017115686703784445
S5,83,2,0.04094773329390369,0.40884955752212393,0.017115686703784445
S5,83,3,0.05995309721724816,0.45486725663716815,0.017115686703784445
S5,84,0,0.03502494429527575,0.31327433628318585,0.021987273645815993
S5,84,1,0.0378153633410521,0.3610619469026548,0.021987273645815993
S5,84,2,0.041443915809463105,0.41415929203539825,0.021987273645815993
S5,84,3,0.06759573230833948,0.44778761061946903,0.021987273645815993
S5,85,0,0.03461294743901496,0.30265486725663715,0.0282454458732936
S5,85,1,0.03735673634992977,0.35398230088495575,0.0282454458732936
S5,85,2,0.038747739889987,0.3787610619469026,0.0282454458732936
S5,85,3,0.06646520641981882,0.4265486725663717,0.0282454458732936
S5,86,0,0.034128050120103566,0.2938053097345133,0.036284863027252784
S5,86,1,0.036392585620055706,0.34159292035398225,0.036284863027252784
S5,86,2,0.036502527780116915,0.3398230088495575,0.036284863027252784
S5,86,3,0.06109197601734914,0.41415929203539825,0.036284863027252784
S5,87,0,0.03520549972268924,0.3168141592920354,0.04661251554720007
S5,87,1,0.036117110362670006,0.3292035398230089,0.04661251554720007
S5,87,2,0.03517821756933435,0.31504424778761064,0.04661251554720007
S5,87,3,0.06110206399121493,0.4106194690265487,0.04661251554720007
S5,88,0,0.03647882763056293,0.3398230088495575,0.05987969705180038
S5,88,1,0.03551172596675618,0.32035398230088497,0.05987969705180038
S5,88,2,0.034465589430290634,0.3008849557522124,0.05987969705180038
S5,88,3,0.05774812756639845,0.4017699115044248,0.05987969705180038
S5,89,0,0.0392209477406148,0.38761061946902653,0.07692307692307693
S5,89,1,0.03584250704343184,0.3309734513274336,0.07692307692307693
S5,89,2,0.034333629191947414,0.3008849557522124,0.07692307692307693
S5,89,3,0.05786911970190964,0.40353982300884955,0.07692307692307693
S5,90,0,0.036182547045924655,0.3221238938053097,0.0023076923076923075
S5,90,1,0.037935125571802286,0.35221238938053095,0.0023076923076923075
S5,90,2,0.03912613282388447,0.38053097345132747,0.0023076923076923075
S5,90,3,0.056104372247538496,0.4584070796460177,0.0023076923076923075
S5,91,0,0.036113912866103104,0.32035398230088497,0.0029645238977385737
S5,91,1,0.03810056099058656,0.35575221238938054,0.0029645238977385737
S5,91,2,0.039306948687893514,0.38407079646017706,0.0029645238977385737
S5,91,3,0.05584040209148501,0.45486725663716815,0.0029645238977385737
S5,92,0,0.036224028580922066,0.32035398230088497,0.003808307507447348
S5,92,1,0.03825912335845126,0.35929203539823007,0.003808307507447348
S5,92,2,0.039412987542890986,0.3858407079646018,0.003808307507447348
S5,92,3,0.05536944447767027,0.44955752212389377,0.003808307507447348
S5,93,0,0.03611759486759487,0.32035398230088497,0.004892254733498118
S5,93,1,0.03815737096041032,0.35929203539823007,0.004892254733498118
S5,93,2,0.0396017854378947,0.3893805309734514,0.004892254733498118
S5,93,3,0.05534981919457359,0.44955752212389377,0.004892254733498118
S5,94,0,0.035495788652796734,0.31504424778761064,0.0062847226308879265
S5,94,1,0.038272942487533726,0.35929203539823007,0.0062847226308879265
S5,94,2,0.039952589604488345,0.39646017699115044,0.0062847226308879265
S5,94,3,0.057480812361374416,0.4495575221238938,0.0062847226308879265
S5,95,0,0.03530195040340316,0.31327433628318585,0.008073524519634475
S5,95,1,0.038224143407549094,0.36106194690265486,0.008073524519634475
S5,95,2,0.04070121597811471,0.4070796460176991,0.008073524519634475
S5,95,3,0.057480812361374416,0.4495575221238938,0.008073524519634475
S5,96,0,0.034794002381100655,0.3079646017699115,0.010371467763555055
S5,96,1,0.038867064122882086,0.37345132743362836,0.010371467763555055
S5,96,2,0.040531488336366384,0.40530973451327434,0.010371467763555055
S5,96,3,0.0580729278601619,0.45486725663716815,0.010371467763555055
S5,97,0,0.03504212256639441,0.31504424778761064,0.013323467750529826
S5,97,1,0.038764507472155756,0.37345132743362836,0.013323467750529826
S5,97,2,0.04069764734518441,0.40707964601769914,0.013323467750529826
S5,97,3,0.06026973972823341,0.4513274336283186,0.013323467750529826
S5,98,0,0.03530842892658648,0.3185840707964602,0.017115686703784445
S5,98,1,0.03895691138254067,0.3752212389380531,0.017115686703784445
S5,98,2,0.04122514742125643,0.41061946902654867,0.017115686703784445
S5,98,3,0.05995451887389161,0.44778761061946903,0.017115686703784445
S5,99,0,0.03479817376122758,0.3079646017699115,0.021987273645815993
S5,99,1,0.039130981217884525,0.37699115044247783,0.021987273645815993
S5,99,2,0.040858497770411166,0.40530973451327434,0.021987273645815993
S5,99,3,0.06291583578278917,0.4407079646017699,0.021987273645815993
S5,100,0,0.03450187746493129,0.3008849557522124,0.0282454458732936
S5,100,1,0.03819582510006586,0.368141592920354,0.0282454458732936
S5,100,2,0.03847338521251564,0.37345132743362836,0.0282454458732936
S5,100,3,0.06255032016893164,0.4353982300884956,0.0282454458732936
S5,101,0,0.034006926000396356,0.29203539823008845,0.036284863027252784
S5,101,1,0.036797868652575554,0.3486725663716814,0.036284863027252784
S5,101,2,0.037008880640956116,0.3469026548672567,0.036284863027252784
S5,101,3,0.06194220680449494,0.42654867256637163,0.036284863027252784
S5,102,0,0.03520549972268924,0.3168141592920354,0.04661251554720007
S5,102,1,0.036117110362670006,0.3292035398230089,0.04661251554720007
S5,102,2,0.035240874210938355,0.3168141592920354,0.04661251554720007
S5,102,3,0.061036120376884224,0.40884955752212393,0.04661251554720007
S5,103,0,0.03647882763056293,0.3398230088495575,0.05987969705180038
S5,103,1,0.03551172596675618,0.32035398230088497,0.05987969705180038
S5,103,2,0.034465589430290634,0.3008849557522124,0.05987969705180038
S5,103,3,0.05774812756639845,0.4017699115044248,0.05987969705180038
S5,104,0,0.0392209477406148,0.38761061946902653,0.07692307692307693
S5,104,1,0.03584250704343184,0.3309734513274336,0.07692307692307693
S5,104,2,0.034333629191947414,0.3008849557522124,0.07692307692307693
S5,104,3,0.05786911970190964,0.40353982300884955,0.07692307692307693
S5,105,0,0.03624224288226846,0.31858407079646023,0.0023076923076923075
S5,105,1,0.03877610662771365,0.35752212389380533,0.0023076923076923075
S5,105,2,0.039495437210986216,0.3876106194690266,0.0023076923076923075
S5,105,3,0.05530844057159847,0.44424778761061945,0.0023076923076923075
S5,106,0,0.035613160474376904,0.31150442477876106,0.0029645238977385737
S5,106,1,0.03861707866380763,0.35752212389380533,0.0029645238977385737
S5,106,2,0.04006273700441179,0.3964601769911505,0.0029645238977385737
S5,106,3,0.0574498547130126,0.44424778761061945,0.0029645238977385737
S5,107,0,0.03515314051028337,0.30619469026548674,0.003808307507447348
S5,107,1,0.038760428588014796,0.3610619469026549,0.003808307507447348
S5,107,2,0.04023375853443094,0.39823008849557523,0.003808307507447348
S5,107,3,0.05768258435750696,0.447787610619469,0.003808307507447348
S5,108,0,0.034483766233766235,0.2973451327433628,0.004892254733498118
S5,108,1,0.038381399412762765,0.35752212389380533,0.004892254733498118
S5,108,2,0.04070956236646667,0.4070796460176991,0.004892254733498118
S5,108,3,0.05819162794392153,0.45486725663716815,0.004892254733498118
S5,109,0,0.03423376123824506,0.2955752212389381,0.0062847226308879265
S5,109,1,0.038645949677313024,0.36283185840707965,0.0062847226308879265
S5,109,2,0.040580885408471615,0.40530973451327434,0.0062847226308879265
S5,109,3,0.05835489325004397,0.4566371681415929,0.0062847226308879265
S5,110,0,0.03396412528784744,0.2920353982300885,0.008073524519634475
S5,110,1,0.03893084996221331,0.368141592920354,0.008073524519634475
S5,110,2,0.04093208593208593,0.41061946902654867,0.008073524519634475
S5,110,3,0.05854969844484916,0.4584070796460177,0.008073524519634475
S5,111,0,0.034001964829551035,0.29380530973451324,0.010371467763555055
S5,111,1,0.03860869150051996,0.36460176991150445,0.010371467763555055
S5,111,2,0.04068577081069411,0.40707964601769914,0.010371467763555055
S5,111,3,0.06094470110300972,0.4566371681415929,0.010371467763555055
S5,112,0,0.03417401627956878,0.2973451327433628,0.013323467750529826
S5,112,1,0.03867707593053486,0.3663716814159292,0.013323467750529826
S5,112,2,0.04052949524734339,0.4035398230088496,0.013323467750529826
S5,112,3,0.06046455705018907,0.4495575221238938,0.013323467750529826
S5,113,0,0.03399465622448379,0.2920353982300885,0.017115686703784445
S5,113,1,0.03911350729977116,0.3752212389380531,0.017115686703784445
S5,113,2,0.0411979311979312,0.40884955752212393,0.017115686703784445
S5,113,3,0.06371096036410438,0.447787610619469,0.017115686703784445
S5,114,0,0.03400207331295323,0.2902654867256637,0.021987273645815993
S5,114,1,0.03975365583576457,0.38761061946902653,0.021987273645815993
S5,114,2,0.040057137351255,0.39646017699115044,0.021987273645815993
S5,114,3,0.06354601247294549,0.44601769911504424,0.021987273645815993
S5,115,0,0.03386116602653907,0.2867256637168142,0.0282454458732936
S5,115,1,0.039162809903692634,0.3823008849557522,0.0282454458732936
S5,115,2,0.0378910163254586,0.36283185840707965,0.0282454458732936
S5,115,3,0.06271832350275738,0.43539823008849554,0.0282454458732936
S5,116,0,0.03392542864981151,0.2902654867256637,0.036284863027252784
S5,116,1,0.03781176102120733,0.36460176991150445,0.036284863027252784
S5,116,2,0.03679550937495327,0.3433628318584071,0.036284863027252784
S5,116,3,0.05822239289981225,0.4194690265486726,0.036284863027252784
S5,117,0,0.03520549972268924,0.3168141592920354,0.04661251554720007
S5,117,1,0.03636271295473549,0.336283185840708,0.04661251554720007
S5,117,2,0.03540050153710317,0.31858407079646023,0.04661251554720007
S5,117,3,0.06140115911596165,0.41238938053097346,0.04661251554720007
S5,118,0,0.03647882763056293,0.3398230088495575,0.05987969705180038
S5,118,1,0.03551172596675618,0.32035398230088497,0.05987969705180038
S5,118,2,0.034465589430290634,0.3008849557522124,0.05987969705180038
S5,118,3,0.05774812756639845,0.4017699115044248,0.05987969705180038
S5,119,0,0.0392209477406148,0.38761061946902653,0.07692307692307693
S5,119,1,0.03584250704343184,0.3309734513274336,0.07692307692307693
S5,119,2,0.034333629191947414,0.3008849557522124,0.07692307692307693
S5,119,3,0.05786911970190964,0.40353982300884955,0.07692307692307693
S5,120,0,0.03501048951048951,0.30265486725663715,0.0023076923076923075
S5,120,1,0.04027830550442388,0.3769911504424779,0.0023076923076923075
S5,120,2,0.03996948409216003,0.3911504424778761,0.0023076923076923075
S5,120,3,0.05830358744644458,0.45486725663716815,0.0023076923076923075
S5,121,0,0.03440952977612155,0.2955752212389381,0.0029645238977385737
S5,121,1,0.039808962660569686,0.37522123893805315,0.0029645238977385737
S5,121,2,0.039517688879941684,0.3858407079646018,0.0029645238977385737
S5,121,3,0.058466852752567036,0.45663716814159294,0.0029645238977385737
S5,122,0,0.033994417571070204,0.2884955752212389,0.003808307507447348
S5,122,1,0.039355190680989416,0.37168141592920356,0.003808307507447348
S5,122,2,0.03934057839896027,0.384070796460177,0.003808307507447348
S5,122,3,0.05883417587218373,0.46194690265486726,0.003808307507447348
S5,123,0,0.033543430331025186,0.2814159292035398,0.004892254733498118
S5,123,1,0.03933843927338054,0.37168141592920356,0.004892254733498118
S5,123,2,0.03966432085210021,0.3893805309734513,0.004892254733498118
S5,123,3,0.059015803768097355,0.4619469026548672,0.004892254733498118
S5,124,0,0.033535623712127594,0.2831858407079646,0.0062847226308879265
S5,124,1,0.03896346062640292,0.3663716814159292,0.0062847226308879265
S5,124,2,0.0405261881075398,0.4,0.0062847226308879265
S5,124,3,0.0586412342015189,0.4584070796460177,0.0062847226308879265
S5,125,0,0.03328204561005611,0.2778761061946903,0.008073524519634475
S5,125,1,0.038819014587671244,0.368141592920354,0.008073524519634475
S5,125,2,0.03987322201607916,0.3911504424778761,0.008073524519634475
S5,125,3,0.06105853881083239,0.4566371681415929,0.008073524519634475
S5,126,0,0.03359522924740316,0.28495575221238933,0.010371467763555055
S5,126,1,0.038998842796432544,0.37168141592920356,0.010371467763555055
S5,126,2,0.039785382002024756,0.3911504424778761,0.010371467763555055
S5,126,3,0.06075338492824529,0.45132743362831856,0.010371467763555055
S5,127,0,0.03356801859229044,0.2831858407079646,0.013323467750529826
S5,127,1,0.03895443250134624,0.37168141592920356,0.013323467750529826
S5,127,2,0.040621679667195425,0.4035398230088496,0.013323467750529826
S5,127,3,0.06075338492824529,0.45132743362831856,0.013323467750529826
S5,128,0,0.033334310281051674,0.2761061946902655,0.017115686703784445
S5,128,1,0.03940266199484692,0.38053097345132747,0.017115686703784445
S5,128,2,0.03984648947774496,0.3946902654867257,0.017115686703784445
S5,128,3,0.064316149592715,0.4513274336283185,0.017115686703784445
S5,129,0,0.03322442758233342,0.2725663716814159,0.021987273645815993
S5,129,1,0.03977060171471444,0.3876106194690266,0.021987273645815993
S5,129,2,0.03893076930264719,0.3787610619469026,0.021987273645815993
S5,129,3,0.06369950371594824,0.44424778761061945,0.021987273645815993
S5,130,0,0.0331988877422314,0.27256637168141595,0.0282454458732936
S5,130,1,0.039837202241443014,0.3893805309734513,0.0282454458732936
S5,130,2,0.03722846791824816,0.352212389380531,0.0282454458732936
S5,130,3,0.06265528175521085,0.4300884955752213,0.0282454458732936
S5,131,0,0.03400262891642202,0.2920353982300885,0.036284863027252784
S5,131,1,0.03824345971656771,0.3699115044247788,0.036284863027252784
S5,131,2,0.0364552999335608,0.3380530973451327,0.036284863027252784
S5,131,3,0.058337208328645904,0.4194690265486725,0.036284863027252784
S5,132,0,0.03511896458942514,0.31504424778761064,0.04661251554720007
S5,132,1,0.0362905054687349,0.336283185840708,0.04661251554720007
S5,132,2,0.03532159725708113,0.3185840707964602,0.04661251554720007
S5,132,3,0.05507792958293514,0.4070796460176991,0.04661251554720007
S5,133,0,0.03654148427216694,0.34159292035398225,0.05987969705180038
S5,133,1,0.035664194718669384,0.32389380530973455,0.05987969705180038
S5,133,2,0.03450306091937503,0.3008849557522124,0.05987969705180038
S5,133,3,0.05774812756639845,0.4017699115044248,0.05987969705180038
S5,134,0,0.0392209477406148,0.38761061946902653,0.07692307692307693
S5,134,1,0.03584250704343184,0.3309734513274336,0.07692307692307693
S5,134,2,0.034429783038101264,0.30265486725663715,0.07692307692307693
S5,134,3,0.05786911970190964,0.40353982300884955,0.07692307692307693
S5,135,0,0.03343476960873947,0.2778761061946903,0.0023076923076923075
S5,135,1,0.03974086547468846,0.3752212389380531,0.0023076923076923075
S5,135,2,0.03831329768905502,0.36460176991150445,0.0023076923076923075
S5,135,3,0.05955720470006184,0.4654867256637168,0.0023076923076923075
S5,136,0,0.03313094085682561,0.27079646017699116,0.0029645238977385737
S5,136,1,0.039693098580381996,0.37522123893805315,0.0029645238977385737
S5,136,2,0.03850813954724765,0.36637168141592924,0.0029645238977385737
S5,136,3,0.059014858157715296,0.46017699115044247,0.0029645238977385737
S5,137,0,0.03273104088893563,0.26371681415929205,0.003808307507447348
S5,137,1,0.03968198806661033,0.37522123893805315,0.003808307507447348
S5,137,2,0.038353099966257166,0.36637168141592924,0.003808307507447348
S5,137,3,0.0591790690742198,0.463716814159292,0.003808307507447348
S5,138,0,0.03274515339732731,0.2654867256637168,0.004892254733498118
S5,138,1,0.039456688157803704,0.3734513274336283,0.004892254733498118
S5,138,2,0.03868640286015245,0.37168141592920356,0.004892254733498118
S5,138,3,0.059015803768097355,0.4619469026548672,0.004892254733498118
S5,139,0,0.032794183527941834,0.26725663716814163,0.0062847226308879265
S5,139,1,0.0388354150804394,0.3663716814159292,0.0062847226308879265
S5,139,2,0.03860947782007628,0.3734513274336283,0.0062847226308879265
S5,139,3,0.05856042612071083,0.4566371681415929,0.0062847226308879265
S5,140,0,0.03298564257881743,0.27079646017699116,0.008073524519634475
S5,140,1,0.03878370596898924,0.36637168141592924,0.008073524519634475
S5,140,2,0.03875561028056289,0.3769911504424779,0.008073524519634475
S5,140,3,0.06075338492824529,0.45132743362831856,0.008073524519634475
S5,141,0,0.03331234320749393,0.2778761061946903,0.010371467763555055
S5,141,1,0.03900334681982526,0.37168141592920356,0.010371467763555055
S5,141,2,0.03864372090105154,0.3769911504424779,0.010371467763555055
S5,141,3,0.06110816641510225,0.4548672566371681,0.010371467763555055
S5,142,0,0.03329186022146813,0.27610619469026554,0.013323467750529826
S5,142,1,0.03927477896255642,0.3769911504424779,0.013323467750529826
S5,142,2,0.038489422232405396,0.37522123893805304,0.013323467750529826
S5,142,3,0.06424146699376057,0.44955752212389377,0.013323467750529826
S5,143,0,0.033163210944305126,0.27079646017699116,0.017115686703784445
S5,143,1,0.039453227931488796,0.38053097345132747,0.017115686703784445
S5,143,2,0.03858538436003225,0.3769911504424779,0.017115686703784445
S5,143,3,0.0639661867184803,0.4460176991150443,0.017115686703784445
S5,144,0,0.03330050153411725,0.27256637168141595,0.021987273645815993
S5,144,1,0.039403940853108846,0.38230088495575226,0.021987273645815993
S5,144,2,0.03795860129987587,0.36637168141592924,0.021987273645815993
S5,144,3,0.06348383153765924,0.4389380530973451,0.021987273645815993
S5,145,0,0.03298160370796926,0.2672566371681416,0.0282454458732936
S5,145,1,0.03859844870592807,0.3769911504424779,0.0282454458732936
S5,145,2,0.03685064415667519,0.34690265486725663,0.0282454458732936
S5,145,3,0.06226194075193925,0.4247787610619469,0.0282454458732936
S5,146,0,0.03397280908372291,0.2902654867256637,0.036284863027252784
S5,146,1,0.0383544881367181,0.37522123893805315,0.036284863027252784
S5,146,2,0.03625058159318338,0.3345132743362832,0.036284863027252784
S5,146,3,0.057889811933752054,0.4106194690265486,0.036284863027252784
S5,147,0,0.03490599550290044,0.3097345132743363,0.04661251554720007
S5,147,1,0.036061864679793235,0.3327433628318584,0.04661251554720007
S5,147,2,0.03532159725708113,0.3185840707964602,0.04661251554720007
S5,147,3,0.05504531188741715,0.4070796460176991,0.04661251554720007
S5,148,0,0.03654148427216694,0.34159292035398225,0.05987969705180038
S5,148,1,0.03607585069243027,0.3327433628318584,0.05987969705180038
S5,148,2,0.03460281069958737,0.304424778761062,0.05987969705180038
S5,148,3,0.05497034978862067,0.4,0.05987969705180038
S5,149,0,0.0392209477406148,0.38761061946902653,0.07692307692307693
S5,149,1,0.03598598543604394,0.3345132743362832,0.07692307692307693
S5,149,2,0.034429783038101264,0.30265486725663715,0.07692307692307693
S5,149,3,0.05786911970190964,0.40353982300884955,0.07692307692307693
S5,150,0,0.03303169428287578,0.27079646017699116,0.0023076923076923075
S5,150,1,0.03788339643434828,0.35398230088495575,0.0023076923076923075
S5,150,2,0.0376642827339088,0.35398230088495575,0.0023076923076923075
S5,150,3,0.05956725672567257,0.46371681415929206,0.0023076923076923075
S5,151,0,0.03297960888566737,0.27079646017699116,0.0029645238977385737
S5,151,1,0.03787468671679198,0.3575221238938053,0.0029645238977385737
S5,151,2,0.037980183049809116,0.35929203539823007,0.0029645238977385737
S5,151,3,0.05956725672567257,0.46371681415929206,0.0029645238977385737
S5,152,0,0.033446513233747276,0.28141592920353986,0.003808307507447348
S5,152,1,0.03795267585860248,0.35929203539823007,0.003808307507447348
S5,152,2,0.03808097445673178,0.3628318584070797,0.003808307507447348
S5,152,3,0.05965065956136898,0.46548672566371685,0.003808307507447348
S5,153,0,0.03336027027667894,0.27964601769911507,0.004892254733498118
S5,153,1,0.0375594217584205,0.35398230088495575,0.004892254733498118
S5,153,2,0.03814056192808396,0.36460176991150445,0.004892254733498118
S5,153,3,0.059245297416511036,0.46194690265486726,0.004892254733498118
S5,154,0,0.03329500221141088,0.2778761061946903,0.0062847226308879265
S5,154,1,0.037035714402828226,0.34690265486725663,0.0062847226308879265
S5,154,2,0.03843186523607358,0.36991150442477877,0.0062847226308879265
S5,154,3,0.05840356337561278,0.4530973451327434,0.0062847226308879265
S5,155,0,0.033460306382787956,0.2814159292035398,0.008073524519634475
S5,155,1,0.03673256927209689,0.3451327433628319,0.008073524519634475
S5,155,2,0.03839069263903888,0.37168141592920356,0.008073524519634475
S5,155,3,0.06103051159079629,0.45309734513274336,0.008073524519634475
S5,156,0,0.0332689704782728,0.2761061946902655,0.010371467763555055
S5,156,1,0.036588026257443854,0.3433628318584071,0.010371467763555055
S5,156,2,0.03855423424443166,0.3752212389380531,0.010371467763555055
S5,156,3,0.06095436462715647,0.4513274336283185,0.010371467763555055
S5,157,0,0.03326551038415445,0.2743362831858407,0.013323467750529826
S5,157,1,0.036551981454586414,0.3433628318584071,0.013323467750529826
S5,157,2,0.03812601371110213,0.3699115044247787,0.013323467750529826
S5,157,3,0.060605195806637265,0.4442477876106195,0.013323467750529826
S5,158,0,0.03324777634733652,0.2725663716814159,0.017115686703784445
S5,158,1,0.036388166138402386,0.3415929203539823,0.017115686703784445
S5,158,2,0.037861849623148355,0.36637168141592924,0.017115686703784445
S5,158,3,0.06382377461345137,0.44247787610619466,0.017115686703784445
S5,159,0,0.03348354152310362,0.2761061946902655,0.021987273645815993
S5,159,1,0.03687728776991571,0.3504424778761062,0.021987273645815993
S5,159,2,0.03709008125484098,0.352212389380531,0.021987273645815993
S5,159,3,0.06337177138722286,0.43716814159292033,0.021987273645815993
S5,160,0,0.03365213333102466,0.2814159292035398,0.0282454458732936
S5,160,1,0.036398391913097794,0.3415929203539823,0.0282454458732936
S5,160,2,0.03643189314241946,0.3398230088495575,0.0282454458732936
S5,160,3,0.06194968470197827,0.4212389380530973,0.0282454458732936
S5,161,0,0.034062405113562774,0.2920353982300885,0.036284863027252784
S5,161,1,0.03638287638287638,0.3380530973451328,0.036284863027252784
S5,161,2,0.0362732085604426,0.3345132743362832,0.036284863027252784
S5,161,3,0.05753004937215464,0.40530973451327434,0.036284863027252784
S5,162,0,0.03509544347801116,0.31327433628318585,0.04661251554720007
S5,162,1,0.03597513597513598,0.3309734513274336,0.04661251554720007
S5,162,2,0.03540792418551332,0.3185840707964602,0.04661251554720007
S5,162,3,0.055099263449249175,0.40530973451327434,0.04661251554720007
S5,163,0,0.03637642107654347,0.3380530973451327,0.05987969705180038
S5,163,1,0.03569252569252569,0.3256637168141593,0.05987969705180038
S5,163,2,0.034777786194100296,0.30796460176991153,0.05987969705180038
S5,163,3,0.05464776914345938,0.39646017699115044,0.05987969705180038
S5,164,0,0.0392209477406148,0.38761061946902653,0.07692307692307693
S5,164,1,0.036327739158809644,0.34159292035398225,0.07692307692307693
S5,164,2,0.034429783038101264,0.30265486725663715,0.07692307692307693
S5,164,3,0.05786911970190964,0.40353982300884955,0.07692307692307693
S5,165,0,0.03357834507015829,0.2849557522123894,0.0023076923076923075
S5,165,1,0.03696508230938808,0.3504424778761062,0.0023076923076923075
S5,165,2,0.03779126862379883,0.35575221238938054,0.0023076923076923075
S5,165,3,0.05973449986055028,0.46371681415929206,0.0023076923076923075
S5,166,0,0.0333669923382645,0.27964601769911507,0.0029645238977385737
S5,166,1,0.036957573844656616,0.3504424778761062,0.0029645238977385737
S5,166,2,0.037819415657338554,0.35752212389380533,0.0029645238977385737
S5,166,3,0.05973449986055028,0.46371681415929206,0.0029645238977385737
S5,167,0,0.0334502605520726,0.28141592920353986,0.003808307507447348
S5,167,1,0.03638009960754238,0.3398230088495576,0.003808307507447348
S5,167,2,0.03782973565668302,0.3592920353982301,0.003808307507447348
S5,167,3,0.0594968577734232,0.4619469026548672,0.003808307507447348
S5,168,0,0.03309764549357519,0.27256637168141595,0.004892254733498118
S5,168,1,0.0360100963462308,0.33274336283185846,0.004892254733498118
S5,168,2,0.037816120687997445,0.35929203539823007,0.004892254733498118
S5,168,3,0.05962388249635585,0.463716814159292,0.004892254733498118
S5,169,0,0.03316382125871663,0.2743362831858407,0.0062847226308879265
S5,169,1,0.03571340992972871,0.3274336283185841,0.0062847226308879265
S5,169,2,0.03784551680203854,0.3610619469026549,0.0062847226308879265
S5,169,3,0.059397638152464446,0.46194690265486726,0.0062847226308879265
S5,170,0,0.03340124561054794,0.279646017699115,0.008073524519634475
S5,170,1,0.035743443173333736,0.3292035398230089,0.008073524519634475
S5,170,2,0.0380491815274424,0.36460176991150445,0.008073524519634475
S5,170,3,0.06173841449070808,0.4584070796460176,0.008073524519634475
S5,171,0,0.03311814583638722,0.27256637168141595,0.010371467763555055
S5,171,1,0.03522848753027781,0.3185840707964602,0.010371467763555055
S5,171,2,0.038117867762718596,0.36637168141592924,0.010371467763555055
S5,171,3,0.0612599432763878,0.4513274336283186,0.010371467763555055
S5,172,0,0.033347967609468815,0.2761061946902655,0.013323467750529826
S5,172,1,0.0351820095343732,0.3168141592920354,0.013323467750529826
S5,172,2,0.03727719044736402,0.3539823008849558,0.013323467750529826
S5,172,3,0.06431703987732458,0.4460176991150443,0.013323467750529826
S5,173,0,0.03339399624765478,0.2761061946902654,0.017115686703784445
S5,173,1,0.034806453752545145,0.30619469026548674,0.017115686703784445
S5,173,2,0.03684583667605739,0.3469026548672567,0.017115686703784445
S5,173,3,0.06375454650684008,0.4407079646017699,0.017115686703784445
S5,174,0,0.033699030709638235,0.28141592920353986,0.021987273645815993
S5,174,1,0.0346846052358859,0.3008849557522124,0.021987273645815993
S5,174,2,0.036245889260560896,0.336283185840708,0.021987273645815993
S5,174,3,0.06290538289905578,0.43185840707964596,0.021987273645815993
S5,175,0,0.0337217268858557,0.2831858407079646,0.0282454458732936
S5,175,1,0.035000380309115245,0.30619469026548674,0.0282454458732936
S5,175,2,0.036240518634135646,0.336283185840708,0.0282454458732936
S5,175,3,0.06217853791624283,0.4230088495575221,0.0282454458732936
S5,176,0,0.034316436251920115,0.2973451327433628,0.036284863027252784
S5,176,1,0.035598621877691645,0.32035398230088497,0.036284863027252784
S5,176,2,0.03581156058162779,0.3274336283185841,0.036284863027252784
S5,176,3,0.05753004937215464,0.40530973451327434,0.036284863027252784
S5,177,0,0.03513882145892486,0.31327433628318585,0.04661251554720007
S5,177,1,0.03567977915804003,0.3256637168141593,0.04661251554720007
S5,177,2,0.035361287648521686,0.3168141592920354,0.04661251554720007
S5,177,3,0.05488130355386992,0.40176991150442476,0.04661251554720007
S5,178,0,0.03634170673470055,0.3380530973451328,0.05987969705180038
S5,178,1,0.03528465439857845,0.3168141592920354,0.05987969705180038
S5,178,2,0.034777786194100296,0.30796460176991153,0.05987969705180038
S5,178,3,0.05464776914345938,0.39646017699115044,0.05987969705180038
S5,179,0,0.0392209477406148,0.38761061946902653,0.07692307692307693
S5,179,1,0.03632059876250376,0.34159292035398237,0.07692307692307693
S5,179,2,0.03460559817178156,0.30619469026548674,0.07692307692307693
S5,179,3,0.05770518527568013,0.4017699115044248,0.07692307692307693
S5,180,0,0.0333723131595472,0.279646017699115,0.0023076923076923075
S5,180,1,0.036729876160990715,0.34690265486725663,0.0023076923076923075
S5,180,2,0.037488447275565676,0.3486725663716814,0.0023076923076923075
S5,180,3,0.05789226064455422,0.44601769911504424,0.0023076923076923075
S5,181,0,0.03315074738959434,0.2743362831858407,0.0029645238977385737
S5,181,1,0.03660278389364656,0.34513274336283184,0.0029645238977385737
S5,181,2,0.037945982029872705,0.35929203539823007,0.0029645238977385737
S5,181,3,0.05804309020714849,0.44778761061946903,0.0029645238977385737
S5,182,0,0.033235913023147066,0.2761061946902655,0.003808307507447348
S5,182,1,0.03616282244907888,0.336283185840708,0.003808307507447348
S5,182,2,0.03817830577985136,0.36283185840707965,0.003808307507447348
S5,182,3,0.060895550583880714,0.45132743362831856,0.003808307507447348
S5,183,0,0.03308041842302021,0.27256637168141595,0.004892254733498118
S5,183,1,0.0359100356196973,0.33097345132743367,0.004892254733498118
S5,183,2,0.03825326829859199,0.3646017699115044,0.004892254733498118
S5,183,3,0.060747607911666196,0.4477876106194691,0.004892254733498118
S5,184,0,0.0332361058159856,0.2761061946902655,0.0062847226308879265
S5,184,1,0.03578544061302682,0.327433628318584,0.0062847226308879265
S5,184,2,0.038096211361706274,0.36283185840707965,0.0062847226308879265
S5,184,3,0.060605195806637265,0.4442477876106195,0.0062847226308879265
S5,185,0,0.03340124561054794,0.279646017699115,0.008073524519634475
S5,185,1,0.035529038640206935,0.3221238938053097,0.008073524519634475
S5,185,2,0.03758704527583247,0.35575221238938054,0.008073524519634475
S5,185,3,0.060535967700025985,0.4424778761061947,0.008073524519634475
S5,186,0,0.03320022517975248,0.27433628318584075,0.010371467763555055
S5,186,1,0.03501575055169045,0.30973451327433627,0.010371467763555055
S5,186,2,0.03699235547061634,0.34690265486725663,0.010371467763555055
S5,186,3,0.060535967700025985,0.4424778761061947,0.010371467763555055
S5,187,0,0.03344673397736399,0.2778761061946903,0.013323467750529826
S5,187,1,0.0349960678575441,0.30973451327433627,0.013323467750529826
S5,187,2,0.03699235547061634,0.34690265486725663,0.013323467750529826
S5,187,3,0.06390537606943435,0.4424778761061947,0.013323467750529826
S5,188,0,0.0338485821649218,0.2849557522123894,0.017115686703784445
S5,188,1,0.03466295788876434,0.3008849557522124,0.017115686703784445
S5,188,2,0.03649333940458996,0.3380530973451328,0.017115686703784445
S5,188,3,0.06375454650684008,0.4407079646017699,0.017115686703784445
S5,189,0,0.03407857646733525,0.2884955752212389,0.021987273645815993
S5,189,1,0.034490944620144195,0.2955752212389381,0.021987273645815993
S5,189,2,0.03630843412880026,0.33628318584070804,0.021987273645815993
S5,189,3,0.06337177138722286,0.43716814159292033,0.021987273645815993
S5,190,0,0.03452596136806663,0.2991150442477876,0.0282454458732936
S5,190,1,0.03466202659320637,0.2991150442477876,0.0282454458732936
S5,190,2,0.03617357408527089,0.3345132743362832,0.0282454458732936
S5,190,3,0.06234247234247234,0.4247787610619469,0.0282454458732936
S5,191,0,0.03504124421008335,0.31150442477876106,0.036284863027252784
S5,191,1,0.035208956840479075,0.31327433628318585,0.036284863027252784
S5,191,2,0.03571531022047373,0.3256637168141593,0.036284863027252784
S5,191,3,0.05782308966519492,0.4088495575221239,0.036284863027252784
S5,192,0,0.035330813764548705,0.3168141592920354,0.04661251554720007
S5,192,1,0.03553874059234392,0.32212389380530976,0.04661251554720007
S5,192,2,0.03506737479257274,0.31150442477876106,0.04661251554720007
S5,192,3,0.05460718074685238,0.3982300884955752,0.04661251554720007
S5,193,0,0.03665476576868982,0.3433628318584071,0.05987969705180038
S5,193,1,0.0350933690156492,0.3132743362831858,0.05987969705180038
S5,193,2,0.03470521725360683,0.30619469026548674,0.05987969705180038
S5,193,3,0.05464776914345938,0.39646017699115044,0.05987969705180038
S5,194,0,0.039540675631771265,0.3929203539823009,0.07692307692307693
S5,194,1,0.0361363896629385,0.3380530973451328,0.07692307692307693
S5,194,2,0.034506391822575214,0.30442477876106194,0.07692307692307693
S5,194,3,0.05453087843627061,0.39469026548672564,0.07692307692307693
S5,195,0,0.033132294056913494,0.27256637168141595,0.0023076923076923075
S5,195,1,0.03634770904057916,0.3398230088495575,0.0023076923076923075
S5,195,2,0.0371134412400368,0.3398230088495575,0.0023076923076923075
S5,195,3,0.06064111903734545,0.44424778761061945,0.0023076923076923075
S5,196,0,0.03295515916344584,0.26902654867256637,0.0029645238977385737
S5,196,1,0.0360834773715899,0.3345132743362832,0.0029645238977385737
S5,196,2,0.03719552058340205,0.3415929203539823,0.0029645238977385737
S5,196,3,0.06049870693231653,0.44070796460177,0.0029645238977385737
S5,197,0,0.03315305628729638,0.2743362831858407,0.003808307507447348
S5,197,1,0.036143603237359344,0.336283185840708,0.003808307507447348
S5,197,2,0.0374824914205521,0.3469026548672567,0.003808307507447348
S5,197,3,0.0605806070142166,0.4424778761061947,0.003808307507447348
S5,198,0,0.0332361058159856,0.2761061946902655,0.004892254733498118
S5,198,1,0.03572651293581526,0.32743362831858414,0.004892254733498118
S5,198,2,0.03776012320637066,0.35398230088495575,0.004892254733498118
S5,198,3,0.06073143657681087,0.4442477876106195,0.004892254733498118
S5,199,0,0.033355505611536905,0.2778761061946903,0.0062847226308879265
S5,199,1,0.03564049613338055,0.3256637168141593,0.0062847226308879265
S5,199,2,0.037634006112266985,0.35575221238938054,0.0062847226308879265
S5,199,3,0.06885512630427418,0.44601769911504424,0.0062847226308879265
S5,200,0,0.03337267096593754,0.2778761061946903,0.008073524519634475
S5,200,1,0.03569086306243719,0.3256637168141593,0.008073524519634475
S5,200,2,0.03736945584771671,0.352212389380531,0.008073524519634475
S5,200,3,0.0687858981976629,0.44424778761061945,0.008073524519634475
S5,201,0,0.03339341344014241,0.2778761061946903,0.010371467763555055
S5,201,1,0.035174392772796964,0.3132743362831858,0.010371467763555055
S5,201,2,0.03726955574781662,0.35044247787610616,0.010371467763555055
S5,201,3,0.0685838779956427,0.44247787610619466,0.010371467763555055
S5,202,0,0.033537068214039685,0.27964601769911507,0.013323467750529826
S5,202,1,0.03509157703780731,0.31150442477876106,0.013323467750529826
S5,202,2,0.03678186674509002,0.3415929203539823,0.013323467750529826
S5,202,3,0.06367114367114367,0.4389380530973451,0.013323467750529826
S5,203,0,0.033970318657756696,0.288495575221239,0.017115686703784445
S5,203,1,0.03456940969907732,0.2991150442477876,0.017115686703784445
S5,203,2,0.03637523911407588,0.336283185840708,0.017115686703784445
S5,203,3,0.06375454650684008,0.4407079646017699,0.017115686703784445
S5,204,0,0.034527985303339524,0.2991150442477876,0.021987273645815993
S5,204,1,0.03446532434909033,0.2955752212389381,0.021987273645815993
S5,204,2,0.035887624456831996,0.3292035398230089,0.021987273645815993
S5,204,3,0.06322663350623592,0.4353982300884956,0.021987273645815993
S5,205,0,0.034755705513447324,0.304424778761062,0.0282454458732936
S5,205,1,0.03438745847176079,0.2920353982300885,0.0282454458732936
S5,205,2,0.035926607820243775,0.3292035398230089,0.0282454458732936
S5,205,3,0.06247715247715248,0.4265486725663717,0.0282454458732936
S5,206,0,0.03553216056145516,0.32212389380530976,0.036284863027252784
S5,206,1,0.035173506021034064,0.31327433628318585,0.036284863027252784
S5,206,2,0.03572392429010768,0.3256637168141593,0.036284863027252784
S5,206,3,0.06154812806765268,0.41238938053097346,0.036284863027252784
S5,207,0,0.03568609811614909,0.3256637168141593,0.04661251554720007
S5,207,1,0.035524897003157876,0.3221238938053097,0.04661251554720007
S5,207,2,0.03494638265706155,0.30973451327433627,0.04661251554720007
S5,207,3,0.0547559902706619,0.39999999999999997,0.04661251554720007
S5,208,0,0.03676951046174777,0.3451327433628319,0.05987969705180038
S5,208,1,0.03491258562203867,0.3097345132743363,0.05987969705180038
S5,208,2,0.034810981399561354,0.30796460176991153,0.05987969705180038
S5,208,3,0.05449415931243019,0.39469026548672564,0.05987969705180038
S5,209,0,0.03972277817575915,0.39646017699115044,0.07692307692307693
S5,209,1,0.03613782077132444,0.3380530973451328,0.07692307692307693
S5,209,2,0.034506391822575214,0.30442477876106194,0.07692307692307693
S5,209,3,0.05426427425495893,0.3911504424778761,0.07692307692307693
S5,210,0,0.03262414879128362,0.2584070796460177,0.0023076923076923075
S5,210,1,0.0365010683257999,0.3433628318584071,0.0023076923076923075
S5,210,2,0.03681522316738264,0.3345132743362832,0.0023076923076923075
S5,210,3,0.06049870693231653,0.44070796460177,0.0023076923076923075
S5,211,0,0.03276358814746067,0.26194690265486725,0.0029645238977385737
S5,211,1,0.036327381829924954,0.3398230088495575,0.0029645238977385737
S5,211,2,0.03673276594206827,0.3345132743362832,0.0029645238977385737
S5,211,3,0.06365847169585487,0.4389380530973451,0.0029645238977385737
S5,212,0,0.032786402219391914,0.26371681415929205,0.003808307507447348
S5,212,1,0.03596223909322924,0.33274336283185846,0.003808307507447348
S5,212,2,0.03673204153044846,0.33628318584070793,0.003808307507447348
S5,212,3,0.06327569657623765,0.4353982300884956,0.003808307507447348
S5,213,0,0.032951307258612124,0.2672566371681416,0.004892254733498118
S5,213,1,0.035944975088420636,0.3327433628318584,0.004892254733498118
S5,213,2,0.03711058372165856,0.3433628318584071,0.004892254733498118
S5,213,3,0.0680069426974699,0.4371681415929204,0.004892254733498118
S5,214,0,0.03327510651642892,0.2743362831858407,0.0062847226308879265
S5,214,1,0.03552649293381506,0.32389380530973455,0.0062847226308879265
S5,214,2,0.03681458743570545,0.34159292035398237,0.0062847226308879265
S5,214,3,0.06778688502826434,0.43362831858407075,0.0062847226308879265
S5,215,0,0.033270260730782805,0.2743362831858407,0.008073524519634475
S5,215,1,0.03538521490754033,0.32035398230088497,0.008073524519634475
S5,215,2,0.03678186674509002,0.3415929203539823,0.008073524519634475
S5,215,3,0.06796837323153113,0.43539823008849554,0.008073524519634475
S5,216,0,0.033299983248815994,0.27433628318584075,0.010371467763555055
S5,216,1,0.035299963415639235,0.3185840707964602,0.010371467763555055
S5,216,2,0.03661860143896757,0.3380530973451328,0.010371467763555055
S5,216,3,0.06796837323153113,0.43539823008849554,0.010371467763555055
S5,217,0,0.03378281193815174,0.2831858407079646,0.013323467750529826
S5,217,1,0.035135153194649237,0.31504424778761064,0.013323467750529826
S5,217,2,0.03656828201698624,0.3380530973451328,0.013323467750529826
S5,217,3,0.06776537302853092,0.43362831858407075,0.013323467750529826
S5,218,0,0.03425230774205021,0.29380530973451324,0.017115686703784445
S5,218,1,0.034990672001356804,0.31150442477876106,0.017115686703784445
S5,218,2,0.03654084977944308,0.3380530973451328,0.017115686703784445
S5,218,3,0.06338624338624338,0.43539823008849554,0.017115686703784445
S5,219,0,0.034585288491837875,0.30088495575221236,0.021987273645815993
S5,219,1,0.03472364881037501,0.30265486725663715,0.021987273645815993
S5,219,2,0.035917857822494084,0.3292035398230089,0.021987273645815993
S5,219,3,0.06300346826662616,0.431858407079646,0.021987273645815993
S5,220,0,0.035098807973127394,0.31150442477876106,0.0282454458732936
S5,220,1,0.03485071705633251,0.30442477876106194,0.0282454458732936
S5,220,2,0.035496958212507215,0.3221238938053097,0.0282454458732936
S5,220,3,0.0626466440025762,0.4283185840707964,0.0282454458732936
S5,221,0,0.0358555774318526,0.3274336283185841,0.036284863027252784
S5,221,1,0.034741958492357304,0.30442477876106194,0.036284863027252784
S5,221,2,0.03557001894189683,0.3221238938053097,0.036284863027252784
S5,221,3,0.06183208756979249,0.415929203539823,0.036284863027252784
S5,222,0,0.03587161605737457,0.3292035398230089,0.04661251554720007
S5,222,1,0.035387381497221315,0.3185840707964602,0.04661251554720007
S5,222,2,0.034929689110956244,0.30973451327433627,0.04661251554720007
S5,222,3,0.0547559902706619,0.39999999999999997,0.04661251554720007
S5,223,0,0.03746145298521385,0.35575221238938054,0.05987969705180038
S5,223,1,0.03503829782025271,0.31327433628318585,0.05987969705180038
S5,223,2,0.034822590919367596,0.30796460176991153,0.05987969705180038
S5,223,3,0.05449415931243019,0.39469026548672564,0.05987969705180038
S5,224,0,0.03984700177824362,0.39823008849557523,0.07692307692307693
S5,224,1,0.03622647325359395,0.3398230088495575,0.07692307692307693
S5,224,2,0.03435215534053877,0.3008849557522124,0.07692307692307693
S5,224,3,0.05426427425495893,0.3911504424778761,0.07692307692307693
S5,225,0,0.03293808669576349,0.26371681415929205,0.0023076923076923075
S5,225,1,0.03659609610792146,0.34513274336283184,0.0023076923076923075
S5,225,2,0.036776404103021694,0.33274336283185846,0.0023076923076923075
S5,225,3,0.06323809103962516,0.4336283185840708,0.0023076923076923075
S5,226,0,0.03296665763895158,0.26371681415929205,0.0029645238977385737
S5,226,1,0.03638988928904895,0.3415929203539823,0.0029645238977385737
S5,226,2,0.03676540208559913,0.33451327433628325,0.0029645238977385737
S5,226,3,0.06777567555443803,0.4336283185840708,0.0029645238977385737
S5,227,0,0.03313245234297866,0.26902654867256637,0.003808307507447348
S5,227,1,0.03647760858729457,0.3433628318584071,0.003808307507447348
S5,227,2,0.03668050668543279,0.3345132743362832,0.003808307507447348
S5,227,3,0.06763053767345109,0.431858407079646,0.003808307507447348
S5,228,0,0.03313051147037981,0.26902654867256637,0.004892254733498118
S5,228,1,0.03619144761127625,0.3380530973451328,0.004892254733498118
S5,228,2,0.03665310619676422,0.336283185840708,0.004892254733498118
S5,228,3,0.06728686702824634,0.4265486725663717,0.004892254733498118
S5,229,0,0.03321070393228839,0.27079646017699116,0.0062847226308879265
S5,229,1,0.03609482925378833,0.336283185840708,0.0062847226308879265
S5,229,2,0.03663609569094864,0.3380530973451328,0.0062847226308879265
S5,229,3,0.06736730460868393,0.4283185840707964,0.0062847226308879265
S5,230,0,0.033345665348630905,0.2743362831858407,0.008073524519634475
S5,230,1,0.0356221235363581,0.3274336283185841,0.008073524519634475
S5,230,2,0.03657841738426446,0.3380530973451328,0.008073524519634475
S5,230,3,0.06736730460868393,0.4283185840707964,0.008073524519634475
S5,231,0,0.03348509128484991,0.2778761061946903,0.010371467763555055
S5,231,1,0.03547286464489265,0.3238938053097345,0.010371467763555055
S5,231,2,0.036380718596267604,0.33451327433628325,0.010371467763555055
S5,231,3,0.0675487928119507,0.4300884955752212,0.010371467763555055
S5,232,0,0.033912148997804446,0.2849557522123894,0.013323467750529826
S5,232,1,0.03555494398825791,0.3256637168141593,0.013323467750529826
S5,232,2,0.03628812600367501,0.33274336283185846,0.013323467750529826
S5,232,3,0.06768347294663084,0.43185840707964596,0.013323467750529826
S5,233,0,0.03432875490197095,0.2938053097345133,0.017115686703784445
S5,233,1,0.03508852894023557,0.31504424778761064,0.017115686703784445
S5,233,2,0.03659893991582173,0.3380530973451328,0.017115686703784445
S5,233,3,0.06300346826662616,0.431858407079646,0.017115686703784445
S5,234,0,0.034438685630162384,0.2973451327433628,0.021987273645815993
S5,234,1,0.034992972322939825,0.31327433628318585,0.021987273645815993
S5,234,2,0.036003768475415046,0.33097345132743367,0.021987273645815993
S5,234,3,0.06300346826662616,0.431858407079646,0.021987273645815993
S5,235,0,0.03493591752416532,0.3079646017699115,0.0282454458732936
S5,235,1,0.03494785237072288,0.3097345132743363,0.0282454458732936
S5,235,2,0.035282953761214625,0.3185840707964602,0.0282454458732936
S5,235,3,0.06256474392067612,0.42654867256637163,0.0282454458732936
S5,236,0,0.03623605951485592,0.3345132743362832,0.036284863027252784
S5,236,1,0.034888561354032795,0.30796460176991153,0.036284863027252784
S5,236,2,0.03560055811693151,0.32389380530973455,0.036284863027252784
S5,236,3,0.06196195769966261,0.4176991150442478,0.036284863027252784
S5,237,0,0.03597610273691723,0.33097345132743367,0.04661251554720007
S5,237,1,0.03552460276651805,0.3221238938053097,0.04661251554720007
S5,237,2,0.034885127171583256,0.3097345132743363,0.04661251554720007
S5,237,3,0.054868025920657496,0.4017699115044248,0.04661251554720007
S5,238,0,0.03787570358777789,0.36283185840707965,0.05987969705180038
S5,238,1,0.03501717858860716,0.31327433628318585,0.05987969705180038
S5,238,2,0.034579525402552685,0.3026548672566372,0.05987969705180038
S5,238,3,0.05453087843627061,0.39469026548672564,0.05987969705180038
S5,239,0,0.03989372697376555,0.39646017699115044,0.07692307692307693
S5,239,1,0.03604822013416436,0.336283185840708,0.07692307692307693
S5,239,2,0.03455376824376458,0.30442477876106194,0.07692307692307693
S5,239,3,0.05426427425495893,0.3911504424778761,0.07692307692307693
S5,240,0,0.033049414107221495,0.26548672566371684,0.0023076923076923075
S5,240,1,0.03693863768098039,0.35044247787610616,0.0023076923076923075
S5,240,2,0.035933171518953866,0.3221238938053097,0.0023076923076923075
S5,240,3,0.06786023339761657,0.4336283185840708,0.0023076923076923075
S5,241,0,0.033106785242149245,0.26902654867256637,0.0029645238977385737
S5,241,1,0.03651452829193693,0.3433628318584071,0.0029645238977385737
S5,241,2,0.036091733886818564,0.3256637168141593,0.0029645238977385737
S5,241,3,0.06742154716292648,0.4283185840707964,0.0029645238977385737
S5,242,0,0.033183655619988386,0.27079646017699116,0.003808307507447348
S5,242,1,0.03630574851505084,0.3398230088495575,0.003808307507447348
S5,242,2,0.03616669640555919,0.3274336283185841,0.003808307507447348
S5,242,3,0.06736730460868393,0.4283185840707964,0.003808307507447348
S5,243,0,0.033183655619988386,0.27079646017699116,0.004892254733498118
S5,243,1,0.03602553605114206,0.3345132743362832,0.004892254733498118
S5,243,2,0.03601586684296492,0.3256637168141593,0.004892254733498118
S5,243,3,0.06736730460868393,0.4283185840707964,0.004892254733498118
S5,244,0,0.03346809845697499,0.2761061946902655,0.0062847226308879265
S5,244,1,0.03563254739728384,0.3274336283185841,0.0062847226308879265
S5,244,2,0.0355962864233845,0.32035398230088497,0.0062847226308879265
S5,244,3,0.06736730460868393,0.4283185840707964,0.0062847226308879265
S5,245,0,0.0334163040525463,0.27256637168141595,0.008073524519634475
S5,245,1,0.035808857663564564,0.3309734513274336,0.008073524519634475
S5,245,2,0.035873141351402224,0.3256637168141593,0.008073524519634475
S5,245,3,0.06750198474336405,0.43008849557522116,0.008073524519634475
S5,246,0,0.03374406500188728,0.27964601769911507,0.010371467763555055
S5,246,1,0.035894819933223146,0.3327433628318584,0.010371467763555055
S5,246,2,0.03598912606558976,0.3292035398230089,0.010371467763555055
S5,246,3,0.06768347294663084,0.43185840707964596,0.010371467763555055
S5,247,0,0.03398031199335248,0.2849557522123894,0.013323467750529826
S5,247,1,0.0356194513965724,0.327433628318584,0.013323467750529826
S5,247,2,0.03651648269050736,0.336283185840708,0.013323467750529826
S5,247,3,0.06782323535054419,0.4336283185840708,0.013323467750529826
S5,248,0,0.034377127496768745,0.2938053097345133,0.017115686703784445
S5,248,1,0.03588510014710699,0.3327433628318584,0.017115686703784445
S5,248,2,0.03610581521217071,0.33097345132743367,0.017115686703784445
S5,248,3,0.06287984238537264,0.4300884955752212,0.017115686703784445
S5,249,0,0.034485663319354494,0.2973451327433628,0.021987273645815993
S5,249,1,0.03529249585973447,0.32035398230088497,0.021987273645815993
S5,249,2,0.035804863472211595,0.3274336283185841,0.021987273645815993
S5,249,3,0.062313218050922964,0.42477876106194684,0.021987273645815993
S5,250,0,0.03528009843597654,0.31504424778761064,0.0282454458732936
S5,250,1,0.03509776857602945,0.31504424778761064,0.0282454458732936
S5,250,2,0.03538396386222473,0.32035398230088497,0.0282454458732936
S5,250,3,0.0623952523952524,0.4247787610619469,0.0282454458732936
S5,251,0,0.03626670357001355,0.336283185840708,0.036284863027252784
S5,251,1,0.03475915430272906,0.30619469026548674,0.036284863027252784
S5,251,2,0.03529454211423445,0.3185840707964602,0.036284863027252784
S5,251,3,0.061722873900293254,0.4141592920353982,0.036284863027252784
S5,252,0,0.03618223686396115,0.3345132743362832,0.04661251554720007
S5,252,1,0.035003940571499914,0.31150442477876106,0.04661251554720007
S5,252,2,0.03451008180141238,0.30265486725663715,0.04661251554720007
S5,252,3,0.057812691162676885,0.40530973451327434,0.04661251554720007
S5,253,0,0.038006889106156266,0.36637168141592924,0.05987969705180038
S5,253,1,0.03501717858860716,0.31327433628318585,0.05987969705180038
S5,253,2,0.03455590496823072,0.3026548672566372,0.05987969705180038
S5,253,3,0.05453087843627061,0.39469026548672564,0.05987969705180038
S5,254,0,0.04026211675392003,0.4017699115044248,0.07692307692307693
S5,254,1,0.03614072707218471,0.3380530973451328,0.07692307692307693
S5,254,2,0.034573621736798135,0.304424778761062,0.07692307692307693
S5,254,3,0.05441788408598812,0.3929203539823009,0.07692307692307693
S5,255,0,0.03318078462284744,0.26902654867256637,0.0023076923076923075
S5,255,1,0.036811251910101164,0.3469026548672567,0.0023076923076923075
S5,255,2,0.03600852358970381,0.32389380530973455,0.0023076923076923075
S5,255,3,0.06750198474336405,0.43008849557522116,0.0023076923076923075
S5,256,0,0.03291852108565591,0.26371681415929205,0.0029645238977385737
S5,256,1,0.03638943413318187,0.3398230088495575,0.0029645238977385737
S5,256,2,0.03600852358970381,0.32389380530973455,0.0029645238977385737
S5,256,3,0.06750198474336405,0.43008849557522116,0.0029645238977385737
S5,257,0,0.03299512987012987,0.2654867256637168,0.003808307507447348
S5,257,1,0.03607867215997458,0.3345132743362832,0.003808307507447348
S5,257,2,0.03609060293306906,0.3256637168141593,0.003808307507447348
S5,257,3,0.06744920469058399,0.4300884955752212,0.003808307507447348
S5,258,0,0.033136308136308135,0.26902654867256637,0.004892254733498118
S5,258,1,0.035875895384349,0.3309734513274336,0.004892254733498118
S5,258,2,0.036122865483479295,0.32743362831858414,0.004892254733498118
S5,258,3,0.06758388482526415,0.43185840707964596,0.004892254733498118
S5,259,0,0.0333623303729379,0.2743362831858407,0.0062847226308879265
S5,259,1,0.035875895384349,0.3309734513274336,0.0062847226308879265
S5,259,2,0.03599351263950237,0.3274336283185841,0.0062847226308879265
S5,259,3,0.06758388482526415,0.43185840707964596,0.0062847226308879265
S5,260,0,0.033343019786616995,0.2743362831858407,0.008073524519634475
S5,260,1,0.035849783693858446,0.33097345132743367,0.008073524519634475
S5,260,2,0.03609439897966793,0.3292035398230089,0.008073524519634475
S5,260,3,0.06758388482526415,0.43185840707964596,0.008073524519634475
S5,261,0,0.03386037795854932,0.2849557522123894,0.010371467763555055
S5,261,1,0.03537571253669659,0.3221238938053097,0.010371467763555055
S5,261,2,0.03579579455644745,0.3256637168141593,0.010371467763555055
S5,261,3,0.06750198474336405,0.43008849557522116,0.010371467763555055
S5,262,0,0.03404748310363766,0.288495575221239,0.013323467750529826
S5,262,1,0.03534032366038944,0.3221238938053097,0.013323467750529826
S5,262,2,0.03542882931126847,0.32035398230088497,0.013323467750529826
S5,262,3,0.06782323535054419,0.4336283185840708,0.013323467750529826
S5,263,0,0.03440555454182683,0.2973451327433628,0.017115686703784445
S5,263,1,0.03553222954306607,0.3256637168141593,0.017115686703784445
S5,263,2,0.03549710607937971,0.32212389380530976,0.017115686703784445
S5,263,3,0.06782323535054419,0.4336283185840708,0.017115686703784445
S5,264,0,0.03508367572277346,0.31150442477876106,0.021987273645815993
S5,264,1,0.035445886661576484,0.3238938053097345,0.021987273645815993
S5,264,2,0.03526196951868189,0.31858407079646023,0.021987273645815993
S5,264,3,0.0623272945291294,0.4230088495575221,0.021987273645815993
S5,265,0,0.03556958919918777,0.3221238938053097,0.0282454458732936
S5,265,1,0.03489358101998774,0.31150442477876106,0.0282454458732936
S5,265,2,0.035259722663521745,0.31858407079646023,0.0282454458732936
S5,265,3,0.0620047138839681,0.4194690265486725,0.0282454458732936
S5,266,0,0.03640718916074413,0.3380530973451328,0.036284863027252784
S5,266,1,0.03473247337336595,0.30619469026548674,0.036284863027252784
S5,266,2,0.034545061894764306,0.30442477876106194,0.036284863027252784
S5,266,3,0.06177854012852585,0.41415929203539814,0.036284863027252784
S5,267,0,0.0369812398643668,0.3486725663716814,0.04661251554720007
S5,267,1,0.03484751434277322,0.30796460176991153,0.04661251554720007
S5,267,2,0.03424933896502779,0.2973451327433628,0.04661251554720007
S5,267,3,0.05748875804639519,0.4,0.04661251554720007
S5,268,0,0.0385524323024323,0.37522123893805315,0.05987969705180038
S5,268,1,0.034939703153988866,0.31150442477876106,0.05987969705180038
S5,268,2,0.03457738707875114,0.30265486725663715,0.05987969705180038
S5,268,3,0.05453087843627061,0.39469026548672564,0.05987969705180038
S5,269,0,0.040483880280078564,0.4070796460176991,0.07692307692307693
S5,269,1,0.03614072707218471,0.3380530973451328,0.07692307692307693
S5,269,2,0.034682911354284474,0.30619469026548674,0.07692307692307693
S5,269,3,0.0545765303049199,0.3946902654867257,0.07692307692307693
S5,270,0,0.03315337524138214,0.2707964601769911,0.0023076923076923075
S5,270,1,0.03707775428705661,0.352212389380531,0.0023076923076923075
S5,270,2,0.03666411079333445,0.336283185840708,0.0023076923076923075
S5,270,3,0.06758388482526415,0.43185840707964596,0.0023076923076923075
S5,271,0,0.032979745290215565,0.26725663716814163,0.0029645238977385737
S5,271,1,0.036949584981701034,0.35044247787610616,0.0029645238977385737
S5,271,2,0.036503968981687666,0.3345132743362832,0.0029645238977385737
S5,271,3,0.06744920469058399,0.4300884955752212,0.0029645238977385737
S5,272,0,0.033298997855648105,0.2761061946902655,0.003808307507447348
S5,272,1,0.03656356919595409,0.3433628318584071,0.003808307507447348
S5,272,2,0.036766307959832115,0.3398230088495575,0.003808307507447348
S5,272,3,0.06744920469058399,0.4300884955752212,0.003808307507447348
S5,273,0,0.03344226094072513,0.27964601769911507,0.004892254733498118
S5,273,1,0.03625289439242927,0.3380530973451328,0.004892254733498118
S5,273,2,0.03678960993676565,0.34159292035398237,0.004892254733498118
S5,273,3,0.06758388482526415,0.43185840707964596,0.004892254733498118
S5,274,0,0.03352686529157117,0.28141592920353986,0.0062847226308879265
S5,274,1,0.03613124429638519,0.33628318584070793,0.0062847226308879265
S5,274,2,0.03697561851106464,0.3451327433628319,0.0062847226308879265
S5,274,3,0.06758388482526415,0.43185840707964596,0.0062847226308879265
S5,275,0,0.03352551828018833,0.27964601769911507,0.008073524519634475
S5,275,1,0.03611125514936767,0.336283185840708,0.008073524519634475
S5,275,2,0.03635922421746862,0.336283185840708,0.008073524519634475
S5,275,3,0.06758388482526415,0.43185840707964596,0.008073524519634475
S5,276,0,0.03368879356175182,0.2831858407079646,0.010371467763555055
S5,276,1,0.036085673082209446,0.33628318584070793,0.010371467763555055
S5,276,2,0.036237695094692914,0.33274336283185846,0.010371467763555055
S5,276,3,0.06758388482526415,0.43185840707964596,0.010371467763555055
S5,277,0,0.03403336088014368,0.2902654867256637,0.013323467750529826
S5,277,1,0.035891153095179165,0.3327433628318584,0.013323467750529826
S5,277,2,0.03552532593657649,0.32035398230088497,0.013323467750529826
S5,277,3,0.0680502733134312,0.43716814159292033,0.013323467750529826
S5,278,0,0.034752632171445155,0.30619469026548674,0.017115686703784445
S5,278,1,0.03553444782168186,0.3256637168141593,0.017115686703784445
S5,278,2,0.035547920301276126,0.32212389380530976,0.017115686703784445
S5,278,3,0.06775527748442117,0.431858407079646,0.017115686703784445
S5,279,0,0.03503167371266058,0.31150442477876106,0.021987273645815993
S5,279,1,0.03526081824079293,0.32035398230088497,0.021987273645815993
S5,279,2,0.035206822815988845,0.3168141592920354,0.021987273645815993
S5,279,3,0.06236210591987298,0.42300884955752205,0.021987273645815993
S5,280,0,0.03537230230778618,0.3185840707964602,0.0282454458732936
S5,280,1,0.03531162603259501,0.32035398230088497,0.0282454458732936
S5,280,2,0.03492114236999147,0.31150442477876106,0.0282454458732936
S5,280,3,0.06219261439444925,0.4212389380530973,0.0282454458732936
S5,281,0,0.03623788849473183,0.33628318584070793,0.036284863027252784
S5,281,1,0.03512597404528356,0.31504424778761064,0.036284863027252784
S5,281,2,0.034391215740918156,0.3008849557522124,0.036284863027252784
S5,281,3,0.06164385999384572,0.4123893805309734,0.036284863027252784
S5,282,0,0.03704389650597081,0.3504424778761062,0.04661251554720007
S5,282,1,0.034830497616973294,0.30796460176991153,0.04661251554720007
S5,282,2,0.03404718263079598,0.2920353982300885,0.04661251554720007
S5,282,3,0.057530513558138194,0.4000000000000001,0.04661251554720007
S5,283,0,0.03917244917244918,0.3823008849557522,0.05987969705180038
S5,283,1,0.034939703153988866,0.31150442477876106,0.05987969705180038
S5,283,2,0.034611419702163804,0.30265486725663715,0.05987969705180038
S5,283,3,0.05453087843627061,0.39469026548672564,0.05987969705180038
S5,284,0,0.040884671376474654,0.4123893805309735,0.07692307692307693
S5,284,1,0.0360554755802836,0.33628318584070793,0.07692307692307693
S5,284,2,0.03442506748411961,0.3008849557522124,0.07692307692307693
S5,284,3,0.05448109521114614,0.3946902654867257,0.07692307692307693
S5,285,0,0.03338906097739047,0.2778761061946903,0.0023076923076923075
S5,285,1,0.037050544012935525,0.35221238938053095,0.0023076923076923075
S5,285,2,0.0368514883466662,0.3398230088495575,0.0023076923076923075
S5,285,3,0.06758388482526415,0.43185840707964596,0.0023076923076923075
S5,286,0,0.03338906097739047,0.2778761061946903,0.0029645238977385737
S5,286,1,0.03701262640686871,0.352212389380531,0.0029645238977385737
S5,286,2,0.03702158047990503,0.3433628318584071,0.0029645238977385737
S5,286,3,0.06758388482526415,0.43185840707964596,0.0029645238977385737
S5,287,0,0.03355915104898145,0.28141592920353986,0.003808307507447348
S5,287,1,0.03722089465637407,0.3557522123893805,0.003808307507447348
S5,287,2,0.03702158047990503,0.3433628318584071,0.003808307507447348
S5,287,3,0.06772364722917748,0.43362831858407075,0.003808307507447348
S5,288,0,0.03347714959888318,0.27964601769911507,0.004892254733498118
S5,288,1,0.03692869034295471,0.35044247787610616,0.004892254733498118
S5,288,2,0.036684628677907644,0.3380530973451328,0.004892254733498118
S5,288,3,0.06772364722917748,0.43362831858407075,0.004892254733498118
S5,289,0,0.033547325037479675,0.28141592920353986,0.0062847226308879265
S5,289,1,0.03652219873150105,0.3433628318584071,0.0062847226308879265
S5,289,2,0.03655459055907634,0.3380530973451328,0.0062847226308879265
S5,289,3,0.06786878511016442,0.43539823008849554,0.0062847226308879265
S5,290,0,0.03378195875441464,0.2867256637168142,0.008073524519634475
S5,290,1,0.03639816595752948,0.3415929203539823,0.008073524519634475
S5,290,2,0.036348199432761616,0.336283185840708,0.008073524519634475
S5,290,3,0.06820110287602547,0.4389380530973451,0.008073524519634475
S5,291,0,0.0337445982031939,0.28495575221238933,0.010371467763555055
S5,291,1,0.03629239142846268,0.3398230088495575,0.010371467763555055
S5,291,2,0.036135891600518985,0.33274336283185846,0.010371467763555055
S5,291,3,0.0683579656211235,0.44070796460176986,0.010371467763555055
S5,292,0,0.03427897060906588,0.2973451327433628,0.013323467750529826
S5,292,1,0.035627975845758456,0.3274336283185841,0.013323467750529826
S5,292,2,0.03595633144444689,0.3292035398230089,0.013323467750529826
S5,292,3,0.0683579656211235,0.44070796460176986,0.013323467750529826
S5,293,0,0.03476544436801116,0.3079646017699115,0.017115686703784445
S5,293,1,0.03551853835011325,0.3256637168141593,0.017115686703784445
S5,293,2,0.035441168562286574,0.31858407079646023,0.017115686703784445
S5,293,3,0.0679823154473082,0.43539823008849554,0.017115686703784445
S5,294,0,0.034970911278770896,0.31150442477876106,0.021987273645815993
S5,294,1,0.03553229675920225,0.3256637168141593,0.021987273645815993
S5,294,2,0.03495150366705267,0.31150442477876106,0.021987273645815993
S5,294,3,0.06267212211533629,0.4265486725663717,0.021987273645815993
S5,295,0,0.035288371596231216,0.3168141592920354,0.0282454458732936
S5,295,1,0.03540027851486452,0.3221238938053097,0.0282454458732936
S5,295,2,0.03484004127966976,0.3097345132743363,0.0282454458732936
S5,295,3,0.062496786054553125,0.42477876106194684,0.0282454458732936
S5,296,0,0.03632752579522229,0.3380530973451327,0.036284863027252784
S5,296,1,0.0354256042842669,0.32212389380530976,0.036284863027252784
S5,296,2,0.03434212622916288,0.2991150442477877,0.036284863027252784
S5,296,3,0.061736986147257436,0.4123893805309734,0.036284863027252784
S5,297,0,0.03711794088264676,0.35221238938053095,0.04661251554720007
S5,297,1,0.03481671836363211,0.30796460176991153,0.04661251554720007
S5,297,2,0.0340962925762113,0.2920353982300885,0.04661251554720007
S5,297,3,0.06126587655579627,0.4035398230088496,0.04661251554720007
S5,298,0,0.039771007813485665,0.3911504424778761,0.05987969705180038
S5,298,1,0.034858070500927645,0.3097345132743363,0.05987969705180038
S5,298,2,0.0349003674099245,0.3079646017699115,0.05987969705180038
S5,298,3,0.057467302432980163,0.3982300884955753,0.05987969705180038
S5,299,0,0.04107123129852913,0.41415929203539825,0.07692307692307693
S5,299,1,0.03587362910384583,0.3327433628318584,0.07692307692307693
S5,299,2,0.034598753979994554,0.304424778761062,0.07692307692307693
S5,299,3,0.05448109521114614,0.3946902654867257,0.07692307692307693
