scenario,candidate_id,nu,gamma_multiplier,mean_AP,std_AP
S0,0,0.001,0.003,0.08985434202497,0.02588589574047619
S0,1,0.001,0.005,0.09794750363870455,0.02250592566079945
S0,2,0.001,0.01,0.21578335049832426,0.14065956775204025
S0,3,0.001,0.02,0.32967270383937053,0.1536907517787184
S0,4,0.001,0.03,0.3232291401409048,0.14707896988305127
S0,5,0.001,0.038538810670601456,0.3158872417434894,0.12768397707552628
S0,6,0.001,0.049507997596815526,0.319141117000706,0.11301514686433421
S0,7,0.001,0.06359931153547553,0.32219892768991437,0.11523006043135972
S0,8,0.001,0.08170139420154304,0.3214686278396256,0.11686170694924007
S0,9,0.001,0.10495581875524816,0.32117364085773525,0.11732484119343112
S0,10,0.001,0.1348290809262157,0.32374796124044664,0.11934237462916267
S0,11,0.001,0.17320508075688773,0.3298066323248549,0.12344912074318515
S0,12,0.001,0.2225039271491978,0.33124773582397415,0.1246413956891841
S0,13,0.001,0.2858345573956079,0.297528101555654,0.12158627542304197
S0,14,0.001,0.3671907963528168,0.30075056936759065,0.1253912636745312
S0,15,0.001,0.47170321935428616,0.3011158969153155,0.1280656388779672
S0,16,0.001,0.6059627021136009,0.3014465273288803,0.12589144538929445
S0,17,0.001,0.778436061673405,0.3122925441262273,0.14291737846213773
S0,18,0.001,1.0,0.3047061443702954,0.11765682756380852
S0,19,0.001,2.0,0.3084111432501506,0.11355163413455897
S0,20,0.001,3.0,0.31879172813770335,0.11639440784671978
S0,21,0.001,10.0,0.2912080362636765,0.12572768694018419
S0,22,0.0025,0.003,0.08941574553374193,0.025281369350209023
S0,23,0.0025,0.005,0.09794750363870455,0.02250592566079945
S0,24,0.0025,0.01,0.215531334369292,0.14018804709888805
S0,25,0.0025,0.02,0.32967270383937053,0.1536907517787184
S0,26,0.0025,0.03,0.3232291401409048,0.14707896988305127
S0,27,0.0025,0.038538810670601456,0.3149914155767654,0.12690939305150786
S0,28,0.0025,0.049507997596815526,0.31909483784483783,0.11299333633605015
S0,29,0.0025,0.06359931153547553,0.32203867127965796,0.11554819296829728
S0,30,0.0025,0.08170139420154304,0.32077418339518116,0.11632226870709197
S0,31,0.0025,0.10495581875524816,0.3212112801230168,0.1173572145377676
S0,32,0.0025,0.1348290809262157,0.32351054433636306,0.11921245126387067
S0,33,0.0025,0.17320508075688773,0.3298066323248549,0.12344912074318515
S0,34,0.0025,0.2225039271491978,0.33124773582397415,0.1246413956891841
S0,35,0.0025,0.2858345573956079,0.297528101555654,0.12158627542304197
S0,36,0.0025,0.3671907963528168,0.3006822633566617,0.12530173331195216
S0,37,0.0025,0.47170321935428616,0.3011158969153155,0.1280656388779672
S0,38,0.0025,0.6059627021136009,0.3013756656508757,0.12584215048259148
S0,39,0.0025,0.778436061673405,0.3122925441262273,0.14291737846213773
S0,40,0.0025,1.0,0.3047061443702954,0.11765682756380852
S0,41,0.0025,2.0,0.3084111432501506,0.11355163413455897
S0,42,0.0025,3.0,0.31879618744325383,0.1163964996687655
S0,43,0.0025,10.0,0.2910972206608396,0.1257889570207055
S0,44,0.005,0.003,0.08941574553374193,0.025281369350209023
S0,45,0.005,0.005,0.09794750363870455,0.02250592566079945
S0,46,0.005,0.01,0.215531334369292,0.14018804709888805
S0,47,0.005,0.02,0.32967270383937053,0.1536907517787184
S0,48,0.005,0.03,0.3232291401409048,0.14707896988305127
S0,49,0.005,0.038538810670601456,0.3149914155767654,0.12690939305150786
S0,50,0.005,0.049507997596815526,0.31909483784483783,0.11299333633605015
S0,51,0.005,0.06359931153547553,0.32203867127965796,0.11554819296829728
S0,52,0.005,0.08170139420154304,0.3213478548927656,0.11710181424956062
S0,53,0.005,0.10495581875524816,0.32117364085773525,0.11732484119343112
S0,54,0.005,0.1348290809262157,0.32351054433636306,0.11921245126387067
S0,55,0.005,0.17320508075688773,0.3282914808097034,0.12209976037321335
S0,56,0.005,0.2225039271491978,0.33124773582397415,0.1246413956891841
S0,57,0.005,0.2858345573956079,0.297528101555654,0.12158627542304197
S0,58,0.005,0.3671907963528168,0.3006822633566617,0.12530173331195216
S0,59,0.005,0.47170321935428616,0.3011158969153155,0.1280656388779672
S0,60,0.005,0.6059627021136009,0.3013756656508757,0.12584215048259148
S0,61,0.005,0.778436061673405,0.3122925441262273,0.14291737846213773
S0,62,0.005,1.0,0.3047061443702954,0.11765682756380852
S0,63,0.005,2.0,0.3084111432501506,0.11355163413455897
S0,64,0.005,3.0,0.318741314747907,0.11637080428503986
S0,65,0.005,10.0,0.29142849481746835,0.12593326909355518
S0,66,0.01,0.003,0.3366781659729366,0.1470850073062899
S0,67,0.01,0.005,0.335002014747955,0.1451228924026913
S0,68,0.01,0.01,0.33228383458646615,0.1405072673319851
S0,69,0.01,0.02,0.32941157916222236,0.13858919589967178
S0,70,0.01,0.03,0.33196330455259027,0.12304201052318421
S0,71,0.01,0.038538810670601456,0.3313883459754603,0.12144474192540404
S0,72,0.01,0.049507997596815526,0.32766965262472925,0.12035734637252829
S0,73,0.01,0.06359931153547553,0.3246329097596091,0.11946332688688767
S0,74,0.01,0.08170139420154304,0.3243651885222459,0.11904604699547504
S0,75,0.01,0.10495581875524816,0.3212112801230168,0.1173572145377676
S0,76,0.01,0.1348290809262157,0.3225529838708239,0.1180730503838866
S0,77,0.01,0.17320508075688773,0.3284071144822288,0.12186992862122595
S0,78,0.01,0.2225039271491978,0.2896918847601444,0.11440695024971563
S0,79,0.01,0.2858345573956079,0.297528101555654,0.12158627542304197
S0,80,0.01,0.3671907963528168,0.3006822633566617,0.12530173331195216
S0,81,0.01,0.47170321935428616,0.3011158969153155,0.1280656388779672
S0,82,0.01,0.6059627021136009,0.3013756656508757,0.12584215048259148
S0,83,0.01,0.778436061673405,0.3122925441262273,0.14291737846213773
S0,84,0.01,1.0,0.3047061443702954,0.11765682756380852
S0,85,0.01,2.0,0.3084111432501506,0.11355163413455897
S0,86,0.01,3.0,0.318741314747907,0.11637080428503986
S0,87,0.01,10.0,0.2912080362636765,0.12572768694018419
S0,88,0.015,0.003,0.3444424257105943,0.15046433782036586
S0,89,0.015,0.005,0.302974057006315,0.15961396477997264
S0,90,0.015,0.01,0.30874518999518996,0.15089273265339742
S0,91,0.015,0.02,0.3013329490045176,0.14127357594809903
S0,92,0.015,0.03,0.2997011845301699,0.1342032161354549
S0,93,0.015,0.038538810670601456,0.2975850062247121,0.12994343303439596
S0,94,0.015,0.049507997596815526,0.29144492533368577,0.1247602561419052
S0,95,0.015,0.06359931153547553,0.28961966735730515,0.11765726271457232
S0,96,0.015,0.08170139420154304,0.2859478021138012,0.11396232902413406
S0,97,0.015,0.10495581875524816,0.284496204278813,0.11319004835841476
S0,98,0.015,0.1348290809262157,0.2856141433930537,0.11430987411359748
S0,99,0.015,0.17320508075688773,0.28950481235771564,0.11422168743891006
S0,100,0.015,0.2225039271491978,0.2929180108813976,0.11489394256575909
S0,101,0.015,0.2858345573956079,0.2975813837380922,0.12156160686365676
S0,102,0.015,0.3671907963528168,0.3006822633566617,0.12530173331195216
S0,103,0.015,0.47170321935428616,0.3011158969153155,0.1280656388779672
S0,104,0.015,0.6059627021136009,0.3013756656508757,0.12584215048259148
S0,105,0.015,0.778436061673405,0.3122925441262273,0.14291737846213773
S0,106,0.015,1.0,0.3047061443702954,0.11765682756380852
S0,107,0.015,2.0,0.3084111432501506,0.11355163413455897
S0,108,0.015,3.0,0.318741314747907,0.11637080428503986
S0,109,0.015,10.0,0.29142849481746835,0.12593326909355518
S0,110,0.02,0.003,0.31257984433709074,0.1529757924108968
S0,111,0.02,0.005,0.3116101953601954,0.1517472413438496
S0,112,0.02,0.01,0.3091884212278949,0.14954734705758618
S0,113,0.02,0.02,0.2959396781535704,0.13408298456693302
S0,114,0.02,0.03,0.29520503174679374,0.12223311916428924
S0,115,0.02,0.038538810670601456,0.29311490365471715,0.11876706711369538
S0,116,0.02,0.049507997596815526,0.2890739476463579,0.11440246291116457
S0,117,0.02,0.06359931153547553,0.2867886463119514,0.11400005552555101
S0,118,0.02,0.08170139420154304,0.2866930023104877,0.11403118787046244
S0,119,0.02,0.10495581875524816,0.28632869155567364,0.11448901962915686
S0,120,0.02,0.1348290809262157,0.2890215011067414,0.11580746938867381
S0,121,0.02,0.17320508075688773,0.29358594082679856,0.11567019010738534
S0,122,0.02,0.2225039271491978,0.2979786984017625,0.12038455259832971
S0,123,0.02,0.2858345573956079,0.30008872075008886,0.12462750713510115
S0,124,0.02,0.3671907963528168,0.30334911836573397,0.12877760728502713
S0,125,0.02,0.47170321935428616,0.3012283575540919,0.1281507745358782
S0,126,0.02,0.6059627021136009,0.3013756656508757,0.12584215048259148
S0,127,0.02,0.778436061673405,0.3122925441262273,0.14291737846213773
S0,128,0.02,1.0,0.3047061443702954,0.11765682756380852
S0,129,0.02,2.0,0.3084111432501506,0.11355163413455897
S0,130,0.02,3.0,0.318741314747907,0.11637080428503986
S0,131,0.02,10.0,0.29142849481746835,0.12593326909355518
S0,132,0.025,0.003,0.3105032046556814,0.14879984662771073
S0,133,0.025,0.005,0.31102923635818375,0.14937568298849402
S0,134,0.025,0.01,0.31288807189542484,0.14757299931263407
S0,135,0.025,0.02,0.29283380834851425,0.12531927952936459
S0,136,0.025,0.03,0.2937972129243681,0.11687863791041919
S0,137,0.025,0.038538810670601456,0.29288126996652786,0.11349354284408425
S0,138,0.025,0.049507997596815526,0.2907988464202885,0.11409872012107916
S0,139,0.025,0.06359931153547553,0.2929712246288333,0.11366360727127627
S0,140,0.025,0.08170139420154304,0.2928887969329146,0.11424319781125271
S0,141,0.025,0.10495581875524816,0.29105719467677094,0.11541656703170038
S0,142,0.025,0.1348290809262157,0.2927562073084461,0.11733084832025466
S0,143,0.025,0.17320508075688773,0.2956087341337501,0.11763582361632524
S0,144,0.025,0.2225039271491978,0.29873761732728843,0.12125048814018304
S0,145,0.025,0.2858345573956079,0.3050252720909777,0.1306366111334679
S0,146,0.025,0.3671907963528168,0.30334911836573397,0.12877760728502713
S0,147,0.025,0.47170321935428616,0.3012283575540919,0.1281507745358782
S0,148,0.025,0.6059627021136009,0.3013756656508757,0.12584215048259148
S0,149,0.025,0.778436061673405,0.3122925441262273,0.14291737846213773
S0,150,0.025,1.0,0.3047061443702954,0.11765682756380852
S0,151,0.025,2.0,0.3084111432501506,0.11355163413455897
S0,152,0.025,3.0,0.318741314747907,0.11637080428503986
S0,153,0.025,10.0,0.29142849481746835,0.12593326909355518
S0,154,0.03,0.003,0.3106677409194102,0.14949076671308942
S0,155,0.03,0.005,0.3106825297446829,0.14874670316100588
S0,156,0.03,0.01,0.3077716409958785,0.1346934298466168
S0,157,0.03,0.02,0.29665004026706154,0.12137816054630667
S0,158,0.03,0.03,0.2922766828562373,0.11952578836711716
S0,159,0.03,0.038538810670601456,0.2930856365796147,0.11799081105368889
S0,160,0.03,0.049507997596815526,0.2921102522205463,0.11662718153392138
S0,161,0.03,0.06359931153547553,0.2925077992321825,0.11724768948345023
S0,162,0.03,0.08170139420154304,0.29201001117850306,0.11720902987318582
S0,163,0.03,0.10495581875524816,0.2927932626444145,0.11768975767976828
S0,164,0.03,0.1348290809262157,0.29476374068765376,0.11672060414040751
S0,165,0.03,0.17320508075688773,0.29743794440971516,0.1201827253501348
S0,166,0.03,0.2225039271491978,0.3006189082081939,0.12486454686642026
S0,167,0.03,0.2858345573956079,0.3041846573466461,0.12999045241311677
S0,168,0.03,0.3671907963528168,0.30311521849948114,0.12871613956859243
S0,169,0.03,0.47170321935428616,0.3012283575540919,0.1281507745358782
S0,170,0.03,0.6059627021136009,0.3014465273288803,0.12589144538929445
S0,171,0.03,0.778436061673405,0.3122925441262273,0.14291737846213773
S0,172,0.03,1.0,0.3047061443702954,0.11765682756380852
S0,173,0.03,2.0,0.3084111432501506,0.11355163413455897
S0,174,0.03,3.0,0.318741314747907,0.11637080428503986
S0,175,0.03,10.0,0.29142849481746835,0.12593326909355518
S0,176,0.035,0.003,0.30121766700836183,0.13982413854749304
S0,177,0.035,0.005,0.30137176420071154,0.13411900889766196
S0,178,0.035,0.01,0.29994917611378713,0.12604890605455477
S0,179,0.035,0.02,0.2974355809321247,0.12305687913805423
S0,180,0.035,0.03,0.2953941943214331,0.12104581504470281
S0,181,0.035,0.038538810670601456,0.2921032998122721,0.11796317590395905
S0,182,0.035,0.049507997596815526,0.2933541271682314,0.11639190490460545
S0,183,0.035,0.06359931153547553,0.29306573400487723,0.11570928380847274
S0,184,0.035,0.08170139420154304,0.292990519267609,0.11535838720770326
S0,185,0.035,0.10495581875524816,0.29271883765832735,0.11527367922937336
S0,186,0.035,0.1348290809262157,0.2942398434900884,0.11732325175780388
S0,187,0.035,0.17320508075688773,0.2949473954870065,0.11838963410293236
S0,188,0.035,0.2225039271491978,0.29902012817219265,0.12354175622869716
S0,189,0.035,0.2858345573956079,0.30299195422348135,0.12902208230130305
S0,190,0.035,0.3671907963528168,0.3024639753573124,0.12829722866812912
S0,191,0.035,0.47170321935428616,0.3039466695377548,0.13215419153230937
S0,192,0.035,0.6059627021136009,0.3012403842655943,0.12589900390813888
S0,193,0.035,0.778436061673405,0.3122925441262273,0.14291737846213773
S0,194,0.035,1.0,0.3047061443702954,0.11765682756380852
S0,195,0.035,2.0,0.3084111432501506,0.11355163413455897
S0,196,0.035,3.0,0.318741314747907,0.11637080428503986
S0,197,0.035,10.0,0.29142849481746835,0.12593326909355518
S0,198,0.04,0.003,0.29503094454386497,0.1298623939610328
S0,199,0.04,0.005,0.29650389791899223,0.12810616804710723
S0,200,0.04,0.01,0.2988115843441349,0.12608107480992875
S0,201,0.04,0.02,0.2961871290589186,0.12305193574053093
S0,202,0.04,0.03,0.29625394512643766,0.11686080850017896
S0,203,0.04,0.038538810670601456,0.29401563519290186,0.11462896011534485
S0,204,0.04,0.049507997596815526,0.293013753206537,0.11354838758964661
S0,205,0.04,0.06359931153547553,0.2904415381343219,0.11421370988688923
S0,206,0.04,0.08170139420154304,0.29094425578120975,0.11506353245760306
S0,207,0.04,0.10495581875524816,0.2913459510257723,0.1156373830869694
S0,208,0.04,0.1348290809262157,0.29194256344991637,0.11638605472760434
S0,209,0.04,0.17320508075688773,0.29279135905020337,0.11770797817107205
S0,210,0.04,0.2225039271491978,0.29598157667298675,0.12161079720726377
S0,211,0.04,0.2858345573956079,0.29921348681117993,0.12555503397008666
S0,212,0.04,0.3671907963528168,0.3014651963338466,0.12827633154828677
S0,213,0.04,0.47170321935428616,0.3029122600462022,0.13196742828348587
S0,214,0.04,0.6059627021136009,0.3007932835138717,0.1256193565079178
S0,215,0.04,0.778436061673405,0.31225834439982514,0.14293351547820432
S0,216,0.04,1.0,0.3047061443702954,0.11765682756380852
S0,217,0.04,2.0,0.3084111432501506,0.11355163413455897
S0,218,0.04,3.0,0.318741314747907,0.11637080428503986
S0,219,0.04,10.0,0.29142849481746835,0.12593326909355518
S0,220,0.045,0.003,0.29404787583042635,0.12553556302128335
S0,221,0.045,0.005,0.29536703759734934,0.12476368275823553
S0,222,0.045,0.01,0.2955694485434674,0.12519921919230462
S0,223,0.045,0.02,0.2980392126193978,0.11959852796207433
S0,224,0.045,0.03,0.2930975143256845,0.1147409467538244
S0,225,0.045,0.038538810670601456,0.2923745041705701,0.11393755457208485
S0,226,0.045,0.049507997596815526,0.29222851211281337,0.11380002839401317
S0,227,0.045,0.06359931153547553,0.2917888398151556,0.11389832512450834
S0,228,0.045,0.08170139420154304,0.29187619131760145,0.11374674190096942
S0,229,0.045,0.10495581875524816,0.29004776375387975,0.11521204977034558
S0,230,0.045,0.1348290809262157,0.29169956663977614,0.11715139521187103
S0,231,0.045,0.17320508075688773,0.29374022912819986,0.11961613602805062
S0,232,0.045,0.2225039271491978,0.2966887426030291,0.12327970858526953
S0,233,0.045,0.2858345573956079,0.2951168375734409,0.12107764369898961
S0,234,0.045,0.3671907963528168,0.2958285912860788,0.12249792605655091
S0,235,0.045,0.47170321935428616,0.29878576577664756,0.12721404398090655
S0,236,0.045,0.6059627021136009,0.30313694121269036,0.12928700943008442
S0,237,0.045,0.778436061673405,0.3066367211909926,0.13438440105383606
S0,238,0.045,1.0,0.3047061443702954,0.11765682756380852
S0,239,0.045,2.0,0.3084111432501506,0.11355163413455897
S0,240,0.045,3.0,0.318741314747907,0.11637080428503986
S0,241,0.045,10.0,0.29142849481746835,0.12593326909355518
S0,242,0.05,0.003,0.29271442124702995,0.12235034879044529
S0,243,0.05,0.005,0.29224183564636663,0.12202710977853723
S0,244,0.05,0.01,0.29716901462591117,0.11876891854838482
S0,245,0.05,0.02,0.29581227597220555,0.11822951668979233
S0,246,0.05,0.03,0.2940230948785139,0.116763567282467
S0,247,0.05,0.038538810670601456,0.29117283697507573,0.11381153581582151
S0,248,0.05,0.049507997596815526,0.2911988474488474,0.1138846957312967
S0,249,0.05,0.06359931153547553,0.29182467858938443,0.1143490633707102
S0,250,0.05,0.08170139420154304,0.2926089502740446,0.1147419607454244
S0,251,0.05,0.10495581875524816,0.293590962841423,0.11598669662145583
S0,252,0.05,0.1348290809262157,0.2953398756793886,0.11816286216161541
S0,253,0.05,0.17320508075688773,0.29279507654712744,0.11900440930559626
S0,254,0.05,0.2225039271491978,0.29268122604687935,0.11839396215667139
S0,255,0.05,0.2858345573956079,0.2937672182315039,0.11956287046080855
S0,256,0.05,0.3671907963528168,0.294291859826972,0.12128201233614419
S0,257,0.05,0.47170321935428616,0.2951539201539201,0.12347016324995995
S0,258,0.05,0.6059627021136009,0.3029803798352185,0.12903016956259322
S0,259,0.05,0.778436061673405,0.2995241125100929,0.12403697595277112
S0,260,0.05,1.0,0.30466658740827013,0.11766325093371269
S0,261,0.05,2.0,0.3084111432501506,0.11355163413455897
S0,262,0.05,3.0,0.318741314747907,0.11637080428503986
S0,263,0.05,10.0,0.29142849481746835,0.12593326909355518
S0,264,0.055,0.003,0.294008415224186,0.1191008164742863
S0,265,0.055,0.005,0.2957160749013582,0.1183082116009251
S0,266,0.055,0.01,0.29526295759363974,0.11810078186832672
S0,267,0.055,0.02,0.29405430563183765,0.11666960756386058
S0,268,0.055,0.03,0.2948279958809234,0.1178877999982936
S0,269,0.055,0.038538810670601456,0.2927303500697253,0.1156888705766594
S0,270,0.055,0.049507997596815526,0.2915212922046855,0.11382684690671928
S0,271,0.055,0.06359931153547553,0.29205806141290014,0.11452750683769902
S0,272,0.055,0.08170139420154304,0.29279650640180527,0.11514809305715445
S0,273,0.055,0.10495581875524816,0.29330635228723606,0.11587549655001494
S0,274,0.055,0.1348290809262157,0.2940501122249019,0.11654284129014923
S0,275,0.055,0.17320508075688773,0.2950619527889813,0.11777766581626216
S0,276,0.055,0.2225039271491978,0.29400012915720664,0.11594425382708973
S0,277,0.055,0.2858345573956079,0.29220217613074756,0.11745027790342649
S0,278,0.055,0.3671907963528168,0.2928054744900662,0.11895647854456706
S0,279,0.055,0.47170321935428616,0.2937426504645104,0.11945180848480043
S0,280,0.055,0.6059627021136009,0.29562489624847554,0.11778446470979866
S0,281,0.055,0.778436061673405,0.29717076125081743,0.12053904130787588
S0,282,0.055,1.0,0.30466658740827013,0.11766325093371269
S0,283,0.055,2.0,0.3084111432501506,0.11355163413455897
S0,284,0.055,3.0,0.318741314747907,0.11637080428503986
S0,285,0.055,10.0,0.29142849481746835,0.12593326909355518
S0,286,0.06,0.003,0.29551766220294545,0.11832240965941893
S0,287,0.06,0.005,0.29533126360456863,0.11817711038000824
S0,288,0.06,0.01,0.29465467933705636,0.11766594332759449
S0,289,0.06,0.02,0.29298689586780235,0.11657647020306142
S0,290,0.06,0.03,0.2918832715203683,0.11584524104240064
S0,291,0.06,0.038538810670601456,0.29101013362721806,0.11500001820172694
S0,292,0.06,0.049507997596815526,0.29146237181041934,0.1156486291303834
S0,293,0.06,0.06359931153547553,0.2922362415809996,0.11655623233170659
S0,294,0.06,0.08170139420154304,0.2921816852737905,0.11609849678285751
S0,295,0.06,0.10495581875524816,0.2920257998977908,0.11544058372803175
S0,296,0.06,0.1348290809262157,0.29225286659674,0.11475292233448814
S0,297,0.06,0.17320508075688773,0.2920965421992343,0.11436970196372485
S0,298,0.06,0.2225039271491978,0.2922468220016767,0.11416670988192643
S0,299,0.06,0.2858345573956079,0.29477424964614407,0.11641921817854194
S0,300,0.06,0.3671907963528168,0.2954355326046502,0.11747622118922862
S0,301,0.06,0.47170321935428616,0.29615475352521214,0.11817598424420346
S0,302,0.06,0.6059627021136009,0.29571464631494937,0.1176179339813001
S0,303,0.06,0.778436061673405,0.29745549579609437,0.1198825446484599
S0,304,0.06,1.0,0.3027706671622705,0.11520343987275723
S0,305,0.06,2.0,0.3084111432501506,0.11355163413455897
S0,306,0.06,3.0,0.318741314747907,0.11637080428503986
S0,307,0.06,10.0,0.29142849481746835,0.12593326909355518
S0,308,0.065,0.003,0.2984165146997215,0.11748819674496125
S0,309,0.065,0.005,0.2982485039470333,0.11732490447346525
S0,310,0.065,0.01,0.2967450164022386,0.11599081626328751
S0,311,0.065,0.02,0.29513871715447165,0.11489497572424366
S0,312,0.065,0.03,0.2909385709457335,0.11489770817411465
S0,313,0.065,0.038538810670601456,0.2909891481923621,0.11513443460886039
S0,314,0.065,0.049507997596815526,0.2915487470318979,0.11584761387917854
S0,315,0.065,0.06359931153547553,0.29224352383057556,0.11661113111537037
S0,316,0.065,0.08170139420154304,0.29188676466902275,0.11633206182406577
S0,317,0.065,0.10495581875524816,0.2916151097796297,0.11585742541948799
S0,318,0.065,0.1348290809262157,0.29168416643390416,0.1151590714247469
S0,319,0.065,0.17320508075688773,0.2919254294165144,0.11476711641726425
S0,320,0.065,0.2225039271491978,0.2918021071467227,0.1143403312931423
S0,321,0.065,0.2858345573956079,0.29160012571336774,0.11351657378821359
S0,322,0.065,0.3671907963528168,0.2924001122188006,0.11302990468097983
S0,323,0.065,0.47170321935428616,0.296203700398478,0.1182971367354931
S0,324,0.065,0.6059627021136009,0.295611260593185,0.1174810393481698
S0,325,0.065,0.778436061673405,0.30067705264963784,0.11843479141774954
S0,326,0.065,1.0,0.3025858335245455,0.11508019925267757
S0,327,0.065,2.0,0.3084111432501506,0.11355163413455897
S0,328,0.065,3.0,0.318741314747907,0.11637080428503986
S0,329,0.065,10.0,0.29142849481746835,0.12593326909355518
S0,330,0.07,0.003,0.2990229762700085,0.11827843413598943
S0,331,0.07,0.005,0.2979958438914562,0.1172204858129591
S0,332,0.07,0.01,0.29724012493720786,0.11648028770419781
S0,333,0.07,0.02,0.29465432612560855,0.1143116648469021
S0,334,0.07,0.03,0.29492798572494966,0.11470398035940678
S0,335,0.07,0.038538810670601456,0.2942869879791367,0.11418259786339478
S0,336,0.07,0.049507997596815526,0.29070792261483197,0.11459336968778104
S0,337,0.07,0.06359931153547553,0.2941849148833465,0.11433427560780446
S0,338,0.07,0.08170139420154304,0.2910431175098762,0.11515697304903122
S0,339,0.07,0.10495581875524816,0.29087679468448147,0.11462906488544249
S0,340,0.07,0.1348290809262157,0.2915460484606248,0.11524737388839518
S0,341,0.07,0.17320508075688773,0.29158517878475254,0.11484663646954442
S0,342,0.07,0.2225039271491978,0.29168790856523913,0.11450085090855706
S0,343,0.07,0.2858345573956079,0.2917529800330552,0.11350027857641064
S0,344,0.07,0.3671907963528168,0.2924680261909098,0.11312642112565433
S0,345,0.07,0.47170321935428616,0.29247902106784257,0.11350431364176444
S0,346,0.07,0.6059627021136009,0.29416326278549865,0.11560454265596785
S0,347,0.07,0.778436061673405,0.2987543942736405,0.11593534264761376
S0,348,0.07,1.0,0.30266620899673086,0.11477603789400372
S0,349,0.07,2.0,0.3084111432501506,0.11355163413455897
S0,350,0.07,3.0,0.318741314747907,0.11637080428503986
S0,351,0.07,10.0,0.29142849481746835,0.12593326909355518
S0,352,0.075,0.003,0.29981746842502643,0.11862655967055216
S0,353,0.075,0.005,0.2991533343746552,0.11798377314779149
S0,354,0.075,0.01,0.2972254061237112,0.1161671620816375
S0,355,0.075,0.02,0.29531972650905325,0.1141489748066079
S0,356,0.075,0.03,0.29501567833611175,0.11386263765619972
S0,357,0.075,0.038538810670601456,0.2948050128197187,0.1135517295228329
S0,358,0.075,0.049507997596815526,0.2945146539537784,0.11338118880700429
S0,359,0.075,0.06359931153547553,0.29377644608407116,0.11295500431509778
S0,360,0.075,0.08170139420154304,0.2907436625122384,0.1138701995943184
S0,361,0.075,0.10495581875524816,0.2905410905781076,0.11345621556222703
S0,362,0.075,0.1348290809262157,0.29266102825644646,0.11143038432181163
S0,363,0.075,0.17320508075688773,0.2931758692502686,0.111905046011424
S0,364,0.075,0.2225039271491978,0.29330779233840726,0.11201155158959142
S0,365,0.075,0.2858345573956079,0.29457059418862247,0.11240577679742482
S0,366,0.075,0.3671907963528168,0.2916066115784134,0.11244466191828639
S0,367,0.075,0.47170321935428616,0.2954766549875245,0.11253305716959427
S0,368,0.075,0.6059627021136009,0.29578527331354,0.1131982520338617
S0,369,0.075,0.778436061673405,0.30284283659853206,0.11499897835190247
S0,370,0.075,1.0,0.3027670673574737,0.11490453144830419
S0,371,0.075,2.0,0.3084111432501506,0.11355163413455897
S0,372,0.075,3.0,0.318741314747907,0.11637080428503986
S0,373,0.075,10.0,0.29142849481746835,0.12593326909355518
S0,374,0.08,0.003,0.30082593356150233,0.11927151103936189
S0,375,0.08,0.005,0.2999665765772843,0.11841200502204609
S0,376,0.08,0.01,0.2980413128439444,0.11661811614007896
S0,377,0.08,0.02,0.29583990217479184,0.1147039674652481
S0,378,0.08,0.03,0.295031935280232,0.11390966483899002
S0,379,0.08,0.038538810670601456,0.2949301379448438,0.1136700048489528
S0,380,0.08,0.049507997596815526,0.2944883910357056,0.11333216843656907
S0,381,0.08,0.06359931153547553,0.29404752883855045,0.11290820139981386
S0,382,0.08,0.08170139420154304,0.29410041211511795,0.11250755670174285
S0,383,0.08,0.10495581875524816,0.2936120620401176,0.11227249212897047
S0,384,0.08,0.1348290809262157,0.2928154068324392,0.11135088153997055
S0,385,0.08,0.17320508075688773,0.2967693019716891,0.11064534523532624
S0,386,0.08,0.2225039271491978,0.29711434312419954,0.110584183614795
S0,387,0.08,0.2858345573956079,0.2925609828582974,0.11057550432053458
S0,388,0.08,0.3671907963528168,0.2941789708180374,0.11103011767375076
S0,389,0.08,0.47170321935428616,0.2951565359226069,0.11216894022028485
S0,390,0.08,0.6059627021136009,0.2957885826432022,0.11317652174932348
S0,391,0.08,0.778436061673405,0.3013893301785724,0.1130860803273388
S0,392,0.08,1.0,0.3031881524402309,0.11484384099091204
S0,393,0.08,2.0,0.3084111432501506,0.11355163413455897
S0,394,0.08,3.0,0.318741314747907,0.11637080428503986
S0,395,0.08,10.0,0.29142849481746835,0.12593326909355518
S0,396,0.085,0.003,0.2997010397405401,0.1182071493274618
S0,397,0.085,0.005,0.2990418525541615,0.11756225675587947
S0,398,0.085,0.01,0.29742952539005174,0.11595949827338246
S0,399,0.085,0.02,0.2957138941102757,0.11456458644564385
S0,400,0.085,0.03,0.2946329436243069,0.11315078141396574
S0,401,0.085,0.038538810670601456,0.29476122676958155,0.11287967660468323
S0,402,0.085,0.049507997596815526,0.29552372244611175,0.11365771380452122
S0,403,0.085,0.06359931153547553,0.2953304222867561,0.11346776443251125
S0,404,0.085,0.08170139420154304,0.29418539583600467,0.11226798301866157
S0,405,0.085,0.10495581875524816,0.2939679561460117,0.11178097683822122
S0,406,0.085,0.1348290809262157,0.29308794641002384,0.11087685588849669
S0,407,0.085,0.17320508075688773,0.2975462029279301,0.11068671048507661
S0,408,0.085,0.2225039271491978,0.2971634292581913,0.11037222021215909
S0,409,0.085,0.2858345573956079,0.2926605556752615,0.11062769121916169
S0,410,0.085,0.3671907963528168,0.2971867519693606,0.11008034653885247
S0,411,0.085,0.47170321935428616,0.2951565359226069,0.11216894022028485
S0,412,0.085,0.6059627021136009,0.2960048486600736,0.11322444012677133
S0,413,0.085,0.778436061673405,0.30016171792154833,0.11151150681991301
S0,414,0.085,1.0,0.3074583358923997,0.11297088159472786
S0,415,0.085,2.0,0.3084111432501506,0.11355163413455897
S0,416,0.085,3.0,0.318741314747907,0.11637080428503986
S0,417,0.085,10.0,0.29142849481746835,0.12593326909355518
S0,418,0.09,0.003,0.2993143778987699,0.1175308304420122
S0,419,0.09,0.005,0.2986341564012108,0.11691954663408174
S0,420,0.09,0.01,0.29626257788264365,0.11437192108271288
S0,421,0.09,0.02,0.2949957389822436,0.11335790346451387
S0,422,0.09,0.03,0.29468519838161783,0.11300867985465511
S0,423,0.09,0.038538810670601456,0.29451464442778774,0.11263064207362079
S0,424,0.09,0.049507997596815526,0.29463318402001154,0.1127425631651881
S0,425,0.09,0.06359931153547553,0.29423569764686985,0.11232324316250543
S0,426,0.09,0.08170139420154304,0.2939551827497473,0.11180664916381175
S0,427,0.09,0.10495581875524816,0.2943634415552653,0.11226481774627516
S0,428,0.09,0.1348290809262157,0.29376414006864215,0.1113652872659223
S0,429,0.09,0.17320508075688773,0.2975442817164309,0.11073987329695015
S0,430,0.09,0.2225039271491978,0.2932511998693566,0.1113675372636946
S0,431,0.09,0.2858345573956079,0.2927449011543438,0.11072202465008249
S0,432,0.09,0.3671907963528168,0.2968312874962491,0.10999924584842034
S0,433,0.09,0.47170321935428616,0.3040463076185257,0.11038104205972703
S0,434,0.09,0.6059627021136009,0.2999777028505406,0.1123631287861979
S0,435,0.09,0.778436061673405,0.30026689242776033,0.11161245063212198
S0,436,0.09,1.0,0.30755892010756725,0.11304786804485557
S0,437,0.09,2.0,0.3084111432501506,0.11355163413455897
S0,438,0.09,3.0,0.318741314747907,0.11637080428503986
S0,439,0.09,10.0,0.29142849481746835,0.12593326909355518
S0,440,0.095,0.003,0.2961780753968254,0.11835254686980111
S0,441,0.095,0.005,0.2957724632724632,0.11795189380060338
S0,442,0.095,0.01,0.29602246659625076,0.11439692510268273
S0,443,0.095,0.02,0.2955743905996804,0.11404474477831958
S0,444,0.095,0.03,0.29459216356918244,0.11281271802281136
S0,445,0.095,0.038538810670601456,0.2940806353347778,0.11244466560980579
S0,446,0.095,0.049507997596815526,0.2938136618283677,0.11243267990378601
S0,447,0.095,0.06359931153547553,0.29376278945186857,0.11192016725279194
S0,448,0.095,0.08170139420154304,0.2936219894482094,0.11149883666690287
S0,449,0.095,0.10495581875524816,0.29311123096632086,0.11063461237687838
S0,450,0.095,0.1348290809262157,0.2975433223787377,0.11049998054965053
S0,451,0.095,0.17320508075688773,0.2974957576907621,0.1104489901978926
S0,452,0.095,0.2225039271491978,0.29686285550256136,0.11065825549714765
S0,453,0.095,0.2858345573956079,0.292596662466207,0.1111541889444135
S0,454,0.095,0.3671907963528168,0.29681116862099977,0.11050111015541171
S0,455,0.095,0.47170321935428616,0.3039606913654354,0.11060683835555447
S0,456,0.095,0.6059627021136009,0.30547714168331275,0.11216052455766194
S0,457,0.095,0.778436061673405,0.30587420781768443,0.11152326469025647
S0,458,0.095,1.0,0.307704100130796,0.11277608553677518
S0,459,0.095,2.0,0.3084111432501506,0.11355163413455897
S0,460,0.095,3.0,0.318741314747907,0.11637080428503986
S0,461,0.095,10.0,0.29142849481746835,0.12593326909355518
S0,462,0.1,0.003,0.2948766777714146,0.11700765672215147
S0,463,0.1,0.005,0.2953306219753588,0.11735971325227866
S0,464,0.1,0.01,0.29657089519800006,0.11492604621892996
S0,465,0.1,0.02,0.29485660348483445,0.11326114820730197
S0,466,0.1,0.03,0.2985312265808448,0.11181077976859584
S0,467,0.1,0.038538810670601456,0.29794152630105974,0.11106230256271805
S0,468,0.1,0.049507997596815526,0.29775617889985395,0.11096267312335088
S0,469,0.1,0.06359931153547553,0.29787695184671387,0.11106909833301716
S0,470,0.1,0.08170139420154304,0.2971008501304788,0.11024516302449344
S0,471,0.1,0.10495581875524816,0.2969363119196123,0.11009085010686886
S0,472,0.1,0.1348290809262157,0.29748097422898045,0.11067073967615973
S0,473,0.1,0.17320508075688773,0.29700557971431085,0.11052444827649073
S0,474,0.1,0.2225039271491978,0.2966723879013795,0.11072162446371435
S0,475,0.1,0.2858345573956079,0.2929114901940989,0.1117392289333387
S0,476,0.1,0.3671907963528168,0.30282546760807627,0.11134151754398802
S0,477,0.1,0.47170321935428616,0.30351266788766784,0.11057075458407903
S0,478,0.1,0.6059627021136009,0.30547714168331275,0.11216052455766194
S0,479,0.1,0.778436061673405,0.30587707661032626,0.11155290824787134
S0,480,0.1,1.0,0.30629923763904976,0.1115451665629728
S0,481,0.1,2.0,0.3084111432501506,0.11355163413455897
S0,482,0.1,3.0,0.318741314747907,0.11637080428503986
S0,483,0.1,10.0,0.29142849481746835,0.12593326909355518
S0,484,0.125,0.003,0.30090517199892197,0.11402680532680569
S0,485,0.125,0.005,0.29997117215254465,0.11343536523886481
S0,486,0.125,0.01,0.2994848256661101,0.11345412482915199
S0,487,0.125,0.02,0.2988181071385405,0.1129395238801019
S0,488,0.125,0.03,0.29938055042571454,0.11352802761026644
S0,489,0.125,0.038538810670601456,0.2990606672707594,0.11323233934615998
S0,490,0.125,0.049507997596815526,0.2979682659637043,0.11221633359907901
S0,491,0.125,0.06359931153547553,0.29789264587900977,0.11235599799176822
S0,492,0.125,0.08170139420154304,0.3034816149603606,0.11234026725849303
S0,493,0.125,0.10495581875524816,0.30347754236339164,0.11214690691530922
S0,494,0.125,0.1348290809262157,0.30317291442877675,0.11194075045132576
S0,495,0.125,0.17320508075688773,0.30372392351002375,0.11254538062074891
S0,496,0.125,0.2225039271491978,0.303995170419589,0.11209826782447116
S0,497,0.125,0.2858345573956079,0.30454977941992994,0.11243589032592272
S0,498,0.125,0.3671907963528168,0.3038760994218355,0.11082182860769295
S0,499,0.125,0.47170321935428616,0.3035188585215684,0.10990467798596877
S0,500,0.125,0.6059627021136009,0.30425191168840093,0.11020966890352903
S0,501,0.125,0.778436061673405,0.30586032636347144,0.1108068384881069
S0,502,0.125,1.0,0.30649213168268047,0.11134554247064352
S0,503,0.125,2.0,0.3084111432501506,0.11355163413455897
S0,504,0.125,3.0,0.318741314747907,0.11637080428503986
S0,505,0.125,10.0,0.29142849481746835,0.12593326909355518
S0,506,0.15,0.003,0.2958895960311323,0.11427677475056741
S0,507,0.15,0.005,0.2997612690326529,0.11356443327086521
S0,508,0.15,0.01,0.299416453368938,0.11348922532816011
S0,509,0.15,0.02,0.29969574000851873,0.11402871132932538
S0,510,0.15,0.03,0.2986374328346967,0.11296520195853678
S0,511,0.15,0.038538810670601456,0.30369033563881787,0.11227501670053149
S0,512,0.15,0.049507997596815526,0.30369033563881787,0.11227501670053149
S0,513,0.15,0.06359931153547553,0.30365613591241564,0.11227175814475593
S0,514,0.15,0.08170139420154304,0.3035339298307999,0.11196099250125749
S0,515,0.15,0.10495581875524816,0.30298297120116546,0.11149102645177293
S0,516,0.15,0.1348290809262157,0.30342911877394635,0.11177252524863596
S0,517,0.15,0.17320508075688773,0.30322417074291136,0.11160867405876944
S0,518,0.15,0.2225039271491978,0.3036999674591864,0.11241495260435865
S0,519,0.15,0.2858345573956079,0.3035298911985935,0.11181910035774302
S0,520,0.15,0.3671907963528168,0.30375704883913884,0.11106065225142828
S0,521,0.15,0.47170321935428616,0.3061066943966179,0.11196840547022992
S0,522,0.15,0.6059627021136009,0.30601072145575237,0.11117497420612087
S0,523,0.15,0.778436061673405,0.3059684559318423,0.11043383282547006
S0,524,0.15,1.0,0.30681443894126936,0.11117534584203252
S0,525,0.15,2.0,0.30889550264550264,0.1140871298212034
S0,526,0.15,3.0,0.318741314747907,0.11637080428503986
S0,527,0.15,10.0,0.29142849481746835,0.12593326909355518
S0,528,0.2,0.003,0.2941016477986234,0.11705180427503267
S0,529,0.2,0.005,0.29389686674641025,0.11671110514032122
S0,530,0.2,0.01,0.29330173198073806,0.11600071932125654
S0,531,0.2,0.02,0.2917009688706217,0.11413057249421202
S0,532,0.2,0.03,0.2907085998136459,0.11327647671249826
S0,533,0.2,0.038538810670601456,0.29056502991177446,0.11318765139559042
S0,534,0.2,0.049507997596815526,0.29342048248389047,0.11232212816392163
S0,535,0.2,0.06359931153547553,0.2933236958017379,0.1122337862488829
S0,536,0.2,0.08170139420154304,0.2933236958017379,0.1122337862488829
S0,537,0.2,0.10495581875524816,0.293231410825732,0.11214979961569009
S0,538,0.2,0.1348290809262157,0.29309860307759467,0.11176734698255095
S0,539,0.2,0.17320508075688773,0.2927718848759824,0.11164384962424334
S0,540,0.2,0.2225039271491978,0.29261460681833706,0.11125231517038557
S0,541,0.2,0.2858345573956079,0.2931838202207003,0.1112689768402518
S0,542,0.2,0.3671907963528168,0.29402515536377405,0.11175293100393294
S0,543,0.2,0.47170321935428616,0.2974577956387888,0.11064575826273208
S0,544,0.2,0.6059627021136009,0.30328736252795396,0.11011511517393796
S0,545,0.2,0.778436061673405,0.30525632300246636,0.11237323427349766
S0,546,0.2,1.0,0.3053998891072748,0.11179529691279595
S0,547,0.2,2.0,0.3084621622536021,0.11320674129142722
S0,548,0.2,3.0,0.31868634442279375,0.11634696157445999
S0,549,0.2,10.0,0.29142849481746835,0.12593326909355518
S0,550,0.25,0.003,0.2897890471013449,0.11619099362414102
S0,551,0.25,0.005,0.28956095279004307,0.11597489078515726
S0,552,0.25,0.01,0.2889533955567436,0.11538042966198085
S0,553,0.25,0.02,0.29124998661240903,0.11424675361632339
S0,554,0.25,0.03,0.29046745196359536,0.11335975654640441
S0,555,0.25,0.038538810670601456,0.29046745196359536,0.11335975654640441
S0,556,0.25,0.049507997596815526,0.29039690190780676,0.11334639905017006
S0,557,0.25,0.06359931153547553,0.2901885685744734,0.11315441524301362
S0,558,0.25,0.08170139420154304,0.29036893019280496,0.11311208445068087
S0,559,0.25,0.10495581875524816,0.29050066996495566,0.11324483608169679
S0,560,0.25,0.1348290809262157,0.28982503440864227,0.11282231337551818
S0,561,0.25,0.17320508075688773,0.2898160037082015,0.11260675629225939
S0,562,0.25,0.2225039271491978,0.2928412221701672,0.11157514994380308
S0,563,0.25,0.2858345573956079,0.29272687643689743,0.1114859413289551
S0,564,0.25,0.3671907963528168,0.2934747374460199,0.1120062331388805
S0,565,0.25,0.47170321935428616,0.29366144808780603,0.11252583461366564
S0,566,0.25,0.6059627021136009,0.294924619208081,0.11330188344570795
S0,567,0.25,0.778436061673405,0.2954561559678834,0.11324882954866898
S0,568,0.25,1.0,0.30523087444488184,0.11199978332881551
S0,569,0.25,2.0,0.30793857282831116,0.11207678880932988
S0,570,0.25,3.0,0.3187794710360633,0.11650291248240346
S0,571,0.25,10.0,0.29142849481746835,0.12593326909355518
S0,572,0.3,0.003,0.28734875802811755,0.11635843688575695
S0,573,0.3,0.005,0.28920060987996943,0.11550920803297876
S0,574,0.3,0.01,0.291427334490415,0.11452726032875664
S0,575,0.3,0.02,0.29203176818308396,0.11526776569947106
S0,576,0.3,0.03,0.29182012620910686,0.11508899228177791
S0,577,0.3,0.038538810670601456,0.29191833505908743,0.11523018043236105
S0,578,0.3,0.049507997596815526,0.29181204254208065,0.115135556538369
S0,579,0.3,0.06359931153547553,0.2917100017257541,0.11504501394872374
S0,580,0.3,0.08170139420154304,0.2917412127120213,0.11503396197131809
S0,581,0.3,0.10495581875524816,0.29385512944253855,0.11292757713473744
S0,582,0.3,0.1348290809262157,0.29352937948443564,0.11264487082241549
S0,583,0.3,0.17320508075688773,0.2942544811023944,0.11333765395293355
S0,584,0.3,0.2225039271491978,0.2943381612636271,0.1131713631964368
S0,585,0.3,0.2858345573956079,0.2944930994930995,0.11338117365092437
S0,586,0.3,0.3671907963528168,0.29553577782136553,0.1144423819226543
S0,587,0.3,0.47170321935428616,0.29562032606647803,0.11433017278427597
S0,588,0.3,0.6059627021136009,0.29601641392967004,0.11377856908643158
S0,589,0.3,0.778436061673405,0.3003719418758795,0.11206613860194885
S0,590,0.3,1.0,0.30819932717505455,0.11273141781274208
S0,591,0.3,2.0,0.3103943967767313,0.11451047624849905
S0,592,0.3,3.0,0.31980501223922275,0.11657196756227317
S0,593,0.3,10.0,0.29142849481746835,0.12593326909355518
S0,594,0.4,0.003,0.29245132129193274,0.12075055548564376
S0,595,0.4,0.005,0.29245132129193274,0.12075055548564376
S0,596,0.4,0.01,0.2920093007770437,0.12060603821852907
S0,597,0.4,0.02,0.2904151876887248,0.11877698982488641
S0,598,0.4,0.03,0.29016225461117934,0.11860161070882787
S0,599,0.4,0.038538810670601456,0.2899919505830156,0.11847084284737537
S0,600,0.4,0.049507997596815526,0.2899290909707576,0.11791530729408196
S0,601,0.4,0.06359931153547553,0.2900619396942926,0.11774070237173709
S0,602,0.4,0.08170139420154304,0.28997776461011754,0.11766524947705112
S0,603,0.4,0.10495581875524816,0.2898714720931107,0.11757024616419312
S0,604,0.4,0.1348290809262157,0.2910699548489705,0.11908834889809539
S0,605,0.4,0.17320508075688773,0.2910757770055983,0.11906750502484349
S0,606,0.4,0.2225039271491978,0.2913799782365053,0.11919928738548885
S0,607,0.4,0.2858345573956079,0.29339402427637723,0.11798986315941692
S0,608,0.4,0.3671907963528168,0.2937484135800419,0.1171517368956607
S0,609,0.4,0.47170321935428616,0.29751192625965583,0.11689987023020246
S0,610,0.4,0.6059627021136009,0.30417406667406666,0.11968252755536493
S0,611,0.4,0.778436061673405,0.30911422500850017,0.11763599032631882
S0,612,0.4,1.0,0.31635996237992114,0.11667779705324896
S0,613,0.4,2.0,0.3183346711839359,0.11878612231899359
S0,614,0.4,3.0,0.32256422229087967,0.1160191152141759
S0,615,0.4,10.0,0.29142849481746835,0.12593326909355518
S1,0,0.001,0.003,0.09410275649397486,0.025649057884833546
S1,1,0.001,0.005,0.11050287539258127,0.029401281109017897
S1,2,0.001,0.01,0.26197205629215714,0.15142691659876362
S1,3,0.001,0.02,0.33565162583129926,0.13364320970473545
S1,4,0.001,0.03,0.33667253010985326,0.13415691898037838
S1,5,0.001,0.038538810670601456,0.36135426616547894,0.06675100893424113
S1,6,0.001,0.049507997596815526,0.36792858675851003,0.07620935733264134
S1,7,0.001,0.06359931153547553,0.370894769945015,0.08114502219074134
S1,8,0.001,0.08170139420154304,0.3628097303877436,0.07225781279114707
S1,9,0.001,0.10495581875524816,0.3594290411497163,0.07113396669106016
S1,10,0.001,0.1348290809262157,0.3564042274467948,0.07052230399306168
S1,11,0.001,0.17320508075688773,0.35559234310956955,0.07017536024502075
S1,12,0.001,0.2225039271491978,0.31483075492457235,0.06175053356390953
S1,13,0.001,0.2858345573956079,0.315175443507325,0.06211381787297066
S1,14,0.001,0.3671907963528168,0.3139486363973475,0.060740098556654715
S1,15,0.001,0.47170321935428616,0.31285178844346784,0.059251011272580506
S1,16,0.001,0.6059627021136009,0.3123987680322885,0.05883965256028098
S1,17,0.001,0.778436061673405,0.31605671927208656,0.05540099743097256
S1,18,0.001,1.0,0.32539836591014126,0.04839032808477086
S1,19,0.001,2.0,0.33927156224209476,0.0514006673769039
S1,20,0.001,3.0,0.3457170175786227,0.053035842242915306
S1,21,0.001,10.0,0.2972676264369683,0.08824973395445389
S1,22,0.0025,0.003,0.09410275649397486,0.025649057884833546
S1,23,0.0025,0.005,0.11090318271535696,0.02893589908933216
S1,24,0.0025,0.01,0.2611024910747659,0.15213370027652817
S1,25,0.0025,0.02,0.33571993184222826,0.1336717982491584
S1,26,0.0025,0.03,0.3355361664734896,0.13306557658071966
S1,27,0.0025,0.038538810670601456,0.36038968089054885,0.0664886745281404
S1,28,0.0025,0.049507997596815526,0.3676266543913603,0.07608119955939179
S1,29,0.0025,0.06359931153547553,0.36692651597676107,0.07570845819225538
S1,30,0.0025,0.08170139420154304,0.3628097303877436,0.07225781279114707
S1,31,0.0025,0.10495581875524816,0.3595613162819914,0.07117923101316258
S1,32,0.0025,0.1348290809262157,0.35647033003801637,0.07052890061028769
S1,33,0.0025,0.17320508075688773,0.35576926130362796,0.07021592637330315
S1,34,0.0025,0.2225039271491978,0.31483075492457235,0.06175053356390953
S1,35,0.0025,0.2858345573956079,0.31521308277260657,0.06207104260393674
S1,36,0.0025,0.3671907963528168,0.3139486363973475,0.060740098556654715
S1,37,0.0025,0.47170321935428616,0.31285178844346784,0.059251011272580506
S1,38,0.0025,0.6059627021136009,0.3123987680322885,0.05883965256028098
S1,39,0.0025,0.778436061673405,0.31605671927208656,0.05540099743097256
S1,40,0.0025,1.0,0.32539836591014126,0.04839032808477086
S1,41,0.0025,2.0,0.33927156224209476,0.0514006673769039
S1,42,0.0025,3.0,0.34576458226659834,0.05305344086449202
S1,43,0.0025,10.0,0.2973635508600946,0.08825096185479782
S1,44,0.005,0.003,0.09410275649397486,0.025649057884833546
S1,45,0.005,0.005,0.11090318271535696,0.02893589908933216
S1,46,0.005,0.01,0.2611024910747659,0.15213370027652817
S1,47,0.005,0.02,0.33571993184222826,0.1336717982491584
S1,48,0.005,0.03,0.3353157079196977,0.132945316332908
S1,49,0.005,0.038538810670601456,0.36038968089054885,0.0664886745281404
S1,50,0.005,0.049507997596815526,0.36797021180013506,0.07613281859852852
S1,51,0.005,0.06359931153547553,0.36714433237939115,0.0758726694400633
S1,52,0.005,0.08170139420154304,0.3628097303877436,0.07225781279114707
S1,53,0.005,0.10495581875524816,0.3595613162819914,0.07117923101316258
S1,54,0.005,0.1348290809262157,0.3564042274467948,0.07052230399306168
S1,55,0.005,0.17320508075688773,0.35588172194240436,0.07025030703809222
S1,56,0.005,0.2225039271491978,0.31483075492457235,0.06175053356390953
S1,57,0.005,0.2858345573956079,0.315175443507325,0.06211381787297066
S1,58,0.005,0.3671907963528168,0.31400350909269426,0.060798318712429696
S1,59,0.005,0.47170321935428616,0.31285178844346784,0.059251011272580506
S1,60,0.005,0.6059627021136009,0.3123987680322885,0.05883965256028098
S1,61,0.005,0.778436061673405,0.31605671927208656,0.05540099743097256
S1,62,0.005,1.0,0.32539836591014126,0.04839032808477086
S1,63,0.005,2.0,0.33927156224209476,0.0514006673769039
S1,64,0.005,3.0,0.34576458226659834,0.05305344086449202
S1,65,0.005,10.0,0.2972150065939033,0.08807942906058217
S1,66,0.01,0.003,0.3348886235695828,0.13396283324534486
S1,67,0.01,0.005,0.33478582241513277,0.1339840639411007
S1,68,0.01,0.01,0.3447593306547758,0.11271736285686523
S1,69,0.01,0.02,0.36783407583761635,0.07235493158392318
S1,70,0.01,0.03,0.37201380725614414,0.07652113007930722
S1,71,0.01,0.038538810670601456,0.3799686651320045,0.08272457407894203
S1,72,0.01,0.049507997596815526,0.3786580496993672,0.08227019692492009
S1,73,0.01,0.06359931153547553,0.3709631867130842,0.07669007571273806
S1,74,0.01,0.08170139420154304,0.3643867749879162,0.0728881534509836
S1,75,0.01,0.10495581875524816,0.3190631544558167,0.06645942290925129
S1,76,0.01,0.1348290809262157,0.3148305104503875,0.061659455910473344
S1,77,0.01,0.17320508075688773,0.3142150552757377,0.06098522423792738
S1,78,0.01,0.2225039271491978,0.31483075492457235,0.06175053356390953
S1,79,0.01,0.2858345573956079,0.315175443507325,0.06211381787297066
S1,80,0.01,0.3671907963528168,0.31400350909269426,0.060798318712429696
S1,81,0.01,0.47170321935428616,0.31285178844346784,0.059251011272580506
S1,82,0.01,0.6059627021136009,0.3123987680322885,0.05883965256028098
S1,83,0.01,0.778436061673405,0.31605671927208656,0.05540099743097256
S1,84,0.01,1.0,0.32539836591014126,0.04839032808477086
S1,85,0.01,2.0,0.33927156224209476,0.0514006673769039
S1,86,0.01,3.0,0.34576458226659834,0.05305344086449202
S1,87,0.01,10.0,0.2972150065939033,0.08807942906058217
S1,88,0.015,0.003,0.332612730406848,0.11046271586552035
S1,89,0.015,0.005,0.3301343636869952,0.10726788509289192
S1,90,0.015,0.01,0.327012000754885,0.10235959551202663
S1,91,0.015,0.02,0.3297213412037649,0.09734949217180075
S1,92,0.015,0.03,0.3350182851729171,0.08631306183067791
S1,93,0.015,0.038538810670601456,0.33231839226918836,0.0834857780966109
S1,94,0.015,0.049507997596815526,0.3232725058220107,0.07181090229393149
S1,95,0.015,0.06359931153547553,0.3213618467500811,0.06942124935694134
S1,96,0.015,0.08170139420154304,0.3172380266648434,0.06446727648708006
S1,97,0.015,0.10495581875524816,0.31564524616838374,0.06261893020331637
S1,98,0.015,0.1348290809262157,0.3150756206232057,0.061907790988812536
S1,99,0.015,0.17320508075688773,0.3150459043161795,0.062071047644814525
S1,100,0.015,0.2225039271491978,0.3154666702148367,0.06261136728311856
S1,101,0.015,0.2858345573956079,0.3154481605563579,0.06246792613111242
S1,102,0.015,0.3671907963528168,0.31409159929706354,0.06090801813672923
S1,103,0.015,0.47170321935428616,0.31285178844346784,0.059251011272580506
S1,104,0.015,0.6059627021136009,0.3123987680322885,0.05883965256028098
S1,105,0.015,0.778436061673405,0.31605671927208656,0.05540099743097256
S1,106,0.015,1.0,0.32539836591014126,0.04839032808477086
S1,107,0.015,2.0,0.33927156224209476,0.0514006673769039
S1,108,0.015,3.0,0.34576458226659834,0.05305344086449202
S1,109,0.015,10.0,0.2972150065939033,0.08807942906058217
S1,110,0.02,0.003,0.3306282769518064,0.10626035296307472
S1,111,0.02,0.005,0.32843791835019903,0.10480462876079806
S1,112,0.02,0.01,0.3285580755599731,0.10673336386600923
S1,113,0.02,0.02,0.3371512746512747,0.09531834432605334
S1,114,0.02,0.03,0.3258120818960696,0.07512357944616116
S1,115,0.02,0.038538810670601456,0.32160850963192295,0.06987600105459929
S1,116,0.02,0.049507997596815526,0.3187991637991638,0.0665385326409241
S1,117,0.02,0.06359931153547553,0.31690705128205127,0.06426615138614761
S1,118,0.02,0.08170139420154304,0.31645938050916345,0.06367785255409988
S1,119,0.02,0.10495581875524816,0.3159286214110775,0.06298151802400638
S1,120,0.02,0.1348290809262157,0.3154191430674481,0.06234403496369293
S1,121,0.02,0.17320508075688773,0.31554117943220905,0.06271646745059738
S1,122,0.02,0.2225039271491978,0.31581660302090986,0.06305270767883636
S1,123,0.02,0.2858345573956079,0.315506435614633,0.06252602316890427
S1,124,0.02,0.3671907963528168,0.3142609733880864,0.0611047019886063
S1,125,0.02,0.47170321935428616,0.31285178844346784,0.059251011272580506
S1,126,0.02,0.6059627021136009,0.3123987680322885,0.05883965256028098
S1,127,0.02,0.778436061673405,0.31605671927208656,0.05540099743097256
S1,128,0.02,1.0,0.32539836591014126,0.04839032808477086
S1,129,0.02,2.0,0.33927156224209476,0.0514006673769039
S1,130,0.02,3.0,0.34576458226659834,0.05305344086449202
S1,131,0.02,10.0,0.2972150065939033,0.08807942906058217
S1,132,0.025,0.003,0.3324588997958563,0.1087092175536007
S1,133,0.025,0.005,0.3313919425682693,0.10842865373910264
S1,134,0.025,0.01,0.32927144110833345,0.10040103658898965
S1,135,0.025,0.02,0.32641511980102467,0.07558231254514958
S1,136,0.025,0.03,0.31870540197294583,0.06628686579486932
S1,137,0.025,0.038538810670601456,0.3180839105033648,0.06579767824142771
S1,138,0.025,0.049507997596815526,0.3176171655678003,0.06506253420264577
S1,139,0.025,0.06359931153547553,0.3169528707645817,0.06423268833708916
S1,140,0.025,0.08170139420154304,0.3163134666259666,0.06338534485949754
S1,141,0.025,0.10495581875524816,0.3157516468273988,0.06265297669278398
S1,142,0.025,0.1348290809262157,0.31557240914816115,0.06243629219087241
S1,143,0.025,0.17320508075688773,0.3156919488804435,0.06273029485671697
S1,144,0.025,0.2225039271491978,0.316098566339454,0.06337649160515696
S1,145,0.025,0.2858345573956079,0.3155882429118229,0.06272228427709207
S1,146,0.025,0.3671907963528168,0.3142609733880864,0.0611047019886063
S1,147,0.025,0.47170321935428616,0.31285178844346784,0.059251011272580506
S1,148,0.025,0.6059627021136009,0.3123987680322885,0.05883965256028098
S1,149,0.025,0.778436061673405,0.31605671927208656,0.05540099743097256
S1,150,0.025,1.0,0.32539836591014126,0.04839032808477086
S1,151,0.025,2.0,0.33927156224209476,0.0514006673769039
S1,152,0.025,3.0,0.3460165983956306,0.05317488736428894
S1,153,0.025,10.0,0.2972150065939033,0.08807942906058217
S1,154,0.03,0.003,0.3295968125878378,0.10268570367007068
S1,155,0.03,0.005,0.3311982065553494,0.10263066752122395
S1,156,0.03,0.01,0.33750087278313085,0.08245152371455457
S1,157,0.03,0.02,0.3249380052975943,0.06731392147450221
S1,158,0.03,0.03,0.320807539879548,0.06218456223959903
S1,159,0.03,0.038538810670601456,0.32490729319885214,0.05920941024046298
S1,160,0.03,0.049507997596815526,0.3208083103469297,0.062397946601286426
S1,161,0.03,0.06359931153547553,0.3166080600889576,0.06430794826880679
S1,162,0.03,0.08170139420154304,0.3155482085606857,0.06296429207689708
S1,163,0.03,0.10495581875524816,0.315138448018462,0.06243565399778044
S1,164,0.03,0.1348290809262157,0.315037461144802,0.062274567271929794
S1,165,0.03,0.17320508075688773,0.31519715840419704,0.06254630171511213
S1,166,0.03,0.2225039271491978,0.3151009142141865,0.06234285132485122
S1,167,0.03,0.2858345573956079,0.3149002530756977,0.06214156561962483
S1,168,0.03,0.3671907963528168,0.3135386982605017,0.06030407481599826
S1,169,0.03,0.47170321935428616,0.31261913220102233,0.05926541156697503
S1,170,0.03,0.6059627021136009,0.3123987680322885,0.05883965256028098
S1,171,0.03,0.778436061673405,0.31605671927208656,0.05540099743097256
S1,172,0.03,1.0,0.32539836591014126,0.04839032808477086
S1,173,0.03,2.0,0.33927156224209476,0.0514006673769039
S1,174,0.03,3.0,0.34576458226659834,0.05305344086449202
S1,175,0.03,10.0,0.2972150065939033,0.08807942906058217
S1,176,0.035,0.003,0.3276506558323709,0.0925932479455708
S1,177,0.035,0.005,0.3341299677765843,0.07749694551178433
S1,178,0.035,0.01,0.32720923483702946,0.0691796360255057
S1,179,0.035,0.02,0.3244425830885712,0.06660474663707448
S1,180,0.035,0.03,0.32153833088409745,0.06310280582142641
S1,181,0.035,0.038538810670601456,0.3199501385257733,0.06121089837836714
S1,182,0.035,0.049507997596815526,0.3197035416770862,0.06099601997850669
S1,183,0.035,0.06359931153547553,0.3187638421738134,0.060086968454685995
S1,184,0.035,0.08170139420154304,0.3152012829597541,0.06285527312318209
S1,185,0.035,0.10495581875524816,0.3151601990488674,0.06294503712396565
S1,186,0.035,0.1348290809262157,0.31495535090501714,0.06263419002593926
S1,187,0.035,0.17320508075688773,0.31465805709226763,0.062252230234149095
S1,188,0.035,0.2225039271491978,0.3140089014357877,0.061624481657768494
S1,189,0.035,0.2858345573956079,0.3133111816538856,0.06060901122146893
S1,190,0.035,0.3671907963528168,0.3127417965843907,0.05967181636638954
S1,191,0.035,0.47170321935428616,0.31252421301651034,0.05928763528476642
S1,192,0.035,0.6059627021136009,0.3124179963163014,0.0588657353429601
S1,193,0.035,0.778436061673405,0.32002497324034057,0.05183354311710694
S1,194,0.035,1.0,0.32539836591014126,0.04839032808477086
S1,195,0.035,2.0,0.33927156224209476,0.0514006673769039
S1,196,0.035,3.0,0.34576458226659834,0.05305344086449202
S1,197,0.035,10.0,0.2972150065939033,0.08807942906058217
S1,198,0.04,0.003,0.33003515764329305,0.07221613616052788
S1,199,0.04,0.005,0.32813216648447996,0.07001331362287061
S1,200,0.04,0.01,0.3260382326007326,0.06802406244679662
S1,201,0.04,0.02,0.32542542902110416,0.06789104640172497
S1,202,0.04,0.03,0.32113417061333727,0.06301420707662587
S1,203,0.04,0.038538810670601456,0.3198249543758067,0.06140594609320238
S1,204,0.04,0.049507997596815526,0.31942310924208295,0.06060515995921137
S1,205,0.04,0.06359931153547553,0.31946305747231724,0.060802387708023924
S1,206,0.04,0.08170139420154304,0.319227977369516,0.06093248682486545
S1,207,0.04,0.10495581875524816,0.3148123904172291,0.06215324281874267
S1,208,0.04,0.1348290809262157,0.314491279714156,0.06183377976421315
S1,209,0.04,0.17320508075688773,0.31394098542235743,0.06121973841616155
S1,210,0.04,0.2225039271491978,0.31354346225669755,0.0606972418264798
S1,211,0.04,0.2858345573956079,0.31286304557359995,0.06005589588198306
S1,212,0.04,0.3671907963528168,0.3125807265784224,0.05955374216957815
S1,213,0.04,0.47170321935428616,0.312385368615936,0.059186821262169356
S1,214,0.04,0.6059627021136009,0.31199552842485284,0.05838413244894303
S1,215,0.04,0.778436061673405,0.31998002190680186,0.05179873042302616
S1,216,0.04,1.0,0.32539836591014126,0.04839032808477086
S1,217,0.04,2.0,0.33927156224209476,0.0514006673769039
S1,218,0.04,3.0,0.34576458226659834,0.05305344086449202
S1,219,0.04,10.0,0.2972150065939033,0.08807942906058217
S1,220,0.045,0.003,0.32733827948523586,0.06906088703133391
S1,221,0.045,0.005,0.32664352865383794,0.06880924466444183
S1,222,0.045,0.01,0.3256528915564768,0.06814188726685957
S1,223,0.045,0.02,0.32205815995483206,0.0639078710446242
S1,224,0.045,0.03,0.32104747259570754,0.06296163394610316
S1,225,0.045,0.038538810670601456,0.3203542334128465,0.06242223378613551
S1,226,0.045,0.049507997596815526,0.31940262209805576,0.06138935941595362
S1,227,0.045,0.06359931153547553,0.318935838920466,0.060798502119018764
S1,228,0.045,0.08170139420154304,0.3186637493913036,0.06039474236273689
S1,229,0.045,0.10495581875524816,0.31483606593246094,0.06245462011535558
S1,230,0.045,0.1348290809262157,0.31460529538147436,0.0622091201045633
S1,231,0.045,0.17320508075688773,0.3137286087790746,0.0608898195751862
S1,232,0.045,0.2225039271491978,0.31341542577095094,0.06061607779768318
S1,233,0.045,0.2858345573956079,0.3129664192381954,0.06004711115344293
S1,234,0.045,0.3671907963528168,0.3124735115523156,0.05936962324257634
S1,235,0.045,0.47170321935428616,0.3122795012943398,0.059137382453242175
S1,236,0.045,0.6059627021136009,0.31219394112326554,0.05862123915440067
S1,237,0.045,0.778436061673405,0.31985207211468525,0.05167620817662348
S1,238,0.045,1.0,0.32539836591014126,0.04839032808477086
S1,239,0.045,2.0,0.33927156224209476,0.0514006673769039
S1,240,0.045,3.0,0.3460165983956306,0.05317488736428894
S1,241,0.045,10.0,0.2972150065939033,0.08807942906058217
S1,242,0.05,0.003,0.3265255655107572,0.06843579189186183
S1,243,0.05,0.005,0.32598757266041345,0.06764620268444395
S1,244,0.05,0.01,0.3248948241013959,0.06646484062526845
S1,245,0.05,0.02,0.32121690795384505,0.06318740882251582
S1,246,0.05,0.03,0.3208648456650218,0.06307920955430295
S1,247,0.05,0.038538810670601456,0.3204274000101737,0.06269408345890343
S1,248,0.05,0.049507997596815526,0.3198690437766799,0.062020175271229855
S1,249,0.05,0.06359931153547553,0.3191995836308824,0.06110897487899605
S1,250,0.05,0.08170139420154304,0.31862030045023093,0.06021548192694635
S1,251,0.05,0.10495581875524816,0.3170349989080062,0.05820909409369044
S1,252,0.05,0.1348290809262157,0.3166886130581832,0.057811409846828414
S1,253,0.05,0.17320508075688773,0.31390739302136794,0.0613574949714822
S1,254,0.05,0.2225039271491978,0.31331611088449995,0.06062841274542112
S1,255,0.05,0.2858345573956079,0.3159843660146705,0.05676078998118222
S1,256,0.05,0.3671907963528168,0.31221457316423945,0.058995700713060054
S1,257,0.05,0.47170321935428616,0.31204143806474605,0.058865236352864385
S1,258,0.05,0.6059627021136009,0.31247982648909345,0.05894030834638311
S1,259,0.05,0.778436061673405,0.31959858922511364,0.051736911991097374
S1,260,0.05,1.0,0.32530882274521894,0.04834838466757533
S1,261,0.05,2.0,0.33927156224209476,0.0514006673769039
S1,262,0.05,3.0,0.34576458226659834,0.05305344086449202
S1,263,0.05,10.0,0.2972150065939033,0.08807942906058217
S1,264,0.055,0.003,0.32622055011217577,0.06792915792580007
S1,265,0.055,0.005,0.32483984900094454,0.0663072620237969
S1,266,0.055,0.01,0.32243525244476057,0.06383742940079098
S1,267,0.055,0.02,0.32182314395981715,0.06356389171776392
S1,268,0.055,0.03,0.3202157664755692,0.06201638563901944
S1,269,0.055,0.038538810670601456,0.3201133124794092,0.06225882245942604
S1,270,0.055,0.049507997596815526,0.31961558267001816,0.06182100499236843
S1,271,0.055,0.06359931153547553,0.31848935669344136,0.060390094381362676
S1,272,0.055,0.08170139420154304,0.31776363466666263,0.059353436404826605
S1,273,0.055,0.10495581875524816,0.3172649600370017,0.05862939015216287
S1,274,0.055,0.1348290809262157,0.31679091517801194,0.05806416769967748
S1,275,0.055,0.17320508075688773,0.31652226902105185,0.05815200744395171
S1,276,0.055,0.2225039271491978,0.31620214096983135,0.057729348452227075
S1,277,0.055,0.2858345573956079,0.31581346901782725,0.05692711747150028
S1,278,0.055,0.3671907963528168,0.3154347034040932,0.05625903124350788
S1,279,0.055,0.47170321935428616,0.31267119938969434,0.05967950529258924
S1,280,0.055,0.6059627021136009,0.3126280591441196,0.0590479588510002
S1,281,0.055,0.778436061673405,0.3197608793230655,0.05199115624047598
S1,282,0.055,1.0,0.32530882274521894,0.04834838466757533
S1,283,0.055,2.0,0.33927156224209476,0.0514006673769039
S1,284,0.055,3.0,0.34576458226659834,0.05305344086449202
S1,285,0.055,10.0,0.2972150065939033,0.08807942906058217
S1,286,0.06,0.003,0.3235445914738143,0.06502426067403932
S1,287,0.06,0.005,0.3230700082453725,0.06457228145775433
S1,288,0.06,0.01,0.3227337519159328,0.06425810674384896
S1,289,0.06,0.02,0.32192851483612356,0.06328857166378325
S1,290,0.06,0.03,0.3210874124662628,0.0628946791697915
S1,291,0.06,0.038538810670601456,0.3233097856885401,0.05760460401952812
S1,292,0.06,0.049507997596815526,0.32824001492510096,0.05375226556544466
S1,293,0.06,0.06359931153547553,0.32800819265380504,0.05356819001313044
S1,294,0.06,0.08170139420154304,0.3271519401498659,0.05288211959329007
S1,295,0.06,0.10495581875524816,0.32702681502474085,0.052727615467611864
S1,296,0.06,0.1348290809262157,0.32078414417124096,0.05504774696132167
S1,297,0.06,0.17320508075688773,0.32011312121447866,0.05409440708510752
S1,298,0.06,0.2225039271491978,0.316076369452962,0.05758335301230541
S1,299,0.06,0.2858345573956079,0.3158929782578872,0.05728241313064949
S1,300,0.06,0.3671907963528168,0.3155184870587016,0.05643956678525741
S1,301,0.06,0.47170321935428616,0.3128242196983323,0.05979036285617492
S1,302,0.06,0.6059627021136009,0.31572492499877064,0.05596323147273036
S1,303,0.06,0.778436061673405,0.3198603936736574,0.052105590912123315
S1,304,0.06,1.0,0.32550149236393244,0.048640571376585125
S1,305,0.06,2.0,0.33927156224209476,0.0514006673769039
S1,306,0.06,3.0,0.34576458226659834,0.05305344086449202
S1,307,0.06,10.0,0.2972150065939033,0.08807942906058217
S1,308,0.065,0.003,0.3239480865194885,0.06560865210443623
S1,309,0.065,0.005,0.3230812909572518,0.06450530963399854
S1,310,0.065,0.01,0.3219556401452953,0.06334904182916784
S1,311,0.065,0.02,0.32116906214341717,0.0627095703139804
S1,312,0.065,0.03,0.3199995896123613,0.06200557429873302
S1,313,0.065,0.038538810670601456,0.32365293128452616,0.05846573254995987
S1,314,0.065,0.049507997596815526,0.32844768567002436,0.05410787234994507
S1,315,0.065,0.06359931153547553,0.32819444178139834,0.05372509341679865
S1,316,0.065,0.08170139420154304,0.32766568148226183,0.053156354166611526
S1,317,0.065,0.10495581875524816,0.32755322084348537,0.05302238251608569
S1,318,0.065,0.1348290809262157,0.3270688143308861,0.052497161443934764
S1,319,0.065,0.17320508075688773,0.3265977767918762,0.051862491579961166
S1,320,0.065,0.2225039271491978,0.32584380853790795,0.05099274670155038
S1,321,0.065,0.2858345573956079,0.31654332058278234,0.057865577022073
S1,322,0.065,0.3671907963528168,0.3199386711389053,0.053254465076994335
S1,323,0.065,0.47170321935428616,0.31575926622974315,0.05642192348402015
S1,324,0.065,0.6059627021136009,0.31956573927819076,0.05236303505250202
S1,325,0.065,0.778436061673405,0.3199613026420255,0.05223835754831491
S1,326,0.065,1.0,0.32553792834472306,0.0486732746946823
S1,327,0.065,2.0,0.33927156224209476,0.0514006673769039
S1,328,0.065,3.0,0.34576458226659834,0.05305344086449202
S1,329,0.065,10.0,0.2972150065939033,0.08807942906058217
S1,330,0.07,0.003,0.32393953973372547,0.06618480486551814
S1,331,0.07,0.005,0.32354992495907897,0.06571941179021437
S1,332,0.07,0.01,0.322335421233085,0.06409689735822216
S1,333,0.07,0.02,0.32076206545854374,0.06272996805827055
S1,334,0.07,0.03,0.32425480309313937,0.058796063765091715
S1,335,0.07,0.038538810670601456,0.3240005553326453,0.05867054821298479
S1,336,0.07,0.049507997596815526,0.32892447215570386,0.054626710068230326
S1,337,0.07,0.06359931153547553,0.32782379261098327,0.053392318643979086
S1,338,0.07,0.08170139420154304,0.32758133359127517,0.05321268358794967
S1,339,0.07,0.10495581875524816,0.3274108668063972,0.05293172515925589
S1,340,0.07,0.1348290809262157,0.3270036315021736,0.0524097493760034
S1,341,0.07,0.17320508075688773,0.32696539528882224,0.05230816204982924
S1,342,0.07,0.2225039271491978,0.3209940969394751,0.0551202554444465
S1,343,0.07,0.2858345573956079,0.32065043817709105,0.054548432388744024
S1,344,0.07,0.3671907963528168,0.3204167911012019,0.05366526067073494
S1,345,0.07,0.47170321935428616,0.3201520623571185,0.053132186974173504
S1,346,0.07,0.6059627021136009,0.3198468574036924,0.05248688616746688
S1,347,0.07,0.778436061673405,0.3200620390333215,0.052262232374702774
S1,348,0.07,1.0,0.32556005315101855,0.048714491571395645
S1,349,0.07,2.0,0.33927156224209476,0.0514006673769039
S1,350,0.07,3.0,0.34576458226659834,0.05305344086449202
S1,351,0.07,10.0,0.2972150065939033,0.08807942906058217
S1,352,0.075,0.003,0.3241252884326875,0.06675360094317147
S1,353,0.075,0.005,0.3240812042908078,0.06680025928406311
S1,354,0.075,0.01,0.32262604147661617,0.06479693390878412
S1,355,0.075,0.02,0.3208009364108133,0.06269383868555523
S1,356,0.075,0.03,0.32433917346843044,0.058897021339352054
S1,357,0.075,0.038538810670601456,0.32414641767500324,0.05894623520647422
S1,358,0.075,0.049507997596815526,0.3288310312031113,0.05464177815378825
S1,359,0.075,0.06359931153547553,0.3285801651227826,0.0543550789947907
S1,360,0.075,0.08170139420154304,0.32775838382099465,0.05343057130067082
S1,361,0.075,0.10495581875524816,0.3273499775193174,0.0528679160567046
S1,362,0.075,0.1348290809262157,0.3267838411856995,0.052145749114935636
S1,363,0.075,0.17320508075688773,0.32137751911271073,0.05555903351670332
S1,364,0.075,0.2225039271491978,0.32138548801629063,0.055461197818041735
S1,365,0.075,0.2858345573956079,0.31746645263177586,0.058906619998035696
S1,366,0.075,0.3671907963528168,0.32065213795079406,0.05406734301082343
S1,367,0.075,0.47170321935428616,0.3203160376031837,0.05341665305309921
S1,368,0.075,0.6059627021136009,0.32016612810949496,0.05275721727164886
S1,369,0.075,0.778436061673405,0.32001193146712725,0.05219916648689436
S1,370,0.075,1.0,0.3257234357517209,0.04900528863698751
S1,371,0.075,2.0,0.33927156224209476,0.0514006673769039
S1,372,0.075,3.0,0.34576458226659834,0.05305344086449202
S1,373,0.075,10.0,0.2972150065939033,0.08807942906058217
S1,374,0.08,0.003,0.32405466696376095,0.06669723796832688
S1,375,0.08,0.005,0.3241317733990148,0.06686926391812907
S1,376,0.08,0.01,0.3230341077051603,0.06535785095105302
S1,377,0.08,0.02,0.324702828943025,0.059044323724611034
S1,378,0.08,0.03,0.3245828381857794,0.059121611185624104
S1,379,0.08,0.038538810670601456,0.3244443632555774,0.0591094829039334
S1,380,0.08,0.049507997596815526,0.3296685340802988,0.05540773351142534
S1,381,0.08,0.06359931153547553,0.329074176134709,0.05477122496320344
S1,382,0.08,0.08170139420154304,0.3286318776519056,0.054318881335475105
S1,383,0.08,0.10495581875524816,0.3278594210239409,0.05329434202190957
S1,384,0.08,0.1348290809262157,0.3217542075145168,0.05584837630293761
S1,385,0.08,0.17320508075688773,0.3213695535015856,0.05539028097771636
S1,386,0.08,0.2225039271491978,0.31740738014660125,0.05875266346019371
S1,387,0.08,0.2858345573956079,0.3173172522844866,0.05853016567179378
S1,388,0.08,0.3671907963528168,0.3170024396403949,0.05790518805511416
S1,389,0.08,0.47170321935428616,0.3205040845614616,0.05366472317628432
S1,390,0.08,0.6059627021136009,0.3202448806569755,0.05293425662058638
S1,391,0.08,0.778436061673405,0.32596308444907585,0.049351977216410624
S1,392,0.08,1.0,0.3258938802873213,0.04913123631609373
S1,393,0.08,2.0,0.33927156224209476,0.0514006673769039
S1,394,0.08,3.0,0.3460165983956306,0.05317488736428894
S1,395,0.08,10.0,0.2972150065939033,0.08807942906058217
S1,396,0.085,0.003,0.3246091735013712,0.06709433609809874
S1,397,0.085,0.005,0.32445091555518546,0.06696475921536583
S1,398,0.085,0.01,0.3272700970527057,0.0621514545726427
S1,399,0.085,0.02,0.32480258746973667,0.05898354345410823
S1,400,0.085,0.03,0.3245828381857794,0.059121611185624104
S1,401,0.085,0.038538810670601456,0.3299866054049624,0.05563324592042768
S1,402,0.085,0.049507997596815526,0.32983457489578905,0.05550488047257583
S1,403,0.085,0.06359931153547553,0.3296486352886862,0.05528525120543798
S1,404,0.085,0.08170139420154304,0.32905470179611246,0.05443249400204344
S1,405,0.085,0.10495581875524816,0.3280134227281038,0.053144896008591645
S1,406,0.085,0.1348290809262157,0.3219847638044292,0.05582329072173192
S1,407,0.085,0.17320508075688773,0.32174906803038666,0.05535886596454433
S1,408,0.085,0.2225039271491978,0.32158810705042723,0.05518373437422014
S1,409,0.085,0.2858345573956079,0.31725150523120466,0.058303140680607025
S1,410,0.085,0.3671907963528168,0.3169548331787538,0.0578340492968963
S1,411,0.085,0.47170321935428616,0.3203444309966357,0.05341261659913631
S1,412,0.085,0.6059627021136009,0.3200142238101014,0.05267490841334919
S1,413,0.085,0.778436061673405,0.3257347527879924,0.049204669166825137
S1,414,0.085,1.0,0.3259137805880147,0.04907517815588
S1,415,0.085,2.0,0.33927156224209476,0.0514006673769039
S1,416,0.085,3.0,0.3460165983956306,0.05317488736428894
S1,417,0.085,10.0,0.2972150065939033,0.08807942906058217
S1,418,0.09,0.003,0.3290924458183139,0.06401972919667497
S1,419,0.09,0.005,0.3286525071869899,0.06355266208330017
S1,420,0.09,0.01,0.32673695379288803,0.06141422174518492
S1,421,0.09,0.02,0.3253891942185525,0.05977153262909916
S1,422,0.09,0.03,0.33036960647143016,0.055549052549309856
S1,423,0.09,0.038538810670601456,0.33020383896640143,0.05571010200020621
S1,424,0.09,0.049507997596815526,0.3300799865400706,0.0555602195456858
S1,425,0.09,0.06359931153547553,0.3295148504318011,0.054903870303533345
S1,426,0.09,0.08170139420154304,0.32859323617685354,0.05384037753081417
S1,427,0.09,0.10495581875524816,0.3277396472955545,0.05277617395845071
S1,428,0.09,0.1348290809262157,0.3273384607681528,0.052229588165484044
S1,429,0.09,0.17320508075688773,0.32747607799984674,0.05230966009690411
S1,430,0.09,0.2225039271491978,0.32717288186731985,0.051814814515946266
S1,431,0.09,0.2858345573956079,0.3212277767169379,0.0546870458496622
S1,432,0.09,0.3671907963528168,0.3168940371088803,0.05768477449395467
S1,433,0.09,0.47170321935428616,0.32062724308047863,0.05369900095381163
S1,434,0.09,0.6059627021136009,0.32542649884866837,0.04935755641377406
S1,435,0.09,0.778436061673405,0.32571067762390143,0.04936152591869393
S1,436,0.09,1.0,0.32623487623487624,0.049551298082339136
S1,437,0.09,2.0,0.33927156224209476,0.0514006673769039
S1,438,0.09,3.0,0.34576458226659834,0.05305344086449202
S1,439,0.09,10.0,0.2972150065939033,0.08807942906058217
S1,440,0.095,0.003,0.32878054785785565,0.0634243651862845
S1,441,0.095,0.005,0.32806076714613297,0.06268140412470868
S1,442,0.095,0.01,0.3268101109590191,0.06121026837536967
S1,443,0.095,0.02,0.32629031513242635,0.06063846904937473
S1,444,0.095,0.03,0.3312468170432865,0.0565995985483376
S1,445,0.095,0.038538810670601456,0.33092589953486895,0.05622528312132327
S1,446,0.095,0.049507997596815526,0.3300932829978942,0.05519883843492098
S1,447,0.095,0.06359931153547553,0.3289413078373208,0.05379789673869097
S1,448,0.095,0.08170139420154304,0.3279415790367331,0.05258986811824513
S1,449,0.095,0.10495581875524816,0.3274431648276885,0.05211103763563031
S1,450,0.095,0.1348290809262157,0.32745244443685073,0.05225659876653234
S1,451,0.095,0.17320508075688773,0.3274398618619357,0.052245141947544926
S1,452,0.095,0.2225039271491978,0.3271470367942634,0.051623368880838905
S1,453,0.095,0.2858345573956079,0.3270501084922065,0.05146746000597453
S1,454,0.095,0.3671907963528168,0.32688546570793664,0.05139422584807558
S1,455,0.095,0.47170321935428616,0.32603960471937243,0.05037101199019359
S1,456,0.095,0.6059627021136009,0.32546047125749566,0.049302213698220215
S1,457,0.095,0.778436061673405,0.32565794960992084,0.04924469636526371
S1,458,0.095,1.0,0.32606303524507213,0.049577209275480226
S1,459,0.095,2.0,0.33927156224209476,0.0514006673769039
S1,460,0.095,3.0,0.3460165983956306,0.05317488736428894
S1,461,0.095,10.0,0.2972150065939033,0.08807942906058217
S1,462,0.1,0.003,0.3288345285084415,0.06329121678102202
S1,463,0.1,0.005,0.32800353271389854,0.0624182139328861
S1,464,0.1,0.01,0.32701291043988223,0.06125182801481999
S1,465,0.1,0.02,0.3267553381880131,0.060956176162111124
S1,466,0.1,0.03,0.33146241187434083,0.056828160773053055
S1,467,0.1,0.038538810670601456,0.33037956507138533,0.05562742994500604
S1,468,0.1,0.049507997596815526,0.32947719108433393,0.054632617093947025
S1,469,0.1,0.06359931153547553,0.32862431847048723,0.05350901911670189
S1,470,0.1,0.08170139420154304,0.3281357348791559,0.052826067628613686
S1,471,0.1,0.10495581875524816,0.3278547972129287,0.05245189739777628
S1,472,0.1,0.1348290809262157,0.3277323539021644,0.05228109977279269
S1,473,0.1,0.17320508075688773,0.3273903671418983,0.05210992716310754
S1,474,0.1,0.2225039271491978,0.3269486240958507,0.05138806774545632
S1,475,0.1,0.2858345573956079,0.3270501084922065,0.05146746000597453
S1,476,0.1,0.3671907963528168,0.3267646927610767,0.05125504062270016
S1,477,0.1,0.47170321935428616,0.3257027342174076,0.05000580241546223
S1,478,0.1,0.6059627021136009,0.3250955208306416,0.04888073000242372
S1,479,0.1,0.778436061673405,0.3256550483910943,0.04926822248025437
S1,480,0.1,1.0,0.32637333829711324,0.04994482437757769
S1,481,0.1,2.0,0.33927156224209476,0.0514006673769039
S1,482,0.1,3.0,0.34576458226659834,0.05305344086449202
S1,483,0.1,10.0,0.2972150065939033,0.08807942906058217
S1,484,0.125,0.003,0.3282267115600449,0.06256829757302837
S1,485,0.125,0.005,0.32750396687178296,0.06195421524365992
S1,486,0.125,0.01,0.3310892950440364,0.05652484773325257
S1,487,0.125,0.02,0.33052486672278336,0.056279815943251606
S1,488,0.125,0.03,0.32994643413604585,0.05544813481894917
S1,489,0.125,0.038538810670601456,0.3290872248319057,0.05445011483653259
S1,490,0.125,0.049507997596815526,0.3286644082687487,0.05394594207063826
S1,491,0.125,0.06359931153547553,0.3281494807111505,0.05342271014539755
S1,492,0.125,0.08170139420154304,0.3282871304133929,0.05356873556155078
S1,493,0.125,0.10495581875524816,0.32831359105503516,0.05361333820822196
S1,494,0.125,0.1348290809262157,0.3280080716801074,0.05287054011592201
S1,495,0.125,0.17320508075688773,0.3278876705544252,0.05268559122845799
S1,496,0.125,0.2225039271491978,0.3277039511758536,0.05220354832356032
S1,497,0.125,0.2858345573956079,0.32740108143132385,0.05182711086767646
S1,498,0.125,0.3671907963528168,0.3277100810296849,0.05197490018350031
S1,499,0.125,0.47170321935428616,0.32749186527216756,0.05163453712271246
S1,500,0.125,0.6059627021136009,0.327296992995033,0.05138717411524967
S1,501,0.125,0.778436061673405,0.3261421165241676,0.04975057339522215
S1,502,0.125,1.0,0.3274160991447941,0.05113202907577814
S1,503,0.125,2.0,0.33931423163960284,0.05141988525554028
S1,504,0.125,3.0,0.34576458226659834,0.05305344086449202
S1,505,0.125,10.0,0.2972150065939033,0.08807942906058217
S1,506,0.15,0.003,0.3282265857265857,0.06269247499994028
S1,507,0.15,0.005,0.3281802881480069,0.06272682193123627
S1,508,0.15,0.01,0.3281876456876457,0.06273323874535552
S1,509,0.15,0.02,0.3326628664357323,0.05788590060634683
S1,510,0.15,0.03,0.33208629867115086,0.05726479845641788
S1,511,0.15,0.038538810670601456,0.33132944381214086,0.05664038569987042
S1,512,0.15,0.049507997596815526,0.33061143866969067,0.05585819059896554
S1,513,0.15,0.06359931153547553,0.3299576278769089,0.05504835144369841
S1,514,0.15,0.08170139420154304,0.32998101003067315,0.055120413732998315
S1,515,0.15,0.10495581875524816,0.329052452242319,0.053981572043857964
S1,516,0.15,0.1348290809262157,0.329052452242319,0.053981572043857964
S1,517,0.15,0.17320508075688773,0.3287067099567099,0.053522698023730525
S1,518,0.15,0.2225039271491978,0.3282146743901915,0.05306163925012208
S1,519,0.15,0.2858345573956079,0.32812760577767386,0.0528973297842038
S1,520,0.15,0.3671907963528168,0.32842915890374413,0.052966937453183344
S1,521,0.15,0.47170321935428616,0.32784385578635494,0.05203931886628504
S1,522,0.15,0.6059627021136009,0.3275112330450453,0.05157316752432171
S1,523,0.15,0.778436061673405,0.32746509602104057,0.05101279586174855
S1,524,0.15,1.0,0.32820644354000933,0.05142777624292147
S1,525,0.15,2.0,0.33970713650347245,0.05140831517832605
S1,526,0.15,3.0,0.34576458226659834,0.05305344086449202
S1,527,0.15,10.0,0.2972150065939033,0.08807942906058217
S1,528,0.2,0.003,0.3236605032705525,0.06537265827468539
S1,529,0.2,0.005,0.3233426447272548,0.06504607259954294
S1,530,0.2,0.01,0.32344427074351495,0.06513958468194088
S1,531,0.2,0.02,0.3270085236574318,0.0613881295075292
S1,532,0.2,0.03,0.32596194794907146,0.06026893421914462
S1,533,0.2,0.038538810670601456,0.3257365898866109,0.060125960741360486
S1,534,0.2,0.049507997596815526,0.3251878520225294,0.05947428905934869
S1,535,0.2,0.06359931153547553,0.3247446680412875,0.05879198765959041
S1,536,0.2,0.08170139420154304,0.32450102529049896,0.05831368699330907
S1,537,0.2,0.10495581875524816,0.32384315847551143,0.05753426717857947
S1,538,0.2,0.1348290809262157,0.32360955061995234,0.05726271026256799
S1,539,0.2,0.17320508075688773,0.3235277083258453,0.0572066839097565
S1,540,0.2,0.2225039271491978,0.32321736725806494,0.0570835504510866
S1,541,0.2,0.2858345573956079,0.3287056110351436,0.053630561557361095
S1,542,0.2,0.3671907963528168,0.32855394003418514,0.05328378385008018
S1,543,0.2,0.47170321935428616,0.3284588933994441,0.05302689342588775
S1,544,0.2,0.6059627021136009,0.3280406791961414,0.052574711172348416
S1,545,0.2,0.778436061673405,0.32798038530720247,0.05191158278871462
S1,546,0.2,1.0,0.3273332280050449,0.050728047213254225
S1,547,0.2,2.0,0.33967121883788554,0.05126517178358361
S1,548,0.2,3.0,0.34590347115548725,0.05310577074397046
S1,549,0.2,10.0,0.2972150065939033,0.08807942906058217
S1,550,0.25,0.003,0.3219245648383422,0.06416498625015789
S1,551,0.25,0.005,0.32121200331984645,0.06324756142230831
S1,552,0.25,0.01,0.32132436065681136,0.0633007542386299
S1,553,0.25,0.02,0.31998407107441124,0.06165068715152498
S1,554,0.25,0.03,0.3195174421151352,0.061051101865195884
S1,555,0.25,0.038538810670601456,0.3190048004936749,0.06045954170215787
S1,556,0.25,0.049507997596815526,0.31870221566227475,0.06011256304442231
S1,557,0.25,0.06359931153547553,0.31870221566227475,0.06011256304442231
S1,558,0.25,0.08170139420154304,0.3187425724822579,0.06022735063699151
S1,559,0.25,0.10495581875524816,0.3185440320266136,0.059858687722189496
S1,560,0.25,0.1348290809262157,0.3185440320266136,0.059858687722189496
S1,561,0.25,0.17320508075688773,0.3224494786155532,0.05626061080722321
S1,562,0.25,0.2225039271491978,0.3222445683537437,0.05577315947278507
S1,563,0.25,0.2858345573956079,0.32231310756639137,0.055708396041208925
S1,564,0.25,0.3671907963528168,0.32258406238953696,0.05591385586454533
S1,565,0.25,0.47170321935428616,0.3285556459029463,0.052926726164920314
S1,566,0.25,0.6059627021136009,0.3281442146266383,0.05235281906315582
S1,567,0.25,0.778436061673405,0.3279213267709062,0.05138438140158662
S1,568,0.25,1.0,0.3282255719486795,0.05117956880259831
S1,569,0.25,2.0,0.3404630785351609,0.051082130824868566
S1,570,0.25,3.0,0.3453778408998862,0.05254769755395831
S1,571,0.25,10.0,0.2972150065939033,0.08807942906058217
S1,572,0.3,0.003,0.3200315436595924,0.06140221170956717
S1,573,0.3,0.005,0.3201283303417449,0.06150128386288937
S1,574,0.3,0.01,0.3199163039610194,0.06132399305879322
S1,575,0.3,0.02,0.3203139146954478,0.061823142476659716
S1,576,0.3,0.03,0.31970843834362495,0.06134519517201067
S1,577,0.3,0.038538810670601456,0.3196033963268182,0.06113331172637611
S1,578,0.3,0.049507997596815526,0.31947112119454313,0.06096697219936242
S1,579,0.3,0.06359931153547553,0.3193186821701528,0.06077613963979005
S1,580,0.3,0.08170139420154304,0.31909233331575526,0.06050996549596286
S1,581,0.3,0.10495581875524816,0.318781640563202,0.06015678397937342
S1,582,0.3,0.1348290809262157,0.31890994955779006,0.060269092555570766
S1,583,0.3,0.17320508075688773,0.3189567716864937,0.06023035724029879
S1,584,0.3,0.2225039271491978,0.31858918787213364,0.05968665970824165
S1,585,0.3,0.2858345573956079,0.32248799725398053,0.05595967715369949
S1,586,0.3,0.3671907963528168,0.32258712508945564,0.05597526145156023
S1,587,0.3,0.47170321935428616,0.32268129561007464,0.055848036004417886
S1,588,0.3,0.6059627021136009,0.328743796777609,0.052868723615995046
S1,589,0.3,0.778436061673405,0.32868920779879685,0.051753632984715844
S1,590,0.3,1.0,0.32947290906761284,0.051898980362539114
S1,591,0.3,2.0,0.333345297051063,0.051451289661674574
S1,592,0.3,3.0,0.34538244266505136,0.051646079557813446
S1,593,0.3,10.0,0.2972150065939033,0.08807942906058217
S1,594,0.4,0.003,0.31670365298919967,0.06922935639946813
S1,595,0.4,0.005,0.3154489470831797,0.06766570363337841
S1,596,0.4,0.01,0.3148570315230935,0.0670195553698819
S1,597,0.4,0.02,0.3145144403910287,0.0666896226522474
S1,598,0.4,0.03,0.314230204430577,0.0664333978065719
S1,599,0.4,0.038538810670601456,0.3141511168514894,0.06631965907853637
S1,600,0.4,0.049507997596815526,0.31417796393052716,0.06629061326542268
S1,601,0.4,0.06359931153547553,0.31417796393052716,0.06629061326542268
S1,602,0.4,0.08170139420154304,0.31634033972095177,0.06337706871463773
S1,603,0.4,0.10495581875524816,0.31610706949335365,0.06310321593542088
S1,604,0.4,0.1348290809262157,0.31610706949335365,0.06310321593542088
S1,605,0.4,0.17320508075688773,0.3162522495165825,0.06328332394212344
S1,606,0.4,0.2225039271491978,0.315965789955998,0.06266886604664729
S1,607,0.4,0.2858345573956079,0.3159016727866177,0.06248978155975015
S1,608,0.4,0.3671907963528168,0.3188319061872051,0.05903780773779654
S1,609,0.4,0.47170321935428616,0.318983601802268,0.05903284938833529
S1,610,0.4,0.6059627021136009,0.31919362497842035,0.05878170037845749
S1,611,0.4,0.778436061673405,0.32416215287555183,0.054959328343966524
S1,612,0.4,1.0,0.32995611102157957,0.05171938579803888
S1,613,0.4,2.0,0.33326585292311095,0.051339742336563556
S1,614,0.4,3.0,0.3437777003714354,0.05029893199197032
S1,615,0.4,10.0,0.2972150065939033,0.08807942906058217
S2,0,0.001,0.003,0.11267754229738967,0.01066369221135164
S2,1,0.001,0.005,0.1556812001345249,0.05692543059356156
S2,2,0.001,0.01,0.2652552445865516,0.1520716566598878
S2,3,0.001,0.02,0.32905055646166115,0.1390639940254159
S2,4,0.001,0.03,0.3244238301381158,0.13709803182774463
S2,5,0.001,0.038538810670601456,0.32751189407178444,0.12312949780050103
S2,6,0.001,0.049507997596815526,0.3195365989090648,0.11713372121410562
S2,7,0.001,0.06359931153547553,0.32024352531668776,0.12089183473316656
S2,8,0.001,0.08170139420154304,0.32150678339696614,0.12370367175024921
S2,9,0.001,0.10495581875524816,0.32099613816943784,0.12369619631271034
S2,10,0.001,0.1348290809262157,0.32353846985711976,0.12654775928041823
S2,11,0.001,0.17320508075688773,0.32446853243459467,0.1275315873710571
S2,12,0.001,0.2225039271491978,0.28353866807896677,0.1099220692853737
S2,13,0.001,0.2858345573956079,0.286277627901244,0.10930539492636088
S2,14,0.001,0.3671907963528168,0.29431983417148533,0.10932778144635362
S2,15,0.001,0.47170321935428616,0.29645922949506637,0.11035369209853499
S2,16,0.001,0.6059627021136009,0.29846995865262926,0.10969974066478902
S2,17,0.001,0.778436061673405,0.29577491138216283,0.10895162189655275
S2,18,0.001,1.0,0.30017411242671316,0.10836225051724557
S2,19,0.001,2.0,0.3088785413112117,0.1113679106066322
S2,20,0.001,3.0,0.3024160886357178,0.10877160029918309
S2,21,0.001,10.0,0.2883608926201891,0.10256590804483802
S2,22,0.0025,0.003,0.11267754229738967,0.01066369221135164
S2,23,0.0025,0.005,0.154765449218774,0.05715393581957025
S2,24,0.0025,0.01,0.2652552445865516,0.1520716566598878
S2,25,0.0025,0.02,0.32896414205047275,0.13931362630637806
S2,26,0.0025,0.03,0.3243888161325136,0.13706825701356626
S2,27,0.0025,0.038538810670601456,0.32726217557263804,0.12294995857554875
S2,28,0.0025,0.049507997596815526,0.31884215446462033,0.11649159588617997
S2,29,0.0025,0.06359931153547553,0.3200949810504964,0.12080349338353887
S2,30,0.0025,0.08170139420154304,0.3207324470192117,0.12297051857835502
S2,31,0.0025,0.10495581875524816,0.32099613816943784,0.12369619631271034
S2,32,0.0025,0.1348290809262157,0.32353846985711976,0.12654775928041823
S2,33,0.0025,0.17320508075688773,0.3241606506611957,0.12721034781901605
S2,34,0.0025,0.2225039271491978,0.28353866807896677,0.1099220692853737
S2,35,0.0025,0.2858345573956079,0.286277627901244,0.10930539492636088
S2,36,0.0025,0.3671907963528168,0.29431983417148533,0.10932778144635362
S2,37,0.0025,0.47170321935428616,0.29652533208628795,0.11040847256450402
S2,38,0.0025,0.6059627021136009,0.2984116835943542,0.10965456603606784
S2,39,0.0025,0.778436061673405,0.29572600684382166,0.10891322331915006
S2,40,0.0025,1.0,0.3000760732110269,0.10826474857615237
S2,41,0.0025,2.0,0.3088785413112117,0.1113679106066322
S2,42,0.0025,3.0,0.30239036847110873,0.10875552715649218
S2,43,0.0025,10.0,0.2887905198250026,0.1020121825700833
S2,44,0.005,0.003,0.11267754229738967,0.01066369221135164
S2,45,0.005,0.005,0.154765449218774,0.05715393581957025
S2,46,0.005,0.01,0.2652552445865516,0.1520716566598878
S2,47,0.005,0.02,0.3293487574350882,0.1396366398542214
S2,48,0.005,0.03,0.3243888161325136,0.13706825701356626
S2,49,0.005,0.038538810670601456,0.32726217557263804,0.12294995857554875
S2,50,0.005,0.049507997596815526,0.31884215446462033,0.11649159588617997
S2,51,0.005,0.06359931153547553,0.3200675687697947,0.12079316364686751
S2,52,0.005,0.08170139420154304,0.3204960403998264,0.12282868227088971
S2,53,0.005,0.10495581875524816,0.32099613816943784,0.12369619631271034
S2,54,0.005,0.1348290809262157,0.32342283618459433,0.1264863300770606
S2,55,0.005,0.17320508075688773,0.3241606506611957,0.12721034781901605
S2,56,0.005,0.2225039271491978,0.28353866807896677,0.1099220692853737
S2,57,0.005,0.2858345573956079,0.28633416340554074,0.10935913099982046
S2,58,0.005,0.3671907963528168,0.29431983417148533,0.10932778144635362
S2,59,0.005,0.47170321935428616,0.29652533208628795,0.11040847256450402
S2,60,0.005,0.6059627021136009,0.2984116835943542,0.10965456603606784
S2,61,0.005,0.778436061673405,0.29572600684382166,0.10891322331915006
S2,62,0.005,1.0,0.30017411242671316,0.10836225051724557
S2,63,0.005,2.0,0.3088785413112117,0.1113679106066322
S2,64,0.005,3.0,0.30239036847110873,0.10875552715649218
S2,65,0.005,10.0,0.2883738531583359,0.10267849340213547
S2,66,0.01,0.003,0.326933504845933,0.1385266669573469
S2,67,0.01,0.005,0.3260835523293138,0.13797273291486006
S2,68,0.01,0.01,0.32710123303732747,0.13835360606870922
S2,69,0.01,0.02,0.3298479717044296,0.12341473147060628
S2,70,0.01,0.03,0.3268760653915116,0.12289138278236664
S2,71,0.01,0.038538810670601456,0.3221010197500981,0.12135764678475483
S2,72,0.01,0.049507997596815526,0.3219553148281219,0.12208765011738686
S2,73,0.01,0.06359931153547553,0.32112309278982243,0.1230742390422374
S2,74,0.01,0.08170139420154304,0.3210755186048231,0.1236757328581726
S2,75,0.01,0.10495581875524816,0.32109171459703845,0.1238688986569097
S2,76,0.01,0.1348290809262157,0.28171454447630256,0.1094600013885475
S2,77,0.01,0.17320508075688773,0.282493983994529,0.11001578496931574
S2,78,0.01,0.2225039271491978,0.28353866807896677,0.1099220692853737
S2,79,0.01,0.2858345573956079,0.28633416340554074,0.10935913099982046
S2,80,0.01,0.3671907963528168,0.29431983417148533,0.10932778144635362
S2,81,0.01,0.47170321935428616,0.29652533208628795,0.11040847256450402
S2,82,0.01,0.6059627021136009,0.2984116835943542,0.10965456603606784
S2,83,0.01,0.778436061673405,0.29572600684382166,0.10891322331915006
S2,84,0.01,1.0,0.30017411242671316,0.10836225051724557
S2,85,0.01,2.0,0.3088785413112117,0.1113679106066322
S2,86,0.01,3.0,0.30239036847110873,0.10875552715649218
S2,87,0.01,10.0,0.2883738531583359,0.10267849340213547
S2,88,0.015,0.003,0.29876321652692084,0.13091857750773658
S2,89,0.015,0.005,0.29679880197322056,0.13233616488561004
S2,90,0.015,0.01,0.29445184445184447,0.13107695566457583
S2,91,0.015,0.02,0.293840699029318,0.12484019173408395
S2,92,0.015,0.03,0.29134850940290336,0.11796635286897521
S2,93,0.015,0.038538810670601456,0.2905888847524578,0.11352717513254403
S2,94,0.015,0.049507997596815526,0.2877381771889831,0.11225529489032669
S2,95,0.015,0.06359931153547553,0.2823501760637506,0.11312845359342152
S2,96,0.015,0.08170139420154304,0.28345543345543345,0.11233249942422377
S2,97,0.015,0.10495581875524816,0.2826376470331521,0.11163522970260277
S2,98,0.015,0.1348290809262157,0.2831618341203439,0.11041436526228046
S2,99,0.015,0.17320508075688773,0.28337795965490575,0.10996582816336727
S2,100,0.015,0.2225039271491978,0.28549295692936044,0.10927380195823327
S2,101,0.015,0.2858345573956079,0.28624187842953486,0.10927146238359312
S2,102,0.015,0.3671907963528168,0.29431983417148533,0.10932778144635362
S2,103,0.015,0.47170321935428616,0.29652533208628795,0.11040847256450402
S2,104,0.015,0.6059627021136009,0.2984116835943542,0.10965456603606784
S2,105,0.015,0.778436061673405,0.29572600684382166,0.10891322331915006
S2,106,0.015,1.0,0.30017411242671316,0.10836225051724557
S2,107,0.015,2.0,0.3088785413112117,0.1113679106066322
S2,108,0.015,3.0,0.30239036847110873,0.10875552715649218
S2,109,0.015,10.0,0.2883738531583359,0.10267849340213547
S2,110,0.02,0.003,0.29280847418577083,0.13191423880086128
S2,111,0.02,0.005,0.28966925851079167,0.131397531270428
S2,112,0.02,0.01,0.28870475762917874,0.12886657272766555
S2,113,0.02,0.02,0.2896629854194802,0.11765143366258372
S2,114,0.02,0.03,0.2902905718329487,0.11440479280854533
S2,115,0.02,0.038538810670601456,0.29007142236963196,0.11263583052062807
S2,116,0.02,0.049507997596815526,0.2871220386702246,0.11266623637214257
S2,117,0.02,0.06359931153547553,0.2836387306253378,0.11407133399706827
S2,118,0.02,0.08170139420154304,0.28420711792687603,0.11478876602256424
S2,119,0.02,0.10495581875524816,0.28432235814947204,0.11369535773860803
S2,120,0.02,0.1348290809262157,0.2838943393734665,0.11207170353702982
S2,121,0.02,0.17320508075688773,0.28452749331983873,0.11139103068203773
S2,122,0.02,0.2225039271491978,0.28548252065017227,0.11029276452551998
S2,123,0.02,0.2858345573956079,0.28749594755099583,0.10983152318240665
S2,124,0.02,0.3671907963528168,0.2947329140375781,0.10936621900677868
S2,125,0.02,0.47170321935428616,0.29652533208628795,0.11040847256450402
S2,126,0.02,0.6059627021136009,0.2984116835943542,0.10965456603606784
S2,127,0.02,0.778436061673405,0.29572600684382166,0.10891322331915006
S2,128,0.02,1.0,0.30017411242671316,0.10836225051724557
S2,129,0.02,2.0,0.3088785413112117,0.1113679106066322
S2,130,0.02,3.0,0.30239036847110873,0.10875552715649218
S2,131,0.02,10.0,0.2883738531583359,0.10267849340213547
S2,132,0.025,0.003,0.2887802716607064,0.12957978152409916
S2,133,0.025,0.005,0.2864123008425857,0.12669647249360919
S2,134,0.025,0.01,0.287730463980464,0.1216066959492941
S2,135,0.025,0.02,0.28966284476341947,0.11650423570200326
S2,136,0.025,0.03,0.2916719237552571,0.11563939444597662
S2,137,0.025,0.038538810670601456,0.2931948354573884,0.1150572385211617
S2,138,0.025,0.049507997596815526,0.2913780423887212,0.11504084247183735
S2,139,0.025,0.06359931153547553,0.2897923997704699,0.11537876892190382
S2,140,0.025,0.08170139420154304,0.28907603460652165,0.1146630233804724
S2,141,0.025,0.10495581875524816,0.28739548058003894,0.11342154880347141
S2,142,0.025,0.1348290809262157,0.28643517762488735,0.11272243278352875
S2,143,0.025,0.17320508075688773,0.2856810464201748,0.11189659528409883
S2,144,0.025,0.2225039271491978,0.2880545181035377,0.11027663802420534
S2,145,0.025,0.2858345573956079,0.2942735193712125,0.11030842071386611
S2,146,0.025,0.3671907963528168,0.2952114706281373,0.1101511528923694
S2,147,0.025,0.47170321935428616,0.29652533208628795,0.11040847256450402
S2,148,0.025,0.6059627021136009,0.2984116835943542,0.10965456603606784
S2,149,0.025,0.778436061673405,0.29572600684382166,0.10891322331915006
S2,150,0.025,1.0,0.30017411242671316,0.10836225051724557
S2,151,0.025,2.0,0.3088785413112117,0.1113679106066322
S2,152,0.025,3.0,0.30239036847110873,0.10875552715649218
S2,153,0.025,10.0,0.2883738531583359,0.10267849340213547
S2,154,0.03,0.003,0.28950062693870743,0.12246349534351081
S2,155,0.03,0.005,0.2894982587655001,0.1204817563094366
S2,156,0.03,0.01,0.28834296519493374,0.11805920396326784
S2,157,0.03,0.02,0.290275768581928,0.11688530027186994
S2,158,0.03,0.03,0.2912897509208284,0.11734375628936963
S2,159,0.03,0.038538810670601456,0.2915473415473415,0.11773375128696006
S2,160,0.03,0.049507997596815526,0.2901190329543988,0.11588441968842993
S2,161,0.03,0.06359931153547553,0.28721644749946684,0.11453585442862098
S2,162,0.03,0.08170139420154304,0.2857640456546482,0.11365920145534421
S2,163,0.03,0.10495581875524816,0.28525705623751557,0.11215102597744249
S2,164,0.03,0.1348290809262157,0.2845153417280516,0.11124167856578877
S2,165,0.03,0.17320508075688773,0.288272219504027,0.11016602644844437
S2,166,0.03,0.2225039271491978,0.28842467903832425,0.10968204255420497
S2,167,0.03,0.2858345573956079,0.2914719714015973,0.11017584230007081
S2,168,0.03,0.3671907963528168,0.2957834242527606,0.11037125422142377
S2,169,0.03,0.47170321935428616,0.2963530667977436,0.11026598782347982
S2,170,0.03,0.6059627021136009,0.2984116835943542,0.10965456603606784
S2,171,0.03,0.778436061673405,0.29572600684382166,0.10891322331915006
S2,172,0.03,1.0,0.30017411242671316,0.10836225051724557
S2,173,0.03,2.0,0.3088785413112117,0.1113679106066322
S2,174,0.03,3.0,0.30239036847110873,0.10875552715649218
S2,175,0.03,10.0,0.2883738531583359,0.10267849340213547
S2,176,0.035,0.003,0.2900184451771139,0.12136719177944143
S2,177,0.035,0.005,0.28996644050823617,0.11984071343803182
S2,178,0.035,0.01,0.2890133223941241,0.11789939696361293
S2,179,0.035,0.02,0.29099099753861657,0.11788936324551001
S2,180,0.035,0.03,0.2881246039508782,0.11668870558695722
S2,181,0.035,0.038538810670601456,0.2877982978457662,0.11505835103061138
S2,182,0.035,0.049507997596815526,0.2866017633280108,0.11357867493012407
S2,183,0.035,0.06359931153547553,0.2849404545540783,0.11232291697796483
S2,184,0.035,0.08170139420154304,0.28363131890191096,0.11105729400250658
S2,185,0.035,0.10495581875524816,0.2837005910363961,0.11038145897575277
S2,186,0.035,0.1348290809262157,0.28486857220940415,0.10928633149514215
S2,187,0.035,0.17320508075688773,0.2868555472226949,0.10904351428579087
S2,188,0.035,0.2225039271491978,0.28847916775548355,0.10965950569775716
S2,189,0.035,0.2858345573956079,0.2919688334564242,0.10931500791200023
S2,190,0.035,0.3671907963528168,0.2955306917062088,0.10995334828778842
S2,191,0.035,0.47170321935428616,0.29637113929069714,0.11028089412102104
S2,192,0.035,0.6059627021136009,0.29846995865262926,0.10969974066478902
S2,193,0.035,0.778436061673405,0.29572600684382166,0.10891322331915006
S2,194,0.035,1.0,0.30017411242671316,0.10836225051724557
S2,195,0.035,2.0,0.3088785413112117,0.1113679106066322
S2,196,0.035,3.0,0.30239036847110873,0.10875552715649218
S2,197,0.035,10.0,0.2883738531583359,0.10267849340213547
S2,198,0.04,0.003,0.2876564040534629,0.11980246788006248
S2,199,0.04,0.005,0.28944887917919093,0.11947032689787247
S2,200,0.04,0.01,0.28899688319204725,0.11805086813549782
S2,201,0.04,0.02,0.2875292656470817,0.11515718367058544
S2,202,0.04,0.03,0.2843292171182064,0.11426185054815338
S2,203,0.04,0.038538810670601456,0.2842614370690839,0.11253801113346322
S2,204,0.04,0.049507997596815526,0.28332317862331835,0.1117824307995028
S2,205,0.04,0.06359931153547553,0.2822073077732393,0.11057874717884651
S2,206,0.04,0.08170139420154304,0.2826637789495047,0.10930496579543075
S2,207,0.04,0.10495581875524816,0.282914090618832,0.10881221647126603
S2,208,0.04,0.1348290809262157,0.28526367361938926,0.10845981097808002
S2,209,0.04,0.17320508075688773,0.28575498575498576,0.10909405687429963
S2,210,0.04,0.2225039271491978,0.29072810568675717,0.10826932613281147
S2,211,0.04,0.2858345573956079,0.2915667627647194,0.10834805986398807
S2,212,0.04,0.3671907963528168,0.2932163096421564,0.10914130655725796
S2,213,0.04,0.47170321935428616,0.29340829384986994,0.10938872783444577
S2,214,0.04,0.6059627021136009,0.29831932773109243,0.10961811636047371
S2,215,0.04,0.778436061673405,0.29572600684382166,0.10891322331915006
S2,216,0.04,1.0,0.30017411242671316,0.10836225051724557
S2,217,0.04,2.0,0.3088785413112117,0.1113679106066322
S2,218,0.04,3.0,0.30239036847110873,0.10875552715649218
S2,219,0.04,10.0,0.2883738531583359,0.10267849340213547
S2,220,0.045,0.003,0.28861061954692524,0.12056349387771206
S2,221,0.045,0.005,0.28899758290412936,0.11959090016303818
S2,222,0.045,0.01,0.2885341695024524,0.11747743574564766
S2,223,0.045,0.02,0.28434527278426047,0.11304032734294985
S2,224,0.045,0.03,0.28353987780850315,0.11118281991116558
S2,225,0.045,0.038538810670601456,0.283288478181381,0.11102866057941535
S2,226,0.045,0.049507997596815526,0.28238460798692333,0.11006894451691032
S2,227,0.045,0.06359931153547553,0.28233139342258534,0.10901130159689885
S2,228,0.045,0.08170139420154304,0.2816918841044155,0.10870374809030964
S2,229,0.045,0.10495581875524816,0.28237388173368305,0.1090537804025436
S2,230,0.045,0.1348290809262157,0.282840652904635,0.1093180606834166
S2,231,0.045,0.17320508075688773,0.28500873706642627,0.10880631220271506
S2,232,0.045,0.2225039271491978,0.288608163184329,0.10801216396060159
S2,233,0.045,0.2858345573956079,0.2892487646421017,0.10823550541934594
S2,234,0.045,0.3671907963528168,0.2904992208981311,0.10892277483570803
S2,235,0.045,0.47170321935428616,0.29189387812772516,0.10921125243316279
S2,236,0.045,0.6059627021136009,0.29548870709386804,0.108970138867003
S2,237,0.045,0.778436061673405,0.2985224973254826,0.10906109331659312
S2,238,0.045,1.0,0.3002761532430397,0.10846401550554209
S2,239,0.045,2.0,0.3088785413112117,0.1113679106066322
S2,240,0.045,3.0,0.30239036847110873,0.10875552715649218
S2,241,0.045,10.0,0.2883738531583359,0.10267849340213547
S2,242,0.05,0.003,0.2867938617754794,0.11974526247031693
S2,243,0.05,0.005,0.2882361694677871,0.11895464528608114
S2,244,0.05,0.01,0.2867812906480456,0.11620612519142307
S2,245,0.05,0.02,0.28383467774915144,0.1126611067359339
S2,246,0.05,0.03,0.28419239402446733,0.11120530103850293
S2,247,0.05,0.038538810670601456,0.2815474737946043,0.1110465119630601
S2,248,0.05,0.049507997596815526,0.28168706817939765,0.10963128538466983
S2,249,0.05,0.06359931153547553,0.28161289709682324,0.10925398216586146
S2,250,0.05,0.08170139420154304,0.2820160886764854,0.10936218395994204
S2,251,0.05,0.10495581875524816,0.2826129541013249,0.10950102896242572
S2,252,0.05,0.1348290809262157,0.28294222834035665,0.10949451279767085
S2,253,0.05,0.17320508075688773,0.28552024509348056,0.10815015221005077
S2,254,0.05,0.2225039271491978,0.2882483098000339,0.1081975954961876
S2,255,0.05,0.2858345573956079,0.2871796950028397,0.1087622559118502
S2,256,0.05,0.3671907963528168,0.2886532256556986,0.10942028915050546
S2,257,0.05,0.47170321935428616,0.29241026221759303,0.10895592482436345
S2,258,0.05,0.6059627021136009,0.29561080721596816,0.10873844240051772
S2,259,0.05,0.778436061673405,0.29843117312456935,0.1089930207933717
S2,260,0.05,1.0,0.30017411242671316,0.10836225051724557
S2,261,0.05,2.0,0.3088785413112117,0.1113679106066322
S2,262,0.05,3.0,0.30239036847110873,0.10875552715649218
S2,263,0.05,10.0,0.2883738531583359,0.10267849340213547
S2,264,0.055,0.003,0.28527365963500145,0.11850219066637374
S2,265,0.055,0.005,0.28524946773522203,0.11771306327389487
S2,266,0.055,0.01,0.28473148716088115,0.11518661951064485
S2,267,0.055,0.02,0.28333665833665833,0.11171042196044431
S2,268,0.055,0.03,0.28284265172445994,0.11123466232732752
S2,269,0.055,0.038538810670601456,0.2821606616102903,0.11024058429054906
S2,270,0.055,0.049507997596815526,0.28039545930940024,0.10967704408647785
S2,271,0.055,0.06359931153547553,0.2811513755228029,0.1101555729265681
S2,272,0.055,0.08170139420154304,0.2810632853184336,0.11006174344933783
S2,273,0.055,0.10495581875524816,0.28170992719966603,0.11007516106786386
S2,274,0.055,0.1348290809262157,0.2818865666356745,0.1099025502441418
S2,275,0.055,0.17320508075688773,0.28397052900264463,0.10924355527178539
S2,276,0.055,0.2225039271491978,0.28719340957145834,0.10884251662483525
S2,277,0.055,0.2858345573956079,0.28772995311174554,0.10902400080606779
S2,278,0.055,0.3671907963528168,0.2889894447067888,0.10875957095359885
S2,279,0.055,0.47170321935428616,0.292377066903194,0.1079444459700055
S2,280,0.055,0.6059627021136009,0.29290105606162153,0.10794834376101393
S2,281,0.055,0.778436061673405,0.29508116883116886,0.10771554697755925
S2,282,0.055,1.0,0.3000913278866918,0.10830457178757495
S2,283,0.055,2.0,0.3088785413112117,0.1113679106066322
S2,284,0.055,3.0,0.30239036847110873,0.10875552715649218
S2,285,0.055,10.0,0.2883738531583359,0.10267849340213547
S2,286,0.06,0.003,0.28285719338686605,0.11721686927443511
S2,287,0.06,0.005,0.2829131582145481,0.11478513684027808
S2,288,0.06,0.01,0.28159890996998543,0.11315776722580394
S2,289,0.06,0.02,0.2826862611486614,0.11162851284853946
S2,290,0.06,0.03,0.2817198927871685,0.11028423337217703
S2,291,0.06,0.038538810670601456,0.28010820603211906,0.109633843589009
S2,292,0.06,0.049507997596815526,0.28040650043861604,0.10965820524685806
S2,293,0.06,0.06359931153547553,0.28135102303846815,0.1100484757073724
S2,294,0.06,0.08170139420154304,0.2819329125412129,0.11033744233588737
S2,295,0.06,0.10495581875524816,0.28269730434909,0.11081250891724431
S2,296,0.06,0.1348290809262157,0.28263021960340445,0.11039230132204926
S2,297,0.06,0.17320508075688773,0.28451288446246153,0.11011538574698133
S2,298,0.06,0.2225039271491978,0.2868265160085013,0.10905367308368934
S2,299,0.06,0.2858345573956079,0.28745344672068807,0.10961094278787827
S2,300,0.06,0.3671907963528168,0.2909968711451762,0.10844239444381812
S2,301,0.06,0.47170321935428616,0.2923301224958262,0.10786915850717799
S2,302,0.06,0.6059627021136009,0.2927128040322842,0.10775873706713883
S2,303,0.06,0.778436061673405,0.2949497997720179,0.10735867025282225
S2,304,0.06,1.0,0.2998949501903141,0.10808571679022479
S2,305,0.06,2.0,0.3088785413112117,0.1113679106066322
S2,306,0.06,3.0,0.30239036847110873,0.10875552715649218
S2,307,0.06,10.0,0.2883738531583359,0.10267849340213547
S2,308,0.065,0.003,0.2822066712501891,0.1146591841826807
S2,309,0.065,0.005,0.28223339160839156,0.11438141788202162
S2,310,0.065,0.01,0.2811770513814867,0.11370505768070055
S2,311,0.065,0.02,0.2833017198339779,0.11148923467917804
S2,312,0.065,0.03,0.28193626138589006,0.1101720789387467
S2,313,0.065,0.038538810670601456,0.2808121559931188,0.11031028407974532
S2,314,0.065,0.049507997596815526,0.2811748877488325,0.11030310217389551
S2,315,0.065,0.06359931153547553,0.28160691259095516,0.11063040763186248
S2,316,0.065,0.08170139420154304,0.28205731836414816,0.11079932064820079
S2,317,0.065,0.10495581875524816,0.2822329513711501,0.11066277779385321
S2,318,0.065,0.1348290809262157,0.282006080999847,0.11009545614270297
S2,319,0.065,0.17320508075688773,0.2833924592964884,0.10970097696963968
S2,320,0.065,0.2225039271491978,0.28726314383976376,0.10954875255655952
S2,321,0.065,0.2858345573956079,0.2869716211259857,0.1085310882795951
S2,322,0.065,0.3671907963528168,0.2901708892174994,0.10782030380121492
S2,323,0.065,0.47170321935428616,0.2921230940073923,0.10742215643319589
S2,324,0.065,0.6059627021136009,0.29304954304954306,0.10762580579253082
S2,325,0.065,0.778436061673405,0.29549683214043465,0.10660558538457947
S2,326,0.065,1.0,0.2998949501903141,0.10808571679022479
S2,327,0.065,2.0,0.3088785413112117,0.1113679106066322
S2,328,0.065,3.0,0.30239036847110873,0.10875552715649218
S2,329,0.065,10.0,0.2883738531583359,0.10267849340213547
S2,330,0.07,0.003,0.2835121169679993,0.11437698218342997
S2,331,0.07,0.005,0.28628425802139035,0.11303329523450384
S2,332,0.07,0.01,0.2860412371204591,0.11219955043813061
S2,333,0.07,0.02,0.28307620241773396,0.11187317567381218
S2,334,0.07,0.03,0.28213470777745064,0.1105234372950526
S2,335,0.07,0.038538810670601456,0.28177236123664695,0.11077369856759643
S2,336,0.07,0.049507997596815526,0.28155559215341824,0.11087160512928461
S2,337,0.07,0.06359931153547553,0.28152755557646864,0.11054634467125635
S2,338,0.07,0.08170139420154304,0.2814733715896507,0.11048863702488261
S2,339,0.07,0.10495581875524816,0.28075882469863317,0.10942525598469123
S2,340,0.07,0.1348290809262157,0.2820811027714072,0.10896841857212773
S2,341,0.07,0.17320508075688773,0.28422351338177954,0.10867262800216283
S2,342,0.07,0.2225039271491978,0.28593913270637406,0.10740850180476341
S2,343,0.07,0.2858345573956079,0.28655073989070495,0.10787724088952708
S2,344,0.07,0.3671907963528168,0.2898679633366566,0.10727928537128276
S2,345,0.07,0.47170321935428616,0.2915973952909041,0.1068771419284745
S2,346,0.07,0.6059627021136009,0.29255188091000445,0.10706435373026472
S2,347,0.07,0.778436061673405,0.2956218442664972,0.1064627760853925
S2,348,0.07,1.0,0.2968537466718581,0.10696572521313595
S2,349,0.07,2.0,0.3088785413112117,0.1113679106066322
S2,350,0.07,3.0,0.30239036847110873,0.10875552715649218
S2,351,0.07,10.0,0.2883738531583359,0.10267849340213547
S2,352,0.075,0.003,0.28567177924441656,0.11402855678783626
S2,353,0.075,0.005,0.28572831474871324,0.11393222381743517
S2,354,0.075,0.01,0.28643304467019626,0.11346347292459616
S2,355,0.075,0.02,0.283456219026072,0.11163591532105713
S2,356,0.075,0.03,0.28231805397694926,0.1110781790340538
S2,357,0.075,0.038538810670601456,0.2833429097358475,0.1105997634502684
S2,358,0.075,0.049507997596815526,0.2827441180030601,0.11010609745652238
S2,359,0.075,0.06359931153547553,0.28381236154431033,0.10944168830746019
S2,360,0.075,0.08170139420154304,0.28319655908050123,0.10881723425849395
S2,361,0.075,0.10495581875524816,0.2834285437133046,0.1087742673982469
S2,362,0.075,0.1348290809262157,0.28363507131418714,0.10870415934483299
S2,363,0.075,0.17320508075688773,0.2838623739873076,0.10811153540356902
S2,364,0.075,0.2225039271491978,0.2852573145245559,0.10668012535545823
S2,365,0.075,0.2858345573956079,0.28538499850012206,0.10624970763073327
S2,366,0.075,0.3671907963528168,0.2884542987689874,0.10657368683469347
S2,367,0.075,0.47170321935428616,0.2917347368240225,0.10674106443326115
S2,368,0.075,0.6059627021136009,0.2924177322787255,0.10687569242776533
S2,369,0.075,0.778436061673405,0.29559311482600303,0.10643964560378782
S2,370,0.075,1.0,0.2968556770027358,0.10675783133626393
S2,371,0.075,2.0,0.3088785413112117,0.1113679106066322
S2,372,0.075,3.0,0.30239036847110873,0.10875552715649218
S2,373,0.075,10.0,0.2883738531583359,0.10267849340213547
S2,374,0.08,0.003,0.285928394780726,0.11412916105008766
S2,375,0.08,0.005,0.28604676599284723,0.11392763501361904
S2,376,0.08,0.01,0.2856870239102088,0.11384102767819074
S2,377,0.08,0.02,0.2855546822816559,0.11247502720748492
S2,378,0.08,0.03,0.28464020736330203,0.11146913369547377
S2,379,0.08,0.038538810670601456,0.2852707265071396,0.11038013880683219
S2,380,0.08,0.049507997596815526,0.2842608091278304,0.10949486021079138
S2,381,0.08,0.06359931153547553,0.2852821453002685,0.10838107140184275
S2,382,0.08,0.08170139420154304,0.28532981606635255,0.10811980406007796
S2,383,0.08,0.10495581875524816,0.2850701992753623,0.10785772775052199
S2,384,0.08,0.1348290809262157,0.28699999547979727,0.10723658072419356
S2,385,0.08,0.17320508075688773,0.2890132828113585,0.10647777469291902
S2,386,0.08,0.2225039271491978,0.28755156264301923,0.10621961271924955
S2,387,0.08,0.2858345573956079,0.28719505640416004,0.10585224939641702
S2,388,0.08,0.3671907963528168,0.2880946161118575,0.10620036789324114
S2,389,0.08,0.47170321935428616,0.2906104262082523,0.10612946721193155
S2,390,0.08,0.6059627021136009,0.2921569511643041,0.10635229379961376
S2,391,0.08,0.778436061673405,0.2935384980139345,0.1062881044977432
S2,392,0.08,1.0,0.2966353121664698,0.10652795879503135
S2,393,0.08,2.0,0.3088785413112117,0.1113679106066322
S2,394,0.08,3.0,0.30239036847110873,0.10875552715649218
S2,395,0.08,10.0,0.2883738531583359,0.10267849340213547
S2,396,0.085,0.003,0.2864548594536279,0.1133565338380883
S2,397,0.085,0.005,0.28635281863730133,0.113255909235179
S2,398,0.085,0.01,0.2861461369298056,0.11340938626086862
S2,399,0.085,0.02,0.28692485514804,0.11354614748503805
S2,400,0.085,0.03,0.28573487321192337,0.11188103592930418
S2,401,0.085,0.038538810670601456,0.2872549217696667,0.10991575098886071
S2,402,0.085,0.049507997596815526,0.28635503423394437,0.10934134847118988
S2,403,0.085,0.06359931153547553,0.28616816763438524,0.10867006082130065
S2,404,0.085,0.08170139420154304,0.2859933028166633,0.10849028265059643
S2,405,0.085,0.10495581875524816,0.284225455883722,0.10866182072238652
S2,406,0.085,0.1348290809262157,0.28355554427872914,0.10777401806663542
S2,407,0.085,0.17320508075688773,0.28367152044860955,0.10717739916097402
S2,408,0.085,0.2225039271491978,0.2848473846073713,0.10604254921095159
S2,409,0.085,0.2858345573956079,0.28742176934639024,0.10572473643780797
S2,410,0.085,0.3671907963528168,0.2882408576654786,0.10574842300868366
S2,411,0.085,0.47170321935428616,0.290218217224712,0.10573030873850317
S2,412,0.085,0.6059627021136009,0.29189660194562156,0.1058378021594586
S2,413,0.085,0.778436061673405,0.29395935670404166,0.10616047364296319
S2,414,0.085,1.0,0.2965982207221416,0.10647432186823952
S2,415,0.085,2.0,0.3088785413112117,0.1113679106066322
S2,416,0.085,3.0,0.30239036847110873,0.10875552715649218
S2,417,0.085,10.0,0.2883738531583359,0.10267849340213547
S2,418,0.09,0.003,0.28618234459468983,0.11425276209763578
S2,419,0.09,0.005,0.2859619674121962,0.11434693888217637
S2,420,0.09,0.01,0.2863730862139181,0.11403704120406344
S2,421,0.09,0.02,0.28917643161594775,0.11361369743545083
S2,422,0.09,0.03,0.28883051854939923,0.11152936873065249
S2,423,0.09,0.038538810670601456,0.2880575128983448,0.11073407890641815
S2,424,0.09,0.049507997596815526,0.28587224518676135,0.1104981519050404
S2,425,0.09,0.06359931153547553,0.2854368833451495,0.10988637774279524
S2,426,0.09,0.08170139420154304,0.284939232847499,0.10937216053338332
S2,427,0.09,0.10495581875524816,0.28407617394872575,0.10847892105739133
S2,428,0.09,0.1348290809262157,0.283735132049625,0.1077709091472034
S2,429,0.09,0.17320508075688773,0.2835453933106038,0.10738754996109581
S2,430,0.09,0.2225039271491978,0.28364822472013096,0.10674826498681614
S2,431,0.09,0.2858345573956079,0.28677656282012,0.10622370770018276
S2,432,0.09,0.3671907963528168,0.28905465509821227,0.10595179467311099
S2,433,0.09,0.47170321935428616,0.28977086742046176,0.10554124290593754
S2,434,0.09,0.6059627021136009,0.2915782474606004,0.10552265973955738
S2,435,0.09,0.778436061673405,0.29334590349549783,0.10593657695445115
S2,436,0.09,1.0,0.296626357308242,0.10647196256633956
S2,437,0.09,2.0,0.3088785413112117,0.1113679106066322
S2,438,0.09,3.0,0.30239036847110873,0.10875552715649218
S2,439,0.09,10.0,0.2883738531583359,0.10267849340213547
S2,440,0.095,0.003,0.28608050700442006,0.1144668972396149
S2,441,0.095,0.005,0.2863411382918727,0.11473192959968073
S2,442,0.095,0.01,0.2863265207015207,0.1147133063534425
S2,443,0.095,0.02,0.2871972635391281,0.11367303552066195
S2,444,0.095,0.03,0.28820104526367596,0.11274497025494087
S2,445,0.095,0.038538810670601456,0.2891611774738082,0.11169798140326331
S2,446,0.095,0.049507997596815526,0.28673459284359337,0.11121739440343291
S2,447,0.095,0.06359931153547553,0.2861680723757571,0.11063055316240025
S2,448,0.095,0.08170139420154304,0.2855945035027696,0.11003654469254914
S2,449,0.095,0.10495581875524816,0.2845994610433572,0.10917499350038601
S2,450,0.095,0.1348290809262157,0.2842515221805566,0.10830131109764532
S2,451,0.095,0.17320508075688773,0.28384839000335205,0.10769448835618338
S2,452,0.095,0.2225039271491978,0.2842089793250032,0.10732920788511023
S2,453,0.095,0.2858345573956079,0.28835323976333826,0.1073622606352108
S2,454,0.095,0.3671907963528168,0.2906973783665513,0.1068947145254619
S2,455,0.095,0.47170321935428616,0.2905322851751423,0.10601969385348727
S2,456,0.095,0.6059627021136009,0.29113124529791196,0.10512151672571153
S2,457,0.095,0.778436061673405,0.29324786427981153,0.10583526852653975
S2,458,0.095,1.0,0.296553336646986,0.1063733287902508
S2,459,0.095,2.0,0.3088785413112117,0.1113679106066322
S2,460,0.095,3.0,0.30239036847110873,0.10875552715649218
S2,461,0.095,10.0,0.2883738531583359,0.10267849340213547
S2,462,0.1,0.003,0.2859250332318048,0.11426285859617198
S2,463,0.1,0.005,0.28574722384346907,0.11406811983663159
S2,464,0.1,0.01,0.28576711171525415,0.11408878197337173
S2,465,0.1,0.02,0.2865392597996615,0.11331810980464505
S2,466,0.1,0.03,0.2865036710692198,0.11293288148012577
S2,467,0.1,0.038538810670601456,0.2860372104465092,0.11261451909274858
S2,468,0.1,0.049507997596815526,0.2845304842641214,0.1110287798202241
S2,469,0.1,0.06359931153547553,0.28377979514194673,0.11040507577271505
S2,470,0.1,0.08170139420154304,0.28367775432562015,0.11029686043346573
S2,471,0.1,0.10495581875524816,0.28392977045465245,0.11020595289393595
S2,472,0.1,0.1348290809262157,0.28520820432237204,0.1094595952732004
S2,473,0.1,0.17320508075688773,0.2848689188976976,0.10893051011522718
S2,474,0.1,0.2225039271491978,0.2860136476693057,0.10919097925238057
S2,475,0.1,0.2858345573956079,0.2883149913721944,0.10820845039076102
S2,476,0.1,0.3671907963528168,0.2909088175521546,0.10754743731114363
S2,477,0.1,0.47170321935428616,0.2906376659678547,0.10632911924139174
S2,478,0.1,0.6059627021136009,0.2912971783100987,0.10581658522024924
S2,479,0.1,0.778436061673405,0.29385051200322243,0.10574661095228345
S2,480,0.1,1.0,0.29656089077044956,0.10633038854947276
S2,481,0.1,2.0,0.3088785413112117,0.1113679106066322
S2,482,0.1,3.0,0.30239036847110873,0.10875552715649218
S2,483,0.1,10.0,0.2883738531583359,0.10267849340213547
S2,484,0.125,0.003,0.28433439138380995,0.11476060789404802
S2,485,0.125,0.005,0.2846030352694751,0.11505043524792112
S2,486,0.125,0.01,0.28433377104715774,0.11451948473294538
S2,487,0.125,0.02,0.28384902041138393,0.11376004479633202
S2,488,0.125,0.03,0.2817222316095592,0.11148659646228368
S2,489,0.125,0.038538810670601456,0.28318862110197074,0.11111870373961089
S2,490,0.125,0.049507997596815526,0.28387902304237267,0.11161001037230316
S2,491,0.125,0.06359931153547553,0.2856119993434572,0.11131740765598706
S2,492,0.125,0.08170139420154304,0.2853988692196128,0.11109936441073559
S2,493,0.125,0.10495581875524816,0.28550497370255973,0.11060839477464109
S2,494,0.125,0.1348290809262157,0.28570981031019393,0.1105477724626331
S2,495,0.125,0.17320508075688773,0.28592344360606825,0.11014032982363449
S2,496,0.125,0.2225039271491978,0.28681341126194065,0.1095644256333469
S2,497,0.125,0.2858345573956079,0.28942725678273346,0.10825910116803872
S2,498,0.125,0.3671907963528168,0.2901659412133885,0.10740504309024122
S2,499,0.125,0.47170321935428616,0.29039268276049757,0.10716671022172741
S2,500,0.125,0.6059627021136009,0.291618727418146,0.1066419969322666
S2,501,0.125,0.778436061673405,0.2925114354079245,0.10578836239174781
S2,502,0.125,1.0,0.29432363546946877,0.10614617782673816
S2,503,0.125,2.0,0.3088785413112117,0.1113679106066322
S2,504,0.125,3.0,0.30239036847110873,0.10875552715649218
S2,505,0.125,10.0,0.2883738531583359,0.10267849340213547
S2,506,0.15,0.003,0.28324805533423864,0.11327277044192537
S2,507,0.15,0.005,0.28340831174449505,0.1134506544090332
S2,508,0.15,0.01,0.2835217194556439,0.11348659300346296
S2,509,0.15,0.02,0.28205382972073373,0.11403195573539887
S2,510,0.15,0.03,0.28192853756929,0.11368251697721438
S2,511,0.15,0.038538810670601456,0.2817632120520673,0.11371185791996152
S2,512,0.15,0.049507997596815526,0.2817267281151352,0.11309607444867659
S2,513,0.15,0.06359931153547553,0.2827221695102344,0.11202736673998771
S2,514,0.15,0.08170139420154304,0.28253716250488126,0.11153344075473015
S2,515,0.15,0.10495581875524816,0.28366700866700867,0.11073181875252865
S2,516,0.15,0.1348290809262157,0.2850361989512933,0.1100619298883126
S2,517,0.15,0.17320508075688773,0.2852565515153958,0.10990508213330327
S2,518,0.15,0.2225039271491978,0.28598339183471716,0.10992792279948811
S2,519,0.15,0.2858345573956079,0.2865151173264582,0.10967640566553342
S2,520,0.15,0.3671907963528168,0.28642538763506503,0.10891899865520292
S2,521,0.15,0.47170321935428616,0.2893789245965144,0.1079394220315763
S2,522,0.15,0.6059627021136009,0.28973225109582723,0.10724554955144802
S2,523,0.15,0.778436061673405,0.2931617035317159,0.10664425670710549
S2,524,0.15,1.0,0.30163658266336835,0.10673182123847558
S2,525,0.15,2.0,0.30894311576555755,0.11140209710467455
S2,526,0.15,3.0,0.30239036847110873,0.10875552715649218
S2,527,0.15,10.0,0.2883738531583359,0.10267849340213547
S2,528,0.2,0.003,0.2817509798488059,0.11336783606783672
S2,529,0.2,0.005,0.2842142573120834,0.11245968870426139
S2,530,0.2,0.01,0.2858692671678276,0.11219827988416224
S2,531,0.2,0.02,0.2838782523622949,0.11246002053811134
S2,532,0.2,0.03,0.28249815953909385,0.11271290548429556
S2,533,0.2,0.038538810670601456,0.2821488773374963,0.11236595726324122
S2,534,0.2,0.049507997596815526,0.2829586314988236,0.11133819225476581
S2,535,0.2,0.06359931153547553,0.28447378301397513,0.11076198404249334
S2,536,0.2,0.08170139420154304,0.28428970782989993,0.1105766828844854
S2,537,0.2,0.10495581875524816,0.28454261608331377,0.11067833183471006
S2,538,0.2,0.1348290809262157,0.28320406445406443,0.11126128296591332
S2,539,0.2,0.17320508075688773,0.2832248101755446,0.11111272703422886
S2,540,0.2,0.2225039271491978,0.2850090516204435,0.11046874855262018
S2,541,0.2,0.2858345573956079,0.28537611868846025,0.11012161908632033
S2,542,0.2,0.3671907963528168,0.29266841133967747,0.10757478501828452
S2,543,0.2,0.47170321935428616,0.293392639395874,0.10797213716034285
S2,544,0.2,0.6059627021136009,0.29471716379666446,0.1082716324591629
S2,545,0.2,0.778436061673405,0.29475392436958525,0.10819926304798118
S2,546,0.2,1.0,0.29593520757452907,0.1085692061129993
S2,547,0.2,2.0,0.3091515642000738,0.11078000792728018
S2,548,0.2,3.0,0.30239036847110873,0.10875552715649218
S2,549,0.2,10.0,0.2883738531583359,0.10267849340213547
S2,550,0.25,0.003,0.28525601762303887,0.11174113648041419
S2,551,0.25,0.005,0.2851884876976464,0.11168405107506778
S2,552,0.25,0.01,0.28509421922102496,0.11158962067031987
S2,553,0.25,0.02,0.2850035080454081,0.11149897915680582
S2,554,0.25,0.03,0.28514193550941697,0.11165115982137618
S2,555,0.25,0.038538810670601456,0.28480925305862725,0.11130452098926667
S2,556,0.25,0.049507997596815526,0.2845386902880645,0.11100744744833674
S2,557,0.25,0.06359931153547553,0.28623837948775366,0.11008016252422077
S2,558,0.25,0.08170139420154304,0.28609653386357115,0.10976415334322467
S2,559,0.25,0.10495581875524816,0.2864537134298164,0.1098258829373737
S2,560,0.25,0.1348290809262157,0.2868303746210723,0.1100672568229954
S2,561,0.25,0.17320508075688773,0.28696880208508113,0.11021835505774659
S2,562,0.25,0.2225039271491978,0.28892652469853364,0.10942395186353636
S2,563,0.25,0.2858345573956079,0.2890042149637118,0.10936772562424038
S2,564,0.25,0.3671907963528168,0.2894930854169985,0.10956450827684097
S2,565,0.25,0.47170321935428616,0.29032866332095003,0.10922598653495011
S2,566,0.25,0.6059627021136009,0.29355713604806166,0.10828655281701542
S2,567,0.25,0.778436061673405,0.2946893469847896,0.10811294121763619
S2,568,0.25,1.0,0.2950760360186959,0.10738913336790115
S2,569,0.25,2.0,0.3060999070023337,0.10932376725300308
S2,570,0.25,3.0,0.30172049945255086,0.10867084032388233
S2,571,0.25,10.0,0.2883738531583359,0.10267849340213547
S2,572,0.3,0.003,0.2842384370715244,0.1133429100724232
S2,573,0.3,0.005,0.28437686453553324,0.11349714778592365
S2,574,0.3,0.01,0.28422432100063677,0.11363731504343337
S2,575,0.3,0.02,0.28365780053280054,0.11302718012670507
S2,576,0.3,0.03,0.286934092724187,0.11177419585802308
S2,577,0.3,0.038538810670601456,0.2850257053680385,0.11253440096028988
S2,578,0.3,0.049507997596815526,0.2870227372431191,0.11203109224831323
S2,579,0.3,0.06359931153547553,0.28723171177180606,0.11209853166404204
S2,580,0.3,0.08170139420154304,0.2870394040794984,0.11190971117027271
S2,581,0.3,0.10495581875524816,0.28964060085912263,0.1112166760834824
S2,582,0.3,0.1348290809262157,0.2894485397867262,0.11084414961400779
S2,583,0.3,0.17320508075688773,0.2895102676354996,0.11092287247604718
S2,584,0.3,0.2225039271491978,0.2895100256774572,0.11050617354509798
S2,585,0.3,0.2858345573956079,0.2897803995705749,0.11051979226615828
S2,586,0.3,0.3671907963528168,0.29012489751827264,0.11012799416617297
S2,587,0.3,0.47170321935428616,0.290487109813043,0.10969067330127673
S2,588,0.3,0.6059627021136009,0.29111670317866,0.10945747813310076
S2,589,0.3,0.778436061673405,0.2913290862501229,0.10867298811949182
S2,590,0.3,1.0,0.29462805621976873,0.10791625362581367
S2,591,0.3,2.0,0.3060554029304029,0.10907225686621724
S2,592,0.3,3.0,0.30185703521999674,0.10847529138755467
S2,593,0.3,10.0,0.2883738531583359,0.10267849340213547
S2,594,0.4,0.003,0.28276494966896537,0.1147453722289181
S2,595,0.4,0.005,0.28256128283637866,0.11453849277326841
S2,596,0.4,0.01,0.28306329990205037,0.11357160264447475
S2,597,0.4,0.02,0.2841115733340447,0.11274961692802153
S2,598,0.4,0.03,0.2841115733340447,0.11274961692802153
S2,599,0.4,0.038538810670601456,0.2839400467474238,0.11258116594692666
S2,600,0.4,0.049507997596815526,0.28379568386081283,0.112443786648535
S2,601,0.4,0.06359931153547553,0.2836417429741133,0.11229404330089617
S2,602,0.4,0.08170139420154304,0.28363649227720267,0.11231600862587333
S2,603,0.4,0.10495581875524816,0.2837047982881316,0.11220069062033634
S2,604,0.4,0.1348290809262157,0.28345648269959123,0.11208924656342455
S2,605,0.4,0.17320508075688773,0.2852668796396093,0.11193558136166958
S2,606,0.4,0.2225039271491978,0.2852668796396093,0.11193558136166958
S2,607,0.4,0.2858345573956079,0.2854717148633592,0.11145683430967572
S2,608,0.4,0.3671907963528168,0.2875586689805971,0.11095157598486585
S2,609,0.4,0.47170321935428616,0.28730716360618325,0.10988925474199457
S2,610,0.4,0.6059627021136009,0.2903390966587089,0.1089103610754335
S2,611,0.4,0.778436061673405,0.2917973109117529,0.10839192789928837
S2,612,0.4,1.0,0.2928976296818421,0.10839499319870104
S2,613,0.4,2.0,0.3054441356739677,0.1080296038377968
S2,614,0.4,3.0,0.30149458193454626,0.10796974000449476
S2,615,0.4,10.0,0.2883738531583359,0.10267849340213547
S3,0,0.001,0.003,0.3424849156169645,0.13401473598627583
S3,1,0.001,0.005,0.33970701917130486,0.1322596241007132
S3,2,0.001,0.01,0.3370912613361327,0.13053719919534712
S3,3,0.001,0.02,0.31823290992945263,0.11522215330764438
S3,4,0.001,0.03,0.32177320288280903,0.11794424986594798
S3,5,0.001,0.038538810670601456,0.32435809373723623,0.11989337326713767
S3,6,0.001,0.049507997596815526,0.3241890526188739,0.11882398949656882
S3,7,0.001,0.06359931153547553,0.3238615352482893,0.11965822739587732
S3,8,0.001,0.08170139420154304,0.32312701575661873,0.11936781255595848
S3,9,0.001,0.10495581875524816,0.3205246435952511,0.11730374933421177
S3,10,0.001,0.1348290809262157,0.2781659259928495,0.1114338070788661
S3,11,0.001,0.17320508075688773,0.28169527814900047,0.11328373724070821
S3,12,0.001,0.2225039271491978,0.28782699823195895,0.1134748936901378
S3,13,0.001,0.2858345573956079,0.29316891448378124,0.11666001290870194
S3,14,0.001,0.3671907963528168,0.30064326505627603,0.1262370831589867
S3,15,0.001,0.47170321935428616,0.3024243943886801,0.12867328460052102
S3,16,0.001,0.6059627021136009,0.3417281970639683,0.13434507866334458
S3,17,0.001,0.778436061673405,0.3451699078095557,0.1379835347955631
S3,18,0.001,1.0,0.35141485971913117,0.143687586846279
S3,19,0.001,2.0,0.35008362214413724,0.14430565018675176
S3,20,0.001,3.0,0.31808642908149914,0.11698524938210096
S3,21,0.001,10.0,0.29869831180546463,0.11452353512960936
S3,22,0.0025,0.003,0.34267133633909946,0.1338370267012414
S3,23,0.0025,0.005,0.3405123413001564,0.1329847720512026
S3,24,0.0025,0.01,0.3370912613361327,0.13053719919534712
S3,25,0.0025,0.02,0.318736716011634,0.11569190040160536
S3,26,0.0025,0.03,0.32149781970469027,0.11833147408791732
S3,27,0.0025,0.038538810670601456,0.32443739432710017,0.1199583867830116
S3,28,0.0025,0.049507997596815526,0.32428789892025184,0.11887784537574832
S3,29,0.0025,0.06359931153547553,0.3237394351261892,0.11959563285291422
S3,30,0.0025,0.08170139420154304,0.3231363633329346,0.1193652990813221
S3,31,0.0025,0.10495581875524816,0.32121908803969557,0.1178381995720788
S3,32,0.0025,0.1348290809262157,0.2781196468369813,0.11138515344348625
S3,33,0.0025,0.17320508075688773,0.28174155730486866,0.11325640986541684
S3,34,0.0025,0.2225039271491978,0.28782699823195895,0.1134748936901378
S3,35,0.0025,0.2858345573956079,0.29316891448378124,0.11666001290870194
S3,36,0.0025,0.3671907963528168,0.30064326505627603,0.1262370831589867
S3,37,0.0025,0.47170321935428616,0.3024243943886801,0.12867328460052102
S3,38,0.0025,0.6059627021136009,0.3447043875401588,0.1371232609564184
S3,39,0.0025,0.778436061673405,0.3451699078095557,0.1379835347955631
S3,40,0.0025,1.0,0.35141485971913117,0.143687586846279
S3,41,0.0025,2.0,0.35008362214413724,0.14430565018675176
S3,42,0.0025,3.0,0.31808642908149914,0.11698524938210096
S3,43,0.0025,10.0,0.29869831180546463,0.11452353512960936
S3,44,0.005,0.003,0.34263076509599655,0.13382146086466676
S3,45,0.005,0.005,0.3405123413001564,0.1329847720512026
S3,46,0.005,0.01,0.3375079280027994,0.130977089069692
S3,47,0.005,0.02,0.318736716011634,0.11569190040160536
S3,48,0.005,0.03,0.3209531573953221,0.11792951026565028
S3,49,0.005,0.038538810670601456,0.32407664396634983,0.1196540025686484
S3,50,0.005,0.049507997596815526,0.32428789892025184,0.11887784537574832
S3,51,0.005,0.06359931153547553,0.32384572764319597,0.11938430875633013
S3,52,0.005,0.08170139420154304,0.3231363633329346,0.1193652990813221
S3,53,0.005,0.10495581875524816,0.32121908803969557,0.1178381995720788
S3,54,0.005,0.1348290809262157,0.2781196468369813,0.11138515344348625
S3,55,0.005,0.17320508075688773,0.2815041404007851,0.11300188397611978
S3,56,0.005,0.2225039271491978,0.28782699823195895,0.1134748936901378
S3,57,0.005,0.2858345573956079,0.29316891448378124,0.11666001290870194
S3,58,0.005,0.3671907963528168,0.300716321748269,0.12633259306749714
S3,59,0.005,0.47170321935428616,0.3024243943886801,0.12867328460052102
S3,60,0.005,0.6059627021136009,0.3447043875401588,0.1371232609564184
S3,61,0.005,0.778436061673405,0.3451699078095557,0.1379835347955631
S3,62,0.005,1.0,0.35141485971913117,0.143687586846279
S3,63,0.005,2.0,0.35008362214413724,0.14430565018675176
S3,64,0.005,3.0,0.31808642908149914,0.11698524938210096
S3,65,0.005,10.0,0.29869831180546463,0.11452353512960936
S3,66,0.01,0.003,0.33577428967356904,0.12880606849279733
S3,67,0.01,0.005,0.3307867819301571,0.12451411106948469
S3,68,0.01,0.01,0.3285036360365916,0.12284261672786462
S3,69,0.01,0.02,0.332406561392521,0.1256113705854415
S3,70,0.01,0.03,0.33110618597320723,0.12414915495562169
S3,71,0.01,0.038538810670601456,0.3302312434577881,0.1230874400743718
S3,72,0.01,0.049507997596815526,0.32667635459585515,0.121317832382307
S3,73,0.01,0.06359931153547553,0.3272949688998143,0.12179481823686665
S3,74,0.01,0.08170139420154304,0.3251283592053307,0.12063442349126492
S3,75,0.01,0.10495581875524816,0.27955242137302894,0.11477911286712297
S3,76,0.01,0.1348290809262157,0.2781196468369813,0.11138515344348625
S3,77,0.01,0.17320508075688773,0.2815041404007851,0.11300188397611978
S3,78,0.01,0.2225039271491978,0.28782699823195895,0.1134748936901378
S3,79,0.01,0.2858345573956079,0.29316891448378124,0.11666001290870194
S3,80,0.01,0.3671907963528168,0.30064326505627603,0.1262370831589867
S3,81,0.01,0.47170321935428616,0.3024243943886801,0.12867328460052102
S3,82,0.01,0.6059627021136009,0.3447043875401588,0.1371232609564184
S3,83,0.01,0.778436061673405,0.3451699078095557,0.1379835347955631
S3,84,0.01,1.0,0.35141485971913117,0.143687586846279
S3,85,0.01,2.0,0.35008362214413724,0.14430565018675176
S3,86,0.01,3.0,0.31808642908149914,0.11698524938210096
S3,87,0.01,10.0,0.29869831180546463,0.11452353512960936
S3,88,0.015,0.003,0.3458775571311977,0.1347761722196464
S3,89,0.015,0.005,0.3457783507819914,0.1347418899669206
S3,90,0.015,0.01,0.342115638990639,0.13299323682235473
S3,91,0.015,0.02,0.3428466486903273,0.13158061475756752
S3,92,0.015,0.03,0.3330325061867309,0.12461374277279143
S3,93,0.015,0.038538810670601456,0.32923027210329914,0.12225601494301365
S3,94,0.015,0.049507997596815526,0.32656674871825275,0.12100585554836765
S3,95,0.015,0.06359931153547553,0.3222426768965872,0.11836706595777885
S3,96,0.015,0.08170139420154304,0.2799460101654849,0.1111822440383918
S3,97,0.015,0.10495581875524816,0.28228399633013496,0.11208906972875601
S3,98,0.015,0.1348290809262157,0.2827718720187664,0.11405655289421439
S3,99,0.015,0.17320508075688773,0.2876997997348175,0.1130991436207229
S3,100,0.015,0.2225039271491978,0.28878235903611843,0.11409802995340444
S3,101,0.015,0.2858345573956079,0.294297079156695,0.11776460789982661
S3,102,0.015,0.3671907963528168,0.30064326505627603,0.1262370831589867
S3,103,0.015,0.47170321935428616,0.3024243943886801,0.12867328460052102
S3,104,0.015,0.6059627021136009,0.3447043875401588,0.1371232609564184
S3,105,0.015,0.778436061673405,0.3451699078095557,0.1379835347955631
S3,106,0.015,1.0,0.35141485971913117,0.143687586846279
S3,107,0.015,2.0,0.35008362214413724,0.14430565018675176
S3,108,0.015,3.0,0.31808642908149914,0.11698524938210096
S3,109,0.015,10.0,0.29869831180546463,0.11452353512960936
S3,110,0.02,0.003,0.35268440988835725,0.14011604045810278
S3,111,0.02,0.005,0.3505205122780311,0.13877314233452653
S3,112,0.02,0.01,0.3447869757951027,0.13300868014067455
S3,113,0.02,0.02,0.33485527185464603,0.12634580885987853
S3,114,0.02,0.03,0.3280277188271171,0.12200864531162245
S3,115,0.02,0.038538810670601456,0.3259859543734543,0.1207247700654484
S3,116,0.02,0.049507997596815526,0.325399998743639,0.12038756257733299
S3,117,0.02,0.06359931153547553,0.3271392520314934,0.12140769752471652
S3,118,0.02,0.08170139420154304,0.28584760505417683,0.11564522614878725
S3,119,0.02,0.10495581875524816,0.2861355375483527,0.11568569828657597
S3,120,0.02,0.1348290809262157,0.28713725615378066,0.11479053111856072
S3,121,0.02,0.17320508075688773,0.2895832783972502,0.11504269076163622
S3,122,0.02,0.2225039271491978,0.29535501989218443,0.1182594845400918
S3,123,0.02,0.2858345573956079,0.29811995265942637,0.12164829724004178
S3,124,0.02,0.3671907963528168,0.30122839501835663,0.12676119533529068
S3,125,0.02,0.47170321935428616,0.30262002361656737,0.12869340549176692
S3,126,0.02,0.6059627021136009,0.3447043875401588,0.1371232609564184
S3,127,0.02,0.778436061673405,0.3451699078095557,0.1379835347955631
S3,128,0.02,1.0,0.35141485971913117,0.143687586846279
S3,129,0.02,2.0,0.35008362214413724,0.14430565018675176
S3,130,0.02,3.0,0.31808642908149914,0.11698524938210096
S3,131,0.02,10.0,0.29869831180546463,0.11452353512960936
S3,132,0.025,0.003,0.35705418638549336,0.14317757560953204
S3,133,0.025,0.005,0.35353124814383896,0.13901514043244106
S3,134,0.025,0.01,0.3399219802736377,0.1296012899165622
S3,135,0.025,0.02,0.33599400663291995,0.1283490441222402
S3,136,0.025,0.03,0.3325605850018624,0.1264726970747905
S3,137,0.025,0.038538810670601456,0.3323505594119184,0.12638834240354943
S3,138,0.025,0.049507997596815526,0.3330029580429197,0.12619210452070592
S3,139,0.025,0.06359931153547553,0.29134591638587803,0.11398243169039943
S3,140,0.025,0.08170139420154304,0.2913991985683162,0.1139599711606282
S3,141,0.025,0.10495581875524816,0.2908207837484153,0.11601552640703175
S3,142,0.025,0.1348290809262157,0.2918883601695905,0.11758352484601967
S3,143,0.025,0.17320508075688773,0.2921305970692661,0.1176573958540236
S3,144,0.025,0.2225039271491978,0.2958323522727409,0.11874571708483433
S3,145,0.025,0.2858345573956079,0.2996523442846972,0.12375722750773133
S3,146,0.025,0.3671907963528168,0.3047991017140633,0.1309175830144003
S3,147,0.025,0.47170321935428616,0.3028250536876445,0.12897028304077535
S3,148,0.025,0.6059627021136009,0.3447043875401588,0.1371232609564184
S3,149,0.025,0.778436061673405,0.3451699078095557,0.1379835347955631
S3,150,0.025,1.0,0.35141485971913117,0.143687586846279
S3,151,0.025,2.0,0.35008362214413724,0.14430565018675176
S3,152,0.025,3.0,0.31808642908149914,0.11698524938210096
S3,153,0.025,10.0,0.29869831180546463,0.11452353512960936
S3,154,0.03,0.003,0.3552214389119896,0.13959971241986857
S3,155,0.03,0.005,0.35679576916279043,0.14092403370014436
S3,156,0.03,0.01,0.3381537513845589,0.12927026044375095
S3,157,0.03,0.02,0.3337220291748155,0.12696615737088185
S3,158,0.03,0.03,0.3321445237614772,0.12629710844288422
S3,159,0.03,0.038538810670601456,0.3320186988936989,0.1255470579835447
S3,160,0.03,0.049507997596815526,0.2902721880633328,0.1158702258995296
S3,161,0.03,0.06359931153547553,0.28995712147364594,0.11544616423547895
S3,162,0.03,0.08170139420154304,0.28940080644364674,0.11484024906176757
S3,163,0.03,0.10495581875524816,0.2900986112096044,0.11521347365560135
S3,164,0.03,0.1348290809262157,0.2915225840673651,0.1169909718380421
S3,165,0.03,0.17320508075688773,0.2944166574406641,0.11717407157690822
S3,166,0.03,0.2225039271491978,0.2981176857716266,0.121609811166954
S3,167,0.03,0.2858345573956079,0.30220179562880617,0.12730352200496983
S3,168,0.03,0.3671907963528168,0.3013761931624564,0.1270563973888855
S3,169,0.03,0.47170321935428616,0.30262280708709277,0.1289411327237628
S3,170,0.03,0.6059627021136009,0.34483039560467493,0.1372453411699341
S3,171,0.03,0.778436061673405,0.34511765305224473,0.13799333346942144
S3,172,0.03,1.0,0.35141485971913117,0.143687586846279
S3,173,0.03,2.0,0.35008362214413724,0.14430565018675176
S3,174,0.03,3.0,0.31808642908149914,0.11698524938210096
S3,175,0.03,10.0,0.29869831180546463,0.11452353512960936
S3,176,0.035,0.003,0.35214923389539765,0.13844161367299967
S3,177,0.035,0.005,0.3472006234506234,0.13628633061393944
S3,178,0.035,0.01,0.3378838130369993,0.12960635233246748
S3,179,0.035,0.02,0.3339308776157088,0.12823387759202087
S3,180,0.035,0.03,0.33019227628602627,0.1257594836484634
S3,181,0.035,0.038538810670601456,0.28860441323676617,0.11582944087541765
S3,182,0.035,0.049507997596815526,0.2885251919163892,0.11535958551960518
S3,183,0.035,0.06359931153547553,0.28809959868651963,0.11490622285081516
S3,184,0.035,0.08170139420154304,0.28811503282430795,0.11499275721447796
S3,185,0.035,0.10495581875524816,0.2910876219699749,0.11505608531963393
S3,186,0.035,0.1348290809262157,0.292346008955598,0.11650905931988828
S3,187,0.035,0.17320508075688773,0.29342666584127686,0.11738986919255741
S3,188,0.035,0.2225039271491978,0.295161687721256,0.11912058740872958
S3,189,0.035,0.2858345573956079,0.297691668639811,0.12211536711130563
S3,190,0.035,0.3671907963528168,0.3002395373718903,0.12612291764713912
S3,191,0.035,0.47170321935428616,0.30187000594033386,0.1283852931511591
S3,192,0.035,0.6059627021136009,0.3446057111393991,0.13703693567421044
S3,193,0.035,0.778436061673405,0.3451699078095557,0.1379835347955631
S3,194,0.035,1.0,0.35141485971913117,0.143687586846279
S3,195,0.035,2.0,0.35008362214413724,0.14430565018675176
S3,196,0.035,3.0,0.31808642908149914,0.11698524938210096
S3,197,0.035,10.0,0.29869831180546463,0.11452353512960936
S3,198,0.04,0.003,0.34700377214401923,0.13635754640805114
S3,199,0.04,0.005,0.34379445979085055,0.13521751926897077
S3,200,0.04,0.01,0.33842509661475173,0.13175462746123517
S3,201,0.04,0.02,0.3341621844308618,0.12956835670663147
S3,202,0.04,0.03,0.2899460836028339,0.11471404208070775
S3,203,0.04,0.038538810670601456,0.2867670647128959,0.11412985991129254
S3,204,0.04,0.049507997596815526,0.2885881005665986,0.11350439078002626
S3,205,0.04,0.06359931153547553,0.2891032971755452,0.1140623187912716
S3,206,0.04,0.08170139420154304,0.2895227475538772,0.11474820846251359
S3,207,0.04,0.10495581875524816,0.28943027610790767,0.11454261256024818
S3,208,0.04,0.1348290809262157,0.29103848858595693,0.11606386353959143
S3,209,0.04,0.17320508075688773,0.29120803637313064,0.11588030764514236
S3,210,0.04,0.2225039271491978,0.2927040075477575,0.11785537100591208
S3,211,0.04,0.2858345573956079,0.2973473727174385,0.12359019311421765
S3,212,0.04,0.3671907963528168,0.2970446113144528,0.12322830970902576
S3,213,0.04,0.47170321935428616,0.2984172087229363,0.12477849515412426
S3,214,0.04,0.6059627021136009,0.34071822071408914,0.13381109180698345
S3,215,0.04,0.778436061673405,0.35449716243175416,0.1479495360915136
S3,216,0.04,1.0,0.35141485971913117,0.143687586846279
S3,217,0.04,2.0,0.35008362214413724,0.14430565018675176
S3,218,0.04,3.0,0.31808642908149914,0.11698524938210096
S3,219,0.04,10.0,0.29869831180546463,0.11452353512960936
S3,220,0.045,0.003,0.34362299140524943,0.13541102719490453
S3,221,0.045,0.005,0.3433769056613884,0.13588589655300137
S3,222,0.045,0.01,0.33694247621712536,0.13142445635946132
S3,223,0.045,0.02,0.33394318688436336,0.12925882462908422
S3,224,0.045,0.03,0.29178500418207054,0.11429076283727187
S3,225,0.045,0.038538810670601456,0.29139777608470896,0.11386708031359202
S3,226,0.045,0.049507997596815526,0.29139777608470896,0.11386708031359202
S3,227,0.045,0.06359931153547553,0.29139777608470896,0.11386708031359202
S3,228,0.045,0.08170139420154304,0.29035637914144297,0.11260146093343536
S3,229,0.045,0.10495581875524816,0.28804156432662814,0.11348428855180806
S3,230,0.045,0.1348290809262157,0.28885858186850377,0.11390644515333544
S3,231,0.045,0.17320508075688773,0.2897334994847771,0.114982855474271
S3,232,0.045,0.2225039271491978,0.29216692063425376,0.11787811289144026
S3,233,0.045,0.2858345573956079,0.29458602711131693,0.12050293928482289
S3,234,0.045,0.3671907963528168,0.2943991865111801,0.12042908561656557
S3,235,0.045,0.47170321935428616,0.29548837174765064,0.12196473925367271
S3,236,0.045,0.6059627021136009,0.33995487083722375,0.1332643562023022
S3,237,0.045,0.778436061673405,0.3541679277699927,0.14773449243745534
S3,238,0.045,1.0,0.3513487571279096,0.1436818675448793
S3,239,0.045,2.0,0.35008362214413724,0.14430565018675176
S3,240,0.045,3.0,0.31808642908149914,0.11698524938210096
S3,241,0.045,10.0,0.29869831180546463,0.11452353512960936
S3,242,0.05,0.003,0.3443719928936202,0.13648234115093294
S3,243,0.05,0.005,0.34312911683996483,0.13566532906039258
S3,244,0.05,0.01,0.3374632830211611,0.1308735682355362
S3,245,0.05,0.02,0.2922426206717423,0.11461663070675772
S3,246,0.05,0.03,0.2915832583595741,0.11400285428142491
S3,247,0.05,0.038538810670601456,0.29092769955888576,0.11356081005746568
S3,248,0.05,0.049507997596815526,0.29039570587862507,0.11302993707888878
S3,249,0.05,0.06359931153547553,0.29025052585539624,0.11288637107462128
S3,250,0.05,0.08170139420154304,0.2905663590430164,0.1128102624369135
S3,251,0.05,0.10495581875524816,0.2910561486570378,0.11336155199017538
S3,252,0.05,0.1348290809262157,0.29231855439541343,0.1145872843208388
S3,253,0.05,0.17320508075688773,0.29398709120442434,0.11655521388465115
S3,254,0.05,0.2225039271491978,0.29232715573352913,0.11853289541537836
S3,255,0.05,0.2858345573956079,0.2925267714251661,0.11868864299995928
S3,256,0.05,0.3671907963528168,0.2936147953478953,0.11931821855575184
S3,257,0.05,0.47170321935428616,0.29399485377746243,0.12086401371418919
S3,258,0.05,0.6059627021136009,0.33912913906573877,0.13341669582851537
S3,259,0.05,0.778436061673405,0.3442431010321503,0.13741110116194322
S3,260,0.05,1.0,0.3482065009102232,0.141164571613433
S3,261,0.05,2.0,0.35008362214413724,0.14430565018675176
S3,262,0.05,3.0,0.31808642908149914,0.11698524938210096
S3,263,0.05,10.0,0.29869831180546463,0.11452353512960936
S3,264,0.055,0.003,0.34032126556929443,0.1344460240043349
S3,265,0.055,0.005,0.34058957330253353,0.13468207561607906
S3,266,0.055,0.01,0.3367682856566704,0.13088907724538756
S3,267,0.055,0.02,0.29337780648264516,0.11595867936715845
S3,268,0.055,0.03,0.29150078401738744,0.11403090493017219
S3,269,0.055,0.038538810670601456,0.29113149548709844,0.11373986465287216
S3,270,0.055,0.049507997596815526,0.2907033503213786,0.11332492043961125
S3,271,0.055,0.06359931153547553,0.29114638661448666,0.11383663837156115
S3,272,0.055,0.08170139420154304,0.2907521599871412,0.11341231479900897
S3,273,0.055,0.10495581875524816,0.29085999917268185,0.11301668169003222
S3,274,0.055,0.1348290809262157,0.29401767610756013,0.11676884698273923
S3,275,0.055,0.17320508075688773,0.29502777711766115,0.11800219961929416
S3,276,0.055,0.2225039271491978,0.29481698346638513,0.1178343270623613
S3,277,0.055,0.2858345573956079,0.29364062248493195,0.11586571427143938
S3,278,0.055,0.3671907963528168,0.2921584103726961,0.1174371911498736
S3,279,0.055,0.47170321935428616,0.2925276988921355,0.11790748071058901
S3,280,0.055,0.6059627021136009,0.33791249750454266,0.1300434489105603
S3,281,0.055,0.778436061673405,0.33918969392286225,0.13169342321532346
S3,282,0.055,1.0,0.3456981988952354,0.13930977901463645
S3,283,0.055,2.0,0.35008362214413724,0.14430565018675176
S3,284,0.055,3.0,0.31808642908149914,0.11698524938210096
S3,285,0.055,10.0,0.29869831180546463,0.11452353512960936
S3,286,0.06,0.003,0.3395050125313283,0.13379009706051126
S3,287,0.06,0.005,0.3390821702244116,0.1337028398201179
S3,288,0.06,0.01,0.33493442221890496,0.13006489383214526
S3,289,0.06,0.02,0.29152222530885036,0.11466770345954524
S3,290,0.06,0.03,0.291565232840248,0.11455148924662063
S3,291,0.06,0.038538810670601456,0.2920331391665978,0.11513932653812081
S3,292,0.06,0.049507997596815526,0.29198211875843455,0.1151581756194428
S3,293,0.06,0.06359931153547553,0.2917628205128205,0.11494882564372995
S3,294,0.06,0.08170139420154304,0.29246206029742616,0.11550443600606106
S3,295,0.06,0.10495581875524816,0.2922920053142425,0.11485783218938021
S3,296,0.06,0.1348290809262157,0.29225981649208277,0.11484315729379974
S3,297,0.06,0.17320508075688773,0.29231296275058616,0.11482342543655447
S3,298,0.06,0.2225039271491978,0.2921023778626871,0.11440955415453533
S3,299,0.06,0.2858345573956079,0.293025739351913,0.11487849315310832
S3,300,0.06,0.3671907963528168,0.29461848285686737,0.11605553790482488
S3,301,0.06,0.47170321935428616,0.2952401161640292,0.11675531125683378
S3,302,0.06,0.6059627021136009,0.3378860389708654,0.12975136025945033
S3,303,0.06,0.778436061673405,0.3393594274597305,0.13117567408124575
S3,304,0.06,1.0,0.34569885791777677,0.13909174856293852
S3,305,0.06,2.0,0.35008362214413724,0.14430565018675176
S3,306,0.06,3.0,0.31808642908149914,0.11698524938210096
S3,307,0.06,10.0,0.29869831180546463,0.11452353512960936
S3,308,0.065,0.003,0.3437503504063399,0.13725750069195614
S3,309,0.065,0.005,0.34316578483245147,0.13720775061689186
S3,310,0.065,0.01,0.29545475468329635,0.11445253526146104
S3,311,0.065,0.02,0.2909957372389176,0.1140965586065153
S3,312,0.065,0.03,0.2910213870533343,0.11450970818094224
S3,313,0.065,0.038538810670601456,0.29183185235816816,0.11521464288362807
S3,314,0.065,0.049507997596815526,0.2916802213414079,0.11513673057570777
S3,315,0.065,0.06359931153547553,0.29235039865325674,0.11594908323833687
S3,316,0.065,0.08170139420154304,0.29222828802299894,0.11561301122263538
S3,317,0.065,0.10495581875524816,0.29212955447330446,0.11524277469571181
S3,318,0.065,0.1348290809262157,0.29200242586870495,0.11507784809088556
S3,319,0.065,0.17320508075688773,0.2920281937516157,0.11506833487964556
S3,320,0.065,0.2225039271491978,0.2920454636614509,0.11464642785674428
S3,321,0.065,0.2858345573956079,0.2921439968836994,0.11387093251099618
S3,322,0.065,0.3671907963528168,0.2926973287002127,0.11397076819105277
S3,323,0.065,0.47170321935428616,0.29320444626295683,0.11383976030504157
S3,324,0.065,0.6059627021136009,0.33785268354003783,0.12986392680647824
S3,325,0.065,0.778436061673405,0.3392536164325056,0.1311715906623992
S3,326,0.065,1.0,0.34578876401431413,0.13860830597655643
S3,327,0.065,2.0,0.35008362214413724,0.14430565018675176
S3,328,0.065,3.0,0.31808642908149914,0.11698524938210096
S3,329,0.065,10.0,0.29869831180546463,0.11452353512960936
S3,330,0.07,0.003,0.3396948436834674,0.13307531605730477
S3,331,0.07,0.005,0.2976357050953825,0.11541431446945279
S3,332,0.07,0.01,0.29537485427315935,0.11345738320696036
S3,333,0.07,0.02,0.2948084504082274,0.11392587010067061
S3,334,0.07,0.03,0.2914827279596049,0.11461994530661877
S3,335,0.07,0.038538810670601456,0.29153363648090813,0.11449419779013298
S3,336,0.07,0.049507997596815526,0.29122337930387465,0.11413904183767011
S3,337,0.07,0.06359931153547553,0.2908993780386072,0.11385403504091866
S3,338,0.07,0.08170139420154304,0.2914852760576086,0.11456122602548678
S3,339,0.07,0.10495581875524816,0.2913953988047805,0.1140687383645816
S3,340,0.07,0.1348290809262157,0.2913031138287746,0.11398197762592653
S3,341,0.07,0.17320508075688773,0.2906454952226304,0.11302544988475809
S3,342,0.07,0.2225039271491978,0.2916624324957272,0.11448055212149073
S3,343,0.07,0.2858345573956079,0.29183605551886627,0.11409740225783015
S3,344,0.07,0.3671907963528168,0.2918533857877802,0.11307887878832085
S3,345,0.07,0.47170321935428616,0.2923791194931985,0.11248280469377818
S3,346,0.07,0.6059627021136009,0.33397157591640037,0.12705284084695628
S3,347,0.07,0.778436061673405,0.3404130688117071,0.13254155535939285
S3,348,0.07,1.0,0.3441621452707083,0.13683386728052563
S3,349,0.07,2.0,0.35008362214413724,0.14430565018675176
S3,350,0.07,3.0,0.31808642908149914,0.11698524938210096
S3,351,0.07,10.0,0.29869831180546463,0.11452353512960936
S3,352,0.075,0.003,0.29854092666592663,0.11639758566750542
S3,353,0.075,0.005,0.2979564267538951,0.11588778936547578
S3,354,0.075,0.01,0.29567969482516715,0.11391806656356826
S3,355,0.075,0.02,0.29428395578207034,0.11306593768603852
S3,356,0.075,0.03,0.2944803562450621,0.1133581299682228
S3,357,0.075,0.038538810670601456,0.29433568423958545,0.11323965707679495
S3,358,0.075,0.049507997596815526,0.29417102979648513,0.11315397876859458
S3,359,0.075,0.06359931153547553,0.29100153916093896,0.11387004895887934
S3,360,0.075,0.08170139420154304,0.29043680327792254,0.11278443262427437
S3,361,0.075,0.10495581875524816,0.2900205177514016,0.1121586674607267
S3,362,0.075,0.1348290809262157,0.2898354553492525,0.11194334759937762
S3,363,0.075,0.17320508075688773,0.2897915657392938,0.11161107878762706
S3,364,0.075,0.2225039271491978,0.2933714992290945,0.11132183891337921
S3,365,0.075,0.2858345573956079,0.2932583266985645,0.11134960299312299
S3,366,0.075,0.3671907963528168,0.29462124293063735,0.11222781406148817
S3,367,0.075,0.47170321935428616,0.29526813169982946,0.11172046677647418
S3,368,0.075,0.6059627021136009,0.33692386478696645,0.1303460499740107
S3,369,0.075,0.778436061673405,0.3376025063270124,0.13061153107986764
S3,370,0.075,1.0,0.344305495399297,0.13688020011432836
S3,371,0.075,2.0,0.35008362214413724,0.14430565018675176
S3,372,0.075,3.0,0.31808642908149914,0.11698524938210096
S3,373,0.075,10.0,0.29869831180546463,0.11452353512960936
S3,374,0.08,0.003,0.29871824159527793,0.11648084916427691
S3,375,0.08,0.005,0.29812245229489953,0.11595895968871968
S3,376,0.08,0.01,0.2961017046625821,0.11413268114592676
S3,377,0.08,0.02,0.29489062205969246,0.11372663291444131
S3,378,0.08,0.03,0.2944889404080108,0.11357046680247763
S3,379,0.08,0.038538810670601456,0.2944899928471438,0.11355519647325574
S3,380,0.08,0.049507997596815526,0.2941531031774679,0.11322898903973791
S3,381,0.08,0.06359931153547553,0.2939868280341426,0.11285959023891605
S3,382,0.08,0.08170139420154304,0.2933401040795407,0.1121538132089819
S3,383,0.08,0.10495581875524816,0.2933354313358915,0.1114513690478723
S3,384,0.08,0.1348290809262157,0.2929406542631919,0.11099306959996891
S3,385,0.08,0.17320508075688773,0.29288953371161114,0.11069085321914095
S3,386,0.08,0.2225039271491978,0.29681591153135783,0.10972660499803663
S3,387,0.08,0.2858345573956079,0.29693141145347024,0.10997218490874625
S3,388,0.08,0.3671907963528168,0.29281769758432163,0.11032375073217833
S3,389,0.08,0.47170321935428616,0.29424990151808983,0.11085242293469906
S3,390,0.08,0.6059627021136009,0.3366961724502905,0.13078766830159577
S3,391,0.08,0.778436061673405,0.33763236776991734,0.13064258520480204
S3,392,0.08,1.0,0.3430450350717332,0.1360715346932751
S3,393,0.08,2.0,0.35008362214413724,0.14430565018675176
S3,394,0.08,3.0,0.31808642908149914,0.11698524938210096
S3,395,0.08,10.0,0.29869831180546463,0.11452353512960936
S3,396,0.085,0.003,0.2980640886890886,0.11560396556502213
S3,397,0.085,0.005,0.29747950789617456,0.11510757392829761
S3,398,0.085,0.01,0.2955434950605046,0.11349932169296405
S3,399,0.085,0.02,0.2950901443548502,0.11371325924305438
S3,400,0.085,0.03,0.2947722509672444,0.11358001857357167
S3,401,0.085,0.038538810670601456,0.2947421113988467,0.11371368006475387
S3,402,0.085,0.049507997596815526,0.29425775870178944,0.1134604329693737
S3,403,0.085,0.06359931153547553,0.29390281612475155,0.11336283715861532
S3,404,0.085,0.08170139420154304,0.29326698349835545,0.1122325443626862
S3,405,0.085,0.10495581875524816,0.2929514976900559,0.11170000414649975
S3,406,0.085,0.1348290809262157,0.29298684910387035,0.11123721576313722
S3,407,0.085,0.17320508075688773,0.29294246074464086,0.11073358398268003
S3,408,0.085,0.2225039271491978,0.2971881381572744,0.11013690023577503
S3,409,0.085,0.2858345573956079,0.29693045879432783,0.10990337306754487
S3,410,0.085,0.3671907963528168,0.29275865433305864,0.1104804279083535
S3,411,0.085,0.47170321935428616,0.2975611481046263,0.10928591509862455
S3,412,0.085,0.6059627021136009,0.3404713762254943,0.13499844863941507
S3,413,0.085,0.778436061673405,0.3416623577549635,0.13501049083487762
S3,414,0.085,1.0,0.34183416864347543,0.1353176351311388
S3,415,0.085,2.0,0.35008362214413724,0.14430565018675176
S3,416,0.085,3.0,0.31808642908149914,0.11698524938210096
S3,417,0.085,10.0,0.29869831180546463,0.11452353512960936
S3,418,0.09,0.003,0.294330386613161,0.11589349845674
S3,419,0.09,0.005,0.2962613116071289,0.11414493165074172
S3,420,0.09,0.01,0.2951504163217904,0.1131093600288924
S3,421,0.09,0.02,0.29468000751084267,0.11326294031871856
S3,422,0.09,0.03,0.29430150682390044,0.11328774955422956
S3,423,0.09,0.038538810670601456,0.2939553239686432,0.11316792748942914
S3,424,0.09,0.049507997596815526,0.2936350879064718,0.11289701122876424
S3,425,0.09,0.06359931153547553,0.2935022443680685,0.11256784805106976
S3,426,0.09,0.08170139420154304,0.29286802009810753,0.11185014762897413
S3,427,0.09,0.10495581875524816,0.2928662253755043,0.11166381696005764
S3,428,0.09,0.1348290809262157,0.29284732715930334,0.11134337954546988
S3,429,0.09,0.17320508075688773,0.2932248852917713,0.11180041678226095
S3,430,0.09,0.2225039271491978,0.2972412726500896,0.11023017004687934
S3,431,0.09,0.2858345573956079,0.2970201086518358,0.11028478131852865
S3,432,0.09,0.3671907963528168,0.29286862856692963,0.1106057782558227
S3,433,0.09,0.47170321935428616,0.3028122701189957,0.10986000859731138
S3,434,0.09,0.6059627021136009,0.34711890084873953,0.142357407209855
S3,435,0.09,0.778436061673405,0.34174208666361144,0.13500660393524158
S3,436,0.09,1.0,0.34183416864347543,0.1353176351311388
S3,437,0.09,2.0,0.35008362214413724,0.14430565018675176
S3,438,0.09,3.0,0.31808642908149914,0.11698524938210096
S3,439,0.09,10.0,0.29869831180546463,0.11452353512960936
S3,440,0.095,0.003,0.294030354771618,0.11557452964224584
S3,441,0.095,0.005,0.295312955685628,0.1129580961299966
S3,442,0.095,0.01,0.29488274508373075,0.11294911222370263
S3,443,0.095,0.02,0.29412859555715665,0.11271907314253544
S3,444,0.095,0.03,0.2937945710037697,0.11236955572362205
S3,445,0.095,0.038538810670601456,0.29366449763425967,0.11246081641101034
S3,446,0.095,0.049507997596815526,0.29309903417383665,0.1118154528051094
S3,447,0.095,0.06359931153547553,0.29309903417383665,0.1118154528051094
S3,448,0.095,0.08170139420154304,0.29291373883765187,0.11141296175831997
S3,449,0.095,0.10495581875524816,0.2928525491212897,0.11130285621406268
S3,450,0.095,0.1348290809262157,0.29324081373881994,0.11156611111437788
S3,451,0.095,0.17320508075688773,0.29320815471003236,0.1113366488552552
S3,452,0.095,0.2225039271491978,0.29706102260784406,0.11059337849471608
S3,453,0.095,0.2858345573956079,0.2968457209694494,0.11014135635757166
S3,454,0.095,0.3671907963528168,0.2928394093055925,0.11061287134427268
S3,455,0.095,0.47170321935428616,0.30241481344742216,0.10981565492482492
S3,456,0.095,0.6059627021136009,0.3460180139505334,0.14203345963780675
S3,457,0.095,0.778436061673405,0.3418262208584789,0.13505256614355296
S3,458,0.095,1.0,0.3474430063814692,0.14191874492129014
S3,459,0.095,2.0,0.35008362214413724,0.14430565018675176
S3,460,0.095,3.0,0.31808642908149914,0.11698524938210096
S3,461,0.095,10.0,0.29869831180546463,0.11452353512960936
S3,462,0.1,0.003,0.29704418451309,0.11462089101410154
S3,463,0.1,0.005,0.29529309699588335,0.11288953433193603
S3,464,0.1,0.01,0.29468579127624894,0.11279235723407328
S3,465,0.1,0.02,0.29387217171168006,0.11224980706344113
S3,466,0.1,0.03,0.29779567585080374,0.11148315914352361
S3,467,0.1,0.038538810670601456,0.29313567108016386,0.11143617937492374
S3,468,0.1,0.049507997596815526,0.293167591407028,0.1114285607974287
S3,469,0.1,0.06359931153547553,0.29311868686868686,0.1113751712058199
S3,470,0.1,0.08170139420154304,0.29302407570791067,0.11099542090240044
S3,471,0.1,0.10495581875524816,0.29288674568685974,0.11085993205027579
S3,472,0.1,0.1348290809262157,0.29749037314009874,0.11062059475263547
S3,473,0.1,0.17320508075688773,0.29729904018076736,0.11049313721337334
S3,474,0.1,0.2225039271491978,0.29698141799127437,0.11049386122105709
S3,475,0.1,0.2858345573956079,0.2968090653206656,0.11011883465616897
S3,476,0.1,0.3671907963528168,0.29279625066268966,0.11085540850327019
S3,477,0.1,0.47170321935428616,0.30238773653247336,0.10980658165630458
S3,478,0.1,0.6059627021136009,0.3450167664531699,0.14143312909514405
S3,479,0.1,0.778436061673405,0.347461697852585,0.1413473522904274
S3,480,0.1,1.0,0.3474474656870197,0.14194197327621386
S3,481,0.1,2.0,0.35008362214413724,0.14430565018675176
S3,482,0.1,3.0,0.31808642908149914,0.11698524938210096
S3,483,0.1,10.0,0.29869831180546463,0.11452353512960936
S3,484,0.125,0.003,0.3009315196504251,0.11415271056934737
S3,485,0.125,0.005,0.2995151090739326,0.11311601207775937
S3,486,0.125,0.01,0.298547733046707,0.11246015095701858
S3,487,0.125,0.02,0.2981587154381272,0.11203527824200477
S3,488,0.125,0.03,0.29806566496875564,0.1125059559795627
S3,489,0.125,0.038538810670601456,0.298098384353208,0.11253568202802362
S3,490,0.125,0.049507997596815526,0.2982057783325532,0.11262779192526688
S3,491,0.125,0.06359931153547553,0.29825082337759823,0.11267457277868531
S3,492,0.125,0.08170139420154304,0.2981185132695298,0.11229999000924877
S3,493,0.125,0.10495581875524816,0.2982406937206577,0.11220099138036851
S3,494,0.125,0.1348290809262157,0.2981071452166787,0.11211974013551955
S3,495,0.125,0.17320508075688773,0.30360437786908373,0.11183874348532055
S3,496,0.125,0.2225039271491978,0.3033443443909617,0.11194335894479532
S3,497,0.125,0.2858345573956079,0.30481336657520186,0.11271275907806082
S3,498,0.125,0.3671907963528168,0.30419249780951907,0.11193247781854553
S3,499,0.125,0.47170321935428616,0.30340730231486535,0.11099414824051605
S3,500,0.125,0.6059627021136009,0.34511162894680175,0.14117179036008778
S3,501,0.125,0.778436061673405,0.3471756266816958,0.14150279434291377
S3,502,0.125,1.0,0.34752644713710334,0.1417625331469807
S3,503,0.125,2.0,0.34900586597015165,0.14365729728559137
S3,504,0.125,3.0,0.31808642908149914,0.11698524938210096
S3,505,0.125,10.0,0.29869831180546463,0.11452353512960936
S3,506,0.15,0.003,0.29894989264078115,0.11285438996332124
S3,507,0.15,0.005,0.2992712286491923,0.11311569074931152
S3,508,0.15,0.01,0.299231671687167,0.11311983795187228
S3,509,0.15,0.02,0.2980197138333355,0.11254092370404956
S3,510,0.15,0.03,0.2984041197324473,0.11295315872248837
S3,511,0.15,0.038538810670601456,0.2984041197324473,0.11295315872248837
S3,512,0.15,0.049507997596815526,0.29820540155218883,0.11276597352955292
S3,513,0.15,0.06359931153547553,0.29779587823830095,0.11238864380771547
S3,514,0.15,0.08170139420154304,0.30301459363143496,0.11211403602885374
S3,515,0.15,0.10495581875524816,0.302955515016874,0.1118652089816772
S3,516,0.15,0.1348290809262157,0.30282903031446595,0.11178585272349856
S3,517,0.15,0.17320508075688773,0.30274497424710256,0.11153420372865032
S3,518,0.15,0.2225039271491978,0.3033925209112615,0.11151490198819441
S3,519,0.15,0.2858345573956079,0.30301377217138087,0.11124749144180905
S3,520,0.15,0.3671907963528168,0.30361724270103935,0.11165244781220063
S3,521,0.15,0.47170321935428616,0.3034615946887752,0.11127832681162615
S3,522,0.15,0.6059627021136009,0.3475488705260821,0.142260259135625
S3,523,0.15,0.778436061673405,0.34700821066819465,0.14211784395687677
S3,524,0.15,1.0,0.34727245351203395,0.14131809506926155
S3,525,0.15,2.0,0.3495097240330291,0.14444575289961784
S3,526,0.15,3.0,0.31808642908149914,0.11698524938210096
S3,527,0.15,10.0,0.29869831180546463,0.11452353512960936
S3,528,0.2,0.003,0.2961249288468158,0.11543658315493609
S3,529,0.2,0.005,0.2953156738397996,0.1145374007104691
S3,530,0.2,0.01,0.2909739675437752,0.11393780292720704
S3,531,0.2,0.02,0.2932037499495303,0.11282130579240672
S3,532,0.2,0.03,0.29303609154519494,0.11274925026093252
S3,533,0.2,0.038538810670601456,0.29303609154519494,0.11274925026093252
S3,534,0.2,0.049507997596815526,0.2929240223757487,0.11246294819700017
S3,535,0.2,0.06359931153547553,0.2929946438446753,0.11233632221594957
S3,536,0.2,0.08170139420154304,0.29294288401030677,0.11227857781022967
S3,537,0.2,0.10495581875524816,0.29283659149329994,0.11218233328132124
S3,538,0.2,0.1348290809262157,0.29283690084220826,0.1117208083856204
S3,539,0.2,0.17320508075688773,0.2928727585587888,0.11171268844969569
S3,540,0.2,0.2225039271491978,0.2928995654311285,0.11164293702695882
S3,541,0.2,0.2858345573956079,0.29215803349766856,0.11102217267378334
S3,542,0.2,0.3671907963528168,0.2928990328051361,0.11139219026396203
S3,543,0.2,0.47170321935428616,0.2972521549910294,0.11159794948490818
S3,544,0.2,0.6059627021136009,0.29718994601477877,0.1106634950916367
S3,545,0.2,0.778436061673405,0.34466967713175645,0.14235447368054688
S3,546,0.2,1.0,0.34722893592289744,0.142845860517365
S3,547,0.2,2.0,0.34848029515897117,0.14415470603883446
S3,548,0.2,3.0,0.31828594908517377,0.117165238302832
S3,549,0.2,10.0,0.29869831180546463,0.11452353512960936
S3,550,0.25,0.003,0.2914246279022351,0.11467216899934982
S3,551,0.25,0.005,0.29126665150372044,0.11446257970144452
S3,552,0.25,0.01,0.2897790867808616,0.11278944488644624
S3,553,0.25,0.02,0.2903458931419458,0.11326844566094622
S3,554,0.25,0.03,0.2904347978361136,0.11337090274048546
S3,555,0.25,0.038538810670601456,0.28983641156707846,0.1127320726506757
S3,556,0.25,0.049507997596815526,0.2903649815809426,0.11335731820283626
S3,557,0.25,0.06359931153547553,0.2903649815809426,0.11335731820283626
S3,558,0.25,0.08170139420154304,0.2901830689792413,0.11339071076950422
S3,559,0.25,0.10495581875524816,0.2903381740787756,0.11330343273885986
S3,560,0.25,0.1348290809262157,0.29025765878086895,0.11322941218422121
S3,561,0.25,0.17320508075688773,0.2901556179645425,0.11313586218691692
S3,562,0.25,0.2225039271491978,0.2896605937911795,0.11267331038357133
S3,563,0.25,0.2858345573956079,0.2925447997679139,0.1116777674055739
S3,564,0.25,0.3671907963528168,0.29264257945388805,0.1116477783181271
S3,565,0.25,0.47170321935428616,0.2932265924419326,0.11243768725554538
S3,566,0.25,0.6059627021136009,0.2935230180997298,0.11265805285783091
S3,567,0.25,0.778436061673405,0.3367020181258416,0.1325862371963579
S3,568,0.25,1.0,0.33705841493721156,0.1315987525365492
S3,569,0.25,2.0,0.3489834502313437,0.14420046025286692
S3,570,0.25,3.0,0.3175986655748174,0.11605099750601389
S3,571,0.25,10.0,0.29869831180546463,0.11452353512960936
S3,572,0.3,0.003,0.29131979407885633,0.11466950685154276
S3,573,0.3,0.005,0.2913281605402482,0.11443622386820608
S3,574,0.3,0.01,0.2910913463522512,0.11415504994281907
S3,575,0.3,0.02,0.28947356591312184,0.11261556932595221
S3,576,0.3,0.03,0.2895686012255485,0.11275280889124384
S3,577,0.3,0.038538810670601456,0.28946230870854167,0.1126531481382638
S3,578,0.3,0.049507997596815526,0.28950858786440986,0.11270608630748098
S3,579,0.3,0.06359931153547553,0.2901518579929741,0.11340135110857229
S3,580,0.3,0.08170139420154304,0.29022747807766863,0.113269866391602
S3,581,0.3,0.10495581875524816,0.2901232427654405,0.11296584580624743
S3,582,0.3,0.1348290809262157,0.29081937376911077,0.11375531467237229
S3,583,0.3,0.17320508075688773,0.29355278628305254,0.1126650827434019
S3,584,0.3,0.2225039271491978,0.29435137494928826,0.11363153056017905
S3,585,0.3,0.2858345573956079,0.29411431576078206,0.11363739045957308
S3,586,0.3,0.3671907963528168,0.2943694649577002,0.11347651855081854
S3,587,0.3,0.47170321935428616,0.2958183306290373,0.11455346700960774
S3,588,0.3,0.6059627021136009,0.2963261081024239,0.11435695578697164
S3,589,0.3,0.778436061673405,0.29603990870311914,0.11398637943360204
S3,590,0.3,1.0,0.3421673365910046,0.135881244394305
S3,591,0.3,2.0,0.34999432912366574,0.14352775270695264
S3,592,0.3,3.0,0.3185052461138752,0.11638546106486437
S3,593,0.3,10.0,0.29869831180546463,0.11452353512960936
S3,594,0.4,0.003,0.29199343170379755,0.12082980868320814
S3,595,0.4,0.005,0.2916899115467072,0.1205333619992182
S3,596,0.4,0.01,0.2901166597739178,0.11872120794756388
S3,597,0.4,0.02,0.29006301328705697,0.11895649829393806
S3,598,0.4,0.03,0.2898507138996269,0.1186664781975534
S3,599,0.4,0.038538810670601456,0.2888507878997009,0.11745931889395025
S3,600,0.4,0.049507997596815526,0.2888507878997009,0.11745931889395025
S3,601,0.4,0.06359931153547553,0.28893195673086974,0.11732483791796815
S3,602,0.4,0.08170139420154304,0.28984770764662066,0.11845652382044294
S3,603,0.4,0.10495581875524816,0.289994311736333,0.11791994394361933
S3,604,0.4,0.1348290809262157,0.29003386869835834,0.11790021674120932
S3,605,0.4,0.17320508075688773,0.29003386869835834,0.11790021674120932
S3,606,0.4,0.2225039271491978,0.29114639847452484,0.11915808819689154
S3,607,0.4,0.2858345573956079,0.2931073701410388,0.11848377865460122
S3,608,0.4,0.3671907963528168,0.29349206349206347,0.1180723815811967
S3,609,0.4,0.47170321935428616,0.293376916293583,0.11715685754541073
S3,610,0.4,0.6059627021136009,0.299059361080267,0.11878662728616078
S3,611,0.4,0.778436061673405,0.3039903477834909,0.12026441865008186
S3,612,0.4,1.0,0.35489324071145095,0.14169570893546168
S3,613,0.4,2.0,0.3598582701690687,0.14280234310209547
S3,614,0.4,3.0,0.325921407252432,0.11976326885492236
S3,615,0.4,10.0,0.29869831180546463,0.11452353512960936
S4,0,0.001,0.003,0.3678696134716637,0.06820848744586507
S4,1,0.001,0.005,0.36634051238922594,0.0676149867464808
S4,2,0.001,0.01,0.3648977814341501,0.06533966114921234
S4,3,0.001,0.02,0.3573638376418762,0.062403796761193224
S4,4,0.001,0.03,0.36355499838939037,0.07496459807753912
S4,5,0.001,0.038538810670601456,0.3636836030314291,0.07580180772200985
S4,6,0.001,0.049507997596815526,0.3629078540937114,0.07493315258627654
S4,7,0.001,0.06359931153547553,0.3642525741884315,0.07711547058045519
S4,8,0.001,0.08170139420154304,0.36258597532037445,0.07633120068386078
S4,9,0.001,0.10495581875524816,0.3207484589334943,0.06149230954827256
S4,10,0.001,0.1348290809262157,0.3224726274323048,0.058434236356308636
S4,11,0.001,0.17320508075688773,0.3219058571496231,0.05654477440577959
S4,12,0.001,0.2225039271491978,0.32083329454297194,0.05514003997174808
S4,13,0.001,0.2858345573956079,0.3204192532761353,0.054895681847036394
S4,14,0.001,0.3671907963528168,0.3260286329617549,0.05045451453456983
S4,15,0.001,0.47170321935428616,0.324704792946072,0.04984501289950967
S4,16,0.001,0.6059627021136009,0.3255376106590873,0.04869214099902379
S4,17,0.001,0.778436061673405,0.32434490965781226,0.0478331326588229
S4,18,0.001,1.0,0.32551127256150525,0.04700195418729261
S4,19,0.001,2.0,0.3284650402527337,0.04735336482820451
S4,20,0.001,3.0,0.33388189661632034,0.04876998847801638
S4,21,0.001,10.0,0.3059292241721987,0.0653707920131444
S4,22,0.0025,0.003,0.3677633209546569,0.06841014227876666
S4,23,0.0025,0.005,0.3669370575509885,0.06777197510338054
S4,24,0.0025,0.01,0.365029916740704,0.06538055389016902
S4,25,0.0025,0.02,0.357210582051414,0.061878894464958326
S4,26,0.0025,0.03,0.36347065291030806,0.07511525055794252
S4,27,0.0025,0.038538810670601456,0.3637716932357984,0.07579832733859285
S4,28,0.0025,0.049507997596815526,0.3629078540937114,0.07493315258627654
S4,29,0.0025,0.06359931153547553,0.36450898444484175,0.07725198881646758
S4,30,0.0025,0.08170139420154304,0.36310035864138046,0.07691358758792856
S4,31,0.0025,0.10495581875524816,0.3207237064582468,0.06152492489707105
S4,32,0.0025,0.1348290809262157,0.3224726274323048,0.058434236356308636
S4,33,0.0025,0.17320508075688773,0.3219058571496231,0.05654477440577959
S4,34,0.0025,0.2225039271491978,0.32083329454297194,0.05514003997174808
S4,35,0.0025,0.2858345573956079,0.3204192532761353,0.054895681847036394
S4,36,0.0025,0.3671907963528168,0.3260286329617549,0.05045451453456983
S4,37,0.0025,0.47170321935428616,0.324704792946072,0.04984501289950967
S4,38,0.0025,0.6059627021136009,0.3255376106590873,0.04869214099902379
S4,39,0.0025,0.778436061673405,0.32437350723273795,0.04778235628658623
S4,40,0.0025,1.0,0.32551127256150525,0.04700195418729261
S4,41,0.0025,2.0,0.3284930357734504,0.04729981341366952
S4,42,0.0025,3.0,0.3332767669789326,0.048509808114129874
S4,43,0.0025,10.0,0.3062618504194591,0.06574215404232334
S4,44,0.005,0.003,0.3677633209546569,0.06841014227876666
S4,45,0.005,0.005,0.3675498026490277,0.06851634374247652
S4,46,0.005,0.01,0.365029916740704,0.06538055389016902
S4,47,0.005,0.02,0.357210582051414,0.061878894464958326
S4,48,0.005,0.03,0.3635181718715745,0.07518235487070857
S4,49,0.005,0.038538810670601456,0.363599427947254,0.07580551584304634
S4,50,0.005,0.049507997596815526,0.3633245207603781,0.07546254524016877
S4,51,0.005,0.06359931153547553,0.3640923177781751,0.07669963143666224
S4,52,0.005,0.08170139420154304,0.3629464270254359,0.07682824054495144
S4,53,0.005,0.10495581875524816,0.3207237064582468,0.06152492489707105
S4,54,0.005,0.1348290809262157,0.3224726274323048,0.058434236356308636
S4,55,0.005,0.17320508075688773,0.3219058571496231,0.05654477440577959
S4,56,0.005,0.2225039271491978,0.32083329454297194,0.05514003997174808
S4,57,0.005,0.2858345573956079,0.3204192532761353,0.054895681847036394
S4,58,0.005,0.3671907963528168,0.3260286329617549,0.05045451453456983
S4,59,0.005,0.47170321935428616,0.324704792946072,0.04984501289950967
S4,60,0.005,0.6059627021136009,0.3255376106590873,0.04869214099902379
S4,61,0.005,0.778436061673405,0.32437350723273795,0.04778235628658623
S4,62,0.005,1.0,0.32551127256150525,0.04700195418729261
S4,63,0.005,2.0,0.3284930357734504,0.04729981341366952
S4,64,0.005,3.0,0.3332767669789326,0.048509808114129874
S4,65,0.005,10.0,0.306311615113259,0.06562236794020956
S4,66,0.01,0.003,0.35891580610741103,0.06176790907576573
S4,67,0.01,0.005,0.3575932574322648,0.06099224290907841
S4,68,0.01,0.01,0.3599923654632424,0.06402676116677437
S4,69,0.01,0.02,0.36984895061187106,0.07812750281400273
S4,70,0.01,0.03,0.36740608904095984,0.07691982267310006
S4,71,0.01,0.038538810670601456,0.36452875201104484,0.07504613039901951
S4,72,0.01,0.049507997596815526,0.3634137997133047,0.07488605927765117
S4,73,0.01,0.06359931153547553,0.32274248899248903,0.06728882014865838
S4,74,0.01,0.08170139420154304,0.3213515487029153,0.06244829251077816
S4,75,0.01,0.10495581875524816,0.32052529375983413,0.06125297663154471
S4,76,0.01,0.1348290809262157,0.3223123710220484,0.05822261884069241
S4,77,0.01,0.17320508075688773,0.3219058571496231,0.05654477440577959
S4,78,0.01,0.2225039271491978,0.32083329454297194,0.05514003997174808
S4,79,0.01,0.2858345573956079,0.3204192532761353,0.054895681847036394
S4,80,0.01,0.3671907963528168,0.3260286329617549,0.05045451453456983
S4,81,0.01,0.47170321935428616,0.324704792946072,0.04984501289950967
S4,82,0.01,0.6059627021136009,0.3255376106590873,0.04869214099902379
S4,83,0.01,0.778436061673405,0.32437350723273795,0.04778235628658623
S4,84,0.01,1.0,0.32551127256150525,0.04700195418729261
S4,85,0.01,2.0,0.3284930357734504,0.04729981341366952
S4,86,0.01,3.0,0.3332767669789326,0.048509808114129874
S4,87,0.01,10.0,0.3062173466366376,0.06569290228061793
S4,88,0.015,0.003,0.3663261060450184,0.06993660387241137
S4,89,0.015,0.005,0.36741943007759936,0.0719571768329553
S4,90,0.015,0.01,0.37339542767174344,0.0787166758145364
S4,91,0.015,0.02,0.3661805614107404,0.07540492308106303
S4,92,0.015,0.03,0.3627207560149418,0.07473312476853824
S4,93,0.015,0.038538810670601456,0.3215870589159756,0.0639591972697853
S4,94,0.015,0.049507997596815526,0.32083238475587794,0.06264778195899318
S4,95,0.015,0.06359931153547553,0.32088215400277,0.06242200097346433
S4,96,0.015,0.08170139420154304,0.3206715526783434,0.061128556190919475
S4,97,0.015,0.10495581875524816,0.31935418781833913,0.05967628765618323
S4,98,0.015,0.1348290809262157,0.32225254658722396,0.05800635413060529
S4,99,0.015,0.17320508075688773,0.3217898876722406,0.05626428571558888
S4,100,0.015,0.2225039271491978,0.32117882436847955,0.05551163661162909
S4,101,0.015,0.2858345573956079,0.31998480999399237,0.054403386661331696
S4,102,0.015,0.3671907963528168,0.3260286329617549,0.05045451453456983
S4,103,0.015,0.47170321935428616,0.324704792946072,0.04984501289950967
S4,104,0.015,0.6059627021136009,0.3255376106590873,0.04869214099902379
S4,105,0.015,0.778436061673405,0.32437350723273795,0.04778235628658623
S4,106,0.015,1.0,0.32551127256150525,0.04700195418729261
S4,107,0.015,2.0,0.3284930357734504,0.04729981341366952
S4,108,0.015,3.0,0.3332767669789326,0.048509808114129874
S4,109,0.015,10.0,0.3062173466366376,0.06569290228061793
S4,110,0.02,0.003,0.3683503267929804,0.07488888043152905
S4,111,0.02,0.005,0.3688503553300665,0.07542478249591433
S4,112,0.02,0.01,0.36877339555403243,0.07676493088385829
S4,113,0.02,0.02,0.3238672662190899,0.06694393145203534
S4,114,0.02,0.03,0.3213192859890346,0.06433642351650935
S4,115,0.02,0.038538810670601456,0.32088984204793025,0.06367512523866836
S4,116,0.02,0.049507997596815526,0.32045833061906936,0.06297930522805614
S4,117,0.02,0.06359931153547553,0.31890165986102437,0.06114858749572778
S4,118,0.02,0.08170139420154304,0.3197947510837518,0.05904831262592161
S4,119,0.02,0.10495581875524816,0.3201933615020488,0.059442566299984116
S4,120,0.02,0.1348290809262157,0.3217746055700316,0.05731971061895384
S4,121,0.02,0.17320508075688773,0.3215353306073387,0.05593295694105567
S4,122,0.02,0.2225039271491978,0.32107290306206315,0.055389627792720476
S4,123,0.02,0.2858345573956079,0.31998480999399237,0.054403386661331696
S4,124,0.02,0.3671907963528168,0.3260286329617549,0.05045451453456983
S4,125,0.02,0.47170321935428616,0.324704792946072,0.04984501289950967
S4,126,0.02,0.6059627021136009,0.3255376106590873,0.04869214099902379
S4,127,0.02,0.778436061673405,0.32437350723273795,0.04778235628658623
S4,128,0.02,1.0,0.32551127256150525,0.04700195418729261
S4,129,0.02,2.0,0.3284930357734504,0.04729981341366952
S4,130,0.02,3.0,0.3332767669789326,0.048509808114129874
S4,131,0.02,10.0,0.3062173466366376,0.06569290228061793
S4,132,0.025,0.003,0.36147060560487454,0.06983540303269717
S4,133,0.025,0.005,0.3634262705477098,0.07219831733606119
S4,134,0.025,0.01,0.31863943783453375,0.07169584578905835
S4,135,0.025,0.02,0.3198757349463751,0.06336797774244318
S4,136,0.025,0.03,0.31920335057638494,0.06482255406490317
S4,137,0.025,0.038538810670601456,0.3191285877772896,0.06449066822441314
S4,138,0.025,0.049507997596815526,0.31933133517336554,0.061332844749326
S4,139,0.025,0.06359931153547553,0.3187800627497376,0.058775843280081376
S4,140,0.025,0.08170139420154304,0.31822303869373153,0.057051411036701305
S4,141,0.025,0.10495581875524816,0.31942982083848953,0.05462453621537521
S4,142,0.025,0.1348290809262157,0.3190822504818448,0.05420631097641719
S4,143,0.025,0.17320508075688773,0.3197159056977877,0.05391884587584628
S4,144,0.025,0.2225039271491978,0.31938019959353947,0.05352965474042469
S4,145,0.025,0.2858345573956079,0.32209265883830174,0.05159703715529705
S4,146,0.025,0.3671907963528168,0.3256707282274316,0.05007825831847482
S4,147,0.025,0.47170321935428616,0.324704792946072,0.04984501289950967
S4,148,0.025,0.6059627021136009,0.3255376106590873,0.04869214099902379
S4,149,0.025,0.778436061673405,0.32437350723273795,0.04778235628658623
S4,150,0.025,1.0,0.32551127256150525,0.04700195418729261
S4,151,0.025,2.0,0.3284930357734504,0.04729981341366952
S4,152,0.025,3.0,0.3332767669789326,0.048509808114129874
S4,153,0.025,10.0,0.3062173466366376,0.06569290228061793
S4,154,0.03,0.003,0.3197150340698728,0.07386317608250473
S4,155,0.03,0.005,0.32045251591059043,0.0721707969484727
S4,156,0.03,0.01,0.3166680337351711,0.06640069950713526
S4,157,0.03,0.02,0.31951711036718206,0.06363751681485175
S4,158,0.03,0.03,0.3178114301276066,0.061438891477857895
S4,159,0.03,0.038538810670601456,0.31733914778032424,0.0591609810306389
S4,160,0.03,0.049507997596815526,0.31678593509574937,0.057415819910499155
S4,161,0.03,0.06359931153547553,0.3167459861928222,0.05636819851994165
S4,162,0.03,0.08170139420154304,0.3158803288215053,0.05747242482078541
S4,163,0.03,0.10495581875524816,0.31809361608429754,0.05574301365993595
S4,164,0.03,0.1348290809262157,0.31972546488929987,0.05386288275192725
S4,165,0.03,0.17320508075688773,0.3199880152042127,0.05414761278067479
S4,166,0.03,0.2225039271491978,0.3220977023634048,0.05236060354987527
S4,167,0.03,0.2858345573956079,0.32155035927414444,0.05201203688109451
S4,168,0.03,0.3671907963528168,0.32166158638833287,0.05124707307887504
S4,169,0.03,0.47170321935428616,0.324402007359121,0.049533672035142286
S4,170,0.03,0.6059627021136009,0.32414872177019843,0.049077047030029367
S4,171,0.03,0.778436061673405,0.32437350723273795,0.04778235628658623
S4,172,0.03,1.0,0.32551127256150525,0.04700195418729261
S4,173,0.03,2.0,0.3284930357734504,0.04729981341366952
S4,174,0.03,3.0,0.3332767669789326,0.048509808114129874
S4,175,0.03,10.0,0.3062173466366376,0.06569290228061793
S4,176,0.035,0.003,0.3182127456664571,0.0679683558998358
S4,177,0.035,0.005,0.317492186069005,0.06790267428567294
S4,178,0.035,0.01,0.3167236409949797,0.06677687086643622
S4,179,0.035,0.02,0.31625396608288275,0.061697184931620894
S4,180,0.035,0.03,0.31503233964285804,0.05871067992564915
S4,181,0.035,0.038538810670601456,0.31482517632283646,0.05692776990840394
S4,182,0.035,0.049507997596815526,0.3157463956415757,0.0561896697238421
S4,183,0.035,0.06359931153547553,0.3168979672828381,0.05550285545124164
S4,184,0.035,0.08170139420154304,0.31936655014309245,0.05362277638428274
S4,185,0.035,0.10495581875524816,0.31932013191342057,0.05355399197014411
S4,186,0.035,0.1348290809262157,0.31945778963084814,0.05368051872112964
S4,187,0.035,0.17320508075688773,0.32204925516954747,0.05236951440672961
S4,188,0.035,0.2225039271491978,0.32193088395742625,0.05223978782393824
S4,189,0.035,0.2858345573956079,0.3214328722566985,0.0519481621286641
S4,190,0.035,0.3671907963528168,0.32150862284117,0.05102440031009053
S4,191,0.035,0.47170321935428616,0.3237098535750095,0.04971175948723235
S4,192,0.035,0.6059627021136009,0.32391336365499274,0.04884113992664601
S4,193,0.035,0.778436061673405,0.32437350723273795,0.04778235628658623
S4,194,0.035,1.0,0.32551127256150525,0.04700195418729261
S4,195,0.035,2.0,0.3284930357734504,0.04729981341366952
S4,196,0.035,3.0,0.3332767669789326,0.048509808114129874
S4,197,0.035,10.0,0.3062173466366376,0.06569290228061793
S4,198,0.04,0.003,0.31651721557489904,0.06696230389460092
S4,199,0.04,0.005,0.31525028638189134,0.06897789407940975
S4,200,0.04,0.01,0.3168464722412091,0.06410525459876469
S4,201,0.04,0.02,0.31481400788225455,0.061705032491600836
S4,202,0.04,0.03,0.3132123008514458,0.05916911912006882
S4,203,0.04,0.038538810670601456,0.3129015285318341,0.05819939008796688
S4,204,0.04,0.049507997596815526,0.31346335856034135,0.057586297715637794
S4,205,0.04,0.06359931153547553,0.3136215570520176,0.0577143467505071
S4,206,0.04,0.08170139420154304,0.316320217109052,0.05546610845776479
S4,207,0.04,0.10495581875524816,0.31652506444735806,0.055682369218533916
S4,208,0.04,0.1348290809262157,0.3191553636941986,0.05335215416610128
S4,209,0.04,0.17320508075688773,0.31975158050009284,0.05329786732789352
S4,210,0.04,0.2225039271491978,0.3204306805807454,0.052534431110296605
S4,211,0.04,0.2858345573956079,0.3196919964321523,0.052660407916662086
S4,212,0.04,0.3671907963528168,0.32040945284872274,0.05175925499910791
S4,213,0.04,0.47170321935428616,0.320631471110741,0.051010340289155645
S4,214,0.04,0.6059627021136009,0.32322307297072034,0.04888596132447064
S4,215,0.04,0.778436061673405,0.3238120916963422,0.04809384379279014
S4,216,0.04,1.0,0.32551127256150525,0.04700195418729261
S4,217,0.04,2.0,0.3284930357734504,0.04729981341366952
S4,218,0.04,3.0,0.3332767669789326,0.048509808114129874
S4,219,0.04,10.0,0.3062173466366376,0.06569290228061793
S4,220,0.045,0.003,0.3161714335153791,0.06665208993338269
S4,221,0.045,0.005,0.31671485164020474,0.06485190162795351
S4,222,0.045,0.01,0.31542472588896453,0.06414558271925916
S4,223,0.045,0.02,0.3125478180213221,0.06185888054844251
S4,224,0.045,0.03,0.31202686873318314,0.0611121367703139
S4,225,0.045,0.038538810670601456,0.313410644026716,0.058639358916735856
S4,226,0.045,0.049507997596815526,0.31341514573286255,0.058628164073233555
S4,227,0.045,0.06359931153547553,0.31387787392942973,0.05856014253511992
S4,228,0.045,0.08170139420154304,0.315910836829651,0.0562221589451113
S4,229,0.045,0.10495581875524816,0.31709491386781696,0.05619916652633372
S4,230,0.045,0.1348290809262157,0.3186695181944701,0.054057881643265096
S4,231,0.045,0.17320508075688773,0.318754001613096,0.053515219053931626
S4,232,0.045,0.2225039271491978,0.31878657497975393,0.05367749096232829
S4,233,0.045,0.2858345573956079,0.31899879250325935,0.05336930719303247
S4,234,0.045,0.3671907963528168,0.31946094837285377,0.052399003831468345
S4,235,0.045,0.47170321935428616,0.32009092237501635,0.051102835227232586
S4,236,0.045,0.6059627021136009,0.32241794736419827,0.04882177391887762
S4,237,0.045,0.778436061673405,0.32377152045323926,0.04805434621153713
S4,238,0.045,1.0,0.32554985280841886,0.0470368770654381
S4,239,0.045,2.0,0.3284930357734504,0.04729981341366952
S4,240,0.045,3.0,0.3332767669789326,0.048509808114129874
S4,241,0.045,10.0,0.3062173466366376,0.06569290228061793
S4,242,0.05,0.003,0.3146040408798267,0.0668417949454451
S4,243,0.05,0.005,0.31472816399286985,0.06575377282759727
S4,244,0.05,0.01,0.3144670104365683,0.06279161438906285
S4,245,0.05,0.02,0.3119865573559571,0.06176659980722042
S4,246,0.05,0.03,0.3122311527079631,0.06078521654946913
S4,247,0.05,0.038538810670601456,0.3120016202339712,0.06043900774635577
S4,248,0.05,0.049507997596815526,0.3136090567251287,0.05885084964398576
S4,249,0.05,0.06359931153547553,0.31353551915159106,0.05874450125274381
S4,250,0.05,0.08170139420154304,0.31360182900050965,0.05879732736258648
S4,251,0.05,0.10495581875524816,0.31561719028101165,0.05714657168539187
S4,252,0.05,0.1348290809262157,0.31801799435478045,0.05461077562844167
S4,253,0.05,0.17320508075688773,0.31869544064815236,0.05420899393502127
S4,254,0.05,0.2225039271491978,0.31882212823605605,0.05447021574930642
S4,255,0.05,0.2858345573956079,0.3190615287912534,0.053431093335013724
S4,256,0.05,0.3671907963528168,0.31966191798539256,0.05262192085843113
S4,257,0.05,0.47170321935428616,0.31992634692483657,0.050902597104574704
S4,258,0.05,0.6059627021136009,0.31952951119617784,0.05035371782645785
S4,259,0.05,0.778436061673405,0.32368400432706684,0.047960322954776535
S4,260,0.05,1.0,0.32551312051338505,0.04699784858250412
S4,261,0.05,2.0,0.3284930357734504,0.04729981341366952
S4,262,0.05,3.0,0.3332767669789326,0.048509808114129874
S4,263,0.05,10.0,0.3062173466366376,0.06569290228061793
S4,264,0.055,0.003,0.31593412018306954,0.06405148484993758
S4,265,0.055,0.005,0.3148785633649061,0.0642895064887789
S4,266,0.055,0.01,0.31329613704518355,0.06396683095861257
S4,267,0.055,0.02,0.31294256433879697,0.06284091623672625
S4,268,0.055,0.03,0.312187344184235,0.06212613028946851
S4,269,0.055,0.038538810670601456,0.3121781545976583,0.06211455826697614
S4,270,0.055,0.049507997596815526,0.3114088190856757,0.061157592812777196
S4,271,0.055,0.06359931153547553,0.3111912715651204,0.060929923854752197
S4,272,0.055,0.08170139420154304,0.3115239901226289,0.06129531688931703
S4,273,0.055,0.10495581875524816,0.313586317416909,0.05960789484934109
S4,274,0.055,0.1348290809262157,0.31508272014818495,0.057761840320188704
S4,275,0.055,0.17320508075688773,0.3155822038674627,0.05669854943143538
S4,276,0.055,0.2225039271491978,0.31564713885455253,0.05616590033248338
S4,277,0.055,0.2858345573956079,0.3164630686221124,0.05576598906141216
S4,278,0.055,0.3671907963528168,0.31889018134596914,0.05251273021373987
S4,279,0.055,0.47170321935428616,0.32008429104601177,0.05107545713122172
S4,280,0.055,0.6059627021136009,0.3198651877223306,0.05063467764105388
S4,281,0.055,0.778436061673405,0.32311487737594713,0.04819534842031567
S4,282,0.055,1.0,0.325560788383426,0.047048512143818846
S4,283,0.055,2.0,0.3284930357734504,0.04729981341366952
S4,284,0.055,3.0,0.3332767669789326,0.048509808114129874
S4,285,0.055,10.0,0.3062173466366376,0.06569290228061793
S4,286,0.06,0.003,0.31517016480251775,0.06574164339791275
S4,287,0.06,0.005,0.31539579108192306,0.06545551351807999
S4,288,0.06,0.01,0.31421434533854614,0.06444418232866864
S4,289,0.06,0.02,0.3124641500781015,0.06289108579593573
S4,290,0.06,0.03,0.31205612524464516,0.06248425965900601
S4,291,0.06,0.038538810670601456,0.3117952700054817,0.06221631383651539
S4,292,0.06,0.049507997596815526,0.3114780772775747,0.06182749972353417
S4,293,0.06,0.06359931153547553,0.3112621332431249,0.06101586597384006
S4,294,0.06,0.08170139420154304,0.3112329139817879,0.06098393808135643
S4,295,0.06,0.10495581875524816,0.3149664043847257,0.05720589573973928
S4,296,0.06,0.1348290809262157,0.3146353934838618,0.057330043794884836
S4,297,0.06,0.17320508075688773,0.3152496932981669,0.056967944085353155
S4,298,0.06,0.2225039271491978,0.31542742394747114,0.05653012433887541
S4,299,0.06,0.2858345573956079,0.31760995206607656,0.05369743442920142
S4,300,0.06,0.3671907963528168,0.3184837610951666,0.05277636434362254
S4,301,0.06,0.47170321935428616,0.31966982109750486,0.05148758948207387
S4,302,0.06,0.6059627021136009,0.320040517873315,0.05082168010669993
S4,303,0.06,0.778436061673405,0.3229624929559588,0.04802944505301987
S4,304,0.06,1.0,0.3256409165885542,0.0471213225912023
S4,305,0.06,2.0,0.3284930357734504,0.04729981341366952
S4,306,0.06,3.0,0.3332767669789326,0.048509808114129874
S4,307,0.06,10.0,0.3062173466366376,0.06569290228061793
S4,308,0.065,0.003,0.3162411100875054,0.06647547068430726
S4,309,0.065,0.005,0.3150774217727408,0.06612895952932439
S4,310,0.065,0.01,0.31428624961455826,0.06456782868278721
S4,311,0.065,0.02,0.3123103364729398,0.0633199885354357
S4,312,0.065,0.03,0.31194784339666964,0.06181415244616609
S4,313,0.065,0.038538810670601456,0.3117889838812309,0.061674525531173204
S4,314,0.065,0.049507997596815526,0.31153977215629314,0.06137583402092224
S4,315,0.065,0.06359931153547553,0.31078877478764866,0.06048246838620534
S4,316,0.065,0.08170139420154304,0.312384734819493,0.05885355816445039
S4,317,0.065,0.10495581875524816,0.3166225936228081,0.05478635659761859
S4,318,0.065,0.1348290809262157,0.31617988888740944,0.054252233914363776
S4,319,0.065,0.17320508075688773,0.316383254794819,0.05349255094827774
S4,320,0.065,0.2225039271491978,0.3167267933743806,0.05334927447474176
S4,321,0.065,0.2858345573956079,0.3171665974671552,0.05320149400225369
S4,322,0.065,0.3671907963528168,0.3176898798989201,0.05256126383737118
S4,323,0.065,0.47170321935428616,0.3197488482503772,0.05157774945901085
S4,324,0.065,0.6059627021136009,0.3200861671099766,0.0508719448133704
S4,325,0.065,0.778436061673405,0.32354091793524675,0.04853784807589259
S4,326,0.065,1.0,0.3254908054591506,0.046985275319185456
S4,327,0.065,2.0,0.3284930357734504,0.04729981341366952
S4,328,0.065,3.0,0.3332767669789326,0.048509808114129874
S4,329,0.065,10.0,0.3062173466366376,0.06569290228061793
S4,330,0.07,0.003,0.3164657830753721,0.0675336545321825
S4,331,0.07,0.005,0.316116619503115,0.06757896993117087
S4,332,0.07,0.01,0.31532533262105367,0.06543572841066488
S4,333,0.07,0.02,0.31476958642602454,0.06278902718926843
S4,334,0.07,0.03,0.31391028362702206,0.06172916306281946
S4,335,0.07,0.038538810670601456,0.31302690479360007,0.06015961438013585
S4,336,0.07,0.049507997596815526,0.31197025744813134,0.058883966333295366
S4,337,0.07,0.06359931153547553,0.3117355370285927,0.05809684883835914
S4,338,0.07,0.08170139420154304,0.31165474385982234,0.05798972117179377
S4,339,0.07,0.10495581875524816,0.31144708309363617,0.057731849624142614
S4,340,0.07,0.1348290809262157,0.31356703624803584,0.055567646666615705
S4,341,0.07,0.17320508075688773,0.315804020972728,0.05332430142475933
S4,342,0.07,0.2225039271491978,0.3168207198689174,0.0528879103367872
S4,343,0.07,0.2858345573956079,0.3164160418548017,0.0524284265673242
S4,344,0.07,0.3671907963528168,0.31685735993861297,0.052331005069547444
S4,345,0.07,0.47170321935428616,0.31916107351908907,0.0517532871815723
S4,346,0.07,0.6059627021136009,0.3202455479443921,0.05104875062014277
S4,347,0.07,0.778436061673405,0.32432266371796314,0.04867162831634382
S4,348,0.07,1.0,0.32556151947625767,0.0470609573393709
S4,349,0.07,2.0,0.3284930357734504,0.04729981341366952
S4,350,0.07,3.0,0.3332767669789326,0.048509808114129874
S4,351,0.07,10.0,0.3062173466366376,0.06569290228061793
S4,352,0.075,0.003,0.3161689553372539,0.06715501271574273
S4,353,0.075,0.005,0.31600084009654694,0.06643391347638554
S4,354,0.075,0.01,0.31598467497147054,0.06641909121361456
S4,355,0.075,0.02,0.3149188061805348,0.06514114957664636
S4,356,0.075,0.03,0.3144589257941374,0.06199981512026161
S4,357,0.075,0.038538810670601456,0.3137547793713003,0.06161755092295095
S4,358,0.075,0.049507997596815526,0.3131693486926183,0.06035783439867292
S4,359,0.075,0.06359931153547553,0.312632306071555,0.05967365659849976
S4,360,0.075,0.08170139420154304,0.31221039817796276,0.05915319308841672
S4,361,0.075,0.10495581875524816,0.3118645117283305,0.05820480275773578
S4,362,0.075,0.1348290809262157,0.31164782156671583,0.057435323762220054
S4,363,0.075,0.17320508075688773,0.31194251550438484,0.05661028682441999
S4,364,0.075,0.2225039271491978,0.3163619293006892,0.05236439423177454
S4,365,0.075,0.2858345573956079,0.31680224443020577,0.05227418569434491
S4,366,0.075,0.3671907963528168,0.31702116863999374,0.05254024984901852
S4,367,0.075,0.47170321935428616,0.3191673171742831,0.051838128279062555
S4,368,0.075,0.6059627021136009,0.32044202049255954,0.05126951468756931
S4,369,0.075,0.778436061673405,0.32457321562485897,0.0489307188903735
S4,370,0.075,1.0,0.32554775422111815,0.04710956272815571
S4,371,0.075,2.0,0.3284930357734504,0.04729981341366952
S4,372,0.075,3.0,0.3332767669789326,0.048509808114129874
S4,373,0.075,10.0,0.3062173466366376,0.06569290228061793
S4,374,0.08,0.003,0.3158670896296435,0.06745204351563494
S4,375,0.08,0.005,0.31602140726650435,0.06645279005744406
S4,376,0.08,0.01,0.3163859142635047,0.0670454484577912
S4,377,0.08,0.02,0.3162119442882421,0.06630372209555438
S4,378,0.08,0.03,0.31512234065782657,0.0661799396545363
S4,379,0.08,0.038538810670601456,0.3162371998485668,0.06441037619152892
S4,380,0.08,0.049507997596815526,0.3162010103553548,0.06378793347993092
S4,381,0.08,0.06359931153547553,0.31594863923929095,0.06332029713912532
S4,382,0.08,0.08170139420154304,0.31492560675180514,0.0608835426931436
S4,383,0.08,0.10495581875524816,0.3140976812403875,0.059801867936872984
S4,384,0.08,0.1348290809262157,0.3123463398486236,0.06055553628408453
S4,385,0.08,0.17320508075688773,0.3115303499348893,0.059585399965908906
S4,386,0.08,0.2225039271491978,0.3133130799914289,0.056150304267766696
S4,387,0.08,0.2858345573956079,0.31766217300922106,0.0526209493477925
S4,388,0.08,0.3671907963528168,0.31766043677926187,0.05262497510066536
S4,389,0.08,0.47170321935428616,0.3190360078517973,0.05181182565473949
S4,390,0.08,0.6059627021136009,0.3203540059308608,0.051173824865531896
S4,391,0.08,0.778436061673405,0.32442281988277905,0.048927372752739076
S4,392,0.08,1.0,0.3258891730098739,0.04742496446160094
S4,393,0.08,2.0,0.3284930357734504,0.04729981341366952
S4,394,0.08,3.0,0.3332767669789326,0.048509808114129874
S4,395,0.08,10.0,0.3062173466366376,0.06569290228061793
S4,396,0.085,0.003,0.3158308969273289,0.06724110607047995
S4,397,0.085,0.005,0.3159707489465151,0.06699923563374083
S4,398,0.085,0.01,0.3161491718392623,0.06671815387714236
S4,399,0.085,0.02,0.3161578974631676,0.06610386149219721
S4,400,0.085,0.03,0.31595747381962624,0.06646534004857858
S4,401,0.085,0.038538810670601456,0.3154216136684504,0.06640887132295546
S4,402,0.085,0.049507997596815526,0.3154742286303989,0.06589503803468073
S4,403,0.085,0.06359931153547553,0.31533600010871177,0.06576793504919824
S4,404,0.085,0.08170139420154304,0.3156467494084316,0.06488597671435924
S4,405,0.085,0.10495581875524816,0.315362248082104,0.06447270570724205
S4,406,0.085,0.1348290809262157,0.31481452107620334,0.06377070635889677
S4,407,0.085,0.17320508075688773,0.31369236233209336,0.06232280527199221
S4,408,0.085,0.2225039271491978,0.31339086086144446,0.06123428169520805
S4,409,0.085,0.2858345573956079,0.31313895474277564,0.05940527437224867
S4,410,0.085,0.3671907963528168,0.31441916766502653,0.056721794853373135
S4,411,0.085,0.47170321935428616,0.3186592930633178,0.05221930249900908
S4,412,0.085,0.6059627021136009,0.32013620114138264,0.05093134161635878
S4,413,0.085,0.778436061673405,0.3243145456706028,0.04881418826847275
S4,414,0.085,1.0,0.3260077126020977,0.04754882558178354
S4,415,0.085,2.0,0.3284930357734504,0.04729981341366952
S4,416,0.085,3.0,0.3332767669789326,0.048509808114129874
S4,417,0.085,10.0,0.3062173466366376,0.06569290228061793
S4,418,0.09,0.003,0.3155951441591456,0.06687541673733882
S4,419,0.09,0.005,0.3154283294657886,0.06686474700685666
S4,420,0.09,0.01,0.3158121245791944,0.06736321758249743
S4,421,0.09,0.02,0.3165223518519216,0.06562793185380145
S4,422,0.09,0.03,0.31525678165377313,0.06767884898118494
S4,423,0.09,0.038538810670601456,0.3148973574825692,0.06676175332087873
S4,424,0.09,0.049507997596815526,0.315567000339712,0.06598085515450275
S4,425,0.09,0.06359931153547553,0.31596929408082153,0.06527669098180791
S4,426,0.09,0.08170139420154304,0.31583158091679264,0.06515054407919126
S4,427,0.09,0.10495581875524816,0.3155854132557643,0.06476460935648824
S4,428,0.09,0.1348290809262157,0.3148397736014559,0.0637948047357529
S4,429,0.09,0.17320508075688773,0.31438643564811786,0.06322986174587246
S4,430,0.09,0.2225039271491978,0.31384599649930434,0.061808130013243076
S4,431,0.09,0.2858345573956079,0.3137012799940181,0.06009284369496652
S4,432,0.09,0.3671907963528168,0.3150641063932973,0.05750752153258304
S4,433,0.09,0.47170321935428616,0.3184740708699071,0.05269317012897209
S4,434,0.09,0.6059627021136009,0.3196413769545685,0.05120905376243504
S4,435,0.09,0.778436061673405,0.320770529379876,0.05047402281149429
S4,436,0.09,1.0,0.3260339877225189,0.04765224381780206
S4,437,0.09,2.0,0.3284930357734504,0.04729981341366952
S4,438,0.09,3.0,0.3332767669789326,0.048509808114129874
S4,439,0.09,10.0,0.3062173466366376,0.06569290228061793
S4,440,0.095,0.003,0.3161115320948942,0.06747969786692737
S4,441,0.095,0.005,0.3157111179561243,0.06717096514309169
S4,442,0.095,0.01,0.31581246086172554,0.0673635249386934
S4,443,0.095,0.02,0.31580436928409383,0.06779598434956126
S4,444,0.095,0.03,0.3152780021646844,0.06728138930476461
S4,445,0.095,0.038538810670601456,0.3151467302067871,0.06662081598339882
S4,446,0.095,0.049507997596815526,0.31518646579799325,0.06612191481160684
S4,447,0.095,0.06359931153547553,0.31567522435126794,0.06555894971425928
S4,448,0.095,0.08170139420154304,0.3170531627523955,0.0637526678952347
S4,449,0.095,0.10495581875524816,0.31684307871878203,0.06346387810194522
S4,450,0.095,0.1348290809262157,0.31619313051932885,0.06256979650702822
S4,451,0.095,0.17320508075688773,0.31553341271675395,0.061708795302831736
S4,452,0.095,0.2225039271491978,0.3154007105540184,0.06020931757932739
S4,453,0.095,0.2858345573956079,0.31559885604476057,0.05815343666454643
S4,454,0.095,0.3671907963528168,0.31474179038284816,0.05785219370476065
S4,455,0.095,0.47170321935428616,0.3184396564186959,0.0532836650348779
S4,456,0.095,0.6059627021136009,0.31848851351282326,0.05222950086566895
S4,457,0.095,0.778436061673405,0.3204176847911377,0.05009096512173254
S4,458,0.095,1.0,0.3243531242963098,0.0478331685525921
S4,459,0.095,2.0,0.3284930357734504,0.04729981341366952
S4,460,0.095,3.0,0.3332767669789326,0.048509808114129874
S4,461,0.095,10.0,0.3062173466366376,0.06569290228061793
S4,462,0.1,0.003,0.31747985250112515,0.06575522514420766
S4,463,0.1,0.005,0.3171245251850135,0.06585628421623767
S4,464,0.1,0.01,0.3188436934002369,0.06365580748097133
S4,465,0.1,0.02,0.31562841840059586,0.06772257370525896
S4,466,0.1,0.03,0.31528213626427914,0.06732897546133748
S4,467,0.1,0.038538810670601456,0.3152400172737584,0.0667065905440663
S4,468,0.1,0.049507997596815526,0.31516171332274573,0.06609912389366733
S4,469,0.1,0.06359931153547553,0.3149035662303992,0.06576801227998774
S4,470,0.1,0.08170139420154304,0.31494189595622896,0.0652241466224689
S4,471,0.1,0.10495581875524816,0.31494182681753013,0.06462015765165427
S4,472,0.1,0.1348290809262157,0.3146779790041774,0.06425428870135566
S4,473,0.1,0.17320508075688773,0.31446411879031716,0.06399918558242446
S4,474,0.1,0.2225039271491978,0.31470498153762244,0.061223078147765134
S4,475,0.1,0.2858345573956079,0.31626560032665246,0.057088894267233105
S4,476,0.1,0.3671907963528168,0.31880477949216535,0.05456221395175586
S4,477,0.1,0.47170321935428616,0.3186352536352536,0.05395974951848946
S4,478,0.1,0.6059627021136009,0.31814444095753824,0.0523743773278022
S4,479,0.1,0.778436061673405,0.3197713385100426,0.050233767018062765
S4,480,0.1,1.0,0.32363869405517104,0.04797464002500168
S4,481,0.1,2.0,0.3284930357734504,0.04729981341366952
S4,482,0.1,3.0,0.3332767669789326,0.048509808114129874
S4,483,0.1,10.0,0.3062173466366376,0.06569290228061793
S4,484,0.125,0.003,0.3158040114548645,0.06738028610638601
S4,485,0.125,0.005,0.31562806011857275,0.06641310416793056
S4,486,0.125,0.01,0.31550006245015305,0.06629734141318819
S4,487,0.125,0.02,0.3166837484536131,0.06441079779204385
S4,488,0.125,0.03,0.31888979076479074,0.061830797135902775
S4,489,0.125,0.038538810670601456,0.3186004770608429,0.0613905544702318
S4,490,0.125,0.049507997596815526,0.31870157037894514,0.06161673257618921
S4,491,0.125,0.06359931153547553,0.31869640411897926,0.06149196977074959
S4,492,0.125,0.08170139420154304,0.31861034244755176,0.06133253716288198
S4,493,0.125,0.10495581875524816,0.3186674359468477,0.061335150900465506
S4,494,0.125,0.1348290809262157,0.31868782843495896,0.060771871172112156
S4,495,0.125,0.17320508075688773,0.31823891420847206,0.059435395925018335
S4,496,0.125,0.2225039271491978,0.31795236129649973,0.05871350492739954
S4,497,0.125,0.2858345573956079,0.31798046665997093,0.05755279606763854
S4,498,0.125,0.3671907963528168,0.31805011866153166,0.05585522550755955
S4,499,0.125,0.47170321935428616,0.3205360562168514,0.05247370173023528
S4,500,0.125,0.6059627021136009,0.3245211901673546,0.04915116959570696
S4,501,0.125,0.778436061673405,0.3259616011704461,0.047710845236451555
S4,502,0.125,1.0,0.3264856842108056,0.047063012738390635
S4,503,0.125,2.0,0.3285228972163553,0.04732045449411575
S4,504,0.125,3.0,0.3332767669789326,0.048509808114129874
S4,505,0.125,10.0,0.3062173466366376,0.06569290228061793
S4,506,0.15,0.003,0.31492370141562875,0.0658483453337834
S4,507,0.15,0.005,0.31516375489589776,0.06578013835366993
S4,508,0.15,0.01,0.31558841734146614,0.06600744591353445
S4,509,0.15,0.02,0.3195862718701671,0.061786133904946354
S4,510,0.15,0.03,0.3192546486791536,0.061349527295571735
S4,511,0.15,0.038538810670601456,0.3214451664946715,0.05762230483836248
S4,512,0.15,0.049507997596815526,0.3213844886900912,0.057186654096854424
S4,513,0.15,0.06359931153547553,0.32108120653507605,0.05674946033011653
S4,514,0.15,0.08170139420154304,0.32151244156194647,0.056610382958930734
S4,515,0.15,0.10495581875524816,0.3212758827340564,0.05633426815845726
S4,516,0.15,0.1348290809262157,0.32073544078494576,0.055686072405098534
S4,517,0.15,0.17320508075688773,0.32073544078494576,0.055686072405098534
S4,518,0.15,0.2225039271491978,0.32024161858059724,0.05471685840083071
S4,519,0.15,0.2858345573956079,0.3204926477828399,0.05454444606986912
S4,520,0.15,0.3671907963528168,0.3175906258107345,0.05608205049812897
S4,521,0.15,0.47170321935428616,0.3204483264751122,0.05264938697723529
S4,522,0.15,0.6059627021136009,0.3195478997801443,0.051444386489810943
S4,523,0.15,0.778436061673405,0.32464474469424964,0.048089603527864525
S4,524,0.15,1.0,0.32548811858839644,0.04777609701598349
S4,525,0.15,2.0,0.3286018349869915,0.04732384865620969
S4,526,0.15,3.0,0.3332767669789326,0.048509808114129874
S4,527,0.15,10.0,0.3062173466366376,0.06569290228061793
S4,528,0.2,0.003,0.3145289196085731,0.0652091214345571
S4,529,0.2,0.005,0.3144607560729802,0.0647859180663115
S4,530,0.2,0.01,0.31473206293148903,0.0640746729277904
S4,531,0.2,0.02,0.31465701702957805,0.06355164804201721
S4,532,0.2,0.03,0.314328069661157,0.06393353840616764
S4,533,0.2,0.038538810670601456,0.31447856459106366,0.06368282376782046
S4,534,0.2,0.049507997596815526,0.3143300767251633,0.06343821636550387
S4,535,0.2,0.06359931153547553,0.31601637974466595,0.061153483975124566
S4,536,0.2,0.08170139420154304,0.31772885325516903,0.0584427697554393
S4,537,0.2,0.10495581875524816,0.32077029507766674,0.05543615549088843
S4,538,0.2,0.1348290809262157,0.3206578344388903,0.0552961984101754
S4,539,0.2,0.17320508075688773,0.32085799417852373,0.05519426856275263
S4,540,0.2,0.2225039271491978,0.32046683194099607,0.05505326157848139
S4,541,0.2,0.2858345573956079,0.3200130703030239,0.05420475038082353
S4,542,0.2,0.3671907963528168,0.3205373991088277,0.05405252193622806
S4,543,0.2,0.47170321935428616,0.3199445096390616,0.05334932929521282
S4,544,0.2,0.6059627021136009,0.31991678826412717,0.05254605201363244
S4,545,0.2,0.778436061673405,0.32405664087286046,0.04969440848069214
S4,546,0.2,1.0,0.32991658993800976,0.048031006456489105
S4,547,0.2,2.0,0.3336075572249536,0.04882281134958319
S4,548,0.2,3.0,0.33385130604585345,0.048720172154353
S4,549,0.2,10.0,0.3062173466366376,0.06569290228061793
S4,550,0.25,0.003,0.3160226084538745,0.06352901556458916
S4,551,0.25,0.005,0.3158001371745114,0.06355430033286079
S4,552,0.25,0.01,0.3177419628261487,0.061236477942175974
S4,553,0.25,0.02,0.3170964026227184,0.05993639114127207
S4,554,0.25,0.03,0.31697562967585846,0.059783601687206894
S4,555,0.25,0.038538810670601456,0.31682525202548084,0.0596579839295779
S4,556,0.25,0.049507997596815526,0.31682525202548084,0.0596579839295779
S4,557,0.25,0.06359931153547553,0.31682525202548084,0.0596579839295779
S4,558,0.25,0.08170139420154304,0.31671895950847406,0.05974308291671242
S4,559,0.25,0.10495581875524816,0.31660041991625026,0.05961873322125611
S4,560,0.25,0.1348290809262157,0.3165910787607316,0.059364626629784215
S4,561,0.25,0.17320508075688773,0.31647861812195516,0.05922454308416562
S4,562,0.25,0.2225039271491978,0.3163693480042188,0.05838807820542998
S4,563,0.25,0.2858345573956079,0.3159961656700787,0.05813785125713105
S4,564,0.25,0.3671907963528168,0.3156854326478626,0.05748796645997479
S4,565,0.25,0.47170321935428616,0.31556687090638386,0.05672211600285516
S4,566,0.25,0.6059627021136009,0.3158054087591142,0.056556315972898015
S4,567,0.25,0.778436061673405,0.3190484280962492,0.05298973088379186
S4,568,0.25,1.0,0.3194894826884074,0.05195364369676044
S4,569,0.25,2.0,0.33047861109740984,0.046969180290088224
S4,570,0.25,3.0,0.3268590006736558,0.04807412939800914
S4,571,0.25,10.0,0.3062173466366376,0.06569290228061793
S4,572,0.3,0.003,0.3136711688540389,0.06558698847413655
S4,573,0.3,0.005,0.31338593280840116,0.06521929647806105
S4,574,0.3,0.01,0.3132400833293691,0.06530803778902183
S4,575,0.3,0.02,0.3166295831784962,0.0599146948000689
S4,576,0.3,0.03,0.31650445805337113,0.05975639831012185
S4,577,0.3,0.038538810670601456,0.31638882438084565,0.059610669830285165
S4,578,0.3,0.049507997596815526,0.31628198677400804,0.05949973760767958
S4,579,0.3,0.06359931153547553,0.31660595377986683,0.059431002483040035
S4,580,0.3,0.08170139420154304,0.31660595377986683,0.059431002483040035
S4,581,0.3,0.10495581875524816,0.31660595377986683,0.059431002483040035
S4,582,0.3,0.1348290809262157,0.3168236069895413,0.05942774016398979
S4,583,0.3,0.17320508075688773,0.3168236069895413,0.05942774016398979
S4,584,0.3,0.2225039271491978,0.31647697308601563,0.058992594767347625
S4,585,0.3,0.2858345573956079,0.31642370009746856,0.05865743809056278
S4,586,0.3,0.3671907963528168,0.3165046479589107,0.05807445115751863
S4,587,0.3,0.47170321935428616,0.31606756937534697,0.05747593170998667
S4,588,0.3,0.6059627021136009,0.316008611448742,0.05681032678534689
S4,589,0.3,0.778436061673405,0.3158970692978046,0.055965341044282885
S4,590,0.3,1.0,0.31907113552027244,0.052350816852740546
S4,591,0.3,2.0,0.3299158669276393,0.046761013512080306
S4,592,0.3,3.0,0.32467153342350374,0.04729533285232353
S4,593,0.3,10.0,0.3062173466366376,0.06569290228061793
S4,594,0.4,0.003,0.31251472987124695,0.06475401119179228
S4,595,0.4,0.005,0.3125870012040225,0.06466180875938482
S4,596,0.4,0.01,0.31256174867876996,0.06468915266851676
S4,597,0.4,0.02,0.31236052511787804,0.06468026460991189
S4,598,0.4,0.03,0.31181435394670687,0.06402608543120959
S4,599,0.4,0.038538810670601456,0.31181435394670687,0.06378657226029635
S4,600,0.4,0.049507997596815526,0.31151563328033915,0.06367446337330543
S4,601,0.4,0.06359931153547553,0.3115438749757329,0.06377180772175567
S4,602,0.4,0.08170139420154304,0.3114422489594727,0.06364780438624759
S4,603,0.4,0.10495581875524816,0.31151204647976527,0.06367010049372647
S4,604,0.4,0.1348290809262157,0.3133891508568697,0.061439151003380175
S4,605,0.4,0.17320508075688773,0.31541487129722423,0.05854555247581974
S4,606,0.4,0.2225039271491978,0.31527754127617325,0.058384816338501504
S4,607,0.4,0.2858345573956079,0.315546777538153,0.05825374117869319
S4,608,0.4,0.3671907963528168,0.31544808984408645,0.05794961728578359
S4,609,0.4,0.47170321935428616,0.31584681529754965,0.057092828922679945
S4,610,0.4,0.6059627021136009,0.3157690981229989,0.05681197601371201
S4,611,0.4,0.778436061673405,0.3155388963015502,0.05613502158159592
S4,612,0.4,1.0,0.3164556773504635,0.05505216926894021
S4,613,0.4,2.0,0.32877534850993756,0.04676195991534642
S4,614,0.4,3.0,0.32475475216347194,0.04716884768226138
S4,615,0.4,10.0,0.3062173466366376,0.06569290228061793
S5,0,0.001,0.003,0.29075883558205423,0.16694858549544783
S5,1,0.001,0.005,0.29079384958765647,0.1669688328579856
S5,2,0.001,0.01,0.29237241878272563,0.16581271843715586
S5,3,0.001,0.02,0.298943032284417,0.16104231585977744
S5,4,0.001,0.03,0.30138615354866827,0.1563883205522038
S5,5,0.001,0.038538810670601456,0.30308846796942035,0.14347745585335275
S5,6,0.001,0.049507997596815526,0.3103546144950936,0.1423145102930595
S5,7,0.001,0.06359931153547553,0.320946072898717,0.14090331024238215
S5,8,0.001,0.08170139420154304,0.32722228784418717,0.14528797318890777
S5,9,0.001,0.10495581875524816,0.32930204055204054,0.14568612693458072
S5,10,0.001,0.1348290809262157,0.32405101348599796,0.1404520573458239
S5,11,0.001,0.17320508075688773,0.3222087982004692,0.13958554074818058
S5,12,0.001,0.2225039271491978,0.3269173830239087,0.1445718149328385
S5,13,0.001,0.2858345573956079,0.33315513684416126,0.15234614872470978
S5,14,0.001,0.3671907963528168,0.33301995676995677,0.15275348791233478
S5,15,0.001,0.47170321935428616,0.33395162554729796,0.15329589392951887
S5,16,0.001,0.6059627021136009,0.33291530594162166,0.15299442318180181
S5,17,0.001,0.778436061673405,0.3414509995487518,0.143056093299392
S5,18,0.001,1.0,0.33991449862226414,0.14247093131049232
S5,19,0.001,2.0,0.3386593110381397,0.14058463420498862
S5,20,0.001,3.0,0.35057256895073863,0.15326602189339467
S5,21,0.001,10.0,0.2945534544055909,0.12245312440683462
S5,22,0.0025,0.003,0.29072463585565206,0.16692883499142014
S5,23,0.0025,0.005,0.2911227969560775,0.16631168814053715
S5,24,0.0025,0.01,0.29249754390785077,0.16588564867871516
S5,25,0.0025,0.02,0.298943032284417,0.16104231585977744
S5,26,0.0025,0.03,0.30138615354866827,0.1563883205522038
S5,27,0.0025,0.038538810670601456,0.30320092860819675,0.1435429255930737
S5,28,0.0025,0.049507997596815526,0.3102325143729935,0.14255605710611025
S5,29,0.0025,0.06359931153547553,0.320946072898717,0.14090331024238215
S5,30,0.0025,0.08170139420154304,0.326968777199005,0.1451923486497271
S5,31,0.0025,0.10495581875524816,0.32930204055204054,0.14568612693458072
S5,32,0.0025,0.1348290809262157,0.32405101348599796,0.1404520573458239
S5,33,0.0025,0.17320508075688773,0.3222087982004692,0.13958554074818058
S5,34,0.0025,0.2225039271491978,0.326956939985934,0.14459224787602895
S5,35,0.0025,0.2858345573956079,0.33315513684416126,0.15234614872470978
S5,36,0.0025,0.3671907963528168,0.33301995676995677,0.15275348791233478
S5,37,0.0025,0.47170321935428616,0.33395162554729796,0.15329589392951887
S5,38,0.0025,0.6059627021136009,0.33291530594162166,0.15299442318180181
S5,39,0.0025,0.778436061673405,0.3414509995487518,0.143056093299392
S5,40,0.0025,1.0,0.34000520979788096,0.14251684225286684
S5,41,0.0025,2.0,0.3386593110381397,0.14058463420498862
S5,42,0.0025,3.0,0.35074974481598786,0.15334530284125114
S5,43,0.0025,10.0,0.295272034071539,0.12406395666629338
S5,44,0.005,0.003,0.2910535832240731,0.1662717147670948
S5,45,0.005,0.005,0.29079384958765647,0.1669688328579856
S5,46,0.005,0.01,0.29249754390785077,0.16588564867871516
S5,47,0.005,0.02,0.298943032284417,0.16104231585977744
S5,48,0.005,0.03,0.30138615354866827,0.1563883205522038
S5,49,0.005,0.038538810670601456,0.30320092860819675,0.1435429255930737
S5,50,0.005,0.049507997596815526,0.31029261052683965,0.1424371696532284
S5,51,0.005,0.06359931153547553,0.32109461716490834,0.14096956106292893
S5,52,0.005,0.08170139420154304,0.326968777199005,0.1451923486497271
S5,53,0.005,0.10495581875524816,0.32930204055204054,0.14568612693458072
S5,54,0.005,0.1348290809262157,0.32405101348599796,0.1404520573458239
S5,55,0.005,0.17320508075688773,0.3222087982004692,0.13958554074818058
S5,56,0.005,0.2225039271491978,0.326956939985934,0.14459224787602895
S5,57,0.005,0.2858345573956079,0.33315513684416126,0.15234614872470978
S5,58,0.005,0.3671907963528168,0.33301995676995677,0.15275348791233478
S5,59,0.005,0.47170321935428616,0.33395162554729796,0.15329589392951887
S5,60,0.005,0.6059627021136009,0.33291530594162166,0.15299442318180181
S5,61,0.005,0.778436061673405,0.3414722363819152,0.14308269758290193
S5,62,0.005,1.0,0.34000520979788096,0.14251684225286684
S5,63,0.005,2.0,0.3386593110381397,0.14058463420498862
S5,64,0.005,3.0,0.35074974481598786,0.15334530284125114
S5,65,0.005,10.0,0.295272034071539,0.12406395666629338
S5,66,0.01,0.003,0.29930833580020544,0.15822288601072537
S5,67,0.01,0.005,0.29985760022142105,0.15864346220984882
S5,68,0.01,0.01,0.30134655313723807,0.15329097335614608
S5,69,0.01,0.02,0.30617519975953084,0.14619458606377686
S5,70,0.01,0.03,0.31803665665925107,0.1468009113082517
S5,71,0.01,0.038538810670601456,0.3230865829040056,0.13938551879834118
S5,72,0.01,0.049507997596815526,0.32657405381999405,0.14279029809611785
S5,73,0.01,0.06359931153547553,0.3278721978557505,0.14534997518269824
S5,74,0.01,0.08170139420154304,0.3277396827301756,0.1447978389024912
S5,75,0.01,0.10495581875524816,0.32930204055204054,0.14568612693458072
S5,76,0.01,0.1348290809262157,0.3242510935180108,0.14006377315793087
S5,77,0.01,0.17320508075688773,0.3222087982004692,0.13958554074818058
S5,78,0.01,0.2225039271491978,0.326956939985934,0.14459224787602895
S5,79,0.01,0.2858345573956079,0.33315513684416126,0.15234614872470978
S5,80,0.01,0.3671907963528168,0.33301995676995677,0.15275348791233478
S5,81,0.01,0.47170321935428616,0.33395162554729796,0.15329589392951887
S5,82,0.01,0.6059627021136009,0.33291530594162166,0.15299442318180181
S5,83,0.01,0.778436061673405,0.3414722363819152,0.14308269758290193
S5,84,0.01,1.0,0.34000520979788096,0.14251684225286684
S5,85,0.01,2.0,0.3386593110381397,0.14058463420498862
S5,86,0.01,3.0,0.35074974481598786,0.15334530284125114
S5,87,0.01,10.0,0.295272034071539,0.12406395666629338
S5,88,0.015,0.003,0.3204673814624515,0.15553130942358886
S5,89,0.015,0.005,0.3233171234915218,0.1573358843027055
S5,90,0.015,0.01,0.32920861438303295,0.14175906150492826
S5,91,0.015,0.02,0.32478802048250066,0.15816922938347439
S5,92,0.015,0.03,0.3222653509543753,0.1568131275238501
S5,93,0.015,0.038538810670601456,0.3282807820097736,0.15338976435689025
S5,94,0.015,0.049507997596815526,0.33046776700002506,0.15624891471283756
S5,95,0.015,0.06359931153547553,0.33156414599913053,0.14641816807386465
S5,96,0.015,0.08170139420154304,0.32990530048333494,0.14578196242522548
S5,97,0.015,0.10495581875524816,0.3296520371481462,0.14510052085131436
S5,98,0.015,0.1348290809262157,0.3270575110112333,0.14391907939327228
S5,99,0.015,0.17320508075688773,0.32618851129782933,0.14387603623303294
S5,100,0.015,0.2225039271491978,0.3269904745265108,0.14459997561651733
S5,101,0.015,0.2858345573956079,0.33315513684416126,0.15234614872470978
S5,102,0.015,0.3671907963528168,0.33301995676995677,0.15275348791233478
S5,103,0.015,0.47170321935428616,0.33395162554729796,0.15329589392951887
S5,104,0.015,0.6059627021136009,0.33291530594162166,0.15299442318180181
S5,105,0.015,0.778436061673405,0.3414722363819152,0.14308269758290193
S5,106,0.015,1.0,0.34000520979788096,0.14251684225286684
S5,107,0.015,2.0,0.3386593110381397,0.14058463420498862
S5,108,0.015,3.0,0.35055133211757517,0.1532660181435571
S5,109,0.015,10.0,0.2953005143631772,0.1240812989742527
S5,110,0.02,0.003,0.33188004242363767,0.15446502829611536
S5,111,0.02,0.005,0.33434461394365345,0.1564252521677938
S5,112,0.02,0.01,0.3310338024098528,0.16281012291127894
S5,113,0.02,0.02,0.32571310989242674,0.16055979600164402
S5,114,0.02,0.03,0.3281766028513145,0.1561165815960291
S5,115,0.02,0.038538810670601456,0.3257089323873072,0.15436547208885018
S5,116,0.02,0.049507997596815526,0.32559250151934693,0.15417935638536157
S5,117,0.02,0.06359931153547553,0.3268413962648432,0.15427374239557998
S5,118,0.02,0.08170139420154304,0.32628007944504106,0.15402359157253387
S5,119,0.02,0.10495581875524816,0.32804141360579925,0.14436089607239277
S5,120,0.02,0.1348290809262157,0.32641301370735554,0.14363886253121355
S5,121,0.02,0.17320508075688773,0.325769877426709,0.1436421305270927
S5,122,0.02,0.2225039271491978,0.32723124244137464,0.14473775839436304
S5,123,0.02,0.2858345573956079,0.33308567828786056,0.152313283395389
S5,124,0.02,0.3671907963528168,0.3329333766833767,0.15271177848704945
S5,125,0.02,0.47170321935428616,0.33395162554729796,0.15329589392951887
S5,126,0.02,0.6059627021136009,0.33291530594162166,0.15299442318180181
S5,127,0.02,0.778436061673405,0.3414722363819152,0.14308269758290193
S5,128,0.02,1.0,0.34000520979788096,0.14251684225286684
S5,129,0.02,2.0,0.3386593110381397,0.14058463420498862
S5,130,0.02,3.0,0.35074974481598786,0.15334530284125114
S5,131,0.02,10.0,0.2953005143631772,0.1240812989742527
S5,132,0.025,0.003,0.3311631981598525,0.16415211166450114
S5,133,0.025,0.005,0.33299026789888464,0.15776006454676775
S5,134,0.025,0.01,0.32992102832623144,0.15576380168779336
S5,135,0.025,0.02,0.33139515355710625,0.1579889635020391
S5,136,0.025,0.03,0.3295813930132509,0.15647469142950132
S5,137,0.025,0.038538810670601456,0.3284168975234073,0.15572870610814704
S5,138,0.025,0.049507997596815526,0.323416653386642,0.1507845509066577
S5,139,0.025,0.06359931153547553,0.3265001763544463,0.15439217444555248
S5,140,0.025,0.08170139420154304,0.3238889831419395,0.1526226629972981
S5,141,0.025,0.10495581875524816,0.3228320426169655,0.1519126319202959
S5,142,0.025,0.1348290809262157,0.32157480820483375,0.15160729334144
S5,143,0.025,0.17320508075688773,0.3261687755960839,0.144128090250013
S5,144,0.025,0.2225039271491978,0.32680988894644836,0.14515201768865418
S5,145,0.025,0.2858345573956079,0.33297358132302235,0.1522511917910611
S5,146,0.025,0.3671907963528168,0.3329781682684345,0.15271856254469923
S5,147,0.025,0.47170321935428616,0.33391955266955264,0.15327098959771587
S5,148,0.025,0.6059627021136009,0.33291530594162166,0.15299442318180181
S5,149,0.025,0.778436061673405,0.3414722363819152,0.14308269758290193
S5,150,0.025,1.0,0.34000520979788096,0.14251684225286684
S5,151,0.025,2.0,0.3386593110381397,0.14058463420498862
S5,152,0.025,3.0,0.35074974481598786,0.15334530284125114
S5,153,0.025,10.0,0.295272034071539,0.12406395666629338
S5,154,0.03,0.003,0.3262112343998514,0.16097216371139897
S5,155,0.03,0.005,0.3286773494322402,0.15477913811491484
S5,156,0.03,0.01,0.32772704969616445,0.154316032684029
S5,157,0.03,0.02,0.3288503305447039,0.15623370989469576
S5,158,0.03,0.03,0.32620658481474074,0.15429320269235122
S5,159,0.03,0.038538810670601456,0.3248501989206252,0.15325826383236932
S5,160,0.03,0.049507997596815526,0.32334662778741724,0.1523264571073596
S5,161,0.03,0.06359931153547553,0.3276162980704437,0.15847632894130753
S5,162,0.03,0.08170139420154304,0.326039859321996,0.1576702295466105
S5,163,0.03,0.10495581875524816,0.32562473730885055,0.15755107126587997
S5,164,0.03,0.1348290809262157,0.3248077925161258,0.15794391338934854
S5,165,0.03,0.17320508075688773,0.32586765265823725,0.1583305032047573
S5,166,0.03,0.2225039271491978,0.330123945417087,0.15100878998140926
S5,167,0.03,0.2858345573956079,0.33095796254857246,0.1515738749300385
S5,168,0.03,0.3671907963528168,0.33250885552356135,0.15233566626720468
S5,169,0.03,0.47170321935428616,0.3332251082251082,0.15292309574997098
S5,170,0.03,0.6059627021136009,0.33291530594162166,0.15299442318180181
S5,171,0.03,0.778436061673405,0.3414722363819152,0.14308269758290193
S5,172,0.03,1.0,0.34000520979788096,0.14251684225286684
S5,173,0.03,2.0,0.3386593110381397,0.14058463420498862
S5,174,0.03,3.0,0.35074974481598786,0.15334530284125114
S5,175,0.03,10.0,0.295272034071539,0.12406395666629338
S5,176,0.035,0.003,0.3298974154239039,0.16426701284808917
S5,177,0.035,0.005,0.32804051980480775,0.16325423147735707
S5,178,0.035,0.01,0.32618376855987286,0.16209815910998882
S5,179,0.035,0.02,0.3209713819264381,0.15714371810493857
S5,180,0.035,0.03,0.3184673047651927,0.15583804753491573
S5,181,0.035,0.038538810670601456,0.31768313074734156,0.15504276044425105
S5,182,0.035,0.049507997596815526,0.3189509846554013,0.1478904501233883
S5,183,0.035,0.06359931153547553,0.3160450204767218,0.15352981208350858
S5,184,0.035,0.08170139420154304,0.3206163742512006,0.15740087650060508
S5,185,0.035,0.10495581875524816,0.32089053439726156,0.15788949283133039
S5,186,0.035,0.1348290809262157,0.32344115372559645,0.15273696941246315
S5,187,0.035,0.17320508075688773,0.3274320786075731,0.15882527342683264
S5,188,0.035,0.2225039271491978,0.331687105306147,0.151483759029598
S5,189,0.035,0.2858345573956079,0.3320908281495697,0.15213207671724105
S5,190,0.035,0.3671907963528168,0.3321160748408055,0.152164868532953
S5,191,0.035,0.47170321935428616,0.3326569264069264,0.15266952131897776
S5,192,0.035,0.6059627021136009,0.33291530594162166,0.15299442318180181
S5,193,0.035,0.778436061673405,0.3414722363819152,0.14308269758290193
S5,194,0.035,1.0,0.34000520979788096,0.14251684225286684
S5,195,0.035,2.0,0.3386593110381397,0.14058463420498862
S5,196,0.035,3.0,0.35074974481598786,0.15334530284125114
S5,197,0.035,10.0,0.2953005143631772,0.1240812989742527
S5,198,0.04,0.003,0.3262412464985994,0.16807251087907588
S5,199,0.04,0.005,0.32609614419593275,0.16768620194044243
S5,200,0.04,0.01,0.32038655347594264,0.1628046043217938
S5,201,0.04,0.02,0.31917955314336893,0.1619323505211925
S5,202,0.04,0.03,0.3183803308695658,0.1609430592169368
S5,203,0.04,0.038538810670601456,0.31640328651787064,0.15976024783997023
S5,204,0.04,0.049507997596815526,0.31822489817613675,0.15527020138949899
S5,205,0.04,0.06359931153547553,0.3156721996795526,0.15952346770113845
S5,206,0.04,0.08170139420154304,0.3169795991519137,0.1544127952980664
S5,207,0.04,0.10495581875524816,0.3233253717259381,0.15264634395332485
S5,208,0.04,0.1348290809262157,0.3232726306058082,0.15239460869804433
S5,209,0.04,0.17320508075688773,0.3329460999375595,0.15115060172561712
S5,210,0.04,0.2225039271491978,0.33347982479676946,0.15166589654997895
S5,211,0.04,0.2858345573956079,0.3334070707146791,0.1521244856184364
S5,212,0.04,0.3671907963528168,0.3340152475361179,0.15269918083253153
S5,213,0.04,0.47170321935428616,0.3329674082747853,0.15281996525962646
S5,214,0.04,0.6059627021136009,0.3337070916363216,0.15340578404230182
S5,215,0.04,0.778436061673405,0.34138806129774013,0.14303729552038472
S5,216,0.04,1.0,0.34000520979788096,0.14251684225286684
S5,217,0.04,2.0,0.3386593110381397,0.14058463420498862
S5,218,0.04,3.0,0.35074974481598786,0.15334530284125114
S5,219,0.04,10.0,0.2953005143631772,0.1240812989742527
S5,220,0.045,0.003,0.320228578839572,0.1627563498583959
S5,221,0.045,0.005,0.31999135435487946,0.1626666200049129
S5,222,0.045,0.01,0.3196729918684182,0.16214150247601522
S5,223,0.045,0.02,0.31869424816525627,0.16152473536703013
S5,224,0.045,0.03,0.317826485785495,0.16117635178703535
S5,225,0.045,0.038538810670601456,0.31739847644161806,0.16126799771084546
S5,226,0.045,0.049507997596815526,0.31751592397367656,0.16064076023605667
S5,227,0.045,0.06359931153547553,0.3186184797639906,0.15563114870854874
S5,228,0.045,0.08170139420154304,0.31782982103159335,0.15493624975544582
S5,229,0.045,0.10495581875524816,0.31987349687867606,0.1477872175685504
S5,230,0.045,0.1348290809262157,0.32032962969670625,0.1483558717453789
S5,231,0.045,0.17320508075688773,0.3241552309940894,0.15264876457898705
S5,232,0.045,0.2225039271491978,0.33399642457420387,0.15144404803346093
S5,233,0.045,0.2858345573956079,0.33419951691089533,0.1515642755830391
S5,234,0.045,0.3671907963528168,0.3337828751915439,0.15215242250204547
S5,235,0.045,0.47170321935428616,0.3341029460443562,0.1527925530354531
S5,236,0.045,0.6059627021136009,0.3337679054355256,0.15344360271210034
S5,237,0.045,0.778436061673405,0.34047372998595593,0.1425480421838463
S5,238,0.045,1.0,0.34000520979788096,0.14251684225286684
S5,239,0.045,2.0,0.3386593110381397,0.14058463420498862
S5,240,0.045,3.0,0.35074974481598786,0.15334530284125114
S5,241,0.045,10.0,0.295272034071539,0.12406395666629338
S5,242,0.05,0.003,0.32122178532971296,0.1618554936635635
S5,243,0.05,0.005,0.32109247779895433,0.16177665866239505
S5,244,0.05,0.01,0.3210336573467307,0.16157054422872
S5,245,0.05,0.02,0.32034225643870395,0.16142088180316433
S5,246,0.05,0.03,0.31883911664597453,0.16112614155003815
S5,247,0.05,0.038538810670601456,0.32083031149527313,0.1566809545381898
S5,248,0.05,0.049507997596815526,0.32003592895179656,0.15683399258284958
S5,249,0.05,0.06359931153547553,0.3188928720008575,0.1564347580537264
S5,250,0.05,0.08170139420154304,0.32272757202340846,0.160132070162906
S5,251,0.05,0.10495581875524816,0.32267903037738105,0.15993158324793855
S5,252,0.05,0.1348290809262157,0.325124166247417,0.15345264200216194
S5,253,0.05,0.17320508075688773,0.33080432550099803,0.1597470962313758
S5,254,0.05,0.2225039271491978,0.33520717475040246,0.15172511449925705
S5,255,0.05,0.2858345573956079,0.33501567020436407,0.1516717401858645
S5,256,0.05,0.3671907963528168,0.3340154057932843,0.15175488714922492
S5,257,0.05,0.47170321935428616,0.33349020094631693,0.15248466939471575
S5,258,0.05,0.6059627021136009,0.3330768395354813,0.1530946026137777
S5,259,0.05,0.778436061673405,0.34052654772322033,0.14241536340853783
S5,260,0.05,1.0,0.34000520979788096,0.14251684225286684
S5,261,0.05,2.0,0.3386593110381397,0.14058463420498862
S5,262,0.05,3.0,0.35074974481598786,0.15334530284125114
S5,263,0.05,10.0,0.2953005143631772,0.1240812989742527
S5,264,0.055,0.003,0.3254271981149821,0.16519001990565105
S5,265,0.055,0.005,0.3253965256826698,0.1654402803215378
S5,266,0.055,0.01,0.3217724327274889,0.1615903080557014
S5,267,0.055,0.02,0.32115601372513813,0.16158752962528064
S5,268,0.055,0.03,0.322220784536961,0.1565242985161758
S5,269,0.055,0.038538810670601456,0.32111570462310185,0.15659677889994886
S5,270,0.055,0.049507997596815526,0.3208907398497064,0.15624700585827525
S5,271,0.055,0.06359931153547553,0.32029041893592974,0.15651802001135826
S5,272,0.055,0.08170139420154304,0.32426882025603243,0.16065789409665607
S5,273,0.055,0.10495581875524816,0.3249448242792581,0.1611691498633633
S5,274,0.055,0.1348290809262157,0.3248870321575322,0.16118966107553045
S5,275,0.055,0.17320508075688773,0.3323482320980488,0.16075972094622462
S5,276,0.055,0.2225039271491978,0.3358085213153067,0.1522900945988008
S5,277,0.055,0.2858345573956079,0.3349752835948403,0.1516697295476612
S5,278,0.055,0.3671907963528168,0.3345702902269358,0.15176248441909707
S5,279,0.055,0.47170321935428616,0.3328637067800474,0.15215713486790167
S5,280,0.055,0.6059627021136009,0.3337070916363216,0.15340578404230182
S5,281,0.055,0.778436061673405,0.3399132721099447,0.14210389100764673
S5,282,0.055,1.0,0.3393756296830067,0.14220949995560614
S5,283,0.055,2.0,0.3386593110381397,0.14058463420498862
S5,284,0.055,3.0,0.35074974481598786,0.15334530284125114
S5,285,0.055,10.0,0.2953005143631772,0.1240812989742527
S5,286,0.06,0.003,0.3255845806492358,0.16642282012785717
S5,287,0.06,0.005,0.3254803612704556,0.16641096540556574
S5,288,0.06,0.01,0.3253918609765384,0.16640647188944618
S5,289,0.06,0.02,0.32036555425086355,0.1615972549322147
S5,290,0.06,0.03,0.3218117402529343,0.15672032343265999
S5,291,0.06,0.038538810670601456,0.32123873822402055,0.15643021076809357
S5,292,0.06,0.049507997596815526,0.32098175727635775,0.15631148612927193
S5,293,0.06,0.06359931153547553,0.3256825327429157,0.16114775590853195
S5,294,0.06,0.08170139420154304,0.3244266311180778,0.16046678395622613
S5,295,0.06,0.10495581875524816,0.32522437605250565,0.16102296618335868
S5,296,0.06,0.1348290809262157,0.32509247643077305,0.16123851066463432
S5,297,0.06,0.17320508075688773,0.3324372056645577,0.1611874262628973
S5,298,0.06,0.2225039271491978,0.3363328180626286,0.15323964313398208
S5,299,0.06,0.2858345573956079,0.3347638053152746,0.1520519959977611
S5,300,0.06,0.3671907963528168,0.33436195689360243,0.15215376446870307
S5,301,0.06,0.47170321935428616,0.33230862352634943,0.1518725102163112
S5,302,0.06,0.6059627021136009,0.3325097297008812,0.15280192183535984
S5,303,0.06,0.778436061673405,0.33932842054815415,0.14181357310489814
S5,304,0.06,1.0,0.33935439284984326,0.14218231474416895
S5,305,0.06,2.0,0.3386593110381397,0.14058463420498862
S5,306,0.06,3.0,0.35074974481598786,0.15334530284125114
S5,307,0.06,10.0,0.2953005143631772,0.1240812989742527
S5,308,0.065,0.003,0.3277857864954639,0.16215713828344008
S5,309,0.065,0.005,0.32755869503853374,0.1620867250878772
S5,310,0.065,0.01,0.32727422996509353,0.1617302231130613
S5,311,0.065,0.02,0.3328874030227123,0.16743641191793734
S5,312,0.065,0.03,0.33349651855959195,0.16794203874410027
S5,313,0.065,0.038538810670601456,0.3273265800472288,0.16188028362058507
S5,314,0.065,0.049507997596815526,0.326821950821335,0.16162853219454848
S5,315,0.065,0.06359931153547553,0.32670903125762074,0.161571209001419
S5,316,0.065,0.08170139420154304,0.3215519855706458,0.15648911105054658
S5,317,0.065,0.10495581875524816,0.3255399930155116,0.16057611649562614
S5,318,0.065,0.1348290809262157,0.33101768492862105,0.16649129516462827
S5,319,0.065,0.17320508075688773,0.3330126725178517,0.1603346607867263
S5,320,0.065,0.2225039271491978,0.33583384208384204,0.15217334046465203
S5,321,0.065,0.2858345573956079,0.3355217173611989,0.15259885082910543
S5,322,0.065,0.3671907963528168,0.33499997129999537,0.15265013855060006
S5,323,0.065,0.47170321935428616,0.3332707707707708,0.15253039055599674
S5,324,0.065,0.6059627021136009,0.3325097297008812,0.15280192183535984
S5,325,0.065,0.778436061673405,0.3391564454064454,0.14190226076954743
S5,326,0.065,1.0,0.33926368167422644,0.14213782755459553
S5,327,0.065,2.0,0.3386593110381397,0.14058463420498862
S5,328,0.065,3.0,0.35074974481598786,0.15334530284125114
S5,329,0.065,10.0,0.295272034071539,0.12406395666629338
S5,330,0.07,0.003,0.3296551259392646,0.16318675921153225
S5,331,0.07,0.005,0.32842892158806025,0.16245779014507958
S5,332,0.07,0.01,0.3283037880019304,0.16216756042186267
S5,333,0.07,0.02,0.3286904051293893,0.16234916557842594
S5,334,0.07,0.03,0.3278702074103017,0.16183594572628465
S5,335,0.07,0.038538810670601456,0.3328013020320594,0.16782612985381454
S5,336,0.07,0.049507997596815526,0.33149589976920485,0.1668877920306359
S5,337,0.07,0.06359931153547553,0.32580716018216016,0.16068503954522617
S5,338,0.07,0.08170139420154304,0.3258295603789587,0.16042250480492368
S5,339,0.07,0.10495581875524816,0.3258094509838493,0.16040117776165763
S5,340,0.07,0.1348290809262157,0.3246502913010828,0.15977547837154088
S5,341,0.07,0.17320508075688773,0.32744492767415057,0.15397919779796237
S5,342,0.07,0.2225039271491978,0.32647150535068076,0.1412882543671108
S5,343,0.07,0.2858345573956079,0.3358266257474622,0.15214730777495103
S5,344,0.07,0.3671907963528168,0.33448455826695545,0.1521464559566573
S5,345,0.07,0.47170321935428616,0.3332355685178266,0.15247935780926905
S5,346,0.07,0.6059627021136009,0.33302342317172823,0.15285379623080284
S5,347,0.07,0.778436061673405,0.33905844155844156,0.14186153114195896
S5,348,0.07,1.0,0.3392471800240614,0.14213641660402748
S5,349,0.07,2.0,0.3386593110381397,0.14058463420498862
S5,350,0.07,3.0,0.35074974481598786,0.15334530284125114
S5,351,0.07,10.0,0.2953005143631772,0.1240812989742527
S5,352,0.075,0.003,0.3294258054876797,0.1632044437895256
S5,353,0.075,0.005,0.32925390688921613,0.16289738818537383
S5,354,0.075,0.01,0.3290224892470842,0.16252833333036848
S5,355,0.075,0.02,0.3288661875198339,0.1618844523230813
S5,356,0.075,0.03,0.32381955679544105,0.1574531979813443
S5,357,0.075,0.038538810670601456,0.32338657627759143,0.15725280897245567
S5,358,0.075,0.049507997596815526,0.3222675552905237,0.1562430270914272
S5,359,0.075,0.06359931153547553,0.3222289257370531,0.15590705899739646
S5,360,0.075,0.08170139420154304,0.32604621352173213,0.15992723302639758
S5,361,0.075,0.10495581875524816,0.3259801109305106,0.1598859700338323
S5,362,0.075,0.1348290809262157,0.32875814272170023,0.154080547588068
S5,363,0.075,0.17320508075688773,0.3276154907853601,0.15313008112159146
S5,364,0.075,0.2225039271491978,0.3275191772456504,0.14103776742833557
S5,365,0.075,0.2858345573956079,0.33025007708124815,0.14509824359994042
S5,366,0.075,0.3671907963528168,0.3346686528119357,0.15192141620733915
S5,367,0.075,0.47170321935428616,0.33350258231466073,0.15232015410481087
S5,368,0.075,0.6059627021136009,0.33357143297959463,0.15328308567419552
S5,369,0.075,0.778436061673405,0.3389801207564365,0.141823814298045
S5,370,0.075,1.0,0.3397563955312577,0.14239588847332965
S5,371,0.075,2.0,0.3386593110381397,0.14058463420498862
S5,372,0.075,3.0,0.35074974481598786,0.15334530284125114
S5,373,0.075,10.0,0.2953005143631772,0.1240812989742527
S5,374,0.08,0.003,0.3293861820214913,0.16293322727619536
S5,375,0.08,0.005,0.3292308225804176,0.16238848445964799
S5,376,0.08,0.01,0.3286361479412426,0.161855641480384
S5,377,0.08,0.02,0.3281937271461143,0.1616391122159774
S5,378,0.08,0.03,0.3222376849113087,0.15649460593426043
S5,379,0.08,0.038538810670601456,0.3222373620538087,0.1559626507231592
S5,380,0.08,0.049507997596815526,0.3223431496595963,0.15570997093006245
S5,381,0.08,0.06359931153547553,0.32232304026448694,0.15570414064629254
S5,382,0.08,0.08170139420154304,0.322074369505669,0.15560497491044806
S5,383,0.08,0.10495581875524816,0.32203589316861625,0.15558034633701204
S5,384,0.08,0.1348290809262157,0.32482340439952373,0.14972299432160224
S5,385,0.08,0.17320508075688773,0.33266934154365224,0.14574050096580982
S5,386,0.08,0.2225039271491978,0.3327323228307246,0.14547353274335575
S5,387,0.08,0.2858345573956079,0.33250538873090735,0.1457270816259589
S5,388,0.08,0.3671907963528168,0.3299138342178314,0.1455102649046247
S5,389,0.08,0.47170321935428616,0.3342155520308622,0.1526355301378767
S5,390,0.08,0.6059627021136009,0.3336882444925373,0.15329934554347616
S5,391,0.08,0.778436061673405,0.3389355720430196,0.14176585881435425
S5,392,0.08,1.0,0.340345814182603,0.14268160200369248
S5,393,0.08,2.0,0.3386593110381397,0.14058463420498862
S5,394,0.08,3.0,0.35074974481598786,0.15334530284125114
S5,395,0.08,10.0,0.2953005143631772,0.1240812989742527
S5,396,0.085,0.003,0.32944946161169913,0.1621465011183019
S5,397,0.085,0.005,0.32909911090420557,0.16197824399185876
S5,398,0.085,0.01,0.328539670344765,0.1617607644411508
S5,399,0.085,0.02,0.3281708333732205,0.161633261482468
S5,400,0.085,0.03,0.3223301722224136,0.15603169305275608
S5,401,0.085,0.038538810670601456,0.3223453446735848,0.1557391421039493
S5,402,0.085,0.049507997596815526,0.3220796314974714,0.15563437649739031
S5,403,0.085,0.06359931153547553,0.32193724231665044,0.15559425750027875
S5,404,0.085,0.08170139420154304,0.321732862865586,0.15549495500116842
S5,405,0.085,0.10495581875524816,0.3247161215965293,0.14940301002594294
S5,406,0.085,0.1348290809262157,0.32888168074806173,0.14103646552367358
S5,407,0.085,0.17320508075688773,0.32895473744005477,0.14108673174330888
S5,408,0.085,0.2225039271491978,0.3326066613916955,0.14551179347639806
S5,409,0.085,0.2858345573956079,0.33225571293550704,0.1459768537830854
S5,410,0.085,0.3671907963528168,0.3309701226024729,0.145856096690815
S5,411,0.085,0.47170321935428616,0.3302139854893739,0.1469814465185643
S5,412,0.085,0.6059627021136009,0.33412727466520037,0.1534416230720783
S5,413,0.085,0.778436061673405,0.3395662151937507,0.14206544418311587
S5,414,0.085,1.0,0.3402546305603581,0.1424720923777788
S5,415,0.085,2.0,0.3386593110381397,0.14058463420498862
S5,416,0.085,3.0,0.35074974481598786,0.15334530284125114
S5,417,0.085,10.0,0.295272034071539,0.12406395666629338
S5,418,0.09,0.003,0.32951271525158526,0.16214277585315398
S5,419,0.09,0.005,0.3293972099418004,0.162059937789536
S5,420,0.09,0.01,0.32876298189160597,0.16192588891534732
S5,421,0.09,0.02,0.3281357956307782,0.1617125875430998
S5,422,0.09,0.03,0.3276116301931519,0.16119102281538455
S5,423,0.09,0.038538810670601456,0.322109249462774,0.15567192322343837
S5,424,0.09,0.049507997596815526,0.3220102990086434,0.1556441683269669
S5,425,0.09,0.06359931153547553,0.32180368784270774,0.15557311297705495
S5,426,0.09,0.08170139420154304,0.3228536436340429,0.1563141385143933
S5,427,0.09,0.10495581875524816,0.3300529244490201,0.14217947690434823
S5,428,0.09,0.1348290809262157,0.3302044836667941,0.1419532513522577
S5,429,0.09,0.17320508075688773,0.3311786036014742,0.14311882786266752
S5,430,0.09,0.2225039271491978,0.3310589468206332,0.143051927187905
S5,431,0.09,0.2858345573956079,0.3332273711308068,0.14664796792188894
S5,432,0.09,0.3671907963528168,0.33183254833160286,0.14641488487101756
S5,433,0.09,0.47170321935428616,0.3324526112051467,0.1481857060353215
S5,434,0.09,0.6059627021136009,0.3359373554226495,0.15380717963721613
S5,435,0.09,0.778436061673405,0.33563530294120925,0.13614116725898237
S5,436,0.09,1.0,0.3402546305603581,0.1424720923777788
S5,437,0.09,2.0,0.3386593110381397,0.14058463420498862
S5,438,0.09,3.0,0.35074974481598786,0.15334530284125114
S5,439,0.09,10.0,0.2953005143631772,0.1240812989742527
S5,440,0.095,0.003,0.32948932240081374,0.16190086658340444
S5,441,0.095,0.005,0.3294590880848652,0.16193232071548896
S5,442,0.095,0.01,0.3280196771552542,0.16080157986176233
S5,443,0.095,0.02,0.3275000765895895,0.16001036959911943
S5,444,0.095,0.03,0.3229715667973171,0.15538732646830916
S5,445,0.095,0.038538810670601456,0.3224624113610296,0.15518090487064617
S5,446,0.095,0.049507997596815526,0.3222416968569044,0.1551052311658106
S5,447,0.095,0.06359931153547553,0.3261944372425316,0.15004574874376694
S5,448,0.095,0.08170139420154304,0.3262543377674957,0.15009715445089775
S5,449,0.095,0.10495581875524816,0.3316836306967885,0.14292442665976537
S5,450,0.095,0.1348290809262157,0.331594486220987,0.1425955755628145
S5,451,0.095,0.17320508075688773,0.3311372676226382,0.143110710519224
S5,452,0.095,0.2225039271491978,0.3309432626333746,0.14298742449164106
S5,453,0.095,0.2858345573956079,0.329548209632996,0.14237213159179507
S5,454,0.095,0.3671907963528168,0.3320719559723263,0.14657636949676214
S5,455,0.095,0.47170321935428616,0.3339634468310939,0.1489678742877667
S5,456,0.095,0.6059627021136009,0.3314821318497789,0.1473827660007282
S5,457,0.095,0.778436061673405,0.33625615684439214,0.1355277961883315
S5,458,0.095,1.0,0.34035429176420673,0.14231861134806098
S5,459,0.095,2.0,0.3386593110381397,0.14058463420498862
S5,460,0.095,3.0,0.35074974481598786,0.15334530284125114
S5,461,0.095,10.0,0.2953005143631772,0.1240812989742527
S5,462,0.1,0.003,0.33019357743984856,0.16194691164156017
S5,463,0.1,0.005,0.32582590758015745,0.15789437247144222
S5,464,0.1,0.01,0.32421818115625456,0.15593203559356406
S5,465,0.1,0.02,0.32342955417083324,0.1555994063945997
S5,466,0.1,0.03,0.3227422798117372,0.15529047851255584
S5,467,0.1,0.038538810670601456,0.3226163522477291,0.1552861878159578
S5,468,0.1,0.049507997596815526,0.3234067968452421,0.15592978773997507
S5,469,0.1,0.06359931153547553,0.3261884431346403,0.1503844674749346
S5,470,0.1,0.08170139420154304,0.3264179380677654,0.14981908539211805
S5,471,0.1,0.10495581875524816,0.33182881072001735,0.1426429047115035
S5,472,0.1,0.1348290809262157,0.33182881072001735,0.1426429047115035
S5,473,0.1,0.17320508075688773,0.3312503616634065,0.14309006902943022
S5,474,0.1,0.2225039271491978,0.33092221632618674,0.14298329952835315
S5,475,0.1,0.2858345573956079,0.32964458772657673,0.14210218474187333
S5,476,0.1,0.3671907963528168,0.3296802054154995,0.14253029651618737
S5,477,0.1,0.47170321935428616,0.32951979549481564,0.14279549453161916
S5,478,0.1,0.6059627021136009,0.33189932000163536,0.14662198987771982
S5,479,0.1,0.778436061673405,0.336593027346357,0.1353041122095434
S5,480,0.1,1.0,0.34078134463316073,0.14217099048830353
S5,481,0.1,2.0,0.3386593110381397,0.14058463420498862
S5,482,0.1,3.0,0.35074974481598786,0.15334530284125114
S5,483,0.1,10.0,0.2953005143631772,0.1240812989742527
S5,484,0.125,0.003,0.32932170089847856,0.1610615951803219
S5,485,0.125,0.005,0.3319714042362553,0.16295629898072894
S5,486,0.125,0.01,0.3318693634199288,0.1628825730475299
S5,487,0.125,0.02,0.32761915838629574,0.15893921027149618
S5,488,0.125,0.03,0.32749592891102325,0.15850642872290827
S5,489,0.125,0.038538810670601456,0.3273034431710998,0.15841653909128542
S5,490,0.125,0.049507997596815526,0.32535177106389646,0.1574231871421825
S5,491,0.125,0.06359931153547553,0.32673093808211895,0.1505729947929247
S5,492,0.125,0.08170139420154304,0.32765718067217825,0.15169745688302466
S5,493,0.125,0.10495581875524816,0.3275957653176213,0.15165635584510323
S5,494,0.125,0.1348290809262157,0.33176233488733486,0.14359646685215222
S5,495,0.125,0.17320508075688773,0.3287156037156037,0.14081264338737037
S5,496,0.125,0.2225039271491978,0.32628269612999383,0.13876702436629101
S5,497,0.125,0.2858345573956079,0.3249527396672526,0.13741159542177636
S5,498,0.125,0.3671907963528168,0.32509798896528463,0.13682017028541074
S5,499,0.125,0.47170321935428616,0.3217896849030278,0.134191580332233
S5,500,0.125,0.6059627021136009,0.32107845260642964,0.1352181661647841
S5,501,0.125,0.778436061673405,0.33225179145704803,0.1469205978726689
S5,502,0.125,1.0,0.33806938567967976,0.1360963217486065
S5,503,0.125,2.0,0.3386593110381397,0.14058463420498862
S5,504,0.125,3.0,0.35074974481598786,0.15334530284125114
S5,505,0.125,10.0,0.2953005143631772,0.1240812989742527
S5,506,0.15,0.003,0.3295291155103305,0.16624864521690916
S5,507,0.15,0.005,0.32807618118974907,0.16479439009873456
S5,508,0.15,0.01,0.32806641702606604,0.164409272557273
S5,509,0.15,0.02,0.3280472295417947,0.16348651085084065
S5,510,0.15,0.03,0.3267538302430763,0.16257550434980791
S5,511,0.15,0.038538810670601456,0.3255116676452884,0.16180960191945565
S5,512,0.15,0.049507997596815526,0.3277237011073218,0.15746534801687728
S5,513,0.15,0.06359931153547553,0.3279023603291226,0.15706042773906678
S5,514,0.15,0.08170139420154304,0.3269973013358283,0.14677491294468348
S5,515,0.15,0.10495581875524816,0.32697888105878736,0.1467702273649807
S5,516,0.15,0.1348290809262157,0.32786570302404067,0.1474760249008253
S5,517,0.15,0.17320508075688773,0.32761247902757334,0.14841977836609355
S5,518,0.15,0.2225039271491978,0.3330417719568663,0.1412603917006248
S5,519,0.15,0.2858345573956079,0.3324484229260173,0.1415620431601913
S5,520,0.15,0.3671907963528168,0.32932696206558826,0.13911514327482918
S5,521,0.15,0.47170321935428616,0.3256179093993054,0.13647593278626569
S5,522,0.15,0.6059627021136009,0.3246138511024773,0.13531684816579023
S5,523,0.15,0.778436061673405,0.32632647391664105,0.13914767701181038
S5,524,0.15,1.0,0.33484047670290396,0.13099014175164603
S5,525,0.15,2.0,0.33872858281442625,0.1399690224839015
S5,526,0.15,3.0,0.35074974481598786,0.15334530284125114
S5,527,0.15,10.0,0.2953005143631772,0.1240812989742527
S5,528,0.2,0.003,0.32729529767365095,0.16191810046919614
S5,529,0.2,0.005,0.3286931159978604,0.1628473586622364
S5,530,0.2,0.01,0.32442406682037617,0.1592779880250472
S5,531,0.2,0.02,0.3229647510402468,0.158268820400496
S5,532,0.2,0.03,0.32457859885507667,0.15829242248632214
S5,533,0.2,0.038538810670601456,0.32457859885507667,0.15829242248632214
S5,534,0.2,0.049507997596815526,0.3248782795303307,0.1578721767756527
S5,535,0.2,0.06359931153547553,0.32662550048011096,0.1585534984380421
S5,536,0.2,0.08170139420154304,0.32662550048011096,0.1585534984380421
S5,537,0.2,0.10495581875524816,0.3288576433372538,0.15420433977217235
S5,538,0.2,0.1348290809262157,0.3288576433372538,0.15420433977217235
S5,539,0.2,0.17320508075688773,0.3319453956979852,0.14850691859217172
S5,540,0.2,0.2225039271491978,0.3318384274029435,0.14850056010375934
S5,541,0.2,0.2858345573956079,0.33123663338066855,0.14949752486028375
S5,542,0.2,0.3671907963528168,0.3356001063635098,0.14110502411130024
S5,543,0.2,0.47170321935428616,0.3390450509942035,0.1454874068671722
S5,544,0.2,0.6059627021136009,0.3353917320371287,0.14303594269291592
S5,545,0.2,0.778436061673405,0.3351856494082691,0.1441722864206482
S5,546,0.2,1.0,0.34120539608753053,0.13275451438493585
S5,547,0.2,2.0,0.34297513631878956,0.1404233466633502
S5,548,0.2,3.0,0.35055133211757517,0.1532660181435571
S5,549,0.2,10.0,0.2953005143631772,0.1240812989742527
S5,550,0.25,0.003,0.32559132996632995,0.15978696584850546
S5,551,0.25,0.005,0.3252973962577621,0.1596169814900524
S5,552,0.25,0.01,0.32525530871567454,0.15960520615534401
S5,553,0.25,0.02,0.3268422668925328,0.16079438446281966
S5,554,0.25,0.03,0.3268422668925328,0.16079438446281966
S5,555,0.25,0.038538810670601456,0.3267454802103803,0.16076894339087255
S5,556,0.25,0.049507997596815526,0.3266512117337589,0.16069643655838825
S5,557,0.25,0.06359931153547553,0.3267705845917555,0.1602162066049157
S5,558,0.25,0.08170139420154304,0.3267501095712805,0.16021083976332315
S5,559,0.25,0.10495581875524816,0.3267932894921157,0.15968445437675075
S5,560,0.25,0.1348290809262157,0.32637735948622243,0.15945376689699853
S5,561,0.25,0.17320508075688773,0.33148313555374226,0.14925883684191993
S5,562,0.25,0.2225039271491978,0.33344084289159315,0.1508389611851592
S5,563,0.25,0.2858345573956079,0.3358214054605628,0.15292052930010377
S5,564,0.25,0.3671907963528168,0.3403580516269021,0.14472003648415924
S5,565,0.25,0.47170321935428616,0.34073410736746323,0.1443027075026902
S5,566,0.25,0.6059627021136009,0.33898162614328026,0.1432044286773705
S5,567,0.25,0.778436061673405,0.3365713632708465,0.14169943912741376
S5,568,0.25,1.0,0.3426442761266768,0.1305350707776145
S5,569,0.25,2.0,0.3445245934320966,0.13985517754324342
S5,570,0.25,3.0,0.34369699343180976,0.1422354780628196
S5,571,0.25,10.0,0.2953005143631772,0.1240812989742527
S5,572,0.3,0.003,0.32755908368690856,0.16077497072914862
S5,573,0.3,0.005,0.3275928284280371,0.16029127781335595
S5,574,0.3,0.01,0.32776490681070714,0.15979705388005908
S5,575,0.3,0.02,0.32750244310305504,0.15958626052700686
S5,576,0.3,0.03,0.3273123120823592,0.15948484200080823
S5,577,0.3,0.038538810670601456,0.3273123120823592,0.15948484200080823
S5,578,0.3,0.049507997596815526,0.3275643282113915,0.15899278272025352
S5,579,0.3,0.06359931153547553,0.3274801531272164,0.15897174311970602
S5,580,0.3,0.08170139420154304,0.3297347577992739,0.1546388793501935
S5,581,0.3,0.10495581875524816,0.3296542425013673,0.15461992479558873
S5,582,0.3,0.1348290809262157,0.3317144276865525,0.15627105481234815
S5,583,0.3,0.17320508075688773,0.33488194906348645,0.15059475326336322
S5,584,0.3,0.2225039271491978,0.33915413861066035,0.15394176867656587
S5,585,0.3,0.2858345573956079,0.3394240679566767,0.15415768616496858
S5,586,0.3,0.3671907963528168,0.3445399988614425,0.144395461639635
S5,587,0.3,0.47170321935428616,0.3443859656265607,0.14449075847291454
S5,588,0.3,0.6059627021136009,0.34456294148848055,0.14568448534701417
S5,589,0.3,0.778436061673405,0.34288494706339795,0.1446253170992601
S5,590,0.3,1.0,0.34785492578649607,0.13180865171372314
S5,591,0.3,2.0,0.34239883474102595,0.1323242077846029
S5,592,0.3,3.0,0.340219895649625,0.13537646713188398
S5,593,0.3,10.0,0.2953005143631772,0.1240812989742527
S5,594,0.4,0.003,0.3295348033571556,0.1570992753929376
S5,595,0.4,0.005,0.32951234154224096,0.1570785847128952
S5,596,0.4,0.01,0.32951234154224096,0.1570785847128952
S5,597,0.4,0.02,0.33103664111918824,0.15928201533184677
S5,598,0.4,0.03,0.33101459915128134,0.15926228329469377
S5,599,0.4,0.038538810670601456,0.3313452869819692,0.15861784583177985
S5,600,0.4,0.049507997596815526,0.33387944264112485,0.15364641985976304
S5,601,0.4,0.06359931153547553,0.3343757183118191,0.1530054520724388
S5,602,0.4,0.08170139420154304,0.33433585544009786,0.1529974419360483
S5,603,0.4,0.10495581875524816,0.33447681451316075,0.1532240387853818
S5,604,0.4,0.1348290809262157,0.33447986940368474,0.15324053997557008
S5,605,0.4,0.17320508075688773,0.3383710342569217,0.15696624751154392
S5,606,0.4,0.2225039271491978,0.34221678995050353,0.149566667930527
S5,607,0.4,0.2858345573956079,0.34707619887287255,0.1408108359119177
S5,608,0.4,0.3671907963528168,0.3472057810650991,0.14096009233685175
S5,609,0.4,0.47170321935428616,0.3477889986403918,0.14161944798242446
S5,610,0.4,0.6059627021136009,0.3484709413089246,0.14242987805578874
S5,611,0.4,0.778436061673405,0.3463187054299804,0.14073380875031302
S5,612,0.4,1.0,0.3515364176983216,0.12673371273221617
S5,613,0.4,2.0,0.3488656664133071,0.13125354905568887
S5,614,0.4,3.0,0.3451563005560612,0.13443985589192142
S5,615,0.4,10.0,0.2953005143631772,0.1240812989742527
