pattern_row,pattern_id,cv_fold,label,scenario,risk_score,threshold,y_pred
0,CN7_L_000000,0,0,S0,-0.004959888185412709,0.005202320434307239,0
2,CN7_L_000002,0,0,S0,-0.004615995027436703,0.005202320434307239,0
3,CN7_L_000003,0,0,S0,-0.012030222530262868,0.005202320434307239,0
4,CN7_L_000004,3,0,S0,-0.00852048484908785,0.005202320434307239,0
5,CN7_L_000005,2,0,S0,-0.022398743563385892,0.005202320434307239,0
6,CN7_L_000006,2,0,S0,-0.02411448005638306,0.005202320434307239,0
7,CN7_L_000007,1,0,S0,-0.02532933333668197,0.005202320434307239,0
8,CN7_L_000008,0,0,S0,-0.003230708967252305,0.005202320434307239,0
9,CN7_L_000009,1,0,S0,-0.0037759059153632535,0.005202320434307239,0
10,CN7_L_000010,0,0,S0,-0.008066915284286047,0.005202320434307239,0
11,CN7_L_000011,0,0,S0,-0.009109939178144622,0.005202320434307239,0
12,CN7_L_000012,1,0,S0,-0.000915886159603474,0.005202320434307239,0
15,CN7_L_000015,2,0,S0,-0.0314186287476268,0.005202320434307239,0
16,CN7_L_000016,1,0,S0,-0.027690391479819887,0.005202320434307239,0
17,CN7_L_000017,3,0,S0,-0.008281172407021309,0.005202320434307239,0
18,CN7_L_000018,2,0,S0,-0.00997267118466727,0.005202320434307239,0
19,CN7_L_000019,1,0,S0,-0.015036953480254134,0.005202320434307239,0
22,CN7_L_000022,0,0,S0,0.006952221771634015,0.005202320434307239,1
23,CN7_L_000023,3,0,S0,-0.005591395240872821,0.005202320434307239,0
24,CN7_L_000024,3,1,S0,-0.008421778201390673,0.005202320434307239,0
25,CN7_L_000025,0,0,S0,-0.0073348452030650435,0.005202320434307239,0
26,CN7_L_000026,0,0,S0,-0.008286218524510502,0.005202320434307239,0
27,CN7_L_000027,3,0,S0,-0.014412478610858592,0.005202320434307239,0
29,CN7_L_000029,0,0,S0,-0.00035116685159675143,0.005202320434307239,0
30,CN7_L_000030,1,0,S0,-0.014305916881978575,0.005202320434307239,0
31,CN7_L_000031,0,0,S0,-0.004654700985209814,0.005202320434307239,0
32,CN7_L_000032,2,0,S0,-0.0033460655241643877,0.005202320434307239,0
34,CN7_L_000034,3,0,S0,-0.019631379897557366,0.005202320434307239,0
36,CN7_L_000036,0,0,S0,0.1942423141779983,0.005202320434307239,1
37,CN7_L_000037,0,0,S0,-0.004787383776650778,0.005202320434307239,0
38,CN7_L_000038,3,0,S0,-0.017712411195978106,0.005202320434307239,0
39,CN7_L_000039,0,0,S0,-0.008097661250046961,0.005202320434307239,0
40,CN7_L_000040,1,1,S0,-0.00510333262039353,0.005202320434307239,0
41,CN7_L_000041,1,0,S0,-0.006416010339236777,0.005202320434307239,0
43,CN7_L_000043,0,0,S0,-0.010902576246146545,0.005202320434307239,0
44,CN7_L_000044,3,0,S0,-0.008810880013482958,0.005202320434307239,0
45,CN7_L_000045,0,0,S0,-0.006241602453971318,0.005202320434307239,0
46,CN7_L_000046,0,0,S0,-0.00998348032473384,0.005202320434307239,0
47,CN7_L_000047,2,0,S0,-0.021566164354366535,0.005202320434307239,0
48,CN7_L_000048,0,1,S0,0.0052769693951697505,0.005202320434307239,1
49,CN7_L_000049,3,0,S0,-0.010671515946550691,0.005202320434307239,0
52,CN7_L_000052,2,1,S0,-0.01783549555966779,0.005202320434307239,0
53,CN7_L_000053,1,1,S0,-0.012803895001820997,0.005202320434307239,0
54,CN7_L_000054,3,1,S0,-0.015908167383337002,0.005202320434307239,0
55,CN7_L_000055,0,1,S0,-0.009266225808402417,0.005202320434307239,0
56,CN7_L_000056,2,1,S0,-0.011262111292419164,0.005202320434307239,0
58,CN7_L_000058,1,1,S0,0.02656853426749528,0.005202320434307239,1
59,CN7_L_000059,3,1,S0,0.10309613605813439,0.005202320434307239,1
60,CN7_L_000060,2,1,S0,0.047471594035112474,0.005202320434307239,1
62,CN7_L_000062,1,0,S0,-0.024002786021504185,0.005202320434307239,0
63,CN7_L_000063,3,0,S0,-0.02466362376640152,0.005202320434307239,0
64,CN7_L_000064,3,0,S0,-0.021061210520458395,0.005202320434307239,0
65,CN7_L_000065,2,0,S0,-0.020894682771201545,0.005202320434307239,0
67,CN7_L_000067,3,0,S0,-0.007067724088805072,0.005202320434307239,0
68,CN7_L_000068,3,0,S0,-0.008669570977458463,0.005202320434307239,0
69,CN7_L_000069,2,0,S0,-0.005427245833844907,0.005202320434307239,0
70,CN7_L_000070,1,0,S0,-0.011577198985182946,0.005202320434307239,0
71,CN7_L_000071,2,0,S0,-0.015638222167072335,0.005202320434307239,0
73,CN7_L_000073,0,0,S0,-0.01438117300221009,0.005202320434307239,0
74,CN7_L_000074,0,0,S0,-0.005238146674190425,0.005202320434307239,0
77,CN7_L_000077,2,0,S0,-0.003948810296032335,0.005202320434307239,0
79,CN7_L_000079,3,0,S0,-0.001647303089124641,0.005202320434307239,0
80,CN7_L_000080,2,0,S0,-0.010059293697690208,0.005202320434307239,0
81,CN7_L_000081,2,0,S0,-0.026618668137231793,0.005202320434307239,0
82,CN7_L_000082,3,0,S0,-0.011113815257852266,0.005202320434307239,0
83,CN7_L_000083,2,0,S0,-0.025029601491694642,0.005202320434307239,0
84,CN7_L_000084,3,0,S0,-0.015288047850180675,0.005202320434307239,0
86,CN7_L_000086,0,0,S0,-0.0022661815840532284,0.005202320434307239,0
87,CN7_L_000087,3,0,S0,-0.01747585764212456,0.005202320434307239,0
88,CN7_L_000088,0,0,S0,-0.01059822752674311,0.005202320434307239,0
89,CN7_L_000089,3,0,S0,-0.005165485382705448,0.005202320434307239,0
90,CN7_L_000090,1,0,S0,-0.014393259334853248,0.005202320434307239,0
91,CN7_L_000091,2,0,S0,-0.034092875644869736,0.005202320434307239,0
92,CN7_L_000092,3,0,S0,-0.016559434379871618,0.005202320434307239,0
93,CN7_L_000093,1,0,S0,-0.010862409271252815,0.005202320434307239,0
95,CN7_L_000095,0,0,S0,0.005202320434307239,0.005202320434307239,0
96,CN7_L_000096,3,0,S0,-0.010584708161987422,0.005202320434307239,0
97,CN7_L_000097,3,0,S0,-0.007541284154196859,0.005202320434307239,0
98,CN7_L_000098,3,0,S0,-0.0027354805545822813,0.005202320434307239,0
99,CN7_L_000099,2,0,S0,-0.02501794420097614,0.005202320434307239,0
100,CN7_L_000100,3,0,S0,-0.016181835989211635,0.005202320434307239,0
102,CN7_L_000102,3,0,S0,-0.021239999419971234,0.005202320434307239,0
103,CN7_L_000103,0,0,S0,0.001444780654369815,0.005202320434307239,0
104,CN7_L_000104,2,0,S0,-0.015407320006757708,0.005202320434307239,0
106,CN7_L_000106,3,0,S0,-0.0036361032699758766,0.005202320434307239,0
107,CN7_L_000107,0,0,S0,-0.0036308966379383634,0.005202320434307239,0
108,CN7_L_000108,2,0,S0,-0.0198564955969589,0.005202320434307239,0
109,CN7_L_000109,2,0,S0,-0.013508346387388848,0.005202320434307239,0
110,CN7_L_000110,0,0,S0,-0.001015686145464656,0.005202320434307239,0
111,CN7_L_000111,1,0,S0,-0.03724817259245761,0.005202320434307239,0
115,CN7_L_000115,0,0,S0,-0.009573675732627684,0.005202320434307239,0
117,CN7_L_000117,3,0,S0,0.006446568660483543,0.005202320434307239,1
118,CN7_L_000118,3,0,S0,-0.008824052899528922,0.005202320434307239,0
121,CN7_L_000121,3,0,S0,-0.01592686877808447,0.005202320434307239,0
122,CN7_L_000122,3,0,S0,-0.014303706358826496,0.005202320434307239,0
123,CN7_L_000123,0,0,S0,-0.007681919947199134,0.005202320434307239,0
124,CN7_L_000124,2,0,S0,-0.0243555954597392,0.005202320434307239,0
125,CN7_L_000125,3,0,S0,-0.0112039803864743,0.005202320434307239,0
126,CN7_L_000126,2,0,S0,-0.009641931593484365,0.005202320434307239,0
127,CN7_L_000127,0,0,S0,-0.004350065993952157,0.005202320434307239,0
128,CN7_L_000128,1,0,S0,-0.017584133343357067,0.005202320434307239,0
129,CN7_L_000129,2,0,S0,-0.02141427533158069,0.005202320434307239,0
130,CN7_L_000130,1,0,S0,-0.017499837331213186,0.005202320434307239,0
131,CN7_L_000131,3,0,S0,-0.02153204779041662,0.005202320434307239,0
132,CN7_L_000132,1,0,S0,-0.024594992961167073,0.005202320434307239,0
133,CN7_L_000133,1,0,S0,-0.013140577269631137,0.005202320434307239,0
134,CN7_L_000134,2,0,S0,-0.01044254576343917,0.005202320434307239,0
136,CN7_L_000136,0,0,S0,-0.002753309874146126,0.005202320434307239,0
137,CN7_L_000137,3,0,S0,-0.011043186290084606,0.005202320434307239,0
138,CN7_L_000138,0,0,S0,-0.006247859836761904,0.005202320434307239,0
139,CN7_L_000139,2,0,S0,-0.020394570540085866,0.005202320434307239,0
140,CN7_L_000140,1,0,S0,-0.02922160848960864,0.005202320434307239,0
141,CN7_L_000141,3,0,S0,-0.022316670793430582,0.005202320434307239,0
143,CN7_L_000143,1,0,S0,-0.022313423068828442,0.005202320434307239,0
145,CN7_L_000145,0,0,S0,-0.01242726709874109,0.005202320434307239,0
146,CN7_L_000146,3,0,S0,-0.006873037926936831,0.005202320434307239,0
147,CN7_L_000147,1,0,S0,0.0009931288454065879,0.005202320434307239,0
150,CN7_L_000150,3,0,S0,-0.015246716829484086,0.005202320434307239,0
151,CN7_L_000151,0,0,S0,-0.011094409556900331,0.005202320434307239,0
153,CN7_L_000153,0,0,S0,-0.009966165971284191,0.005202320434307239,0
154,CN7_L_000154,0,0,S0,0.0013193430359681457,0.005202320434307239,0
155,CN7_L_000155,1,0,S0,-0.0028624531224519245,0.005202320434307239,0
156,CN7_L_000156,0,0,S0,0.00367060057273072,0.005202320434307239,0
157,CN7_L_000157,0,0,S0,-0.010839272814096468,0.005202320434307239,0
158,CN7_L_000158,0,0,S0,-0.007012801532060742,0.005202320434307239,0
159,CN7_L_000159,2,0,S0,-0.015160104323810764,0.005202320434307239,0
160,CN7_L_000160,1,0,S0,-0.023216950370824385,0.005202320434307239,0
161,CN7_L_000161,1,0,S0,-0.03738495053645963,0.005202320434307239,0
162,CN7_L_000162,2,0,S0,-0.033776841769122434,0.005202320434307239,0
163,CN7_L_000163,2,0,S0,-0.010757069745828574,0.005202320434307239,0
164,CN7_L_000164,0,0,S0,0.11883163194712765,0.005202320434307239,1
165,CN7_L_000165,2,0,S0,-0.02390139571651151,0.005202320434307239,0
166,CN7_L_000166,1,0,S0,-0.016405632370093848,0.005202320434307239,0
167,CN7_L_000167,2,0,S0,-0.0020720962973541646,0.005202320434307239,0
168,CN7_L_000168,3,0,S0,-0.004884597765394183,0.005202320434307239,0
169,CN7_L_000169,2,0,S0,-0.019249427016281295,0.005202320434307239,0
171,CN7_L_000171,3,0,S0,-0.019008273541122556,0.005202320434307239,0
172,CN7_L_000172,0,0,S0,-0.01002549943138309,0.005202320434307239,0
173,CN7_L_000173,3,0,S0,-0.013935842829334355,0.005202320434307239,0
177,CN7_L_000177,1,0,S0,-0.022288716925023877,0.005202320434307239,0
178,CN7_L_000178,0,0,S0,-0.01605734085353827,0.005202320434307239,0
179,CN7_L_000179,0,0,S0,-0.015274013849845502,0.005202320434307239,0
181,CN7_L_000181,0,0,S0,-0.009804163304029778,0.005202320434307239,0
182,CN7_L_000182,0,0,S0,-0.011771985933905604,0.005202320434307239,0
183,CN7_L_000183,3,0,S0,-0.015014429722605804,0.005202320434307239,0
184,CN7_L_000184,2,0,S0,-0.02076391834107305,0.005202320434307239,0
186,CN7_L_000186,0,0,S0,-0.013931769154589269,0.005202320434307239,0
187,CN7_L_000187,1,0,S0,-0.028390232847383068,0.005202320434307239,0
188,CN7_L_000188,0,0,S0,-0.010966651068369693,0.005202320434307239,0
189,CN7_L_000189,0,0,S0,-0.00694406091792743,0.005202320434307239,0
190,CN7_L_000190,2,0,S0,-0.02140986870085637,0.005202320434307239,0
191,CN7_L_000191,2,0,S0,-0.019583926341717017,0.005202320434307239,0
192,CN7_L_000192,0,0,S0,-0.004360430251220571,0.005202320434307239,0
193,CN7_L_000193,2,0,S0,-0.011127738731241621,0.005202320434307239,0
194,CN7_L_000194,1,0,S0,0.000592583261048496,0.005202320434307239,0
195,CN7_L_000195,0,0,S0,-0.002574835458001523,0.005202320434307239,0
196,CN7_L_000196,0,0,S0,-0.003997913046813295,0.005202320434307239,0
197,CN7_L_000197,3,0,S0,-0.01318162331766004,0.005202320434307239,0
198,CN7_L_000198,0,0,S0,-0.006753485490240685,0.005202320434307239,0
199,CN7_L_000199,2,0,S0,-0.003690456260937225,0.005202320434307239,0
200,CN7_L_000200,3,0,S0,-0.006590881529843884,0.005202320434307239,0
202,CN7_L_000202,0,0,S0,-0.00822875958571423,0.005202320434307239,0
204,CN7_L_000204,0,0,S0,-0.012345894509637745,0.005202320434307239,0
206,CN7_L_000206,1,0,S0,-0.011845614317211428,0.005202320434307239,0
207,CN7_L_000207,1,0,S0,-0.00022541168196799077,0.005202320434307239,0
208,CN7_L_000208,2,0,S0,-0.0006835867547136942,0.005202320434307239,0
209,CN7_L_000209,3,0,S0,-0.0009328659182230581,0.005202320434307239,0
210,CN7_L_000210,3,0,S0,-0.009502793569874157,0.005202320434307239,0
211,CN7_L_000211,3,0,S0,-0.004029093829085895,0.005202320434307239,0
212,CN7_L_000212,3,0,S0,-0.014397944536457707,0.005202320434307239,0
213,CN7_L_000213,3,0,S0,-0.013182128643033586,0.005202320434307239,0
216,CN7_L_000216,3,0,S0,-0.009198782365866798,0.005202320434307239,0
217,CN7_L_000217,1,0,S0,-0.01734509090316383,0.005202320434307239,0
218,CN7_L_000218,2,0,S0,-0.018777593578983343,0.005202320434307239,0
220,CN7_L_000220,2,0,S0,-0.014082446639984703,0.005202320434307239,0
221,CN7_L_000221,2,0,S0,-0.015084255383894352,0.005202320434307239,0
222,CN7_L_000222,3,0,S0,-0.018808448219377993,0.005202320434307239,0
223,CN7_L_000223,1,0,S0,-0.0009216057586831639,0.005202320434307239,0
224,CN7_L_000224,3,0,S0,-0.007255051103051358,0.005202320434307239,0
225,CN7_L_000225,0,0,S0,-0.007159034947356702,0.005202320434307239,0
226,CN7_L_000226,3,0,S0,-0.01267512846958585,0.005202320434307239,0
231,CN7_L_000231,1,0,S0,-0.009155897338462893,0.005202320434307239,0
232,CN7_L_000232,1,0,S0,-0.011166710469503016,0.005202320434307239,0
233,CN7_L_000233,1,0,S0,-0.003244425027383535,0.005202320434307239,0
234,CN7_L_000234,3,0,S0,-0.0021851043275527005,0.005202320434307239,0
235,CN7_L_000235,3,0,S0,-0.00867700952539252,0.005202320434307239,0
236,CN7_L_000236,0,0,S0,-0.010661720259599328,0.005202320434307239,0
237,CN7_L_000237,3,0,S0,-0.018992633035635365,0.005202320434307239,0
238,CN7_L_000238,1,0,S0,-0.025220527261247128,0.005202320434307239,0
239,CN7_L_000239,1,0,S0,-0.012410702560134546,0.005202320434307239,0
241,CN7_L_000241,1,0,S0,-0.015784658742370006,0.005202320434307239,0
242,CN7_L_000242,0,0,S0,-0.00019178806215514044,0.005202320434307239,0
243,CN7_L_000243,2,0,S0,-0.01563732796299977,0.005202320434307239,0
245,CN7_L_000245,1,0,S0,-0.020903757788397925,0.005202320434307239,0
246,CN7_L_000246,1,0,S0,-0.028684607286401764,0.005202320434307239,0
247,CN7_L_000247,1,0,S0,-0.02480964907822525,0.005202320434307239,0
248,CN7_L_000248,2,0,S0,-0.024341603382385557,0.005202320434307239,0
249,CN7_L_000249,3,0,S0,-0.01236667810903569,0.005202320434307239,0
250,CN7_L_000250,1,0,S0,-0.025370631304546976,0.005202320434307239,0
251,CN7_L_000251,2,0,S0,-0.019550191829434738,0.005202320434307239,0
252,CN7_L_000252,1,0,S0,-0.01504872389819667,0.005202320434307239,0
253,CN7_L_000253,3,0,S0,-0.012437159261510011,0.005202320434307239,0
254,CN7_L_000254,3,0,S0,-0.01234129113769189,0.005202320434307239,0
256,CN7_L_000256,3,0,S0,-0.017243820603446203,0.005202320434307239,0
258,CN7_L_000258,2,0,S0,-0.0320020549643365,0.005202320434307239,0
259,CN7_L_000259,0,0,S0,-0.01289169987973704,0.005202320434307239,0
260,CN7_L_000260,1,0,S0,-0.03508637050061658,0.005202320434307239,0
261,CN7_L_000261,3,0,S0,-0.0149147931332827,0.005202320434307239,0
262,CN7_L_000262,3,0,S0,-0.016166456481111702,0.005202320434307239,0
263,CN7_L_000263,2,0,S0,-0.01351153724419607,0.005202320434307239,0
264,CN7_L_000264,3,0,S0,-0.012647284713549034,0.005202320434307239,0
267,CN7_L_000267,0,0,S0,-0.010811533658551475,0.005202320434307239,0
268,CN7_L_000268,0,0,S0,-0.01385364914620979,0.005202320434307239,0
269,CN7_L_000269,1,0,S0,-0.018790583647543713,0.005202320434307239,0
270,CN7_L_000270,2,0,S0,-0.026396325920985397,0.005202320434307239,0
271,CN7_L_000271,0,0,S0,-0.01387833805851102,0.005202320434307239,0
272,CN7_L_000272,2,0,S0,-0.017628558536993744,0.005202320434307239,0
273,CN7_L_000273,3,0,S0,-0.011137142360413854,0.005202320434307239,0
275,CN7_L_000275,1,0,S0,-0.028541950104678193,0.005202320434307239,0
276,CN7_L_000276,1,0,S0,-0.029528357928683135,0.005202320434307239,0
277,CN7_L_000277,1,0,S0,-0.019731957189303984,0.005202320434307239,0
278,CN7_L_000278,1,0,S0,-0.023229854252703852,0.005202320434307239,0
279,CN7_L_000279,0,0,S0,-0.010792485692910248,0.005202320434307239,0
280,CN7_L_000280,3,0,S0,-0.01653109587454704,0.005202320434307239,0
282,CN7_L_000282,0,0,S0,-0.010007490334219327,0.005202320434307239,0
285,CN7_L_000285,0,0,S0,-0.013077203725545772,0.005202320434307239,0
286,CN7_L_000286,0,0,S0,-0.016334595397948348,0.005202320434307239,0
288,CN7_L_000288,2,0,S0,-0.025267377019000392,0.005202320434307239,0
289,CN7_L_000289,1,0,S0,-0.028459419278613396,0.005202320434307239,0
291,CN7_L_000291,3,0,S0,-0.016616249292384033,0.005202320434307239,0
292,CN7_L_000292,3,0,S0,-0.013956377832831102,0.005202320434307239,0
293,CN7_L_000293,1,0,S0,-0.028896207975633637,0.005202320434307239,0
294,CN7_L_000294,2,0,S0,-0.04073415820753379,0.005202320434307239,0
295,CN7_L_000295,1,0,S0,-0.03306377848244768,0.005202320434307239,0
296,CN7_L_000296,3,0,S0,-0.02007087940411978,0.005202320434307239,0
297,CN7_L_000297,1,0,S0,-0.028720154048832214,0.005202320434307239,0
298,CN7_L_000298,0,0,S0,-0.014395221718785045,0.005202320434307239,0
299,CN7_L_000299,1,0,S0,-0.021997838066256215,0.005202320434307239,0
300,CN7_L_000300,1,0,S0,-0.022102090109621386,0.005202320434307239,0
301,CN7_L_000301,1,0,S0,-0.0178434262137257,0.005202320434307239,0
303,CN7_L_000303,1,0,S0,-0.029490039166128135,0.005202320434307239,0
304,CN7_L_000304,0,0,S0,-0.014396048302146802,0.005202320434307239,0
305,CN7_L_000305,0,0,S0,-0.01569175945696344,0.005202320434307239,0
307,CN7_L_000307,3,0,S0,-0.01744736711566386,0.005202320434307239,0
308,CN7_L_000308,0,0,S0,-0.017618691562213407,0.005202320434307239,0
310,CN7_L_000310,3,0,S0,-0.018683203354235012,0.005202320434307239,0
311,CN7_L_000311,1,0,S0,-0.022066561627281267,0.005202320434307239,0
312,CN7_L_000312,2,0,S0,-0.030146591416454704,0.005202320434307239,0
313,CN7_L_000313,0,0,S0,-0.01235931651818678,0.005202320434307239,0
314,CN7_L_000314,1,0,S0,-0.038710986718437645,0.005202320434307239,0
315,CN7_L_000315,2,0,S0,-0.03418405947340464,0.005202320434307239,0
316,CN7_L_000316,3,0,S0,-0.022017903954945517,0.005202320434307239,0
317,CN7_L_000317,3,0,S0,-0.013563872668351351,0.005202320434307239,0
318,CN7_L_000318,2,0,S0,-0.019815835768463685,0.005202320434307239,0
319,CN7_L_000319,0,0,S0,-0.0161469347511094,0.005202320434307239,0
320,CN7_L_000320,2,0,S0,-0.025930393631343307,0.005202320434307239,0
321,CN7_L_000321,0,0,S0,-0.012969087901725018,0.005202320434307239,0
323,CN7_L_000323,0,0,S0,-0.016652611416756002,0.005202320434307239,0
324,CN7_L_000324,0,0,S0,-0.011404710873276436,0.005202320434307239,0
325,CN7_L_000325,1,0,S0,-0.027065017541721303,0.005202320434307239,0
326,CN7_L_000326,1,0,S0,-0.02702491229239712,0.005202320434307239,0
328,CN7_L_000328,1,0,S0,-0.024300216732942914,0.005202320434307239,0
330,CN7_L_000330,1,0,S0,-0.02820161902390428,0.005202320434307239,0
331,CN7_L_000331,1,0,S0,-0.024814968917787894,0.005202320434307239,0
332,CN7_L_000332,0,0,S0,-0.013638479309411089,0.005202320434307239,0
333,CN7_L_000333,2,0,S0,-0.030040007438748795,0.005202320434307239,0
334,CN7_L_000334,3,0,S0,-0.029312710282511034,0.005202320434307239,0
335,CN7_L_000335,3,0,S0,-0.014551822756639687,0.005202320434307239,0
336,CN7_L_000336,2,0,S0,-0.018591205432470836,0.005202320434307239,0
337,CN7_L_000337,2,0,S0,-0.026391225920240124,0.005202320434307239,0
338,CN7_L_000338,2,0,S0,-0.022296351471525533,0.005202320434307239,0
339,CN7_L_000339,3,0,S0,-0.020344503560604466,0.005202320434307239,0
340,CN7_L_000340,2,0,S0,-0.026999351823540074,0.005202320434307239,0
342,CN7_L_000342,1,0,S0,-0.024643157942693783,0.005202320434307239,0
343,CN7_L_000343,2,0,S0,-0.036324079953009125,0.005202320434307239,0
345,CN7_L_000345,1,0,S0,-0.03291111121253465,0.005202320434307239,0
346,CN7_L_000346,3,0,S0,-0.020058739254764646,0.005202320434307239,0
347,CN7_L_000347,1,0,S0,-0.022809827134980587,0.005202320434307239,0
348,CN7_L_000348,1,0,S0,-0.01665864166983333,0.005202320434307239,0
349,CN7_L_000349,3,0,S0,-0.01830429503900355,0.005202320434307239,0
350,CN7_L_000350,2,0,S0,-0.025225618187561416,0.005202320434307239,0
352,CN7_L_000352,2,0,S0,-0.03514968560993559,0.005202320434307239,0
354,CN7_L_000354,3,0,S0,-0.027061380512141575,0.005202320434307239,0
355,CN7_L_000355,2,0,S0,-0.037042726689731076,0.005202320434307239,0
356,CN7_L_000356,2,0,S0,-0.02030390225013612,0.005202320434307239,0
358,CN7_L_000358,2,0,S0,-0.018805339760048945,0.005202320434307239,0
360,CN7_L_000360,2,0,S0,-0.023368652027658143,0.005202320434307239,0
361,CN7_L_000361,2,0,S0,-0.027793563599273874,0.005202320434307239,0
362,CN7_L_000362,0,0,S0,-0.009597721332271547,0.005202320434307239,0
363,CN7_L_000363,1,0,S0,-0.03969617167711803,0.005202320434307239,0
364,CN7_L_000364,2,0,S0,-0.03270494550932934,0.005202320434307239,0
365,CN7_L_000365,2,0,S0,-0.04504624329692852,0.005202320434307239,0
366,CN7_L_000366,2,0,S0,-0.0404573201161611,0.005202320434307239,0
367,CN7_L_000367,3,0,S0,-0.016449575185429666,0.005202320434307239,0
368,CN7_L_000368,2,0,S0,-0.018549881592473838,0.005202320434307239,0
369,CN7_L_000369,1,0,S0,-0.022641547771981685,0.005202320434307239,0
370,CN7_L_000370,2,0,S0,-0.02217785558649865,0.005202320434307239,0
371,CN7_L_000371,1,0,S0,-0.019451128002302198,0.005202320434307239,0
372,CN7_L_000372,1,0,S0,-0.030584672622862463,0.005202320434307239,0
374,CN7_L_000374,1,0,S0,-0.03743055971940734,0.005202320434307239,0
375,CN7_L_000375,2,0,S0,-0.04998126497478861,0.005202320434307239,0
376,CN7_L_000376,1,0,S0,-0.03845359970415618,0.005202320434307239,0
377,CN7_L_000377,0,0,S0,-0.011729613219784163,0.005202320434307239,0
378,CN7_L_000378,1,0,S0,-0.02593829359926314,0.005202320434307239,0
379,CN7_L_000379,3,0,S0,-0.014050497929173567,0.005202320434307239,0
381,CN7_L_000381,1,0,S0,-0.01535500707751325,0.005202320434307239,0
382,CN7_L_000382,3,0,S0,-0.020397880919698075,0.005202320434307239,0
383,CN7_L_000383,3,0,S0,-0.023799996480918573,0.005202320434307239,0
384,CN7_L_000384,1,0,S0,-0.04094863298385132,0.005202320434307239,0
385,CN7_L_000385,2,0,S0,-0.03561822843701634,0.005202320434307239,0
387,CN7_L_000387,3,0,S0,-0.01446503696184731,0.005202320434307239,0
388,CN7_L_000388,0,0,S0,-0.012336978684282407,0.005202320434307239,0
389,CN7_L_000389,2,0,S0,-0.01504010302030867,0.005202320434307239,0
390,CN7_L_000390,3,0,S0,-0.010633557776547065,0.005202320434307239,0
391,CN7_L_000391,1,0,S0,-0.02615099737251647,0.005202320434307239,0
394,CN7_L_000394,3,0,S0,-0.02005369547494773,0.005202320434307239,0
395,CN7_L_000395,0,0,S0,-0.015815457215293982,0.005202320434307239,0
396,CN7_L_000396,3,0,S0,-0.018086983515921418,0.005202320434307239,0
397,CN7_L_000397,0,0,S0,-0.01736179787209391,0.005202320434307239,0
398,CN7_L_000398,2,0,S0,-0.02262468161065012,0.005202320434307239,0
400,CN7_L_000400,0,0,S0,-0.017016625862645185,0.005202320434307239,0
402,CN7_L_000402,2,0,S0,-0.030768574932364956,0.005202320434307239,0
404,CN7_L_000404,1,0,S0,-0.029292048535603854,0.005202320434307239,0
406,CN7_L_000406,1,0,S0,-0.027774286001235993,0.005202320434307239,0
407,CN7_L_000407,0,0,S0,-0.009779895794651772,0.005202320434307239,0
408,CN7_L_000408,0,0,S0,-0.0038439579891491604,0.005202320434307239,0
409,CN7_L_000409,0,0,S0,-0.008109558668698114,0.005202320434307239,0
410,CN7_L_000410,1,0,S0,-0.03304598041505091,0.005202320434307239,0
411,CN7_L_000411,1,0,S0,-0.03796585893918536,0.005202320434307239,0
412,CN7_L_000412,3,0,S0,-0.019084145767647165,0.005202320434307239,0
413,CN7_L_000413,2,0,S0,-0.034170394158772766,0.005202320434307239,0
414,CN7_L_000414,1,0,S0,-0.026134545836327128,0.005202320434307239,0
416,CN7_L_000416,0,0,S0,-0.020142745704639253,0.005202320434307239,0
417,CN7_L_000417,0,0,S0,-0.015349228879801835,0.005202320434307239,0
418,CN7_L_000418,2,0,S0,-0.01949605340617655,0.005202320434307239,0
419,CN7_L_000419,2,0,S0,-0.03130735094582349,0.005202320434307239,0
421,CN7_L_000421,3,0,S0,-0.02567360822350473,0.005202320434307239,0
422,CN7_L_000422,1,0,S0,-0.048584536244629994,0.005202320434307239,0
423,CN7_L_000423,0,0,S0,-0.01480226895658987,0.005202320434307239,0
424,CN7_L_000424,3,0,S0,-0.014304150573646979,0.005202320434307239,0
425,CN7_L_000425,1,0,S0,-0.023961265781668573,0.005202320434307239,0
426,CN7_L_000426,2,0,S0,-0.03318963872034608,0.005202320434307239,0
428,CN7_L_000428,2,0,S0,-0.03331235416098366,0.005202320434307239,0
429,CN7_L_000429,3,0,S0,-0.013725415960919918,0.005202320434307239,0
430,CN7_L_000430,0,0,S0,-0.01817413434612547,0.005202320434307239,0
433,CN7_L_000433,2,0,S0,-0.03339280582553705,0.005202320434307239,0
434,CN7_L_000434,3,0,S0,-0.020034769147270204,0.005202320434307239,0
435,CN7_L_000435,0,0,S0,-0.01706274033235644,0.005202320434307239,0
436,CN7_L_000436,1,0,S0,-0.030769291236595997,0.005202320434307239,0
437,CN7_L_000437,3,0,S0,-0.021633740702519333,0.005202320434307239,0
438,CN7_L_000438,1,0,S0,-0.027497591742888794,0.005202320434307239,0
439,CN7_L_000439,1,0,S0,-0.026057564208759487,0.005202320434307239,0
440,CN7_L_000440,0,0,S0,-0.01706088362587188,0.005202320434307239,0
442,CN7_L_000442,2,0,S0,-0.038582387742377655,0.005202320434307239,0
443,CN7_L_000443,1,0,S0,-0.029686443167778798,0.005202320434307239,0
445,CN7_L_000445,0,0,S0,-0.016117076999634605,0.005202320434307239,0
446,CN7_L_000446,0,0,S0,-0.015175446132531079,0.005202320434307239,0
447,CN7_L_000447,0,0,S0,-0.012685749047153472,0.005202320434307239,0
448,CN7_L_000448,2,0,S0,-0.030447934872475102,0.005202320434307239,0
450,CN7_L_000450,2,0,S0,-0.03643906549677034,0.005202320434307239,0
451,CN7_L_000451,1,0,S0,-0.044225620005375,0.005202320434307239,0
452,CN7_L_000452,3,0,S0,-0.025727319055715903,0.005202320434307239,0
453,CN7_L_000453,0,0,S0,-0.01484077326208677,0.005202320434307239,0
454,CN7_L_000454,3,0,S0,-0.015977067959870084,0.005202320434307239,0
455,CN7_L_000455,1,0,S0,-0.02492761881158323,0.005202320434307239,0
456,CN7_L_000456,2,0,S0,-0.015412718071257991,0.005202320434307239,0
457,CN7_L_000457,2,0,S0,-0.01687803304279356,0.005202320434307239,0
458,CN7_L_000458,1,0,S0,-0.02428769056305491,0.005202320434307239,0
459,CN7_L_000459,3,0,S0,-0.01867699517160304,0.005202320434307239,0
460,CN7_L_000460,1,0,S0,-0.0351078236392528,0.005202320434307239,0
461,CN7_L_000461,0,0,S0,-0.008026949527654814,0.005202320434307239,0
463,CN7_L_000463,1,0,S0,-0.03632978510224216,0.005202320434307239,0
464,CN7_L_000464,1,0,S0,-0.033807470955176555,0.005202320434307239,0
465,CN7_L_000465,3,0,S0,-0.018621056475188524,0.005202320434307239,0
466,CN7_L_000466,0,0,S0,-0.01689937444272971,0.005202320434307239,0
467,CN7_L_000467,2,0,S0,-0.015045143895141777,0.005202320434307239,0
470,CN7_L_000470,3,0,S0,-0.012861358170424886,0.005202320434307239,0
471,CN7_L_000471,0,0,S0,-0.011679309641483115,0.005202320434307239,0
474,CN7_L_000474,2,0,S0,-0.02842761501372504,0.005202320434307239,0
476,CN7_L_000476,0,0,S0,-0.015520636790583353,0.005202320434307239,0
477,CN7_L_000477,1,0,S0,-0.02167169748746023,0.005202320434307239,0
478,CN7_L_000478,0,0,S0,-0.016020617705780005,0.005202320434307239,0
479,CN7_L_000479,3,0,S0,-0.023282669793088573,0.005202320434307239,0
481,CN7_L_000481,3,0,S0,-0.02477049595013714,0.005202320434307239,0
482,CN7_L_000482,1,0,S0,-0.03354166190728591,0.005202320434307239,0
483,CN7_L_000483,2,0,S0,-0.028768292435706222,0.005202320434307239,0
484,CN7_L_000484,3,0,S0,-0.010949385366481046,0.005202320434307239,0
486,CN7_L_000486,3,0,S0,-0.013846691365777986,0.005202320434307239,0
487,CN7_L_000487,2,0,S0,-0.029429717777043507,0.005202320434307239,0
491,CN7_L_000491,1,0,S0,-0.04793694698973905,0.005202320434307239,0
492,CN7_L_000492,1,0,S0,-0.02035922200134266,0.005202320434307239,0
493,CN7_L_000493,1,0,S0,-0.0175842077691879,0.005202320434307239,0
494,CN7_L_000494,2,0,S0,-0.02450222684052683,0.005202320434307239,0
495,CN7_L_000495,3,0,S0,-0.007745714670027937,0.005202320434307239,0
496,CN7_L_000496,2,0,S0,-0.03374727695272384,0.005202320434307239,0
497,CN7_L_000497,3,0,S0,-0.014539037501562824,0.005202320434307239,0
499,CN7_L_000499,3,0,S0,-0.024236481359279693,0.005202320434307239,0
500,CN7_L_000500,2,0,S0,-0.0358844980471007,0.005202320434307239,0
501,CN7_L_000501,2,0,S0,-0.035331997473358356,0.005202320434307239,0
502,CN7_L_000502,2,0,S0,-0.02421267524392956,0.005202320434307239,0
504,CN7_L_000504,1,0,S0,-0.027271168072463325,0.005202320434307239,0
507,CN7_L_000507,1,0,S0,-0.021229817367731663,0.005202320434307239,0
508,CN7_L_000508,0,0,S0,-0.01608789819675227,0.005202320434307239,0
509,CN7_L_000509,1,0,S0,-0.0423396081163947,0.005202320434307239,0
510,CN7_L_000510,1,0,S0,-0.026802338456802133,0.005202320434307239,0
511,CN7_L_000511,2,0,S0,-0.02620547083546665,0.005202320434307239,0
513,CN7_L_000513,2,0,S0,-0.021079952468018526,0.005202320434307239,0
514,CN7_L_000514,0,0,S0,-0.00913126913624751,0.005202320434307239,0
515,CN7_L_000515,0,0,S0,-0.01090721073088563,0.005202320434307239,0
516,CN7_L_000516,3,0,S0,-0.016068019357245333,0.005202320434307239,0
517,CN7_L_000517,0,0,S0,-0.011711191316451597,0.005202320434307239,0
519,CN7_L_000519,3,0,S0,-0.023866858917651612,0.005202320434307239,0
520,CN7_L_000520,3,0,S0,-0.024400791093418306,0.005202320434307239,0
521,CN7_L_000521,0,0,S0,-0.01101070587724351,0.005202320434307239,0
523,CN7_L_000523,0,0,S0,-0.009928012044525758,0.005202320434307239,0
525,CN7_L_000525,1,0,S0,-0.02666238790342046,0.005202320434307239,0
526,CN7_L_000526,0,0,S0,-0.01266103874497393,0.005202320434307239,0
527,CN7_L_000527,2,0,S0,-0.039069463386674386,0.005202320434307239,0
528,CN7_L_000528,3,0,S0,-0.02048679484437521,0.005202320434307239,0
529,CN7_L_000529,0,0,S0,-0.01704485823077384,0.005202320434307239,0
530,CN7_L_000530,2,0,S0,-0.033096109923159034,0.005202320434307239,0
532,CN7_L_000532,3,0,S0,-0.020979993166617916,0.005202320434307239,0
533,CN7_L_000533,0,0,S0,-0.01091586601132466,0.005202320434307239,0
534,CN7_L_000534,2,0,S0,-0.02643374728943737,0.005202320434307239,0
535,CN7_L_000535,2,0,S0,-0.028645232278467603,0.005202320434307239,0
536,CN7_L_000536,2,0,S0,-0.037557584085523565,0.005202320434307239,0
537,CN7_L_000537,0,0,S0,-0.018599214425276678,0.005202320434307239,0
538,CN7_L_000538,2,0,S0,-0.03752315450801191,0.005202320434307239,0
539,CN7_L_000539,0,0,S0,-0.015016526083606152,0.005202320434307239,0
541,CN7_L_000541,3,0,S0,-0.019114394231762866,0.005202320434307239,0
542,CN7_L_000542,2,0,S0,-0.028342554029489264,0.005202320434307239,0
543,CN7_L_000543,1,0,S0,-0.030497542608800998,0.005202320434307239,0
544,CN7_L_000544,2,0,S0,-0.021286419167968695,0.005202320434307239,0
545,CN7_L_000545,3,0,S0,-0.021809998980903522,0.005202320434307239,0
546,CN7_L_000546,1,0,S0,-0.041563296665478866,0.005202320434307239,0
547,CN7_L_000547,2,0,S0,-0.04796769604513962,0.005202320434307239,0
548,CN7_L_000548,3,0,S0,-0.019897182110813816,0.005202320434307239,0
549,CN7_L_000549,2,0,S0,-0.03694802542610809,0.005202320434307239,0
550,CN7_L_000550,2,0,S0,-0.029996515001811552,0.005202320434307239,0
551,CN7_L_000551,0,0,S0,-0.019812663860495405,0.005202320434307239,0
553,CN7_L_000553,3,0,S0,-0.021910647969280106,0.005202320434307239,0
555,CN7_L_000555,0,0,S0,-0.014042819046453658,0.005202320434307239,0
556,CN7_L_000556,1,0,S0,-0.03744904194831555,0.005202320434307239,0
557,CN7_L_000557,1,0,S0,-0.036824654067046936,0.005202320434307239,0
558,CN7_L_000558,3,0,S0,-0.019442408818896695,0.005202320434307239,0
559,CN7_L_000559,1,0,S0,-0.0457449514223498,0.005202320434307239,0
560,CN7_L_000560,1,0,S0,-0.033934183739440904,0.005202320434307239,0
561,CN7_L_000561,0,0,S0,-0.015218998654473737,0.005202320434307239,0
562,CN7_L_000562,0,0,S0,-0.01763423896894345,0.005202320434307239,0
563,CN7_L_000563,2,0,S0,-0.024876819638525838,0.005202320434307239,0
564,CN7_L_000564,1,0,S0,-0.024806884124618733,0.005202320434307239,0
566,CN7_L_000566,2,0,S0,-0.035500437121341655,0.005202320434307239,0
567,CN7_L_000567,0,0,S0,-0.009725172805388205,0.005202320434307239,0
568,CN7_L_000568,2,0,S0,-0.03977970593421354,0.005202320434307239,0
569,CN7_L_000569,1,0,S0,-0.03973627269215818,0.005202320434307239,0
570,CN7_L_000570,2,0,S0,-0.0325245647700374,0.005202320434307239,0
571,CN7_L_000571,3,0,S0,-0.02384260112473413,0.005202320434307239,0
572,CN7_L_000572,1,0,S0,-0.032073897351276415,0.005202320434307239,0
573,CN7_L_000573,3,0,S0,-0.014077078283854405,0.005202320434307239,0
575,CN7_L_000575,2,0,S0,-0.023814505945349396,0.005202320434307239,0
576,CN7_L_000576,3,0,S0,-0.019853705762859164,0.005202320434307239,0
578,CN7_L_000578,2,0,S0,-0.035430576196019636,0.005202320434307239,0
579,CN7_L_000579,2,0,S0,-0.0390262155255785,0.005202320434307239,0
580,CN7_L_000580,2,0,S0,-0.04135314163082704,0.005202320434307239,0
581,CN7_L_000581,1,0,S0,-0.021152136686588996,0.005202320434307239,0
582,CN7_L_000582,1,0,S0,-0.025633657963101797,0.005202320434307239,0
583,CN7_L_000583,1,0,S0,-0.02355930463390088,0.005202320434307239,0
584,CN7_L_000584,3,0,S0,-0.02136140396953401,0.005202320434307239,0
585,CN7_L_000585,0,0,S0,-0.017156788110333387,0.005202320434307239,0
586,CN7_L_000586,3,0,S0,-0.022614834564372188,0.005202320434307239,0
587,CN7_L_000587,0,0,S0,-0.015076290786221413,0.005202320434307239,0
590,CN7_L_000590,3,0,S0,-0.014779013355406434,0.005202320434307239,0
592,CN7_L_000592,2,0,S0,-0.020476228391351547,0.005202320434307239,0
593,CN7_L_000593,1,0,S0,-0.025198223439208967,0.005202320434307239,0
594,CN7_L_000594,1,0,S0,-0.024473925278849507,0.005202320434307239,0
595,CN7_L_000595,3,0,S0,-0.0146050730702445,0.005202320434307239,0
596,CN7_L_000596,0,0,S0,-0.014712505821893096,0.005202320434307239,0
597,CN7_L_000597,1,0,S0,-0.038097116905528416,0.005202320434307239,0
598,CN7_L_000598,0,0,S0,-0.015297484426638697,0.005202320434307239,0
599,CN7_L_000599,0,0,S0,-0.016376367902029898,0.005202320434307239,0
601,CN7_L_000601,2,0,S0,-0.03187462774058858,0.005202320434307239,0
602,CN7_L_000602,2,0,S0,-0.04455734572649117,0.005202320434307239,0
604,CN7_L_000604,3,0,S0,0.102947487532286,0.005202320434307239,1
605,CN7_L_000605,0,0,S0,1.1115803519493115,0.005202320434307239,1
0,CN7_L_000000,0,0,S1,-0.03540206255633649,0.02778368935296127,0
2,CN7_L_000002,0,0,S1,-0.03782376627195516,0.02778368935296127,0
3,CN7_L_000003,0,0,S1,-0.08938515001573766,0.02778368935296127,0
4,CN7_L_000004,3,0,S1,-0.05644752527009622,0.02778368935296127,0
5,CN7_L_000005,2,0,S1,-0.09000159527723017,0.02778368935296127,0
6,CN7_L_000006,2,0,S1,-0.09224868354295834,0.02778368935296127,0
7,CN7_L_000007,1,0,S1,-0.06778812861277883,0.02778368935296127,0
8,CN7_L_000008,0,0,S1,-0.03373581063010578,0.02778368935296127,0
9,CN7_L_000009,1,0,S1,-0.013109396500381898,0.02778368935296127,0
10,CN7_L_000010,0,0,S1,-0.061164901216786305,0.02778368935296127,0
11,CN7_L_000011,0,0,S1,-0.05625109971133169,0.02778368935296127,0
12,CN7_L_000012,1,0,S1,0.00732596431524879,0.02778368935296127,0
15,CN7_L_000015,2,0,S1,-0.08436991333800492,0.02778368935296127,0
16,CN7_L_000016,1,0,S1,-0.08515921893559186,0.02778368935296127,0
17,CN7_L_000017,3,0,S1,-0.06048592736965519,0.02778368935296127,0
18,CN7_L_000018,2,0,S1,-0.025092644613686765,0.02778368935296127,0
19,CN7_L_000019,1,0,S1,-0.06702608124689702,0.02778368935296127,0
22,CN7_L_000022,0,0,S1,0.0032461363994866765,0.02778368935296127,0
23,CN7_L_000023,3,0,S1,-0.03549437968069613,0.02778368935296127,0
24,CN7_L_000024,3,1,S1,-0.058342891651078865,0.02778368935296127,0
25,CN7_L_000025,0,0,S1,-0.04250883977687536,0.02778368935296127,0
26,CN7_L_000026,0,0,S1,-0.0168319633693228,0.02778368935296127,0
27,CN7_L_000027,3,0,S1,-0.0734416225094714,0.02778368935296127,0
29,CN7_L_000029,0,0,S1,-0.020023625113600563,0.02778368935296127,0
30,CN7_L_000030,1,0,S1,-0.04916174204371515,0.02778368935296127,0
31,CN7_L_000031,0,0,S1,-0.038181574792927275,0.02778368935296127,0
32,CN7_L_000032,2,0,S1,-0.01366335577107769,0.02778368935296127,0
34,CN7_L_000034,3,0,S1,-0.050713443791530644,0.02778368935296127,0
36,CN7_L_000036,0,0,S1,-0.04154229950484023,0.02778368935296127,0
37,CN7_L_000037,0,0,S1,-0.014669026949198916,0.02778368935296127,0
38,CN7_L_000038,3,0,S1,-0.07605038278912302,0.02778368935296127,0
39,CN7_L_000039,0,0,S1,-0.0406206479103246,0.02778368935296127,0
40,CN7_L_000040,1,1,S1,-0.036872823178809355,0.02778368935296127,0
41,CN7_L_000041,1,0,S1,-0.03224883359473241,0.02778368935296127,0
43,CN7_L_000043,0,0,S1,-0.06755711189715408,0.02778368935296127,0
44,CN7_L_000044,3,0,S1,-0.05219482625551208,0.02778368935296127,0
45,CN7_L_000045,0,0,S1,-0.056776919291161576,0.02778368935296127,0
46,CN7_L_000046,0,0,S1,-0.04459247882498696,0.02778368935296127,0
47,CN7_L_000047,2,0,S1,-0.09226555722715091,0.02778368935296127,0
48,CN7_L_000048,0,1,S1,0.04326636964485564,0.02778368935296127,1
49,CN7_L_000049,3,0,S1,-0.04819788048092377,0.02778368935296127,0
52,CN7_L_000052,2,1,S1,-0.06108095859911966,0.02778368935296127,0
53,CN7_L_000053,1,1,S1,-0.04368935649041017,0.02778368935296127,0
54,CN7_L_000054,3,1,S1,-0.014467974386127569,0.02778368935296127,0
55,CN7_L_000055,0,1,S1,-0.07767197508329726,0.02778368935296127,0
56,CN7_L_000056,2,1,S1,-0.0653964304862229,0.02778368935296127,0
58,CN7_L_000058,1,1,S1,0.37948322690073044,0.02778368935296127,1
59,CN7_L_000059,3,1,S1,0.731391016698832,0.02778368935296127,1
60,CN7_L_000060,2,1,S1,0.4351291243953854,0.02778368935296127,1
62,CN7_L_000062,1,0,S1,-0.07727835395238847,0.02778368935296127,0
63,CN7_L_000063,3,0,S1,-0.05681563435831416,0.02778368935296127,0
64,CN7_L_000064,3,0,S1,-0.08823064206725562,0.02778368935296127,0
65,CN7_L_000065,2,0,S1,-0.07038203167586499,0.02778368935296127,0
67,CN7_L_000067,3,0,S1,-0.03004431962662668,0.02778368935296127,0
68,CN7_L_000068,3,0,S1,-0.0215046260681504,0.02778368935296127,0
69,CN7_L_000069,2,0,S1,-0.03481720561807977,0.02778368935296127,0
70,CN7_L_000070,1,0,S1,-0.04943379072087817,0.02778368935296127,0
71,CN7_L_000071,2,0,S1,-0.05635936370779904,0.02778368935296127,0
73,CN7_L_000073,0,0,S1,-0.08500889644780552,0.02778368935296127,0
74,CN7_L_000074,0,0,S1,-0.032038818282535075,0.02778368935296127,0
77,CN7_L_000077,2,0,S1,-0.03322845546371189,0.02778368935296127,0
79,CN7_L_000079,3,0,S1,-0.032099024838178725,0.02778368935296127,0
80,CN7_L_000080,2,0,S1,-0.036629782398267086,0.02778368935296127,0
81,CN7_L_000081,2,0,S1,-0.09048598454438572,0.02778368935296127,0
82,CN7_L_000082,3,0,S1,-0.023162920249203633,0.02778368935296127,0
83,CN7_L_000083,2,0,S1,-0.07203258622264919,0.02778368935296127,0
84,CN7_L_000084,3,0,S1,-0.06919661145687428,0.02778368935296127,0
86,CN7_L_000086,0,0,S1,-0.018807483237306855,0.02778368935296127,0
87,CN7_L_000087,3,0,S1,-0.072773169217073,0.02778368935296127,0
88,CN7_L_000088,0,0,S1,-0.05616962856743779,0.02778368935296127,0
89,CN7_L_000089,3,0,S1,-0.036822084153347756,0.02778368935296127,0
90,CN7_L_000090,1,0,S1,-0.05002232420933428,0.02778368935296127,0
91,CN7_L_000091,2,0,S1,-0.11565770794010533,0.02778368935296127,0
92,CN7_L_000092,3,0,S1,-0.06311983939604948,0.02778368935296127,0
93,CN7_L_000093,1,0,S1,-0.038784128476896385,0.02778368935296127,0
95,CN7_L_000095,0,0,S1,0.02778368935296127,0.02778368935296127,0
96,CN7_L_000096,3,0,S1,-0.0653796801504658,0.02778368935296127,0
97,CN7_L_000097,3,0,S1,-0.039176732716961205,0.02778368935296127,0
98,CN7_L_000098,3,0,S1,-0.021920714018216714,0.02778368935296127,0
99,CN7_L_000099,2,0,S1,-0.07534705186604729,0.02778368935296127,0
100,CN7_L_000100,3,0,S1,-0.03825779037370847,0.02778368935296127,0
102,CN7_L_000102,3,0,S1,-0.06594079664462171,0.02778368935296127,0
103,CN7_L_000103,0,0,S1,0.02113129015790305,0.02778368935296127,0
104,CN7_L_000104,2,0,S1,-0.04315424470874518,0.02778368935296127,0
106,CN7_L_000106,3,0,S1,-0.05305550593633024,0.02778368935296127,0
107,CN7_L_000107,0,0,S1,-0.0057515789870214995,0.02778368935296127,0
108,CN7_L_000108,2,0,S1,-0.06097638434508168,0.02778368935296127,0
109,CN7_L_000109,2,0,S1,-0.04054910200195794,0.02778368935296127,0
110,CN7_L_000110,0,0,S1,0.0217597592070482,0.02778368935296127,0
111,CN7_L_000111,1,0,S1,-0.08697642933895677,0.02778368935296127,0
115,CN7_L_000115,0,0,S1,-0.05563741709419512,0.02778368935296127,0
117,CN7_L_000117,3,0,S1,-0.006920839310048166,0.02778368935296127,0
118,CN7_L_000118,3,0,S1,-0.03980446635094337,0.02778368935296127,0
121,CN7_L_000121,3,0,S1,-0.07360278005469878,0.02778368935296127,0
122,CN7_L_000122,3,0,S1,-0.058217478226724406,0.02778368935296127,0
123,CN7_L_000123,0,0,S1,-0.045137264493781526,0.02778368935296127,0
124,CN7_L_000124,2,0,S1,-0.08206362443707826,0.02778368935296127,0
125,CN7_L_000125,3,0,S1,-0.05794620285054508,0.02778368935296127,0
126,CN7_L_000126,2,0,S1,-0.045071267135389004,0.02778368935296127,0
127,CN7_L_000127,0,0,S1,-0.03865369431045451,0.02778368935296127,0
128,CN7_L_000128,1,0,S1,-0.07367959628514154,0.02778368935296127,0
129,CN7_L_000129,2,0,S1,-0.07601325854651275,0.02778368935296127,0
130,CN7_L_000130,1,0,S1,-0.05265461038832253,0.02778368935296127,0
131,CN7_L_000131,3,0,S1,-0.09263417041519739,0.02778368935296127,0
132,CN7_L_000132,1,0,S1,-0.08913542249040818,0.02778368935296127,0
133,CN7_L_000133,1,0,S1,-0.0256883045252434,0.02778368935296127,0
134,CN7_L_000134,2,0,S1,-0.04026136436450267,0.02778368935296127,0
136,CN7_L_000136,0,0,S1,-0.030599759279743566,0.02778368935296127,0
137,CN7_L_000137,3,0,S1,-0.05358366212248811,0.02778368935296127,0
138,CN7_L_000138,0,0,S1,-0.024569972950332808,0.02778368935296127,0
139,CN7_L_000139,2,0,S1,-0.06971374509804917,0.02778368935296127,0
140,CN7_L_000140,1,0,S1,-0.06494306216043011,0.02778368935296127,0
141,CN7_L_000141,3,0,S1,-0.04073552257126645,0.02778368935296127,0
143,CN7_L_000143,1,0,S1,-0.0674268417619226,0.02778368935296127,0
145,CN7_L_000145,0,0,S1,-0.0650884506396654,0.02778368935296127,0
146,CN7_L_000146,3,0,S1,-0.0572109919902668,0.02778368935296127,0
147,CN7_L_000147,1,0,S1,-0.00045924509120354173,0.02778368935296127,0
150,CN7_L_000150,3,0,S1,-0.04556141827932514,0.02778368935296127,0
151,CN7_L_000151,0,0,S1,-0.046077848535009736,0.02778368935296127,0
153,CN7_L_000153,0,0,S1,-0.05070187297044226,0.02778368935296127,0
154,CN7_L_000154,0,0,S1,0.02429382660162993,0.02778368935296127,0
155,CN7_L_000155,1,0,S1,-0.008015455658310078,0.02778368935296127,0
156,CN7_L_000156,0,0,S1,0.012061963798287945,0.02778368935296127,0
157,CN7_L_000157,0,0,S1,-0.07649705207460977,0.02778368935296127,0
158,CN7_L_000158,0,0,S1,-0.028387510148164097,0.02778368935296127,0
159,CN7_L_000159,2,0,S1,-0.05465015326279543,0.02778368935296127,0
160,CN7_L_000160,1,0,S1,-0.04541361975915814,0.02778368935296127,0
161,CN7_L_000161,1,0,S1,-0.1107019105552225,0.02778368935296127,0
162,CN7_L_000162,2,0,S1,-0.0904021543884519,0.02778368935296127,0
163,CN7_L_000163,2,0,S1,-0.018932291889604436,0.02778368935296127,0
164,CN7_L_000164,0,0,S1,-0.06174732096669633,0.02778368935296127,0
165,CN7_L_000165,2,0,S1,-0.0771582008011058,0.02778368935296127,0
166,CN7_L_000166,1,0,S1,-0.0668946993891466,0.02778368935296127,0
167,CN7_L_000167,2,0,S1,-0.030840094438190135,0.02778368935296127,0
168,CN7_L_000168,3,0,S1,-0.03474382388334796,0.02778368935296127,0
169,CN7_L_000169,2,0,S1,-0.07369191585741275,0.02778368935296127,0
171,CN7_L_000171,3,0,S1,-0.08301058862777522,0.02778368935296127,0
172,CN7_L_000172,0,0,S1,-0.0610441453484154,0.02778368935296127,0
173,CN7_L_000173,3,0,S1,-0.060893806705415,0.02778368935296127,0
177,CN7_L_000177,1,0,S1,-0.06135202989338673,0.02778368935296127,0
178,CN7_L_000178,0,0,S1,-0.07489022070727058,0.02778368935296127,0
179,CN7_L_000179,0,0,S1,-0.08622808364127588,0.02778368935296127,0
181,CN7_L_000181,0,0,S1,-0.05030907147938368,0.02778368935296127,0
182,CN7_L_000182,0,0,S1,-0.05948369828950506,0.02778368935296127,0
183,CN7_L_000183,3,0,S1,-0.08194663848338246,0.02778368935296127,0
184,CN7_L_000184,2,0,S1,-0.07787643954533685,0.02778368935296127,0
186,CN7_L_000186,0,0,S1,-0.08329723491920449,0.02778368935296127,0
187,CN7_L_000187,1,0,S1,-0.09705420587316338,0.02778368935296127,0
188,CN7_L_000188,0,0,S1,-0.05489793249242725,0.02778368935296127,0
189,CN7_L_000189,0,0,S1,-0.01749248360686817,0.02778368935296127,0
190,CN7_L_000190,2,0,S1,-0.07130032850973,0.02778368935296127,0
191,CN7_L_000191,2,0,S1,-0.0606154666399239,0.02778368935296127,0
192,CN7_L_000192,0,0,S1,-0.022236024789565434,0.02778368935296127,0
193,CN7_L_000193,2,0,S1,-0.03569019343216029,0.02778368935296127,0
194,CN7_L_000194,1,0,S1,0.008339317590644324,0.02778368935296127,0
195,CN7_L_000195,0,0,S1,-0.014425581777025798,0.02778368935296127,0
196,CN7_L_000196,0,0,S1,-0.016829034422359168,0.02778368935296127,0
197,CN7_L_000197,3,0,S1,-0.035815601249960416,0.02778368935296127,0
198,CN7_L_000198,0,0,S1,-0.0328193943678774,0.02778368935296127,0
199,CN7_L_000199,2,0,S1,-0.014653703241475746,0.02778368935296127,0
200,CN7_L_000200,3,0,S1,-0.00820750545982385,0.02778368935296127,0
202,CN7_L_000202,0,0,S1,-0.04848552820688301,0.02778368935296127,0
204,CN7_L_000204,0,0,S1,-0.06564898783270223,0.02778368935296127,0
206,CN7_L_000206,1,0,S1,-0.03498393798801436,0.02778368935296127,0
207,CN7_L_000207,1,0,S1,0.0002542894818708952,0.02778368935296127,0
208,CN7_L_000208,2,0,S1,0.0015434804113980682,0.02778368935296127,0
209,CN7_L_000209,3,0,S1,-0.022132372070284845,0.02778368935296127,0
210,CN7_L_000210,3,0,S1,-0.03334682931695587,0.02778368935296127,0
211,CN7_L_000211,3,0,S1,0.011515290255570854,0.02778368935296127,0
212,CN7_L_000212,3,0,S1,-0.057606114123617935,0.02778368935296127,0
213,CN7_L_000213,3,0,S1,-0.05344997359880388,0.02778368935296127,0
216,CN7_L_000216,3,0,S1,-0.027108230386626797,0.02778368935296127,0
217,CN7_L_000217,1,0,S1,-0.0575125343616949,0.02778368935296127,0
218,CN7_L_000218,2,0,S1,-0.06843548578349035,0.02778368935296127,0
220,CN7_L_000220,2,0,S1,-0.056789301488931354,0.02778368935296127,0
221,CN7_L_000221,2,0,S1,-0.047007662244819226,0.02778368935296127,0
222,CN7_L_000222,3,0,S1,-0.06495654288259933,0.02778368935296127,0
223,CN7_L_000223,1,0,S1,0.013790615737255152,0.02778368935296127,0
224,CN7_L_000224,3,0,S1,-0.021134627542415796,0.02778368935296127,0
225,CN7_L_000225,0,0,S1,-0.037724820079990895,0.02778368935296127,0
226,CN7_L_000226,3,0,S1,-0.03054608596238495,0.02778368935296127,0
231,CN7_L_000231,1,0,S1,-0.026368445459229672,0.02778368935296127,0
232,CN7_L_000232,1,0,S1,-0.03913139843654356,0.02778368935296127,0
233,CN7_L_000233,1,0,S1,-0.009174131542582842,0.02778368935296127,0
234,CN7_L_000234,3,0,S1,-0.023672345339750933,0.02778368935296127,0
235,CN7_L_000235,3,0,S1,-0.02974298746731341,0.02778368935296127,0
236,CN7_L_000236,0,0,S1,-0.05772959828973878,0.02778368935296127,0
237,CN7_L_000237,3,0,S1,-0.03334892455067218,0.02778368935296127,0
238,CN7_L_000238,1,0,S1,-0.06729064667740303,0.02778368935296127,0
239,CN7_L_000239,1,0,S1,-0.05006785352157861,0.02778368935296127,0
241,CN7_L_000241,1,0,S1,-0.04858254048272226,0.02778368935296127,0
242,CN7_L_000242,0,0,S1,0.002630071089262387,0.02778368935296127,0
243,CN7_L_000243,2,0,S1,-0.05495617987443646,0.02778368935296127,0
245,CN7_L_000245,1,0,S1,-0.06085143307945495,0.02778368935296127,0
246,CN7_L_000246,1,0,S1,-0.07645653760502347,0.02778368935296127,0
247,CN7_L_000247,1,0,S1,-0.0692966962661492,0.02778368935296127,0
248,CN7_L_000248,2,0,S1,-0.08217889508149989,0.02778368935296127,0
249,CN7_L_000249,3,0,S1,-0.05799680588761724,0.02778368935296127,0
250,CN7_L_000250,1,0,S1,-0.09091185673381652,0.02778368935296127,0
251,CN7_L_000251,2,0,S1,-0.051679037123258276,0.02778368935296127,0
252,CN7_L_000252,1,0,S1,-0.0427132907118537,0.02778368935296127,0
253,CN7_L_000253,3,0,S1,-0.054216368997086484,0.02778368935296127,0
254,CN7_L_000254,3,0,S1,-0.0335270018180287,0.02778368935296127,0
256,CN7_L_000256,3,0,S1,-0.041118906312564096,0.02778368935296127,0
258,CN7_L_000258,2,0,S1,-0.12286827060399075,0.02778368935296127,0
259,CN7_L_000259,0,0,S1,-0.07711435485863039,0.02778368935296127,0
260,CN7_L_000260,1,0,S1,-0.10941366273807418,0.02778368935296127,0
261,CN7_L_000261,3,0,S1,-0.038884237716203085,0.02778368935296127,0
262,CN7_L_000262,3,0,S1,-0.060584758858061694,0.02778368935296127,0
263,CN7_L_000263,2,0,S1,-0.06734077483958067,0.02778368935296127,0
264,CN7_L_000264,3,0,S1,-0.045734017011846984,0.02778368935296127,0
267,CN7_L_000267,0,0,S1,-0.05510803901962724,0.02778368935296127,0
268,CN7_L_000268,0,0,S1,-0.07487003196687203,0.02778368935296127,0
269,CN7_L_000269,1,0,S1,-0.06802124640300011,0.02778368935296127,0
270,CN7_L_000270,2,0,S1,-0.09802328322028231,0.02778368935296127,0
271,CN7_L_000271,0,0,S1,-0.08229365547570522,0.02778368935296127,0
272,CN7_L_000272,2,0,S1,-0.06939455827395147,0.02778368935296127,0
273,CN7_L_000273,3,0,S1,-0.03771705838240402,0.02778368935296127,0
275,CN7_L_000275,1,0,S1,-0.1116873723042735,0.02778368935296127,0
276,CN7_L_000276,1,0,S1,-0.08782376034351325,0.02778368935296127,0
277,CN7_L_000277,1,0,S1,-0.0865180987593388,0.02778368935296127,0
278,CN7_L_000278,1,0,S1,-0.0834788072949868,0.02778368935296127,0
279,CN7_L_000279,0,0,S1,-0.05670988410810862,0.02778368935296127,0
280,CN7_L_000280,3,0,S1,-0.05575031015504406,0.02778368935296127,0
282,CN7_L_000282,0,0,S1,-0.04472018586938242,0.02778368935296127,0
285,CN7_L_000285,0,0,S1,-0.06551736049881773,0.02778368935296127,0
286,CN7_L_000286,0,0,S1,-0.08676374530230513,0.02778368935296127,0
288,CN7_L_000288,2,0,S1,-0.09287991384448135,0.02778368935296127,0
289,CN7_L_000289,1,0,S1,-0.10683432024182515,0.02778368935296127,0
291,CN7_L_000291,3,0,S1,-0.05033076076090914,0.02778368935296127,0
292,CN7_L_000292,3,0,S1,-0.022910558863987518,0.02778368935296127,0
293,CN7_L_000293,1,0,S1,-0.07462196757006989,0.02778368935296127,0
294,CN7_L_000294,2,0,S1,-0.1303486155299045,0.02778368935296127,0
295,CN7_L_000295,1,0,S1,-0.11536850913618091,0.02778368935296127,0
296,CN7_L_000296,3,0,S1,-0.06893049568369625,0.02778368935296127,0
297,CN7_L_000297,1,0,S1,-0.11889353503669486,0.02778368935296127,0
298,CN7_L_000298,0,0,S1,-0.08725153498185767,0.02778368935296127,0
299,CN7_L_000299,1,0,S1,-0.053796540668279214,0.02778368935296127,0
300,CN7_L_000300,1,0,S1,-0.07517910715779008,0.02778368935296127,0
301,CN7_L_000301,1,0,S1,-0.054374400864276584,0.02778368935296127,0
303,CN7_L_000303,1,0,S1,-0.10417759581813035,0.02778368935296127,0
304,CN7_L_000304,0,0,S1,-0.08076762407234384,0.02778368935296127,0
305,CN7_L_000305,0,0,S1,-0.07426975052186346,0.02778368935296127,0
307,CN7_L_000307,3,0,S1,-0.05733153426001181,0.02778368935296127,0
308,CN7_L_000308,0,0,S1,-0.089193624008018,0.02778368935296127,0
310,CN7_L_000310,3,0,S1,-0.0530251980655283,0.02778368935296127,0
311,CN7_L_000311,1,0,S1,-0.0725833166369072,0.02778368935296127,0
312,CN7_L_000312,2,0,S1,-0.0862514754526944,0.02778368935296127,0
313,CN7_L_000313,0,0,S1,-0.04940476804100724,0.02778368935296127,0
314,CN7_L_000314,1,0,S1,-0.12509001956414112,0.02778368935296127,0
315,CN7_L_000315,2,0,S1,-0.12754940135905368,0.02778368935296127,0
316,CN7_L_000316,3,0,S1,-0.070235372714611,0.02778368935296127,0
317,CN7_L_000317,3,0,S1,-0.05509726436427087,0.02778368935296127,0
318,CN7_L_000318,2,0,S1,-0.07716030607565161,0.02778368935296127,0
319,CN7_L_000319,0,0,S1,-0.0955257586157674,0.02778368935296127,0
320,CN7_L_000320,2,0,S1,-0.10784704255019273,0.02778368935296127,0
321,CN7_L_000321,0,0,S1,-0.06579061707945622,0.02778368935296127,0
323,CN7_L_000323,0,0,S1,-0.08641218612418333,0.02778368935296127,0
324,CN7_L_000324,0,0,S1,-0.0465742199695911,0.02778368935296127,0
325,CN7_L_000325,1,0,S1,-0.08102623037211698,0.02778368935296127,0
326,CN7_L_000326,1,0,S1,-0.11109607771433128,0.02778368935296127,0
328,CN7_L_000328,1,0,S1,-0.07808612178589369,0.02778368935296127,0
330,CN7_L_000330,1,0,S1,-0.10049844849948153,0.02778368935296127,0
331,CN7_L_000331,1,0,S1,-0.08415486525542892,0.02778368935296127,0
332,CN7_L_000332,0,0,S1,-0.058091410210255656,0.02778368935296127,0
333,CN7_L_000333,2,0,S1,-0.0924797383710092,0.02778368935296127,0
334,CN7_L_000334,3,0,S1,-0.0838585221781134,0.02778368935296127,0
335,CN7_L_000335,3,0,S1,-0.036794173416419884,0.02778368935296127,0
336,CN7_L_000336,2,0,S1,-0.07416619433154592,0.02778368935296127,0
337,CN7_L_000337,2,0,S1,-0.1143389149844114,0.02778368935296127,0
338,CN7_L_000338,2,0,S1,-0.08697688886718113,0.02778368935296127,0
339,CN7_L_000339,3,0,S1,-0.07975867907829937,0.02778368935296127,0
340,CN7_L_000340,2,0,S1,-0.08093250000311647,0.02778368935296127,0
342,CN7_L_000342,1,0,S1,-0.07572254318602933,0.02778368935296127,0
343,CN7_L_000343,2,0,S1,-0.11389436419112364,0.02778368935296127,0
345,CN7_L_000345,1,0,S1,-0.12041580407111852,0.02778368935296127,0
346,CN7_L_000346,3,0,S1,-0.06733414884329347,0.02778368935296127,0
347,CN7_L_000347,1,0,S1,-0.09328898392161955,0.02778368935296127,0
348,CN7_L_000348,1,0,S1,-0.0651320660072785,0.02778368935296127,0
349,CN7_L_000349,3,0,S1,-0.07285256187086375,0.02778368935296127,0
350,CN7_L_000350,2,0,S1,-0.09076158331336392,0.02778368935296127,0
352,CN7_L_000352,2,0,S1,-0.10428547533493004,0.02778368935296127,0
354,CN7_L_000354,3,0,S1,-0.06811290021954974,0.02778368935296127,0
355,CN7_L_000355,2,0,S1,-0.1429790142568912,0.02778368935296127,0
356,CN7_L_000356,2,0,S1,-0.05732259773600923,0.02778368935296127,0
358,CN7_L_000358,2,0,S1,-0.08288721542498312,0.02778368935296127,0
360,CN7_L_000360,2,0,S1,-0.061533860986048516,0.02778368935296127,0
361,CN7_L_000361,2,0,S1,-0.0560828645847522,0.02778368935296127,0
362,CN7_L_000362,0,0,S1,-0.02729317410372145,0.02778368935296127,0
363,CN7_L_000363,1,0,S1,-0.11660176414430756,0.02778368935296127,0
364,CN7_L_000364,2,0,S1,-0.09392383799308934,0.02778368935296127,0
365,CN7_L_000365,2,0,S1,-0.1392748708762559,0.02778368935296127,0
366,CN7_L_000366,2,0,S1,-0.13775160349942706,0.02778368935296127,0
367,CN7_L_000367,3,0,S1,-0.054416588295891355,0.02778368935296127,0
368,CN7_L_000368,2,0,S1,-0.07698205062710306,0.02778368935296127,0
369,CN7_L_000369,1,0,S1,-0.09559827847509794,0.02778368935296127,0
370,CN7_L_000370,2,0,S1,-0.08261751722267974,0.02778368935296127,0
371,CN7_L_000371,1,0,S1,-0.06556563434714224,0.02778368935296127,0
372,CN7_L_000372,1,0,S1,-0.08249583733077248,0.02778368935296127,0
374,CN7_L_000374,1,0,S1,-0.1232225120764654,0.02778368935296127,0
375,CN7_L_000375,2,0,S1,-0.16340387635964992,0.02778368935296127,0
376,CN7_L_000376,1,0,S1,-0.122766695153949,0.02778368935296127,0
377,CN7_L_000377,0,0,S1,-0.07931924294983661,0.02778368935296127,0
378,CN7_L_000378,1,0,S1,-0.094878962522428,0.02778368935296127,0
379,CN7_L_000379,3,0,S1,-0.08058558973593533,0.02778368935296127,0
381,CN7_L_000381,1,0,S1,-0.049009681937946414,0.02778368935296127,0
382,CN7_L_000382,3,0,S1,-0.06655175642951372,0.02778368935296127,0
383,CN7_L_000383,3,0,S1,-0.04381823105421612,0.02778368935296127,0
384,CN7_L_000384,1,0,S1,-0.13801947853179142,0.02778368935296127,0
385,CN7_L_000385,2,0,S1,-0.10618905324842087,0.02778368935296127,0
387,CN7_L_000387,3,0,S1,-0.058235985774437005,0.02778368935296127,0
388,CN7_L_000388,0,0,S1,-0.07898994929899894,0.02778368935296127,0
389,CN7_L_000389,2,0,S1,-0.05318192272515443,0.02778368935296127,0
390,CN7_L_000390,3,0,S1,-0.05323270564848048,0.02778368935296127,0
391,CN7_L_000391,1,0,S1,-0.08972683530021897,0.02778368935296127,0
394,CN7_L_000394,3,0,S1,-0.0665770620014019,0.02778368935296127,0
395,CN7_L_000395,0,0,S1,-0.08228511679567285,0.02778368935296127,0
396,CN7_L_000396,3,0,S1,-0.06854732792216867,0.02778368935296127,0
397,CN7_L_000397,0,0,S1,-0.09036776206259844,0.02778368935296127,0
398,CN7_L_000398,2,0,S1,-0.08269901450815587,0.02778368935296127,0
400,CN7_L_000400,0,0,S1,-0.0910281453772388,0.02778368935296127,0
402,CN7_L_000402,2,0,S1,-0.12003512383835835,0.02778368935296127,0
404,CN7_L_000404,1,0,S1,-0.09397734685028913,0.02778368935296127,0
406,CN7_L_000406,1,0,S1,-0.10032436512724452,0.02778368935296127,0
407,CN7_L_000407,0,0,S1,-0.04904440279376221,0.02778368935296127,0
408,CN7_L_000408,0,0,S1,-0.003660395256570137,0.02778368935296127,0
409,CN7_L_000409,0,0,S1,-0.029645487083363786,0.02778368935296127,0
410,CN7_L_000410,1,0,S1,-0.11232501732520861,0.02778368935296127,0
411,CN7_L_000411,1,0,S1,-0.11694250907923687,0.02778368935296127,0
412,CN7_L_000412,3,0,S1,-0.07046162968117642,0.02778368935296127,0
413,CN7_L_000413,2,0,S1,-0.11945813054483878,0.02778368935296127,0
414,CN7_L_000414,1,0,S1,-0.09143402186193095,0.02778368935296127,0
416,CN7_L_000416,0,0,S1,-0.10766745709242898,0.02778368935296127,0
417,CN7_L_000417,0,0,S1,-0.0694457543456437,0.02778368935296127,0
418,CN7_L_000418,2,0,S1,-0.07171462053346733,0.02778368935296127,0
419,CN7_L_000419,2,0,S1,-0.09428452487485073,0.02778368935296127,0
421,CN7_L_000421,3,0,S1,-0.07258923253310501,0.02778368935296127,0
422,CN7_L_000422,1,0,S1,-0.1542603306065531,0.02778368935296127,0
423,CN7_L_000423,0,0,S1,-0.07505392579647419,0.02778368935296127,0
424,CN7_L_000424,3,0,S1,-0.07307285388906015,0.02778368935296127,0
425,CN7_L_000425,1,0,S1,-0.09409123772846728,0.02778368935296127,0
426,CN7_L_000426,2,0,S1,-0.12634232979409799,0.02778368935296127,0
428,CN7_L_000428,2,0,S1,-0.09507794184522123,0.02778368935296127,0
429,CN7_L_000429,3,0,S1,-0.031017840687944442,0.02778368935296127,0
430,CN7_L_000430,0,0,S1,-0.08832728381616972,0.02778368935296127,0
433,CN7_L_000433,2,0,S1,-0.0963730957855713,0.02778368935296127,0
434,CN7_L_000434,3,0,S1,-0.07403109070169611,0.02778368935296127,0
435,CN7_L_000435,0,0,S1,-0.09914600059813683,0.02778368935296127,0
436,CN7_L_000436,1,0,S1,-0.09741880263961766,0.02778368935296127,0
437,CN7_L_000437,3,0,S1,-0.0753293523443963,0.02778368935296127,0
438,CN7_L_000438,1,0,S1,-0.062059422879225945,0.02778368935296127,0
439,CN7_L_000439,1,0,S1,-0.07382043999224841,0.02778368935296127,0
440,CN7_L_000440,0,0,S1,-0.08314453119829901,0.02778368935296127,0
442,CN7_L_000442,2,0,S1,-0.14451442232858414,0.02778368935296127,0
443,CN7_L_000443,1,0,S1,-0.09286308254713749,0.02778368935296127,0
445,CN7_L_000445,0,0,S1,-0.09787935588501329,0.02778368935296127,0
446,CN7_L_000446,0,0,S1,-0.08090417130973293,0.02778368935296127,0
447,CN7_L_000447,0,0,S1,-0.058678445482748476,0.02778368935296127,0
448,CN7_L_000448,2,0,S1,-0.07772927787289685,0.02778368935296127,0
450,CN7_L_000450,2,0,S1,-0.1122611911418363,0.02778368935296127,0
451,CN7_L_000451,1,0,S1,-0.12768461854709656,0.02778368935296127,0
452,CN7_L_000452,3,0,S1,-0.07107043853473893,0.02778368935296127,0
453,CN7_L_000453,0,0,S1,-0.0929546658200624,0.02778368935296127,0
454,CN7_L_000454,3,0,S1,-0.05071790487731631,0.02778368935296127,0
455,CN7_L_000455,1,0,S1,-0.05365178814843752,0.02778368935296127,0
456,CN7_L_000456,2,0,S1,-0.0635502432103201,0.02778368935296127,0
457,CN7_L_000457,2,0,S1,-0.06466347113779225,0.02778368935296127,0
458,CN7_L_000458,1,0,S1,-0.034723415955891124,0.02778368935296127,0
459,CN7_L_000459,3,0,S1,-0.040976260155136224,0.02778368935296127,0
460,CN7_L_000460,1,0,S1,-0.07724107242483802,0.02778368935296127,0
461,CN7_L_000461,0,0,S1,-0.026666566337329556,0.02778368935296127,0
463,CN7_L_000463,1,0,S1,-0.12879744308121044,0.02778368935296127,0
464,CN7_L_000464,1,0,S1,-0.11843424499561905,0.02778368935296127,0
465,CN7_L_000465,3,0,S1,-0.06912666283279467,0.02778368935296127,0
466,CN7_L_000466,0,0,S1,-0.08335731405137681,0.02778368935296127,0
467,CN7_L_000467,2,0,S1,-0.07010493473733614,0.02778368935296127,0
470,CN7_L_000470,3,0,S1,-0.028425115320852345,0.02778368935296127,0
471,CN7_L_000471,0,0,S1,-0.057130256540989244,0.02778368935296127,0
474,CN7_L_000474,2,0,S1,-0.10227290630986863,0.02778368935296127,0
476,CN7_L_000476,0,0,S1,-0.09565160198750577,0.02778368935296127,0
477,CN7_L_000477,1,0,S1,-0.08659560538343891,0.02778368935296127,0
478,CN7_L_000478,0,0,S1,-0.06894360530477739,0.02778368935296127,0
479,CN7_L_000479,3,0,S1,-0.05130153546022598,0.02778368935296127,0
481,CN7_L_000481,3,0,S1,-0.0815182407412629,0.02778368935296127,0
482,CN7_L_000482,1,0,S1,-0.09131965959227228,0.02778368935296127,0
483,CN7_L_000483,2,0,S1,-0.11917917104159548,0.02778368935296127,0
484,CN7_L_000484,3,0,S1,-0.04718508858336845,0.02778368935296127,0
486,CN7_L_000486,3,0,S1,-0.031112340709103403,0.02778368935296127,0
487,CN7_L_000487,2,0,S1,-0.1049223810675799,0.02778368935296127,0
491,CN7_L_000491,1,0,S1,-0.145289273384269,0.02778368935296127,0
492,CN7_L_000492,1,0,S1,-0.05383395620489617,0.02778368935296127,0
493,CN7_L_000493,1,0,S1,-0.0467094793983307,0.02778368935296127,0
494,CN7_L_000494,2,0,S1,-0.08270814506460944,0.02778368935296127,0
495,CN7_L_000495,3,0,S1,-0.06331168148503252,0.02778368935296127,0
496,CN7_L_000496,2,0,S1,-0.10966598499059543,0.02778368935296127,0
497,CN7_L_000497,3,0,S1,-0.038884849626770635,0.02778368935296127,0
499,CN7_L_000499,3,0,S1,-0.06582450011974394,0.02778368935296127,0
500,CN7_L_000500,2,0,S1,-0.12519184473498113,0.02778368935296127,0
501,CN7_L_000501,2,0,S1,-0.14139340455473182,0.02778368935296127,0
502,CN7_L_000502,2,0,S1,-0.08988020209589198,0.02778368935296127,0
504,CN7_L_000504,1,0,S1,-0.08068898224380039,0.02778368935296127,0
507,CN7_L_000507,1,0,S1,-0.07497827755822373,0.02778368935296127,0
508,CN7_L_000508,0,0,S1,-0.06944655181633941,0.02778368935296127,0
509,CN7_L_000509,1,0,S1,-0.14049944529861857,0.02778368935296127,0
510,CN7_L_000510,1,0,S1,-0.08422108239474158,0.02778368935296127,0
511,CN7_L_000511,2,0,S1,-0.07479994858906025,0.02778368935296127,0
513,CN7_L_000513,2,0,S1,-0.08100216483959732,0.02778368935296127,0
514,CN7_L_000514,0,0,S1,-0.035046652680306156,0.02778368935296127,0
515,CN7_L_000515,0,0,S1,-0.032123056217483015,0.02778368935296127,0
516,CN7_L_000516,3,0,S1,-0.053393999056854824,0.02778368935296127,0
517,CN7_L_000517,0,0,S1,-0.04043346818744409,0.02778368935296127,0
519,CN7_L_000519,3,0,S1,-0.058864635691938894,0.02778368935296127,0
520,CN7_L_000520,3,0,S1,-0.08521493398401958,0.02778368935296127,0
521,CN7_L_000521,0,0,S1,-0.05214088933948435,0.02778368935296127,0
523,CN7_L_000523,0,0,S1,-0.044183476344151984,0.02778368935296127,0
525,CN7_L_000525,1,0,S1,-0.06240481060462644,0.02778368935296127,0
526,CN7_L_000526,0,0,S1,-0.06309387600037963,0.02778368935296127,0
527,CN7_L_000527,2,0,S1,-0.11877590857502884,0.02778368935296127,0
528,CN7_L_000528,3,0,S1,-0.01712702478325756,0.02778368935296127,0
529,CN7_L_000529,0,0,S1,-0.09124929986924091,0.02778368935296127,0
530,CN7_L_000530,2,0,S1,-0.11149575111694521,0.02778368935296127,0
532,CN7_L_000532,3,0,S1,-0.08147886356975054,0.02778368935296127,0
533,CN7_L_000533,0,0,S1,-0.029335138110165193,0.02778368935296127,0
534,CN7_L_000534,2,0,S1,-0.07887282538064788,0.02778368935296127,0
535,CN7_L_000535,2,0,S1,-0.08912105881171195,0.02778368935296127,0
536,CN7_L_000536,2,0,S1,-0.12011362493349687,0.02778368935296127,0
537,CN7_L_000537,0,0,S1,-0.08598692475322967,0.02778368935296127,0
538,CN7_L_000538,2,0,S1,-0.13571736501870957,0.02778368935296127,0
539,CN7_L_000539,0,0,S1,-0.06900402850225973,0.02778368935296127,0
541,CN7_L_000541,3,0,S1,-0.06643969169719854,0.02778368935296127,0
542,CN7_L_000542,2,0,S1,-0.09377485084732395,0.02778368935296127,0
543,CN7_L_000543,1,0,S1,-0.09543652348998677,0.02778368935296127,0
544,CN7_L_000544,2,0,S1,-0.04332039400811416,0.02778368935296127,0
545,CN7_L_000545,3,0,S1,-0.05122420713181297,0.02778368935296127,0
546,CN7_L_000546,1,0,S1,-0.0903056184173403,0.02778368935296127,0
547,CN7_L_000547,2,0,S1,-0.1613432756648363,0.02778368935296127,0
548,CN7_L_000548,3,0,S1,0.009093141695849294,0.02778368935296127,0
549,CN7_L_000549,2,0,S1,-0.11863339639678117,0.02778368935296127,0
550,CN7_L_000550,2,0,S1,-0.11575041257508722,0.02778368935296127,0
551,CN7_L_000551,0,0,S1,-0.09835629500123177,0.02778368935296127,0
553,CN7_L_000553,3,0,S1,-0.05158241989449941,0.02778368935296127,0
555,CN7_L_000555,0,0,S1,-0.06342848152755076,0.02778368935296127,0
556,CN7_L_000556,1,0,S1,-0.10666489406523727,0.02778368935296127,0
557,CN7_L_000557,1,0,S1,-0.128036152266775,0.02778368935296127,0
558,CN7_L_000558,3,0,S1,-0.040800617744592316,0.02778368935296127,0
559,CN7_L_000559,1,0,S1,-0.1444526298433484,0.02778368935296127,0
560,CN7_L_000560,1,0,S1,-0.1148063285253671,0.02778368935296127,0
561,CN7_L_000561,0,0,S1,-0.07213970249731672,0.02778368935296127,0
562,CN7_L_000562,0,0,S1,-0.08035952184763584,0.02778368935296127,0
563,CN7_L_000563,2,0,S1,-0.08728705093747768,0.02778368935296127,0
564,CN7_L_000564,1,0,S1,-0.0948233415794073,0.02778368935296127,0
566,CN7_L_000566,2,0,S1,-0.10211512747833273,0.02778368935296127,0
567,CN7_L_000567,0,0,S1,-0.029255388123673676,0.02778368935296127,0
568,CN7_L_000568,2,0,S1,-0.12156546455601802,0.02778368935296127,0
569,CN7_L_000569,1,0,S1,-0.13196396798786036,0.02778368935296127,0
570,CN7_L_000570,2,0,S1,-0.11374855074019097,0.02778368935296127,0
571,CN7_L_000571,3,0,S1,-0.0661355361456546,0.02778368935296127,0
572,CN7_L_000572,1,0,S1,-0.1027768254923811,0.02778368935296127,0
573,CN7_L_000573,3,0,S1,-0.07795690578874126,0.02778368935296127,0
575,CN7_L_000575,2,0,S1,-0.056068576667113845,0.02778368935296127,0
576,CN7_L_000576,3,0,S1,-0.06973502581264901,0.02778368935296127,0
578,CN7_L_000578,2,0,S1,-0.11236661490277156,0.02778368935296127,0
579,CN7_L_000579,2,0,S1,-0.12395959988925931,0.02778368935296127,0
580,CN7_L_000580,2,0,S1,-0.13589583867031507,0.02778368935296127,0
581,CN7_L_000581,1,0,S1,-0.071739156062824,0.02778368935296127,0
582,CN7_L_000582,1,0,S1,-0.09069774548088771,0.02778368935296127,0
583,CN7_L_000583,1,0,S1,-0.0771341592660888,0.02778368935296127,0
584,CN7_L_000584,3,0,S1,-0.05717365455260781,0.02778368935296127,0
585,CN7_L_000585,0,0,S1,-0.08153402005412946,0.02778368935296127,0
586,CN7_L_000586,3,0,S1,-0.06651889498842944,0.02778368935296127,0
587,CN7_L_000587,0,0,S1,-0.07029198413145155,0.02778368935296127,0
590,CN7_L_000590,3,0,S1,-0.05022506015612471,0.02778368935296127,0
592,CN7_L_000592,2,0,S1,-0.06542995982504074,0.02778368935296127,0
593,CN7_L_000593,1,0,S1,-0.08986223489363399,0.02778368935296127,0
594,CN7_L_000594,1,0,S1,-0.06106632710731219,0.02778368935296127,0
595,CN7_L_000595,3,0,S1,-0.051711443216119424,0.02778368935296127,0
596,CN7_L_000596,0,0,S1,-0.05452798691278238,0.02778368935296127,0
597,CN7_L_000597,1,0,S1,-0.09607595433950866,0.02778368935296127,0
598,CN7_L_000598,0,0,S1,-0.07397490503548942,0.02778368935296127,0
599,CN7_L_000599,0,0,S1,-0.07867175319976472,0.02778368935296127,0
601,CN7_L_000601,2,0,S1,-0.08744209635054068,0.02778368935296127,0
602,CN7_L_000602,2,0,S1,-0.13826898718694247,0.02778368935296127,0
604,CN7_L_000604,3,0,S1,0.6377499869618466,0.02778368935296127,1
605,CN7_L_000605,0,0,S1,2.0770608790549954,0.02778368935296127,1
0,CN7_L_000000,0,0,S2,-0.01913245340417058,0.02041759781906549,0
2,CN7_L_000002,0,0,S2,-0.023478393818924026,0.02041759781906549,0
3,CN7_L_000003,0,0,S2,-0.03379658706266264,0.02041759781906549,0
4,CN7_L_000004,3,0,S2,-0.031215261644158332,0.02041759781906549,0
5,CN7_L_000005,2,0,S2,-0.06124877301177767,0.02041759781906549,0
6,CN7_L_000006,2,0,S2,-0.0646325403503405,0.02041759781906549,0
7,CN7_L_000007,1,0,S2,-0.06836125690150396,0.02041759781906549,0
8,CN7_L_000008,0,0,S2,-0.024733080380183736,0.02041759781906549,0
9,CN7_L_000009,1,0,S2,-0.012912112595559133,0.02041759781906549,0
10,CN7_L_000010,0,0,S2,-0.032074182557547015,0.02041759781906549,0
11,CN7_L_000011,0,0,S2,-0.03806691144754604,0.02041759781906549,0
12,CN7_L_000012,1,0,S2,-0.027343771333312006,0.02041759781906549,0
15,CN7_L_000015,2,0,S2,-0.08541782067909542,0.02041759781906549,0
16,CN7_L_000016,1,0,S2,-0.047318579327550125,0.02041759781906549,0
17,CN7_L_000017,3,0,S2,-0.03128519277717157,0.02041759781906549,0
18,CN7_L_000018,2,0,S2,-0.028994746701268337,0.02041759781906549,0
19,CN7_L_000019,1,0,S2,-0.028226168929287088,0.02041759781906549,0
22,CN7_L_000022,0,0,S2,0.015792261697423537,0.02041759781906549,0
23,CN7_L_000023,3,0,S2,-0.02890649499075737,0.02041759781906549,0
24,CN7_L_000024,3,1,S2,-0.019083710071321036,0.02041759781906549,0
25,CN7_L_000025,0,0,S2,-0.036992570350789844,0.02041759781906549,0
26,CN7_L_000026,0,0,S2,-0.03379270973583992,0.02041759781906549,0
27,CN7_L_000027,3,0,S2,-0.030680732166155078,0.02041759781906549,0
29,CN7_L_000029,0,0,S2,-0.008103610091442892,0.02041759781906549,0
30,CN7_L_000030,1,0,S2,-0.04879066259964748,0.02041759781906549,0
31,CN7_L_000031,0,0,S2,-0.028615298638373865,0.02041759781906549,0
32,CN7_L_000032,2,0,S2,-0.032737445987907066,0.02041759781906549,0
34,CN7_L_000034,3,0,S2,-0.06389562752170397,0.02041759781906549,0
36,CN7_L_000036,0,0,S2,0.487910943163373,0.02041759781906549,1
37,CN7_L_000037,0,0,S2,-0.023413364967733497,0.02041759781906549,0
38,CN7_L_000038,3,0,S2,-0.048638490625412256,0.02041759781906549,0
39,CN7_L_000039,0,0,S2,-0.03636653730132888,0.02041759781906549,0
40,CN7_L_000040,1,1,S2,-0.030441894391024515,0.02041759781906549,0
41,CN7_L_000041,1,0,S2,-0.028306177634363827,0.02041759781906549,0
43,CN7_L_000043,0,0,S2,-0.036935618323921116,0.02041759781906549,0
44,CN7_L_000044,3,0,S2,-0.02820589533280682,0.02041759781906549,0
45,CN7_L_000045,0,0,S2,-0.02684330680690561,0.02041759781906549,0
46,CN7_L_000046,0,0,S2,-0.03537287719115989,0.02041759781906549,0
47,CN7_L_000047,2,0,S2,-0.055069191172357534,0.02041759781906549,0
48,CN7_L_000048,0,1,S2,0.023917253861174714,0.02041759781906549,1
49,CN7_L_000049,3,0,S2,-0.04377152001678253,0.02041759781906549,0
52,CN7_L_000052,2,1,S2,-0.060929484674521195,0.02041759781906549,0
53,CN7_L_000053,1,1,S2,-0.04023882921132138,0.02041759781906549,0
54,CN7_L_000054,3,1,S2,-0.04744047119435102,0.02041759781906549,0
55,CN7_L_000055,0,1,S2,-0.04074660161593746,0.02041759781906549,0
56,CN7_L_000056,2,1,S2,-0.05145095677294442,0.02041759781906549,0
58,CN7_L_000058,1,1,S2,0.1410914892132653,0.02041759781906549,1
59,CN7_L_000059,3,1,S2,0.2956321054772748,0.02041759781906549,1
60,CN7_L_000060,2,1,S2,0.20536354293221093,0.02041759781906549,1
62,CN7_L_000062,1,0,S2,-0.07682031463360861,0.02041759781906549,0
63,CN7_L_000063,3,0,S2,-0.07455944180370278,0.02041759781906549,0
64,CN7_L_000064,3,0,S2,-0.05061555625338254,0.02041759781906549,0
65,CN7_L_000065,2,0,S2,-0.045929220479685284,0.02041759781906549,0
67,CN7_L_000067,3,0,S2,-0.019867553487755707,0.02041759781906549,0
68,CN7_L_000068,3,0,S2,-0.03349011343541042,0.02041759781906549,0
69,CN7_L_000069,2,0,S2,-0.025715957462761008,0.02041759781906549,0
70,CN7_L_000070,1,0,S2,-0.03957122900196719,0.02041759781906549,0
71,CN7_L_000071,2,0,S2,-0.04300369991058117,0.02041759781906549,0
73,CN7_L_000073,0,0,S2,-0.05687536677309124,0.02041759781906549,0
74,CN7_L_000074,0,0,S2,-0.024250995947432852,0.02041759781906549,0
77,CN7_L_000077,2,0,S2,-0.02496746796724203,0.02041759781906549,0
79,CN7_L_000079,3,0,S2,-0.014238052284897496,0.02041759781906549,0
80,CN7_L_000080,2,0,S2,-0.03543880613885353,0.02041759781906549,0
81,CN7_L_000081,2,0,S2,-0.06308838241032078,0.02041759781906549,0
82,CN7_L_000082,3,0,S2,-0.036349306328384845,0.02041759781906549,0
83,CN7_L_000083,2,0,S2,-0.06632762219865196,0.02041759781906549,0
84,CN7_L_000084,3,0,S2,-0.04338211463993158,0.02041759781906549,0
86,CN7_L_000086,0,0,S2,-0.025396330465190964,0.02041759781906549,0
87,CN7_L_000087,3,0,S2,-0.05031835998681711,0.02041759781906549,0
88,CN7_L_000088,0,0,S2,-0.04137012205484103,0.02041759781906549,0
89,CN7_L_000089,3,0,S2,-0.03222039772229124,0.02041759781906549,0
90,CN7_L_000090,1,0,S2,-0.034259713232975386,0.02041759781906549,0
91,CN7_L_000091,2,0,S2,-0.06678537534509665,0.02041759781906549,0
92,CN7_L_000092,3,0,S2,-0.060524639991842655,0.02041759781906549,0
93,CN7_L_000093,1,0,S2,-0.051258419331089655,0.02041759781906549,0
95,CN7_L_000095,0,0,S2,0.004223794736636144,0.02041759781906549,0
96,CN7_L_000096,3,0,S2,-0.0400933961572858,0.02041759781906549,0
97,CN7_L_000097,3,0,S2,-0.04317954759074549,0.02041759781906549,0
98,CN7_L_000098,3,0,S2,-0.012678547924181327,0.02041759781906549,0
99,CN7_L_000099,2,0,S2,-0.07896482576493602,0.02041759781906549,0
100,CN7_L_000100,3,0,S2,-0.03728120035870841,0.02041759781906549,0
102,CN7_L_000102,3,0,S2,-0.04300746271576683,0.02041759781906549,0
103,CN7_L_000103,0,0,S2,0.0039121546626872394,0.02041759781906549,0
104,CN7_L_000104,2,0,S2,-0.040882070620003486,0.02041759781906549,0
106,CN7_L_000106,3,0,S2,-0.005945781972422903,0.02041759781906549,0
107,CN7_L_000107,0,0,S2,-0.030018687324210536,0.02041759781906549,0
108,CN7_L_000108,2,0,S2,-0.0619795867363484,0.02041759781906549,0
109,CN7_L_000109,2,0,S2,-0.04954527559262356,0.02041759781906549,0
110,CN7_L_000110,0,0,S2,0.003121927699282878,0.02041759781906549,0
111,CN7_L_000111,1,0,S2,-0.08260983603946004,0.02041759781906549,0
115,CN7_L_000115,0,0,S2,-0.05103543763432894,0.02041759781906549,0
117,CN7_L_000117,3,0,S2,0.02041759781906549,0.02041759781906549,0
118,CN7_L_000118,3,0,S2,-0.03886602838964226,0.02041759781906549,0
121,CN7_L_000121,3,0,S2,-0.043363595152603907,0.02041759781906549,0
122,CN7_L_000122,3,0,S2,-0.04209845103470844,0.02041759781906549,0
123,CN7_L_000123,0,0,S2,-0.04101298663449304,0.02041759781906549,0
124,CN7_L_000124,2,0,S2,-0.06052724401002685,0.02041759781906549,0
125,CN7_L_000125,3,0,S2,-0.042534585466864616,0.02041759781906549,0
126,CN7_L_000126,2,0,S2,-0.03330140902799528,0.02041759781906549,0
127,CN7_L_000127,0,0,S2,-0.02740435755441739,0.02041759781906549,0
128,CN7_L_000128,1,0,S2,-0.047084019268946786,0.02041759781906549,0
129,CN7_L_000129,2,0,S2,-0.04798266067076762,0.02041759781906549,0
130,CN7_L_000130,1,0,S2,-0.06563143848264597,0.02041759781906549,0
131,CN7_L_000131,3,0,S2,-0.039068390701059386,0.02041759781906549,0
132,CN7_L_000132,1,0,S2,-0.06161293960289216,0.02041759781906549,0
133,CN7_L_000133,1,0,S2,-0.02936414318836622,0.02041759781906549,0
134,CN7_L_000134,2,0,S2,-0.05161850405808366,0.02041759781906549,0
136,CN7_L_000136,0,0,S2,-0.01966478093748547,0.02041759781906549,0
137,CN7_L_000137,3,0,S2,-0.03608039475344871,0.02041759781906549,0
138,CN7_L_000138,0,0,S2,-0.02815205396271514,0.02041759781906549,0
139,CN7_L_000139,2,0,S2,-0.03919212083599488,0.02041759781906549,0
140,CN7_L_000140,1,0,S2,-0.08207284295453698,0.02041759781906549,0
141,CN7_L_000141,3,0,S2,-0.05816120313105433,0.02041759781906549,0
143,CN7_L_000143,1,0,S2,-0.04878372173994627,0.02041759781906549,0
145,CN7_L_000145,0,0,S2,-0.04424752132829157,0.02041759781906549,0
146,CN7_L_000146,3,0,S2,-0.027260281132491126,0.02041759781906549,0
147,CN7_L_000147,1,0,S2,-0.007865915919103017,0.02041759781906549,0
150,CN7_L_000150,3,0,S2,-0.035922207718407595,0.02041759781906549,0
151,CN7_L_000151,0,0,S2,-0.041883617490077185,0.02041759781906549,0
153,CN7_L_000153,0,0,S2,-0.054988129618239956,0.02041759781906549,0
154,CN7_L_000154,0,0,S2,0.014819520449859791,0.02041759781906549,0
155,CN7_L_000155,1,0,S2,-0.019530717194516267,0.02041759781906549,0
156,CN7_L_000156,0,0,S2,0.00489429254202145,0.02041759781906549,0
157,CN7_L_000157,0,0,S2,-0.035325655130053146,0.02041759781906549,0
158,CN7_L_000158,0,0,S2,-0.0312738010195166,0.02041759781906549,0
159,CN7_L_000159,2,0,S2,-0.041008747786477784,0.02041759781906549,0
160,CN7_L_000160,1,0,S2,-0.07088441598492068,0.02041759781906549,0
161,CN7_L_000161,1,0,S2,-0.07142969155193812,0.02041759781906549,0
162,CN7_L_000162,2,0,S2,-0.08176137100947134,0.02041759781906549,0
163,CN7_L_000163,2,0,S2,-0.049237526975763224,0.02041759781906549,0
164,CN7_L_000164,0,0,S2,0.303966728696222,0.02041759781906549,1
165,CN7_L_000165,2,0,S2,-0.059792260164197586,0.02041759781906549,0
166,CN7_L_000166,1,0,S2,-0.05220193849831922,0.02041759781906549,0
167,CN7_L_000167,2,0,S2,0.0019217912372764268,0.02041759781906549,0
168,CN7_L_000168,3,0,S2,-0.00986127412841542,0.02041759781906549,0
169,CN7_L_000169,2,0,S2,-0.038549575669242664,0.02041759781906549,0
171,CN7_L_000171,3,0,S2,-0.034612125347503575,0.02041759781906549,0
172,CN7_L_000172,0,0,S2,-0.04777567202444688,0.02041759781906549,0
173,CN7_L_000173,3,0,S2,-0.0492076103456629,0.02041759781906549,0
177,CN7_L_000177,1,0,S2,-0.05091716988267292,0.02041759781906549,0
178,CN7_L_000178,0,0,S2,-0.05750314827529035,0.02041759781906549,0
179,CN7_L_000179,0,0,S2,-0.05405627385383793,0.02041759781906549,0
181,CN7_L_000181,0,0,S2,-0.051032158220876145,0.02041759781906549,0
182,CN7_L_000182,0,0,S2,-0.0552663396029458,0.02041759781906549,0
183,CN7_L_000183,3,0,S2,-0.04457006991146306,0.02041759781906549,0
184,CN7_L_000184,2,0,S2,-0.06034961946224815,0.02041759781906549,0
186,CN7_L_000186,0,0,S2,-0.053572207973474395,0.02041759781906549,0
187,CN7_L_000187,1,0,S2,-0.0641188546228002,0.02041759781906549,0
188,CN7_L_000188,0,0,S2,-0.04246363260513597,0.02041759781906549,0
189,CN7_L_000189,0,0,S2,-0.024241749673771462,0.02041759781906549,0
190,CN7_L_000190,2,0,S2,-0.06574077247402643,0.02041759781906549,0
191,CN7_L_000191,2,0,S2,-0.05608953394406102,0.02041759781906549,0
192,CN7_L_000192,0,0,S2,-0.022842220177940575,0.02041759781906549,0
193,CN7_L_000193,2,0,S2,-0.0323349984411343,0.02041759781906549,0
194,CN7_L_000194,1,0,S2,0.0019017206720097768,0.02041759781906549,0
195,CN7_L_000195,0,0,S2,-0.02465988880938541,0.02041759781906549,0
196,CN7_L_000196,0,0,S2,-0.021070401915623815,0.02041759781906549,0
197,CN7_L_000197,3,0,S2,-0.04165947570780437,0.02041759781906549,0
198,CN7_L_000198,0,0,S2,-0.031226302605614098,0.02041759781906549,0
199,CN7_L_000199,2,0,S2,-0.010154239386168218,0.02041759781906549,0
200,CN7_L_000200,3,0,S2,-0.026895865443372635,0.02041759781906549,0
202,CN7_L_000202,0,0,S2,-0.03505118447134592,0.02041759781906549,0
204,CN7_L_000204,0,0,S2,-0.039561017205893556,0.02041759781906549,0
206,CN7_L_000206,1,0,S2,-0.02246257608818869,0.02041759781906549,0
207,CN7_L_000207,1,0,S2,-0.0035542910795438587,0.02041759781906549,0
208,CN7_L_000208,2,0,S2,-0.017637554903793706,0.02041759781906549,0
209,CN7_L_000209,3,0,S2,-0.0109559100422163,0.02041759781906549,0
210,CN7_L_000210,3,0,S2,-0.03816086738614688,0.02041759781906549,0
211,CN7_L_000211,3,0,S2,-0.0037952970063095393,0.02041759781906549,0
212,CN7_L_000212,3,0,S2,-0.03669522136083403,0.02041759781906549,0
213,CN7_L_000213,3,0,S2,-0.04449817802000178,0.02041759781906549,0
216,CN7_L_000216,3,0,S2,-0.026033284210750463,0.02041759781906549,0
217,CN7_L_000217,1,0,S2,-0.029057562902643497,0.02041759781906549,0
218,CN7_L_000218,2,0,S2,-0.03970500986905057,0.02041759781906549,0
220,CN7_L_000220,2,0,S2,-0.03540794723549823,0.02041759781906549,0
221,CN7_L_000221,2,0,S2,-0.04080774944819687,0.02041759781906549,0
222,CN7_L_000222,3,0,S2,-0.04379657700919548,0.02041759781906549,0
223,CN7_L_000223,1,0,S2,0.03236771447944964,0.02041759781906549,1
224,CN7_L_000224,3,0,S2,-0.029235880803598846,0.02041759781906549,0
225,CN7_L_000225,0,0,S2,-0.03609998743482823,0.02041759781906549,0
226,CN7_L_000226,3,0,S2,-0.03594838554391799,0.02041759781906549,0
231,CN7_L_000231,1,0,S2,-0.023086534634298772,0.02041759781906549,0
232,CN7_L_000232,1,0,S2,-0.0042090691224956345,0.02041759781906549,0
233,CN7_L_000233,1,0,S2,-0.017454127233505812,0.02041759781906549,0
234,CN7_L_000234,3,0,S2,-0.024703017398717275,0.02041759781906549,0
235,CN7_L_000235,3,0,S2,-0.03285233145278488,0.02041759781906549,0
236,CN7_L_000236,0,0,S2,-0.035786738124127915,0.02041759781906549,0
237,CN7_L_000237,3,0,S2,-0.016490555676555996,0.02041759781906549,0
238,CN7_L_000238,1,0,S2,-0.04902103650915812,0.02041759781906549,0
239,CN7_L_000239,1,0,S2,-0.0356238276160008,0.02041759781906549,0
241,CN7_L_000241,1,0,S2,-0.02799219714369139,0.02041759781906549,0
242,CN7_L_000242,0,0,S2,-0.011713118762772812,0.02041759781906549,0
243,CN7_L_000243,2,0,S2,-0.05199441340066757,0.02041759781906549,0
245,CN7_L_000245,1,0,S2,-0.05527294730050425,0.02041759781906549,0
246,CN7_L_000246,1,0,S2,-0.05615772552402731,0.02041759781906549,0
247,CN7_L_000247,1,0,S2,-0.02127492067883452,0.02041759781906549,0
248,CN7_L_000248,2,0,S2,-0.08294580819633479,0.02041759781906549,0
249,CN7_L_000249,3,0,S2,-0.034148638144268606,0.02041759781906549,0
250,CN7_L_000250,1,0,S2,-0.05498048021178148,0.02041759781906549,0
251,CN7_L_000251,2,0,S2,-0.055418893428196725,0.02041759781906549,0
252,CN7_L_000252,1,0,S2,-0.03253534922801382,0.02041759781906549,0
253,CN7_L_000253,3,0,S2,-0.04073976880952479,0.02041759781906549,0
254,CN7_L_000254,3,0,S2,-0.038181689139042074,0.02041759781906549,0
256,CN7_L_000256,3,0,S2,-0.043053798473151605,0.02041759781906549,0
258,CN7_L_000258,2,0,S2,-0.07351935136759868,0.02041759781906549,0
259,CN7_L_000259,0,0,S2,-0.046201442954799,0.02041759781906549,0
260,CN7_L_000260,1,0,S2,-0.09559049033037548,0.02041759781906549,0
261,CN7_L_000261,3,0,S2,-0.04675866344230206,0.02041759781906549,0
262,CN7_L_000262,3,0,S2,-0.055173835258406356,0.02041759781906549,0
263,CN7_L_000263,2,0,S2,-0.039820352974911266,0.02041759781906549,0
264,CN7_L_000264,3,0,S2,-0.049946523423543,0.02041759781906549,0
267,CN7_L_000267,0,0,S2,-0.04907177560962506,0.02041759781906549,0
268,CN7_L_000268,0,0,S2,-0.06447650173605224,0.02041759781906549,0
269,CN7_L_000269,1,0,S2,-0.03203563909136209,0.02041759781906549,0
270,CN7_L_000270,2,0,S2,-0.0577039609902128,0.02041759781906549,0
271,CN7_L_000271,0,0,S2,-0.051268556300684054,0.02041759781906549,0
272,CN7_L_000272,2,0,S2,-0.0541173007167286,0.02041759781906549,0
273,CN7_L_000273,3,0,S2,-0.04155372563110582,0.02041759781906549,0
275,CN7_L_000275,1,0,S2,-0.06653972666880392,0.02041759781906549,0
276,CN7_L_000276,1,0,S2,-0.05720653409769838,0.02041759781906549,0
277,CN7_L_000277,1,0,S2,-0.052930717862403664,0.02041759781906549,0
278,CN7_L_000278,1,0,S2,-0.06457029999028085,0.02041759781906549,0
279,CN7_L_000279,0,0,S2,-0.04883022989777386,0.02041759781906549,0
280,CN7_L_000280,3,0,S2,-0.05198464834401184,0.02041759781906549,0
282,CN7_L_000282,0,0,S2,-0.0462042161318692,0.02041759781906549,0
285,CN7_L_000285,0,0,S2,-0.06016643192264448,0.02041759781906549,0
286,CN7_L_000286,0,0,S2,-0.06796882323757725,0.02041759781906549,0
288,CN7_L_000288,2,0,S2,-0.07308214155184434,0.02041759781906549,0
289,CN7_L_000289,1,0,S2,-0.07614292655589017,0.02041759781906549,0
291,CN7_L_000291,3,0,S2,-0.057169353758230734,0.02041759781906549,0
292,CN7_L_000292,3,0,S2,-0.023276448943182704,0.02041759781906549,0
293,CN7_L_000293,1,0,S2,-0.07325632204748933,0.02041759781906549,0
294,CN7_L_000294,2,0,S2,-0.08721909523069282,0.02041759781906549,0
295,CN7_L_000295,1,0,S2,-0.07289688114748394,0.02041759781906549,0
296,CN7_L_000296,3,0,S2,-0.07157916154759913,0.02041759781906549,0
297,CN7_L_000297,1,0,S2,-0.07199469978664919,0.02041759781906549,0
298,CN7_L_000298,0,0,S2,-0.062351240152331844,0.02041759781906549,0
299,CN7_L_000299,1,0,S2,-0.0386525062722054,0.02041759781906549,0
300,CN7_L_000300,1,0,S2,-0.06762336062940655,0.02041759781906549,0
301,CN7_L_000301,1,0,S2,-0.05373769219819957,0.02041759781906549,0
303,CN7_L_000303,1,0,S2,-0.07801677349057679,0.02041759781906549,0
304,CN7_L_000304,0,0,S2,-0.052872874886900956,0.02041759781906549,0
305,CN7_L_000305,0,0,S2,-0.058607824832342725,0.02041759781906549,0
307,CN7_L_000307,3,0,S2,-0.0633468361240066,0.02041759781906549,0
308,CN7_L_000308,0,0,S2,-0.08088776368841133,0.02041759781906549,0
310,CN7_L_000310,3,0,S2,-0.05195462075714685,0.02041759781906549,0
311,CN7_L_000311,1,0,S2,-0.06040379950757657,0.02041759781906549,0
312,CN7_L_000312,2,0,S2,-0.0963798338236308,0.02041759781906549,0
313,CN7_L_000313,0,0,S2,-0.05458792712336091,0.02041759781906549,0
314,CN7_L_000314,1,0,S2,-0.08393597857524959,0.02041759781906549,0
315,CN7_L_000315,2,0,S2,-0.0744106868231591,0.02041759781906549,0
316,CN7_L_000316,3,0,S2,-0.04432250585540043,0.02041759781906549,0
317,CN7_L_000317,3,0,S2,-0.06275295712742723,0.02041759781906549,0
318,CN7_L_000318,2,0,S2,-0.0642899996421864,0.02041759781906549,0
319,CN7_L_000319,0,0,S2,-0.06603711705584425,0.02041759781906549,0
320,CN7_L_000320,2,0,S2,-0.08024472302360985,0.02041759781906549,0
321,CN7_L_000321,0,0,S2,-0.05113957604092123,0.02041759781906549,0
323,CN7_L_000323,0,0,S2,-0.06253046264420892,0.02041759781906549,0
324,CN7_L_000324,0,0,S2,-0.05508941282298441,0.02041759781906549,0
325,CN7_L_000325,1,0,S2,-0.0493249748276221,0.02041759781906549,0
326,CN7_L_000326,1,0,S2,-0.05081315571952638,0.02041759781906549,0
328,CN7_L_000328,1,0,S2,-0.04804143605737865,0.02041759781906549,0
330,CN7_L_000330,1,0,S2,-0.07005938777705234,0.02041759781906549,0
331,CN7_L_000331,1,0,S2,-0.0649705912420715,0.02041759781906549,0
332,CN7_L_000332,0,0,S2,-0.0575103885027235,0.02041759781906549,0
333,CN7_L_000333,2,0,S2,-0.07532265309760833,0.02041759781906549,0
334,CN7_L_000334,3,0,S2,-0.07143497437107049,0.02041759781906549,0
335,CN7_L_000335,3,0,S2,-0.031767767376416955,0.02041759781906549,0
336,CN7_L_000336,2,0,S2,-0.06603478567242638,0.02041759781906549,0
337,CN7_L_000337,2,0,S2,-0.07832564654886731,0.02041759781906549,0
338,CN7_L_000338,2,0,S2,-0.07325342573921167,0.02041759781906549,0
339,CN7_L_000339,3,0,S2,-0.058769651822913715,0.02041759781906549,0
340,CN7_L_000340,2,0,S2,-0.08403767802467366,0.02041759781906549,0
342,CN7_L_000342,1,0,S2,-0.049639925997639445,0.02041759781906549,0
343,CN7_L_000343,2,0,S2,-0.0941723777428618,0.02041759781906549,0
345,CN7_L_000345,1,0,S2,-0.05656567098566212,0.02041759781906549,0
346,CN7_L_000346,3,0,S2,-0.06373342890628919,0.02041759781906549,0
347,CN7_L_000347,1,0,S2,-0.06256818412273146,0.02041759781906549,0
348,CN7_L_000348,1,0,S2,-0.04304642575158768,0.02041759781906549,0
349,CN7_L_000349,3,0,S2,-0.06306870714903479,0.02041759781906549,0
350,CN7_L_000350,2,0,S2,-0.07334232321633793,0.02041759781906549,0
352,CN7_L_000352,2,0,S2,-0.10324925780744154,0.02041759781906549,0
354,CN7_L_000354,3,0,S2,-0.07592703528129352,0.02041759781906549,0
355,CN7_L_000355,2,0,S2,-0.09971284164619831,0.02041759781906549,0
356,CN7_L_000356,2,0,S2,-0.043941102649523334,0.02041759781906549,0
358,CN7_L_000358,2,0,S2,-0.05836658380097193,0.02041759781906549,0
360,CN7_L_000360,2,0,S2,-0.06220882631095348,0.02041759781906549,0
361,CN7_L_000361,2,0,S2,-0.06256594854336317,0.02041759781906549,0
362,CN7_L_000362,0,0,S2,-0.05357127391541061,0.02041759781906549,0
363,CN7_L_000363,1,0,S2,-0.08464050585835459,0.02041759781906549,0
364,CN7_L_000364,2,0,S2,-0.07862331397477584,0.02041759781906549,0
365,CN7_L_000365,2,0,S2,-0.07553141372434258,0.02041759781906549,0
366,CN7_L_000366,2,0,S2,-0.10319499833737478,0.02041759781906549,0
367,CN7_L_000367,3,0,S2,-0.0564205558348454,0.02041759781906549,0
368,CN7_L_000368,2,0,S2,-0.06060462988066595,0.02041759781906549,0
369,CN7_L_000369,1,0,S2,-0.0737352845313004,0.02041759781906549,0
370,CN7_L_000370,2,0,S2,-0.05027042107923485,0.02041759781906549,0
371,CN7_L_000371,1,0,S2,-0.07199435160180778,0.02041759781906549,0
372,CN7_L_000372,1,0,S2,-0.07117800372131677,0.02041759781906549,0
374,CN7_L_000374,1,0,S2,-0.08244546138772257,0.02041759781906549,0
375,CN7_L_000375,2,0,S2,-0.11630583982350062,0.02041759781906549,0
376,CN7_L_000376,1,0,S2,-0.09301222802987485,0.02041759781906549,0
377,CN7_L_000377,0,0,S2,-0.05269613230950876,0.02041759781906549,0
378,CN7_L_000378,1,0,S2,-0.037611074014571866,0.02041759781906549,0
379,CN7_L_000379,3,0,S2,-0.06167802997201166,0.02041759781906549,0
381,CN7_L_000381,1,0,S2,-0.032624293607623756,0.02041759781906549,0
382,CN7_L_000382,3,0,S2,-0.05745798527874202,0.02041759781906549,0
383,CN7_L_000383,3,0,S2,-0.06768517516088934,0.02041759781906549,0
384,CN7_L_000384,1,0,S2,-0.09997482596091078,0.02041759781906549,0
385,CN7_L_000385,2,0,S2,-0.11653104930527824,0.02041759781906549,0
387,CN7_L_000387,3,0,S2,-0.05152917351762154,0.02041759781906549,0
388,CN7_L_000388,0,0,S2,-0.05705914196373563,0.02041759781906549,0
389,CN7_L_000389,2,0,S2,-0.041753318488496394,0.02041759781906549,0
390,CN7_L_000390,3,0,S2,-0.04032294020906857,0.02041759781906549,0
391,CN7_L_000391,1,0,S2,-0.0692490956200098,0.02041759781906549,0
394,CN7_L_000394,3,0,S2,-0.045275582389472824,0.02041759781906549,0
395,CN7_L_000395,0,0,S2,-0.07116787064437213,0.02041759781906549,0
396,CN7_L_000396,3,0,S2,-0.05243150674913233,0.02041759781906549,0
397,CN7_L_000397,0,0,S2,-0.06965820847155335,0.02041759781906549,0
398,CN7_L_000398,2,0,S2,-0.04270636381398907,0.02041759781906549,0
400,CN7_L_000400,0,0,S2,-0.06359950214733878,0.02041759781906549,0
402,CN7_L_000402,2,0,S2,-0.07053880525449108,0.02041759781906549,0
404,CN7_L_000404,1,0,S2,-0.06682658070013758,0.02041759781906549,0
406,CN7_L_000406,1,0,S2,-0.06677699938123105,0.02041759781906549,0
407,CN7_L_000407,0,0,S2,-0.04862563571946099,0.02041759781906549,0
408,CN7_L_000408,0,0,S2,-0.011216419618490736,0.02041759781906549,0
409,CN7_L_000409,0,0,S2,-0.030537487867518642,0.02041759781906549,0
410,CN7_L_000410,1,0,S2,-0.08839054055697426,0.02041759781906549,0
411,CN7_L_000411,1,0,S2,-0.07714750311211471,0.02041759781906549,0
412,CN7_L_000412,3,0,S2,-0.06210847048376111,0.02041759781906549,0
413,CN7_L_000413,2,0,S2,-0.08558178112609172,0.02041759781906549,0
414,CN7_L_000414,1,0,S2,-0.04824061880581443,0.02041759781906549,0
416,CN7_L_000416,0,0,S2,-0.09157705713211772,0.02041759781906549,0
417,CN7_L_000417,0,0,S2,-0.05865489572208826,0.02041759781906549,0
418,CN7_L_000418,2,0,S2,-0.03816236624646807,0.02041759781906549,0
419,CN7_L_000419,2,0,S2,-0.08183869084120454,0.02041759781906549,0
421,CN7_L_000421,3,0,S2,-0.07080129678983926,0.02041759781906549,0
422,CN7_L_000422,1,0,S2,-0.1002207811424034,0.02041759781906549,0
423,CN7_L_000423,0,0,S2,-0.06460513158119907,0.02041759781906549,0
424,CN7_L_000424,3,0,S2,-0.05264361139120455,0.02041759781906549,0
425,CN7_L_000425,1,0,S2,-0.051002813940165925,0.02041759781906549,0
426,CN7_L_000426,2,0,S2,-0.08772639114517045,0.02041759781906549,0
428,CN7_L_000428,2,0,S2,-0.08110716243595384,0.02041759781906549,0
429,CN7_L_000429,3,0,S2,-0.037121467356390436,0.02041759781906549,0
430,CN7_L_000430,0,0,S2,-0.0703987912884716,0.02041759781906549,0
433,CN7_L_000433,2,0,S2,-0.05891018646642632,0.02041759781906549,0
434,CN7_L_000434,3,0,S2,-0.04644271918875509,0.02041759781906549,0
435,CN7_L_000435,0,0,S2,-0.06399651712219256,0.02041759781906549,0
436,CN7_L_000436,1,0,S2,-0.06268067211314943,0.02041759781906549,0
437,CN7_L_000437,3,0,S2,-0.07289656973633951,0.02041759781906549,0
438,CN7_L_000438,1,0,S2,-0.05726536050413955,0.02041759781906549,0
439,CN7_L_000439,1,0,S2,-0.04967470144955488,0.02041759781906549,0
440,CN7_L_000440,0,0,S2,-0.058880602646185665,0.02041759781906549,0
442,CN7_L_000442,2,0,S2,-0.0965634187947102,0.02041759781906549,0
443,CN7_L_000443,1,0,S2,-0.04863559827771757,0.02041759781906549,0
445,CN7_L_000445,0,0,S2,-0.06647139190792117,0.02041759781906549,0
446,CN7_L_000446,0,0,S2,-0.05466008500056008,0.02041759781906549,0
447,CN7_L_000447,0,0,S2,-0.04897138942168722,0.02041759781906549,0
448,CN7_L_000448,2,0,S2,-0.06364450079474127,0.02041759781906549,0
450,CN7_L_000450,2,0,S2,-0.08839152669040251,0.02041759781906549,0
451,CN7_L_000451,1,0,S2,-0.10460255584900491,0.02041759781906549,0
452,CN7_L_000452,3,0,S2,-0.06451001868708373,0.02041759781906549,0
453,CN7_L_000453,0,0,S2,-0.06930057495442599,0.02041759781906549,0
454,CN7_L_000454,3,0,S2,-0.05337672620788725,0.02041759781906549,0
455,CN7_L_000455,1,0,S2,-0.04677392393140156,0.02041759781906549,0
456,CN7_L_000456,2,0,S2,-0.060910869475244045,0.02041759781906549,0
457,CN7_L_000457,2,0,S2,-0.056636545072683564,0.02041759781906549,0
458,CN7_L_000458,1,0,S2,-0.038343533040861466,0.02041759781906549,0
459,CN7_L_000459,3,0,S2,-0.05271410674817778,0.02041759781906549,0
460,CN7_L_000460,1,0,S2,-0.048174141319151875,0.02041759781906549,0
461,CN7_L_000461,0,0,S2,-0.04471658662863964,0.02041759781906549,0
463,CN7_L_000463,1,0,S2,-0.06913031469805597,0.02041759781906549,0
464,CN7_L_000464,1,0,S2,-0.07400061814790249,0.02041759781906549,0
465,CN7_L_000465,3,0,S2,-0.044312795134933136,0.02041759781906549,0
466,CN7_L_000466,0,0,S2,-0.06921051277567836,0.02041759781906549,0
467,CN7_L_000467,2,0,S2,-0.046578509974425586,0.02041759781906549,0
470,CN7_L_000470,3,0,S2,-0.046407746605285904,0.02041759781906549,0
471,CN7_L_000471,0,0,S2,-0.05936967404800875,0.02041759781906549,0
474,CN7_L_000474,2,0,S2,-0.04762241428759584,0.02041759781906549,0
476,CN7_L_000476,0,0,S2,-0.06579984978529874,0.02041759781906549,0
477,CN7_L_000477,1,0,S2,-0.027771201904668086,0.02041759781906549,0
478,CN7_L_000478,0,0,S2,-0.0678024160811197,0.02041759781906549,0
479,CN7_L_000479,3,0,S2,-0.06815283169558217,0.02041759781906549,0
481,CN7_L_000481,3,0,S2,-0.03934621764412993,0.02041759781906549,0
482,CN7_L_000482,1,0,S2,-0.076993117973434,0.02041759781906549,0
483,CN7_L_000483,2,0,S2,-0.07796838712586363,0.02041759781906549,0
484,CN7_L_000484,3,0,S2,-0.03491780169448244,0.02041759781906549,0
486,CN7_L_000486,3,0,S2,-0.0495309818848515,0.02041759781906549,0
487,CN7_L_000487,2,0,S2,-0.0843270206386979,0.02041759781906549,0
491,CN7_L_000491,1,0,S2,-0.11935967827170924,0.02041759781906549,0
492,CN7_L_000492,1,0,S2,-0.008455715374184436,0.02041759781906549,0
493,CN7_L_000493,1,0,S2,-0.03468982238970231,0.02041759781906549,0
494,CN7_L_000494,2,0,S2,-0.05978323857906176,0.02041759781906549,0
495,CN7_L_000495,3,0,S2,-0.029103482739194497,0.02041759781906549,0
496,CN7_L_000496,2,0,S2,-0.096595050967343,0.02041759781906549,0
497,CN7_L_000497,3,0,S2,-0.031004521850086952,0.02041759781906549,0
499,CN7_L_000499,3,0,S2,-0.07326047921562706,0.02041759781906549,0
500,CN7_L_000500,2,0,S2,-0.09133077800059608,0.02041759781906549,0
501,CN7_L_000501,2,0,S2,-0.10382923617604023,0.02041759781906549,0
502,CN7_L_000502,2,0,S2,-0.039766064199375784,0.02041759781906549,0
504,CN7_L_000504,1,0,S2,-0.05537390261259123,0.02041759781906549,0
507,CN7_L_000507,1,0,S2,-0.04543704743040555,0.02041759781906549,0
508,CN7_L_000508,0,0,S2,-0.06638895189975313,0.02041759781906549,0
509,CN7_L_000509,1,0,S2,-0.07497134743681899,0.02041759781906549,0
510,CN7_L_000510,1,0,S2,-0.0704803590576275,0.02041759781906549,0
511,CN7_L_000511,2,0,S2,-0.0595354206099894,0.02041759781906549,0
513,CN7_L_000513,2,0,S2,-0.05362195687637916,0.02041759781906549,0
514,CN7_L_000514,0,0,S2,-0.0341937072502021,0.02041759781906549,0
515,CN7_L_000515,0,0,S2,-0.052346876399886444,0.02041759781906549,0
516,CN7_L_000516,3,0,S2,-0.03131046812267302,0.02041759781906549,0
517,CN7_L_000517,0,0,S2,-0.06212344898306377,0.02041759781906549,0
519,CN7_L_000519,3,0,S2,-0.06977455819633427,0.02041759781906549,0
520,CN7_L_000520,3,0,S2,-0.06462194849111436,0.02041759781906549,0
521,CN7_L_000521,0,0,S2,-0.05726642978895624,0.02041759781906549,0
523,CN7_L_000523,0,0,S2,-0.04572662127199445,0.02041759781906549,0
525,CN7_L_000525,1,0,S2,-0.07224239464088011,0.02041759781906549,0
526,CN7_L_000526,0,0,S2,-0.0586641213467729,0.02041759781906549,0
527,CN7_L_000527,2,0,S2,-0.09352176897581943,0.02041759781906549,0
528,CN7_L_000528,3,0,S2,-0.05645640380171946,0.02041759781906549,0
529,CN7_L_000529,0,0,S2,-0.0737179689629559,0.02041759781906549,0
530,CN7_L_000530,2,0,S2,-0.07261936421550397,0.02041759781906549,0
532,CN7_L_000532,3,0,S2,-0.06499912814207587,0.02041759781906549,0
533,CN7_L_000533,0,0,S2,-0.04568258754686694,0.02041759781906549,0
534,CN7_L_000534,2,0,S2,-0.08421694254176293,0.02041759781906549,0
535,CN7_L_000535,2,0,S2,-0.0649992484666071,0.02041759781906549,0
536,CN7_L_000536,2,0,S2,-0.08976391631442837,0.02041759781906549,0
537,CN7_L_000537,0,0,S2,-0.06732677603495807,0.02041759781906549,0
538,CN7_L_000538,2,0,S2,-0.08467915003203874,0.02041759781906549,0
539,CN7_L_000539,0,0,S2,-0.07039633720548455,0.02041759781906549,0
541,CN7_L_000541,3,0,S2,-0.02423360398247798,0.02041759781906549,0
542,CN7_L_000542,2,0,S2,-0.08774051206665812,0.02041759781906549,0
543,CN7_L_000543,1,0,S2,-0.0589617331467891,0.02041759781906549,0
544,CN7_L_000544,2,0,S2,-0.05486899560649139,0.02041759781906549,0
545,CN7_L_000545,3,0,S2,-0.05166581931596159,0.02041759781906549,0
546,CN7_L_000546,1,0,S2,-0.09312412790959357,0.02041759781906549,0
547,CN7_L_000547,2,0,S2,-0.11487529332682866,0.02041759781906549,0
548,CN7_L_000548,3,0,S2,-0.039459140177756424,0.02041759781906549,0
549,CN7_L_000549,2,0,S2,-0.10093130991466515,0.02041759781906549,0
550,CN7_L_000550,2,0,S2,-0.07274415618655672,0.02041759781906549,0
551,CN7_L_000551,0,0,S2,-0.08215375474609266,0.02041759781906549,0
553,CN7_L_000553,3,0,S2,-0.05758284227116883,0.02041759781906549,0
555,CN7_L_000555,0,0,S2,-0.056535359688433484,0.02041759781906549,0
556,CN7_L_000556,1,0,S2,-0.10236446836044344,0.02041759781906549,0
557,CN7_L_000557,1,0,S2,-0.0882169103766337,0.02041759781906549,0
558,CN7_L_000558,3,0,S2,-0.05057226972397233,0.02041759781906549,0
559,CN7_L_000559,1,0,S2,-0.11076747045918367,0.02041759781906549,0
560,CN7_L_000560,1,0,S2,-0.0635995476871325,0.02041759781906549,0
561,CN7_L_000561,0,0,S2,-0.0655626769154618,0.02041759781906549,0
562,CN7_L_000562,0,0,S2,-0.06641328772888766,0.02041759781906549,0
563,CN7_L_000563,2,0,S2,-0.045309288673299974,0.02041759781906549,0
564,CN7_L_000564,1,0,S2,-0.06539160846302927,0.02041759781906549,0
566,CN7_L_000566,2,0,S2,-0.07147902768945569,0.02041759781906549,0
567,CN7_L_000567,0,0,S2,-0.060161571781212064,0.02041759781906549,0
568,CN7_L_000568,2,0,S2,-0.1099868970449438,0.02041759781906549,0
569,CN7_L_000569,1,0,S2,-0.09307201109910856,0.02041759781906549,0
570,CN7_L_000570,2,0,S2,-0.06709743898437637,0.02041759781906549,0
571,CN7_L_000571,3,0,S2,-0.06160501674150831,0.02041759781906549,0
572,CN7_L_000572,1,0,S2,-0.07204628494485554,0.02041759781906549,0
573,CN7_L_000573,3,0,S2,-0.04899743231390996,0.02041759781906549,0
575,CN7_L_000575,2,0,S2,-0.04237307782014277,0.02041759781906549,0
576,CN7_L_000576,3,0,S2,-0.06881799494349616,0.02041759781906549,0
578,CN7_L_000578,2,0,S2,-0.0754056131473404,0.02041759781906549,0
579,CN7_L_000579,2,0,S2,-0.08808140530894581,0.02041759781906549,0
580,CN7_L_000580,2,0,S2,-0.10294165627757046,0.02041759781906549,0
581,CN7_L_000581,1,0,S2,-0.052773731037067506,0.02041759781906549,0
582,CN7_L_000582,1,0,S2,-0.06935246262219286,0.02041759781906549,0
583,CN7_L_000583,1,0,S2,-0.0599112347145212,0.02041759781906549,0
584,CN7_L_000584,3,0,S2,-0.06516208822216951,0.02041759781906549,0
585,CN7_L_000585,0,0,S2,-0.07852497412627724,0.02041759781906549,0
586,CN7_L_000586,3,0,S2,-0.053374204768196876,0.02041759781906549,0
587,CN7_L_000587,0,0,S2,-0.07042780676183424,0.02041759781906549,0
590,CN7_L_000590,3,0,S2,-0.04299223718883116,0.02041759781906549,0
592,CN7_L_000592,2,0,S2,-0.04698416916703341,0.02041759781906549,0
593,CN7_L_000593,1,0,S2,-0.037856541580416625,0.02041759781906549,0
594,CN7_L_000594,1,0,S2,-0.05823986518634605,0.02041759781906549,0
595,CN7_L_000595,3,0,S2,-0.052496955406794665,0.02041759781906549,0
596,CN7_L_000596,0,0,S2,-0.06788004006434534,0.02041759781906549,0
597,CN7_L_000597,1,0,S2,-0.07059145994341254,0.02041759781906549,0
598,CN7_L_000598,0,0,S2,-0.06710161860544828,0.02041759781906549,0
599,CN7_L_000599,0,0,S2,-0.08267061719433011,0.02041759781906549,0
601,CN7_L_000601,2,0,S2,-0.09018850292835223,0.02041759781906549,0
602,CN7_L_000602,2,0,S2,-0.10456582001966108,0.02041759781906549,0
604,CN7_L_000604,3,0,S2,0.20426861166099242,0.02041759781906549,1
605,CN7_L_000605,0,0,S2,1.8562139932420072,0.02041759781906549,1
0,CN7_L_000000,0,0,S3,1.4963347310936488,7.1448593658850506,0
2,CN7_L_000002,0,0,S3,5.371236053533292,7.1448593658850506,0
3,CN7_L_000003,0,0,S3,-0.030721578639850478,7.1448593658850506,0
4,CN7_L_000004,3,0,S3,-0.6148834766311317,7.1448593658850506,0
5,CN7_L_000005,2,0,S3,2.632983781280597,7.1448593658850506,0
6,CN7_L_000006,2,0,S3,2.7836966834434484,7.1448593658850506,0
7,CN7_L_000007,1,0,S3,0.5655123207080415,7.1448593658850506,0
8,CN7_L_000008,0,0,S3,0.2272418060183785,7.1448593658850506,0
9,CN7_L_000009,1,0,S3,4.246383009574263,7.1448593658850506,0
10,CN7_L_000010,0,0,S3,-0.23926260929332166,7.1448593658850506,0
11,CN7_L_000011,0,0,S3,-0.9158734355379945,7.1448593658850506,0
12,CN7_L_000012,1,0,S3,5.173290912166659,7.1448593658850506,0
15,CN7_L_000015,2,0,S3,3.2259359346183114,7.1448593658850506,0
16,CN7_L_000016,1,0,S3,5.156526725573265,7.1448593658850506,0
17,CN7_L_000017,3,0,S3,3.584092762810493,7.1448593658850506,0
18,CN7_L_000018,2,0,S3,3.167234924736402,7.1448593658850506,0
19,CN7_L_000019,1,0,S3,3.330774550539008,7.1448593658850506,0
22,CN7_L_000022,0,0,S3,3.7549917416774727,7.1448593658850506,0
23,CN7_L_000023,3,0,S3,3.2745877504213503,7.1448593658850506,0
24,CN7_L_000024,3,1,S3,0.019013254182631556,7.1448593658850506,0
25,CN7_L_000025,0,0,S3,0.09904285558031845,7.1448593658850506,0
26,CN7_L_000026,0,0,S3,4.170053767906265,7.1448593658850506,0
27,CN7_L_000027,3,0,S3,-3.5345636181784474,7.1448593658850506,0
29,CN7_L_000029,0,0,S3,2.8590275332624673,7.1448593658850506,0
30,CN7_L_000030,1,0,S3,-0.5181306950240785,7.1448593658850506,0
31,CN7_L_000031,0,0,S3,2.995183931404215,7.1448593658850506,0
32,CN7_L_000032,2,0,S3,2.805730092048785,7.1448593658850506,0
34,CN7_L_000034,3,0,S3,1.1868504169058038,7.1448593658850506,0
36,CN7_L_000036,0,0,S3,9.441165692701404,7.1448593658850506,1
37,CN7_L_000037,0,0,S3,3.497174065086152,7.1448593658850506,0
38,CN7_L_000038,3,0,S3,-1.8764069791187925,7.1448593658850506,0
39,CN7_L_000039,0,0,S3,2.2126101297234637,7.1448593658850506,0
40,CN7_L_000040,1,1,S3,-0.37620375390901195,7.1448593658850506,0
41,CN7_L_000041,1,0,S3,0.7854144999252402,7.1448593658850506,0
43,CN7_L_000043,0,0,S3,-2.4560946705806987,7.1448593658850506,0
44,CN7_L_000044,3,0,S3,4.478123081484632,7.1448593658850506,0
45,CN7_L_000045,0,0,S3,2.2806349257800997,7.1448593658850506,0
46,CN7_L_000046,0,0,S3,0.671915405658055,7.1448593658850506,0
47,CN7_L_000047,2,0,S3,-4.694293268008323,7.1448593658850506,0
48,CN7_L_000048,0,1,S3,7.895984937551303,7.1448593658850506,1
49,CN7_L_000049,3,0,S3,1.9422622826379339,7.1448593658850506,0
52,CN7_L_000052,2,1,S3,0.6734241436390889,7.1448593658850506,0
53,CN7_L_000053,1,1,S3,0.39837279201613285,7.1448593658850506,0
54,CN7_L_000054,3,1,S3,5.047863756726079,7.1448593658850506,0
55,CN7_L_000055,0,1,S3,2.288118348006866,7.1448593658850506,0
56,CN7_L_000056,2,1,S3,3.8382603529734745,7.1448593658850506,0
58,CN7_L_000058,1,1,S3,12.069888392185257,7.1448593658850506,1
59,CN7_L_000059,3,1,S3,11.433091451557377,7.1448593658850506,1
60,CN7_L_000060,2,1,S3,11.88987998958704,7.1448593658850506,1
62,CN7_L_000062,1,0,S3,-1.31802259025981,7.1448593658850506,0
63,CN7_L_000063,3,0,S3,4.314387190700154,7.1448593658850506,0
64,CN7_L_000064,3,0,S3,-4.6028556088087385,7.1448593658850506,0
65,CN7_L_000065,2,0,S3,-0.20255976015111266,7.1448593658850506,0
67,CN7_L_000067,3,0,S3,1.4953916913020109,7.1448593658850506,0
68,CN7_L_000068,3,0,S3,3.6733074264736,7.1448593658850506,0
69,CN7_L_000069,2,0,S3,-1.287497783153924,7.1448593658850506,0
70,CN7_L_000070,1,0,S3,-2.0800337469074908,7.1448593658850506,0
71,CN7_L_000071,2,0,S3,0.5706781972546793,7.1448593658850506,0
73,CN7_L_000073,0,0,S3,2.011180622161741,7.1448593658850506,0
74,CN7_L_000074,0,0,S3,2.799873100456641,7.1448593658850506,0
77,CN7_L_000077,2,0,S3,0.47236738461891115,7.1448593658850506,0
79,CN7_L_000079,3,0,S3,1.8457940183780313,7.1448593658850506,0
80,CN7_L_000080,2,0,S3,1.169967916703925,7.1448593658850506,0
81,CN7_L_000081,2,0,S3,-3.0481603988218797,7.1448593658850506,0
82,CN7_L_000082,3,0,S3,3.951248954934795,7.1448593658850506,0
83,CN7_L_000083,2,0,S3,1.3768405685115805,7.1448593658850506,0
84,CN7_L_000084,3,0,S3,-1.5373411786949571,7.1448593658850506,0
86,CN7_L_000086,0,0,S3,2.219025561701895,7.1448593658850506,0
87,CN7_L_000087,3,0,S3,-1.9455495659320636,7.1448593658850506,0
88,CN7_L_000088,0,0,S3,-1.722006572232896,7.1448593658850506,0
89,CN7_L_000089,3,0,S3,0.9130925541875712,7.1448593658850506,0
90,CN7_L_000090,1,0,S3,-2.6458332651263934,7.1448593658850506,0
91,CN7_L_000091,2,0,S3,-5.342094967745233,7.1448593658850506,0
92,CN7_L_000092,3,0,S3,-1.299652439937466,7.1448593658850506,0
93,CN7_L_000093,1,0,S3,1.7029443861578333,7.1448593658850506,0
95,CN7_L_000095,0,0,S3,4.406841809787622,7.1448593658850506,0
96,CN7_L_000096,3,0,S3,-2.1894130509877208,7.1448593658850506,0
97,CN7_L_000097,3,0,S3,0.5732295408077448,7.1448593658850506,0
98,CN7_L_000098,3,0,S3,2.9536748459991617,7.1448593658850506,0
99,CN7_L_000099,2,0,S3,-0.7739046482567531,7.1448593658850506,0
100,CN7_L_000100,3,0,S3,2.8559375752463474,7.1448593658850506,0
102,CN7_L_000102,3,0,S3,-1.0827593652139722,7.1448593658850506,0
103,CN7_L_000103,0,0,S3,6.055702232854061,7.1448593658850506,0
104,CN7_L_000104,2,0,S3,3.144381164658343,7.1448593658850506,0
106,CN7_L_000106,3,0,S3,-0.9640611518973596,7.1448593658850506,0
107,CN7_L_000107,0,0,S3,1.8258613995487298,7.1448593658850506,0
108,CN7_L_000108,2,0,S3,-0.3054868350419824,7.1448593658850506,0
109,CN7_L_000109,2,0,S3,2.4336026251926697,7.1448593658850506,0
110,CN7_L_000110,0,0,S3,4.987545405624926,7.1448593658850506,0
111,CN7_L_000111,1,0,S3,1.7862747215256878,7.1448593658850506,0
115,CN7_L_000115,0,0,S3,-1.0623990530067644,7.1448593658850506,0
117,CN7_L_000117,3,0,S3,4.628106726981108,7.1448593658850506,0
118,CN7_L_000118,3,0,S3,1.2734084296646202,7.1448593658850506,0
121,CN7_L_000121,3,0,S3,-4.305369116995081,7.1448593658850506,0
122,CN7_L_000122,3,0,S3,0.06863384466109679,7.1448593658850506,0
123,CN7_L_000123,0,0,S3,0.9246615827500495,7.1448593658850506,0
124,CN7_L_000124,2,0,S3,-0.9669906884793154,7.1448593658850506,0
125,CN7_L_000125,3,0,S3,0.4232060790961487,7.1448593658850506,0
126,CN7_L_000126,2,0,S3,0.4020162868392152,7.1448593658850506,0
127,CN7_L_000127,0,0,S3,1.2554710817677837,7.1448593658850506,0
128,CN7_L_000128,1,0,S3,-5.087286564260662,7.1448593658850506,0
129,CN7_L_000129,2,0,S3,-2.0648209797055337,7.1448593658850506,0
130,CN7_L_000130,1,0,S3,-0.13644502385607638,7.1448593658850506,0
131,CN7_L_000131,3,0,S3,-6.27145724987782,7.1448593658850506,0
132,CN7_L_000132,1,0,S3,-4.317207375787813,7.1448593658850506,0
133,CN7_L_000133,1,0,S3,3.6445942569666627,7.1448593658850506,0
134,CN7_L_000134,2,0,S3,-0.6614969787716287,7.1448593658850506,0
136,CN7_L_000136,0,0,S3,0.3065750302045078,7.1448593658850506,0
137,CN7_L_000137,3,0,S3,-0.6744235754736003,7.1448593658850506,0
138,CN7_L_000138,0,0,S3,1.3254060151309215,7.1448593658850506,0
139,CN7_L_000139,2,0,S3,-2.2673754034110534,7.1448593658850506,0
140,CN7_L_000140,1,0,S3,2.0668453977519405,7.1448593658850506,0
141,CN7_L_000141,3,0,S3,2.270930041353722,7.1448593658850506,0
143,CN7_L_000143,1,0,S3,-0.11424133335281361,7.1448593658850506,0
145,CN7_L_000145,0,0,S3,-2.2463881115626236,7.1448593658850506,0
146,CN7_L_000146,3,0,S3,-1.8511816816340243,7.1448593658850506,0
147,CN7_L_000147,1,0,S3,1.1268934658611105,7.1448593658850506,0
150,CN7_L_000150,3,0,S3,-0.42606509695037964,7.1448593658850506,0
151,CN7_L_000151,0,0,S3,0.49749798675635404,7.1448593658850506,0
153,CN7_L_000153,0,0,S3,1.6656938629635523,7.1448593658850506,0
154,CN7_L_000154,0,0,S3,5.978608542795797,7.1448593658850506,0
155,CN7_L_000155,1,0,S3,3.458498949607508,7.1448593658850506,0
156,CN7_L_000156,0,0,S3,5.485797940862344,7.1448593658850506,0
157,CN7_L_000157,0,0,S3,-2.4548134160374104,7.1448593658850506,0
158,CN7_L_000158,0,0,S3,3.1629127585399184,7.1448593658850506,0
159,CN7_L_000159,2,0,S3,-1.1857130150868382,7.1448593658850506,0
160,CN7_L_000160,1,0,S3,3.3469827049948293,7.1448593658850506,0
161,CN7_L_000161,1,0,S3,-3.9824134695323323,7.1448593658850506,0
162,CN7_L_000162,2,0,S3,1.079227632440963,7.1448593658850506,0
163,CN7_L_000163,2,0,S3,4.826893041626064,7.1448593658850506,0
164,CN7_L_000164,0,0,S3,9.44107920252811,7.1448593658850506,1
165,CN7_L_000165,2,0,S3,-0.8670771483032649,7.1448593658850506,0
166,CN7_L_000166,1,0,S3,-4.428286016666178,7.1448593658850506,0
167,CN7_L_000167,2,0,S3,-1.6722295792581772,7.1448593658850506,0
168,CN7_L_000168,3,0,S3,0.5976844527690552,7.1448593658850506,0
169,CN7_L_000169,2,0,S3,-3.6577599530585783,7.1448593658850506,0
171,CN7_L_000171,3,0,S3,-4.845037257477028,7.1448593658850506,0
172,CN7_L_000172,0,0,S3,-1.0564772827849929,7.1448593658850506,0
173,CN7_L_000173,3,0,S3,1.6322741599878245,7.1448593658850506,0
177,CN7_L_000177,1,0,S3,0.5414139395330562,7.1448593658850506,0
178,CN7_L_000178,0,0,S3,-2.5058574897989345,7.1448593658850506,0
179,CN7_L_000179,0,0,S3,-4.353749843351032,7.1448593658850506,0
181,CN7_L_000181,0,0,S3,1.7352226821621795,7.1448593658850506,0
182,CN7_L_000182,0,0,S3,1.1983476370241153,7.1448593658850506,0
183,CN7_L_000183,3,0,S3,-4.107648861806771,7.1448593658850506,0
184,CN7_L_000184,2,0,S3,-4.583179818066672,7.1448593658850506,0
186,CN7_L_000186,0,0,S3,-3.817171497399894,7.1448593658850506,0
187,CN7_L_000187,1,0,S3,-6.411518435783584,7.1448593658850506,0
188,CN7_L_000188,0,0,S3,-2.182260297343502,7.1448593658850506,0
189,CN7_L_000189,0,0,S3,1.6265993171624116,7.1448593658850506,0
190,CN7_L_000190,2,0,S3,-2.701063764479869,7.1448593658850506,0
191,CN7_L_000191,2,0,S3,-0.4961917274411327,7.1448593658850506,0
192,CN7_L_000192,0,0,S3,1.7519962601730823,7.1448593658850506,0
193,CN7_L_000193,2,0,S3,3.850978802335847,7.1448593658850506,0
194,CN7_L_000194,1,0,S3,4.313266678151338,7.1448593658850506,0
195,CN7_L_000195,0,0,S3,1.6189267984880154,7.1448593658850506,0
196,CN7_L_000196,0,0,S3,0.9923341019045644,7.1448593658850506,0
197,CN7_L_000197,3,0,S3,-0.3535534348335787,7.1448593658850506,0
198,CN7_L_000198,0,0,S3,-0.8470828644239958,7.1448593658850506,0
199,CN7_L_000199,2,0,S3,1.0137902121641176,7.1448593658850506,0
200,CN7_L_000200,3,0,S3,3.8883663318915316,7.1448593658850506,0
202,CN7_L_000202,0,0,S3,-0.5952895692402329,7.1448593658850506,0
204,CN7_L_000204,0,0,S3,-3.2090289138829515,7.1448593658850506,0
206,CN7_L_000206,1,0,S3,-0.3757948065277379,7.1448593658850506,0
207,CN7_L_000207,1,0,S3,2.0936758357761125,7.1448593658850506,0
208,CN7_L_000208,2,0,S3,2.684284772568507,7.1448593658850506,0
209,CN7_L_000209,3,0,S3,0.21095511752381846,7.1448593658850506,0
210,CN7_L_000210,3,0,S3,1.6354632428963338,7.1448593658850506,0
211,CN7_L_000211,3,0,S3,7.1448593658850506,7.1448593658850506,0
212,CN7_L_000212,3,0,S3,-0.3848750600707387,7.1448593658850506,0
213,CN7_L_000213,3,0,S3,-1.108468634532322,7.1448593658850506,0
216,CN7_L_000216,3,0,S3,-0.7455009551344887,7.1448593658850506,0
217,CN7_L_000217,1,0,S3,-3.641538278055611,7.1448593658850506,0
218,CN7_L_000218,2,0,S3,-2.4969033270675816,7.1448593658850506,0
220,CN7_L_000220,2,0,S3,-1.2809494990265282,7.1448593658850506,0
221,CN7_L_000221,2,0,S3,0.7061451797358274,7.1448593658850506,0
222,CN7_L_000222,3,0,S3,-4.401635479252006,7.1448593658850506,0
223,CN7_L_000223,1,0,S3,4.57471723733433,7.1448593658850506,0
224,CN7_L_000224,3,0,S3,-0.30540497282978407,7.1448593658850506,0
225,CN7_L_000225,0,0,S3,0.05545000063279382,7.1448593658850506,0
226,CN7_L_000226,3,0,S3,0.4423954727214987,7.1448593658850506,0
231,CN7_L_000231,1,0,S3,3.3363042916948267,7.1448593658850506,0
232,CN7_L_000232,1,0,S3,-0.24034735329094303,7.1448593658850506,0
233,CN7_L_000233,1,0,S3,2.2320733595032998,7.1448593658850506,0
234,CN7_L_000234,3,0,S3,1.1201116013857728,7.1448593658850506,0
235,CN7_L_000235,3,0,S3,1.8981699403678167,7.1448593658850506,0
236,CN7_L_000236,0,0,S3,-3.7483063619114034,7.1448593658850506,0
237,CN7_L_000237,3,0,S3,0.8217412939597342,7.1448593658850506,0
238,CN7_L_000238,1,0,S3,-1.5159719206936622,7.1448593658850506,0
239,CN7_L_000239,1,0,S3,1.9394483149647108,7.1448593658850506,0
241,CN7_L_000241,1,0,S3,0.5027128277366568,7.1448593658850506,0
242,CN7_L_000242,0,0,S3,4.0156485888677595,7.1448593658850506,0
243,CN7_L_000243,2,0,S3,-2.730137331038991,7.1448593658850506,0
245,CN7_L_000245,1,0,S3,-0.7113155887977332,7.1448593658850506,0
246,CN7_L_000246,1,0,S3,-0.4175095860881832,7.1448593658850506,0
247,CN7_L_000247,1,0,S3,4.624183766848619,7.1448593658850506,0
248,CN7_L_000248,2,0,S3,-1.7673131286527504,7.1448593658850506,0
249,CN7_L_000249,3,0,S3,-0.7011533955394693,7.1448593658850506,0
250,CN7_L_000250,1,0,S3,-3.5020372695504243,7.1448593658850506,0
251,CN7_L_000251,2,0,S3,2.6142214402883184,7.1448593658850506,0
252,CN7_L_000252,1,0,S3,0.6899236554648347,7.1448593658850506,0
253,CN7_L_000253,3,0,S3,-3.4616622635636958,7.1448593658850506,0
254,CN7_L_000254,3,0,S3,-0.3837570417710232,7.1448593658850506,0
256,CN7_L_000256,3,0,S3,0.18604989934118343,7.1448593658850506,0
258,CN7_L_000258,2,0,S3,-2.878343347514395,7.1448593658850506,0
259,CN7_L_000259,0,0,S3,-1.6935225386802966,7.1448593658850506,0
260,CN7_L_000260,1,0,S3,0.20447126395836968,7.1448593658850506,0
261,CN7_L_000261,3,0,S3,3.11686232739358,7.1448593658850506,0
262,CN7_L_000262,3,0,S3,-2.444561113977837,7.1448593658850506,0
263,CN7_L_000263,2,0,S3,-4.984251651282239,7.1448593658850506,0
264,CN7_L_000264,3,0,S3,0.027200655073587043,7.1448593658850506,0
267,CN7_L_000267,0,0,S3,-1.8166079543443558,7.1448593658850506,0
268,CN7_L_000268,0,0,S3,-1.7958145311127467,7.1448593658850506,0
269,CN7_L_000269,1,0,S3,-3.1413035508046114,7.1448593658850506,0
270,CN7_L_000270,2,0,S3,-5.888852603324967,7.1448593658850506,0
271,CN7_L_000271,0,0,S3,-4.173432097368051,7.1448593658850506,0
272,CN7_L_000272,2,0,S3,-4.441503115497273,7.1448593658850506,0
273,CN7_L_000273,3,0,S3,-0.5409165906931843,7.1448593658850506,0
275,CN7_L_000275,1,0,S3,-5.446787841894565,7.1448593658850506,0
276,CN7_L_000276,1,0,S3,-2.8285494269230433,7.1448593658850506,0
277,CN7_L_000277,1,0,S3,-2.0627063333193973,7.1448593658850506,0
278,CN7_L_000278,1,0,S3,0.9183127127645232,7.1448593658850506,0
279,CN7_L_000279,0,0,S3,0.07602069734295647,7.1448593658850506,0
280,CN7_L_000280,3,0,S3,1.0828409468013458,7.1448593658850506,0
282,CN7_L_000282,0,0,S3,-0.4450206066816289,7.1448593658850506,0
285,CN7_L_000285,0,0,S3,-1.301884246862656,7.1448593658850506,0
286,CN7_L_000286,0,0,S3,-4.250303259539921,7.1448593658850506,0
288,CN7_L_000288,2,0,S3,-3.5902715917994126,7.1448593658850506,0
289,CN7_L_000289,1,0,S3,-5.847102781664994,7.1448593658850506,0
291,CN7_L_000291,3,0,S3,-3.0821716896647757,7.1448593658850506,0
292,CN7_L_000292,3,0,S3,2.5480842392342105,7.1448593658850506,0
293,CN7_L_000293,1,0,S3,3.3084254621990308,7.1448593658850506,0
294,CN7_L_000294,2,0,S3,-4.217388082076486,7.1448593658850506,0
295,CN7_L_000295,1,0,S3,-1.4339827869796853,7.1448593658850506,0
296,CN7_L_000296,3,0,S3,-1.3265282035917547,7.1448593658850506,0
297,CN7_L_000297,1,0,S3,-6.020184526522421,7.1448593658850506,0
298,CN7_L_000298,0,0,S3,-2.281333762692542,7.1448593658850506,0
299,CN7_L_000299,1,0,S3,2.4881876171508246,7.1448593658850506,0
300,CN7_L_000300,1,0,S3,-2.3841485482822833,7.1448593658850506,0
301,CN7_L_000301,1,0,S3,-0.16986992827663983,7.1448593658850506,0
303,CN7_L_000303,1,0,S3,-3.9988070243632734,7.1448593658850506,0
304,CN7_L_000304,0,0,S3,-2.660526461793644,7.1448593658850506,0
305,CN7_L_000305,0,0,S3,-1.8364392417052269,7.1448593658850506,0
307,CN7_L_000307,3,0,S3,0.8695862643790893,7.1448593658850506,0
308,CN7_L_000308,0,0,S3,-1.5241138986512404,7.1448593658850506,0
310,CN7_L_000310,3,0,S3,-0.7872992082401282,7.1448593658850506,0
311,CN7_L_000311,1,0,S3,-2.1417851985796386,7.1448593658850506,0
312,CN7_L_000312,2,0,S3,0.30945717723085764,7.1448593658850506,0
313,CN7_L_000313,0,0,S3,-0.004448662250711166,7.1448593658850506,0
314,CN7_L_000314,1,0,S3,-0.07492289003627839,7.1448593658850506,0
315,CN7_L_000315,2,0,S3,-3.216574582849022,7.1448593658850506,0
316,CN7_L_000316,3,0,S3,-3.113839966648248,7.1448593658850506,0
317,CN7_L_000317,3,0,S3,0.8517640233316648,7.1448593658850506,0
318,CN7_L_000318,2,0,S3,-0.6598224575895522,7.1448593658850506,0
319,CN7_L_000319,0,0,S3,-4.605600277880656,7.1448593658850506,0
320,CN7_L_000320,2,0,S3,-4.9244831997741585,7.1448593658850506,0
321,CN7_L_000321,0,0,S3,-3.3397257663046194,7.1448593658850506,0
323,CN7_L_000323,0,0,S3,-3.6397605510625404,7.1448593658850506,0
324,CN7_L_000324,0,0,S3,0.1752470939621915,7.1448593658850506,0
325,CN7_L_000325,1,0,S3,1.6186954238960425,7.1448593658850506,0
326,CN7_L_000326,1,0,S3,-2.2083571559296846,7.1448593658850506,0
328,CN7_L_000328,1,0,S3,-0.33264897209779853,7.1448593658850506,0
330,CN7_L_000330,1,0,S3,-5.8754257105655086,7.1448593658850506,0
331,CN7_L_000331,1,0,S3,-4.954428400243099,7.1448593658850506,0
332,CN7_L_000332,0,0,S3,-0.9438813055936581,7.1448593658850506,0
333,CN7_L_000333,2,0,S3,-2.4672613717871403,7.1448593658850506,0
334,CN7_L_000334,3,0,S3,-5.3442140819229635,7.1448593658850506,0
335,CN7_L_000335,3,0,S3,1.8475629445002344,7.1448593658850506,0
336,CN7_L_000336,2,0,S3,-0.9300591334691024,7.1448593658850506,0
337,CN7_L_000337,2,0,S3,-5.603027313070719,7.1448593658850506,0
338,CN7_L_000338,2,0,S3,-2.385577395643354,7.1448593658850506,0
339,CN7_L_000339,3,0,S3,-3.7613470643022353,7.1448593658850506,0
340,CN7_L_000340,2,0,S3,2.1501317604004395,7.1448593658850506,0
342,CN7_L_000342,1,0,S3,3.2227401245692686,7.1448593658850506,0
343,CN7_L_000343,2,0,S3,0.7180313614007066,7.1448593658850506,0
345,CN7_L_000345,1,0,S3,-1.0012778017408248,7.1448593658850506,0
346,CN7_L_000346,3,0,S3,-2.8392432306184663,7.1448593658850506,0
347,CN7_L_000347,1,0,S3,-2.9078312499488135,7.1448593658850506,0
348,CN7_L_000348,1,0,S3,0.685243746623323,7.1448593658850506,0
349,CN7_L_000349,3,0,S3,-2.550175386405975,7.1448593658850506,0
350,CN7_L_000350,2,0,S3,-4.482832393575219,7.1448593658850506,0
352,CN7_L_000352,2,0,S3,-2.483693302506717,7.1448593658850506,0
354,CN7_L_000354,3,0,S3,-1.705103352159746,7.1448593658850506,0
355,CN7_L_000355,2,0,S3,-4.006056968339237,7.1448593658850506,0
356,CN7_L_000356,2,0,S3,4.487393765708551,7.1448593658850506,0
358,CN7_L_000358,2,0,S3,-3.7157245198971562,7.1448593658850506,0
360,CN7_L_000360,2,0,S3,1.9722435528280648,7.1448593658850506,0
361,CN7_L_000361,2,0,S3,4.296909165073619,7.1448593658850506,0
362,CN7_L_000362,0,0,S3,3.3836813026313166,7.1448593658850506,0
363,CN7_L_000363,1,0,S3,2.5882961172802936,7.1448593658850506,0
364,CN7_L_000364,2,0,S3,5.2183023539560205,7.1448593658850506,0
365,CN7_L_000365,2,0,S3,0.9332567079701857,7.1448593658850506,0
366,CN7_L_000366,2,0,S3,-0.5736822210196646,7.1448593658850506,0
367,CN7_L_000367,3,0,S3,1.903790806884471,7.1448593658850506,0
368,CN7_L_000368,2,0,S3,0.05982900290454829,7.1448593658850506,0
369,CN7_L_000369,1,0,S3,-3.5501479246042216,7.1448593658850506,0
370,CN7_L_000370,2,0,S3,-3.113376916242096,7.1448593658850506,0
371,CN7_L_000371,1,0,S3,0.15600013340834273,7.1448593658850506,0
372,CN7_L_000372,1,0,S3,0.7705957362780573,7.1448593658850506,0
374,CN7_L_000374,1,0,S3,-1.0268351592635696,7.1448593658850506,0
375,CN7_L_000375,2,0,S3,-0.8209871605617689,7.1448593658850506,0
376,CN7_L_000376,1,0,S3,2.4361102890476616,7.1448593658850506,0
377,CN7_L_000377,0,0,S3,0.7635934935796111,7.1448593658850506,0
378,CN7_L_000378,1,0,S3,-1.2159035150365387,7.1448593658850506,0
379,CN7_L_000379,3,0,S3,-0.9863745075024912,7.1448593658850506,0
381,CN7_L_000381,1,0,S3,0.7574654846685469,7.1448593658850506,0
382,CN7_L_000382,3,0,S3,-1.6774975715142038,7.1448593658850506,0
383,CN7_L_000383,3,0,S3,0.9598305646702237,7.1448593658850506,0
384,CN7_L_000384,1,0,S3,-5.960197043932844,7.1448593658850506,0
385,CN7_L_000385,2,0,S3,1.4645457823079902,7.1448593658850506,0
387,CN7_L_000387,3,0,S3,0.6486691605043298,7.1448593658850506,0
388,CN7_L_000388,0,0,S3,-0.7309360694154261,7.1448593658850506,0
389,CN7_L_000389,2,0,S3,0.13111134671359714,7.1448593658850506,0
390,CN7_L_000390,3,0,S3,-0.501071594322525,7.1448593658850506,0
391,CN7_L_000391,1,0,S3,-5.215768560279297,7.1448593658850506,0
394,CN7_L_000394,3,0,S3,-2.305926902526819,7.1448593658850506,0
395,CN7_L_000395,0,0,S3,-0.9068306266858688,7.1448593658850506,0
396,CN7_L_000396,3,0,S3,1.7656407264440492,7.1448593658850506,0
397,CN7_L_000397,0,0,S3,-1.4054952072428328,7.1448593658850506,0
398,CN7_L_000398,2,0,S3,-3.5562543454367574,7.1448593658850506,0
400,CN7_L_000400,0,0,S3,-4.9960561704333255,7.1448593658850506,0
402,CN7_L_000402,2,0,S3,-7.211464493213139,7.1448593658850506,0
404,CN7_L_000404,1,0,S3,-1.6394408080955838,7.1448593658850506,0
406,CN7_L_000406,1,0,S3,-3.1130038147547943,7.1448593658850506,0
407,CN7_L_000407,0,0,S3,2.3388771876252514,7.1448593658850506,0
408,CN7_L_000408,0,0,S3,5.6838959225467205,7.1448593658850506,0
409,CN7_L_000409,0,0,S3,3.691078818199893,7.1448593658850506,0
410,CN7_L_000410,1,0,S3,-4.091901412316009,7.1448593658850506,0
411,CN7_L_000411,1,0,S3,-6.058906231905144,7.1448593658850506,0
412,CN7_L_000412,3,0,S3,-2.913854395455747,7.1448593658850506,0
413,CN7_L_000413,2,0,S3,-3.7086579808677964,7.1448593658850506,0
414,CN7_L_000414,1,0,S3,1.0273980160474157,7.1448593658850506,0
416,CN7_L_000416,0,0,S3,-1.609308627532183,7.1448593658850506,0
417,CN7_L_000417,0,0,S3,0.6060645527571733,7.1448593658850506,0
418,CN7_L_000418,2,0,S3,-3.462008919567948,7.1448593658850506,0
419,CN7_L_000419,2,0,S3,-1.458890213199835,7.1448593658850506,0
421,CN7_L_000421,3,0,S3,-3.3612501879624386,7.1448593658850506,0
422,CN7_L_000422,1,0,S3,-1.9567433453409446,7.1448593658850506,0
423,CN7_L_000423,0,0,S3,-0.6315619743164316,7.1448593658850506,0
424,CN7_L_000424,3,0,S3,2.167599142593433,7.1448593658850506,0
425,CN7_L_000425,1,0,S3,-3.577565463942017,7.1448593658850506,0
426,CN7_L_000426,2,0,S3,-3.7663082478436696,7.1448593658850506,0
428,CN7_L_000428,2,0,S3,-2.5989438387031587,7.1448593658850506,0
429,CN7_L_000429,3,0,S3,2.544587633067307,7.1448593658850506,0
430,CN7_L_000430,0,0,S3,-2.2288975979439485,7.1448593658850506,0
433,CN7_L_000433,2,0,S3,2.508577982729296,7.1448593658850506,0
434,CN7_L_000434,3,0,S3,-2.9114155635303653,7.1448593658850506,0
435,CN7_L_000435,0,0,S3,-3.5419765394877984,7.1448593658850506,0
436,CN7_L_000436,1,0,S3,-4.88398215419754,7.1448593658850506,0
437,CN7_L_000437,3,0,S3,-4.734561544519142,7.1448593658850506,0
438,CN7_L_000438,1,0,S3,2.0015525320356105,7.1448593658850506,0
439,CN7_L_000439,1,0,S3,0.49821581074830057,7.1448593658850506,0
440,CN7_L_000440,0,0,S3,-1.5387505094834228,7.1448593658850506,0
442,CN7_L_000442,2,0,S3,-2.209617237357431,7.1448593658850506,0
443,CN7_L_000443,1,0,S3,-0.008823413434029703,7.1448593658850506,0
445,CN7_L_000445,0,0,S3,-1.9333045308067405,7.1448593658850506,0
446,CN7_L_000446,0,0,S3,-0.657696922047009,7.1448593658850506,0
447,CN7_L_000447,0,0,S3,0.11232776713806736,7.1448593658850506,0
448,CN7_L_000448,2,0,S3,-0.573401631874269,7.1448593658850506,0
450,CN7_L_000450,2,0,S3,-0.4474117508273814,7.1448593658850506,0
451,CN7_L_000451,1,0,S3,-0.5102207292734526,7.1448593658850506,0
452,CN7_L_000452,3,0,S3,-1.389799112151831,7.1448593658850506,0
453,CN7_L_000453,0,0,S3,-0.7863151966096957,7.1448593658850506,0
454,CN7_L_000454,3,0,S3,2.079020305025198,7.1448593658850506,0
455,CN7_L_000455,1,0,S3,4.103135957503709,7.1448593658850506,0
456,CN7_L_000456,2,0,S3,3.4735074413375884,7.1448593658850506,0
457,CN7_L_000457,2,0,S3,-1.1875634170401508,7.1448593658850506,0
458,CN7_L_000458,1,0,S3,4.002567616187843,7.1448593658850506,0
459,CN7_L_000459,3,0,S3,0.1989003610104234,7.1448593658850506,0
460,CN7_L_000460,1,0,S3,2.165927998471311,7.1448593658850506,0
461,CN7_L_000461,0,0,S3,3.020220114330269,7.1448593658850506,0
463,CN7_L_000463,1,0,S3,-2.610958806245902,7.1448593658850506,0
464,CN7_L_000464,1,0,S3,-1.9071805656577023,7.1448593658850506,0
465,CN7_L_000465,3,0,S3,-1.5527827034332127,7.1448593658850506,0
466,CN7_L_000466,0,0,S3,0.4653747532079606,7.1448593658850506,0
467,CN7_L_000467,2,0,S3,-2.070004506428079,7.1448593658850506,0
470,CN7_L_000470,3,0,S3,1.2939817652036538,7.1448593658850506,0
471,CN7_L_000471,0,0,S3,0.046441743894170884,7.1448593658850506,0
474,CN7_L_000474,2,0,S3,-1.704143367885889,7.1448593658850506,0
476,CN7_L_000476,0,0,S3,-2.8797788923181216,7.1448593658850506,0
477,CN7_L_000477,1,0,S3,-3.5437990007570477,7.1448593658850506,0
478,CN7_L_000478,0,0,S3,-0.2936478462049834,7.1448593658850506,0
479,CN7_L_000479,3,0,S3,-0.029304320031069864,7.1448593658850506,0
481,CN7_L_000481,3,0,S3,-4.885057374380015,7.1448593658850506,0
482,CN7_L_000482,1,0,S3,2.989104195397225,7.1448593658850506,0
483,CN7_L_000483,2,0,S3,-4.014545505429162,7.1448593658850506,0
484,CN7_L_000484,3,0,S3,3.2039880915646357,7.1448593658850506,0
486,CN7_L_000486,3,0,S3,3.7840796955522844,7.1448593658850506,0
487,CN7_L_000487,2,0,S3,-3.7338273941104774,7.1448593658850506,0
491,CN7_L_000491,1,0,S3,0.031588404212959276,7.1448593658850506,0
492,CN7_L_000492,1,0,S3,5.128610231596653,7.1448593658850506,0
493,CN7_L_000493,1,0,S3,4.215757465445256,7.1448593658850506,0
494,CN7_L_000494,2,0,S3,-1.8876103419348134,7.1448593658850506,0
495,CN7_L_000495,3,0,S3,-0.9943150620873364,7.1448593658850506,0
496,CN7_L_000496,2,0,S3,-3.0946526491697792,7.1448593658850506,0
497,CN7_L_000497,3,0,S3,-1.511925326219501,7.1448593658850506,0
499,CN7_L_000499,3,0,S3,-2.3128527142310844,7.1448593658850506,0
500,CN7_L_000500,2,0,S3,-3.808690584005342,7.1448593658850506,0
501,CN7_L_000501,2,0,S3,-4.337060544690857,7.1448593658850506,0
502,CN7_L_000502,2,0,S3,-2.297442963249594,7.1448593658850506,0
504,CN7_L_000504,1,0,S3,-2.8571347346001144,7.1448593658850506,0
507,CN7_L_000507,1,0,S3,-0.13521622787454746,7.1448593658850506,0
508,CN7_L_000508,0,0,S3,-2.061827834350577,7.1448593658850506,0
509,CN7_L_000509,1,0,S3,-4.569342040387966,7.1448593658850506,0
510,CN7_L_000510,1,0,S3,3.283796129917654,7.1448593658850506,0
511,CN7_L_000511,2,0,S3,4.918323441339049,7.1448593658850506,0
513,CN7_L_000513,2,0,S3,0.7739002211665351,7.1448593658850506,0
514,CN7_L_000514,0,0,S3,2.6024078812731055,7.1448593658850506,0
515,CN7_L_000515,0,0,S3,2.184534529944905,7.1448593658850506,0
516,CN7_L_000516,3,0,S3,-2.0775262503992025,7.1448593658850506,0
517,CN7_L_000517,0,0,S3,2.2977616375687617,7.1448593658850506,0
519,CN7_L_000519,3,0,S3,0.35548926799233627,7.1448593658850506,0
520,CN7_L_000520,3,0,S3,-3.6449587541081794,7.1448593658850506,0
521,CN7_L_000521,0,0,S3,2.344095954032606,7.1448593658850506,0
523,CN7_L_000523,0,0,S3,1.6079954888998262,7.1448593658850506,0
525,CN7_L_000525,1,0,S3,3.565990807135389,7.1448593658850506,0
526,CN7_L_000526,0,0,S3,-0.3542954949790218,7.1448593658850506,0
527,CN7_L_000527,2,0,S3,-3.2391195397426777,7.1448593658850506,0
528,CN7_L_000528,3,0,S3,2.86644280256267,7.1448593658850506,0
529,CN7_L_000529,0,0,S3,-2.821075626746927,7.1448593658850506,0
530,CN7_L_000530,2,0,S3,-1.1301434067429827,7.1448593658850506,0
532,CN7_L_000532,3,0,S3,-1.5465952123485902,7.1448593658850506,0
533,CN7_L_000533,0,0,S3,2.842931178046749,7.1448593658850506,0
534,CN7_L_000534,2,0,S3,-0.27407741270832453,7.1448593658850506,0
535,CN7_L_000535,2,0,S3,-0.9689706776376461,7.1448593658850506,0
536,CN7_L_000536,2,0,S3,-2.512895695253558,7.1448593658850506,0
537,CN7_L_000537,0,0,S3,-2.974638467391669,7.1448593658850506,0
538,CN7_L_000538,2,0,S3,-4.145994956719267,7.1448593658850506,0
539,CN7_L_000539,0,0,S3,0.9879252917040162,7.1448593658850506,0
541,CN7_L_000541,3,0,S3,-2.412057526619222,7.1448593658850506,0
542,CN7_L_000542,2,0,S3,0.3713203330320276,7.1448593658850506,0
543,CN7_L_000543,1,0,S3,-4.671785148911628,7.1448593658850506,0
544,CN7_L_000544,2,0,S3,2.612135410848646,7.1448593658850506,0
545,CN7_L_000545,3,0,S3,-2.031687424617715,7.1448593658850506,0
546,CN7_L_000546,1,0,S3,4.07912476112391,7.1448593658850506,0
547,CN7_L_000547,2,0,S3,-0.30049742464851015,7.1448593658850506,0
548,CN7_L_000548,3,0,S3,5.498047033989654,7.1448593658850506,0
549,CN7_L_000549,2,0,S3,-1.800735931829804,7.1448593658850506,0
550,CN7_L_000550,2,0,S3,-4.087993885334599,7.1448593658850506,0
551,CN7_L_000551,0,0,S3,-2.357209896821699,7.1448593658850506,0
553,CN7_L_000553,3,0,S3,-0.09887458815753192,7.1448593658850506,0
555,CN7_L_000555,0,0,S3,-0.5572346239857833,7.1448593658850506,0
556,CN7_L_000556,1,0,S3,-2.24582291324937,7.1448593658850506,0
557,CN7_L_000557,1,0,S3,-2.692127623928725,7.1448593658850506,0
558,CN7_L_000558,3,0,S3,1.748377353557311,7.1448593658850506,0
559,CN7_L_000559,1,0,S3,-1.6579245200492583,7.1448593658850506,0
560,CN7_L_000560,1,0,S3,0.362279608496074,7.1448593658850506,0
561,CN7_L_000561,0,0,S3,-1.895803826964416,7.1448593658850506,0
562,CN7_L_000562,0,0,S3,-1.3409699326383002,7.1448593658850506,0
563,CN7_L_000563,2,0,S3,-4.525831267830043,7.1448593658850506,0
564,CN7_L_000564,1,0,S3,-1.9419545203893822,7.1448593658850506,0
566,CN7_L_000566,2,0,S3,-2.078106615433482,7.1448593658850506,0
567,CN7_L_000567,0,0,S3,3.4425502898331484,7.1448593658850506,0
568,CN7_L_000568,2,0,S3,2.4692266804370337,7.1448593658850506,0
569,CN7_L_000569,1,0,S3,1.229574684888636,7.1448593658850506,0
570,CN7_L_000570,2,0,S3,-1.5005975688586837,7.1448593658850506,0
571,CN7_L_000571,3,0,S3,-1.6828694323572098,7.1448593658850506,0
572,CN7_L_000572,1,0,S3,-0.9354169057332928,7.1448593658850506,0
573,CN7_L_000573,3,0,S3,-0.3994111815433712,7.1448593658850506,0
575,CN7_L_000575,2,0,S3,3.6913489656298797,7.1448593658850506,0
576,CN7_L_000576,3,0,S3,-4.279221324289216,7.1448593658850506,0
578,CN7_L_000578,2,0,S3,-0.4991977180187561,7.1448593658850506,0
579,CN7_L_000579,2,0,S3,-0.10473121111300365,7.1448593658850506,0
580,CN7_L_000580,2,0,S3,0.12017929416879625,7.1448593658850506,0
581,CN7_L_000581,1,0,S3,1.0674360656161959,7.1448593658850506,0
582,CN7_L_000582,1,0,S3,0.5550352907985623,7.1448593658850506,0
583,CN7_L_000583,1,0,S3,-2.033541240663082,7.1448593658850506,0
584,CN7_L_000584,3,0,S3,-1.7712199662126373,7.1448593658850506,0
585,CN7_L_000585,0,0,S3,-2.685955364201659,7.1448593658850506,0
586,CN7_L_000586,3,0,S3,-5.616454608375783,7.1448593658850506,0
587,CN7_L_000587,0,0,S3,1.5967669010987553,7.1448593658850506,0
590,CN7_L_000590,3,0,S3,3.724727378960348,7.1448593658850506,0
592,CN7_L_000592,2,0,S3,3.8077209901588525,7.1448593658850506,0
593,CN7_L_000593,1,0,S3,-4.406660886301729,7.1448593658850506,0
594,CN7_L_000594,1,0,S3,0.6913532789460692,7.1448593658850506,0
595,CN7_L_000595,3,0,S3,-0.8253976667414022,7.1448593658850506,0
596,CN7_L_000596,0,0,S3,1.8679170779035603,7.1448593658850506,0
597,CN7_L_000597,1,0,S3,1.2542979358700368,7.1448593658850506,0
598,CN7_L_000598,0,0,S3,-1.4080485260888445,7.1448593658850506,0
599,CN7_L_000599,0,0,S3,-1.1532396047794364,7.1448593658850506,0
601,CN7_L_000601,2,0,S3,5.08103673343786,7.1448593658850506,0
602,CN7_L_000602,2,0,S3,2.450464939088178,7.1448593658850506,0
604,CN7_L_000604,3,0,S3,11.433091451557033,7.1448593658850506,1
605,CN7_L_000605,0,0,S3,9.44116572873255,7.1448593658850506,1
0,CN7_L_000000,0,0,S4,-0.01744423432469233,0.01783616683377609,0
2,CN7_L_000002,0,0,S4,-0.004782622269699388,0.01783616683377609,0
3,CN7_L_000003,0,0,S4,-0.0255892885954081,0.01783616683377609,0
4,CN7_L_000004,3,0,S4,-0.016540013679785304,0.01783616683377609,0
5,CN7_L_000005,2,0,S4,-0.037819183535606093,0.01783616683377609,0
6,CN7_L_000006,2,0,S4,-0.04112094629461538,0.01783616683377609,0
7,CN7_L_000007,1,0,S4,-0.04218904873818374,0.01783616683377609,0
8,CN7_L_000008,0,0,S4,-0.02193225970163848,0.01783616683377609,0
9,CN7_L_000009,1,0,S4,-0.006233558400003503,0.01783616683377609,0
10,CN7_L_000010,0,0,S4,-0.024548198283556033,0.01783616683377609,0
11,CN7_L_000011,0,0,S4,-0.02667418181271497,0.01783616683377609,0
12,CN7_L_000012,1,0,S4,-0.015714215662030462,0.01783616683377609,0
15,CN7_L_000015,2,0,S4,-0.04634600538323408,0.01783616683377609,0
16,CN7_L_000016,1,0,S4,-0.03194312532585375,0.01783616683377609,0
17,CN7_L_000017,3,0,S4,-0.026057977439901236,0.01783616683377609,0
18,CN7_L_000018,2,0,S4,-0.00021356780492620686,0.01783616683377609,0
19,CN7_L_000019,1,0,S4,-0.027454348721852817,0.01783616683377609,0
22,CN7_L_000022,0,0,S4,-0.0031377699571129014,0.01783616683377609,0
23,CN7_L_000023,3,0,S4,-0.016814491118089414,0.01783616683377609,0
24,CN7_L_000024,3,1,S4,-0.013341404603979257,0.01783616683377609,0
25,CN7_L_000025,0,0,S4,-0.020573807446217174,0.01783616683377609,0
26,CN7_L_000026,0,0,S4,-0.00982288022609712,0.01783616683377609,0
27,CN7_L_000027,3,0,S4,-0.015234374923585925,0.01783616683377609,0
29,CN7_L_000029,0,0,S4,-0.01116269708069062,0.01783616683377609,0
30,CN7_L_000030,1,0,S4,-0.0314581290571585,0.01783616683377609,0
31,CN7_L_000031,0,0,S4,-0.021861534538290428,0.01783616683377609,0
32,CN7_L_000032,2,0,S4,-0.014261897343937235,0.01783616683377609,0
34,CN7_L_000034,3,0,S4,-0.029134087072359094,0.01783616683377609,0
36,CN7_L_000036,0,0,S4,-0.021313108773658662,0.01783616683377609,0
37,CN7_L_000037,0,0,S4,-0.006888480317823742,0.01783616683377609,0
38,CN7_L_000038,3,0,S4,-0.027534351692045433,0.01783616683377609,0
39,CN7_L_000039,0,0,S4,-0.020115168189716037,0.01783616683377609,0
40,CN7_L_000040,1,1,S4,-0.02161493058396946,0.01783616683377609,0
41,CN7_L_000041,1,0,S4,-0.021538972933488942,0.01783616683377609,0
43,CN7_L_000043,0,0,S4,-0.022015279730053905,0.01783616683377609,0
44,CN7_L_000044,3,0,S4,-0.019012722683471317,0.01783616683377609,0
45,CN7_L_000045,0,0,S4,-0.022079279837275756,0.01783616683377609,0
46,CN7_L_000046,0,0,S4,-0.014338861135125391,0.01783616683377609,0
47,CN7_L_000047,2,0,S4,-0.028747336436492077,0.01783616683377609,0
48,CN7_L_000048,0,1,S4,0.03448081361201538,0.01783616683377609,1
49,CN7_L_000049,3,0,S4,-0.018619899379945792,0.01783616683377609,0
52,CN7_L_000052,2,1,S4,-0.033120598448607375,0.01783616683377609,0
53,CN7_L_000053,1,1,S4,-0.020444000282179076,0.01783616683377609,0
54,CN7_L_000054,3,1,S4,-0.01139864467796059,0.01783616683377609,0
55,CN7_L_000055,0,1,S4,-0.030167003565199302,0.01783616683377609,0
56,CN7_L_000056,2,1,S4,-0.03243496326384765,0.01783616683377609,0
58,CN7_L_000058,1,1,S4,0.2968755663300149,0.01783616683377609,1
59,CN7_L_000059,3,1,S4,0.5121982193097256,0.01783616683377609,1
60,CN7_L_000060,2,1,S4,0.34431578651577155,0.01783616683377609,1
62,CN7_L_000062,1,0,S4,-0.04731449228186513,0.01783616683377609,0
63,CN7_L_000063,3,0,S4,-0.03273803078378901,0.01783616683377609,0
64,CN7_L_000064,3,0,S4,-0.02656064190023333,0.01783616683377609,0
65,CN7_L_000065,2,0,S4,-0.02131296359366086,0.01783616683377609,0
67,CN7_L_000067,3,0,S4,-0.009262104236809066,0.01783616683377609,0
68,CN7_L_000068,3,0,S4,-0.014016270013934573,0.01783616683377609,0
69,CN7_L_000069,2,0,S4,-0.011026928184532991,0.01783616683377609,0
70,CN7_L_000070,1,0,S4,-0.022248689803009647,0.01783616683377609,0
71,CN7_L_000071,2,0,S4,-0.01534880418983775,0.01783616683377609,0
73,CN7_L_000073,0,0,S4,-0.02516074180790806,0.01783616683377609,0
74,CN7_L_000074,0,0,S4,-0.015452735045741406,0.01783616683377609,0
77,CN7_L_000077,2,0,S4,-0.01773908884810993,0.01783616683377609,0
79,CN7_L_000079,3,0,S4,-0.015159364139154974,0.01783616683377609,0
80,CN7_L_000080,2,0,S4,-0.01586355145011087,0.01783616683377609,0
81,CN7_L_000081,2,0,S4,-0.03976861742597304,0.01783616683377609,0
82,CN7_L_000082,3,0,S4,-0.019897533829718483,0.01783616683377609,0
83,CN7_L_000083,2,0,S4,-0.038103662197245924,0.01783616683377609,0
84,CN7_L_000084,3,0,S4,-0.02178707804334934,0.01783616683377609,0
86,CN7_L_000086,0,0,S4,-0.019340721438506847,0.01783616683377609,0
87,CN7_L_000087,3,0,S4,-0.02773332735349765,0.01783616683377609,0
88,CN7_L_000088,0,0,S4,-0.02411778177311863,0.01783616683377609,0
89,CN7_L_000089,3,0,S4,-0.017319508651320703,0.01783616683377609,0
90,CN7_L_000090,1,0,S4,-0.024232511325676498,0.01783616683377609,0
91,CN7_L_000091,2,0,S4,-0.03920328059747202,0.01783616683377609,0
92,CN7_L_000092,3,0,S4,-0.03453098146416966,0.01783616683377609,0
93,CN7_L_000093,1,0,S4,-0.031734600568463556,0.01783616683377609,0
95,CN7_L_000095,0,0,S4,0.0017219783568096503,0.01783616683377609,0
96,CN7_L_000096,3,0,S4,-0.02893235652202275,0.01783616683377609,0
97,CN7_L_000097,3,0,S4,-0.021781264248425636,0.01783616683377609,0
98,CN7_L_000098,3,0,S4,-0.005972002827451028,0.01783616683377609,0
99,CN7_L_000099,2,0,S4,-0.04720698804371537,0.01783616683377609,0
100,CN7_L_000100,3,0,S4,-0.017117075695294304,0.01783616683377609,0
102,CN7_L_000102,3,0,S4,-0.016802402555209817,0.01783616683377609,0
103,CN7_L_000103,0,0,S4,0.010923168057356492,0.01783616683377609,0
104,CN7_L_000104,2,0,S4,-0.0165501695756598,0.01783616683377609,0
106,CN7_L_000106,3,0,S4,-0.011168860194630703,0.01783616683377609,0
107,CN7_L_000107,0,0,S4,-0.015611637803297995,0.01783616683377609,0
108,CN7_L_000108,2,0,S4,-0.03602322443090156,0.01783616683377609,0
109,CN7_L_000109,2,0,S4,-0.022307158216364975,0.01783616683377609,0
110,CN7_L_000110,0,0,S4,0.017308887817100604,0.01783616683377609,0
111,CN7_L_000111,1,0,S4,-0.04564660929260089,0.01783616683377609,0
115,CN7_L_000115,0,0,S4,-0.03229352208356584,0.01783616683377609,0
117,CN7_L_000117,3,0,S4,0.006761259327875635,0.01783616683377609,0
118,CN7_L_000118,3,0,S4,-0.01971732520536129,0.01783616683377609,0
121,CN7_L_000121,3,0,S4,-0.024839116363340352,0.01783616683377609,0
122,CN7_L_000122,3,0,S4,-0.024416211158314383,0.01783616683377609,0
123,CN7_L_000123,0,0,S4,-0.025822623870399575,0.01783616683377609,0
124,CN7_L_000124,2,0,S4,-0.03715713440089807,0.01783616683377609,0
125,CN7_L_000125,3,0,S4,-0.029579282588588995,0.01783616683377609,0
126,CN7_L_000126,2,0,S4,-0.021535017530576184,0.01783616683377609,0
127,CN7_L_000127,0,0,S4,-0.016629474436536285,0.01783616683377609,0
128,CN7_L_000128,1,0,S4,-0.03582906734116342,0.01783616683377609,0
129,CN7_L_000129,2,0,S4,-0.024870374358113345,0.01783616683377609,0
130,CN7_L_000130,1,0,S4,-0.04333771849451917,0.01783616683377609,0
131,CN7_L_000131,3,0,S4,-0.016152556914500238,0.01783616683377609,0
132,CN7_L_000132,1,0,S4,-0.04594354902880404,0.01783616683377609,0
133,CN7_L_000133,1,0,S4,-0.010681828518629644,0.01783616683377609,0
134,CN7_L_000134,2,0,S4,-0.023642250923513686,0.01783616683377609,0
136,CN7_L_000136,0,0,S4,-0.01581253876503297,0.01783616683377609,0
137,CN7_L_000137,3,0,S4,-0.019486917382104174,0.01783616683377609,0
138,CN7_L_000138,0,0,S4,-0.019460932143611664,0.01783616683377609,0
139,CN7_L_000139,2,0,S4,-0.018723283242700006,0.01783616683377609,0
140,CN7_L_000140,1,0,S4,-0.05106018417640357,0.01783616683377609,0
141,CN7_L_000141,3,0,S4,-0.022458067194509823,0.01783616683377609,0
143,CN7_L_000143,1,0,S4,-0.03354229251182694,0.01783616683377609,0
145,CN7_L_000145,0,0,S4,-0.021747608127865803,0.01783616683377609,0
146,CN7_L_000146,3,0,S4,-0.01211492458328145,0.01783616683377609,0
147,CN7_L_000147,1,0,S4,-0.0022743012179953226,0.01783616683377609,0
150,CN7_L_000150,3,0,S4,-0.01509613493096218,0.01783616683377609,0
151,CN7_L_000151,0,0,S4,-0.015282333639462742,0.01783616683377609,0
153,CN7_L_000153,0,0,S4,-0.02930446483706728,0.01783616683377609,0
154,CN7_L_000154,0,0,S4,0.01783616683377609,0.01783616683377609,0
155,CN7_L_000155,1,0,S4,-0.010258967725541801,0.01783616683377609,0
156,CN7_L_000156,0,0,S4,-0.00341352558952579,0.01783616683377609,0
157,CN7_L_000157,0,0,S4,-0.024063490331504234,0.01783616683377609,0
158,CN7_L_000158,0,0,S4,-0.020177725060517737,0.01783616683377609,0
159,CN7_L_000159,2,0,S4,-0.018658761223623976,0.01783616683377609,0
160,CN7_L_000160,1,0,S4,-0.03647111821210114,0.01783616683377609,0
161,CN7_L_000161,1,0,S4,-0.0424697817034172,0.01783616683377609,0
162,CN7_L_000162,2,0,S4,-0.0456403900862794,0.01783616683377609,0
163,CN7_L_000163,2,0,S4,-0.01848125981454629,0.01783616683377609,0
164,CN7_L_000164,0,0,S4,-0.024852707691513487,0.01783616683377609,0
165,CN7_L_000165,2,0,S4,-0.03438744559944773,0.01783616683377609,0
166,CN7_L_000166,1,0,S4,-0.03629524820346397,0.01783616683377609,0
167,CN7_L_000167,2,0,S4,0.009547817749817611,0.01783616683377609,0
168,CN7_L_000168,3,0,S4,-0.003986102012283332,0.01783616683377609,0
169,CN7_L_000169,2,0,S4,-0.01204695103789799,0.01783616683377609,0
171,CN7_L_000171,3,0,S4,-0.013034474762570802,0.01783616683377609,0
172,CN7_L_000172,0,0,S4,-0.03171748046199152,0.01783616683377609,0
173,CN7_L_000173,3,0,S4,-0.03273010150812539,0.01783616683377609,0
177,CN7_L_000177,1,0,S4,-0.03732192059597317,0.01783616683377609,0
178,CN7_L_000178,0,0,S4,-0.020662235418218877,0.01783616683377609,0
179,CN7_L_000179,0,0,S4,-0.02798410961620501,0.01783616683377609,0
181,CN7_L_000181,0,0,S4,-0.02793222001707818,0.01783616683377609,0
182,CN7_L_000182,0,0,S4,-0.026874082056657755,0.01783616683377609,0
183,CN7_L_000183,3,0,S4,-0.030096842107239397,0.01783616683377609,0
184,CN7_L_000184,2,0,S4,-0.03688644957986131,0.01783616683377609,0
186,CN7_L_000186,0,0,S4,-0.032609372060545816,0.01783616683377609,0
187,CN7_L_000187,1,0,S4,-0.040863437976191186,0.01783616683377609,0
188,CN7_L_000188,0,0,S4,-0.02229971248375051,0.01783616683377609,0
189,CN7_L_000189,0,0,S4,-0.008550745521930914,0.01783616683377609,0
190,CN7_L_000190,2,0,S4,-0.03696265413607591,0.01783616683377609,0
191,CN7_L_000191,2,0,S4,-0.03550452042650942,0.01783616683377609,0
192,CN7_L_000192,0,0,S4,-0.013515938425618046,0.01783616683377609,0
193,CN7_L_000193,2,0,S4,-0.020852509935880725,0.01783616683377609,0
194,CN7_L_000194,1,0,S4,0.0007516315964286591,0.01783616683377609,0
195,CN7_L_000195,0,0,S4,-0.0126420635250728,0.01783616683377609,0
196,CN7_L_000196,0,0,S4,-0.006404902576087501,0.01783616683377609,0
197,CN7_L_000197,3,0,S4,-0.021283855711256905,0.01783616683377609,0
198,CN7_L_000198,0,0,S4,-0.013098984210345499,0.01783616683377609,0
199,CN7_L_000199,2,0,S4,-0.004730935156477045,0.01783616683377609,0
200,CN7_L_000200,3,0,S4,-0.004009010646269573,0.01783616683377609,0
202,CN7_L_000202,0,0,S4,-0.022031447793986025,0.01783616683377609,0
204,CN7_L_000204,0,0,S4,-0.01831257830914268,0.01783616683377609,0
206,CN7_L_000206,1,0,S4,-0.01616045767549501,0.01783616683377609,0
207,CN7_L_000207,1,0,S4,0.0003862965216416825,0.01783616683377609,0
208,CN7_L_000208,2,0,S4,-0.00668358983569739,0.01783616683377609,0
209,CN7_L_000209,3,0,S4,-0.011134643174485426,0.01783616683377609,0
210,CN7_L_000210,3,0,S4,-0.01989589242282186,0.01783616683377609,0
211,CN7_L_000211,3,0,S4,-0.00038185028980208813,0.01783616683377609,0
212,CN7_L_000212,3,0,S4,-0.028812627724926543,0.01783616683377609,0
213,CN7_L_000213,3,0,S4,-0.03382532287141071,0.01783616683377609,0
216,CN7_L_000216,3,0,S4,-0.01234304182313739,0.01783616683377609,0
217,CN7_L_000217,1,0,S4,-0.022538640244267327,0.01783616683377609,0
218,CN7_L_000218,2,0,S4,-0.028555153472963113,0.01783616683377609,0
220,CN7_L_000220,2,0,S4,-0.021313476426223943,0.01783616683377609,0
221,CN7_L_000221,2,0,S4,-0.02749622455180134,0.01783616683377609,0
222,CN7_L_000222,3,0,S4,-0.01885330911284644,0.01783616683377609,0
223,CN7_L_000223,1,0,S4,0.014324545423802348,0.01783616683377609,0
224,CN7_L_000224,3,0,S4,-0.017042951217938196,0.01783616683377609,0
225,CN7_L_000225,0,0,S4,-0.015490074493905936,0.01783616683377609,0
226,CN7_L_000226,3,0,S4,-0.01921086649286874,0.01783616683377609,0
231,CN7_L_000231,1,0,S4,-0.018162287111767483,0.01783616683377609,0
232,CN7_L_000232,1,0,S4,-0.003029521393416168,0.01783616683377609,0
233,CN7_L_000233,1,0,S4,-0.00874475172620226,0.01783616683377609,0
234,CN7_L_000234,3,0,S4,-0.016650643998319836,0.01783616683377609,0
235,CN7_L_000235,3,0,S4,-0.01851671644257724,0.01783616683377609,0
236,CN7_L_000236,0,0,S4,-0.023255872873544803,0.01783616683377609,0
237,CN7_L_000237,3,0,S4,0.00039551215711597365,0.01783616683377609,0
238,CN7_L_000238,1,0,S4,-0.03628011869790093,0.01783616683377609,0
239,CN7_L_000239,1,0,S4,-0.036827841344135415,0.01783616683377609,0
241,CN7_L_000241,1,0,S4,-0.0259961507000801,0.01783616683377609,0
242,CN7_L_000242,0,0,S4,-0.002959406076050719,0.01783616683377609,0
243,CN7_L_000243,2,0,S4,-0.03190033869071662,0.01783616683377609,0
245,CN7_L_000245,1,0,S4,-0.04019959901684356,0.01783616683377609,0
246,CN7_L_000246,1,0,S4,-0.04010312055436405,0.01783616683377609,0
247,CN7_L_000247,1,0,S4,-0.0218419556145637,0.01783616683377609,0
248,CN7_L_000248,2,0,S4,-0.053584001908038026,0.01783616683377609,0
249,CN7_L_000249,3,0,S4,-0.02512229133148569,0.01783616683377609,0
250,CN7_L_000250,1,0,S4,-0.041361498905724936,0.01783616683377609,0
251,CN7_L_000251,2,0,S4,-0.029844973276251352,0.01783616683377609,0
252,CN7_L_000252,1,0,S4,-0.02224095988178476,0.01783616683377609,0
253,CN7_L_000253,3,0,S4,-0.024329683532837265,0.01783616683377609,0
254,CN7_L_000254,3,0,S4,-0.025533763558819977,0.01783616683377609,0
256,CN7_L_000256,3,0,S4,-0.019080967447830943,0.01783616683377609,0
258,CN7_L_000258,2,0,S4,-0.05939034661603859,0.01783616683377609,0
259,CN7_L_000259,0,0,S4,-0.028297787202395064,0.01783616683377609,0
260,CN7_L_000260,1,0,S4,-0.06751939245898342,0.01783616683377609,0
261,CN7_L_000261,3,0,S4,-0.02432673125809348,0.01783616683377609,0
262,CN7_L_000262,3,0,S4,-0.03254213729357858,0.01783616683377609,0
263,CN7_L_000263,2,0,S4,-0.027594014711500137,0.01783616683377609,0
264,CN7_L_000264,3,0,S4,-0.02672216473657585,0.01783616683377609,0
267,CN7_L_000267,0,0,S4,-0.03138981172351585,0.01783616683377609,0
268,CN7_L_000268,0,0,S4,-0.038811447351166706,0.01783616683377609,0
269,CN7_L_000269,1,0,S4,-0.024345088047257768,0.01783616683377609,0
270,CN7_L_000270,2,0,S4,-0.038434130229979324,0.01783616683377609,0
271,CN7_L_000271,0,0,S4,-0.026076749601330107,0.01783616683377609,0
272,CN7_L_000272,2,0,S4,-0.03203467172375429,0.01783616683377609,0
273,CN7_L_000273,3,0,S4,-0.020517597949678112,0.01783616683377609,0
275,CN7_L_000275,1,0,S4,-0.050832555584702455,0.01783616683377609,0
276,CN7_L_000276,1,0,S4,-0.04014667232328506,0.01783616683377609,0
277,CN7_L_000277,1,0,S4,-0.046185473312482905,0.01783616683377609,0
278,CN7_L_000278,1,0,S4,-0.045968502535427724,0.01783616683377609,0
279,CN7_L_000279,0,0,S4,-0.028377344365612345,0.01783616683377609,0
280,CN7_L_000280,3,0,S4,-0.026760121664091585,0.01783616683377609,0
282,CN7_L_000282,0,0,S4,-0.022745482928666405,0.01783616683377609,0
285,CN7_L_000285,0,0,S4,-0.039979216356191394,0.01783616683377609,0
286,CN7_L_000286,0,0,S4,-0.04105175548192541,0.01783616683377609,0
288,CN7_L_000288,2,0,S4,-0.047683069692679325,0.01783616683377609,0
289,CN7_L_000289,1,0,S4,-0.05179281506759281,0.01783616683377609,0
291,CN7_L_000291,3,0,S4,-0.03468664567627133,0.01783616683377609,0
292,CN7_L_000292,3,0,S4,-0.00725582798524993,0.01783616683377609,0
293,CN7_L_000293,1,0,S4,-0.04510436778060534,0.01783616683377609,0
294,CN7_L_000294,2,0,S4,-0.060514234462391236,0.01783616683377609,0
295,CN7_L_000295,1,0,S4,-0.06596319188049549,0.01783616683377609,0
296,CN7_L_000296,3,0,S4,-0.048951270934247226,0.01783616683377609,0
297,CN7_L_000297,1,0,S4,-0.05673213857003212,0.01783616683377609,0
298,CN7_L_000298,0,0,S4,-0.040472825104749255,0.01783616683377609,0
299,CN7_L_000299,1,0,S4,-0.026706619522380848,0.01783616683377609,0
300,CN7_L_000300,1,0,S4,-0.04781313072676863,0.01783616683377609,0
301,CN7_L_000301,1,0,S4,-0.0382553188404513,0.01783616683377609,0
303,CN7_L_000303,1,0,S4,-0.06582940473603127,0.01783616683377609,0
304,CN7_L_000304,0,0,S4,-0.034855650716708375,0.01783616683377609,0
305,CN7_L_000305,0,0,S4,-0.03374493956845814,0.01783616683377609,0
307,CN7_L_000307,3,0,S4,-0.03882287912602855,0.01783616683377609,0
308,CN7_L_000308,0,0,S4,-0.04076015773027475,0.01783616683377609,0
310,CN7_L_000310,3,0,S4,-0.027555037124561643,0.01783616683377609,0
311,CN7_L_000311,1,0,S4,-0.03978436859434087,0.01783616683377609,0
312,CN7_L_000312,2,0,S4,-0.05868334497074468,0.01783616683377609,0
313,CN7_L_000313,0,0,S4,-0.03446365872815704,0.01783616683377609,0
314,CN7_L_000314,1,0,S4,-0.0737370425334225,0.01783616683377609,0
315,CN7_L_000315,2,0,S4,-0.062034231361485226,0.01783616683377609,0
316,CN7_L_000316,3,0,S4,-0.021617006642967063,0.01783616683377609,0
317,CN7_L_000317,3,0,S4,-0.04223673570276709,0.01783616683377609,0
318,CN7_L_000318,2,0,S4,-0.04354354414843442,0.01783616683377609,0
319,CN7_L_000319,0,0,S4,-0.038980725757062906,0.01783616683377609,0
320,CN7_L_000320,2,0,S4,-0.059145002299360705,0.01783616683377609,0
321,CN7_L_000321,0,0,S4,-0.027896112306815546,0.01783616683377609,0
323,CN7_L_000323,0,0,S4,-0.03551890897473875,0.01783616683377609,0
324,CN7_L_000324,0,0,S4,-0.03414053330805533,0.01783616683377609,0
325,CN7_L_000325,1,0,S4,-0.04203654930875267,0.01783616683377609,0
326,CN7_L_000326,1,0,S4,-0.04818129525739856,0.01783616683377609,0
328,CN7_L_000328,1,0,S4,-0.03434746122022947,0.01783616683377609,0
330,CN7_L_000330,1,0,S4,-0.051776863510836435,0.01783616683377609,0
331,CN7_L_000331,1,0,S4,-0.044721664297499686,0.01783616683377609,0
332,CN7_L_000332,0,0,S4,-0.029302117561923247,0.01783616683377609,0
333,CN7_L_000333,2,0,S4,-0.04773300450523177,0.01783616683377609,0
334,CN7_L_000334,3,0,S4,-0.03562203173999734,0.01783616683377609,0
335,CN7_L_000335,3,0,S4,-0.01263329002593494,0.01783616683377609,0
336,CN7_L_000336,2,0,S4,-0.04691099216649075,0.01783616683377609,0
337,CN7_L_000337,2,0,S4,-0.05671328301308254,0.01783616683377609,0
338,CN7_L_000338,2,0,S4,-0.05177820482224149,0.01783616683377609,0
339,CN7_L_000339,3,0,S4,-0.03175632574416998,0.01783616683377609,0
340,CN7_L_000340,2,0,S4,-0.05904291208429058,0.01783616683377609,0
342,CN7_L_000342,1,0,S4,-0.04027398373381619,0.01783616683377609,0
343,CN7_L_000343,2,0,S4,-0.0755186287781413,0.01783616683377609,0
345,CN7_L_000345,1,0,S4,-0.053181965443090284,0.01783616683377609,0
346,CN7_L_000346,3,0,S4,-0.03590577214393509,0.01783616683377609,0
347,CN7_L_000347,1,0,S4,-0.047598923484992284,0.01783616683377609,0
348,CN7_L_000348,1,0,S4,-0.03392861684477211,0.01783616683377609,0
349,CN7_L_000349,3,0,S4,-0.03573196942175905,0.01783616683377609,0
350,CN7_L_000350,2,0,S4,-0.046053255396399706,0.01783616683377609,0
352,CN7_L_000352,2,0,S4,-0.06358794271983292,0.01783616683377609,0
354,CN7_L_000354,3,0,S4,-0.04467228074642016,0.01783616683377609,0
355,CN7_L_000355,2,0,S4,-0.07699042484710628,0.01783616683377609,0
356,CN7_L_000356,2,0,S4,-0.02863104997559507,0.01783616683377609,0
358,CN7_L_000358,2,0,S4,-0.0427785273362602,0.01783616683377609,0
360,CN7_L_000360,2,0,S4,-0.04221742158019115,0.01783616683377609,0
361,CN7_L_000361,2,0,S4,-0.04040745656419187,0.01783616683377609,0
362,CN7_L_000362,0,0,S4,-0.03259914916661977,0.01783616683377609,0
363,CN7_L_000363,1,0,S4,-0.07244485093111752,0.01783616683377609,0
364,CN7_L_000364,2,0,S4,-0.06513993885620462,0.01783616683377609,0
365,CN7_L_000365,2,0,S4,-0.05644816269577291,0.01783616683377609,0
366,CN7_L_000366,2,0,S4,-0.08051599274792842,0.01783616683377609,0
367,CN7_L_000367,3,0,S4,-0.03771854996289026,0.01783616683377609,0
368,CN7_L_000368,2,0,S4,-0.04497658210151112,0.01783616683377609,0
369,CN7_L_000369,1,0,S4,-0.04958150340090306,0.01783616683377609,0
370,CN7_L_000370,2,0,S4,-0.034286713714014816,0.01783616683377609,0
371,CN7_L_000371,1,0,S4,-0.050852076214949804,0.01783616683377609,0
372,CN7_L_000372,1,0,S4,-0.050108409123590825,0.01783616683377609,0
374,CN7_L_000374,1,0,S4,-0.06803167133355359,0.01783616683377609,0
375,CN7_L_000375,2,0,S4,-0.08222792502679255,0.01783616683377609,0
376,CN7_L_000376,1,0,S4,-0.07108201258443003,0.01783616683377609,0
377,CN7_L_000377,0,0,S4,-0.03466289764537667,0.01783616683377609,0
378,CN7_L_000378,1,0,S4,-0.03631009245030725,0.01783616683377609,0
379,CN7_L_000379,3,0,S4,-0.043724148068979396,0.01783616683377609,0
381,CN7_L_000381,1,0,S4,-0.025319223539367997,0.01783616683377609,0
382,CN7_L_000382,3,0,S4,-0.026070167202044026,0.01783616683377609,0
383,CN7_L_000383,3,0,S4,-0.02481066880714433,0.01783616683377609,0
384,CN7_L_000384,1,0,S4,-0.07294395110719787,0.01783616683377609,0
385,CN7_L_000385,2,0,S4,-0.0688253149185476,0.01783616683377609,0
387,CN7_L_000387,3,0,S4,-0.034673219025492585,0.01783616683377609,0
388,CN7_L_000388,0,0,S4,-0.03182500894136364,0.01783616683377609,0
389,CN7_L_000389,2,0,S4,-0.029061059279833934,0.01783616683377609,0
390,CN7_L_000390,3,0,S4,-0.02527389604557495,0.01783616683377609,0
391,CN7_L_000391,1,0,S4,-0.04615710089887948,0.01783616683377609,0
394,CN7_L_000394,3,0,S4,-0.02127301183880892,0.01783616683377609,0
395,CN7_L_000395,0,0,S4,-0.03364615108131375,0.01783616683377609,0
396,CN7_L_000396,3,0,S4,-0.032947832621193385,0.01783616683377609,0
397,CN7_L_000397,0,0,S4,-0.033516332333507926,0.01783616683377609,0
398,CN7_L_000398,2,0,S4,-0.028700263501910683,0.01783616683377609,0
400,CN7_L_000400,0,0,S4,-0.02950149209936992,0.01783616683377609,0
402,CN7_L_000402,2,0,S4,-0.04892028050305086,0.01783616683377609,0
404,CN7_L_000404,1,0,S4,-0.05036436066516892,0.01783616683377609,0
406,CN7_L_000406,1,0,S4,-0.045887289242248386,0.01783616683377609,0
407,CN7_L_000407,0,0,S4,-0.02322269878215888,0.01783616683377609,0
408,CN7_L_000408,0,0,S4,0.007747635048011681,0.01783616683377609,0
409,CN7_L_000409,0,0,S4,-0.0037258380784459533,0.01783616683377609,0
410,CN7_L_000410,1,0,S4,-0.06964640300669966,0.01783616683377609,0
411,CN7_L_000411,1,0,S4,-0.054153301844720225,0.01783616683377609,0
412,CN7_L_000412,3,0,S4,-0.040714779560043546,0.01783616683377609,0
413,CN7_L_000413,2,0,S4,-0.056855643515477894,0.01783616683377609,0
414,CN7_L_000414,1,0,S4,-0.04477469535161571,0.01783616683377609,0
416,CN7_L_000416,0,0,S4,-0.042379050362209014,0.01783616683377609,0
417,CN7_L_000417,0,0,S4,-0.024875999214518885,0.01783616683377609,0
418,CN7_L_000418,2,0,S4,-0.018525587909443253,0.01783616683377609,0
419,CN7_L_000419,2,0,S4,-0.054106587974062315,0.01783616683377609,0
421,CN7_L_000421,3,0,S4,-0.03803930008020018,0.01783616683377609,0
422,CN7_L_000422,1,0,S4,-0.08354727251105043,0.01783616683377609,0
423,CN7_L_000423,0,0,S4,-0.033799568201760444,0.01783616683377609,0
424,CN7_L_000424,3,0,S4,-0.04106207454817312,0.01783616683377609,0
425,CN7_L_000425,1,0,S4,-0.043095642954274815,0.01783616683377609,0
426,CN7_L_000426,2,0,S4,-0.06151678918666992,0.01783616683377609,0
428,CN7_L_000428,2,0,S4,-0.05376796630847469,0.01783616683377609,0
429,CN7_L_000429,3,0,S4,-0.012838972297808837,0.01783616683377609,0
430,CN7_L_000430,0,0,S4,-0.03555022183659062,0.01783616683377609,0
433,CN7_L_000433,2,0,S4,-0.047575140742237565,0.01783616683377609,0
434,CN7_L_000434,3,0,S4,-0.031241806117445314,0.01783616683377609,0
435,CN7_L_000435,0,0,S4,-0.03288579336033237,0.01783616683377609,0
436,CN7_L_000436,1,0,S4,-0.04322267360115006,0.01783616683377609,0
437,CN7_L_000437,3,0,S4,-0.03901215054962748,0.01783616683377609,0
438,CN7_L_000438,1,0,S4,-0.038411380463993616,0.01783616683377609,0
439,CN7_L_000439,1,0,S4,-0.04327988766236235,0.01783616683377609,0
440,CN7_L_000440,0,0,S4,-0.031217147967397274,0.01783616683377609,0
442,CN7_L_000442,2,0,S4,-0.07965267671369869,0.01783616683377609,0
443,CN7_L_000443,1,0,S4,-0.04609983009965557,0.01783616683377609,0
445,CN7_L_000445,0,0,S4,-0.03595742646064437,0.01783616683377609,0
446,CN7_L_000446,0,0,S4,-0.02678985185763505,0.01783616683377609,0
447,CN7_L_000447,0,0,S4,-0.020448791864411398,0.01783616683377609,0
448,CN7_L_000448,2,0,S4,-0.03499288526362587,0.01783616683377609,0
450,CN7_L_000450,2,0,S4,-0.07110504330236811,0.01783616683377609,0
451,CN7_L_000451,1,0,S4,-0.07807187910930846,0.01783616683377609,0
452,CN7_L_000452,3,0,S4,-0.032444018435684896,0.01783616683377609,0
453,CN7_L_000453,0,0,S4,-0.04254188975122819,0.01783616683377609,0
454,CN7_L_000454,3,0,S4,-0.03106853800137177,0.01783616683377609,0
455,CN7_L_000455,1,0,S4,-0.031159734114805104,0.01783616683377609,0
456,CN7_L_000456,2,0,S4,-0.042705783565168076,0.01783616683377609,0
457,CN7_L_000457,2,0,S4,-0.04065210298241695,0.01783616683377609,0
458,CN7_L_000458,1,0,S4,-0.014797344130619727,0.01783616683377609,0
459,CN7_L_000459,3,0,S4,-0.02659579551422997,0.01783616683377609,0
460,CN7_L_000460,1,0,S4,-0.03710098818715668,0.01783616683377609,0
461,CN7_L_000461,0,0,S4,-0.023618482528784845,0.01783616683377609,0
463,CN7_L_000463,1,0,S4,-0.05460514298315733,0.01783616683377609,0
464,CN7_L_000464,1,0,S4,-0.05834371716131148,0.01783616683377609,0
465,CN7_L_000465,3,0,S4,-0.029010200919478812,0.01783616683377609,0
466,CN7_L_000466,0,0,S4,-0.02879685496990625,0.01783616683377609,0
467,CN7_L_000467,2,0,S4,-0.034726851563404715,0.01783616683377609,0
470,CN7_L_000470,3,0,S4,-0.02965361953382839,0.01783616683377609,0
471,CN7_L_000471,0,0,S4,-0.02970531126078324,0.01783616683377609,0
474,CN7_L_000474,2,0,S4,-0.04201234579221946,0.01783616683377609,0
476,CN7_L_000476,0,0,S4,-0.033765547064848356,0.01783616683377609,0
477,CN7_L_000477,1,0,S4,-0.025247195587277282,0.01783616683377609,0
478,CN7_L_000478,0,0,S4,-0.027031724149021663,0.01783616683377609,0
479,CN7_L_000479,3,0,S4,-0.03388363578678533,0.01783616683377609,0
481,CN7_L_000481,3,0,S4,-0.014478444992495731,0.01783616683377609,0
482,CN7_L_000482,1,0,S4,-0.055300785877410163,0.01783616683377609,0
483,CN7_L_000483,2,0,S4,-0.06038690720041906,0.01783616683377609,0
484,CN7_L_000484,3,0,S4,-0.0264382589234593,0.01783616683377609,0
486,CN7_L_000486,3,0,S4,-0.02485484166589913,0.01783616683377609,0
487,CN7_L_000487,2,0,S4,-0.062087653388737785,0.01783616683377609,0
491,CN7_L_000491,1,0,S4,-0.08841977903979537,0.01783616683377609,0
492,CN7_L_000492,1,0,S4,-0.013395037199772197,0.01783616683377609,0
493,CN7_L_000493,1,0,S4,-0.02671399712583078,0.01783616683377609,0
494,CN7_L_000494,2,0,S4,-0.03938792027375282,0.01783616683377609,0
495,CN7_L_000495,3,0,S4,-0.03005186856275177,0.01783616683377609,0
496,CN7_L_000496,2,0,S4,-0.05656549113633602,0.01783616683377609,0
497,CN7_L_000497,3,0,S4,-0.01967273519634194,0.01783616683377609,0
499,CN7_L_000499,3,0,S4,-0.043709108622072,0.01783616683377609,0
500,CN7_L_000500,2,0,S4,-0.06368305750726222,0.01783616683377609,0
501,CN7_L_000501,2,0,S4,-0.07634046691866292,0.01783616683377609,0
502,CN7_L_000502,2,0,S4,-0.03148928632884829,0.01783616683377609,0
504,CN7_L_000504,1,0,S4,-0.034594106130121816,0.01783616683377609,0
507,CN7_L_000507,1,0,S4,-0.04123894008110707,0.01783616683377609,0
508,CN7_L_000508,0,0,S4,-0.02918404331529345,0.01783616683377609,0
509,CN7_L_000509,1,0,S4,-0.057655109904771074,0.01783616683377609,0
510,CN7_L_000510,1,0,S4,-0.05305753815784797,0.01783616683377609,0
511,CN7_L_000511,2,0,S4,-0.04865851152710299,0.01783616683377609,0
513,CN7_L_000513,2,0,S4,-0.0387477565551988,0.01783616683377609,0
514,CN7_L_000514,0,0,S4,-0.010538207152437806,0.01783616683377609,0
515,CN7_L_000515,0,0,S4,-0.01524929428154742,0.01783616683377609,0
516,CN7_L_000516,3,0,S4,-0.01666052685968289,0.01783616683377609,0
517,CN7_L_000517,0,0,S4,-0.030160937022589707,0.01783616683377609,0
519,CN7_L_000519,3,0,S4,-0.03708247946865306,0.01783616683377609,0
520,CN7_L_000520,3,0,S4,-0.03174474564940155,0.01783616683377609,0
521,CN7_L_000521,0,0,S4,-0.019637215809534148,0.01783616683377609,0
523,CN7_L_000523,0,0,S4,-0.016508544489539645,0.01783616683377609,0
525,CN7_L_000525,1,0,S4,-0.049886155995121584,0.01783616683377609,0
526,CN7_L_000526,0,0,S4,-0.02400076655465444,0.01783616683377609,0
527,CN7_L_000527,2,0,S4,-0.06110375092534248,0.01783616683377609,0
528,CN7_L_000528,3,0,S4,-0.019372600183444,0.01783616683377609,0
529,CN7_L_000529,0,0,S4,-0.028899586688846846,0.01783616683377609,0
530,CN7_L_000530,2,0,S4,-0.05168094164543824,0.01783616683377609,0
532,CN7_L_000532,3,0,S4,-0.0335691120901247,0.01783616683377609,0
533,CN7_L_000533,0,0,S4,-0.010110943136983686,0.01783616683377609,0
534,CN7_L_000534,2,0,S4,-0.056236460547456346,0.01783616683377609,0
535,CN7_L_000535,2,0,S4,-0.05169401207045787,0.01783616683377609,0
536,CN7_L_000536,2,0,S4,-0.07105038614720804,0.01783616683377609,0
537,CN7_L_000537,0,0,S4,-0.02430667642165929,0.01783616683377609,0
538,CN7_L_000538,2,0,S4,-0.06120031160937334,0.01783616683377609,0
539,CN7_L_000539,0,0,S4,-0.030447990929599378,0.01783616683377609,0
541,CN7_L_000541,3,0,S4,-0.00734770680389385,0.01783616683377609,0
542,CN7_L_000542,2,0,S4,-0.06584314706161365,0.01783616683377609,0
543,CN7_L_000543,1,0,S4,-0.04080427088941008,0.01783616683377609,0
544,CN7_L_000544,2,0,S4,-0.03099527461653384,0.01783616683377609,0
545,CN7_L_000545,3,0,S4,-0.02194646859145699,0.01783616683377609,0
546,CN7_L_000546,1,0,S4,-0.06385934741514632,0.01783616683377609,0
547,CN7_L_000547,2,0,S4,-0.09021733635661988,0.01783616683377609,0
548,CN7_L_000548,3,0,S4,-0.0034622640624961676,0.01783616683377609,0
549,CN7_L_000549,2,0,S4,-0.07245345585136675,0.01783616683377609,0
550,CN7_L_000550,2,0,S4,-0.057512443823949155,0.01783616683377609,0
551,CN7_L_000551,0,0,S4,-0.032168006031747964,0.01783616683377609,0
553,CN7_L_000553,3,0,S4,-0.02618436262055912,0.01783616683377609,0
555,CN7_L_000555,0,0,S4,-0.024058865937036877,0.01783616683377609,0
556,CN7_L_000556,1,0,S4,-0.069707289876078,0.01783616683377609,0
557,CN7_L_000557,1,0,S4,-0.07549074422145097,0.01783616683377609,0
558,CN7_L_000558,3,0,S4,-0.029868398191256418,0.01783616683377609,0
559,CN7_L_000559,1,0,S4,-0.08204192336403882,0.01783616683377609,0
560,CN7_L_000560,1,0,S4,-0.05830449270896931,0.01783616683377609,0
561,CN7_L_000561,0,0,S4,-0.028345091529208055,0.01783616683377609,0
562,CN7_L_000562,0,0,S4,-0.01957247591129896,0.01783616683377609,0
563,CN7_L_000563,2,0,S4,-0.02842308985077402,0.01783616683377609,0
564,CN7_L_000564,1,0,S4,-0.05644888298794282,0.01783616683377609,0
566,CN7_L_000566,2,0,S4,-0.05006858734931541,0.01783616683377609,0
567,CN7_L_000567,0,0,S4,-0.020872401617103797,0.01783616683377609,0
568,CN7_L_000568,2,0,S4,-0.08688862844365985,0.01783616683377609,0
569,CN7_L_000569,1,0,S4,-0.07643823041446218,0.01783616683377609,0
570,CN7_L_000570,2,0,S4,-0.05405803236641393,0.01783616683377609,0
571,CN7_L_000571,3,0,S4,-0.03353018955964959,0.01783616683377609,0
572,CN7_L_000572,1,0,S4,-0.06033306428441776,0.01783616683377609,0
573,CN7_L_000573,3,0,S4,-0.03320206887781474,0.01783616683377609,0
575,CN7_L_000575,2,0,S4,-0.025774657536128842,0.01783616683377609,0
576,CN7_L_000576,3,0,S4,-0.04100123748846762,0.01783616683377609,0
578,CN7_L_000578,2,0,S4,-0.05871997900338144,0.01783616683377609,0
579,CN7_L_000579,2,0,S4,-0.06808877922617729,0.01783616683377609,0
580,CN7_L_000580,2,0,S4,-0.07791193158867582,0.01783616683377609,0
581,CN7_L_000581,1,0,S4,-0.048031036222546675,0.01783616683377609,0
582,CN7_L_000582,1,0,S4,-0.05223278154570998,0.01783616683377609,0
583,CN7_L_000583,1,0,S4,-0.042031776809920984,0.01783616683377609,0
584,CN7_L_000584,3,0,S4,-0.03132679032690433,0.01783616683377609,0
585,CN7_L_000585,0,0,S4,-0.029511400957575873,0.01783616683377609,0
586,CN7_L_000586,3,0,S4,-0.02465354164066369,0.01783616683377609,0
587,CN7_L_000587,0,0,S4,-0.027787600476087526,0.01783616683377609,0
590,CN7_L_000590,3,0,S4,-0.030943789144393996,0.01783616683377609,0
592,CN7_L_000592,2,0,S4,-0.040083282554409294,0.01783616683377609,0
593,CN7_L_000593,1,0,S4,-0.029940162770002665,0.01783616683377609,0
594,CN7_L_000594,1,0,S4,-0.045986229069194806,0.01783616683377609,0
595,CN7_L_000595,3,0,S4,-0.03391038601011598,0.01783616683377609,0
596,CN7_L_000596,0,0,S4,-0.025248988842389686,0.01783616683377609,0
597,CN7_L_000597,1,0,S4,-0.05104869021735148,0.01783616683377609,0
598,CN7_L_000598,0,0,S4,-0.025847960128343672,0.01783616683377609,0
599,CN7_L_000599,0,0,S4,-0.033198536522102806,0.01783616683377609,0
601,CN7_L_000601,2,0,S4,-0.06425412916954354,0.01783616683377609,0
602,CN7_L_000602,2,0,S4,-0.07456870742950628,0.01783616683377609,0
604,CN7_L_000604,3,0,S4,0.4163767023860707,0.01783616683377609,1
605,CN7_L_000605,0,0,S4,4.607237720398089,0.01783616683377609,1
0,CN7_L_000000,0,0,S5,1.5287427344789926,13.811489681700804,0
2,CN7_L_000002,0,0,S5,11.439024065023746,13.811489681700804,0
3,CN7_L_000003,0,0,S5,2.60423672488718,13.811489681700804,0
4,CN7_L_000004,3,0,S5,0.8662653342308104,13.811489681700804,0
5,CN7_L_000005,2,0,S5,10.692924641199617,13.811489681700804,0
6,CN7_L_000006,2,0,S5,9.494827737578301,13.811489681700804,0
7,CN7_L_000007,1,0,S5,-0.9276928493994241,13.811489681700804,0
8,CN7_L_000008,0,0,S5,-1.1570800307714677,13.811489681700804,0
9,CN7_L_000009,1,0,S5,5.8204271626198825,13.811489681700804,0
10,CN7_L_000010,0,0,S5,-4.09445152716664,13.811489681700804,0
11,CN7_L_000011,0,0,S5,-5.898491538412429,13.811489681700804,0
12,CN7_L_000012,1,0,S5,8.43211526568038,13.811489681700804,0
15,CN7_L_000015,2,0,S5,10.666837251625896,13.811489681700804,0
16,CN7_L_000016,1,0,S5,14.384339052327558,13.811489681700804,1
17,CN7_L_000017,3,0,S5,7.354683346384881,13.811489681700804,0
18,CN7_L_000018,2,0,S5,5.113094908270785,13.811489681700804,0
19,CN7_L_000019,1,0,S5,11.357295794182093,13.811489681700804,0
22,CN7_L_000022,0,0,S5,4.4316989490633745,13.811489681700804,0
23,CN7_L_000023,3,0,S5,5.854078019961012,13.811489681700804,0
24,CN7_L_000024,3,1,S5,-3.42045699184078,13.811489681700804,0
25,CN7_L_000025,0,0,S5,-3.950560560470038,13.811489681700804,0
26,CN7_L_000026,0,0,S5,7.218267832288117,13.811489681700804,0
27,CN7_L_000027,3,0,S5,-5.536226066882943,13.811489681700804,0
29,CN7_L_000029,0,0,S5,4.866597930834246,13.811489681700804,0
30,CN7_L_000030,1,0,S5,-5.0258410641019005,13.811489681700804,0
31,CN7_L_000031,0,0,S5,3.846304782662031,13.811489681700804,0
32,CN7_L_000032,2,0,S5,1.054447392815547,13.811489681700804,0
34,CN7_L_000034,3,0,S5,3.8979956967001854,13.811489681700804,0
36,CN7_L_000036,0,0,S5,23.555168808056525,13.811489681700804,1
37,CN7_L_000037,0,0,S5,1.0105223561668772,13.811489681700804,0
38,CN7_L_000038,3,0,S5,-1.70557502375609,13.811489681700804,0
39,CN7_L_000039,0,0,S5,-3.3434032750147047,13.811489681700804,0
40,CN7_L_000040,1,1,S5,-6.847922644799706,13.811489681700804,0
41,CN7_L_000041,1,0,S5,-1.5602567752821983,13.811489681700804,0
43,CN7_L_000043,0,0,S5,-5.006809694556182,13.811489681700804,0
44,CN7_L_000044,3,0,S5,7.228745713282365,13.811489681700804,0
45,CN7_L_000045,0,0,S5,9.627243486965837,13.811489681700804,0
46,CN7_L_000046,0,0,S5,-0.39327206713454643,13.811489681700804,0
47,CN7_L_000047,2,0,S5,-7.115923876049187,13.811489681700804,0
48,CN7_L_000048,0,1,S5,13.92251483382828,13.811489681700804,1
49,CN7_L_000049,3,0,S5,9.735997652877032,13.811489681700804,0
52,CN7_L_000052,2,1,S5,1.994280136985509,13.811489681700804,0
53,CN7_L_000053,1,1,S5,-1.4560748891201634,13.811489681700804,0
54,CN7_L_000054,3,1,S5,9.947995518672933,13.811489681700804,0
55,CN7_L_000055,0,1,S5,5.262843694401475,13.811489681700804,0
56,CN7_L_000056,2,1,S5,8.07860186988291,13.811489681700804,0
58,CN7_L_000058,1,1,S5,26.659953401338644,13.811489681700804,1
59,CN7_L_000059,3,1,S5,26.512613372351122,13.811489681700804,1
60,CN7_L_000060,2,1,S5,27.310099604935722,13.811489681700804,1
62,CN7_L_000062,1,0,S5,-4.586502089906286,13.811489681700804,0
63,CN7_L_000063,3,0,S5,11.89797152259065,13.811489681700804,0
64,CN7_L_000064,3,0,S5,-1.0625071271278728,13.811489681700804,0
65,CN7_L_000065,2,0,S5,2.3250848563052173,13.811489681700804,0
67,CN7_L_000067,3,0,S5,-0.8036967311205458,13.811489681700804,0
68,CN7_L_000068,3,0,S5,7.082126312768889,13.811489681700804,0
69,CN7_L_000069,2,0,S5,-0.5985460979083612,13.811489681700804,0
70,CN7_L_000070,1,0,S5,-5.15403366315493,13.811489681700804,0
71,CN7_L_000071,2,0,S5,5.371779327568365,13.811489681700804,0
73,CN7_L_000073,0,0,S5,1.3591322175548015,13.811489681700804,0
74,CN7_L_000074,0,0,S5,-2.4830440643008203,13.811489681700804,0
77,CN7_L_000077,2,0,S5,-6.683579110980666,13.811489681700804,0
79,CN7_L_000079,3,0,S5,-0.30042624232205384,13.811489681700804,0
80,CN7_L_000080,2,0,S5,-3.006988116338018,13.811489681700804,0
81,CN7_L_000081,2,0,S5,-7.230999349819264,13.811489681700804,0
82,CN7_L_000082,3,0,S5,2.7118833265625852,13.811489681700804,0
83,CN7_L_000083,2,0,S5,0.7918458008425837,13.811489681700804,0
84,CN7_L_000084,3,0,S5,-6.702021125665997,13.811489681700804,0
86,CN7_L_000086,0,0,S5,-0.07348187981551035,13.811489681700804,0
87,CN7_L_000087,3,0,S5,3.8258327531219685,13.811489681700804,0
88,CN7_L_000088,0,0,S5,-5.175957834377435,13.811489681700804,0
89,CN7_L_000089,3,0,S5,1.4938527877604066,13.811489681700804,0
90,CN7_L_000090,1,0,S5,-2.760445418442668,13.811489681700804,0
91,CN7_L_000091,2,0,S5,0.8826419914224743,13.811489681700804,0
92,CN7_L_000092,3,0,S5,0.25620786347499447,13.811489681700804,0
93,CN7_L_000093,1,0,S5,4.824832932959783,13.811489681700804,0
95,CN7_L_000095,0,0,S5,7.418023583669559,13.811489681700804,0
96,CN7_L_000096,3,0,S5,-3.5105463491162574,13.811489681700804,0
97,CN7_L_000097,3,0,S5,-0.39088855406577494,13.811489681700804,0
98,CN7_L_000098,3,0,S5,-1.561270682305178,13.811489681700804,0
99,CN7_L_000099,2,0,S5,1.1748390171021974,13.811489681700804,0
100,CN7_L_000100,3,0,S5,4.806540896168286,13.811489681700804,0
102,CN7_L_000102,3,0,S5,-1.890787627803121,13.811489681700804,0
103,CN7_L_000103,0,0,S5,8.897457462349802,13.811489681700804,0
104,CN7_L_000104,2,0,S5,5.035593134791686,13.811489681700804,0
106,CN7_L_000106,3,0,S5,-3.0683372119935974,13.811489681700804,0
107,CN7_L_000107,0,0,S5,3.526171965797044,13.811489681700804,0
108,CN7_L_000108,2,0,S5,-3.2307131180429707,13.811489681700804,0
109,CN7_L_000109,2,0,S5,-1.4622851715835843,13.811489681700804,0
110,CN7_L_000110,0,0,S5,10.8996112242789,13.811489681700804,0
111,CN7_L_000111,1,0,S5,7.4734445886916525,13.811489681700804,0
115,CN7_L_000115,0,0,S5,0.014474688262833268,13.811489681700804,0
117,CN7_L_000117,3,0,S5,1.1905830566234457,13.811489681700804,0
118,CN7_L_000118,3,0,S5,1.4113624904795827,13.811489681700804,0
121,CN7_L_000121,3,0,S5,-2.9367357606508264,13.811489681700804,0
122,CN7_L_000122,3,0,S5,-0.25258236694030956,13.811489681700804,0
123,CN7_L_000123,0,0,S5,-5.441708387256384,13.811489681700804,0
124,CN7_L_000124,2,0,S5,-3.6802897033625968,13.811489681700804,0
125,CN7_L_000125,3,0,S5,2.668141287257665,13.811489681700804,0
126,CN7_L_000126,2,0,S5,-3.3785839517535976,13.811489681700804,0
127,CN7_L_000127,0,0,S5,1.992934672188543,13.811489681700804,0
128,CN7_L_000128,1,0,S5,-7.066196454903757,13.811489681700804,0
129,CN7_L_000129,2,0,S5,-8.498249557741644,13.811489681700804,0
130,CN7_L_000130,1,0,S5,-7.112497289027136,13.811489681700804,0
131,CN7_L_000131,3,0,S5,-0.612070465886287,13.811489681700804,0
132,CN7_L_000132,1,0,S5,-2.412315755080378,13.811489681700804,0
133,CN7_L_000133,1,0,S5,7.9486456450845715,13.811489681700804,0
134,CN7_L_000134,2,0,S5,2.8009515013025883,13.811489681700804,0
136,CN7_L_000136,0,0,S5,-1.937054896462488,13.811489681700804,0
137,CN7_L_000137,3,0,S5,-1.990018528053131,13.811489681700804,0
138,CN7_L_000138,0,0,S5,1.1173794904274992,13.811489681700804,0
139,CN7_L_000139,2,0,S5,-7.550003357328059,13.811489681700804,0
140,CN7_L_000140,1,0,S5,1.839391442596952,13.811489681700804,0
141,CN7_L_000141,3,0,S5,5.6386050143454085,13.811489681700804,0
143,CN7_L_000143,1,0,S5,-2.4177996961883856,13.811489681700804,0
145,CN7_L_000145,0,0,S5,-4.729950833431317,13.811489681700804,0
146,CN7_L_000146,3,0,S5,-3.3660394055714846,13.811489681700804,0
147,CN7_L_000147,1,0,S5,-0.933900939502557,13.811489681700804,0
150,CN7_L_000150,3,0,S5,-2.5607352407945143,13.811489681700804,0
151,CN7_L_000151,0,0,S5,-0.7315725056456479,13.811489681700804,0
153,CN7_L_000153,0,0,S5,-0.25276090734161016,13.811489681700804,0
154,CN7_L_000154,0,0,S5,13.811489681700804,13.811489681700804,0
155,CN7_L_000155,1,0,S5,3.333283896024959,13.811489681700804,0
156,CN7_L_000156,0,0,S5,10.350226276769948,13.811489681700804,0
157,CN7_L_000157,0,0,S5,-0.8253628784655618,13.811489681700804,0
158,CN7_L_000158,0,0,S5,3.3882835543453282,13.811489681700804,0
159,CN7_L_000159,2,0,S5,-4.661981344168829,13.811489681700804,0
160,CN7_L_000160,1,0,S5,6.805994742480419,13.811489681700804,0
161,CN7_L_000161,1,0,S5,3.6583777120299388,13.811489681700804,0
162,CN7_L_000162,2,0,S5,4.194316807633882,13.811489681700804,0
163,CN7_L_000163,2,0,S5,3.6214976811550734,13.811489681700804,0
164,CN7_L_000164,0,0,S5,23.5551127463106,13.811489681700804,1
165,CN7_L_000165,2,0,S5,-1.7247006658114792,13.811489681700804,0
166,CN7_L_000166,1,0,S5,-3.0377638278819603,13.811489681700804,0
167,CN7_L_000167,2,0,S5,-3.714065832680543,13.811489681700804,0
168,CN7_L_000168,3,0,S5,8.126384651515192,13.811489681700804,0
169,CN7_L_000169,2,0,S5,-5.494645723209196,13.811489681700804,0
171,CN7_L_000171,3,0,S5,-1.9930571988279908,13.811489681700804,0
172,CN7_L_000172,0,0,S5,-2.8412660533943814,13.811489681700804,0
173,CN7_L_000173,3,0,S5,-2.256078520567989,13.811489681700804,0
177,CN7_L_000177,1,0,S5,-0.4974991245302043,13.811489681700804,0
178,CN7_L_000178,0,0,S5,-1.6615700097710295,13.811489681700804,0
179,CN7_L_000179,0,0,S5,-0.9970360914035581,13.811489681700804,0
181,CN7_L_000181,0,0,S5,-0.4582142914300462,13.811489681700804,0
182,CN7_L_000182,0,0,S5,1.3443628665985834,13.811489681700804,0
183,CN7_L_000183,3,0,S5,-0.6301755431244054,13.811489681700804,0
184,CN7_L_000184,2,0,S5,-8.487831439218603,13.811489681700804,0
186,CN7_L_000186,0,0,S5,-3.041125425998576,13.811489681700804,0
187,CN7_L_000187,1,0,S5,-4.503922612600945,13.811489681700804,0
188,CN7_L_000188,0,0,S5,-3.5334951872776017,13.811489681700804,0
189,CN7_L_000189,0,0,S5,1.4515149656177968,13.811489681700804,0
190,CN7_L_000190,2,0,S5,-5.353953114548581,13.811489681700804,0
191,CN7_L_000191,2,0,S5,-0.9652170418285593,13.811489681700804,0
192,CN7_L_000192,0,0,S5,7.690227595012795,13.811489681700804,0
193,CN7_L_000193,2,0,S5,7.28336428167249,13.811489681700804,0
194,CN7_L_000194,1,0,S5,5.713847756136104,13.811489681700804,0
195,CN7_L_000195,0,0,S5,1.1496214384148153,13.811489681700804,0
196,CN7_L_000196,0,0,S5,6.646277684974756,13.811489681700804,0
197,CN7_L_000197,3,0,S5,-2.957609889381736,13.811489681700804,0
198,CN7_L_000198,0,0,S5,-0.8757952221867171,13.811489681700804,0
199,CN7_L_000199,2,0,S5,2.8930307596568596,13.811489681700804,0
200,CN7_L_000200,3,0,S5,4.631320978258014,13.811489681700804,0
202,CN7_L_000202,0,0,S5,-0.10721439602976446,13.811489681700804,0
204,CN7_L_000204,0,0,S5,0.2629751428799416,13.811489681700804,0
206,CN7_L_000206,1,0,S5,-3.8251837713972776,13.811489681700804,0
207,CN7_L_000207,1,0,S5,1.9657638287234676,13.811489681700804,0
208,CN7_L_000208,2,0,S5,4.098197197478644,13.811489681700804,0
209,CN7_L_000209,3,0,S5,6.436802486066668,13.811489681700804,0
210,CN7_L_000210,3,0,S5,1.4009265367141772,13.811489681700804,0
211,CN7_L_000211,3,0,S5,17.01506381997934,13.811489681700804,1
212,CN7_L_000212,3,0,S5,-0.42774941081243867,13.811489681700804,0
213,CN7_L_000213,3,0,S5,-0.25387167168390334,13.811489681700804,0
216,CN7_L_000216,3,0,S5,-3.1023098016146875,13.811489681700804,0
217,CN7_L_000217,1,0,S5,1.435345499302965,13.811489681700804,0
218,CN7_L_000218,2,0,S5,-0.25776534687019037,13.811489681700804,0
220,CN7_L_000220,2,0,S5,-0.6379157688880213,13.811489681700804,0
221,CN7_L_000221,2,0,S5,-0.12742153606824758,13.811489681700804,0
222,CN7_L_000222,3,0,S5,-2.56123639372019,13.811489681700804,0
223,CN7_L_000223,1,0,S5,7.3116528048448615,13.811489681700804,0
224,CN7_L_000224,3,0,S5,1.1544248846217542,13.811489681700804,0
225,CN7_L_000225,0,0,S5,-2.4536325396898917,13.811489681700804,0
226,CN7_L_000226,3,0,S5,3.9414365498905504,13.811489681700804,0
231,CN7_L_000231,1,0,S5,3.248096962484521,13.811489681700804,0
232,CN7_L_000232,1,0,S5,-2.0350502664486037,13.811489681700804,0
233,CN7_L_000233,1,0,S5,6.641563310812273,13.811489681700804,0
234,CN7_L_000234,3,0,S5,0.03403790607155699,13.811489681700804,0
235,CN7_L_000235,3,0,S5,-2.4768011604948725,13.811489681700804,0
236,CN7_L_000236,0,0,S5,-0.7206134838134872,13.811489681700804,0
237,CN7_L_000237,3,0,S5,1.9149700846428388,13.811489681700804,0
238,CN7_L_000238,1,0,S5,-3.4810842978046814,13.811489681700804,0
239,CN7_L_000239,1,0,S5,5.274570446755835,13.811489681700804,0
241,CN7_L_000241,1,0,S5,0.48857369953661234,13.811489681700804,0
242,CN7_L_000242,0,0,S5,11.546886619476984,13.811489681700804,0
243,CN7_L_000243,2,0,S5,-4.118319284048916,13.811489681700804,0
245,CN7_L_000245,1,0,S5,-1.0241718419960861,13.811489681700804,0
246,CN7_L_000246,1,0,S5,-4.300967942619032,13.811489681700804,0
247,CN7_L_000247,1,0,S5,12.41527614794972,13.811489681700804,0
248,CN7_L_000248,2,0,S5,-1.8442568242035975,13.811489681700804,0
249,CN7_L_000249,3,0,S5,-1.3876638405335626,13.811489681700804,0
250,CN7_L_000250,1,0,S5,-5.195300494964826,13.811489681700804,0
251,CN7_L_000251,2,0,S5,1.9053182687292178,13.811489681700804,0
252,CN7_L_000252,1,0,S5,8.242276715420488,13.811489681700804,0
253,CN7_L_000253,3,0,S5,-5.775544287158528,13.811489681700804,0
254,CN7_L_000254,3,0,S5,-3.6184310020920236,13.811489681700804,0
256,CN7_L_000256,3,0,S5,0.12310511273211233,13.811489681700804,0
258,CN7_L_000258,2,0,S5,-5.598664408978941,13.811489681700804,0
259,CN7_L_000259,0,0,S5,-1.1393791552643613,13.811489681700804,0
260,CN7_L_000260,1,0,S5,-4.691318708643486,13.811489681700804,0
261,CN7_L_000261,3,0,S5,1.3297821483943864,13.811489681700804,0
262,CN7_L_000262,3,0,S5,3.376182253511839,13.811489681700804,0
263,CN7_L_000263,2,0,S5,-4.450955302567149,13.811489681700804,0
264,CN7_L_000264,3,0,S5,-4.434678294598701,13.811489681700804,0
267,CN7_L_000267,0,0,S5,1.9697452830560742,13.811489681700804,0
268,CN7_L_000268,0,0,S5,-1.7517566356151626,13.811489681700804,0
269,CN7_L_000269,1,0,S5,-7.935017597570084,13.811489681700804,0
270,CN7_L_000270,2,0,S5,-7.410737443382274,13.811489681700804,0
271,CN7_L_000271,0,0,S5,-6.119887411172208,13.811489681700804,0
272,CN7_L_000272,2,0,S5,-9.00050806560867,13.811489681700804,0
273,CN7_L_000273,3,0,S5,-4.533083416883283,13.811489681700804,0
275,CN7_L_000275,1,0,S5,0.05099571424397453,13.811489681700804,0
276,CN7_L_000276,1,0,S5,0.001602563367310239,13.811489681700804,0
277,CN7_L_000277,1,0,S5,-1.1282065694645418,13.811489681700804,0
278,CN7_L_000278,1,0,S5,2.0097424595760813,13.811489681700804,0
279,CN7_L_000279,0,0,S5,-6.410018159822606,13.811489681700804,0
280,CN7_L_000280,3,0,S5,-0.8652987635862104,13.811489681700804,0
282,CN7_L_000282,0,0,S5,-2.581064782190303,13.811489681700804,0
285,CN7_L_000285,0,0,S5,-4.723647734127727,13.811489681700804,0
286,CN7_L_000286,0,0,S5,-4.227683427765179,13.811489681700804,0
288,CN7_L_000288,2,0,S5,-5.234941303289148,13.811489681700804,0
289,CN7_L_000289,1,0,S5,-1.7114789055076294,13.811489681700804,0
291,CN7_L_000291,3,0,S5,-8.793484559329851,13.811489681700804,0
292,CN7_L_000292,3,0,S5,-1.087809804246195,13.811489681700804,0
293,CN7_L_000293,1,0,S5,0.0580409774869608,13.811489681700804,0
294,CN7_L_000294,2,0,S5,-4.51766059352688,13.811489681700804,0
295,CN7_L_000295,1,0,S5,-1.1588399287597433,13.811489681700804,0
296,CN7_L_000296,3,0,S5,-6.976154055432641,13.811489681700804,0
297,CN7_L_000297,1,0,S5,-2.46810893659017,13.811489681700804,0
298,CN7_L_000298,0,0,S5,-0.93163922900332,13.811489681700804,0
299,CN7_L_000299,1,0,S5,3.8414002299444974,13.811489681700804,0
300,CN7_L_000300,1,0,S5,7.1954876250302995,13.811489681700804,0
301,CN7_L_000301,1,0,S5,-5.725090577600962,13.811489681700804,0
303,CN7_L_000303,1,0,S5,-5.651047857128109,13.811489681700804,0
304,CN7_L_000304,0,0,S5,-6.7070101473635155,13.811489681700804,0
305,CN7_L_000305,0,0,S5,-3.728151905097967,13.811489681700804,0
307,CN7_L_000307,3,0,S5,-2.882853902335963,13.811489681700804,0
308,CN7_L_000308,0,0,S5,-3.333073122540018,13.811489681700804,0
310,CN7_L_000310,3,0,S5,-1.9804668096055984,13.811489681700804,0
311,CN7_L_000311,1,0,S5,-3.2264563861011624,13.811489681700804,0
312,CN7_L_000312,2,0,S5,-5.621653541403667,13.811489681700804,0
313,CN7_L_000313,0,0,S5,0.6035935073428362,13.811489681700804,0
314,CN7_L_000314,1,0,S5,2.1773531978209313,13.811489681700804,0
315,CN7_L_000315,2,0,S5,-4.053829963011239,13.811489681700804,0
316,CN7_L_000316,3,0,S5,-5.416759824585789,13.811489681700804,0
317,CN7_L_000317,3,0,S5,-0.4646850295350795,13.811489681700804,0
318,CN7_L_000318,2,0,S5,-4.129852404686066,13.811489681700804,0
319,CN7_L_000319,0,0,S5,-9.289053535379626,13.811489681700804,0
320,CN7_L_000320,2,0,S5,-6.901839509268555,13.811489681700804,0
321,CN7_L_000321,0,0,S5,-6.766983132337469,13.811489681700804,0
323,CN7_L_000323,0,0,S5,-11.131492482543624,13.811489681700804,0
324,CN7_L_000324,0,0,S5,-2.879252848404402,13.811489681700804,0
325,CN7_L_000325,1,0,S5,-3.5663414133779554,13.811489681700804,0
326,CN7_L_000326,1,0,S5,-2.701738009271782,13.811489681700804,0
328,CN7_L_000328,1,0,S5,1.0159711302819616,13.811489681700804,0
330,CN7_L_000330,1,0,S5,-2.3011784681772056,13.811489681700804,0
331,CN7_L_000331,1,0,S5,-6.76915562904701,13.811489681700804,0
332,CN7_L_000332,0,0,S5,-0.31473320248756664,13.811489681700804,0
333,CN7_L_000333,2,0,S5,-7.120975495476451,13.811489681700804,0
334,CN7_L_000334,3,0,S5,-5.313379648540046,13.811489681700804,0
335,CN7_L_000335,3,0,S5,2.4857283420634744,13.811489681700804,0
336,CN7_L_000336,2,0,S5,-2.719340034250756,13.811489681700804,0
337,CN7_L_000337,2,0,S5,-9.336588638079206,13.811489681700804,0
338,CN7_L_000338,2,0,S5,-6.688412120618999,13.811489681700804,0
339,CN7_L_000339,3,0,S5,-4.68629745225596,13.811489681700804,0
340,CN7_L_000340,2,0,S5,-1.1874369245890293,13.811489681700804,0
342,CN7_L_000342,1,0,S5,0.1877513235883228,13.811489681700804,0
343,CN7_L_000343,2,0,S5,-3.7429197574494317,13.811489681700804,0
345,CN7_L_000345,1,0,S5,-2.441639474485058,13.811489681700804,0
346,CN7_L_000346,3,0,S5,-2.838487073652189,13.811489681700804,0
347,CN7_L_000347,1,0,S5,-6.310362712248885,13.811489681700804,0
348,CN7_L_000348,1,0,S5,-2.2268844402911796,13.811489681700804,0
349,CN7_L_000349,3,0,S5,-6.177798099430991,13.811489681700804,0
350,CN7_L_000350,2,0,S5,-1.4241355133564149,13.811489681700804,0
352,CN7_L_000352,2,0,S5,-9.836281913880448,13.811489681700804,0
354,CN7_L_000354,3,0,S5,-9.022376534030666,13.811489681700804,0
355,CN7_L_000355,2,0,S5,-3.4664371027410397,13.811489681700804,0
356,CN7_L_000356,2,0,S5,5.153444960025471,13.811489681700804,0
358,CN7_L_000358,2,0,S5,-5.090276342419813,13.811489681700804,0
360,CN7_L_000360,2,0,S5,4.134381317093084,13.811489681700804,0
361,CN7_L_000361,2,0,S5,8.365780270158815,13.811489681700804,0
362,CN7_L_000362,0,0,S5,-0.15910791133302382,13.811489681700804,0
363,CN7_L_000363,1,0,S5,-5.617088004315466,13.811489681700804,0
364,CN7_L_000364,2,0,S5,2.864656513261977,13.811489681700804,0
365,CN7_L_000365,2,0,S5,8.689769759533768,13.811489681700804,0
366,CN7_L_000366,2,0,S5,-9.068840363157733,13.811489681700804,0
367,CN7_L_000367,3,0,S5,-0.7778665537398943,13.811489681700804,0
368,CN7_L_000368,2,0,S5,-1.0544217425362206,13.811489681700804,0
369,CN7_L_000369,1,0,S5,2.0874374573332197,13.811489681700804,0
370,CN7_L_000370,2,0,S5,-5.666174094817507,13.811489681700804,0
371,CN7_L_000371,1,0,S5,-3.3368442096217095,13.811489681700804,0
372,CN7_L_000372,1,0,S5,-4.062939500809808,13.811489681700804,0
374,CN7_L_000374,1,0,S5,-6.789104450243276,13.811489681700804,0
375,CN7_L_000375,2,0,S5,-3.8129350861622164,13.811489681700804,0
376,CN7_L_000376,1,0,S5,1.0471401186330382,13.811489681700804,0
377,CN7_L_000377,0,0,S5,-0.9596859603000922,13.811489681700804,0
378,CN7_L_000378,1,0,S5,-1.4874319294908496,13.811489681700804,0
379,CN7_L_000379,3,0,S5,-0.432776431258052,13.811489681700804,0
381,CN7_L_000381,1,0,S5,-3.3900250262750724,13.811489681700804,0
382,CN7_L_000382,3,0,S5,5.83990766451786,13.811489681700804,0
383,CN7_L_000383,3,0,S5,-1.6114896163873382,13.811489681700804,0
384,CN7_L_000384,1,0,S5,-4.027883083448291,13.811489681700804,0
385,CN7_L_000385,2,0,S5,0.5665637289071164,13.811489681700804,0
387,CN7_L_000387,3,0,S5,-4.657114159657908,13.811489681700804,0
388,CN7_L_000388,0,0,S5,-2.2262171762012457,13.811489681700804,0
389,CN7_L_000389,2,0,S5,1.1341217555674596,13.811489681700804,0
390,CN7_L_000390,3,0,S5,-3.150517830389088,13.811489681700804,0
391,CN7_L_000391,1,0,S5,-12.05558900423814,13.811489681700804,0
394,CN7_L_000394,3,0,S5,1.2417079449020036,13.811489681700804,0
395,CN7_L_000395,0,0,S5,-4.826243944767132,13.811489681700804,0
396,CN7_L_000396,3,0,S5,3.5102669958877755,13.811489681700804,0
397,CN7_L_000397,0,0,S5,-1.315459705411044,13.811489681700804,0
398,CN7_L_000398,2,0,S5,5.099493138306553,13.811489681700804,0
400,CN7_L_000400,0,0,S5,-7.890363664164472,13.811489681700804,0
402,CN7_L_000402,2,0,S5,-1.120864219024515,13.811489681700804,0
404,CN7_L_000404,1,0,S5,-5.180382267296295,13.811489681700804,0
406,CN7_L_000406,1,0,S5,-4.142195740101371,13.811489681700804,0
407,CN7_L_000407,0,0,S5,-1.0604063837696316,13.811489681700804,0
408,CN7_L_000408,0,0,S5,8.20267409942812,13.811489681700804,0
409,CN7_L_000409,0,0,S5,6.284963654204255,13.811489681700804,0
410,CN7_L_000410,1,0,S5,-4.703852917549632,13.811489681700804,0
411,CN7_L_000411,1,0,S5,1.9231978665314529,13.811489681700804,0
412,CN7_L_000412,3,0,S5,-1.2088689656778584,13.811489681700804,0
413,CN7_L_000413,2,0,S5,-8.132025494485,13.811489681700804,0
414,CN7_L_000414,1,0,S5,-1.36409623834232,13.811489681700804,0
416,CN7_L_000416,0,0,S5,2.7254455943176126,13.811489681700804,0
417,CN7_L_000417,0,0,S5,4.096733824667417,13.811489681700804,0
418,CN7_L_000418,2,0,S5,-7.4529975182877735,13.811489681700804,0
419,CN7_L_000419,2,0,S5,-9.141730577685834,13.811489681700804,0
421,CN7_L_000421,3,0,S5,-0.8323554330697895,13.811489681700804,0
422,CN7_L_000422,1,0,S5,-0.45860209804818197,13.811489681700804,0
423,CN7_L_000423,0,0,S5,-7.86209819310292,13.811489681700804,0
424,CN7_L_000424,3,0,S5,0.8522216413439914,13.811489681700804,0
425,CN7_L_000425,1,0,S5,-2.233971719721019,13.811489681700804,0
426,CN7_L_000426,2,0,S5,-4.983095962617085,13.811489681700804,0
428,CN7_L_000428,2,0,S5,0.5687866689057834,13.811489681700804,0
429,CN7_L_000429,3,0,S5,7.228191559913565,13.811489681700804,0
430,CN7_L_000430,0,0,S5,-8.157226474881384,13.811489681700804,0
433,CN7_L_000433,2,0,S5,4.527554950766401,13.811489681700804,0
434,CN7_L_000434,3,0,S5,-9.770079369899985,13.811489681700804,0
435,CN7_L_000435,0,0,S5,-6.611314134483617,13.811489681700804,0
436,CN7_L_000436,1,0,S5,-9.328294365316129,13.811489681700804,0
437,CN7_L_000437,3,0,S5,-4.590066367735119,13.811489681700804,0
438,CN7_L_000438,1,0,S5,0.21761655168461402,13.811489681700804,0
439,CN7_L_000439,1,0,S5,-4.263555912804154,13.811489681700804,0
440,CN7_L_000440,0,0,S5,-3.1251425919700573,13.811489681700804,0
442,CN7_L_000442,2,0,S5,-3.3560534217580127,13.811489681700804,0
443,CN7_L_000443,1,0,S5,-2.53225353797065,13.811489681700804,0
445,CN7_L_000445,0,0,S5,-5.441903811934399,13.811489681700804,0
446,CN7_L_000446,0,0,S5,-6.549388464272436,13.811489681700804,0
447,CN7_L_000447,0,0,S5,-3.5399883273687536,13.811489681700804,0
448,CN7_L_000448,2,0,S5,-2.8027870951681706,13.811489681700804,0
450,CN7_L_000450,2,0,S5,-2.229557487546831,13.811489681700804,0
451,CN7_L_000451,1,0,S5,-4.804275943202551,13.811489681700804,0
452,CN7_L_000452,3,0,S5,-4.622424807174294,13.811489681700804,0
453,CN7_L_000453,0,0,S5,-1.9128766704348124,13.811489681700804,0
454,CN7_L_000454,3,0,S5,1.7919785961711767,13.811489681700804,0
455,CN7_L_000455,1,0,S5,4.87752852229676,13.811489681700804,0
456,CN7_L_000456,2,0,S5,2.5896707709349123,13.811489681700804,0
457,CN7_L_000457,2,0,S5,6.167015765952904,13.811489681700804,0
458,CN7_L_000458,1,0,S5,7.215193420439235,13.811489681700804,0
459,CN7_L_000459,3,0,S5,-4.083411260937108,13.811489681700804,0
460,CN7_L_000460,1,0,S5,-0.5190681540729649,13.811489681700804,0
461,CN7_L_000461,0,0,S5,5.2804750102713065,13.811489681700804,0
463,CN7_L_000463,1,0,S5,-0.5753829421937482,13.811489681700804,0
464,CN7_L_000464,1,0,S5,-8.237171624883597,13.811489681700804,0
465,CN7_L_000465,3,0,S5,-5.894698900755852,13.811489681700804,0
466,CN7_L_000466,0,0,S5,-6.154693098998713,13.811489681700804,0
467,CN7_L_000467,2,0,S5,-0.274782090794222,13.811489681700804,0
470,CN7_L_000470,3,0,S5,-5.075500581523858,13.811489681700804,0
471,CN7_L_000471,0,0,S5,2.2386256609873882,13.811489681700804,0
474,CN7_L_000474,2,0,S5,-1.1455108169830979,13.811489681700804,0
476,CN7_L_000476,0,0,S5,-8.368999919232923,13.811489681700804,0
477,CN7_L_000477,1,0,S5,-4.548763406728465,13.811489681700804,0
478,CN7_L_000478,0,0,S5,-5.143106536315283,13.811489681700804,0
479,CN7_L_000479,3,0,S5,-1.9750713174826977,13.811489681700804,0
481,CN7_L_000481,3,0,S5,-0.3349591929685829,13.811489681700804,0
482,CN7_L_000482,1,0,S5,3.5665892512522,13.811489681700804,0
483,CN7_L_000483,2,0,S5,-7.758022685148852,13.811489681700804,0
484,CN7_L_000484,3,0,S5,3.1736233527501376,13.811489681700804,0
486,CN7_L_000486,3,0,S5,2.789220531220657,13.811489681700804,0
487,CN7_L_000487,2,0,S5,-1.7204550314059581,13.811489681700804,0
491,CN7_L_000491,1,0,S5,-4.135006486677447,13.811489681700804,0
492,CN7_L_000492,1,0,S5,11.039149719502396,13.811489681700804,0
493,CN7_L_000493,1,0,S5,9.491446957029204,13.811489681700804,0
494,CN7_L_000494,2,0,S5,-4.3977439998354555,13.811489681700804,0
495,CN7_L_000495,3,0,S5,-0.4939157230163431,13.811489681700804,0
496,CN7_L_000496,2,0,S5,-8.7396364705792,13.811489681700804,0
497,CN7_L_000497,3,0,S5,2.7818878823534448,13.811489681700804,0
499,CN7_L_000499,3,0,S5,-1.6592166628908807,13.811489681700804,0
500,CN7_L_000500,2,0,S5,-5.4071845742662745,13.811489681700804,0
501,CN7_L_000501,2,0,S5,-7.13512681971725,13.811489681700804,0
502,CN7_L_000502,2,0,S5,-5.878795190190694,13.811489681700804,0
504,CN7_L_000504,1,0,S5,-6.6389613783831045,13.811489681700804,0
507,CN7_L_000507,1,0,S5,-3.648942518639682,13.811489681700804,0
508,CN7_L_000508,0,0,S5,-4.643782860488052,13.811489681700804,0
509,CN7_L_000509,1,0,S5,-1.5835697361600758,13.811489681700804,0
510,CN7_L_000510,1,0,S5,1.9938491158552623,13.811489681700804,0
511,CN7_L_000511,2,0,S5,12.313298811126458,13.811489681700804,0
513,CN7_L_000513,2,0,S5,0.7894675803175204,13.811489681700804,0
514,CN7_L_000514,0,0,S5,5.084080674225941,13.811489681700804,0
515,CN7_L_000515,0,0,S5,5.259045933574683,13.811489681700804,0
516,CN7_L_000516,3,0,S5,-3.0380280787295533,13.811489681700804,0
517,CN7_L_000517,0,0,S5,-2.849110142735359,13.811489681700804,0
519,CN7_L_000519,3,0,S5,0.5787937439883599,13.811489681700804,0
520,CN7_L_000520,3,0,S5,-7.242752690174623,13.811489681700804,0
521,CN7_L_000521,0,0,S5,4.140898249987643,13.811489681700804,0
523,CN7_L_000523,0,0,S5,-0.08033781323610256,13.811489681700804,0
525,CN7_L_000525,1,0,S5,2.672210149603792,13.811489681700804,0
526,CN7_L_000526,0,0,S5,-3.496417304518694,13.811489681700804,0
527,CN7_L_000527,2,0,S5,-3.8756009985321533,13.811489681700804,0
528,CN7_L_000528,3,0,S5,4.72176070534174,13.811489681700804,0
529,CN7_L_000529,0,0,S5,-2.8003040398099266,13.811489681700804,0
530,CN7_L_000530,2,0,S5,-0.04868904321226353,13.811489681700804,0
532,CN7_L_000532,3,0,S5,-3.3281575786264774,13.811489681700804,0
533,CN7_L_000533,0,0,S5,6.065254948557175,13.811489681700804,0
534,CN7_L_000534,2,0,S5,-5.302473934555678,13.811489681700804,0
535,CN7_L_000535,2,0,S5,-2.4906039906315627,13.811489681700804,0
536,CN7_L_000536,2,0,S5,-1.4310908117070475,13.811489681700804,0
537,CN7_L_000537,0,0,S5,-2.9040615976317135,13.811489681700804,0
538,CN7_L_000538,2,0,S5,-6.416861447858224,13.811489681700804,0
539,CN7_L_000539,0,0,S5,-0.14145813971863674,13.811489681700804,0
541,CN7_L_000541,3,0,S5,2.4723188671200518,13.811489681700804,0
542,CN7_L_000542,2,0,S5,1.5925662950023955,13.811489681700804,0
543,CN7_L_000543,1,0,S5,-5.155840792180683,13.811489681700804,0
544,CN7_L_000544,2,0,S5,3.9834009307828566,13.811489681700804,0
545,CN7_L_000545,3,0,S5,-3.6434098389640575,13.811489681700804,0
546,CN7_L_000546,1,0,S5,7.0223009223213815,13.811489681700804,0
547,CN7_L_000547,2,0,S5,1.250661129155393,13.811489681700804,0
548,CN7_L_000548,3,0,S5,16.076134577202453,13.811489681700804,1
549,CN7_L_000549,2,0,S5,-5.852039542679989,13.811489681700804,0
550,CN7_L_000550,2,0,S5,-4.911373985988234,13.811489681700804,0
551,CN7_L_000551,0,0,S5,-3.6762191018492807,13.811489681700804,0
553,CN7_L_000553,3,0,S5,3.895808587036427,13.811489681700804,0
555,CN7_L_000555,0,0,S5,-3.9154942303027376,13.811489681700804,0
556,CN7_L_000556,1,0,S5,-5.997726045147655,13.811489681700804,0
557,CN7_L_000557,1,0,S5,4.970255307379226,13.811489681700804,0
558,CN7_L_000558,3,0,S5,-2.266736923821039,13.811489681700804,0
559,CN7_L_000559,1,0,S5,-4.391025217513356,13.811489681700804,0
560,CN7_L_000560,1,0,S5,-1.8662242929821495,13.811489681700804,0
561,CN7_L_000561,0,0,S5,2.3664149022201357,13.811489681700804,0
562,CN7_L_000562,0,0,S5,1.2321740227967375,13.811489681700804,0
563,CN7_L_000563,2,0,S5,-7.417326990762945,13.811489681700804,0
564,CN7_L_000564,1,0,S5,-3.037487656877669,13.811489681700804,0
566,CN7_L_000566,2,0,S5,-3.113689123145516,13.811489681700804,0
567,CN7_L_000567,0,0,S5,6.196441805059969,13.811489681700804,0
568,CN7_L_000568,2,0,S5,0.6014327991393742,13.811489681700804,0
569,CN7_L_000569,1,0,S5,2.9389172660166665,13.811489681700804,0
570,CN7_L_000570,2,0,S5,0.543741276115135,13.811489681700804,0
571,CN7_L_000571,3,0,S5,-5.674308534601334,13.811489681700804,0
572,CN7_L_000572,1,0,S5,1.416225716528384,13.811489681700804,0
573,CN7_L_000573,3,0,S5,-2.7769388964497885,13.811489681700804,0
575,CN7_L_000575,2,0,S5,10.46489805259558,13.811489681700804,0
576,CN7_L_000576,3,0,S5,-7.414536868402006,13.811489681700804,0
578,CN7_L_000578,2,0,S5,5.327089068911281,13.811489681700804,0
579,CN7_L_000579,2,0,S5,-0.23538525323977666,13.811489681700804,0
580,CN7_L_000580,2,0,S5,-2.2265240737116585,13.811489681700804,0
581,CN7_L_000581,1,0,S5,4.669258268035797,13.811489681700804,0
582,CN7_L_000582,1,0,S5,-2.434332870278368,13.811489681700804,0
583,CN7_L_000583,1,0,S5,-0.44809804753596794,13.811489681700804,0
584,CN7_L_000584,3,0,S5,-9.903386983403191,13.811489681700804,0
585,CN7_L_000585,0,0,S5,-6.681838264481399,13.811489681700804,0
586,CN7_L_000586,3,0,S5,-6.637219387998673,13.811489681700804,0
587,CN7_L_000587,0,0,S5,3.9550828788184837,13.811489681700804,0
590,CN7_L_000590,3,0,S5,2.7981595805413377,13.811489681700804,0
592,CN7_L_000592,2,0,S5,13.286377586784264,13.811489681700804,0
593,CN7_L_000593,1,0,S5,-5.206347183172429,13.811489681700804,0
594,CN7_L_000594,1,0,S5,-3.1396440931107605,13.811489681700804,0
595,CN7_L_000595,3,0,S5,-3.7691549888344618,13.811489681700804,0
596,CN7_L_000596,0,0,S5,0.5746745445018533,13.811489681700804,0
597,CN7_L_000597,1,0,S5,7.229480350949149,13.811489681700804,0
598,CN7_L_000598,0,0,S5,5.24294019898748,13.811489681700804,0
599,CN7_L_000599,0,0,S5,-1.3089684294387212,13.811489681700804,0
601,CN7_L_000601,2,0,S5,9.93533352178478,13.811489681700804,0
602,CN7_L_000602,2,0,S5,3.19496676146694,13.811489681700804,0
604,CN7_L_000604,3,0,S5,26.510947952889083,13.811489681700804,1
605,CN7_L_000605,0,0,S5,23.555168848452862,13.811489681700804,1
