pattern_row,pattern_id,cv_fold,label,scenario,risk_score,threshold,y_pred
0,RG3_L_000000,2,0,전체 변수와 정상 재표준화,-0.25761291008227083,-2.525777769696994,1
2,RG3_L_000002,0,0,전체 변수와 정상 재표준화,-0.5651701486647251,-2.525777769696994,1
3,RG3_L_000003,2,0,전체 변수와 정상 재표준화,-0.5824661509744562,-2.525777769696994,1
4,RG3_L_000004,2,0,전체 변수와 정상 재표준화,-0.23425726479314513,-2.525777769696994,1
5,RG3_L_000005,1,0,전체 변수와 정상 재표준화,0.24019502079072552,-2.525777769696994,1
6,RG3_L_000006,1,0,전체 변수와 정상 재표준화,0.860524517411779,-2.525777769696994,1
7,RG3_L_000007,2,0,전체 변수와 정상 재표준화,0.33005944137875964,-2.525777769696994,1
9,RG3_L_000009,0,0,전체 변수와 정상 재표준화,0.3319980192684131,-2.525777769696994,1
10,RG3_L_000010,3,0,전체 변수와 정상 재표준화,-0.2770052712711415,-2.525777769696994,1
11,RG3_L_000011,0,0,전체 변수와 정상 재표준화,-1.5329279955823907,-2.525777769696994,1
12,RG3_L_000012,0,0,전체 변수와 정상 재표준화,-0.9220602774768469,-2.525777769696994,1
15,RG3_L_000015,1,0,전체 변수와 정상 재표준화,-0.34123093313675135,-2.525777769696994,1
16,RG3_L_000016,1,0,전체 변수와 정상 재표준화,-1.3163909068953679,-2.525777769696994,1
17,RG3_L_000017,3,0,전체 변수와 정상 재표준화,-0.577910010198396,-2.525777769696994,1
18,RG3_L_000018,3,0,전체 변수와 정상 재표준화,0.27518224965784555,-2.525777769696994,1
19,RG3_L_000019,0,0,전체 변수와 정상 재표준화,-1.512514472409805,-2.525777769696994,1
22,RG3_L_000022,3,0,전체 변수와 정상 재표준화,-1.0465680537568218,-2.525777769696994,1
23,RG3_L_000023,2,0,전체 변수와 정상 재표준화,0.3832515934609475,-2.525777769696994,1
24,RG3_L_000024,3,0,전체 변수와 정상 재표준화,0.10077555032829899,-2.525777769696994,1
25,RG3_L_000025,0,0,전체 변수와 정상 재표준화,-0.3801414628369546,-2.525777769696994,1
26,RG3_L_000026,0,0,전체 변수와 정상 재표준화,-1.4537310425815466,-2.525777769696994,1
27,RG3_L_000027,1,0,전체 변수와 정상 재표준화,-1.236587300767141,-2.525777769696994,1
28,RG3_L_000028,2,0,전체 변수와 정상 재표준화,-0.8400511418747119,-2.525777769696994,1
29,RG3_L_000029,1,0,전체 변수와 정상 재표준화,0.034077612393160095,-2.525777769696994,1
30,RG3_L_000030,1,0,전체 변수와 정상 재표준화,-0.447034758653869,-2.525777769696994,1
31,RG3_L_000031,1,0,전체 변수와 정상 재표준화,0.9282786514254706,-2.525777769696994,1
32,RG3_L_000032,0,0,전체 변수와 정상 재표준화,-0.04463156948626157,-2.525777769696994,1
33,RG3_L_000033,3,0,전체 변수와 정상 재표준화,-0.9291171794133817,-2.525777769696994,1
35,RG3_L_000035,0,0,전체 변수와 정상 재표준화,8.258529440962363,-2.525777769696994,1
36,RG3_L_000036,3,0,전체 변수와 정상 재표준화,-0.6043667807887481,-2.525777769696994,1
37,RG3_L_000037,3,0,전체 변수와 정상 재표준화,0.7544421909924512,-2.525777769696994,1
38,RG3_L_000038,2,0,전체 변수와 정상 재표준화,-1.206036454289853,-2.525777769696994,1
39,RG3_L_000039,3,0,전체 변수와 정상 재표준화,-0.7325137346549315,-2.525777769696994,1
41,RG3_L_000041,1,0,전체 변수와 정상 재표준화,-1.1156332375335012,-2.525777769696994,1
42,RG3_L_000042,3,0,전체 변수와 정상 재표준화,-1.0315145674174584,-2.525777769696994,1
44,RG3_L_000044,0,0,전체 변수와 정상 재표준화,1.1983116851220945,-2.525777769696994,1
45,RG3_L_000045,2,0,전체 변수와 정상 재표준화,-0.6419797997906311,-2.525777769696994,1
46,RG3_L_000046,2,0,전체 변수와 정상 재표준화,-2.266285585489113,-2.525777769696994,1
47,RG3_L_000047,1,0,전체 변수와 정상 재표준화,-2.309999176804588,-2.525777769696994,1
48,RG3_L_000048,0,0,전체 변수와 정상 재표준화,-1.7839333582138543,-2.525777769696994,1
49,RG3_L_000049,2,0,전체 변수와 정상 재표준화,-2.093494336102262,-2.525777769696994,1
50,RG3_L_000050,0,0,전체 변수와 정상 재표준화,-1.9460936660662842,-2.525777769696994,1
51,RG3_L_000051,2,0,전체 변수와 정상 재표준화,-0.045643215488601285,-2.525777769696994,1
54,RG3_L_000054,0,0,전체 변수와 정상 재표준화,-2.254599533138416,-2.525777769696994,1
55,RG3_L_000055,3,0,전체 변수와 정상 재표준화,-2.148405083267706,-2.525777769696994,1
56,RG3_L_000056,0,0,전체 변수와 정상 재표준화,-1.4575832311312222,-2.525777769696994,1
57,RG3_L_000057,0,0,전체 변수와 정상 재표준화,-1.5905355836968287,-2.525777769696994,1
59,RG3_L_000059,1,0,전체 변수와 정상 재표준화,-1.8890688212595528,-2.525777769696994,1
60,RG3_L_000060,3,0,전체 변수와 정상 재표준화,-1.434267387201654,-2.525777769696994,1
61,RG3_L_000061,3,0,전체 변수와 정상 재표준화,-2.20084525804592,-2.525777769696994,1
63,RG3_L_000063,2,0,전체 변수와 정상 재표준화,-1.3793086340882361,-2.525777769696994,1
65,RG3_L_000065,0,0,전체 변수와 정상 재표준화,-1.9521196179690357,-2.525777769696994,1
66,RG3_L_000066,2,0,전체 변수와 정상 재표준화,-1.5247215819490592,-2.525777769696994,1
67,RG3_L_000067,2,0,전체 변수와 정상 재표준화,-1.1388081089928086,-2.525777769696994,1
68,RG3_L_000068,1,1,전체 변수와 정상 재표준화,-1.0515815952459882,-2.525777769696994,1
69,RG3_L_000069,3,0,전체 변수와 정상 재표준화,-1.4806798020583738,-2.525777769696994,1
70,RG3_L_000070,3,0,전체 변수와 정상 재표준화,-0.6465523258570745,-2.525777769696994,1
71,RG3_L_000071,0,0,전체 변수와 정상 재표준화,-2.1975663175236324,-2.525777769696994,1
73,RG3_L_000073,3,0,전체 변수와 정상 재표준화,-1.6403176124785066,-2.525777769696994,1
74,RG3_L_000074,0,0,전체 변수와 정상 재표준화,-1.8544787031535375,-2.525777769696994,1
75,RG3_L_000075,3,0,전체 변수와 정상 재표준화,-1.5710890240971533,-2.525777769696994,1
76,RG3_L_000076,3,0,전체 변수와 정상 재표준화,-1.7447672276754815,-2.525777769696994,1
77,RG3_L_000077,0,0,전체 변수와 정상 재표준화,-1.2805635783578548,-2.525777769696994,1
78,RG3_L_000078,0,0,전체 변수와 정상 재표준화,-1.1443437256553324,-2.525777769696994,1
79,RG3_L_000079,2,0,전체 변수와 정상 재표준화,-0.9115361477647461,-2.525777769696994,1
80,RG3_L_000080,1,1,전체 변수와 정상 재표준화,-2.047903778635371,-2.525777769696994,1
81,RG3_L_000081,2,0,전체 변수와 정상 재표준화,-1.0167022862017028,-2.525777769696994,1
83,RG3_L_000083,0,0,전체 변수와 정상 재표준화,-2.189371804395705,-2.525777769696994,1
84,RG3_L_000084,2,0,전체 변수와 정상 재표준화,-1.7513175209219423,-2.525777769696994,1
85,RG3_L_000085,0,1,전체 변수와 정상 재표준화,-2.480859034184366,-2.525777769696994,1
86,RG3_L_000086,2,0,전체 변수와 정상 재표준화,-1.269076435325827,-2.525777769696994,1
87,RG3_L_000087,2,0,전체 변수와 정상 재표준화,-0.6736302663836522,-2.525777769696994,1
88,RG3_L_000088,3,0,전체 변수와 정상 재표준화,-1.2539306788886275,-2.525777769696994,1
89,RG3_L_000089,3,0,전체 변수와 정상 재표준화,-0.9844308849556658,-2.525777769696994,1
91,RG3_L_000091,3,0,전체 변수와 정상 재표준화,-1.5075261899645032,-2.525777769696994,1
92,RG3_L_000092,0,0,전체 변수와 정상 재표준화,-2.0482023877392166,-2.525777769696994,1
93,RG3_L_000093,3,0,전체 변수와 정상 재표준화,-1.2588020720908357,-2.525777769696994,1
95,RG3_L_000095,2,0,전체 변수와 정상 재표준화,-1.764401784387882,-2.525777769696994,1
96,RG3_L_000096,3,0,전체 변수와 정상 재표준화,-1.7582471691788903,-2.525777769696994,1
97,RG3_L_000097,0,0,전체 변수와 정상 재표준화,-0.9260786701869677,-2.525777769696994,1
98,RG3_L_000098,1,0,전체 변수와 정상 재표준화,-0.7699594294542802,-2.525777769696994,1
99,RG3_L_000099,3,0,전체 변수와 정상 재표준화,-2.0797257886711566,-2.525777769696994,1
100,RG3_L_000100,1,0,전체 변수와 정상 재표준화,-2.1663704818156173,-2.525777769696994,1
101,RG3_L_000101,2,0,전체 변수와 정상 재표준화,-1.9932306443344672,-2.525777769696994,1
102,RG3_L_000102,0,1,전체 변수와 정상 재표준화,-1.4947268858525664,-2.525777769696994,1
104,RG3_L_000104,2,0,전체 변수와 정상 재표준화,-1.018982100839283,-2.525777769696994,1
105,RG3_L_000105,2,0,전체 변수와 정상 재표준화,-1.1548986760510864,-2.525777769696994,1
107,RG3_L_000107,0,0,전체 변수와 정상 재표준화,-1.5095356318362718,-2.525777769696994,1
108,RG3_L_000108,0,0,전체 변수와 정상 재표준화,-2.0151026289581058,-2.525777769696994,1
111,RG3_L_000111,3,0,전체 변수와 정상 재표준화,-1.8300040540214937,-2.525777769696994,1
112,RG3_L_000112,3,0,전체 변수와 정상 재표준화,-1.1649034977642607,-2.525777769696994,1
113,RG3_L_000113,1,0,전체 변수와 정상 재표준화,-1.4471348137629647,-2.525777769696994,1
114,RG3_L_000114,0,0,전체 변수와 정상 재표준화,0.10823249354194431,-2.525777769696994,1
115,RG3_L_000115,0,0,전체 변수와 정상 재표준화,-0.598597225744788,-2.525777769696994,1
116,RG3_L_000116,1,0,전체 변수와 정상 재표준화,-0.9369486475013762,-2.525777769696994,1
117,RG3_L_000117,0,0,전체 변수와 정상 재표준화,-1.3300399033439998,-2.525777769696994,1
118,RG3_L_000118,0,0,전체 변수와 정상 재표준화,-1.3900318490045684,-2.525777769696994,1
119,RG3_L_000119,0,0,전체 변수와 정상 재표준화,-1.6979567415819616,-2.525777769696994,1
120,RG3_L_000120,2,0,전체 변수와 정상 재표준화,-2.0671352250006123,-2.525777769696994,1
121,RG3_L_000121,3,0,전체 변수와 정상 재표준화,-1.800049719778933,-2.525777769696994,1
122,RG3_L_000122,1,1,전체 변수와 정상 재표준화,-1.578234151822972,-2.525777769696994,1
123,RG3_L_000123,0,0,전체 변수와 정상 재표준화,0.1902215437116066,-2.525777769696994,1
124,RG3_L_000124,0,0,전체 변수와 정상 재표준화,0.11160088594321493,-2.525777769696994,1
125,RG3_L_000125,3,0,전체 변수와 정상 재표준화,-0.20334096218572917,-2.525777769696994,1
127,RG3_L_000127,1,0,전체 변수와 정상 재표준화,-1.4834372039978359,-2.525777769696994,1
128,RG3_L_000128,1,0,전체 변수와 정상 재표준화,-2.436926197276218,-2.525777769696994,1
129,RG3_L_000129,1,0,전체 변수와 정상 재표준화,-1.9759755149205738,-2.525777769696994,1
130,RG3_L_000130,0,0,전체 변수와 정상 재표준화,-2.1275956034297625,-2.525777769696994,1
131,RG3_L_000131,3,0,전체 변수와 정상 재표준화,-2.397516452147485,-2.525777769696994,1
132,RG3_L_000132,1,0,전체 변수와 정상 재표준화,-1.6904224893864725,-2.525777769696994,1
134,RG3_L_000134,2,0,전체 변수와 정상 재표준화,-1.2052211664696895,-2.525777769696994,1
136,RG3_L_000136,2,0,전체 변수와 정상 재표준화,-1.7520176143082917,-2.525777769696994,1
137,RG3_L_000137,3,0,전체 변수와 정상 재표준화,-1.6823024582105806,-2.525777769696994,1
138,RG3_L_000138,0,0,전체 변수와 정상 재표준화,-1.5666351670005074,-2.525777769696994,1
139,RG3_L_000139,2,0,전체 변수와 정상 재표준화,-1.7441015516533067,-2.525777769696994,1
141,RG3_L_000141,0,0,전체 변수와 정상 재표준화,-2.5273712769536623,-2.525777769696994,0
142,RG3_L_000142,0,0,전체 변수와 정상 재표준화,-1.2273735635248162,-2.525777769696994,1
144,RG3_L_000144,1,0,전체 변수와 정상 재표준화,-1.9573122176031905,-2.525777769696994,1
145,RG3_L_000145,1,0,전체 변수와 정상 재표준화,-1.3278864878164818,-2.525777769696994,1
146,RG3_L_000146,3,0,전체 변수와 정상 재표준화,-0.6670768727190364,-2.525777769696994,1
147,RG3_L_000147,2,0,전체 변수와 정상 재표준화,-0.973470774323733,-2.525777769696994,1
148,RG3_L_000148,0,0,전체 변수와 정상 재표준화,-1.3067060501057988,-2.525777769696994,1
149,RG3_L_000149,3,0,전체 변수와 정상 재표준화,-0.8092215009861015,-2.525777769696994,1
150,RG3_L_000150,3,1,전체 변수와 정상 재표준화,-1.8997149850251347,-2.525777769696994,1
151,RG3_L_000151,3,0,전체 변수와 정상 재표준화,-1.974664222215198,-2.525777769696994,1
152,RG3_L_000152,2,1,전체 변수와 정상 재표준화,-1.9537837739064337,-2.525777769696994,1
153,RG3_L_000153,2,0,전체 변수와 정상 재표준화,-1.9313092564774887,-2.525777769696994,1
154,RG3_L_000154,0,0,전체 변수와 정상 재표준화,-1.5862620254934878,-2.525777769696994,1
155,RG3_L_000155,1,1,전체 변수와 정상 재표준화,-0.918585007233979,-2.525777769696994,1
156,RG3_L_000156,0,0,전체 변수와 정상 재표준화,-1.0390143678575345,-2.525777769696994,1
157,RG3_L_000157,1,0,전체 변수와 정상 재표준화,0.28162684339958055,-2.525777769696994,1
158,RG3_L_000158,0,0,전체 변수와 정상 재표준화,-1.5048746133660398,-2.525777769696994,1
159,RG3_L_000159,1,0,전체 변수와 정상 재표준화,-0.5988498468205865,-2.525777769696994,1
160,RG3_L_000160,2,0,전체 변수와 정상 재표준화,-0.8821782294675558,-2.525777769696994,1
161,RG3_L_000161,3,1,전체 변수와 정상 재표준화,-1.537933897400988,-2.525777769696994,1
162,RG3_L_000162,1,0,전체 변수와 정상 재표준화,-1.9375986093899122,-2.525777769696994,1
163,RG3_L_000163,0,0,전체 변수와 정상 재표준화,-0.7700615650324281,-2.525777769696994,1
164,RG3_L_000164,0,0,전체 변수와 정상 재표준화,-0.17295279852240952,-2.525777769696994,1
166,RG3_L_000166,2,0,전체 변수와 정상 재표준화,-1.2629965392165285,-2.525777769696994,1
167,RG3_L_000167,1,0,전체 변수와 정상 재표준화,-1.228304184588671,-2.525777769696994,1
168,RG3_L_000168,0,0,전체 변수와 정상 재표준화,-1.9559147069370848,-2.525777769696994,1
172,RG3_L_000172,1,0,전체 변수와 정상 재표준화,-1.3323752382910232,-2.525777769696994,1
173,RG3_L_000173,2,1,전체 변수와 정상 재표준화,-2.355649914700095,-2.525777769696994,1
174,RG3_L_000174,2,0,전체 변수와 정상 재표준화,-1.9561866992439825,-2.525777769696994,1
175,RG3_L_000175,0,0,전체 변수와 정상 재표준화,-1.1169542246661237,-2.525777769696994,1
177,RG3_L_000177,0,0,전체 변수와 정상 재표준화,-1.42446514637302,-2.525777769696994,1
178,RG3_L_000178,3,0,전체 변수와 정상 재표준화,-2.029826188026611,-2.525777769696994,1
179,RG3_L_000179,0,0,전체 변수와 정상 재표준화,-1.2622702249977582,-2.525777769696994,1
180,RG3_L_000180,2,0,전체 변수와 정상 재표준화,-1.28972615988563,-2.525777769696994,1
181,RG3_L_000181,3,0,전체 변수와 정상 재표준화,-1.389546157776694,-2.525777769696994,1
182,RG3_L_000182,1,0,전체 변수와 정상 재표준화,-1.5266095691996036,-2.525777769696994,1
183,RG3_L_000183,1,0,전체 변수와 정상 재표준화,-1.3625088270492363,-2.525777769696994,1
184,RG3_L_000184,1,0,전체 변수와 정상 재표준화,-1.2266214189139806,-2.525777769696994,1
185,RG3_L_000185,1,0,전체 변수와 정상 재표준화,-1.7795303213274405,-2.525777769696994,1
186,RG3_L_000186,2,0,전체 변수와 정상 재표준화,-1.8537633270147698,-2.525777769696994,1
187,RG3_L_000187,3,0,전체 변수와 정상 재표준화,-0.6447870066466432,-2.525777769696994,1
188,RG3_L_000188,1,0,전체 변수와 정상 재표준화,-0.03416548108936723,-2.525777769696994,1
189,RG3_L_000189,3,0,전체 변수와 정상 재표준화,-1.2705925323211602,-2.525777769696994,1
190,RG3_L_000190,3,0,전체 변수와 정상 재표준화,-0.8094335337796537,-2.525777769696994,1
191,RG3_L_000191,1,0,전체 변수와 정상 재표준화,0.7368649053739258,-2.525777769696994,1
192,RG3_L_000192,3,0,전체 변수와 정상 재표준화,-0.19623990523460222,-2.525777769696994,1
193,RG3_L_000193,2,0,전체 변수와 정상 재표준화,-0.718993101749037,-2.525777769696994,1
194,RG3_L_000194,3,0,전체 변수와 정상 재표준화,-1.2785106735881673,-2.525777769696994,1
195,RG3_L_000195,1,0,전체 변수와 정상 재표준화,-0.6727568360822413,-2.525777769696994,1
196,RG3_L_000196,0,0,전체 변수와 정상 재표준화,-1.6597184075201046,-2.525777769696994,1
198,RG3_L_000198,3,0,전체 변수와 정상 재표준화,-1.3275790512394892,-2.525777769696994,1
202,RG3_L_000202,1,0,전체 변수와 정상 재표준화,-0.5964629603272638,-2.525777769696994,1
203,RG3_L_000203,1,1,전체 변수와 정상 재표준화,-0.3547859807364375,-2.525777769696994,1
204,RG3_L_000204,3,0,전체 변수와 정상 재표준화,-1.0122834188002958,-2.525777769696994,1
205,RG3_L_000205,2,1,전체 변수와 정상 재표준화,-1.795645219182889,-2.525777769696994,1
206,RG3_L_000206,1,0,전체 변수와 정상 재표준화,-1.5156467368878292,-2.525777769696994,1
207,RG3_L_000207,1,0,전체 변수와 정상 재표준화,-1.6436105251777242,-2.525777769696994,1
208,RG3_L_000208,1,0,전체 변수와 정상 재표준화,-0.7734074362645558,-2.525777769696994,1
209,RG3_L_000209,0,0,전체 변수와 정상 재표준화,-1.0763249125928613,-2.525777769696994,1
210,RG3_L_000210,3,0,전체 변수와 정상 재표준화,-1.214179512074864,-2.525777769696994,1
211,RG3_L_000211,3,0,전체 변수와 정상 재표준화,-0.6187421464000913,-2.525777769696994,1
212,RG3_L_000212,1,0,전체 변수와 정상 재표준화,-1.5090282617190258,-2.525777769696994,1
214,RG3_L_000214,0,0,전체 변수와 정상 재표준화,-2.525777769696994,-2.525777769696994,0
215,RG3_L_000215,2,0,전체 변수와 정상 재표준화,-0.7040598568218748,-2.525777769696994,1
216,RG3_L_000216,2,0,전체 변수와 정상 재표준화,-1.553836855038302,-2.525777769696994,1
218,RG3_L_000218,1,0,전체 변수와 정상 재표준화,-1.532161562326447,-2.525777769696994,1
220,RG3_L_000220,1,0,전체 변수와 정상 재표준화,-0.7643701760146513,-2.525777769696994,1
221,RG3_L_000221,3,0,전체 변수와 정상 재표준화,-0.8643769572462414,-2.525777769696994,1
222,RG3_L_000222,2,0,전체 변수와 정상 재표준화,-1.3379405643024622,-2.525777769696994,1
223,RG3_L_000223,3,0,전체 변수와 정상 재표준화,-1.3487265829896806,-2.525777769696994,1
225,RG3_L_000225,3,0,전체 변수와 정상 재표준화,-1.8774844690314136,-2.525777769696994,1
227,RG3_L_000227,1,0,전체 변수와 정상 재표준화,-0.9991223817081742,-2.525777769696994,1
230,RG3_L_000230,1,0,전체 변수와 정상 재표준화,-0.8271856647969429,-2.525777769696994,1
232,RG3_L_000232,3,0,전체 변수와 정상 재표준화,-1.5072298904836678,-2.525777769696994,1
233,RG3_L_000233,3,0,전체 변수와 정상 재표준화,-1.8341039096282739,-2.525777769696994,1
234,RG3_L_000234,2,0,전체 변수와 정상 재표준화,-1.9983971619026768,-2.525777769696994,1
235,RG3_L_000235,0,0,전체 변수와 정상 재표준화,-0.9360416223732333,-2.525777769696994,1
236,RG3_L_000236,1,0,전체 변수와 정상 재표준화,-1.0759020436860354,-2.525777769696994,1
237,RG3_L_000237,2,0,전체 변수와 정상 재표준화,-1.2843866838385036,-2.525777769696994,1
238,RG3_L_000238,2,0,전체 변수와 정상 재표준화,-1.100339078938024,-2.525777769696994,1
239,RG3_L_000239,2,0,전체 변수와 정상 재표준화,-1.9797907935556935,-2.525777769696994,1
240,RG3_L_000240,2,0,전체 변수와 정상 재표준화,-1.9554541818212954,-2.525777769696994,1
241,RG3_L_000241,0,0,전체 변수와 정상 재표준화,-1.8912814951044812,-2.525777769696994,1
242,RG3_L_000242,0,0,전체 변수와 정상 재표준화,-1.1059127131192898,-2.525777769696994,1
244,RG3_L_000244,1,0,전체 변수와 정상 재표준화,-0.8984304124437195,-2.525777769696994,1
245,RG3_L_000245,2,0,전체 변수와 정상 재표준화,-0.16033821701163298,-2.525777769696994,1
246,RG3_L_000246,0,0,전체 변수와 정상 재표준화,-0.918989062836534,-2.525777769696994,1
247,RG3_L_000247,2,0,전체 변수와 정상 재표준화,-0.8582857144850315,-2.525777769696994,1
248,RG3_L_000248,2,0,전체 변수와 정상 재표준화,-1.0457634386125108,-2.525777769696994,1
250,RG3_L_000250,1,0,전체 변수와 정상 재표준화,-0.48251513952377323,-2.525777769696994,1
251,RG3_L_000251,1,0,전체 변수와 정상 재표준화,-1.6710564374667491,-2.525777769696994,1
252,RG3_L_000252,1,0,전체 변수와 정상 재표준화,-0.818175342472701,-2.525777769696994,1
253,RG3_L_000253,1,0,전체 변수와 정상 재표준화,-1.6097329210743894,-2.525777769696994,1
255,RG3_L_000255,0,0,전체 변수와 정상 재표준화,-0.26906437318093346,-2.525777769696994,1
257,RG3_L_000257,2,0,전체 변수와 정상 재표준화,-1.8530407357978582,-2.525777769696994,1
258,RG3_L_000258,0,0,전체 변수와 정상 재표준화,-1.4001178031374266,-2.525777769696994,1
259,RG3_L_000259,0,0,전체 변수와 정상 재표준화,-2.234450521748549,-2.525777769696994,1
260,RG3_L_000260,0,0,전체 변수와 정상 재표준화,-2.0380111943638948,-2.525777769696994,1
261,RG3_L_000261,2,0,전체 변수와 정상 재표준화,-1.3511507649683665,-2.525777769696994,1
262,RG3_L_000262,1,0,전체 변수와 정상 재표준화,-0.24441560679156282,-2.525777769696994,1
263,RG3_L_000263,3,0,전체 변수와 정상 재표준화,-1.9119909330189184,-2.525777769696994,1
266,RG3_L_000266,2,0,전체 변수와 정상 재표준화,-0.7767441877669174,-2.525777769696994,1
267,RG3_L_000267,1,0,전체 변수와 정상 재표준화,-1.2731958572667068,-2.525777769696994,1
268,RG3_L_000268,2,0,전체 변수와 정상 재표준화,-1.482255400701165,-2.525777769696994,1
269,RG3_L_000269,3,0,전체 변수와 정상 재표준화,-1.2113129984761297,-2.525777769696994,1
270,RG3_L_000270,1,0,전체 변수와 정상 재표준화,-0.9824727823855319,-2.525777769696994,1
271,RG3_L_000271,1,0,전체 변수와 정상 재표준화,-1.3202776288270819,-2.525777769696994,1
274,RG3_L_000274,0,0,전체 변수와 정상 재표준화,-1.4170139917416886,-2.525777769696994,1
275,RG3_L_000275,0,1,전체 변수와 정상 재표준화,-0.8969908556532573,-2.525777769696994,1
276,RG3_L_000276,2,0,전체 변수와 정상 재표준화,-1.7255277956015913,-2.525777769696994,1
277,RG3_L_000277,1,0,전체 변수와 정상 재표준화,-1.7336894305990853,-2.525777769696994,1
278,RG3_L_000278,2,0,전체 변수와 정상 재표준화,-1.27342031041667,-2.525777769696994,1
279,RG3_L_000279,1,0,전체 변수와 정상 재표준화,-1.7436547640335096,-2.525777769696994,1
280,RG3_L_000280,0,0,전체 변수와 정상 재표준화,-1.4325763616237381,-2.525777769696994,1
281,RG3_L_000281,0,0,전체 변수와 정상 재표준화,-1.3580662914426096,-2.525777769696994,1
282,RG3_L_000282,3,0,전체 변수와 정상 재표준화,-0.6141540200452145,-2.525777769696994,1
285,RG3_L_000285,0,0,전체 변수와 정상 재표준화,-1.2518682153139107,-2.525777769696994,1
286,RG3_L_000286,3,0,전체 변수와 정상 재표준화,-1.0275221928761464,-2.525777769696994,1
288,RG3_L_000288,1,0,전체 변수와 정상 재표준화,-1.567449356252041,-2.525777769696994,1
289,RG3_L_000289,2,0,전체 변수와 정상 재표준화,-2.08060009612573,-2.525777769696994,1
291,RG3_L_000291,0,0,전체 변수와 정상 재표준화,-1.1014511467365367,-2.525777769696994,1
292,RG3_L_000292,1,0,전체 변수와 정상 재표준화,-1.189472600936833,-2.525777769696994,1
294,RG3_L_000294,3,0,전체 변수와 정상 재표준화,-1.3071952487370417,-2.525777769696994,1
295,RG3_L_000295,2,0,전체 변수와 정상 재표준화,-2.230344942812163,-2.525777769696994,1
296,RG3_L_000296,2,0,전체 변수와 정상 재표준화,-1.0735111393290886,-2.525777769696994,1
297,RG3_L_000297,0,0,전체 변수와 정상 재표준화,-1.1867164162090749,-2.525777769696994,1
298,RG3_L_000298,2,0,전체 변수와 정상 재표준화,-1.385876940594839,-2.525777769696994,1
299,RG3_L_000299,0,0,전체 변수와 정상 재표준화,-0.006918041263471508,-2.525777769696994,1
300,RG3_L_000300,0,0,전체 변수와 정상 재표준화,-0.8653363173278983,-2.525777769696994,1
301,RG3_L_000301,0,0,전체 변수와 정상 재표준화,-1.5488129338278291,-2.525777769696994,1
303,RG3_L_000303,1,0,전체 변수와 정상 재표준화,-1.21528746019308,-2.525777769696994,1
304,RG3_L_000304,1,0,전체 변수와 정상 재표준화,-1.5439134251614028,-2.525777769696994,1
305,RG3_L_000305,1,0,전체 변수와 정상 재표준화,-2.0446653227368206,-2.525777769696994,1
306,RG3_L_000306,1,0,전체 변수와 정상 재표준화,-0.7158535885837214,-2.525777769696994,1
307,RG3_L_000307,1,0,전체 변수와 정상 재표준화,-1.3732258849402736,-2.525777769696994,1
308,RG3_L_000308,0,0,전체 변수와 정상 재표준화,-0.6430253646232735,-2.525777769696994,1
310,RG3_L_000310,0,1,전체 변수와 정상 재표준화,-1.200006983723389,-2.525777769696994,1
311,RG3_L_000311,2,0,전체 변수와 정상 재표준화,-1.0936190877485679,-2.525777769696994,1
312,RG3_L_000312,2,0,전체 변수와 정상 재표준화,-1.3046016450435456,-2.525777769696994,1
313,RG3_L_000313,2,0,전체 변수와 정상 재표준화,-1.7319873917399224,-2.525777769696994,1
314,RG3_L_000314,2,0,전체 변수와 정상 재표준화,-1.1641737016595304,-2.525777769696994,1
316,RG3_L_000316,3,0,전체 변수와 정상 재표준화,-1.0673558053744578,-2.525777769696994,1
317,RG3_L_000317,3,0,전체 변수와 정상 재표준화,-1.3660033711115425,-2.525777769696994,1
319,RG3_L_000319,3,0,전체 변수와 정상 재표준화,-1.470078297520848,-2.525777769696994,1
320,RG3_L_000320,1,0,전체 변수와 정상 재표준화,-1.3014564931046326,-2.525777769696994,1
321,RG3_L_000321,1,0,전체 변수와 정상 재표준화,-1.5903951873907225,-2.525777769696994,1
322,RG3_L_000322,3,0,전체 변수와 정상 재표준화,-1.160978807098564,-2.525777769696994,1
325,RG3_L_000325,2,0,전체 변수와 정상 재표준화,-0.9014030750421327,-2.525777769696994,1
326,RG3_L_000326,1,0,전체 변수와 정상 재표준화,-0.015668008927747223,-2.525777769696994,1
327,RG3_L_000327,2,0,전체 변수와 정상 재표준화,-0.9686147455288019,-2.525777769696994,1
329,RG3_L_000329,0,0,전체 변수와 정상 재표준화,13.185960528238445,-2.525777769696994,1
331,RG3_L_000331,3,0,전체 변수와 정상 재표준화,-0.7366511948666457,-2.525777769696994,1
332,RG3_L_000332,1,0,전체 변수와 정상 재표준화,-1.3043455584776904,-2.525777769696994,1
333,RG3_L_000333,1,0,전체 변수와 정상 재표준화,-1.0597137544384392,-2.525777769696994,1
334,RG3_L_000334,3,0,전체 변수와 정상 재표준화,0.1827676623003356,-2.525777769696994,1
335,RG3_L_000335,3,0,전체 변수와 정상 재표준화,-0.2175792230959086,-2.525777769696994,1
336,RG3_L_000336,3,0,전체 변수와 정상 재표준화,-0.7238253731666884,-2.525777769696994,1
337,RG3_L_000337,3,0,전체 변수와 정상 재표준화,-0.3763494386380888,-2.525777769696994,1
338,RG3_L_000338,2,0,전체 변수와 정상 재표준화,-2.041798764191059,-2.525777769696994,1
339,RG3_L_000339,2,0,전체 변수와 정상 재표준화,-1.3377789565595002,-2.525777769696994,1
340,RG3_L_000340,3,0,전체 변수와 정상 재표준화,-1.8311601844945091,-2.525777769696994,1
342,RG3_L_000342,3,0,전체 변수와 정상 재표준화,-1.520861108222757,-2.525777769696994,1
344,RG3_L_000344,0,0,전체 변수와 정상 재표준화,-0.44373027436821566,-2.525777769696994,1
345,RG3_L_000345,1,0,전체 변수와 정상 재표준화,0.06928702402661102,-2.525777769696994,1
347,RG3_L_000347,3,0,전체 변수와 정상 재표준화,-1.263648164809,-2.525777769696994,1
348,RG3_L_000348,2,0,전체 변수와 정상 재표준화,-2.0764053060548164,-2.525777769696994,1
349,RG3_L_000349,2,0,전체 변수와 정상 재표준화,-1.840413017914134,-2.525777769696994,1
350,RG3_L_000350,3,0,전체 변수와 정상 재표준화,0.054154194448463144,-2.525777769696994,1
351,RG3_L_000351,2,0,전체 변수와 정상 재표준화,-0.7696040145530123,-2.525777769696994,1
352,RG3_L_000352,2,0,전체 변수와 정상 재표준화,-0.43748901341362156,-2.525777769696994,1
354,RG3_L_000354,3,0,전체 변수와 정상 재표준화,0.12906897353239444,-2.525777769696994,1
356,RG3_L_000356,1,0,전체 변수와 정상 재표준화,-0.6251433531321293,-2.525777769696994,1
357,RG3_L_000357,1,0,전체 변수와 정상 재표준화,-0.6506714417848638,-2.525777769696994,1
358,RG3_L_000358,1,0,전체 변수와 정상 재표준화,-1.3774340739105444,-2.525777769696994,1
362,RG3_L_000362,2,0,전체 변수와 정상 재표준화,-0.2140309126119977,-2.525777769696994,1
364,RG3_L_000364,2,0,전체 변수와 정상 재표준화,-1.3794379481995946,-2.525777769696994,1
365,RG3_L_000365,1,0,전체 변수와 정상 재표준화,-1.2548554177564242,-2.525777769696994,1
366,RG3_L_000366,1,0,전체 변수와 정상 재표준화,-1.863494972027853,-2.525777769696994,1
368,RG3_L_000368,1,0,전체 변수와 정상 재표준화,-1.4919897013385217,-2.525777769696994,1
369,RG3_L_000369,3,0,전체 변수와 정상 재표준화,-1.5950317311413187,-2.525777769696994,1
370,RG3_L_000370,3,0,전체 변수와 정상 재표준화,-1.1218288390087157,-2.525777769696994,1
371,RG3_L_000371,1,0,전체 변수와 정상 재표준화,-1.1317076316821346,-2.525777769696994,1
372,RG3_L_000372,3,0,전체 변수와 정상 재표준화,-1.015600785583608,-2.525777769696994,1
373,RG3_L_000373,0,0,전체 변수와 정상 재표준화,-1.1314776653480045,-2.525777769696994,1
374,RG3_L_000374,2,0,전체 변수와 정상 재표준화,-1.5711414416973444,-2.525777769696994,1
375,RG3_L_000375,3,0,전체 변수와 정상 재표준화,-0.6421935951777176,-2.525777769696994,1
376,RG3_L_000376,1,0,전체 변수와 정상 재표준화,-1.515412613659306,-2.525777769696994,1
377,RG3_L_000377,3,0,전체 변수와 정상 재표준화,-0.8362551120399075,-2.525777769696994,1
378,RG3_L_000378,0,0,전체 변수와 정상 재표준화,-0.5261052993986723,-2.525777769696994,1
379,RG3_L_000379,3,0,전체 변수와 정상 재표준화,-0.161045146413068,-2.525777769696994,1
380,RG3_L_000380,0,0,전체 변수와 정상 재표준화,0.5514878480387395,-2.525777769696994,1
381,RG3_L_000381,3,1,전체 변수와 정상 재표준화,0.29213567050709344,-2.525777769696994,1
382,RG3_L_000382,2,0,전체 변수와 정상 재표준화,-0.5252243363585354,-2.525777769696994,1
383,RG3_L_000383,0,0,전체 변수와 정상 재표준화,0.13290101351330108,-2.525777769696994,1
385,RG3_L_000385,2,0,전체 변수와 정상 재표준화,-1.7196126396952174,-2.525777769696994,1
386,RG3_L_000386,1,0,전체 변수와 정상 재표준화,-1.1150111080744445,-2.525777769696994,1
387,RG3_L_000387,1,0,전체 변수와 정상 재표준화,-0.7422540766114132,-2.525777769696994,1
388,RG3_L_000388,0,0,전체 변수와 정상 재표준화,-0.1863387044685041,-2.525777769696994,1
389,RG3_L_000389,0,0,전체 변수와 정상 재표준화,-0.1718872663275448,-2.525777769696994,1
391,RG3_L_000391,0,0,전체 변수와 정상 재표준화,-0.7096839312466265,-2.525777769696994,1
392,RG3_L_000392,1,0,전체 변수와 정상 재표준화,-1.1104829823915061,-2.525777769696994,1
393,RG3_L_000393,1,0,전체 변수와 정상 재표준화,-0.6477757785407476,-2.525777769696994,1
394,RG3_L_000394,3,0,전체 변수와 정상 재표준화,-0.8078493892327998,-2.525777769696994,1
395,RG3_L_000395,3,0,전체 변수와 정상 재표준화,-1.1314203192979768,-2.525777769696994,1
398,RG3_L_000398,1,0,전체 변수와 정상 재표준화,-0.3604029135503044,-2.525777769696994,1
399,RG3_L_000399,0,0,전체 변수와 정상 재표준화,-1.2716247296961516,-2.525777769696994,1
400,RG3_L_000400,0,0,전체 변수와 정상 재표준화,-1.0061690354494637,-2.525777769696994,1
401,RG3_L_000401,2,0,전체 변수와 정상 재표준화,-1.6049801421337175,-2.525777769696994,1
402,RG3_L_000402,3,0,전체 변수와 정상 재표준화,-1.8460110361071198,-2.525777769696994,1
404,RG3_L_000404,3,0,전체 변수와 정상 재표준화,-1.2845707114262943,-2.525777769696994,1
405,RG3_L_000405,2,1,전체 변수와 정상 재표준화,-0.8210392430061972,-2.525777769696994,1
407,RG3_L_000407,1,0,전체 변수와 정상 재표준화,-0.810134893958363,-2.525777769696994,1
409,RG3_L_000409,0,0,전체 변수와 정상 재표준화,-2.100803115752262,-2.525777769696994,1
411,RG3_L_000411,3,0,전체 변수와 정상 재표준화,-1.768989771033155,-2.525777769696994,1
412,RG3_L_000412,1,0,전체 변수와 정상 재표준화,-1.5010638535324077,-2.525777769696994,1
413,RG3_L_000413,2,0,전체 변수와 정상 재표준화,-1.0341629442862228,-2.525777769696994,1
414,RG3_L_000414,2,0,전체 변수와 정상 재표준화,-0.7583443479889738,-2.525777769696994,1
415,RG3_L_000415,3,0,전체 변수와 정상 재표준화,-0.6067810142815304,-2.525777769696994,1
416,RG3_L_000416,0,0,전체 변수와 정상 재표준화,-0.986934061468574,-2.525777769696994,1
417,RG3_L_000417,2,0,전체 변수와 정상 재표준화,-1.8456323631743938,-2.525777769696994,1
418,RG3_L_000418,3,0,전체 변수와 정상 재표준화,-1.7525395033307483,-2.525777769696994,1
419,RG3_L_000419,0,0,전체 변수와 정상 재표준화,-1.1819471755903255,-2.525777769696994,1
421,RG3_L_000421,2,0,전체 변수와 정상 재표준화,-1.7149552658079603,-2.525777769696994,1
422,RG3_L_000422,3,0,전체 변수와 정상 재표준화,-0.49101563923100144,-2.525777769696994,1
423,RG3_L_000423,1,0,전체 변수와 정상 재표준화,-1.1822111359825076,-2.525777769696994,1
424,RG3_L_000424,1,0,전체 변수와 정상 재표준화,-0.5393936550361929,-2.525777769696994,1
425,RG3_L_000425,0,0,전체 변수와 정상 재표준화,-0.9222880616398346,-2.525777769696994,1
426,RG3_L_000426,2,0,전체 변수와 정상 재표준화,-0.8254168060631333,-2.525777769696994,1
427,RG3_L_000427,1,0,전체 변수와 정상 재표준화,-1.6478148143973144,-2.525777769696994,1
429,RG3_L_000429,0,0,전체 변수와 정상 재표준화,-1.9073239073853454,-2.525777769696994,1
430,RG3_L_000430,0,0,전체 변수와 정상 재표준화,-1.5562783047547342,-2.525777769696994,1
431,RG3_L_000431,0,0,전체 변수와 정상 재표준화,-1.266475603119627,-2.525777769696994,1
433,RG3_L_000433,2,0,전체 변수와 정상 재표준화,-0.3806918671916062,-2.525777769696994,1
434,RG3_L_000434,2,0,전체 변수와 정상 재표준화,-0.7515322715312607,-2.525777769696994,1
435,RG3_L_000435,1,0,전체 변수와 정상 재표준화,-0.1184205108602665,-2.525777769696994,1
436,RG3_L_000436,3,0,전체 변수와 정상 재표준화,-1.205027486131696,-2.525777769696994,1
438,RG3_L_000438,0,0,전체 변수와 정상 재표준화,-1.2841368831501718,-2.525777769696994,1
439,RG3_L_000439,3,0,전체 변수와 정상 재표준화,0.06985974349423962,-2.525777769696994,1
440,RG3_L_000440,2,0,전체 변수와 정상 재표준화,-0.49123380830130614,-2.525777769696994,1
441,RG3_L_000441,2,0,전체 변수와 정상 재표준화,-0.9113667713755351,-2.525777769696994,1
442,RG3_L_000442,2,0,전체 변수와 정상 재표준화,-0.36741159507688437,-2.525777769696994,1
443,RG3_L_000443,1,0,전체 변수와 정상 재표준화,0.7504212470738114,-2.525777769696994,1
444,RG3_L_000444,3,0,전체 변수와 정상 재표준화,-0.17389264499006885,-2.525777769696994,1
445,RG3_L_000445,1,0,전체 변수와 정상 재표준화,-1.2550659067813914,-2.525777769696994,1
448,RG3_L_000448,0,0,전체 변수와 정상 재표준화,-0.5091985521436388,-2.525777769696994,1
449,RG3_L_000449,1,0,전체 변수와 정상 재표준화,-1.086513396309135,-2.525777769696994,1
450,RG3_L_000450,1,0,전체 변수와 정상 재표준화,0.261009650410168,-2.525777769696994,1
451,RG3_L_000451,3,0,전체 변수와 정상 재표준화,-0.5006578477585855,-2.525777769696994,1
452,RG3_L_000452,0,0,전체 변수와 정상 재표준화,-0.5934054709914651,-2.525777769696994,1
453,RG3_L_000453,2,0,전체 변수와 정상 재표준화,-1.5090435886214681,-2.525777769696994,1
454,RG3_L_000454,3,0,전체 변수와 정상 재표준화,-1.2944456351878948,-2.525777769696994,1
456,RG3_L_000456,0,0,전체 변수와 정상 재표준화,-0.008725880681971887,-2.525777769696994,1
457,RG3_L_000457,2,0,전체 변수와 정상 재표준화,-1.316311857286376,-2.525777769696994,1
458,RG3_L_000458,0,0,전체 변수와 정상 재표준화,-1.0652547415028355,-2.525777769696994,1
459,RG3_L_000459,1,0,전체 변수와 정상 재표준화,0.5739784527966041,-2.525777769696994,1
460,RG3_L_000460,0,0,전체 변수와 정상 재표준화,-0.8840743057427378,-2.525777769696994,1
461,RG3_L_000461,3,0,전체 변수와 정상 재표준화,-0.7602942972320346,-2.525777769696994,1
462,RG3_L_000462,3,0,전체 변수와 정상 재표준화,-2.174569430829134,-2.525777769696994,1
463,RG3_L_000463,1,0,전체 변수와 정상 재표준화,-1.3623239931549005,-2.525777769696994,1
464,RG3_L_000464,2,0,전체 변수와 정상 재표준화,-1.2044932013772982,-2.525777769696994,1
466,RG3_L_000466,3,0,전체 변수와 정상 재표준화,-0.5251678002129854,-2.525777769696994,1
467,RG3_L_000467,2,0,전체 변수와 정상 재표준화,-0.2791967136926914,-2.525777769696994,1
468,RG3_L_000468,2,0,전체 변수와 정상 재표준화,-0.20650001913750593,-2.525777769696994,1
469,RG3_L_000469,1,0,전체 변수와 정상 재표준화,-0.5550263338396135,-2.525777769696994,1
470,RG3_L_000470,1,0,전체 변수와 정상 재표준화,-0.3887824585266202,-2.525777769696994,1
471,RG3_L_000471,2,0,전체 변수와 정상 재표준화,-0.537952941090106,-2.525777769696994,1
472,RG3_L_000472,3,0,전체 변수와 정상 재표준화,1.2589057147907372,-2.525777769696994,1
473,RG3_L_000473,2,0,전체 변수와 정상 재표준화,-1.2346681125661192,-2.525777769696994,1
476,RG3_L_000476,2,1,전체 변수와 정상 재표준화,-1.5320293749298362,-2.525777769696994,1
477,RG3_L_000477,3,0,전체 변수와 정상 재표준화,6.368031009118459,-2.525777769696994,1
478,RG3_L_000478,3,0,전체 변수와 정상 재표준화,-1.1625807084365007,-2.525777769696994,1
481,RG3_L_000481,2,0,전체 변수와 정상 재표준화,-1.1196821368340704,-2.525777769696994,1
483,RG3_L_000483,0,1,전체 변수와 정상 재표준화,-1.4240379058921455,-2.525777769696994,1
484,RG3_L_000484,3,0,전체 변수와 정상 재표준화,6.028140363371625,-2.525777769696994,1
485,RG3_L_000485,2,0,전체 변수와 정상 재표준화,-0.49658349997979734,-2.525777769696994,1
486,RG3_L_000486,3,1,전체 변수와 정상 재표준화,-0.9120489493635144,-2.525777769696994,1
487,RG3_L_000487,1,0,전체 변수와 정상 재표준화,-0.8830622426552868,-2.525777769696994,1
488,RG3_L_000488,1,0,전체 변수와 정상 재표준화,-1.6327693185548782,-2.525777769696994,1
490,RG3_L_000490,0,0,전체 변수와 정상 재표준화,-1.676338088698996,-2.525777769696994,1
491,RG3_L_000491,1,0,전체 변수와 정상 재표준화,-1.9831059818218666,-2.525777769696994,1
492,RG3_L_000492,1,0,전체 변수와 정상 재표준화,-0.9082354126099261,-2.525777769696994,1
493,RG3_L_000493,2,0,전체 변수와 정상 재표준화,-0.8482857894339926,-2.525777769696994,1
494,RG3_L_000494,2,0,전체 변수와 정상 재표준화,-0.7191350288758205,-2.525777769696994,1
495,RG3_L_000495,0,0,전체 변수와 정상 재표준화,-0.5212167135792889,-2.525777769696994,1
500,RG3_L_000500,0,0,전체 변수와 정상 재표준화,-1.0955956898256058,-2.525777769696994,1
501,RG3_L_000501,0,0,전체 변수와 정상 재표준화,-0.8448368294627642,-2.525777769696994,1
502,RG3_L_000502,3,0,전체 변수와 정상 재표준화,-0.5996273675959873,-2.525777769696994,1
503,RG3_L_000503,0,0,전체 변수와 정상 재표준화,0.4703970038136607,-2.525777769696994,1
504,RG3_L_000504,0,0,전체 변수와 정상 재표준화,0.4873009673735744,-2.525777769696994,1
505,RG3_L_000505,1,0,전체 변수와 정상 재표준화,-0.7757009885975314,-2.525777769696994,1
508,RG3_L_000508,0,0,전체 변수와 정상 재표준화,-1.520934592419973,-2.525777769696994,1
509,RG3_L_000509,2,0,전체 변수와 정상 재표준화,-0.22643979535070002,-2.525777769696994,1
510,RG3_L_000510,3,0,전체 변수와 정상 재표준화,-0.6800082077862157,-2.525777769696994,1
512,RG3_L_000512,0,0,전체 변수와 정상 재표준화,-0.36093631274622595,-2.525777769696994,1
513,RG3_L_000513,3,0,전체 변수와 정상 재표준화,-0.4783641935789742,-2.525777769696994,1
515,RG3_L_000515,3,0,전체 변수와 정상 재표준화,-1.6721894145671001,-2.525777769696994,1
516,RG3_L_000516,0,0,전체 변수와 정상 재표준화,-0.9975925007974098,-2.525777769696994,1
517,RG3_L_000517,3,0,전체 변수와 정상 재표준화,-0.4877335283158022,-2.525777769696994,1
518,RG3_L_000518,2,0,전체 변수와 정상 재표준화,-1.2522568829367344,-2.525777769696994,1
519,RG3_L_000519,2,0,전체 변수와 정상 재표준화,0.9515108429341055,-2.525777769696994,1
520,RG3_L_000520,0,0,전체 변수와 정상 재표준화,5.64773887158435,-2.525777769696994,1
521,RG3_L_000521,2,0,전체 변수와 정상 재표준화,0.0403317943666206,-2.525777769696994,1
522,RG3_L_000522,0,0,전체 변수와 정상 재표준화,0.022817250639791453,-2.525777769696994,1
523,RG3_L_000523,3,0,전체 변수와 정상 재표준화,-0.5241751228867457,-2.525777769696994,1
524,RG3_L_000524,2,0,전체 변수와 정상 재표준화,-0.5801400083352295,-2.525777769696994,1
525,RG3_L_000525,1,0,전체 변수와 정상 재표준화,-1.307322044365721,-2.525777769696994,1
526,RG3_L_000526,2,0,전체 변수와 정상 재표준화,-1.1161234216793936,-2.525777769696994,1
528,RG3_L_000528,3,0,전체 변수와 정상 재표준화,-0.5183495402943574,-2.525777769696994,1
529,RG3_L_000529,1,0,전체 변수와 정상 재표준화,-0.39038271557251925,-2.525777769696994,1
530,RG3_L_000530,2,0,전체 변수와 정상 재표준화,-0.4612806508989369,-2.525777769696994,1
534,RG3_L_000534,3,0,전체 변수와 정상 재표준화,-1.521559215261103,-2.525777769696994,1
535,RG3_L_000535,2,0,전체 변수와 정상 재표준화,-1.1151548132195916,-2.525777769696994,1
537,RG3_L_000537,2,0,전체 변수와 정상 재표준화,-0.5485708943629763,-2.525777769696994,1
538,RG3_L_000538,0,0,전체 변수와 정상 재표준화,-0.9675678061528572,-2.525777769696994,1
539,RG3_L_000539,3,0,전체 변수와 정상 재표준화,-0.7769326819021742,-2.525777769696994,1
540,RG3_L_000540,0,0,전체 변수와 정상 재표준화,-0.4683237266813052,-2.525777769696994,1
541,RG3_L_000541,1,0,전체 변수와 정상 재표준화,-0.47448992922698885,-2.525777769696994,1
543,RG3_L_000543,1,0,전체 변수와 정상 재표준화,-1.1378560012308299,-2.525777769696994,1
544,RG3_L_000544,3,0,전체 변수와 정상 재표준화,-2.138759213518652,-2.525777769696994,1
545,RG3_L_000545,1,0,전체 변수와 정상 재표준화,-1.2151898497523685,-2.525777769696994,1
546,RG3_L_000546,1,0,전체 변수와 정상 재표준화,0.3893361511756108,-2.525777769696994,1
547,RG3_L_000547,0,0,전체 변수와 정상 재표준화,-0.8955611563198183,-2.525777769696994,1
548,RG3_L_000548,0,0,전체 변수와 정상 재표준화,-0.5309882617466339,-2.525777769696994,1
550,RG3_L_000550,3,0,전체 변수와 정상 재표준화,0.08126147268399464,-2.525777769696994,1
551,RG3_L_000551,2,0,전체 변수와 정상 재표준화,0.09787085488006397,-2.525777769696994,1
552,RG3_L_000552,2,0,전체 변수와 정상 재표준화,-0.9092490655248184,-2.525777769696994,1
553,RG3_L_000553,0,0,전체 변수와 정상 재표준화,-1.4722958492057803,-2.525777769696994,1
554,RG3_L_000554,2,0,전체 변수와 정상 재표준화,-1.4506564015292334,-2.525777769696994,1
555,RG3_L_000555,1,0,전체 변수와 정상 재표준화,-0.6119198269093875,-2.525777769696994,1
556,RG3_L_000556,2,0,전체 변수와 정상 재표준화,-0.31925277948911557,-2.525777769696994,1
558,RG3_L_000558,1,0,전체 변수와 정상 재표준화,5.165533666204707,-2.525777769696994,1
559,RG3_L_000559,3,0,전체 변수와 정상 재표준화,-0.08766602514455535,-2.525777769696994,1
560,RG3_L_000560,3,1,전체 변수와 정상 재표준화,-0.5987732486652,-2.525777769696994,1
561,RG3_L_000561,2,0,전체 변수와 정상 재표준화,-0.45841823823039896,-2.525777769696994,1
562,RG3_L_000562,3,0,전체 변수와 정상 재표준화,-0.9233030979595682,-2.525777769696994,1
563,RG3_L_000563,3,0,전체 변수와 정상 재표준화,-0.8812391318526718,-2.525777769696994,1
564,RG3_L_000564,2,0,전체 변수와 정상 재표준화,-0.3444011926241064,-2.525777769696994,1
565,RG3_L_000565,2,0,전체 변수와 정상 재표준화,-1.01221593106815,-2.525777769696994,1
567,RG3_L_000567,1,0,전체 변수와 정상 재표준화,-1.0830730813794087,-2.525777769696994,1
568,RG3_L_000568,1,0,전체 변수와 정상 재표준화,0.014097348127556586,-2.525777769696994,1
569,RG3_L_000569,1,0,전체 변수와 정상 재표준화,-0.8593038368599082,-2.525777769696994,1
570,RG3_L_000570,3,0,전체 변수와 정상 재표준화,0.1016339767913994,-2.525777769696994,1
571,RG3_L_000571,0,0,전체 변수와 정상 재표준화,-0.9097833957936636,-2.525777769696994,1
572,RG3_L_000572,3,0,전체 변수와 정상 재표준화,0.1609888509203774,-2.525777769696994,1
573,RG3_L_000573,0,0,전체 변수와 정상 재표준화,-1.0001961991872772,-2.525777769696994,1
575,RG3_L_000575,2,0,전체 변수와 정상 재표준화,-0.5133440004855547,-2.525777769696994,1
577,RG3_L_000577,1,0,전체 변수와 정상 재표준화,9.395865400977838,-2.525777769696994,1
578,RG3_L_000578,1,0,전체 변수와 정상 재표준화,13.680621807598001,-2.525777769696994,1
579,RG3_L_000579,3,0,전체 변수와 정상 재표준화,-0.8564316650240897,-2.525777769696994,1
580,RG3_L_000580,0,0,전체 변수와 정상 재표준화,-0.7408377958316006,-2.525777769696994,1
581,RG3_L_000581,1,0,전체 변수와 정상 재표준화,-0.40810763938373995,-2.525777769696994,1
583,RG3_L_000583,0,0,전체 변수와 정상 재표준화,-1.0970472213830877,-2.525777769696994,1
584,RG3_L_000584,0,0,전체 변수와 정상 재표준화,-0.659567721144116,-2.525777769696994,1
586,RG3_L_000586,2,0,전체 변수와 정상 재표준화,-0.3020987986877248,-2.525777769696994,1
587,RG3_L_000587,3,0,전체 변수와 정상 재표준화,-0.08884236554450098,-2.525777769696994,1
589,RG3_L_000589,3,0,전체 변수와 정상 재표준화,-0.20681889152654165,-2.525777769696994,1
590,RG3_L_000590,0,0,전체 변수와 정상 재표준화,-0.9388820726055567,-2.525777769696994,1
0,RG3_L_000000,2,0,전체 변수와 제공 스케일 유지,-0.22635766170500382,-2.6024311459319875,1
2,RG3_L_000002,0,0,전체 변수와 제공 스케일 유지,-0.5666122157202444,-2.6024311459319875,1
3,RG3_L_000003,2,0,전체 변수와 제공 스케일 유지,-0.5532549865236671,-2.6024311459319875,1
4,RG3_L_000004,2,0,전체 변수와 제공 스케일 유지,-0.2338813998717395,-2.6024311459319875,1
5,RG3_L_000005,1,0,전체 변수와 제공 스케일 유지,0.18263980574855054,-2.6024311459319875,1
6,RG3_L_000006,1,0,전체 변수와 제공 스케일 유지,0.7972662753940423,-2.6024311459319875,1
7,RG3_L_000007,2,0,전체 변수와 제공 스케일 유지,0.3689762037484705,-2.6024311459319875,1
9,RG3_L_000009,0,0,전체 변수와 제공 스케일 유지,0.354511340627667,-2.6024311459319875,1
10,RG3_L_000010,3,0,전체 변수와 제공 스케일 유지,-0.2921327904324489,-2.6024311459319875,1
11,RG3_L_000011,0,0,전체 변수와 제공 스케일 유지,-1.5557988249195098,-2.6024311459319875,1
12,RG3_L_000012,0,0,전체 변수와 제공 스케일 유지,-0.9017337101136853,-2.6024311459319875,1
15,RG3_L_000015,1,0,전체 변수와 제공 스케일 유지,-0.3406780646881664,-2.6024311459319875,1
16,RG3_L_000016,1,0,전체 변수와 제공 스케일 유지,-1.3851738207302695,-2.6024311459319875,1
17,RG3_L_000017,3,0,전체 변수와 제공 스케일 유지,-0.5674061733549554,-2.6024311459319875,1
18,RG3_L_000018,3,0,전체 변수와 제공 스케일 유지,0.21612639195699046,-2.6024311459319875,1
19,RG3_L_000019,0,0,전체 변수와 제공 스케일 유지,-1.4840065273939107,-2.6024311459319875,1
22,RG3_L_000022,3,0,전체 변수와 제공 스케일 유지,-1.0493604505602665,-2.6024311459319875,1
23,RG3_L_000023,2,0,전체 변수와 제공 스케일 유지,0.3403305111004453,-2.6024311459319875,1
24,RG3_L_000024,3,0,전체 변수와 제공 스케일 유지,0.14009154689228787,-2.6024311459319875,1
25,RG3_L_000025,0,0,전체 변수와 제공 스케일 유지,-0.33559276060970866,-2.6024311459319875,1
26,RG3_L_000026,0,0,전체 변수와 제공 스케일 유지,-1.543819260619431,-2.6024311459319875,1
27,RG3_L_000027,1,0,전체 변수와 제공 스케일 유지,-1.3400884019793295,-2.6024311459319875,1
28,RG3_L_000028,2,0,전체 변수와 제공 스케일 유지,-0.8701456431822887,-2.6024311459319875,1
29,RG3_L_000029,1,0,전체 변수와 제공 스케일 유지,-0.015248625951951311,-2.6024311459319875,1
30,RG3_L_000030,1,0,전체 변수와 제공 스케일 유지,-0.4735003971811196,-2.6024311459319875,1
31,RG3_L_000031,1,0,전체 변수와 제공 스케일 유지,0.8655833513004989,-2.6024311459319875,1
32,RG3_L_000032,0,0,전체 변수와 제공 스케일 유지,-0.04316506907624529,-2.6024311459319875,1
33,RG3_L_000033,3,0,전체 변수와 제공 스케일 유지,-0.9659670533719318,-2.6024311459319875,1
35,RG3_L_000035,0,0,전체 변수와 제공 스케일 유지,6.493101582236941,-2.6024311459319875,1
36,RG3_L_000036,3,0,전체 변수와 제공 스케일 유지,-0.6388792492890794,-2.6024311459319875,1
37,RG3_L_000037,3,0,전체 변수와 제공 스케일 유지,0.6855399387381009,-2.6024311459319875,1
38,RG3_L_000038,2,0,전체 변수와 제공 스케일 유지,-1.2613013940714737,-2.6024311459319875,1
39,RG3_L_000039,3,0,전체 변수와 제공 스케일 유지,-0.7441866732456379,-2.6024311459319875,1
41,RG3_L_000041,1,0,전체 변수와 제공 스케일 유지,-1.1569691410056748,-2.6024311459319875,1
42,RG3_L_000042,3,0,전체 변수와 제공 스케일 유지,-1.0378754747260608,-2.6024311459319875,1
44,RG3_L_000044,0,0,전체 변수와 제공 스케일 유지,1.2712573062346912,-2.6024311459319875,1
45,RG3_L_000045,2,0,전체 변수와 제공 스케일 유지,-0.6728993377226722,-2.6024311459319875,1
46,RG3_L_000046,2,0,전체 변수와 제공 스케일 유지,-2.2803306477559033,-2.6024311459319875,1
47,RG3_L_000047,1,0,전체 변수와 제공 스케일 유지,-2.338344862614745,-2.6024311459319875,1
48,RG3_L_000048,0,0,전체 변수와 제공 스케일 유지,-1.773035633147602,-2.6024311459319875,1
49,RG3_L_000049,2,0,전체 변수와 제공 스케일 유지,-2.11888005607962,-2.6024311459319875,1
50,RG3_L_000050,0,0,전체 변수와 제공 스케일 유지,-1.9966635880367711,-2.6024311459319875,1
51,RG3_L_000051,2,0,전체 변수와 제공 스케일 유지,-0.08128077059757643,-2.6024311459319875,1
54,RG3_L_000054,0,0,전체 변수와 제공 스케일 유지,-2.2987338381248534,-2.6024311459319875,1
55,RG3_L_000055,3,0,전체 변수와 제공 스케일 유지,-2.2142921397891655,-2.6024311459319875,1
56,RG3_L_000056,0,0,전체 변수와 제공 스케일 유지,-1.4753590142727067,-2.6024311459319875,1
57,RG3_L_000057,0,0,전체 변수와 제공 스케일 유지,-1.516095731131422,-2.6024311459319875,1
59,RG3_L_000059,1,0,전체 변수와 제공 스케일 유지,-2.2570039467882683,-2.6024311459319875,1
60,RG3_L_000060,3,0,전체 변수와 제공 스케일 유지,-1.4740636989948825,-2.6024311459319875,1
61,RG3_L_000061,3,0,전체 변수와 제공 스케일 유지,-2.2401602905160196,-2.6024311459319875,1
63,RG3_L_000063,2,0,전체 변수와 제공 스케일 유지,-1.425131280577089,-2.6024311459319875,1
65,RG3_L_000065,0,0,전체 변수와 제공 스케일 유지,-2.009994268963183,-2.6024311459319875,1
66,RG3_L_000066,2,0,전체 변수와 제공 스케일 유지,-1.542903999909747,-2.6024311459319875,1
67,RG3_L_000067,2,0,전체 변수와 제공 스케일 유지,-1.164724486112224,-2.6024311459319875,1
68,RG3_L_000068,1,1,전체 변수와 제공 스케일 유지,-1.0115398590938547,-2.6024311459319875,1
69,RG3_L_000069,3,0,전체 변수와 제공 스케일 유지,-1.4952298551162855,-2.6024311459319875,1
70,RG3_L_000070,3,0,전체 변수와 제공 스케일 유지,-0.6395516850759044,-2.6024311459319875,1
71,RG3_L_000071,0,0,전체 변수와 제공 스케일 유지,-2.244043586580336,-2.6024311459319875,1
73,RG3_L_000073,3,0,전체 변수와 제공 스케일 유지,-1.6618888457583392,-2.6024311459319875,1
74,RG3_L_000074,0,0,전체 변수와 제공 스케일 유지,-1.8726206443448739,-2.6024311459319875,1
75,RG3_L_000075,3,0,전체 변수와 제공 스케일 유지,-1.6166936637634333,-2.6024311459319875,1
76,RG3_L_000076,3,0,전체 변수와 제공 스케일 유지,-1.7705195364698252,-2.6024311459319875,1
77,RG3_L_000077,0,0,전체 변수와 제공 스케일 유지,-1.3920818058947884,-2.6024311459319875,1
78,RG3_L_000078,0,0,전체 변수와 제공 스케일 유지,-1.206684210024557,-2.6024311459319875,1
79,RG3_L_000079,2,0,전체 변수와 제공 스케일 유지,-0.9471920204413742,-2.6024311459319875,1
80,RG3_L_000080,1,1,전체 변수와 제공 스케일 유지,-2.1340554587095983,-2.6024311459319875,1
81,RG3_L_000081,2,0,전체 변수와 제공 스케일 유지,-1.0596279806089317,-2.6024311459319875,1
83,RG3_L_000083,0,0,전체 변수와 제공 스케일 유지,-2.2172972182839388,-2.6024311459319875,1
84,RG3_L_000084,2,0,전체 변수와 제공 스케일 유지,-1.7518564894075368,-2.6024311459319875,1
85,RG3_L_000085,0,1,전체 변수와 제공 스케일 유지,-2.590872794262342,-2.6024311459319875,1
86,RG3_L_000086,2,0,전체 변수와 제공 스케일 유지,-1.2894687181064501,-2.6024311459319875,1
87,RG3_L_000087,2,0,전체 변수와 제공 스케일 유지,-0.6962131899380619,-2.6024311459319875,1
88,RG3_L_000088,3,0,전체 변수와 제공 스케일 유지,-1.2935512685727133,-2.6024311459319875,1
89,RG3_L_000089,3,0,전체 변수와 제공 스케일 유지,-1.0035299484550926,-2.6024311459319875,1
91,RG3_L_000091,3,0,전체 변수와 제공 스케일 유지,-1.5966763742838914,-2.6024311459319875,1
92,RG3_L_000092,0,0,전체 변수와 제공 스케일 유지,-2.0995913411295746,-2.6024311459319875,1
93,RG3_L_000093,3,0,전체 변수와 제공 스케일 유지,-1.2690558814675708,-2.6024311459319875,1
95,RG3_L_000095,2,0,전체 변수와 제공 스케일 유지,-1.810612792795979,-2.6024311459319875,1
96,RG3_L_000096,3,0,전체 변수와 제공 스케일 유지,-1.8003004659767257,-2.6024311459319875,1
97,RG3_L_000097,0,0,전체 변수와 제공 스케일 유지,-0.9726005101128816,-2.6024311459319875,1
98,RG3_L_000098,1,0,전체 변수와 제공 스케일 유지,-0.7338865957175056,-2.6024311459319875,1
99,RG3_L_000099,3,0,전체 변수와 제공 스케일 유지,-2.162283516660887,-2.6024311459319875,1
100,RG3_L_000100,1,0,전체 변수와 제공 스케일 유지,-2.1779172651192713,-2.6024311459319875,1
101,RG3_L_000101,2,0,전체 변수와 제공 스케일 유지,-2.0132263492425473,-2.6024311459319875,1
102,RG3_L_000102,0,1,전체 변수와 제공 스케일 유지,-1.5014669038901935,-2.6024311459319875,1
104,RG3_L_000104,2,0,전체 변수와 제공 스케일 유지,-1.0522076221507977,-2.6024311459319875,1
105,RG3_L_000105,2,0,전체 변수와 제공 스케일 유지,-1.1850764721233222,-2.6024311459319875,1
107,RG3_L_000107,0,0,전체 변수와 제공 스케일 유지,-1.5959875407642645,-2.6024311459319875,1
108,RG3_L_000108,0,0,전체 변수와 제공 스케일 유지,-2.0548192896017916,-2.6024311459319875,1
111,RG3_L_000111,3,0,전체 변수와 제공 스케일 유지,-1.9002374686681929,-2.6024311459319875,1
112,RG3_L_000112,3,0,전체 변수와 제공 스케일 유지,-1.219406545632168,-2.6024311459319875,1
113,RG3_L_000113,1,0,전체 변수와 제공 스케일 유지,-1.3875586961372353,-2.6024311459319875,1
114,RG3_L_000114,0,0,전체 변수와 제공 스케일 유지,-0.02935620515176396,-2.6024311459319875,1
115,RG3_L_000115,0,0,전체 변수와 제공 스케일 유지,-0.9003863247122013,-2.6024311459319875,1
116,RG3_L_000116,1,0,전체 변수와 제공 스케일 유지,-1.0085094867940523,-2.6024311459319875,1
117,RG3_L_000117,0,0,전체 변수와 제공 스케일 유지,-1.3834238768653453,-2.6024311459319875,1
118,RG3_L_000118,0,0,전체 변수와 제공 스케일 유지,-1.3941180305714216,-2.6024311459319875,1
119,RG3_L_000119,0,0,전체 변수와 제공 스케일 유지,-1.7180583464591308,-2.6024311459319875,1
120,RG3_L_000120,2,0,전체 변수와 제공 스케일 유지,-2.100489767114764,-2.6024311459319875,1
121,RG3_L_000121,3,0,전체 변수와 제공 스케일 유지,-1.9066871321844925,-2.6024311459319875,1
122,RG3_L_000122,1,1,전체 변수와 제공 스케일 유지,-1.6013958007673068,-2.6024311459319875,1
123,RG3_L_000123,0,0,전체 변수와 제공 스케일 유지,0.0550057362693277,-2.6024311459319875,1
124,RG3_L_000124,0,0,전체 변수와 제공 스케일 유지,-0.04718460532057733,-2.6024311459319875,1
125,RG3_L_000125,3,0,전체 변수와 제공 스케일 유지,-0.1492974885433931,-2.6024311459319875,1
127,RG3_L_000127,1,0,전체 변수와 제공 스케일 유지,-1.4715977373149336,-2.6024311459319875,1
128,RG3_L_000128,1,0,전체 변수와 제공 스케일 유지,-2.4500995453423418,-2.6024311459319875,1
129,RG3_L_000129,1,0,전체 변수와 제공 스케일 유지,-1.9028815216564023,-2.6024311459319875,1
130,RG3_L_000130,0,0,전체 변수와 제공 스케일 유지,-2.1617720697599054,-2.6024311459319875,1
131,RG3_L_000131,3,0,전체 변수와 제공 스케일 유지,-2.4472573382174403,-2.6024311459319875,1
132,RG3_L_000132,1,0,전체 변수와 제공 스케일 유지,-1.8152958772883832,-2.6024311459319875,1
134,RG3_L_000134,2,0,전체 변수와 제공 스케일 유지,-1.2276759035130258,-2.6024311459319875,1
136,RG3_L_000136,2,0,전체 변수와 제공 스케일 유지,-1.7184881366346314,-2.6024311459319875,1
137,RG3_L_000137,3,0,전체 변수와 제공 스케일 유지,-1.749854023096777,-2.6024311459319875,1
138,RG3_L_000138,0,0,전체 변수와 제공 스케일 유지,-1.5931135409527712,-2.6024311459319875,1
139,RG3_L_000139,2,0,전체 변수와 제공 스케일 유지,-1.7624771683091982,-2.6024311459319875,1
141,RG3_L_000141,0,0,전체 변수와 제공 스케일 유지,-2.6103499824195318,-2.6024311459319875,0
142,RG3_L_000142,0,0,전체 변수와 제공 스케일 유지,-1.3454325024727467,-2.6024311459319875,1
144,RG3_L_000144,1,0,전체 변수와 제공 스케일 유지,-2.014655164361953,-2.6024311459319875,1
145,RG3_L_000145,1,0,전체 변수와 제공 스케일 유지,-1.4132526160288315,-2.6024311459319875,1
146,RG3_L_000146,3,0,전체 변수와 제공 스케일 유지,-0.6342459715066067,-2.6024311459319875,1
147,RG3_L_000147,2,0,전체 변수와 제공 스케일 유지,-0.9584451808768382,-2.6024311459319875,1
148,RG3_L_000148,0,0,전체 변수와 제공 스케일 유지,-1.380159278837203,-2.6024311459319875,1
149,RG3_L_000149,3,0,전체 변수와 제공 스케일 유지,-0.8135393782574862,-2.6024311459319875,1
150,RG3_L_000150,3,1,전체 변수와 제공 스케일 유지,-1.9573268713632235,-2.6024311459319875,1
151,RG3_L_000151,3,0,전체 변수와 제공 스케일 유지,-2.019711470002793,-2.6024311459319875,1
152,RG3_L_000152,2,1,전체 변수와 제공 스케일 유지,-1.968028165568466,-2.6024311459319875,1
153,RG3_L_000153,2,0,전체 변수와 제공 스케일 유지,-1.9405196142823726,-2.6024311459319875,1
154,RG3_L_000154,0,0,전체 변수와 제공 스케일 유지,-1.591478934641735,-2.6024311459319875,1
155,RG3_L_000155,1,1,전체 변수와 제공 스케일 유지,-0.895831365564586,-2.6024311459319875,1
156,RG3_L_000156,0,0,전체 변수와 제공 스케일 유지,-1.030119272405324,-2.6024311459319875,1
157,RG3_L_000157,1,0,전체 변수와 제공 스케일 유지,0.18941872960061445,-2.6024311459319875,1
158,RG3_L_000158,0,0,전체 변수와 제공 스케일 유지,-1.525618897877484,-2.6024311459319875,1
159,RG3_L_000159,1,0,전체 변수와 제공 스케일 유지,-0.662782945663901,-2.6024311459319875,1
160,RG3_L_000160,2,0,전체 변수와 제공 스케일 유지,-0.891685352327384,-2.6024311459319875,1
161,RG3_L_000161,3,1,전체 변수와 제공 스케일 유지,-1.602962798365482,-2.6024311459319875,1
162,RG3_L_000162,1,0,전체 변수와 제공 스케일 유지,-1.9925642551523257,-2.6024311459319875,1
163,RG3_L_000163,0,0,전체 변수와 제공 스케일 유지,-0.735355800826957,-2.6024311459319875,1
164,RG3_L_000164,0,0,전체 변수와 제공 스케일 유지,-0.1561621409375764,-2.6024311459319875,1
166,RG3_L_000166,2,0,전체 변수와 제공 스케일 유지,-1.2811871531935974,-2.6024311459319875,1
167,RG3_L_000167,1,0,전체 변수와 제공 스케일 유지,-1.3077947791569926,-2.6024311459319875,1
168,RG3_L_000168,0,0,전체 변수와 제공 스케일 유지,-1.979918838837623,-2.6024311459319875,1
172,RG3_L_000172,1,0,전체 변수와 제공 스케일 유지,-1.3606799012629445,-2.6024311459319875,1
173,RG3_L_000173,2,1,전체 변수와 제공 스케일 유지,-2.3681043760001863,-2.6024311459319875,1
174,RG3_L_000174,2,0,전체 변수와 제공 스케일 유지,-1.995571630636066,-2.6024311459319875,1
175,RG3_L_000175,0,0,전체 변수와 제공 스케일 유지,-1.0581999818347327,-2.6024311459319875,1
177,RG3_L_000177,0,0,전체 변수와 제공 스케일 유지,-1.4797023723054856,-2.6024311459319875,1
178,RG3_L_000178,3,0,전체 변수와 제공 스케일 유지,-2.1045829736663837,-2.6024311459319875,1
179,RG3_L_000179,0,0,전체 변수와 제공 스케일 유지,-1.228730535352513,-2.6024311459319875,1
180,RG3_L_000180,2,0,전체 변수와 제공 스케일 유지,-1.2714925172964158,-2.6024311459319875,1
181,RG3_L_000181,3,0,전체 변수와 제공 스케일 유지,-1.4092215662744554,-2.6024311459319875,1
182,RG3_L_000182,1,0,전체 변수와 제공 스케일 유지,-1.515761188679166,-2.6024311459319875,1
183,RG3_L_000183,1,0,전체 변수와 제공 스케일 유지,-1.5114510711171665,-2.6024311459319875,1
184,RG3_L_000184,1,0,전체 변수와 제공 스케일 유지,-1.2440993986685367,-2.6024311459319875,1
185,RG3_L_000185,1,0,전체 변수와 제공 스케일 유지,-1.7679038570691343,-2.6024311459319875,1
186,RG3_L_000186,2,0,전체 변수와 제공 스케일 유지,-1.8591643429307094,-2.6024311459319875,1
187,RG3_L_000187,3,0,전체 변수와 제공 스케일 유지,-0.6548625095906555,-2.6024311459319875,1
188,RG3_L_000188,1,0,전체 변수와 제공 스케일 유지,0.03477866638878524,-2.6024311459319875,1
189,RG3_L_000189,3,0,전체 변수와 제공 스케일 유지,-1.3414518860865066,-2.6024311459319875,1
190,RG3_L_000190,3,0,전체 변수와 제공 스케일 유지,-0.8147987919658171,-2.6024311459319875,1
191,RG3_L_000191,1,0,전체 변수와 제공 스케일 유지,0.8038275276578339,-2.6024311459319875,1
192,RG3_L_000192,3,0,전체 변수와 제공 스케일 유지,-0.14266593750583922,-2.6024311459319875,1
193,RG3_L_000193,2,0,전체 변수와 제공 스케일 유지,-0.7172377071353768,-2.6024311459319875,1
194,RG3_L_000194,3,0,전체 변수와 제공 스케일 유지,-1.280695327340723,-2.6024311459319875,1
195,RG3_L_000195,1,0,전체 변수와 제공 스케일 유지,-0.753933623587784,-2.6024311459319875,1
196,RG3_L_000196,0,0,전체 변수와 제공 스케일 유지,-1.6219930455921556,-2.6024311459319875,1
198,RG3_L_000198,3,0,전체 변수와 제공 스케일 유지,-1.343316832799216,-2.6024311459319875,1
202,RG3_L_000202,1,0,전체 변수와 제공 스케일 유지,-0.6468670662733853,-2.6024311459319875,1
203,RG3_L_000203,1,1,전체 변수와 제공 스케일 유지,-0.334047681503689,-2.6024311459319875,1
204,RG3_L_000204,3,0,전체 변수와 제공 스케일 유지,-1.0553346273732718,-2.6024311459319875,1
205,RG3_L_000205,2,1,전체 변수와 제공 스케일 유지,-1.786614998865943,-2.6024311459319875,1
206,RG3_L_000206,1,0,전체 변수와 제공 스케일 유지,-1.552782351382552,-2.6024311459319875,1
207,RG3_L_000207,1,0,전체 변수와 제공 스케일 유지,-1.6585494404548768,-2.6024311459319875,1
208,RG3_L_000208,1,0,전체 변수와 제공 스케일 유지,-0.8156835054135776,-2.6024311459319875,1
209,RG3_L_000209,0,0,전체 변수와 제공 스케일 유지,-1.1300354192578812,-2.6024311459319875,1
210,RG3_L_000210,3,0,전체 변수와 제공 스케일 유지,-1.1899243229215255,-2.6024311459319875,1
211,RG3_L_000211,3,0,전체 변수와 제공 스케일 유지,-0.6273141646205023,-2.6024311459319875,1
212,RG3_L_000212,1,0,전체 변수와 제공 스케일 유지,-1.529540703891895,-2.6024311459319875,1
214,RG3_L_000214,0,0,전체 변수와 제공 스케일 유지,-2.6024311459319875,-2.6024311459319875,0
215,RG3_L_000215,2,0,전체 변수와 제공 스케일 유지,-0.7344934007142516,-2.6024311459319875,1
216,RG3_L_000216,2,0,전체 변수와 제공 스케일 유지,-1.5273774837662852,-2.6024311459319875,1
218,RG3_L_000218,1,0,전체 변수와 제공 스케일 유지,-1.5380928025260339,-2.6024311459319875,1
220,RG3_L_000220,1,0,전체 변수와 제공 스케일 유지,-0.6650850723680044,-2.6024311459319875,1
221,RG3_L_000221,3,0,전체 변수와 제공 스케일 유지,-0.9017595464111832,-2.6024311459319875,1
222,RG3_L_000222,2,0,전체 변수와 제공 스케일 유지,-1.3751152447992627,-2.6024311459319875,1
223,RG3_L_000223,3,0,전체 변수와 제공 스케일 유지,-1.4093299766648393,-2.6024311459319875,1
225,RG3_L_000225,3,0,전체 변수와 제공 스케일 유지,-1.9617519475061655,-2.6024311459319875,1
227,RG3_L_000227,1,0,전체 변수와 제공 스케일 유지,-1.0360507869722362,-2.6024311459319875,1
230,RG3_L_000230,1,0,전체 변수와 제공 스케일 유지,-1.316072280770566,-2.6024311459319875,1
232,RG3_L_000232,3,0,전체 변수와 제공 스케일 유지,-1.5753205327269448,-2.6024311459319875,1
233,RG3_L_000233,3,0,전체 변수와 제공 스케일 유지,-1.912327023238193,-2.6024311459319875,1
234,RG3_L_000234,2,0,전체 변수와 제공 스케일 유지,-2.0231638807943053,-2.6024311459319875,1
235,RG3_L_000235,0,0,전체 변수와 제공 스케일 유지,-0.9038342283771197,-2.6024311459319875,1
236,RG3_L_000236,1,0,전체 변수와 제공 스케일 유지,-1.1276233647243252,-2.6024311459319875,1
237,RG3_L_000237,2,0,전체 변수와 제공 스케일 유지,-1.2891046517366807,-2.6024311459319875,1
238,RG3_L_000238,2,0,전체 변수와 제공 스케일 유지,-1.1102188764602658,-2.6024311459319875,1
239,RG3_L_000239,2,0,전체 변수와 제공 스케일 유지,-2.001488327002244,-2.6024311459319875,1
240,RG3_L_000240,2,0,전체 변수와 제공 스케일 유지,-1.9719655320833915,-2.6024311459319875,1
241,RG3_L_000241,0,0,전체 변수와 제공 스케일 유지,-1.8482394891675753,-2.6024311459319875,1
242,RG3_L_000242,0,0,전체 변수와 제공 스케일 유지,-1.0051399842573012,-2.6024311459319875,1
244,RG3_L_000244,1,0,전체 변수와 제공 스케일 유지,-0.981224488364834,-2.6024311459319875,1
245,RG3_L_000245,2,0,전체 변수와 제공 스케일 유지,-0.13571753793315366,-2.6024311459319875,1
246,RG3_L_000246,0,0,전체 변수와 제공 스케일 유지,-0.9135071957246303,-2.6024311459319875,1
247,RG3_L_000247,2,0,전체 변수와 제공 스케일 유지,-0.8277149985067531,-2.6024311459319875,1
248,RG3_L_000248,2,0,전체 변수와 제공 스케일 유지,-1.0205923180270364,-2.6024311459319875,1
250,RG3_L_000250,1,0,전체 변수와 제공 스케일 유지,-0.4820085433866357,-2.6024311459319875,1
251,RG3_L_000251,1,0,전체 변수와 제공 스케일 유지,-1.7208920109641532,-2.6024311459319875,1
252,RG3_L_000252,1,0,전체 변수와 제공 스케일 유지,-0.8484467081391536,-2.6024311459319875,1
253,RG3_L_000253,1,0,전체 변수와 제공 스케일 유지,-1.5772385255841659,-2.6024311459319875,1
255,RG3_L_000255,0,0,전체 변수와 제공 스케일 유지,-0.31008899571574844,-2.6024311459319875,1
257,RG3_L_000257,2,0,전체 변수와 제공 스케일 유지,-1.8669329954646052,-2.6024311459319875,1
258,RG3_L_000258,0,0,전체 변수와 제공 스케일 유지,-1.375917977238867,-2.6024311459319875,1
259,RG3_L_000259,0,0,전체 변수와 제공 스케일 유지,-2.2496131927011156,-2.6024311459319875,1
260,RG3_L_000260,0,0,전체 변수와 제공 스케일 유지,-2.0990087775325357,-2.6024311459319875,1
261,RG3_L_000261,2,0,전체 변수와 제공 스케일 유지,-1.3422012393265508,-2.6024311459319875,1
262,RG3_L_000262,1,0,전체 변수와 제공 스케일 유지,-0.2380191500068456,-2.6024311459319875,1
263,RG3_L_000263,3,0,전체 변수와 제공 스케일 유지,-1.9341670343554238,-2.6024311459319875,1
266,RG3_L_000266,2,0,전체 변수와 제공 스케일 유지,-0.8028341179634122,-2.6024311459319875,1
267,RG3_L_000267,1,0,전체 변수와 제공 스케일 유지,-1.3645099090164834,-2.6024311459319875,1
268,RG3_L_000268,2,0,전체 변수와 제공 스케일 유지,-1.5012023242187702,-2.6024311459319875,1
269,RG3_L_000269,3,0,전체 변수와 제공 스케일 유지,-1.2938774293157955,-2.6024311459319875,1
270,RG3_L_000270,1,0,전체 변수와 제공 스케일 유지,-1.0090948650974614,-2.6024311459319875,1
271,RG3_L_000271,1,0,전체 변수와 제공 스케일 유지,-1.3852892585714383,-2.6024311459319875,1
274,RG3_L_000274,0,0,전체 변수와 제공 스케일 유지,-1.3735668655134443,-2.6024311459319875,1
275,RG3_L_000275,0,1,전체 변수와 제공 스케일 유지,-0.8312089365130806,-2.6024311459319875,1
276,RG3_L_000276,2,0,전체 변수와 제공 스케일 유지,-1.6975230617642865,-2.6024311459319875,1
277,RG3_L_000277,1,0,전체 변수와 제공 스케일 유지,-1.706661499406648,-2.6024311459319875,1
278,RG3_L_000278,2,0,전체 변수와 제공 스케일 유지,-1.2373892449446746,-2.6024311459319875,1
279,RG3_L_000279,1,0,전체 변수와 제공 스케일 유지,-1.7968942393648408,-2.6024311459319875,1
280,RG3_L_000280,0,0,전체 변수와 제공 스케일 유지,-1.5026060375189356,-2.6024311459319875,1
281,RG3_L_000281,0,0,전체 변수와 제공 스케일 유지,-1.36415100997732,-2.6024311459319875,1
282,RG3_L_000282,3,0,전체 변수와 제공 스케일 유지,-0.654285407620856,-2.6024311459319875,1
285,RG3_L_000285,0,0,전체 변수와 제공 스케일 유지,-1.2344901203793697,-2.6024311459319875,1
286,RG3_L_000286,3,0,전체 변수와 제공 스케일 유지,-1.0794487528279753,-2.6024311459319875,1
288,RG3_L_000288,1,0,전체 변수와 제공 스케일 유지,-1.6220214499380052,-2.6024311459319875,1
289,RG3_L_000289,2,0,전체 변수와 제공 스케일 유지,-2.108822012312668,-2.6024311459319875,1
291,RG3_L_000291,0,0,전체 변수와 제공 스케일 유지,-1.0975028438355032,-2.6024311459319875,1
292,RG3_L_000292,1,0,전체 변수와 제공 스케일 유지,-1.227637452595065,-2.6024311459319875,1
294,RG3_L_000294,3,0,전체 변수와 제공 스케일 유지,-1.3063838639703675,-2.6024311459319875,1
295,RG3_L_000295,2,0,전체 변수와 제공 스케일 유지,-2.223060239933222,-2.6024311459319875,1
296,RG3_L_000296,2,0,전체 변수와 제공 스케일 유지,-1.0722237961997383,-2.6024311459319875,1
297,RG3_L_000297,0,0,전체 변수와 제공 스케일 유지,-1.1456724758964754,-2.6024311459319875,1
298,RG3_L_000298,2,0,전체 변수와 제공 스케일 유지,-1.3811282247325902,-2.6024311459319875,1
299,RG3_L_000299,0,0,전체 변수와 제공 스케일 유지,0.07240243359883358,-2.6024311459319875,1
300,RG3_L_000300,0,0,전체 변수와 제공 스케일 유지,-0.8972543937358584,-2.6024311459319875,1
301,RG3_L_000301,0,0,전체 변수와 제공 스케일 유지,-1.6272573850185026,-2.6024311459319875,1
303,RG3_L_000303,1,0,전체 변수와 제공 스케일 유지,-1.2735443097776074,-2.6024311459319875,1
304,RG3_L_000304,1,0,전체 변수와 제공 스케일 유지,-1.5639305361068843,-2.6024311459319875,1
305,RG3_L_000305,1,0,전체 변수와 제공 스케일 유지,-2.0793738346088855,-2.6024311459319875,1
306,RG3_L_000306,1,0,전체 변수와 제공 스케일 유지,-0.8386251619010334,-2.6024311459319875,1
307,RG3_L_000307,1,0,전체 변수와 제공 스케일 유지,-1.2999751935996784,-2.6024311459319875,1
308,RG3_L_000308,0,0,전체 변수와 제공 스케일 유지,-0.839069624715469,-2.6024311459319875,1
310,RG3_L_000310,0,1,전체 변수와 제공 스케일 유지,-1.1341319172777364,-2.6024311459319875,1
311,RG3_L_000311,2,0,전체 변수와 제공 스케일 유지,-1.0842639356599086,-2.6024311459319875,1
312,RG3_L_000312,2,0,전체 변수와 제공 스케일 유지,-1.3024625474551623,-2.6024311459319875,1
313,RG3_L_000313,2,0,전체 변수와 제공 스케일 유지,-1.7381119339231859,-2.6024311459319875,1
314,RG3_L_000314,2,0,전체 변수와 제공 스케일 유지,-1.1501816054089975,-2.6024311459319875,1
316,RG3_L_000316,3,0,전체 변수와 제공 스케일 유지,-1.129255214549186,-2.6024311459319875,1
317,RG3_L_000317,3,0,전체 변수와 제공 스케일 유지,-1.3927211197731388,-2.6024311459319875,1
319,RG3_L_000319,3,0,전체 변수와 제공 스케일 유지,-1.4699206326157999,-2.6024311459319875,1
320,RG3_L_000320,1,0,전체 변수와 제공 스케일 유지,-1.4216301019991988,-2.6024311459319875,1
321,RG3_L_000321,1,0,전체 변수와 제공 스케일 유지,-1.6292662185607103,-2.6024311459319875,1
322,RG3_L_000322,3,0,전체 변수와 제공 스케일 유지,-1.1947131085478304,-2.6024311459319875,1
325,RG3_L_000325,2,0,전체 변수와 제공 스케일 유지,-0.9261866610598943,-2.6024311459319875,1
326,RG3_L_000326,1,0,전체 변수와 제공 스케일 유지,-0.039716777846427576,-2.6024311459319875,1
327,RG3_L_000327,2,0,전체 변수와 제공 스케일 유지,-0.962669812118472,-2.6024311459319875,1
329,RG3_L_000329,0,0,전체 변수와 제공 스케일 유지,9.822378229990942,-2.6024311459319875,1
331,RG3_L_000331,3,0,전체 변수와 제공 스케일 유지,-0.7392735822252696,-2.6024311459319875,1
332,RG3_L_000332,1,0,전체 변수와 제공 스케일 유지,-1.4156511743103284,-2.6024311459319875,1
333,RG3_L_000333,1,0,전체 변수와 제공 스케일 유지,-1.0776756058709918,-2.6024311459319875,1
334,RG3_L_000334,3,0,전체 변수와 제공 스케일 유지,0.18166754748579628,-2.6024311459319875,1
335,RG3_L_000335,3,0,전체 변수와 제공 스케일 유지,-0.22105214109705962,-2.6024311459319875,1
336,RG3_L_000336,3,0,전체 변수와 제공 스케일 유지,-0.7510659346119208,-2.6024311459319875,1
337,RG3_L_000337,3,0,전체 변수와 제공 스케일 유지,-0.3204823031330051,-2.6024311459319875,1
338,RG3_L_000338,2,0,전체 변수와 제공 스케일 유지,-2.0602783004426595,-2.6024311459319875,1
339,RG3_L_000339,2,0,전체 변수와 제공 스케일 유지,-1.3362226460911977,-2.6024311459319875,1
340,RG3_L_000340,3,0,전체 변수와 제공 스케일 유지,-1.884794527072204,-2.6024311459319875,1
342,RG3_L_000342,3,0,전체 변수와 제공 스케일 유지,-1.5867766573690734,-2.6024311459319875,1
344,RG3_L_000344,0,0,전체 변수와 제공 스케일 유지,-0.5082901127285862,-2.6024311459319875,1
345,RG3_L_000345,1,0,전체 변수와 제공 스케일 유지,0.1098851141105488,-2.6024311459319875,1
347,RG3_L_000347,3,0,전체 변수와 제공 스케일 유지,-1.3225356786172675,-2.6024311459319875,1
348,RG3_L_000348,2,0,전체 변수와 제공 스케일 유지,-2.099002152521116,-2.6024311459319875,1
349,RG3_L_000349,2,0,전체 변수와 제공 스케일 유지,-1.8626152982064799,-2.6024311459319875,1
350,RG3_L_000350,3,0,전체 변수와 제공 스케일 유지,0.023648169203559277,-2.6024311459319875,1
351,RG3_L_000351,2,0,전체 변수와 제공 스케일 유지,-0.7922846851145557,-2.6024311459319875,1
352,RG3_L_000352,2,0,전체 변수와 제공 스케일 유지,-0.4644622332792867,-2.6024311459319875,1
354,RG3_L_000354,3,0,전체 변수와 제공 스케일 유지,0.1320055681685144,-2.6024311459319875,1
356,RG3_L_000356,1,0,전체 변수와 제공 스케일 유지,-0.6705807570033766,-2.6024311459319875,1
357,RG3_L_000357,1,0,전체 변수와 제공 스케일 유지,-0.72924801113707,-2.6024311459319875,1
358,RG3_L_000358,1,0,전체 변수와 제공 스케일 유지,-1.440571184066414,-2.6024311459319875,1
362,RG3_L_000362,2,0,전체 변수와 제공 스케일 유지,-0.20342811279133244,-2.6024311459319875,1
364,RG3_L_000364,2,0,전체 변수와 제공 스케일 유지,-1.3904261519698053,-2.6024311459319875,1
365,RG3_L_000365,1,0,전체 변수와 제공 스케일 유지,-1.333342074546012,-2.6024311459319875,1
366,RG3_L_000366,1,0,전체 변수와 제공 스케일 유지,-1.9401282618347597,-2.6024311459319875,1
368,RG3_L_000368,1,0,전체 변수와 제공 스케일 유지,-1.550702071574852,-2.6024311459319875,1
369,RG3_L_000369,3,0,전체 변수와 제공 스케일 유지,-1.596618507866797,-2.6024311459319875,1
370,RG3_L_000370,3,0,전체 변수와 제공 스케일 유지,-1.1915947071569697,-2.6024311459319875,1
371,RG3_L_000371,1,0,전체 변수와 제공 스케일 유지,-1.1569292486822178,-2.6024311459319875,1
372,RG3_L_000372,3,0,전체 변수와 제공 스케일 유지,-1.0490339048857056,-2.6024311459319875,1
373,RG3_L_000373,0,0,전체 변수와 제공 스케일 유지,-1.1916211650301864,-2.6024311459319875,1
374,RG3_L_000374,2,0,전체 변수와 제공 스케일 유지,-1.560693379847077,-2.6024311459319875,1
375,RG3_L_000375,3,0,전체 변수와 제공 스케일 유지,-0.6728208543731835,-2.6024311459319875,1
376,RG3_L_000376,1,0,전체 변수와 제공 스케일 유지,-1.5887890949413581,-2.6024311459319875,1
377,RG3_L_000377,3,0,전체 변수와 제공 스케일 유지,-0.8534456924517961,-2.6024311459319875,1
378,RG3_L_000378,0,0,전체 변수와 제공 스케일 유지,-0.6822760943616881,-2.6024311459319875,1
379,RG3_L_000379,3,0,전체 변수와 제공 스케일 유지,-0.1973918131922101,-2.6024311459319875,1
380,RG3_L_000380,0,0,전체 변수와 제공 스케일 유지,0.30049788777867015,-2.6024311459319875,1
381,RG3_L_000381,3,1,전체 변수와 제공 스케일 유지,0.313114793708424,-2.6024311459319875,1
382,RG3_L_000382,2,0,전체 변수와 제공 스케일 유지,-0.5302757953182837,-2.6024311459319875,1
383,RG3_L_000383,0,0,전체 변수와 제공 스케일 유지,0.07388204605359938,-2.6024311459319875,1
385,RG3_L_000385,2,0,전체 변수와 제공 스케일 유지,-1.7243115767215187,-2.6024311459319875,1
386,RG3_L_000386,1,0,전체 변수와 제공 스케일 유지,-1.212023362703654,-2.6024311459319875,1
387,RG3_L_000387,1,0,전체 변수와 제공 스케일 유지,-0.7339750490836927,-2.6024311459319875,1
388,RG3_L_000388,0,0,전체 변수와 제공 스케일 유지,-0.3134186101119578,-2.6024311459319875,1
389,RG3_L_000389,0,0,전체 변수와 제공 스케일 유지,-0.28847126019863545,-2.6024311459319875,1
391,RG3_L_000391,0,0,전체 변수와 제공 스케일 유지,-0.6856567831725506,-2.6024311459319875,1
392,RG3_L_000392,1,0,전체 변수와 제공 스케일 유지,-1.1499984983177622,-2.6024311459319875,1
393,RG3_L_000393,1,0,전체 변수와 제공 스케일 유지,-1.0746348261157355,-2.6024311459319875,1
394,RG3_L_000394,3,0,전체 변수와 제공 스케일 유지,-0.8532569767292522,-2.6024311459319875,1
395,RG3_L_000395,3,0,전체 변수와 제공 스케일 유지,-1.1606836656459958,-2.6024311459319875,1
398,RG3_L_000398,1,0,전체 변수와 제공 스케일 유지,-0.396224718927666,-2.6024311459319875,1
399,RG3_L_000399,0,0,전체 변수와 제공 스케일 유지,-1.315216789380509,-2.6024311459319875,1
400,RG3_L_000400,0,0,전체 변수와 제공 스케일 유지,-1.0322693777363714,-2.6024311459319875,1
401,RG3_L_000401,2,0,전체 변수와 제공 스케일 유지,-1.5774900427354854,-2.6024311459319875,1
402,RG3_L_000402,3,0,전체 변수와 제공 스케일 유지,-1.8931943026109028,-2.6024311459319875,1
404,RG3_L_000404,3,0,전체 변수와 제공 스케일 유지,-1.291490572601715,-2.6024311459319875,1
405,RG3_L_000405,2,1,전체 변수와 제공 스케일 유지,-0.8568161476363727,-2.6024311459319875,1
407,RG3_L_000407,1,0,전체 변수와 제공 스케일 유지,-0.8718770233321447,-2.6024311459319875,1
409,RG3_L_000409,0,0,전체 변수와 제공 스케일 유지,-2.1235155824244742,-2.6024311459319875,1
411,RG3_L_000411,3,0,전체 변수와 제공 스케일 유지,-1.8391528973873434,-2.6024311459319875,1
412,RG3_L_000412,1,0,전체 변수와 제공 스케일 유지,-1.5596706862813168,-2.6024311459319875,1
413,RG3_L_000413,2,0,전체 변수와 제공 스케일 유지,-1.0138031433180696,-2.6024311459319875,1
414,RG3_L_000414,2,0,전체 변수와 제공 스케일 유지,-0.7289304675076327,-2.6024311459319875,1
415,RG3_L_000415,3,0,전체 변수와 제공 스케일 유지,-0.6241189427940306,-2.6024311459319875,1
416,RG3_L_000416,0,0,전체 변수와 제공 스케일 유지,-0.9643977726472972,-2.6024311459319875,1
417,RG3_L_000417,2,0,전체 변수와 제공 스케일 유지,-1.8439158429071387,-2.6024311459319875,1
418,RG3_L_000418,3,0,전체 변수와 제공 스케일 유지,-1.7967845949708678,-2.6024311459319875,1
419,RG3_L_000419,0,0,전체 변수와 제공 스케일 유지,-1.1560103256752665,-2.6024311459319875,1
421,RG3_L_000421,2,0,전체 변수와 제공 스케일 유지,-1.701420937496028,-2.6024311459319875,1
422,RG3_L_000422,3,0,전체 변수와 제공 스케일 유지,-0.4678624451999909,-2.6024311459319875,1
423,RG3_L_000423,1,0,전체 변수와 제공 스케일 유지,-1.1299589975562423,-2.6024311459319875,1
424,RG3_L_000424,1,0,전체 변수와 제공 스케일 유지,-0.37214467737869406,-2.6024311459319875,1
425,RG3_L_000425,0,0,전체 변수와 제공 스케일 유지,-0.8770844791284222,-2.6024311459319875,1
426,RG3_L_000426,2,0,전체 변수와 제공 스케일 유지,-0.7865043865253849,-2.6024311459319875,1
427,RG3_L_000427,1,0,전체 변수와 제공 스케일 유지,-1.596184479355248,-2.6024311459319875,1
429,RG3_L_000429,0,0,전체 변수와 제공 스케일 유지,-1.8985741662025823,-2.6024311459319875,1
430,RG3_L_000430,0,0,전체 변수와 제공 스케일 유지,-1.5756696015364362,-2.6024311459319875,1
431,RG3_L_000431,0,0,전체 변수와 제공 스케일 유지,-1.3747484505800251,-2.6024311459319875,1
433,RG3_L_000433,2,0,전체 변수와 제공 스케일 유지,-0.3021960255449141,-2.6024311459319875,1
434,RG3_L_000434,2,0,전체 변수와 제공 스케일 유지,-0.7079197984767092,-2.6024311459319875,1
435,RG3_L_000435,1,0,전체 변수와 제공 스케일 유지,-0.05067972213262095,-2.6024311459319875,1
436,RG3_L_000436,3,0,전체 변수와 제공 스케일 유지,-1.22907449582946,-2.6024311459319875,1
438,RG3_L_000438,0,0,전체 변수와 제공 스케일 유지,-1.193986380290836,-2.6024311459319875,1
439,RG3_L_000439,3,0,전체 변수와 제공 스케일 유지,0.10630917052751698,-2.6024311459319875,1
440,RG3_L_000440,2,0,전체 변수와 제공 스케일 유지,-0.47390466843979695,-2.6024311459319875,1
441,RG3_L_000441,2,0,전체 변수와 제공 스케일 유지,-0.8847049872246266,-2.6024311459319875,1
442,RG3_L_000442,2,0,전체 변수와 제공 스케일 유지,-0.38498283632428176,-2.6024311459319875,1
443,RG3_L_000443,1,0,전체 변수와 제공 스케일 유지,0.8496212535405174,-2.6024311459319875,1
444,RG3_L_000444,3,0,전체 변수와 제공 스케일 유지,-0.14535456751260156,-2.6024311459319875,1
445,RG3_L_000445,1,0,전체 변수와 제공 스케일 유지,-1.208919124801179,-2.6024311459319875,1
448,RG3_L_000448,0,0,전체 변수와 제공 스케일 유지,-0.43612866025980956,-2.6024311459319875,1
449,RG3_L_000449,1,0,전체 변수와 제공 스케일 유지,-0.9978116676051716,-2.6024311459319875,1
450,RG3_L_000450,1,0,전체 변수와 제공 스케일 유지,0.24355602296323475,-2.6024311459319875,1
451,RG3_L_000451,3,0,전체 변수와 제공 스케일 유지,-0.5031233636273509,-2.6024311459319875,1
452,RG3_L_000452,0,0,전체 변수와 제공 스케일 유지,-0.6923754252052028,-2.6024311459319875,1
453,RG3_L_000453,2,0,전체 변수와 제공 스케일 유지,-1.474195522286463,-2.6024311459319875,1
454,RG3_L_000454,3,0,전체 변수와 제공 스케일 유지,-1.3153085648714402,-2.6024311459319875,1
456,RG3_L_000456,0,0,전체 변수와 제공 스케일 유지,0.13727906564323789,-2.6024311459319875,1
457,RG3_L_000457,2,0,전체 변수와 제공 스케일 유지,-1.3434569523886601,-2.6024311459319875,1
458,RG3_L_000458,0,0,전체 변수와 제공 스케일 유지,-1.1580343627915504,-2.6024311459319875,1
459,RG3_L_000459,1,0,전체 변수와 제공 스케일 유지,0.6235394248868751,-2.6024311459319875,1
460,RG3_L_000460,0,0,전체 변수와 제공 스케일 유지,-0.9833785598947937,-2.6024311459319875,1
461,RG3_L_000461,3,0,전체 변수와 제공 스케일 유지,-0.6977819001892662,-2.6024311459319875,1
462,RG3_L_000462,3,0,전체 변수와 제공 스케일 유지,-2.238796995534214,-2.6024311459319875,1
463,RG3_L_000463,1,0,전체 변수와 제공 스케일 유지,-1.2607385980911534,-2.6024311459319875,1
464,RG3_L_000464,2,0,전체 변수와 제공 스케일 유지,-1.1931182106542941,-2.6024311459319875,1
466,RG3_L_000466,3,0,전체 변수와 제공 스케일 유지,-0.5471948215826057,-2.6024311459319875,1
467,RG3_L_000467,2,0,전체 변수와 제공 스케일 유지,-0.24020530874577695,-2.6024311459319875,1
468,RG3_L_000468,2,0,전체 변수와 제공 스케일 유지,-0.21160626451271547,-2.6024311459319875,1
469,RG3_L_000469,1,0,전체 변수와 제공 스케일 유지,-0.46097970607662475,-2.6024311459319875,1
470,RG3_L_000470,1,0,전체 변수와 제공 스케일 유지,-0.299903159329876,-2.6024311459319875,1
471,RG3_L_000471,2,0,전체 변수와 제공 스케일 유지,-0.5303219142172804,-2.6024311459319875,1
472,RG3_L_000472,3,0,전체 변수와 제공 스케일 유지,1.2745529374625075,-2.6024311459319875,1
473,RG3_L_000473,2,0,전체 변수와 제공 스케일 유지,-1.20194388405503,-2.6024311459319875,1
476,RG3_L_000476,2,1,전체 변수와 제공 스케일 유지,-1.5050320526256158,-2.6024311459319875,1
477,RG3_L_000477,3,0,전체 변수와 제공 스케일 유지,4.907481905000651,-2.6024311459319875,1
478,RG3_L_000478,3,0,전체 변수와 제공 스케일 유지,-1.2060459015741962,-2.6024311459319875,1
481,RG3_L_000481,2,0,전체 변수와 제공 스케일 유지,-1.1137497825902933,-2.6024311459319875,1
483,RG3_L_000483,0,1,전체 변수와 제공 스케일 유지,-1.4536198570609002,-2.6024311459319875,1
484,RG3_L_000484,3,0,전체 변수와 제공 스케일 유지,4.502878244079335,-2.6024311459319875,1
485,RG3_L_000485,2,0,전체 변수와 제공 스케일 유지,-0.4684615001234871,-2.6024311459319875,1
486,RG3_L_000486,3,1,전체 변수와 제공 스케일 유지,-0.9126274485574299,-2.6024311459319875,1
487,RG3_L_000487,1,0,전체 변수와 제공 스케일 유지,-0.7610244026223629,-2.6024311459319875,1
488,RG3_L_000488,1,0,전체 변수와 제공 스케일 유지,-1.520986622948108,-2.6024311459319875,1
490,RG3_L_000490,0,0,전체 변수와 제공 스케일 유지,-1.6518808372012916,-2.6024311459319875,1
491,RG3_L_000491,1,0,전체 변수와 제공 스케일 유지,-1.9599725098327614,-2.6024311459319875,1
492,RG3_L_000492,1,0,전체 변수와 제공 스케일 유지,-0.8460366873405523,-2.6024311459319875,1
493,RG3_L_000493,2,0,전체 변수와 제공 스케일 유지,-0.8127850769204574,-2.6024311459319875,1
494,RG3_L_000494,2,0,전체 변수와 제공 스케일 유지,-0.7063514326014673,-2.6024311459319875,1
495,RG3_L_000495,0,0,전체 변수와 제공 스케일 유지,-0.5623713489448132,-2.6024311459319875,1
500,RG3_L_000500,0,0,전체 변수와 제공 스케일 유지,-1.111122269684433,-2.6024311459319875,1
501,RG3_L_000501,0,0,전체 변수와 제공 스케일 유지,-0.9059231510834032,-2.6024311459319875,1
502,RG3_L_000502,3,0,전체 변수와 제공 스케일 유지,-0.5803793067856322,-2.6024311459319875,1
503,RG3_L_000503,0,0,전체 변수와 제공 스케일 유지,0.44857791888867915,-2.6024311459319875,1
504,RG3_L_000504,0,0,전체 변수와 제공 스케일 유지,0.4761055418631628,-2.6024311459319875,1
505,RG3_L_000505,1,0,전체 변수와 제공 스케일 유지,-0.6518086323023446,-2.6024311459319875,1
508,RG3_L_000508,0,0,전체 변수와 제공 스케일 유지,-1.5484395855371496,-2.6024311459319875,1
509,RG3_L_000509,2,0,전체 변수와 제공 스케일 유지,-0.28139156700523493,-2.6024311459319875,1
510,RG3_L_000510,3,0,전체 변수와 제공 스케일 유지,-0.6934670242522483,-2.6024311459319875,1
512,RG3_L_000512,0,0,전체 변수와 제공 스케일 유지,-0.3521068184576315,-2.6024311459319875,1
513,RG3_L_000513,3,0,전체 변수와 제공 스케일 유지,-0.5294035151538079,-2.6024311459319875,1
515,RG3_L_000515,3,0,전체 변수와 제공 스케일 유지,-1.6909366488259856,-2.6024311459319875,1
516,RG3_L_000516,0,0,전체 변수와 제공 스케일 유지,-0.9549050397959107,-2.6024311459319875,1
517,RG3_L_000517,3,0,전체 변수와 제공 스케일 유지,-0.4757432833549551,-2.6024311459319875,1
518,RG3_L_000518,2,0,전체 변수와 제공 스케일 유지,-1.2281821607772763,-2.6024311459319875,1
519,RG3_L_000519,2,0,전체 변수와 제공 스케일 유지,0.9605064438072919,-2.6024311459319875,1
520,RG3_L_000520,0,0,전체 변수와 제공 스케일 유지,4.1360706687194355,-2.6024311459319875,1
521,RG3_L_000521,2,0,전체 변수와 제공 스케일 유지,0.051932131934725234,-2.6024311459319875,1
522,RG3_L_000522,0,0,전체 변수와 제공 스케일 유지,0.028541070946792146,-2.6024311459319875,1
523,RG3_L_000523,3,0,전체 변수와 제공 스케일 유지,-0.5921075570032794,-2.6024311459319875,1
524,RG3_L_000524,2,0,전체 변수와 제공 스케일 유지,-0.5538636321155455,-2.6024311459319875,1
525,RG3_L_000525,1,0,전체 변수와 제공 스케일 유지,-1.1950386625366,-2.6024311459319875,1
526,RG3_L_000526,2,0,전체 변수와 제공 스케일 유지,-1.1063309552643563,-2.6024311459319875,1
528,RG3_L_000528,3,0,전체 변수와 제공 스케일 유지,-0.47512137166895485,-2.6024311459319875,1
529,RG3_L_000529,1,0,전체 변수와 제공 스케일 유지,-0.2491020375707098,-2.6024311459319875,1
530,RG3_L_000530,2,0,전체 변수와 제공 스케일 유지,-0.5028041261405498,-2.6024311459319875,1
534,RG3_L_000534,3,0,전체 변수와 제공 스케일 유지,-1.6012416469574582,-2.6024311459319875,1
535,RG3_L_000535,2,0,전체 변수와 제공 스케일 유지,-1.1124261530558996,-2.6024311459319875,1
537,RG3_L_000537,2,0,전체 변수와 제공 스케일 유지,-0.5324931298687332,-2.6024311459319875,1
538,RG3_L_000538,0,0,전체 변수와 제공 스케일 유지,-1.0091152740967235,-2.6024311459319875,1
539,RG3_L_000539,3,0,전체 변수와 제공 스케일 유지,-0.7518274033929124,-2.6024311459319875,1
540,RG3_L_000540,0,0,전체 변수와 제공 스케일 유지,-0.518301349125661,-2.6024311459319875,1
541,RG3_L_000541,1,0,전체 변수와 제공 스케일 유지,-0.33190530369456184,-2.6024311459319875,1
543,RG3_L_000543,1,0,전체 변수와 제공 스케일 유지,-1.1295981371756838,-2.6024311459319875,1
544,RG3_L_000544,3,0,전체 변수와 제공 스케일 유지,-2.1997126659543724,-2.6024311459319875,1
545,RG3_L_000545,1,0,전체 변수와 제공 스케일 유지,-1.0888930224714706,-2.6024311459319875,1
546,RG3_L_000546,1,0,전체 변수와 제공 스케일 유지,0.07465524411536428,-2.6024311459319875,1
547,RG3_L_000547,0,0,전체 변수와 제공 스케일 유지,-0.9375408513744468,-2.6024311459319875,1
548,RG3_L_000548,0,0,전체 변수와 제공 스케일 유지,-0.5601191319441892,-2.6024311459319875,1
550,RG3_L_000550,3,0,전체 변수와 제공 스케일 유지,0.03369827623307664,-2.6024311459319875,1
551,RG3_L_000551,2,0,전체 변수와 제공 스케일 유지,0.13911262859469353,-2.6024311459319875,1
552,RG3_L_000552,2,0,전체 변수와 제공 스케일 유지,-0.8847587467021558,-2.6024311459319875,1
553,RG3_L_000553,0,0,전체 변수와 제공 스케일 유지,-1.4238012948718417,-2.6024311459319875,1
554,RG3_L_000554,2,0,전체 변수와 제공 스케일 유지,-1.4481044256485252,-2.6024311459319875,1
555,RG3_L_000555,1,0,전체 변수와 제공 스케일 유지,-0.4976034116776056,-2.6024311459319875,1
556,RG3_L_000556,2,0,전체 변수와 제공 스케일 유지,-0.33501522620604973,-2.6024311459319875,1
558,RG3_L_000558,1,0,전체 변수와 제공 스케일 유지,4.753901701558025,-2.6024311459319875,1
559,RG3_L_000559,3,0,전체 변수와 제공 스케일 유지,-0.17874677975827957,-2.6024311459319875,1
560,RG3_L_000560,3,1,전체 변수와 제공 스케일 유지,-0.6014679529266989,-2.6024311459319875,1
561,RG3_L_000561,2,0,전체 변수와 제공 스케일 유지,-0.43289482820106784,-2.6024311459319875,1
562,RG3_L_000562,3,0,전체 변수와 제공 스케일 유지,-0.9425882639047884,-2.6024311459319875,1
563,RG3_L_000563,3,0,전체 변수와 제공 스케일 유지,-0.906250626965571,-2.6024311459319875,1
564,RG3_L_000564,2,0,전체 변수와 제공 스케일 유지,-0.376019479619746,-2.6024311459319875,1
565,RG3_L_000565,2,0,전체 변수와 제공 스케일 유지,-0.989838017190765,-2.6024311459319875,1
567,RG3_L_000567,1,0,전체 변수와 제공 스케일 유지,-0.9999203406096999,-2.6024311459319875,1
568,RG3_L_000568,1,0,전체 변수와 제공 스케일 유지,-0.11158074813725172,-2.6024311459319875,1
569,RG3_L_000569,1,0,전체 변수와 제공 스케일 유지,-0.6796515308696094,-2.6024311459319875,1
570,RG3_L_000570,3,0,전체 변수와 제공 스케일 유지,0.06221574657021556,-2.6024311459319875,1
571,RG3_L_000571,0,0,전체 변수와 제공 스케일 유지,-0.8714321407336261,-2.6024311459319875,1
572,RG3_L_000572,3,0,전체 변수와 제공 스케일 유지,0.09725961959842522,-2.6024311459319875,1
573,RG3_L_000573,0,0,전체 변수와 제공 스케일 유지,-0.9532199128127079,-2.6024311459319875,1
575,RG3_L_000575,2,0,전체 변수와 제공 스케일 유지,-0.5262390921936326,-2.6024311459319875,1
577,RG3_L_000577,1,0,전체 변수와 제공 스케일 유지,3.03770285090331,-2.6024311459319875,1
578,RG3_L_000578,1,0,전체 변수와 제공 스케일 유지,9.412777175327957,-2.6024311459319875,1
579,RG3_L_000579,3,0,전체 변수와 제공 스케일 유지,-0.8693058342530762,-2.6024311459319875,1
580,RG3_L_000580,0,0,전체 변수와 제공 스케일 유지,-0.6893667332910915,-2.6024311459319875,1
581,RG3_L_000581,1,0,전체 변수와 제공 스케일 유지,-0.5835533077110036,-2.6024311459319875,1
583,RG3_L_000583,0,0,전체 변수와 제공 스케일 유지,-1.0310073946909242,-2.6024311459319875,1
584,RG3_L_000584,0,0,전체 변수와 제공 스케일 유지,-0.6042479164048675,-2.6024311459319875,1
586,RG3_L_000586,2,0,전체 변수와 제공 스케일 유지,-0.24325368831411964,-2.6024311459319875,1
587,RG3_L_000587,3,0,전체 변수와 제공 스케일 유지,-0.1457891347977167,-2.6024311459319875,1
589,RG3_L_000589,3,0,전체 변수와 제공 스케일 유지,-0.22200432998988617,-2.6024311459319875,1
590,RG3_L_000590,0,0,전체 변수와 제공 스케일 유지,-0.9855449846651538,-2.6024311459319875,1
0,RG3_L_000000,2,0,충전과 전환 제외,-1.1333745807887023,-3.042231944333841,1
2,RG3_L_000002,0,0,충전과 전환 제외,-0.5784317514974653,-3.042231944333841,1
3,RG3_L_000003,2,0,충전과 전환 제외,-0.15151575281030993,-3.042231944333841,1
4,RG3_L_000004,2,0,충전과 전환 제외,-0.24081336690133526,-3.042231944333841,1
5,RG3_L_000005,1,0,충전과 전환 제외,0.7966183701878187,-3.042231944333841,1
6,RG3_L_000006,1,0,충전과 전환 제외,1.199814652051618,-3.042231944333841,1
7,RG3_L_000007,2,0,충전과 전환 제외,0.5562165005902866,-3.042231944333841,1
9,RG3_L_000009,0,0,충전과 전환 제외,-0.5162591517696171,-3.042231944333841,1
10,RG3_L_000010,3,0,충전과 전환 제외,-0.4883095860817921,-3.042231944333841,1
11,RG3_L_000011,0,0,충전과 전환 제외,-1.6751216777449436,-3.042231944333841,1
12,RG3_L_000012,0,0,충전과 전환 제외,-0.6615792390558273,-3.042231944333841,1
15,RG3_L_000015,1,0,충전과 전환 제외,0.16410584660202865,-3.042231944333841,1
16,RG3_L_000016,1,0,충전과 전환 제외,-1.6919730199597716,-3.042231944333841,1
17,RG3_L_000017,3,0,충전과 전환 제외,-0.29352167834604614,-3.042231944333841,1
18,RG3_L_000018,3,0,충전과 전환 제외,0.07034674571199417,-3.042231944333841,1
19,RG3_L_000019,0,0,충전과 전환 제외,-1.727300987270862,-3.042231944333841,1
22,RG3_L_000022,3,0,충전과 전환 제외,-0.8884512519083785,-3.042231944333841,1
23,RG3_L_000023,2,0,충전과 전환 제외,0.8443349995874652,-3.042231944333841,1
24,RG3_L_000024,3,0,충전과 전환 제외,-0.6527491239467977,-3.042231944333841,1
25,RG3_L_000025,0,0,충전과 전환 제외,-0.6367339033847639,-3.042231944333841,1
26,RG3_L_000026,0,0,충전과 전환 제외,-1.8224409343198662,-3.042231944333841,1
27,RG3_L_000027,1,0,충전과 전환 제외,-0.9005981622144503,-3.042231944333841,1
28,RG3_L_000028,2,0,충전과 전환 제외,-0.2649986984864512,-3.042231944333841,1
29,RG3_L_000029,1,0,충전과 전환 제외,1.0579126861741415,-3.042231944333841,1
30,RG3_L_000030,1,0,충전과 전환 제외,-0.04552725479720543,-3.042231944333841,1
31,RG3_L_000031,1,0,충전과 전환 제외,1.4433891500393852,-3.042231944333841,1
32,RG3_L_000032,0,0,충전과 전환 제외,-0.030712513610225756,-3.042231944333841,1
33,RG3_L_000033,3,0,충전과 전환 제외,-1.7038246289679915,-3.042231944333841,1
35,RG3_L_000035,0,0,충전과 전환 제외,-1.4873733660694928,-3.042231944333841,1
36,RG3_L_000036,3,0,충전과 전환 제외,-0.9911793829487134,-3.042231944333841,1
37,RG3_L_000037,3,0,충전과 전환 제외,1.3991644494686017,-3.042231944333841,1
38,RG3_L_000038,2,0,충전과 전환 제외,-0.86763086623783,-3.042231944333841,1
39,RG3_L_000039,3,0,충전과 전환 제외,-0.3972782133159587,-3.042231944333841,1
41,RG3_L_000041,1,0,충전과 전환 제외,-1.1775629380273323,-3.042231944333841,1
42,RG3_L_000042,3,0,충전과 전환 제외,-1.1620691726862855,-3.042231944333841,1
44,RG3_L_000044,0,0,충전과 전환 제외,1.6332562287686159,-3.042231944333841,1
45,RG3_L_000045,2,0,충전과 전환 제외,-0.3674283390429647,-3.042231944333841,1
46,RG3_L_000046,2,0,충전과 전환 제외,-2.4854981802977676,-3.042231944333841,1
47,RG3_L_000047,1,0,충전과 전환 제외,-2.5899610730208416,-3.042231944333841,1
48,RG3_L_000048,0,0,충전과 전환 제외,-1.9226594412596558,-3.042231944333841,1
49,RG3_L_000049,2,0,충전과 전환 제외,-2.5393733060842862,-3.042231944333841,1
50,RG3_L_000050,0,0,충전과 전환 제외,-2.451907141648226,-3.042231944333841,1
51,RG3_L_000051,2,0,충전과 전환 제외,0.5355136904252547,-3.042231944333841,1
54,RG3_L_000054,0,0,충전과 전환 제외,-2.6017122581081065,-3.042231944333841,1
55,RG3_L_000055,3,0,충전과 전환 제외,-2.391959257970779,-3.042231944333841,1
56,RG3_L_000056,0,0,충전과 전환 제외,-1.4999208039945113,-3.042231944333841,1
57,RG3_L_000057,0,0,충전과 전환 제외,-1.8639189018104272,-3.042231944333841,1
59,RG3_L_000059,1,0,충전과 전환 제외,-2.255011320628615,-3.042231944333841,1
60,RG3_L_000060,3,0,충전과 전환 제외,-1.5011836683637831,-3.042231944333841,1
61,RG3_L_000061,3,0,충전과 전환 제외,-2.3867907672204076,-3.042231944333841,1
63,RG3_L_000063,2,0,충전과 전환 제외,-1.4183069113483633,-3.042231944333841,1
65,RG3_L_000065,0,0,충전과 전환 제외,-2.195891329690399,-3.042231944333841,1
66,RG3_L_000066,2,0,충전과 전환 제외,-1.7494492791363179,-3.042231944333841,1
67,RG3_L_000067,2,0,충전과 전환 제외,-1.3394667826043687,-3.042231944333841,1
68,RG3_L_000068,1,1,충전과 전환 제외,-0.6903765610117532,-3.042231944333841,1
69,RG3_L_000069,3,0,충전과 전환 제외,-1.721533914482567,-3.042231944333841,1
70,RG3_L_000070,3,0,충전과 전환 제외,-0.27722263677373427,-3.042231944333841,1
71,RG3_L_000071,0,0,충전과 전환 제외,-2.4761838361033295,-3.042231944333841,1
73,RG3_L_000073,3,0,충전과 전환 제외,-1.8375408616033546,-3.042231944333841,1
74,RG3_L_000074,0,0,충전과 전환 제외,-2.007602489063798,-3.042231944333841,1
75,RG3_L_000075,3,0,충전과 전환 제외,-1.5386655281248487,-3.042231944333841,1
76,RG3_L_000076,3,0,충전과 전환 제외,-2.642406757807187,-3.042231944333841,1
77,RG3_L_000077,0,0,충전과 전환 제외,-1.4617165036603037,-3.042231944333841,1
78,RG3_L_000078,0,0,충전과 전환 제외,-1.2801231915381681,-3.042231944333841,1
79,RG3_L_000079,2,0,충전과 전환 제외,-0.5393841747596984,-3.042231944333841,1
80,RG3_L_000080,1,1,충전과 전환 제외,-2.573275381034499,-3.042231944333841,1
81,RG3_L_000081,2,0,충전과 전환 제외,-0.801804918520661,-3.042231944333841,1
83,RG3_L_000083,0,0,충전과 전환 제외,-2.3698922665294173,-3.042231944333841,1
84,RG3_L_000084,2,0,충전과 전환 제외,-1.816925387085604,-3.042231944333841,1
85,RG3_L_000085,0,1,충전과 전환 제외,-3.0422319443338406,-3.042231944333841,1
86,RG3_L_000086,2,0,충전과 전환 제외,-1.5743769347548966,-3.042231944333841,1
87,RG3_L_000087,2,0,충전과 전환 제외,-0.5169894622097484,-3.042231944333841,1
88,RG3_L_000088,3,0,충전과 전환 제외,-1.1181562913444747,-3.042231944333841,1
89,RG3_L_000089,3,0,충전과 전환 제외,-0.8764164098613332,-3.042231944333841,1
91,RG3_L_000091,3,0,충전과 전환 제외,-1.8649005948427266,-3.042231944333841,1
92,RG3_L_000092,0,0,충전과 전환 제외,-2.355552649851875,-3.042231944333841,1
93,RG3_L_000093,3,0,충전과 전환 제외,-1.200486764378713,-3.042231944333841,1
95,RG3_L_000095,2,0,충전과 전환 제외,-1.9550617287667755,-3.042231944333841,1
96,RG3_L_000096,3,0,충전과 전환 제외,-2.548532302744089,-3.042231944333841,1
97,RG3_L_000097,0,0,충전과 전환 제외,-1.219015640620892,-3.042231944333841,1
98,RG3_L_000098,1,0,충전과 전환 제외,-0.2019684179569552,-3.042231944333841,1
99,RG3_L_000099,3,0,충전과 전환 제외,-2.3371145010311984,-3.042231944333841,1
100,RG3_L_000100,1,0,충전과 전환 제외,-2.5596146592761357,-3.042231944333841,1
101,RG3_L_000101,2,0,충전과 전환 제외,-2.0258331637151663,-3.042231944333841,1
102,RG3_L_000102,0,1,충전과 전환 제외,-1.9278497384130144,-3.042231944333841,1
104,RG3_L_000104,2,0,충전과 전환 제외,-0.970840403806827,-3.042231944333841,1
105,RG3_L_000105,2,0,충전과 전환 제외,-1.284952004566975,-3.042231944333841,1
107,RG3_L_000107,0,0,충전과 전환 제외,-1.756373552795619,-3.042231944333841,1
108,RG3_L_000108,0,0,충전과 전환 제외,-2.3997446197343226,-3.042231944333841,1
111,RG3_L_000111,3,0,충전과 전환 제외,-1.8573736856960252,-3.042231944333841,1
112,RG3_L_000112,3,0,충전과 전환 제외,-1.1596612310464156,-3.042231944333841,1
113,RG3_L_000113,1,0,충전과 전환 제외,-1.845190872949285,-3.042231944333841,1
114,RG3_L_000114,0,0,충전과 전환 제외,-0.8595631369571954,-3.042231944333841,1
115,RG3_L_000115,0,0,충전과 전환 제외,-1.383355612849419,-3.042231944333841,1
116,RG3_L_000116,1,0,충전과 전환 제외,-0.6084319726545235,-3.042231944333841,1
117,RG3_L_000117,0,0,충전과 전환 제외,-1.1927010305337227,-3.042231944333841,1
118,RG3_L_000118,0,0,충전과 전환 제외,-1.4319386019843936,-3.042231944333841,1
119,RG3_L_000119,0,0,충전과 전환 제외,-1.5922777269064472,-3.042231944333841,1
120,RG3_L_000120,2,0,충전과 전환 제외,-2.20921526278282,-3.042231944333841,1
121,RG3_L_000121,3,0,충전과 전환 제외,-1.9519862916860191,-3.042231944333841,1
122,RG3_L_000122,1,1,충전과 전환 제외,-2.0809949625904522,-3.042231944333841,1
123,RG3_L_000123,0,0,충전과 전환 제외,-0.5373839232798829,-3.042231944333841,1
124,RG3_L_000124,0,0,충전과 전환 제외,-0.01583023263183314,-3.042231944333841,1
125,RG3_L_000125,3,0,충전과 전환 제외,-0.21663896960557416,-3.042231944333841,1
127,RG3_L_000127,1,0,충전과 전환 제외,-1.5796259002971524,-3.042231944333841,1
128,RG3_L_000128,1,0,충전과 전환 제외,-2.862025563440234,-3.042231944333841,1
129,RG3_L_000129,1,0,충전과 전환 제외,-1.8204104985168996,-3.042231944333841,1
130,RG3_L_000130,0,0,충전과 전환 제외,-2.458443336986475,-3.042231944333841,1
131,RG3_L_000131,3,0,충전과 전환 제외,-2.705928013036747,-3.042231944333841,1
132,RG3_L_000132,1,0,충전과 전환 제외,-1.9181614350082157,-3.042231944333841,1
134,RG3_L_000134,2,0,충전과 전환 제외,-1.181102318137075,-3.042231944333841,1
136,RG3_L_000136,2,0,충전과 전환 제외,-1.7039448423827714,-3.042231944333841,1
137,RG3_L_000137,3,0,충전과 전환 제외,-2.3316575575882084,-3.042231944333841,1
138,RG3_L_000138,0,0,충전과 전환 제외,-1.5788513528444188,-3.042231944333841,1
139,RG3_L_000139,2,0,충전과 전환 제외,-1.785731230373866,-3.042231944333841,1
141,RG3_L_000141,0,0,충전과 전환 제외,-3.0233024846639918,-3.042231944333841,1
142,RG3_L_000142,0,0,충전과 전환 제외,-1.2176731322916403,-3.042231944333841,1
144,RG3_L_000144,1,0,충전과 전환 제외,-1.931023901519783,-3.042231944333841,1
145,RG3_L_000145,1,0,충전과 전환 제외,-1.6659269562860395,-3.042231944333841,1
146,RG3_L_000146,3,0,충전과 전환 제외,-1.3631163629222236,-3.042231944333841,1
147,RG3_L_000147,2,0,충전과 전환 제외,-0.9931404177233016,-3.042231944333841,1
148,RG3_L_000148,0,0,충전과 전환 제외,-1.3959099000872328,-3.042231944333841,1
149,RG3_L_000149,3,0,충전과 전환 제외,-0.3712691780735291,-3.042231944333841,1
150,RG3_L_000150,3,1,충전과 전환 제외,-2.1587980020918245,-3.042231944333841,1
151,RG3_L_000151,3,0,충전과 전환 제외,-2.046987966972278,-3.042231944333841,1
152,RG3_L_000152,2,1,충전과 전환 제외,-2.058799660043828,-3.042231944333841,1
153,RG3_L_000153,2,0,충전과 전환 제외,-2.019441925428474,-3.042231944333841,1
154,RG3_L_000154,0,0,충전과 전환 제외,-1.587324634482659,-3.042231944333841,1
155,RG3_L_000155,1,1,충전과 전환 제외,-0.8801991085113272,-3.042231944333841,1
156,RG3_L_000156,0,0,충전과 전환 제외,-0.8035863846409352,-3.042231944333841,1
157,RG3_L_000157,1,0,충전과 전환 제외,0.7043289657141472,-3.042231944333841,1
158,RG3_L_000158,0,0,충전과 전환 제외,-1.520973375283086,-3.042231944333841,1
159,RG3_L_000159,1,0,충전과 전환 제외,-0.3450776924225831,-3.042231944333841,1
160,RG3_L_000160,2,0,충전과 전환 제외,-0.844379546572565,-3.042231944333841,1
161,RG3_L_000161,3,1,충전과 전환 제외,-1.5421112099744754,-3.042231944333841,1
162,RG3_L_000162,1,0,충전과 전환 제외,-2.0043686800537053,-3.042231944333841,1
163,RG3_L_000163,0,0,충전과 전환 제외,-1.1944874289003966,-3.042231944333841,1
164,RG3_L_000164,0,0,충전과 전환 제외,-0.492573563211014,-3.042231944333841,1
166,RG3_L_000166,2,0,충전과 전환 제외,-1.2708228282447536,-3.042231944333841,1
167,RG3_L_000167,1,0,충전과 전환 제외,-1.1509273443106718,-3.042231944333841,1
168,RG3_L_000168,0,0,충전과 전환 제외,-2.471255806067946,-3.042231944333841,1
172,RG3_L_000172,1,0,충전과 전환 제외,-1.5348326777818642,-3.042231944333841,1
173,RG3_L_000173,2,1,충전과 전환 제외,-2.7163288317285676,-3.042231944333841,1
174,RG3_L_000174,2,0,충전과 전환 제외,-2.1938434970728586,-3.042231944333841,1
175,RG3_L_000175,0,0,충전과 전환 제외,-1.077810327314312,-3.042231944333841,1
177,RG3_L_000177,0,0,충전과 전환 제외,-2.2389005839068457,-3.042231944333841,1
178,RG3_L_000178,3,0,충전과 전환 제외,-2.649720727571779,-3.042231944333841,1
179,RG3_L_000179,0,0,충전과 전환 제외,-1.3745721515574907,-3.042231944333841,1
180,RG3_L_000180,2,0,충전과 전환 제외,-1.4865520413096203,-3.042231944333841,1
181,RG3_L_000181,3,0,충전과 전환 제외,-1.692551145429693,-3.042231944333841,1
182,RG3_L_000182,1,0,충전과 전환 제외,-1.7730695343660585,-3.042231944333841,1
183,RG3_L_000183,1,0,충전과 전환 제외,-1.3107264126894798,-3.042231944333841,1
184,RG3_L_000184,1,0,충전과 전환 제외,-1.1402442000914377,-3.042231944333841,1
185,RG3_L_000185,1,0,충전과 전환 제외,-2.108450198057106,-3.042231944333841,1
186,RG3_L_000186,2,0,충전과 전환 제외,-1.8805595392474999,-3.042231944333841,1
187,RG3_L_000187,3,0,충전과 전환 제외,-0.3699598554572212,-3.042231944333841,1
188,RG3_L_000188,1,0,충전과 전환 제외,0.5708347542706385,-3.042231944333841,1
189,RG3_L_000189,3,0,충전과 전환 제외,-1.642472490893086,-3.042231944333841,1
190,RG3_L_000190,3,0,충전과 전환 제외,-1.622463171396575,-3.042231944333841,1
191,RG3_L_000191,1,0,충전과 전환 제외,-0.09616147498652516,-3.042231944333841,1
192,RG3_L_000192,3,0,충전과 전환 제외,0.11511825332414638,-3.042231944333841,1
193,RG3_L_000193,2,0,충전과 전환 제외,-0.5760081086219184,-3.042231944333841,1
194,RG3_L_000194,3,0,충전과 전환 제외,-1.1399551294060544,-3.042231944333841,1
195,RG3_L_000195,1,0,충전과 전환 제외,-0.43480782550778585,-3.042231944333841,1
196,RG3_L_000196,0,0,충전과 전환 제외,-1.9119879147446053,-3.042231944333841,1
198,RG3_L_000198,3,0,충전과 전환 제외,-1.5398116447600163,-3.042231944333841,1
202,RG3_L_000202,1,0,충전과 전환 제외,-0.5899732998155489,-3.042231944333841,1
203,RG3_L_000203,1,1,충전과 전환 제외,-0.1327183897127071,-3.042231944333841,1
204,RG3_L_000204,3,0,충전과 전환 제외,-0.7254697932996503,-3.042231944333841,1
205,RG3_L_000205,2,1,충전과 전환 제외,-1.8980875734581772,-3.042231944333841,1
206,RG3_L_000206,1,0,충전과 전환 제외,-1.3926262548927895,-3.042231944333841,1
207,RG3_L_000207,1,0,충전과 전환 제외,-1.5887045980770722,-3.042231944333841,1
208,RG3_L_000208,1,0,충전과 전환 제외,-1.4968514780026112,-3.042231944333841,1
209,RG3_L_000209,0,0,충전과 전환 제외,-1.3372187409256426,-3.042231944333841,1
210,RG3_L_000210,3,0,충전과 전환 제외,-1.366911511766597,-3.042231944333841,1
211,RG3_L_000211,3,0,충전과 전환 제외,-0.6869129761728807,-3.042231944333841,1
212,RG3_L_000212,1,0,충전과 전환 제외,-1.7241098596601532,-3.042231944333841,1
214,RG3_L_000214,0,0,충전과 전환 제외,-2.957366623877105,-3.042231944333841,1
215,RG3_L_000215,2,0,충전과 전환 제외,-0.39673147792017893,-3.042231944333841,1
216,RG3_L_000216,2,0,충전과 전환 제외,-1.9323802733231936,-3.042231944333841,1
218,RG3_L_000218,1,0,충전과 전환 제외,-1.6385217483522645,-3.042231944333841,1
220,RG3_L_000220,1,0,충전과 전환 제외,-0.9304732032114007,-3.042231944333841,1
221,RG3_L_000221,3,0,충전과 전환 제외,-0.5851393333007504,-3.042231944333841,1
222,RG3_L_000222,2,0,충전과 전환 제외,-1.4235558496781948,-3.042231944333841,1
223,RG3_L_000223,3,0,충전과 전환 제외,-1.7908108180640383,-3.042231944333841,1
225,RG3_L_000225,3,0,충전과 전환 제외,-2.323133404895003,-3.042231944333841,1
227,RG3_L_000227,1,0,충전과 전환 제외,-1.5961782345043716,-3.042231944333841,1
230,RG3_L_000230,1,0,충전과 전환 제외,-0.7405254423427632,-3.042231944333841,1
232,RG3_L_000232,3,0,충전과 전환 제외,-1.5657776543183193,-3.042231944333841,1
233,RG3_L_000233,3,0,충전과 전환 제외,-2.0374112933062563,-3.042231944333841,1
234,RG3_L_000234,2,0,충전과 전환 제외,-2.241032417709082,-3.042231944333841,1
235,RG3_L_000235,0,0,충전과 전환 제외,-1.0367514201836787,-3.042231944333841,1
236,RG3_L_000236,1,0,충전과 전환 제외,-1.3276216766416944,-3.042231944333841,1
237,RG3_L_000237,2,0,충전과 전환 제외,-1.764014413965585,-3.042231944333841,1
238,RG3_L_000238,2,0,충전과 전환 제외,-1.10112616783689,-3.042231944333841,1
239,RG3_L_000239,2,0,충전과 전환 제외,-2.282859936216063,-3.042231944333841,1
240,RG3_L_000240,2,0,충전과 전환 제외,-2.464153124297372,-3.042231944333841,1
241,RG3_L_000241,0,0,충전과 전환 제외,-2.0276735218686976,-3.042231944333841,1
242,RG3_L_000242,0,0,충전과 전환 제외,-0.8128848464761731,-3.042231944333841,1
244,RG3_L_000244,1,0,충전과 전환 제외,-0.8745868404740467,-3.042231944333841,1
245,RG3_L_000245,2,0,충전과 전환 제외,-0.521650028084375,-3.042231944333841,1
246,RG3_L_000246,0,0,충전과 전환 제외,-0.7824512237894741,-3.042231944333841,1
247,RG3_L_000247,2,0,충전과 전환 제외,-0.7431125810234462,-3.042231944333841,1
248,RG3_L_000248,2,0,충전과 전환 제외,-1.2026396503408758,-3.042231944333841,1
250,RG3_L_000250,1,0,충전과 전환 제외,0.06611569394354966,-3.042231944333841,1
251,RG3_L_000251,1,0,충전과 전환 제외,-1.9906531236280074,-3.042231944333841,1
252,RG3_L_000252,1,0,충전과 전환 제외,-0.5519377732051556,-3.042231944333841,1
253,RG3_L_000253,1,0,충전과 전환 제외,-2.083790990588188,-3.042231944333841,1
255,RG3_L_000255,0,0,충전과 전환 제외,-0.22645155098948067,-3.042231944333841,1
257,RG3_L_000257,2,0,충전과 전환 제외,-2.226922640927963,-3.042231944333841,1
258,RG3_L_000258,0,0,충전과 전환 제외,-1.45168277896569,-3.042231944333841,1
259,RG3_L_000259,0,0,충전과 전환 제외,-2.5412393189284916,-3.042231944333841,1
260,RG3_L_000260,0,0,충전과 전환 제외,-2.5350708469614904,-3.042231944333841,1
261,RG3_L_000261,2,0,충전과 전환 제외,-1.4193709091155267,-3.042231944333841,1
262,RG3_L_000262,1,0,충전과 전환 제외,0.12146819397233166,-3.042231944333841,1
263,RG3_L_000263,3,0,충전과 전환 제외,-2.1419020886253257,-3.042231944333841,1
266,RG3_L_000266,2,0,충전과 전환 제외,-0.48828967062632955,-3.042231944333841,1
267,RG3_L_000267,1,0,충전과 전환 제외,-1.6041080759695205,-3.042231944333841,1
268,RG3_L_000268,2,0,충전과 전환 제외,-2.2296639748035574,-3.042231944333841,1
269,RG3_L_000269,3,0,충전과 전환 제외,-1.585221146974325,-3.042231944333841,1
270,RG3_L_000270,1,0,충전과 전환 제외,-0.5376165900623846,-3.042231944333841,1
271,RG3_L_000271,1,0,충전과 전환 제외,-1.3321553931797538,-3.042231944333841,1
274,RG3_L_000274,0,0,충전과 전환 제외,-1.39272902016274,-3.042231944333841,1
275,RG3_L_000275,0,1,충전과 전환 제외,-0.4002660498084243,-3.042231944333841,1
276,RG3_L_000276,2,0,충전과 전환 제외,-2.271021318417173,-3.042231944333841,1
277,RG3_L_000277,1,0,충전과 전환 제외,-2.355951298480278,-3.042231944333841,1
278,RG3_L_000278,2,0,충전과 전환 제외,-1.6205598936840442,-3.042231944333841,1
279,RG3_L_000279,1,0,충전과 전환 제외,-1.859760606105258,-3.042231944333841,1
280,RG3_L_000280,0,0,충전과 전환 제외,-1.686912458877119,-3.042231944333841,1
281,RG3_L_000281,0,0,충전과 전환 제외,-1.5037880977499452,-3.042231944333841,1
282,RG3_L_000282,3,0,충전과 전환 제외,-0.6370853512531927,-3.042231944333841,1
285,RG3_L_000285,0,0,충전과 전환 제외,-1.4800543782659528,-3.042231944333841,1
286,RG3_L_000286,3,0,충전과 전환 제외,-1.0335662901304428,-3.042231944333841,1
288,RG3_L_000288,1,0,충전과 전환 제외,-1.5102483898331442,-3.042231944333841,1
289,RG3_L_000289,2,0,충전과 전환 제외,-2.4009389592557575,-3.042231944333841,1
291,RG3_L_000291,0,0,충전과 전환 제외,-1.096827266772804,-3.042231944333841,1
292,RG3_L_000292,1,0,충전과 전환 제외,-1.5532736691284619,-3.042231944333841,1
294,RG3_L_000294,3,0,충전과 전환 제외,-1.2826329685303097,-3.042231944333841,1
295,RG3_L_000295,2,0,충전과 전환 제외,-2.564252995649511,-3.042231944333841,1
296,RG3_L_000296,2,0,충전과 전환 제외,-0.8840668243645631,-3.042231944333841,1
297,RG3_L_000297,0,0,충전과 전환 제외,-1.162816066574221,-3.042231944333841,1
298,RG3_L_000298,2,0,충전과 전환 제외,-2.1196844004702626,-3.042231944333841,1
299,RG3_L_000299,0,0,충전과 전환 제외,-0.10279041329511784,-3.042231944333841,1
300,RG3_L_000300,0,0,충전과 전환 제외,-0.9650390737207815,-3.042231944333841,1
301,RG3_L_000301,0,0,충전과 전환 제외,-1.7565451684608497,-3.042231944333841,1
303,RG3_L_000303,1,0,충전과 전환 제외,-1.2710483806543955,-3.042231944333841,1
304,RG3_L_000304,1,0,충전과 전환 제외,-1.5255820871697168,-3.042231944333841,1
305,RG3_L_000305,1,0,충전과 전환 제외,-2.2670003184290977,-3.042231944333841,1
306,RG3_L_000306,1,0,충전과 전환 제외,-0.7373240164850898,-3.042231944333841,1
307,RG3_L_000307,1,0,충전과 전환 제외,-2.0650312393278583,-3.042231944333841,1
308,RG3_L_000308,0,0,충전과 전환 제외,-1.3697686144701375,-3.042231944333841,1
310,RG3_L_000310,0,1,충전과 전환 제외,-1.2397721885494946,-3.042231944333841,1
311,RG3_L_000311,2,0,충전과 전환 제외,-0.7880864198056603,-3.042231944333841,1
312,RG3_L_000312,2,0,충전과 전환 제외,-1.2490359751723084,-3.042231944333841,1
313,RG3_L_000313,2,0,충전과 전환 제외,-1.8081846028754818,-3.042231944333841,1
314,RG3_L_000314,2,0,충전과 전환 제외,-1.393994530318281,-3.042231944333841,1
316,RG3_L_000316,3,0,충전과 전환 제외,-1.4813557706370197,-3.042231944333841,1
317,RG3_L_000317,3,0,충전과 전환 제외,-1.7962829284442918,-3.042231944333841,1
319,RG3_L_000319,3,0,충전과 전환 제외,-1.5278063519021767,-3.042231944333841,1
320,RG3_L_000320,1,0,충전과 전환 제외,-1.2768509293337438,-3.042231944333841,1
321,RG3_L_000321,1,0,충전과 전환 제외,-1.9123651730915014,-3.042231944333841,1
322,RG3_L_000322,3,0,충전과 전환 제외,-1.0990681009400216,-3.042231944333841,1
325,RG3_L_000325,2,0,충전과 전환 제외,-1.4082621420720436,-3.042231944333841,1
326,RG3_L_000326,1,0,충전과 전환 제외,-0.5377819571644018,-3.042231944333841,1
327,RG3_L_000327,2,0,충전과 전환 제외,-1.4156323034601304,-3.042231944333841,1
329,RG3_L_000329,0,0,충전과 전환 제외,-2.2738862946539857,-3.042231944333841,1
331,RG3_L_000331,3,0,충전과 전환 제외,-0.3429606703154189,-3.042231944333841,1
332,RG3_L_000332,1,0,충전과 전환 제외,-1.2048445861735466,-3.042231944333841,1
333,RG3_L_000333,1,0,충전과 전환 제외,-0.9487635160195289,-3.042231944333841,1
334,RG3_L_000334,3,0,충전과 전환 제외,-0.5235851668847076,-3.042231944333841,1
335,RG3_L_000335,3,0,충전과 전환 제외,-0.04104988923975306,-3.042231944333841,1
336,RG3_L_000336,3,0,충전과 전환 제외,-0.6886222671700448,-3.042231944333841,1
337,RG3_L_000337,3,0,충전과 전환 제외,-0.15205407959585848,-3.042231944333841,1
338,RG3_L_000338,2,0,충전과 전환 제외,-2.2683556878251387,-3.042231944333841,1
339,RG3_L_000339,2,0,충전과 전환 제외,-1.6148588130514714,-3.042231944333841,1
340,RG3_L_000340,3,0,충전과 전환 제외,-2.1030523839936457,-3.042231944333841,1
342,RG3_L_000342,3,0,충전과 전환 제외,-2.2113579988876353,-3.042231944333841,1
344,RG3_L_000344,0,0,충전과 전환 제외,-0.28352915313886484,-3.042231944333841,1
345,RG3_L_000345,1,0,충전과 전환 제외,0.8911624542940206,-3.042231944333841,1
347,RG3_L_000347,3,0,충전과 전환 제외,-0.9195999013900558,-3.042231944333841,1
348,RG3_L_000348,2,0,충전과 전환 제외,-2.1560523292278226,-3.042231944333841,1
349,RG3_L_000349,2,0,충전과 전환 제외,-1.9445919087095227,-3.042231944333841,1
350,RG3_L_000350,3,0,충전과 전환 제외,0.02408499076674353,-3.042231944333841,1
351,RG3_L_000351,2,0,충전과 전환 제외,-0.9778968971743929,-3.042231944333841,1
352,RG3_L_000352,2,0,충전과 전환 제외,-0.28407520350382853,-3.042231944333841,1
354,RG3_L_000354,3,0,충전과 전환 제외,0.4742628300529912,-3.042231944333841,1
356,RG3_L_000356,1,0,충전과 전환 제외,-0.24750031864547495,-3.042231944333841,1
357,RG3_L_000357,1,0,충전과 전환 제외,-0.1389063558504997,-3.042231944333841,1
358,RG3_L_000358,1,0,충전과 전환 제외,-1.2838501533621098,-3.042231944333841,1
362,RG3_L_000362,2,0,충전과 전환 제외,-0.31277613268074766,-3.042231944333841,1
364,RG3_L_000364,2,0,충전과 전환 제외,-1.1049388579094082,-3.042231944333841,1
365,RG3_L_000365,1,0,충전과 전환 제외,-0.8894011267721158,-3.042231944333841,1
366,RG3_L_000366,1,0,충전과 전환 제외,-1.8956051823787021,-3.042231944333841,1
368,RG3_L_000368,1,0,충전과 전환 제외,-1.2715203186788102,-3.042231944333841,1
369,RG3_L_000369,3,0,충전과 전환 제외,-1.5652241032437892,-3.042231944333841,1
370,RG3_L_000370,3,0,충전과 전환 제외,-1.1482062084782338,-3.042231944333841,1
371,RG3_L_000371,1,0,충전과 전환 제외,-0.5616809220414414,-3.042231944333841,1
372,RG3_L_000372,3,0,충전과 전환 제외,-1.5299732786026699,-3.042231944333841,1
373,RG3_L_000373,0,0,충전과 전환 제외,-1.4511976761769674,-3.042231944333841,1
374,RG3_L_000374,2,0,충전과 전환 제외,-1.6113702717045282,-3.042231944333841,1
375,RG3_L_000375,3,0,충전과 전환 제외,-0.3715904196405386,-3.042231944333841,1
376,RG3_L_000376,1,0,충전과 전환 제외,-1.446457175653613,-3.042231944333841,1
377,RG3_L_000377,3,0,충전과 전환 제외,-0.8515718978815823,-3.042231944333841,1
378,RG3_L_000378,0,0,충전과 전환 제외,-1.991483158268382,-3.042231944333841,1
379,RG3_L_000379,3,0,충전과 전환 제외,-0.4390829129209859,-3.042231944333841,1
380,RG3_L_000380,0,0,충전과 전환 제외,-0.5617182277272228,-3.042231944333841,1
381,RG3_L_000381,3,1,충전과 전환 제외,-0.183163832640167,-3.042231944333841,1
382,RG3_L_000382,2,0,충전과 전환 제외,-0.43411758621291874,-3.042231944333841,1
383,RG3_L_000383,0,0,충전과 전환 제외,-0.6395428008600685,-3.042231944333841,1
385,RG3_L_000385,2,0,충전과 전환 제외,-2.2282230982014752,-3.042231944333841,1
386,RG3_L_000386,1,0,충전과 전환 제외,-1.3728581360094871,-3.042231944333841,1
387,RG3_L_000387,1,0,충전과 전환 제외,-0.7917611661887509,-3.042231944333841,1
388,RG3_L_000388,0,0,충전과 전환 제외,-1.0497831886542723,-3.042231944333841,1
389,RG3_L_000389,0,0,충전과 전환 제외,-1.28926659090801,-3.042231944333841,1
391,RG3_L_000391,0,0,충전과 전환 제외,-0.6968779071719258,-3.042231944333841,1
392,RG3_L_000392,1,0,충전과 전환 제외,-1.1483856648378143,-3.042231944333841,1
393,RG3_L_000393,1,0,충전과 전환 제외,-0.45543737687245134,-3.042231944333841,1
394,RG3_L_000394,3,0,충전과 전환 제외,-1.150140802241168,-3.042231944333841,1
395,RG3_L_000395,3,0,충전과 전환 제외,-1.3557918211032653,-3.042231944333841,1
398,RG3_L_000398,1,0,충전과 전환 제외,-0.8581631199597393,-3.042231944333841,1
399,RG3_L_000399,0,0,충전과 전환 제외,-1.6385173741215873,-3.042231944333841,1
400,RG3_L_000400,0,0,충전과 전환 제외,-1.1112343437668777,-3.042231944333841,1
401,RG3_L_000401,2,0,충전과 전환 제외,-1.497795003095785,-3.042231944333841,1
402,RG3_L_000402,3,0,충전과 전환 제외,-2.0611424528058,-3.042231944333841,1
404,RG3_L_000404,3,0,충전과 전환 제외,-1.3439167788508009,-3.042231944333841,1
405,RG3_L_000405,2,1,충전과 전환 제외,-1.1955966367748427,-3.042231944333841,1
407,RG3_L_000407,1,0,충전과 전환 제외,-1.3290128303599644,-3.042231944333841,1
409,RG3_L_000409,0,0,충전과 전환 제외,-2.2188451201965815,-3.042231944333841,1
411,RG3_L_000411,3,0,충전과 전환 제외,-1.859987717350517,-3.042231944333841,1
412,RG3_L_000412,1,0,충전과 전환 제외,-1.4745104183987934,-3.042231944333841,1
413,RG3_L_000413,2,0,충전과 전환 제외,-1.7789595421639532,-3.042231944333841,1
414,RG3_L_000414,2,0,충전과 전환 제외,-1.9778051692410834,-3.042231944333841,1
415,RG3_L_000415,3,0,충전과 전환 제외,-0.4679029065992104,-3.042231944333841,1
416,RG3_L_000416,0,0,충전과 전환 제외,-0.9466921947836475,-3.042231944333841,1
417,RG3_L_000417,2,0,충전과 전환 제외,-2.0716983484638725,-3.042231944333841,1
418,RG3_L_000418,3,0,충전과 전환 제외,-2.2529725647808334,-3.042231944333841,1
419,RG3_L_000419,0,0,충전과 전환 제외,-1.544426688189338,-3.042231944333841,1
421,RG3_L_000421,2,0,충전과 전환 제외,-2.0957748332153017,-3.042231944333841,1
422,RG3_L_000422,3,0,충전과 전환 제외,-0.6203773770344672,-3.042231944333841,1
423,RG3_L_000423,1,0,충전과 전환 제외,-1.5783196976296345,-3.042231944333841,1
424,RG3_L_000424,1,0,충전과 전환 제외,-0.40072031445901146,-3.042231944333841,1
425,RG3_L_000425,0,0,충전과 전환 제외,-0.8630535799786045,-3.042231944333841,1
426,RG3_L_000426,2,0,충전과 전환 제외,-1.173028380157131,-3.042231944333841,1
427,RG3_L_000427,1,0,충전과 전환 제외,-1.7291222515772837,-3.042231944333841,1
429,RG3_L_000429,0,0,충전과 전환 제외,-2.051679754101295,-3.042231944333841,1
430,RG3_L_000430,0,0,충전과 전환 제외,-1.681776501961071,-3.042231944333841,1
431,RG3_L_000431,0,0,충전과 전환 제외,-1.946462525658168,-3.042231944333841,1
433,RG3_L_000433,2,0,충전과 전환 제외,-0.5513438816768996,-3.042231944333841,1
434,RG3_L_000434,2,0,충전과 전환 제외,-0.9455401758428952,-3.042231944333841,1
435,RG3_L_000435,1,0,충전과 전환 제외,0.09220417371208356,-3.042231944333841,1
436,RG3_L_000436,3,0,충전과 전환 제외,-1.221186883427018,-3.042231944333841,1
438,RG3_L_000438,0,0,충전과 전환 제외,-1.4007615837541127,-3.042231944333841,1
439,RG3_L_000439,3,0,충전과 전환 제외,0.42930192536697653,-3.042231944333841,1
440,RG3_L_000440,2,0,충전과 전환 제외,-0.592487735553652,-3.042231944333841,1
441,RG3_L_000441,2,0,충전과 전환 제외,-1.3908283175923195,-3.042231944333841,1
442,RG3_L_000442,2,0,충전과 전환 제외,-0.5746545943392629,-3.042231944333841,1
443,RG3_L_000443,1,0,충전과 전환 제외,0.5746038667487596,-3.042231944333841,1
444,RG3_L_000444,3,0,충전과 전환 제외,0.12179730744978556,-3.042231944333841,1
445,RG3_L_000445,1,0,충전과 전환 제외,-1.2229789975293386,-3.042231944333841,1
448,RG3_L_000448,0,0,충전과 전환 제외,-0.06011661720109096,-3.042231944333841,1
449,RG3_L_000449,1,0,충전과 전환 제외,-1.212852697479775,-3.042231944333841,1
450,RG3_L_000450,1,0,충전과 전환 제외,-0.3150706733073445,-3.042231944333841,1
451,RG3_L_000451,3,0,충전과 전환 제외,-0.6094177100161833,-3.042231944333841,1
452,RG3_L_000452,0,0,충전과 전환 제외,-1.7080696062624874,-3.042231944333841,1
453,RG3_L_000453,2,0,충전과 전환 제외,-1.9227687113388612,-3.042231944333841,1
454,RG3_L_000454,3,0,충전과 전환 제외,-1.4075289685389851,-3.042231944333841,1
456,RG3_L_000456,0,0,충전과 전환 제외,0.5248785574465078,-3.042231944333841,1
457,RG3_L_000457,2,0,충전과 전환 제외,-1.2814839546642762,-3.042231944333841,1
458,RG3_L_000458,0,0,충전과 전환 제외,-1.8238009967403404,-3.042231944333841,1
459,RG3_L_000459,1,0,충전과 전환 제외,0.36055590766782686,-3.042231944333841,1
460,RG3_L_000460,0,0,충전과 전환 제외,-1.1144354737247824,-3.042231944333841,1
461,RG3_L_000461,3,0,충전과 전환 제외,-0.7232226804901636,-3.042231944333841,1
462,RG3_L_000462,3,0,충전과 전환 제외,-2.433481050192274,-3.042231944333841,1
463,RG3_L_000463,1,0,충전과 전환 제외,-1.403014804794271,-3.042231944333841,1
464,RG3_L_000464,2,0,충전과 전환 제외,-1.853474707530662,-3.042231944333841,1
466,RG3_L_000466,3,0,충전과 전환 제외,-0.580045425416607,-3.042231944333841,1
467,RG3_L_000467,2,0,충전과 전환 제외,-0.73033673380945,-3.042231944333841,1
468,RG3_L_000468,2,0,충전과 전환 제외,0.07843131292729666,-3.042231944333841,1
469,RG3_L_000469,1,0,충전과 전환 제외,-0.6527487788224136,-3.042231944333841,1
470,RG3_L_000470,1,0,충전과 전환 제외,-0.015460200039182581,-3.042231944333841,1
471,RG3_L_000471,2,0,충전과 전환 제외,-0.48950189843091607,-3.042231944333841,1
472,RG3_L_000472,3,0,충전과 전환 제외,2.0604685230888506,-3.042231944333841,1
473,RG3_L_000473,2,0,충전과 전환 제외,-1.4584486604920919,-3.042231944333841,1
476,RG3_L_000476,2,1,충전과 전환 제외,-2.1236228981832035,-3.042231944333841,1
477,RG3_L_000477,3,0,충전과 전환 제외,-0.22377329283752445,-3.042231944333841,1
478,RG3_L_000478,3,0,충전과 전환 제외,-1.5083843826274101,-3.042231944333841,1
481,RG3_L_000481,2,0,충전과 전환 제외,-1.5156720120675846,-3.042231944333841,1
483,RG3_L_000483,0,1,충전과 전환 제외,-1.6261957239194729,-3.042231944333841,1
484,RG3_L_000484,3,0,충전과 전환 제외,-1.3870038983979107,-3.042231944333841,1
485,RG3_L_000485,2,0,충전과 전환 제외,-1.3905236190809287,-3.042231944333841,1
486,RG3_L_000486,3,1,충전과 전환 제외,-0.8405602472534035,-3.042231944333841,1
487,RG3_L_000487,1,0,충전과 전환 제외,-0.7185633096970605,-3.042231944333841,1
488,RG3_L_000488,1,0,충전과 전환 제외,-1.53618443762943,-3.042231944333841,1
490,RG3_L_000490,0,0,충전과 전환 제외,-1.8610385977356199,-3.042231944333841,1
491,RG3_L_000491,1,0,충전과 전환 제외,-2.7699164971078787,-3.042231944333841,1
492,RG3_L_000492,1,0,충전과 전환 제외,-1.2495460879950748,-3.042231944333841,1
493,RG3_L_000493,2,0,충전과 전환 제외,-1.99861101766626,-3.042231944333841,1
494,RG3_L_000494,2,0,충전과 전환 제외,-0.988226231035048,-3.042231944333841,1
495,RG3_L_000495,0,0,충전과 전환 제외,-0.5522745130680597,-3.042231944333841,1
500,RG3_L_000500,0,0,충전과 전환 제외,-1.4527569029584058,-3.042231944333841,1
501,RG3_L_000501,0,0,충전과 전환 제외,-1.6569062466530458,-3.042231944333841,1
502,RG3_L_000502,3,0,충전과 전환 제외,-1.1974135367453655,-3.042231944333841,1
503,RG3_L_000503,0,0,충전과 전환 제외,0.14636604035842282,-3.042231944333841,1
504,RG3_L_000504,0,0,충전과 전환 제외,-0.30153406961370166,-3.042231944333841,1
505,RG3_L_000505,1,0,충전과 전환 제외,-1.1819201446709222,-3.042231944333841,1
508,RG3_L_000508,0,0,충전과 전환 제외,-2.0578005610084222,-3.042231944333841,1
509,RG3_L_000509,2,0,충전과 전환 제외,-0.29579768981705357,-3.042231944333841,1
510,RG3_L_000510,3,0,충전과 전환 제외,-1.2084628361808907,-3.042231944333841,1
512,RG3_L_000512,0,0,충전과 전환 제외,-0.9088299341251567,-3.042231944333841,1
513,RG3_L_000513,3,0,충전과 전환 제외,-0.4747655456381281,-3.042231944333841,1
515,RG3_L_000515,3,0,충전과 전환 제외,-2.0387949001616192,-3.042231944333841,1
516,RG3_L_000516,0,0,충전과 전환 제외,-0.9181428795181947,-3.042231944333841,1
517,RG3_L_000517,3,0,충전과 전환 제외,-0.4754733235965798,-3.042231944333841,1
518,RG3_L_000518,2,0,충전과 전환 제외,-1.5254393462252924,-3.042231944333841,1
519,RG3_L_000519,2,0,충전과 전환 제외,0.5501846218993514,-3.042231944333841,1
520,RG3_L_000520,0,0,충전과 전환 제외,-1.184505903395543,-3.042231944333841,1
521,RG3_L_000521,2,0,충전과 전환 제외,-0.5874217922169027,-3.042231944333841,1
522,RG3_L_000522,0,0,충전과 전환 제외,-0.02413236979302802,-3.042231944333841,1
523,RG3_L_000523,3,0,충전과 전환 제외,-0.5585492131310446,-3.042231944333841,1
524,RG3_L_000524,2,0,충전과 전환 제외,-0.2891964920478163,-3.042231944333841,1
525,RG3_L_000525,1,0,충전과 전환 제외,-1.3766440545353085,-3.042231944333841,1
526,RG3_L_000526,2,0,충전과 전환 제외,-1.2961462575143514,-3.042231944333841,1
528,RG3_L_000528,3,0,충전과 전환 제외,-0.8686649294768216,-3.042231944333841,1
529,RG3_L_000529,1,0,충전과 전환 제외,-0.3388020147571087,-3.042231944333841,1
530,RG3_L_000530,2,0,충전과 전환 제외,-0.6040165976159493,-3.042231944333841,1
534,RG3_L_000534,3,0,충전과 전환 제외,-1.8240071097161028,-3.042231944333841,1
535,RG3_L_000535,2,0,충전과 전환 제외,-1.1532833115200152,-3.042231944333841,1
537,RG3_L_000537,2,0,충전과 전환 제외,-0.6180501460666843,-3.042231944333841,1
538,RG3_L_000538,0,0,충전과 전환 제외,-1.173954650237036,-3.042231944333841,1
539,RG3_L_000539,3,0,충전과 전환 제외,-1.5961985294703975,-3.042231944333841,1
540,RG3_L_000540,0,0,충전과 전환 제외,-0.9138494471499303,-3.042231944333841,1
541,RG3_L_000541,1,0,충전과 전환 제외,-0.14535495204863125,-3.042231944333841,1
543,RG3_L_000543,1,0,충전과 전환 제외,-1.1535649952136815,-3.042231944333841,1
544,RG3_L_000544,3,0,충전과 전환 제외,-2.4479142408299133,-3.042231944333841,1
545,RG3_L_000545,1,0,충전과 전환 제외,-1.376055086135377,-3.042231944333841,1
546,RG3_L_000546,1,0,충전과 전환 제외,0.7014493271343696,-3.042231944333841,1
547,RG3_L_000547,0,0,충전과 전환 제외,-1.27314546959124,-3.042231944333841,1
548,RG3_L_000548,0,0,충전과 전환 제외,-1.0689869242394128,-3.042231944333841,1
550,RG3_L_000550,3,0,충전과 전환 제외,-0.15542051614706054,-3.042231944333841,1
551,RG3_L_000551,2,0,충전과 전환 제외,0.18856844838259867,-3.042231944333841,1
552,RG3_L_000552,2,0,충전과 전환 제외,-1.0972454924745687,-3.042231944333841,1
553,RG3_L_000553,0,0,충전과 전환 제외,-1.565390470832913,-3.042231944333841,1
554,RG3_L_000554,2,0,충전과 전환 제외,-1.762805724020641,-3.042231944333841,1
555,RG3_L_000555,1,0,충전과 전환 제외,-0.8296589978094335,-3.042231944333841,1
556,RG3_L_000556,2,0,충전과 전환 제외,-1.061508358267103,-3.042231944333841,1
558,RG3_L_000558,1,0,충전과 전환 제외,0.46188899073470147,-3.042231944333841,1
559,RG3_L_000559,3,0,충전과 전환 제외,-0.4973317965395161,-3.042231944333841,1
560,RG3_L_000560,3,1,충전과 전환 제외,-0.48143335672855336,-3.042231944333841,1
561,RG3_L_000561,2,0,충전과 전환 제외,-0.46867706070201187,-3.042231944333841,1
562,RG3_L_000562,3,0,충전과 전환 제외,-0.8250195010989216,-3.042231944333841,1
563,RG3_L_000563,3,0,충전과 전환 제외,-0.7712561137075227,-3.042231944333841,1
564,RG3_L_000564,2,0,충전과 전환 제외,-0.20500221160094512,-3.042231944333841,1
565,RG3_L_000565,2,0,충전과 전환 제외,-1.1512295994824626,-3.042231944333841,1
567,RG3_L_000567,1,0,충전과 전환 제외,-2.0458293257395184,-3.042231944333841,1
568,RG3_L_000568,1,0,충전과 전환 제외,0.09748320340366945,-3.042231944333841,1
569,RG3_L_000569,1,0,충전과 전환 제외,-0.7133944469199314,-3.042231944333841,1
570,RG3_L_000570,3,0,충전과 전환 제외,0.5845333791067695,-3.042231944333841,1
571,RG3_L_000571,0,0,충전과 전환 제외,-0.9658577389594178,-3.042231944333841,1
572,RG3_L_000572,3,0,충전과 전환 제외,0.3883102308407569,-3.042231944333841,1
573,RG3_L_000573,0,0,충전과 전환 제외,-1.1350079827578874,-3.042231944333841,1
575,RG3_L_000575,2,0,충전과 전환 제외,-1.087479362718211,-3.042231944333841,1
577,RG3_L_000577,1,0,충전과 전환 제외,11.461357100471076,-3.042231944333841,1
578,RG3_L_000578,1,0,충전과 전환 제외,14.803757314885289,-3.042231944333841,1
579,RG3_L_000579,3,0,충전과 전환 제외,-0.9326422844034585,-3.042231944333841,1
580,RG3_L_000580,0,0,충전과 전환 제외,-0.8299036304232761,-3.042231944333841,1
581,RG3_L_000581,1,0,충전과 전환 제외,0.21031749640964925,-3.042231944333841,1
583,RG3_L_000583,0,0,충전과 전환 제외,-0.9940154266818588,-3.042231944333841,1
584,RG3_L_000584,0,0,충전과 전환 제외,-0.5117749545679509,-3.042231944333841,1
586,RG3_L_000586,2,0,충전과 전환 제외,-0.289219725676066,-3.042231944333841,1
587,RG3_L_000587,3,0,충전과 전환 제외,-0.6105262954731199,-3.042231944333841,1
589,RG3_L_000589,3,0,충전과 전환 제외,-0.4421229986142361,-3.042231944333841,1
590,RG3_L_000590,0,0,충전과 전환 제외,-0.7698826139696262,-3.042231944333841,1
0,RG3_L_000000,2,0,계량과 가소화 제외,-0.38111434960147506,-2.5118421922637246,1
2,RG3_L_000002,0,0,계량과 가소화 제외,-0.833321152497696,-2.5118421922637246,1
3,RG3_L_000003,2,0,계량과 가소화 제외,-0.8860474458405143,-2.5118421922637246,1
4,RG3_L_000004,2,0,계량과 가소화 제외,-0.13751080905373314,-2.5118421922637246,1
5,RG3_L_000005,1,0,계량과 가소화 제외,-0.6940316062285579,-2.5118421922637246,1
6,RG3_L_000006,1,0,계량과 가소화 제외,1.2755563851327452,-2.5118421922637246,1
7,RG3_L_000007,2,0,계량과 가소화 제외,-0.6852731717483387,-2.5118421922637246,1
9,RG3_L_000009,0,0,계량과 가소화 제외,1.1022503249568025,-2.5118421922637246,1
10,RG3_L_000010,3,0,계량과 가소화 제외,-0.22076028586264052,-2.5118421922637246,1
11,RG3_L_000011,0,0,계량과 가소화 제외,-1.065728945333456,-2.5118421922637246,1
12,RG3_L_000012,0,0,계량과 가소화 제외,-0.8745377075571277,-2.5118421922637246,1
15,RG3_L_000015,1,0,계량과 가소화 제외,-0.5757531086773842,-2.5118421922637246,1
16,RG3_L_000016,1,0,계량과 가소화 제외,-0.683781048246594,-2.5118421922637246,1
17,RG3_L_000017,3,0,계량과 가소화 제외,-0.7426182474706415,-2.5118421922637246,1
18,RG3_L_000018,3,0,계량과 가소화 제외,0.7438121207195909,-2.5118421922637246,1
19,RG3_L_000019,0,0,계량과 가소화 제외,-1.325668179395155,-2.5118421922637246,1
22,RG3_L_000022,3,0,계량과 가소화 제외,-0.6849372420559874,-2.5118421922637246,1
23,RG3_L_000023,2,0,계량과 가소화 제외,-1.2009368712500894,-2.5118421922637246,1
24,RG3_L_000024,3,0,계량과 가소화 제외,0.3281393017051144,-2.5118421922637246,1
25,RG3_L_000025,0,0,계량과 가소화 제외,0.14159055979503066,-2.5118421922637246,1
26,RG3_L_000026,0,0,계량과 가소화 제외,-0.7420978697007552,-2.5118421922637246,1
27,RG3_L_000027,1,0,계량과 가소화 제외,-1.039608513916658,-2.5118421922637246,1
28,RG3_L_000028,2,0,계량과 가소화 제외,-0.6587279869962384,-2.5118421922637246,1
29,RG3_L_000029,1,0,계량과 가소화 제외,-0.5414847299936323,-2.5118421922637246,1
30,RG3_L_000030,1,0,계량과 가소화 제외,-0.7925740029363784,-2.5118421922637246,1
31,RG3_L_000031,1,0,계량과 가소화 제외,0.8688448627480838,-2.5118421922637246,1
32,RG3_L_000032,0,0,계량과 가소화 제외,-0.4908353564702299,-2.5118421922637246,1
33,RG3_L_000033,3,0,계량과 가소화 제외,-0.278932876924582,-2.5118421922637246,1
35,RG3_L_000035,0,0,계량과 가소화 제외,9.796851187767492,-2.5118421922637246,1
36,RG3_L_000036,3,0,계량과 가소화 제외,0.059115544615178095,-2.5118421922637246,1
37,RG3_L_000037,3,0,계량과 가소화 제외,0.031121536226905278,-2.5118421922637246,1
38,RG3_L_000038,2,0,계량과 가소화 제외,-0.9028231387772703,-2.5118421922637246,1
39,RG3_L_000039,3,0,계량과 가소화 제외,-0.26926707271820227,-2.5118421922637246,1
41,RG3_L_000041,1,0,계량과 가소화 제외,-0.7205163156304781,-2.5118421922637246,1
42,RG3_L_000042,3,0,계량과 가소화 제외,-1.1536486910828003,-2.5118421922637246,1
44,RG3_L_000044,0,0,계량과 가소화 제외,2.566030066635257,-2.5118421922637246,1
45,RG3_L_000045,2,0,계량과 가소화 제외,-0.7334810636359457,-2.5118421922637246,1
46,RG3_L_000046,2,0,계량과 가소화 제외,-1.986910312334036,-2.5118421922637246,1
47,RG3_L_000047,1,0,계량과 가소화 제외,-2.170904221153938,-2.5118421922637246,1
48,RG3_L_000048,0,0,계량과 가소화 제외,-1.3238299942183538,-2.5118421922637246,1
49,RG3_L_000049,2,0,계량과 가소화 제외,-1.9284945650314782,-2.5118421922637246,1
50,RG3_L_000050,0,0,계량과 가소화 제외,-1.496073430156601,-2.5118421922637246,1
51,RG3_L_000051,2,0,계량과 가소화 제외,-1.1995527362122171,-2.5118421922637246,1
54,RG3_L_000054,0,0,계량과 가소화 제외,-2.303903743110139,-2.5118421922637246,1
55,RG3_L_000055,3,0,계량과 가소화 제외,-1.6783418398278123,-2.5118421922637246,1
56,RG3_L_000056,0,0,계량과 가소화 제외,-1.2466054515501828,-2.5118421922637246,1
57,RG3_L_000057,0,0,계량과 가소화 제외,-1.361665193309257,-2.5118421922637246,1
59,RG3_L_000059,1,0,계량과 가소화 제외,-1.4126431158755395,-2.5118421922637246,1
60,RG3_L_000060,3,0,계량과 가소화 제외,-1.8380316592334918,-2.5118421922637246,1
61,RG3_L_000061,3,0,계량과 가소화 제외,-1.9962225689983857,-2.5118421922637246,1
63,RG3_L_000063,2,0,계량과 가소화 제외,-0.942491662124894,-2.5118421922637246,1
65,RG3_L_000065,0,0,계량과 가소화 제외,-1.6017282349790758,-2.5118421922637246,1
66,RG3_L_000066,2,0,계량과 가소화 제외,-1.025651019311546,-2.5118421922637246,1
67,RG3_L_000067,2,0,계량과 가소화 제외,-1.633391055546138,-2.5118421922637246,1
68,RG3_L_000068,1,1,계량과 가소화 제외,-0.892021198754632,-2.5118421922637246,1
69,RG3_L_000069,3,0,계량과 가소화 제외,-1.1837168112057945,-2.5118421922637246,1
70,RG3_L_000070,3,0,계량과 가소화 제외,-0.7120384599448872,-2.5118421922637246,1
71,RG3_L_000071,0,0,계량과 가소화 제외,-1.8760441923567388,-2.5118421922637246,1
73,RG3_L_000073,3,0,계량과 가소화 제외,-0.8871611065146432,-2.5118421922637246,1
74,RG3_L_000074,0,0,계량과 가소화 제외,-1.7252996510330174,-2.5118421922637246,1
75,RG3_L_000075,3,0,계량과 가소화 제외,-1.5836699504957448,-2.5118421922637246,1
76,RG3_L_000076,3,0,계량과 가소화 제외,-1.2857661699479852,-2.5118421922637246,1
77,RG3_L_000077,0,0,계량과 가소화 제외,-0.9165387446730939,-2.5118421922637246,1
78,RG3_L_000078,0,0,계량과 가소화 제외,-1.134697186148017,-2.5118421922637246,1
79,RG3_L_000079,2,0,계량과 가소화 제외,-1.0209635443191587,-2.5118421922637246,1
80,RG3_L_000080,1,1,계량과 가소화 제외,-1.556551231959494,-2.5118421922637246,1
81,RG3_L_000081,2,0,계량과 가소화 제외,-1.0136632069706089,-2.5118421922637246,1
83,RG3_L_000083,0,0,계량과 가소화 제외,-2.203838730433956,-2.5118421922637246,1
84,RG3_L_000084,2,0,계량과 가소화 제외,-1.4732715437833495,-2.5118421922637246,1
85,RG3_L_000085,0,1,계량과 가소화 제외,-1.9614277064040095,-2.5118421922637246,1
86,RG3_L_000086,2,0,계량과 가소화 제외,-1.4355087921953924,-2.5118421922637246,1
87,RG3_L_000087,2,0,계량과 가소화 제외,-0.9242230397389068,-2.5118421922637246,1
88,RG3_L_000088,3,0,계량과 가소화 제외,-1.661333455736612,-2.5118421922637246,1
89,RG3_L_000089,3,0,계량과 가소화 제외,-1.1256394309342141,-2.5118421922637246,1
91,RG3_L_000091,3,0,계량과 가소화 제외,-1.9177611885035297,-2.5118421922637246,1
92,RG3_L_000092,0,0,계량과 가소화 제외,-1.7074967684428852,-2.5118421922637246,1
93,RG3_L_000093,3,0,계량과 가소화 제외,-0.5829039465214123,-2.5118421922637246,1
95,RG3_L_000095,2,0,계량과 가소화 제외,-1.669508050016443,-2.5118421922637246,1
96,RG3_L_000096,3,0,계량과 가소화 제외,-1.6257944848083579,-2.5118421922637246,1
97,RG3_L_000097,0,0,계량과 가소화 제외,-0.43833259700496363,-2.5118421922637246,1
98,RG3_L_000098,1,0,계량과 가소화 제외,-0.9670450521255578,-2.5118421922637246,1
99,RG3_L_000099,3,0,계량과 가소화 제외,-2.5118421922637246,-2.5118421922637246,0
100,RG3_L_000100,1,0,계량과 가소화 제외,-1.9171914418901732,-2.5118421922637246,1
101,RG3_L_000101,2,0,계량과 가소화 제외,-2.058764428006281,-2.5118421922637246,1
102,RG3_L_000102,0,1,계량과 가소화 제외,-0.7654756572086008,-2.5118421922637246,1
104,RG3_L_000104,2,0,계량과 가소화 제외,-1.6742075408171218,-2.5118421922637246,1
105,RG3_L_000105,2,0,계량과 가소화 제외,-1.2546254704244664,-2.5118421922637246,1
107,RG3_L_000107,0,0,계량과 가소화 제외,-2.0057434537440386,-2.5118421922637246,1
108,RG3_L_000108,0,0,계량과 가소화 제외,-2.1162628795682004,-2.5118421922637246,1
111,RG3_L_000111,3,0,계량과 가소화 제외,-1.2304490083391695,-2.5118421922637246,1
112,RG3_L_000112,3,0,계량과 가소화 제외,-0.9826428142130226,-2.5118421922637246,1
113,RG3_L_000113,1,0,계량과 가소화 제외,-0.9270632159369523,-2.5118421922637246,1
114,RG3_L_000114,0,0,계량과 가소화 제외,0.7928457954902726,-2.5118421922637246,1
115,RG3_L_000115,0,0,계량과 가소화 제외,-0.48926870604980977,-2.5118421922637246,1
116,RG3_L_000116,1,0,계량과 가소화 제외,-1.165334583945679,-2.5118421922637246,1
117,RG3_L_000117,0,0,계량과 가소화 제외,-0.9911611771325646,-2.5118421922637246,1
118,RG3_L_000118,0,0,계량과 가소화 제외,-1.6351359801796974,-2.5118421922637246,1
119,RG3_L_000119,0,0,계량과 가소화 제외,-1.2403104544819072,-2.5118421922637246,1
120,RG3_L_000120,2,0,계량과 가소화 제외,-1.818267833006587,-2.5118421922637246,1
121,RG3_L_000121,3,0,계량과 가소화 제외,-1.5785313173107465,-2.5118421922637246,1
122,RG3_L_000122,1,1,계량과 가소화 제외,-1.286574032909451,-2.5118421922637246,1
123,RG3_L_000123,0,0,계량과 가소화 제외,1.0783610353353357,-2.5118421922637246,1
124,RG3_L_000124,0,0,계량과 가소화 제외,0.5119922865780886,-2.5118421922637246,1
125,RG3_L_000125,3,0,계량과 가소화 제외,-0.44616200070006506,-2.5118421922637246,1
127,RG3_L_000127,1,0,계량과 가소화 제외,-1.1693259739263446,-2.5118421922637246,1
128,RG3_L_000128,1,0,계량과 가소화 제외,-2.2511730341859195,-2.5118421922637246,1
129,RG3_L_000129,1,0,계량과 가소화 제외,-1.9334151549372187,-2.5118421922637246,1
130,RG3_L_000130,0,0,계량과 가소화 제외,-1.6863494180085663,-2.5118421922637246,1
131,RG3_L_000131,3,0,계량과 가소화 제외,-2.0952605760858347,-2.5118421922637246,1
132,RG3_L_000132,1,0,계량과 가소화 제외,-1.3791566129416637,-2.5118421922637246,1
134,RG3_L_000134,2,0,계량과 가소화 제외,-2.2402100838586545,-2.5118421922637246,1
136,RG3_L_000136,2,0,계량과 가소화 제외,-1.5845862482026334,-2.5118421922637246,1
137,RG3_L_000137,3,0,계량과 가소화 제외,-1.4376159325430926,-2.5118421922637246,1
138,RG3_L_000138,0,0,계량과 가소화 제외,-1.8669743125847287,-2.5118421922637246,1
139,RG3_L_000139,2,0,계량과 가소화 제외,-1.4082135267804095,-2.5118421922637246,1
141,RG3_L_000141,0,0,계량과 가소화 제외,-2.1106752661721835,-2.5118421922637246,1
142,RG3_L_000142,0,0,계량과 가소화 제외,-0.6153432868356692,-2.5118421922637246,1
144,RG3_L_000144,1,0,계량과 가소화 제외,-1.3813812232556533,-2.5118421922637246,1
145,RG3_L_000145,1,0,계량과 가소화 제외,-0.8143974196859016,-2.5118421922637246,1
146,RG3_L_000146,3,0,계량과 가소화 제외,-0.5585110308922872,-2.5118421922637246,1
147,RG3_L_000147,2,0,계량과 가소화 제외,-1.8277189889766863,-2.5118421922637246,1
148,RG3_L_000148,0,0,계량과 가소화 제외,-1.444997211983038,-2.5118421922637246,1
149,RG3_L_000149,3,0,계량과 가소화 제외,-0.8990866316317501,-2.5118421922637246,1
150,RG3_L_000150,3,1,계량과 가소화 제외,-2.1773380136713616,-2.5118421922637246,1
151,RG3_L_000151,3,0,계량과 가소화 제외,-1.7195717421863659,-2.5118421922637246,1
152,RG3_L_000152,2,1,계량과 가소화 제외,-2.1049354429506444,-2.5118421922637246,1
153,RG3_L_000153,2,0,계량과 가소화 제외,-1.7919817633363806,-2.5118421922637246,1
154,RG3_L_000154,0,0,계량과 가소화 제외,-1.464620340141014,-2.5118421922637246,1
155,RG3_L_000155,1,1,계량과 가소화 제외,-1.2343602065526582,-2.5118421922637246,1
156,RG3_L_000156,0,0,계량과 가소화 제외,-1.7390513852092955,-2.5118421922637246,1
157,RG3_L_000157,1,0,계량과 가소화 제외,1.0001929695989613,-2.5118421922637246,1
158,RG3_L_000158,0,0,계량과 가소화 제외,-1.9836583817557596,-2.5118421922637246,1
159,RG3_L_000159,1,0,계량과 가소화 제외,-0.737235479042031,-2.5118421922637246,1
160,RG3_L_000160,2,0,계량과 가소화 제외,-1.3862983425206856,-2.5118421922637246,1
161,RG3_L_000161,3,1,계량과 가소화 제외,-1.0792469117188954,-2.5118421922637246,1
162,RG3_L_000162,1,0,계량과 가소화 제외,-1.4638075013926013,-2.5118421922637246,1
163,RG3_L_000163,0,0,계량과 가소화 제외,-0.426622272256342,-2.5118421922637246,1
164,RG3_L_000164,0,0,계량과 가소화 제외,-0.10337059247004632,-2.5118421922637246,1
166,RG3_L_000166,2,0,계량과 가소화 제외,-1.707401583448977,-2.5118421922637246,1
167,RG3_L_000167,1,0,계량과 가소화 제외,-1.23791855217498,-2.5118421922637246,1
168,RG3_L_000168,0,0,계량과 가소화 제외,-2.04865133574285,-2.5118421922637246,1
172,RG3_L_000172,1,0,계량과 가소화 제외,-1.340134455190924,-2.5118421922637246,1
173,RG3_L_000173,2,1,계량과 가소화 제외,-2.4624255108407436,-2.5118421922637246,1
174,RG3_L_000174,2,0,계량과 가소화 제외,-1.9829723185665955,-2.5118421922637246,1
175,RG3_L_000175,0,0,계량과 가소화 제외,-1.4800081398207574,-2.5118421922637246,1
177,RG3_L_000177,0,0,계량과 가소화 제외,-1.354451039739672,-2.5118421922637246,1
178,RG3_L_000178,3,0,계량과 가소화 제외,-1.8194483621261561,-2.5118421922637246,1
179,RG3_L_000179,0,0,계량과 가소화 제외,-1.5753656634225077,-2.5118421922637246,1
180,RG3_L_000180,2,0,계량과 가소화 제외,-0.9958776866237748,-2.5118421922637246,1
181,RG3_L_000181,3,0,계량과 가소화 제외,-1.3897103428374997,-2.5118421922637246,1
182,RG3_L_000182,1,0,계량과 가소화 제외,-0.9581099203287451,-2.5118421922637246,1
183,RG3_L_000183,1,0,계량과 가소화 제외,-1.3953263324244478,-2.5118421922637246,1
184,RG3_L_000184,1,0,계량과 가소화 제외,-1.217669901396155,-2.5118421922637246,1
185,RG3_L_000185,1,0,계량과 가소화 제외,-1.7527546087859633,-2.5118421922637246,1
186,RG3_L_000186,2,0,계량과 가소화 제외,-1.7213991228294958,-2.5118421922637246,1
187,RG3_L_000187,3,0,계량과 가소화 제외,-0.54293094020505,-2.5118421922637246,1
188,RG3_L_000188,1,0,계량과 가소화 제외,-0.46662150127541224,-2.5118421922637246,1
189,RG3_L_000189,3,0,계량과 가소화 제외,-1.4916058731877655,-2.5118421922637246,1
190,RG3_L_000190,3,0,계량과 가소화 제외,-0.7102751370099476,-2.5118421922637246,1
191,RG3_L_000191,1,0,계량과 가소화 제외,0.6807180398304933,-2.5118421922637246,1
192,RG3_L_000192,3,0,계량과 가소화 제외,-0.7161009978648227,-2.5118421922637246,1
193,RG3_L_000193,2,0,계량과 가소화 제외,-1.2082931020749026,-2.5118421922637246,1
194,RG3_L_000194,3,0,계량과 가소화 제외,-0.9477822345726477,-2.5118421922637246,1
195,RG3_L_000195,1,0,계량과 가소화 제외,-0.9994963383795668,-2.5118421922637246,1
196,RG3_L_000196,0,0,계량과 가소화 제외,-1.0094714789165469,-2.5118421922637246,1
198,RG3_L_000198,3,0,계량과 가소화 제외,-0.6613761135675276,-2.5118421922637246,1
202,RG3_L_000202,1,0,계량과 가소화 제외,-0.945776626861905,-2.5118421922637246,1
203,RG3_L_000203,1,1,계량과 가소화 제외,-0.5431164011695984,-2.5118421922637246,1
204,RG3_L_000204,3,0,계량과 가소화 제외,-1.7573397419678773,-2.5118421922637246,1
205,RG3_L_000205,2,1,계량과 가소화 제외,-1.9619590950793118,-2.5118421922637246,1
206,RG3_L_000206,1,0,계량과 가소화 제외,-0.8483768310704214,-2.5118421922637246,1
207,RG3_L_000207,1,0,계량과 가소화 제외,-1.7581973372482445,-2.5118421922637246,1
208,RG3_L_000208,1,0,계량과 가소화 제외,-0.6324707201040436,-2.5118421922637246,1
209,RG3_L_000209,0,0,계량과 가소화 제외,-0.7593253091725689,-2.5118421922637246,1
210,RG3_L_000210,3,0,계량과 가소화 제외,-0.9211763259560364,-2.5118421922637246,1
211,RG3_L_000211,3,0,계량과 가소화 제외,-0.6878310232452609,-2.5118421922637246,1
212,RG3_L_000212,1,0,계량과 가소화 제외,-1.5540160748023126,-2.5118421922637246,1
214,RG3_L_000214,0,0,계량과 가소화 제외,-2.2701183857656577,-2.5118421922637246,1
215,RG3_L_000215,2,0,계량과 가소화 제외,-1.3137076595593449,-2.5118421922637246,1
216,RG3_L_000216,2,0,계량과 가소화 제외,-1.7120821979858185,-2.5118421922637246,1
218,RG3_L_000218,1,0,계량과 가소화 제외,-1.450741997584684,-2.5118421922637246,1
220,RG3_L_000220,1,0,계량과 가소화 제외,-0.4469434381239541,-2.5118421922637246,1
221,RG3_L_000221,3,0,계량과 가소화 제외,-1.4060292476863872,-2.5118421922637246,1
222,RG3_L_000222,2,0,계량과 가소화 제외,-1.5579607447248822,-2.5118421922637246,1
223,RG3_L_000223,3,0,계량과 가소화 제외,-1.803536217124961,-2.5118421922637246,1
225,RG3_L_000225,3,0,계량과 가소화 제외,-1.6658850797243367,-2.5118421922637246,1
227,RG3_L_000227,1,0,계량과 가소화 제외,-0.358650148670808,-2.5118421922637246,1
230,RG3_L_000230,1,0,계량과 가소화 제외,-1.021429054936334,-2.5118421922637246,1
232,RG3_L_000232,3,0,계량과 가소화 제외,-1.6034437189649182,-2.5118421922637246,1
233,RG3_L_000233,3,0,계량과 가소화 제외,-1.6184432518880119,-2.5118421922637246,1
234,RG3_L_000234,2,0,계량과 가소화 제외,-1.582852545389363,-2.5118421922637246,1
235,RG3_L_000235,0,0,계량과 가소화 제외,-0.7398542213931059,-2.5118421922637246,1
236,RG3_L_000236,1,0,계량과 가소화 제외,-1.0766886421938562,-2.5118421922637246,1
237,RG3_L_000237,2,0,계량과 가소화 제외,-1.5331683038552342,-2.5118421922637246,1
238,RG3_L_000238,2,0,계량과 가소화 제외,-1.4263025610436113,-2.5118421922637246,1
239,RG3_L_000239,2,0,계량과 가소화 제외,-2.1405679649065092,-2.5118421922637246,1
240,RG3_L_000240,2,0,계량과 가소화 제외,-2.1088694493187194,-2.5118421922637246,1
241,RG3_L_000241,0,0,계량과 가소화 제외,-1.9375680847245587,-2.5118421922637246,1
242,RG3_L_000242,0,0,계량과 가소화 제외,-1.2490091455944654,-2.5118421922637246,1
244,RG3_L_000244,1,0,계량과 가소화 제외,-0.5342019017423958,-2.5118421922637246,1
245,RG3_L_000245,2,0,계량과 가소화 제외,-0.59992883899403,-2.5118421922637246,1
246,RG3_L_000246,0,0,계량과 가소화 제외,-1.3766489920086045,-2.5118421922637246,1
247,RG3_L_000247,2,0,계량과 가소화 제외,-2.014781622540985,-2.5118421922637246,1
248,RG3_L_000248,2,0,계량과 가소화 제외,-1.2956450925632002,-2.5118421922637246,1
250,RG3_L_000250,1,0,계량과 가소화 제외,-0.7231339499672256,-2.5118421922637246,1
251,RG3_L_000251,1,0,계량과 가소화 제외,-1.4142241724664508,-2.5118421922637246,1
252,RG3_L_000252,1,0,계량과 가소화 제외,-0.36235863015337344,-2.5118421922637246,1
253,RG3_L_000253,1,0,계량과 가소화 제외,-1.3425348734094502,-2.5118421922637246,1
255,RG3_L_000255,0,0,계량과 가소화 제외,-0.6164369818368556,-2.5118421922637246,1
257,RG3_L_000257,2,0,계량과 가소화 제외,-2.222781599209771,-2.5118421922637246,1
258,RG3_L_000258,0,0,계량과 가소화 제외,-1.5187139499757158,-2.5118421922637246,1
259,RG3_L_000259,0,0,계량과 가소화 제외,-2.292648853821875,-2.5118421922637246,1
260,RG3_L_000260,0,0,계량과 가소화 제외,-1.8851850924403077,-2.5118421922637246,1
261,RG3_L_000261,2,0,계량과 가소화 제외,-2.1035663773989874,-2.5118421922637246,1
262,RG3_L_000262,1,0,계량과 가소화 제외,-0.3800640098077608,-2.5118421922637246,1
263,RG3_L_000263,3,0,계량과 가소화 제외,-1.9926637362811412,-2.5118421922637246,1
266,RG3_L_000266,2,0,계량과 가소화 제외,-0.6550444486349285,-2.5118421922637246,1
267,RG3_L_000267,1,0,계량과 가소화 제외,-1.5307175841943508,-2.5118421922637246,1
268,RG3_L_000268,2,0,계량과 가소화 제외,-1.1751906724290517,-2.5118421922637246,1
269,RG3_L_000269,3,0,계량과 가소화 제외,-1.543362059394143,-2.5118421922637246,1
270,RG3_L_000270,1,0,계량과 가소화 제외,-1.0078458867666882,-2.5118421922637246,1
271,RG3_L_000271,1,0,계량과 가소화 제외,-1.2817453550743227,-2.5118421922637246,1
274,RG3_L_000274,0,0,계량과 가소화 제외,-1.6097097490183394,-2.5118421922637246,1
275,RG3_L_000275,0,1,계량과 가소화 제외,-0.4097840238788919,-2.5118421922637246,1
276,RG3_L_000276,2,0,계량과 가소화 제외,-1.8386927723871782,-2.5118421922637246,1
277,RG3_L_000277,1,0,계량과 가소화 제외,-1.7268645234720186,-2.5118421922637246,1
278,RG3_L_000278,2,0,계량과 가소화 제외,-1.8167268547647772,-2.5118421922637246,1
279,RG3_L_000279,1,0,계량과 가소화 제외,-1.7280269360155422,-2.5118421922637246,1
280,RG3_L_000280,0,0,계량과 가소화 제외,-0.6080070807956961,-2.5118421922637246,1
281,RG3_L_000281,0,0,계량과 가소화 제외,-0.9309200832366518,-2.5118421922637246,1
282,RG3_L_000282,3,0,계량과 가소화 제외,-0.8282630865033855,-2.5118421922637246,1
285,RG3_L_000285,0,0,계량과 가소화 제외,-1.1218772408481357,-2.5118421922637246,1
286,RG3_L_000286,3,0,계량과 가소화 제외,-0.989289224317103,-2.5118421922637246,1
288,RG3_L_000288,1,0,계량과 가소화 제외,-0.9310676782565075,-2.5118421922637246,1
289,RG3_L_000289,2,0,계량과 가소화 제외,-1.9639898509826406,-2.5118421922637246,1
291,RG3_L_000291,0,0,계량과 가소화 제외,-1.1726493356885275,-2.5118421922637246,1
292,RG3_L_000292,1,0,계량과 가소화 제외,-1.461279476297216,-2.5118421922637246,1
294,RG3_L_000294,3,0,계량과 가소화 제외,-0.9585042935943804,-2.5118421922637246,1
295,RG3_L_000295,2,0,계량과 가소화 제외,-2.263539090930097,-2.5118421922637246,1
296,RG3_L_000296,2,0,계량과 가소화 제외,-1.1562596126635878,-2.5118421922637246,1
297,RG3_L_000297,0,0,계량과 가소화 제외,-0.7473635639063598,-2.5118421922637246,1
298,RG3_L_000298,2,0,계량과 가소화 제외,-1.1225456667084899,-2.5118421922637246,1
299,RG3_L_000299,0,0,계량과 가소화 제외,-0.17696451187485707,-2.5118421922637246,1
300,RG3_L_000300,0,0,계량과 가소화 제외,-0.7589052352456562,-2.5118421922637246,1
301,RG3_L_000301,0,0,계량과 가소화 제외,-1.2384841656614949,-2.5118421922637246,1
303,RG3_L_000303,1,0,계량과 가소화 제외,-1.4117775867793156,-2.5118421922637246,1
304,RG3_L_000304,1,0,계량과 가소화 제외,-1.9083122074337577,-2.5118421922637246,1
305,RG3_L_000305,1,0,계량과 가소화 제외,-1.7780478152567092,-2.5118421922637246,1
306,RG3_L_000306,1,0,계량과 가소화 제외,0.008393472917232359,-2.5118421922637246,1
307,RG3_L_000307,1,0,계량과 가소화 제외,-1.2455319829028184,-2.5118421922637246,1
308,RG3_L_000308,0,0,계량과 가소화 제외,-0.6109343657786255,-2.5118421922637246,1
310,RG3_L_000310,0,1,계량과 가소화 제외,-1.2170955582506515,-2.5118421922637246,1
311,RG3_L_000311,2,0,계량과 가소화 제외,-1.5899504691735267,-2.5118421922637246,1
312,RG3_L_000312,2,0,계량과 가소화 제외,-0.8403517615991856,-2.5118421922637246,1
313,RG3_L_000313,2,0,계량과 가소화 제외,-1.8255979734835925,-2.5118421922637246,1
314,RG3_L_000314,2,0,계량과 가소화 제외,-0.6481566995331995,-2.5118421922637246,1
316,RG3_L_000316,3,0,계량과 가소화 제외,-1.3786943195697923,-2.5118421922637246,1
317,RG3_L_000317,3,0,계량과 가소화 제외,-1.4377618628115787,-2.5118421922637246,1
319,RG3_L_000319,3,0,계량과 가소화 제외,-1.5494113708561166,-2.5118421922637246,1
320,RG3_L_000320,1,0,계량과 가소화 제외,-1.6362502974043647,-2.5118421922637246,1
321,RG3_L_000321,1,0,계량과 가소화 제외,-1.3930607280657465,-2.5118421922637246,1
322,RG3_L_000322,3,0,계량과 가소화 제외,-0.9956148875456954,-2.5118421922637246,1
325,RG3_L_000325,2,0,계량과 가소화 제외,-0.7116245448021097,-2.5118421922637246,1
326,RG3_L_000326,1,0,계량과 가소화 제외,-0.3626190392990143,-2.5118421922637246,1
327,RG3_L_000327,2,0,계량과 가소화 제외,-1.634029342048187,-2.5118421922637246,1
329,RG3_L_000329,0,0,계량과 가소화 제외,13.376354757133475,-2.5118421922637246,1
331,RG3_L_000331,3,0,계량과 가소화 제외,-1.0604080772214193,-2.5118421922637246,1
332,RG3_L_000332,1,0,계량과 가소화 제외,-1.0238656074349546,-2.5118421922637246,1
333,RG3_L_000333,1,0,계량과 가소화 제외,-0.5085714629179474,-2.5118421922637246,1
334,RG3_L_000334,3,0,계량과 가소화 제외,-0.4436039682532371,-2.5118421922637246,1
335,RG3_L_000335,3,0,계량과 가소화 제외,-0.7159591460498955,-2.5118421922637246,1
336,RG3_L_000336,3,0,계량과 가소화 제외,-1.1962325724743117,-2.5118421922637246,1
337,RG3_L_000337,3,0,계량과 가소화 제외,-0.4211762009820177,-2.5118421922637246,1
338,RG3_L_000338,2,0,계량과 가소화 제외,-2.038337442417758,-2.5118421922637246,1
339,RG3_L_000339,2,0,계량과 가소화 제외,-1.2807577891680797,-2.5118421922637246,1
340,RG3_L_000340,3,0,계량과 가소화 제외,-1.5661155611042847,-2.5118421922637246,1
342,RG3_L_000342,3,0,계량과 가소화 제외,-1.3160615560709914,-2.5118421922637246,1
344,RG3_L_000344,0,0,계량과 가소화 제외,-0.24236286198006596,-2.5118421922637246,1
345,RG3_L_000345,1,0,계량과 가소화 제외,-0.6675836360907059,-2.5118421922637246,1
347,RG3_L_000347,3,0,계량과 가소화 제외,-1.2923936913677405,-2.5118421922637246,1
348,RG3_L_000348,2,0,계량과 가소화 제외,-1.8499783714821305,-2.5118421922637246,1
349,RG3_L_000349,2,0,계량과 가소화 제외,-1.777869338883244,-2.5118421922637246,1
350,RG3_L_000350,3,0,계량과 가소화 제외,0.20730048204161733,-2.5118421922637246,1
351,RG3_L_000351,2,0,계량과 가소화 제외,-0.5456030729900654,-2.5118421922637246,1
352,RG3_L_000352,2,0,계량과 가소화 제외,-0.36691836361914554,-2.5118421922637246,1
354,RG3_L_000354,3,0,계량과 가소화 제외,0.33487086597001436,-2.5118421922637246,1
356,RG3_L_000356,1,0,계량과 가소화 제외,-0.2811058671622213,-2.5118421922637246,1
357,RG3_L_000357,1,0,계량과 가소화 제외,0.05299107732283659,-2.5118421922637246,1
358,RG3_L_000358,1,0,계량과 가소화 제외,-1.3132634004036454,-2.5118421922637246,1
362,RG3_L_000362,2,0,계량과 가소화 제외,0.20103303647698922,-2.5118421922637246,1
364,RG3_L_000364,2,0,계량과 가소화 제외,-1.250794569370516,-2.5118421922637246,1
365,RG3_L_000365,1,0,계량과 가소화 제외,-0.8081750205452707,-2.5118421922637246,1
366,RG3_L_000366,1,0,계량과 가소화 제외,-1.4955475500626498,-2.5118421922637246,1
368,RG3_L_000368,1,0,계량과 가소화 제외,-0.9848407765233844,-2.5118421922637246,1
369,RG3_L_000369,3,0,계량과 가소화 제외,-1.5530324286124806,-2.5118421922637246,1
370,RG3_L_000370,3,0,계량과 가소화 제외,-1.5252340564908753,-2.5118421922637246,1
371,RG3_L_000371,1,0,계량과 가소화 제외,-1.4975671473371595,-2.5118421922637246,1
372,RG3_L_000372,3,0,계량과 가소화 제외,-0.7396910155373089,-2.5118421922637246,1
373,RG3_L_000373,0,0,계량과 가소화 제외,-1.2501421828089772,-2.5118421922637246,1
374,RG3_L_000374,2,0,계량과 가소화 제외,-1.567202707027569,-2.5118421922637246,1
375,RG3_L_000375,3,0,계량과 가소화 제외,-0.8778963999323643,-2.5118421922637246,1
376,RG3_L_000376,1,0,계량과 가소화 제외,-1.7925852782251486,-2.5118421922637246,1
377,RG3_L_000377,3,0,계량과 가소화 제외,-0.4823335564813931,-2.5118421922637246,1
378,RG3_L_000378,0,0,계량과 가소화 제외,-0.30390196039703987,-2.5118421922637246,1
379,RG3_L_000379,3,0,계량과 가소화 제외,-0.6669271150171134,-2.5118421922637246,1
380,RG3_L_000380,0,0,계량과 가소화 제외,0.3481846679073506,-2.5118421922637246,1
381,RG3_L_000381,3,1,계량과 가소화 제외,0.12094917617318401,-2.5118421922637246,1
382,RG3_L_000382,2,0,계량과 가소화 제외,-1.2010178877435358,-2.5118421922637246,1
383,RG3_L_000383,0,0,계량과 가소화 제외,-0.2935450154492134,-2.5118421922637246,1
385,RG3_L_000385,2,0,계량과 가소화 제외,-1.67211652406208,-2.5118421922637246,1
386,RG3_L_000386,1,0,계량과 가소화 제외,-0.9605868457910436,-2.5118421922637246,1
387,RG3_L_000387,1,0,계량과 가소화 제외,-0.4882063613963812,-2.5118421922637246,1
388,RG3_L_000388,0,0,계량과 가소화 제외,-0.24119831812030945,-2.5118421922637246,1
389,RG3_L_000389,0,0,계량과 가소화 제외,-0.009062610194794374,-2.5118421922637246,1
391,RG3_L_000391,0,0,계량과 가소화 제외,-0.706000324616701,-2.5118421922637246,1
392,RG3_L_000392,1,0,계량과 가소화 제외,-1.2921760150405337,-2.5118421922637246,1
393,RG3_L_000393,1,0,계량과 가소화 제외,-0.32060911998832076,-2.5118421922637246,1
394,RG3_L_000394,3,0,계량과 가소화 제외,-0.8782014937948563,-2.5118421922637246,1
395,RG3_L_000395,3,0,계량과 가소화 제외,-1.6282412987665786,-2.5118421922637246,1
398,RG3_L_000398,1,0,계량과 가소화 제외,-0.3894868188324825,-2.5118421922637246,1
399,RG3_L_000399,0,0,계량과 가소화 제외,-1.583233154402821,-2.5118421922637246,1
400,RG3_L_000400,0,0,계량과 가소화 제외,-0.8983827456768747,-2.5118421922637246,1
401,RG3_L_000401,2,0,계량과 가소화 제외,-1.4274194413445027,-2.5118421922637246,1
402,RG3_L_000402,3,0,계량과 가소화 제외,-1.8453232767800696,-2.5118421922637246,1
404,RG3_L_000404,3,0,계량과 가소화 제외,-1.1803572207424065,-2.5118421922637246,1
405,RG3_L_000405,2,1,계량과 가소화 제외,-1.2886766920508386,-2.5118421922637246,1
407,RG3_L_000407,1,0,계량과 가소화 제외,-1.235659583658915,-2.5118421922637246,1
409,RG3_L_000409,0,0,계량과 가소화 제외,-2.3578429875399785,-2.5118421922637246,1
411,RG3_L_000411,3,0,계량과 가소화 제외,-2.214878151000722,-2.5118421922637246,1
412,RG3_L_000412,1,0,계량과 가소화 제외,-1.6493564090845094,-2.5118421922637246,1
413,RG3_L_000413,2,0,계량과 가소화 제외,-0.7613128415345347,-2.5118421922637246,1
414,RG3_L_000414,2,0,계량과 가소화 제외,-0.6059412391675902,-2.5118421922637246,1
415,RG3_L_000415,3,0,계량과 가소화 제외,-0.8130143043339402,-2.5118421922637246,1
416,RG3_L_000416,0,0,계량과 가소화 제외,-1.0006118436972766,-2.5118421922637246,1
417,RG3_L_000417,2,0,계량과 가소화 제외,-1.6279605670086887,-2.5118421922637246,1
418,RG3_L_000418,3,0,계량과 가소화 제외,-1.6622989518682942,-2.5118421922637246,1
419,RG3_L_000419,0,0,계량과 가소화 제외,-0.7209041847087736,-2.5118421922637246,1
421,RG3_L_000421,2,0,계량과 가소화 제외,-2.087954750239403,-2.5118421922637246,1
422,RG3_L_000422,3,0,계량과 가소화 제외,-0.29654040273066684,-2.5118421922637246,1
423,RG3_L_000423,1,0,계량과 가소화 제외,-1.1125001179651548,-2.5118421922637246,1
424,RG3_L_000424,1,0,계량과 가소화 제외,-1.3523470550822037,-2.5118421922637246,1
425,RG3_L_000425,0,0,계량과 가소화 제외,-0.8143682452964178,-2.5118421922637246,1
426,RG3_L_000426,2,0,계량과 가소화 제외,-0.3582239854520566,-2.5118421922637246,1
427,RG3_L_000427,1,0,계량과 가소화 제외,-1.7756703790659163,-2.5118421922637246,1
429,RG3_L_000429,0,0,계량과 가소화 제외,-1.8454436951664004,-2.5118421922637246,1
430,RG3_L_000430,0,0,계량과 가소화 제외,-1.3527725093169263,-2.5118421922637246,1
431,RG3_L_000431,0,0,계량과 가소화 제외,-1.0898523451719733,-2.5118421922637246,1
433,RG3_L_000433,2,0,계량과 가소화 제외,-0.37099812221035755,-2.5118421922637246,1
434,RG3_L_000434,2,0,계량과 가소화 제외,-1.3938645313197497,-2.5118421922637246,1
435,RG3_L_000435,1,0,계량과 가소화 제외,-0.23801150514395353,-2.5118421922637246,1
436,RG3_L_000436,3,0,계량과 가소화 제외,-1.639526430253742,-2.5118421922637246,1
438,RG3_L_000438,0,0,계량과 가소화 제외,-1.2095223456654125,-2.5118421922637246,1
439,RG3_L_000439,3,0,계량과 가소화 제외,0.1530340654648814,-2.5118421922637246,1
440,RG3_L_000440,2,0,계량과 가소화 제외,-0.7984042898986399,-2.5118421922637246,1
441,RG3_L_000441,2,0,계량과 가소화 제외,-0.8040092412594131,-2.5118421922637246,1
442,RG3_L_000442,2,0,계량과 가소화 제외,-0.3057087706177395,-2.5118421922637246,1
443,RG3_L_000443,1,0,계량과 가소화 제외,0.7217584820508414,-2.5118421922637246,1
444,RG3_L_000444,3,0,계량과 가소화 제외,-0.9752256725765172,-2.5118421922637246,1
445,RG3_L_000445,1,0,계량과 가소화 제외,-1.983054318700864,-2.5118421922637246,1
448,RG3_L_000448,0,0,계량과 가소화 제외,-0.759401006755974,-2.5118421922637246,1
449,RG3_L_000449,1,0,계량과 가소화 제외,-0.8843682047864441,-2.5118421922637246,1
450,RG3_L_000450,1,0,계량과 가소화 제외,0.542309799767656,-2.5118421922637246,1
451,RG3_L_000451,3,0,계량과 가소화 제외,-0.6229043777502348,-2.5118421922637246,1
452,RG3_L_000452,0,0,계량과 가소화 제외,-1.0424614100960188,-2.5118421922637246,1
453,RG3_L_000453,2,0,계량과 가소화 제외,-1.9026298082316107,-2.5118421922637246,1
454,RG3_L_000454,3,0,계량과 가소화 제외,-1.5776249633882689,-2.5118421922637246,1
456,RG3_L_000456,0,0,계량과 가소화 제외,0.35311240111198394,-2.5118421922637246,1
457,RG3_L_000457,2,0,계량과 가소화 제외,-1.7409903702490066,-2.5118421922637246,1
458,RG3_L_000458,0,0,계량과 가소화 제외,-1.3643958626724206,-2.5118421922637246,1
459,RG3_L_000459,1,0,계량과 가소화 제외,1.4666327609775092,-2.5118421922637246,1
460,RG3_L_000460,0,0,계량과 가소화 제외,-1.6728776782822479,-2.5118421922637246,1
461,RG3_L_000461,3,0,계량과 가소화 제외,-0.4175964515795947,-2.5118421922637246,1
462,RG3_L_000462,3,0,계량과 가소화 제외,-2.1419142762061387,-2.5118421922637246,1
463,RG3_L_000463,1,0,계량과 가소화 제외,-0.8567441399448956,-2.5118421922637246,1
464,RG3_L_000464,2,0,계량과 가소화 제외,-1.288368362543027,-2.5118421922637246,1
466,RG3_L_000466,3,0,계량과 가소화 제외,-0.9284285186145294,-2.5118421922637246,1
467,RG3_L_000467,2,0,계량과 가소화 제외,-0.29898829948375116,-2.5118421922637246,1
468,RG3_L_000468,2,0,계량과 가소화 제외,-0.7154640457331514,-2.5118421922637246,1
469,RG3_L_000469,1,0,계량과 가소화 제외,-1.3184746566060745,-2.5118421922637246,1
470,RG3_L_000470,1,0,계량과 가소화 제외,-0.362449404685929,-2.5118421922637246,1
471,RG3_L_000471,2,0,계량과 가소화 제외,-0.2215092759215409,-2.5118421922637246,1
472,RG3_L_000472,3,0,계량과 가소화 제외,1.7164799855775108,-2.5118421922637246,1
473,RG3_L_000473,2,0,계량과 가소화 제외,-1.0198505287963098,-2.5118421922637246,1
476,RG3_L_000476,2,1,계량과 가소화 제외,-1.5051869401420017,-2.5118421922637246,1
477,RG3_L_000477,3,0,계량과 가소화 제외,7.513610675612075,-2.5118421922637246,1
478,RG3_L_000478,3,0,계량과 가소화 제외,-1.1289344911814698,-2.5118421922637246,1
481,RG3_L_000481,2,0,계량과 가소화 제외,-1.6465469826096655,-2.5118421922637246,1
483,RG3_L_000483,0,1,계량과 가소화 제외,-1.3970414378033613,-2.5118421922637246,1
484,RG3_L_000484,3,0,계량과 가소화 제외,7.184714134919645,-2.5118421922637246,1
485,RG3_L_000485,2,0,계량과 가소화 제외,-0.3242846652736695,-2.5118421922637246,1
486,RG3_L_000486,3,1,계량과 가소화 제외,-1.4042791982612268,-2.5118421922637246,1
487,RG3_L_000487,1,0,계량과 가소화 제외,-0.7259810552323493,-2.5118421922637246,1
488,RG3_L_000488,1,0,계량과 가소화 제외,-1.8148728476197356,-2.5118421922637246,1
490,RG3_L_000490,0,0,계량과 가소화 제외,-2.078475595780235,-2.5118421922637246,1
491,RG3_L_000491,1,0,계량과 가소화 제외,-1.9373084756830323,-2.5118421922637246,1
492,RG3_L_000492,1,0,계량과 가소화 제외,-1.5231759628032258,-2.5118421922637246,1
493,RG3_L_000493,2,0,계량과 가소화 제외,-0.7529798431460009,-2.5118421922637246,1
494,RG3_L_000494,2,0,계량과 가소화 제외,-1.0693891756853464,-2.5118421922637246,1
495,RG3_L_000495,0,0,계량과 가소화 제외,-0.9570265511516265,-2.5118421922637246,1
500,RG3_L_000500,0,0,계량과 가소화 제외,-1.4123917436298932,-2.5118421922637246,1
501,RG3_L_000501,0,0,계량과 가소화 제외,-0.7354222398774759,-2.5118421922637246,1
502,RG3_L_000502,3,0,계량과 가소화 제외,-0.7586294026888254,-2.5118421922637246,1
503,RG3_L_000503,0,0,계량과 가소화 제외,-0.01576569801336447,-2.5118421922637246,1
504,RG3_L_000504,0,0,계량과 가소화 제외,-0.21712342672671525,-2.5118421922637246,1
505,RG3_L_000505,1,0,계량과 가소화 제외,-1.2196048784470364,-2.5118421922637246,1
508,RG3_L_000508,0,0,계량과 가소화 제외,-1.544279215305588,-2.5118421922637246,1
509,RG3_L_000509,2,0,계량과 가소화 제외,0.10398971817045854,-2.5118421922637246,1
510,RG3_L_000510,3,0,계량과 가소화 제외,-0.5122629143806101,-2.5118421922637246,1
512,RG3_L_000512,0,0,계량과 가소화 제외,-1.27791764054869,-2.5118421922637246,1
513,RG3_L_000513,3,0,계량과 가소화 제외,-1.1032600468206226,-2.5118421922637246,1
515,RG3_L_000515,3,0,계량과 가소화 제외,-1.5960468378532173,-2.5118421922637246,1
516,RG3_L_000516,0,0,계량과 가소화 제외,-0.9631144931803988,-2.5118421922637246,1
517,RG3_L_000517,3,0,계량과 가소화 제외,-0.7290803735933888,-2.5118421922637246,1
518,RG3_L_000518,2,0,계량과 가소화 제외,-1.5236821989092917,-2.5118421922637246,1
519,RG3_L_000519,2,0,계량과 가소화 제외,1.0508840545462803,-2.5118421922637246,1
520,RG3_L_000520,0,0,계량과 가소화 제외,6.803858084522658,-2.5118421922637246,1
521,RG3_L_000521,2,0,계량과 가소화 제외,0.7623785778258956,-2.5118421922637246,1
522,RG3_L_000522,0,0,계량과 가소화 제외,-0.552667396799654,-2.5118421922637246,1
523,RG3_L_000523,3,0,계량과 가소화 제외,-1.1689221465895052,-2.5118421922637246,1
524,RG3_L_000524,2,0,계량과 가소화 제외,-0.3758543044125471,-2.5118421922637246,1
525,RG3_L_000525,1,0,계량과 가소화 제외,-0.7493222183229875,-2.5118421922637246,1
526,RG3_L_000526,2,0,계량과 가소화 제외,-1.2417725190901372,-2.5118421922637246,1
528,RG3_L_000528,3,0,계량과 가소화 제외,-0.4099812118391455,-2.5118421922637246,1
529,RG3_L_000529,1,0,계량과 가소화 제외,-0.8425267869928827,-2.5118421922637246,1
530,RG3_L_000530,2,0,계량과 가소화 제외,-0.35805479611893887,-2.5118421922637246,1
534,RG3_L_000534,3,0,계량과 가소화 제외,-2.0143799881370352,-2.5118421922637246,1
535,RG3_L_000535,2,0,계량과 가소화 제외,-1.0375146864493239,-2.5118421922637246,1
537,RG3_L_000537,2,0,계량과 가소화 제외,-0.37103913172648717,-2.5118421922637246,1
538,RG3_L_000538,0,0,계량과 가소화 제외,-0.8464643065690272,-2.5118421922637246,1
539,RG3_L_000539,3,0,계량과 가소화 제외,-0.6200812803209121,-2.5118421922637246,1
540,RG3_L_000540,0,0,계량과 가소화 제외,-0.5496545029122899,-2.5118421922637246,1
541,RG3_L_000541,1,0,계량과 가소화 제외,-1.0522343221332395,-2.5118421922637246,1
543,RG3_L_000543,1,0,계량과 가소화 제외,-1.4022666827769381,-2.5118421922637246,1
544,RG3_L_000544,3,0,계량과 가소화 제외,-2.0639760445751385,-2.5118421922637246,1
545,RG3_L_000545,1,0,계량과 가소화 제외,-0.797487640635616,-2.5118421922637246,1
546,RG3_L_000546,1,0,계량과 가소화 제외,0.6294928485686047,-2.5118421922637246,1
547,RG3_L_000547,0,0,계량과 가소화 제외,-1.3556190472271563,-2.5118421922637246,1
548,RG3_L_000548,0,0,계량과 가소화 제외,-0.5895428391256399,-2.5118421922637246,1
550,RG3_L_000550,3,0,계량과 가소화 제외,-0.09750684724109071,-2.5118421922637246,1
551,RG3_L_000551,2,0,계량과 가소화 제외,-1.0278720560404473,-2.5118421922637246,1
552,RG3_L_000552,2,0,계량과 가소화 제외,-1.326066083588774,-2.5118421922637246,1
553,RG3_L_000553,0,0,계량과 가소화 제외,-1.385793823056419,-2.5118421922637246,1
554,RG3_L_000554,2,0,계량과 가소화 제외,-1.325210652567895,-2.5118421922637246,1
555,RG3_L_000555,1,0,계량과 가소화 제외,-0.7793525206546423,-2.5118421922637246,1
556,RG3_L_000556,2,0,계량과 가소화 제외,0.016046464154776174,-2.5118421922637246,1
558,RG3_L_000558,1,0,계량과 가소화 제외,5.991884252297068,-2.5118421922637246,1
559,RG3_L_000559,3,0,계량과 가소화 제외,0.22370091709791318,-2.5118421922637246,1
560,RG3_L_000560,3,1,계량과 가소화 제외,-0.6942768551942162,-2.5118421922637246,1
561,RG3_L_000561,2,0,계량과 가소화 제외,-0.26532617803940006,-2.5118421922637246,1
562,RG3_L_000562,3,0,계량과 가소화 제외,-1.2340982779100216,-2.5118421922637246,1
563,RG3_L_000563,3,0,계량과 가소화 제외,-0.92593706911501,-2.5118421922637246,1
564,RG3_L_000564,2,0,계량과 가소화 제외,-0.5297609314536196,-2.5118421922637246,1
565,RG3_L_000565,2,0,계량과 가소화 제외,-0.9504280323876113,-2.5118421922637246,1
567,RG3_L_000567,1,0,계량과 가소화 제외,-1.3327199619493424,-2.5118421922637246,1
568,RG3_L_000568,1,0,계량과 가소화 제외,-0.2220900855574719,-2.5118421922637246,1
569,RG3_L_000569,1,0,계량과 가소화 제외,-0.754673548341092,-2.5118421922637246,1
570,RG3_L_000570,3,0,계량과 가소화 제외,-0.09830871371390515,-2.5118421922637246,1
571,RG3_L_000571,0,0,계량과 가소화 제외,-1.365485095106612,-2.5118421922637246,1
572,RG3_L_000572,3,0,계량과 가소화 제외,-0.3678857480607274,-2.5118421922637246,1
573,RG3_L_000573,0,0,계량과 가소화 제외,-0.8807141441490565,-2.5118421922637246,1
575,RG3_L_000575,2,0,계량과 가소화 제외,-0.2646903801401219,-2.5118421922637246,1
577,RG3_L_000577,1,0,계량과 가소화 제외,10.629251290996118,-2.5118421922637246,1
578,RG3_L_000578,1,0,계량과 가소화 제외,13.492814907242414,-2.5118421922637246,1
579,RG3_L_000579,3,0,계량과 가소화 제외,-0.8768558805098845,-2.5118421922637246,1
580,RG3_L_000580,0,0,계량과 가소화 제외,-1.1922815956503054,-2.5118421922637246,1
581,RG3_L_000581,1,0,계량과 가소화 제외,-0.4254663143209463,-2.5118421922637246,1
583,RG3_L_000583,0,0,계량과 가소화 제외,-0.7819615914608242,-2.5118421922637246,1
584,RG3_L_000584,0,0,계량과 가소화 제외,-0.5923575767808966,-2.5118421922637246,1
586,RG3_L_000586,2,0,계량과 가소화 제외,0.06798563297815186,-2.5118421922637246,1
587,RG3_L_000587,3,0,계량과 가소화 제외,-0.7513755747168265,-2.5118421922637246,1
589,RG3_L_000589,3,0,계량과 가소화 제외,-0.26001373321209975,-2.5118421922637246,1
590,RG3_L_000590,0,0,계량과 가소화 제외,-1.1461795660772403,-2.5118421922637246,1
0,RG3_L_000000,2,0,실린더와 호퍼 온도 제외,0.49065616561375514,-2.0594856522937786,1
2,RG3_L_000002,0,0,실린더와 호퍼 온도 제외,-0.28507126817828343,-2.0594856522937786,1
3,RG3_L_000003,2,0,실린더와 호퍼 온도 제외,-0.600899780790769,-2.0594856522937786,1
4,RG3_L_000004,2,0,실린더와 호퍼 온도 제외,-0.6526631989852323,-2.0594856522937786,1
5,RG3_L_000005,1,0,실린더와 호퍼 온도 제외,0.7770856037859168,-2.0594856522937786,1
6,RG3_L_000006,1,0,실린더와 호퍼 온도 제외,0.23938739672465914,-2.0594856522937786,1
7,RG3_L_000007,2,0,실린더와 호퍼 온도 제외,0.885534446989789,-2.0594856522937786,1
9,RG3_L_000009,0,0,실린더와 호퍼 온도 제외,0.20454681033174538,-2.0594856522937786,1
10,RG3_L_000010,3,0,실린더와 호퍼 온도 제외,-0.18414910612753133,-2.0594856522937786,1
11,RG3_L_000011,0,0,실린더와 호퍼 온도 제외,-1.0841316710310185,-2.0594856522937786,1
12,RG3_L_000012,0,0,실린더와 호퍼 온도 제외,-0.6619724593344021,-2.0594856522937786,1
15,RG3_L_000015,1,0,실린더와 호퍼 온도 제외,-0.3596232854764736,-2.0594856522937786,1
16,RG3_L_000016,1,0,실린더와 호퍼 온도 제외,-0.8472802121926293,-2.0594856522937786,1
17,RG3_L_000017,3,0,실린더와 호퍼 온도 제외,-0.6447981450577149,-2.0594856522937786,1
18,RG3_L_000018,3,0,실린더와 호퍼 온도 제외,0.07309977978182225,-2.0594856522937786,1
19,RG3_L_000019,0,0,실린더와 호퍼 온도 제외,-1.0605034682449919,-2.0594856522937786,1
22,RG3_L_000022,3,0,실린더와 호퍼 온도 제외,-1.0611328925112655,-2.0594856522937786,1
23,RG3_L_000023,2,0,실린더와 호퍼 온도 제외,0.8162579837267394,-2.0594856522937786,1
24,RG3_L_000024,3,0,실린더와 호퍼 온도 제외,0.1988920492837707,-2.0594856522937786,1
25,RG3_L_000025,0,0,실린더와 호퍼 온도 제외,-0.2628689131379023,-2.0594856522937786,1
26,RG3_L_000026,0,0,실린더와 호퍼 온도 제외,-1.1431597988969244,-2.0594856522937786,1
27,RG3_L_000027,1,0,실린더와 호퍼 온도 제외,-0.8090399898224323,-2.0594856522937786,1
28,RG3_L_000028,2,0,실린더와 호퍼 온도 제외,-1.1402770046841244,-2.0594856522937786,1
29,RG3_L_000029,1,0,실린더와 호퍼 온도 제외,0.44793621663638383,-2.0594856522937786,1
30,RG3_L_000030,1,0,실린더와 호퍼 온도 제외,-0.09375515260736655,-2.0594856522937786,1
31,RG3_L_000031,1,0,실린더와 호퍼 온도 제외,0.290248044485077,-2.0594856522937786,1
32,RG3_L_000032,0,0,실린더와 호퍼 온도 제외,0.6178703286968901,-2.0594856522937786,1
33,RG3_L_000033,3,0,실린더와 호퍼 온도 제외,-0.5460472883824767,-2.0594856522937786,1
35,RG3_L_000035,0,0,실린더와 호퍼 온도 제외,9.573814781031947,-2.0594856522937786,1
36,RG3_L_000036,3,0,실린더와 호퍼 온도 제외,-0.7114411985789175,-2.0594856522937786,1
37,RG3_L_000037,3,0,실린더와 호퍼 온도 제외,0.893589225091457,-2.0594856522937786,1
38,RG3_L_000038,2,0,실린더와 호퍼 온도 제외,-1.4976230091630391,-2.0594856522937786,1
39,RG3_L_000039,3,0,실린더와 호퍼 온도 제외,-1.0151578683544678,-2.0594856522937786,1
41,RG3_L_000041,1,0,실린더와 호퍼 온도 제외,-1.4103186028908006,-2.0594856522937786,1
42,RG3_L_000042,3,0,실린더와 호퍼 온도 제외,-0.9373404917952559,-2.0594856522937786,1
44,RG3_L_000044,0,0,실린더와 호퍼 온도 제외,-1.773453156864928,-2.0594856522937786,1
45,RG3_L_000045,2,0,실린더와 호퍼 온도 제외,-1.3496701518728464,-2.0594856522937786,1
46,RG3_L_000046,2,0,실린더와 호퍼 온도 제외,-2.2269093643958016,-2.0594856522937786,0
47,RG3_L_000047,1,0,실린더와 호퍼 온도 제외,-1.9047936275132944,-2.0594856522937786,1
48,RG3_L_000048,0,0,실린더와 호퍼 온도 제외,-2.2022574401578368,-2.0594856522937786,0
49,RG3_L_000049,2,0,실린더와 호퍼 온도 제외,-2.0852039584721744,-2.0594856522937786,0
50,RG3_L_000050,0,0,실린더와 호퍼 온도 제외,-1.7684638490270448,-2.0594856522937786,1
51,RG3_L_000051,2,0,실린더와 호퍼 온도 제외,-0.30871633427584655,-2.0594856522937786,1
54,RG3_L_000054,0,0,실린더와 호퍼 온도 제외,-1.8774137297193239,-2.0594856522937786,1
55,RG3_L_000055,3,0,실린더와 호퍼 온도 제외,-2.2908930067398376,-2.0594856522937786,0
56,RG3_L_000056,0,0,실린더와 호퍼 온도 제외,-1.6099023289481114,-2.0594856522937786,1
57,RG3_L_000057,0,0,실린더와 호퍼 온도 제외,-1.6518288624466138,-2.0594856522937786,1
59,RG3_L_000059,1,0,실린더와 호퍼 온도 제외,-1.124869288754864,-2.0594856522937786,1
60,RG3_L_000060,3,0,실린더와 호퍼 온도 제외,-1.159791342122011,-2.0594856522937786,1
61,RG3_L_000061,3,0,실린더와 호퍼 온도 제외,-2.16298544590944,-2.0594856522937786,0
63,RG3_L_000063,2,0,실린더와 호퍼 온도 제외,-1.9816930386341554,-2.0594856522937786,1
65,RG3_L_000065,0,0,실린더와 호퍼 온도 제외,-1.8413713890775387,-2.0594856522937786,1
66,RG3_L_000066,2,0,실린더와 호퍼 온도 제외,-1.9964115220216456,-2.0594856522937786,1
67,RG3_L_000067,2,0,실린더와 호퍼 온도 제외,-0.9182462370769819,-2.0594856522937786,1
68,RG3_L_000068,1,1,실린더와 호퍼 온도 제외,-1.218535150016077,-2.0594856522937786,1
69,RG3_L_000069,3,0,실린더와 호퍼 온도 제외,-1.6434897232846293,-2.0594856522937786,1
70,RG3_L_000070,3,0,실린더와 호퍼 온도 제외,-1.2466729882136516,-2.0594856522937786,1
71,RG3_L_000071,0,0,실린더와 호퍼 온도 제외,-2.025999249777474,-2.0594856522937786,1
73,RG3_L_000073,3,0,실린더와 호퍼 온도 제외,-2.16805079271389,-2.0594856522937786,0
74,RG3_L_000074,0,0,실린더와 호퍼 온도 제외,-1.5942776143889787,-2.0594856522937786,1
75,RG3_L_000075,3,0,실린더와 호퍼 온도 제외,-1.608830420371751,-2.0594856522937786,1
76,RG3_L_000076,3,0,실린더와 호퍼 온도 제외,-1.5204140796911823,-2.0594856522937786,1
77,RG3_L_000077,0,0,실린더와 호퍼 온도 제외,-1.5878353297013472,-2.0594856522937786,1
78,RG3_L_000078,0,0,실린더와 호퍼 온도 제외,-1.0536078111958265,-2.0594856522937786,1
79,RG3_L_000079,2,0,실린더와 호퍼 온도 제외,-1.6642478320275806,-2.0594856522937786,1
80,RG3_L_000080,1,1,실린더와 호퍼 온도 제외,-1.9178483619002407,-2.0594856522937786,1
81,RG3_L_000081,2,0,실린더와 호퍼 온도 제외,-1.4916570959262856,-2.0594856522937786,1
83,RG3_L_000083,0,0,실린더와 호퍼 온도 제외,-1.8701515266150075,-2.0594856522937786,1
84,RG3_L_000084,2,0,실린더와 호퍼 온도 제외,-2.182961584974988,-2.0594856522937786,0
85,RG3_L_000085,0,1,실린더와 호퍼 온도 제외,-2.0384427221816335,-2.0594856522937786,1
86,RG3_L_000086,2,0,실린더와 호퍼 온도 제외,-1.1751684458689784,-2.0594856522937786,1
87,RG3_L_000087,2,0,실린더와 호퍼 온도 제외,-1.1514476113780212,-2.0594856522937786,1
88,RG3_L_000088,3,0,실린더와 호퍼 온도 제외,-1.193322843137496,-2.0594856522937786,1
89,RG3_L_000089,3,0,실린더와 호퍼 온도 제외,-1.2821269844770544,-2.0594856522937786,1
91,RG3_L_000091,3,0,실린더와 호퍼 온도 제외,-1.0154911764219783,-2.0594856522937786,1
92,RG3_L_000092,0,0,실린더와 호퍼 온도 제외,-1.966158986693463,-2.0594856522937786,1
93,RG3_L_000093,3,0,실린더와 호퍼 온도 제외,-2.1687290201528935,-2.0594856522937786,0
95,RG3_L_000095,2,0,실린더와 호퍼 온도 제외,-1.6933888507180672,-2.0594856522937786,1
96,RG3_L_000096,3,0,실린더와 호퍼 온도 제외,-1.2645472034590348,-2.0594856522937786,1
97,RG3_L_000097,0,0,실린더와 호퍼 온도 제외,-1.2941439680174014,-2.0594856522937786,1
98,RG3_L_000098,1,0,실린더와 호퍼 온도 제외,-1.4413978829822298,-2.0594856522937786,1
99,RG3_L_000099,3,0,실린더와 호퍼 온도 제외,-1.3446438568923806,-2.0594856522937786,1
100,RG3_L_000100,1,0,실린더와 호퍼 온도 제외,-1.670978670464132,-2.0594856522937786,1
101,RG3_L_000101,2,0,실린더와 호퍼 온도 제외,-2.009774431025688,-2.0594856522937786,1
102,RG3_L_000102,0,1,실린더와 호퍼 온도 제외,-1.9569250851041282,-2.0594856522937786,1
104,RG3_L_000104,2,0,실린더와 호퍼 온도 제외,-0.7913089249582352,-2.0594856522937786,1
105,RG3_L_000105,2,0,실린더와 호퍼 온도 제외,-1.72135552825171,-2.0594856522937786,1
107,RG3_L_000107,0,0,실린더와 호퍼 온도 제외,-0.7120953604426177,-2.0594856522937786,1
108,RG3_L_000108,0,0,실린더와 호퍼 온도 제외,-1.6579856901762113,-2.0594856522937786,1
111,RG3_L_000111,3,0,실린더와 호퍼 온도 제외,-2.290782742606817,-2.0594856522937786,0
112,RG3_L_000112,3,0,실린더와 호퍼 온도 제외,-1.3841797400216151,-2.0594856522937786,1
113,RG3_L_000113,1,0,실린더와 호퍼 온도 제외,-1.6726072239968275,-2.0594856522937786,1
114,RG3_L_000114,0,0,실린더와 호퍼 온도 제외,-0.06464562539934704,-2.0594856522937786,1
115,RG3_L_000115,0,0,실린더와 호퍼 온도 제외,-0.17645643440580017,-2.0594856522937786,1
116,RG3_L_000116,1,0,실린더와 호퍼 온도 제외,-0.8828580163513102,-2.0594856522937786,1
117,RG3_L_000117,0,0,실린더와 호퍼 온도 제외,-1.8078874938727658,-2.0594856522937786,1
118,RG3_L_000118,0,0,실린더와 호퍼 온도 제외,-1.3898066773738602,-2.0594856522937786,1
119,RG3_L_000119,0,0,실린더와 호퍼 온도 제외,-2.203015214639164,-2.0594856522937786,0
120,RG3_L_000120,2,0,실린더와 호퍼 온도 제외,-2.2555000891979127,-2.0594856522937786,0
121,RG3_L_000121,3,0,실린더와 호퍼 온도 제외,-1.8013480482849804,-2.0594856522937786,1
122,RG3_L_000122,1,1,실린더와 호퍼 온도 제외,-1.101004171238337,-2.0594856522937786,1
123,RG3_L_000123,0,0,실린더와 호퍼 온도 제외,-0.5456728570546439,-2.0594856522937786,1
124,RG3_L_000124,0,0,실린더와 호퍼 온도 제외,-0.54799246468707,-2.0594856522937786,1
125,RG3_L_000125,3,0,실린더와 호퍼 온도 제외,-0.38587729322612496,-2.0594856522937786,1
127,RG3_L_000127,1,0,실린더와 호퍼 온도 제외,-1.6620228277215308,-2.0594856522937786,1
128,RG3_L_000128,1,0,실린더와 호퍼 온도 제외,-1.8849765748579745,-2.0594856522937786,1
129,RG3_L_000129,1,0,실린더와 호퍼 온도 제외,-2.2285581297895973,-2.0594856522937786,0
130,RG3_L_000130,0,0,실린더와 호퍼 온도 제외,-2.1731644232478153,-2.0594856522937786,0
131,RG3_L_000131,3,0,실린더와 호퍼 온도 제외,-2.335701763407979,-2.0594856522937786,0
132,RG3_L_000132,1,0,실린더와 호퍼 온도 제외,-1.7215043528666794,-2.0594856522937786,1
134,RG3_L_000134,2,0,실린더와 호퍼 온도 제외,-0.9835634480754507,-2.0594856522937786,1
136,RG3_L_000136,2,0,실린더와 호퍼 온도 제외,-2.316534678802702,-2.0594856522937786,0
137,RG3_L_000137,3,0,실린더와 호퍼 온도 제외,-1.6982380259910173,-2.0594856522937786,1
138,RG3_L_000138,0,0,실린더와 호퍼 온도 제외,-1.1356476021539645,-2.0594856522937786,1
139,RG3_L_000139,2,0,실린더와 호퍼 온도 제외,-2.2480678961821248,-2.0594856522937786,0
141,RG3_L_000141,0,0,실린더와 호퍼 온도 제외,-2.335200306339125,-2.0594856522937786,0
142,RG3_L_000142,0,0,실린더와 호퍼 온도 제외,-2.0165939023021657,-2.0594856522937786,1
144,RG3_L_000144,1,0,실린더와 호퍼 온도 제외,-2.125001396897849,-2.0594856522937786,0
145,RG3_L_000145,1,0,실린더와 호퍼 온도 제외,-1.465108828518984,-2.0594856522937786,1
146,RG3_L_000146,3,0,실린더와 호퍼 온도 제외,-0.584253199616537,-2.0594856522937786,1
147,RG3_L_000147,2,0,실린더와 호퍼 온도 제외,-0.5662007388881634,-2.0594856522937786,1
148,RG3_L_000148,0,0,실린더와 호퍼 온도 제외,-1.1246762452373513,-2.0594856522937786,1
149,RG3_L_000149,3,0,실린더와 호퍼 온도 제외,-1.430393223594237,-2.0594856522937786,1
150,RG3_L_000150,3,1,실린더와 호퍼 온도 제외,-1.4832742629061944,-2.0594856522937786,1
151,RG3_L_000151,3,0,실린더와 호퍼 온도 제외,-1.955469296395984,-2.0594856522937786,1
152,RG3_L_000152,2,1,실린더와 호퍼 온도 제외,-1.7775091008784685,-2.0594856522937786,1
153,RG3_L_000153,2,0,실린더와 호퍼 온도 제외,-2.161175766104922,-2.0594856522937786,0
154,RG3_L_000154,0,0,실린더와 호퍼 온도 제외,-1.4902972564636947,-2.0594856522937786,1
155,RG3_L_000155,1,1,실린더와 호퍼 온도 제외,-0.7874306316737414,-2.0594856522937786,1
156,RG3_L_000156,0,0,실린더와 호퍼 온도 제외,-0.9480027065055143,-2.0594856522937786,1
157,RG3_L_000157,1,0,실린더와 호퍼 온도 제외,-1.5920717261489763,-2.0594856522937786,1
158,RG3_L_000158,0,0,실린더와 호퍼 온도 제외,-1.060995338184762,-2.0594856522937786,1
159,RG3_L_000159,1,0,실린더와 호퍼 온도 제외,-1.2067100164041378,-2.0594856522937786,1
160,RG3_L_000160,2,0,실린더와 호퍼 온도 제외,-0.9900301400208456,-2.0594856522937786,1
161,RG3_L_000161,3,1,실린더와 호퍼 온도 제외,-1.82571321082969,-2.0594856522937786,1
162,RG3_L_000162,1,0,실린더와 호퍼 온도 제외,-1.9751073690760457,-2.0594856522937786,1
163,RG3_L_000163,0,0,실린더와 호퍼 온도 제외,-0.8384176989164764,-2.0594856522937786,1
164,RG3_L_000164,0,0,실린더와 호퍼 온도 제외,-0.3646394728313531,-2.0594856522937786,1
166,RG3_L_000166,2,0,실린더와 호퍼 온도 제외,-1.376454059774849,-2.0594856522937786,1
167,RG3_L_000167,1,0,실린더와 호퍼 온도 제외,-1.5528950811606634,-2.0594856522937786,1
168,RG3_L_000168,0,0,실린더와 호퍼 온도 제외,-1.4951938985723086,-2.0594856522937786,1
172,RG3_L_000172,1,0,실린더와 호퍼 온도 제외,-1.2401486798449444,-2.0594856522937786,1
173,RG3_L_000173,2,1,실린더와 호퍼 온도 제외,-2.0150166563878944,-2.0594856522937786,1
174,RG3_L_000174,2,0,실린더와 호퍼 온도 제외,-1.9214293001119138,-2.0594856522937786,1
175,RG3_L_000175,0,0,실린더와 호퍼 온도 제외,-1.4295493703564368,-2.0594856522937786,1
177,RG3_L_000177,0,0,실린더와 호퍼 온도 제외,-1.155558467791879,-2.0594856522937786,1
178,RG3_L_000178,3,0,실린더와 호퍼 온도 제외,-1.8349923041228156,-2.0594856522937786,1
179,RG3_L_000179,0,0,실린더와 호퍼 온도 제외,-1.2913513277516593,-2.0594856522937786,1
180,RG3_L_000180,2,0,실린더와 호퍼 온도 제외,-2.0172428587654974,-2.0594856522937786,1
181,RG3_L_000181,3,0,실린더와 호퍼 온도 제외,-1.3101662058240962,-2.0594856522937786,1
182,RG3_L_000182,1,0,실린더와 호퍼 온도 제외,-2.0622897289638153,-2.0594856522937786,0
183,RG3_L_000183,1,0,실린더와 호퍼 온도 제외,-1.171095191614416,-2.0594856522937786,1
184,RG3_L_000184,1,0,실린더와 호퍼 온도 제외,-1.4473935107453464,-2.0594856522937786,1
185,RG3_L_000185,1,0,실린더와 호퍼 온도 제외,-1.8782185191568814,-2.0594856522937786,1
186,RG3_L_000186,2,0,실린더와 호퍼 온도 제외,-2.0215351814261915,-2.0594856522937786,1
187,RG3_L_000187,3,0,실린더와 호퍼 온도 제외,-1.513016848318049,-2.0594856522937786,1
188,RG3_L_000188,1,0,실린더와 호퍼 온도 제외,-0.44943422324973525,-2.0594856522937786,1
189,RG3_L_000189,3,0,실린더와 호퍼 온도 제외,-0.8296419086970719,-2.0594856522937786,1
190,RG3_L_000190,3,0,실린더와 호퍼 온도 제외,-0.5835541504967221,-2.0594856522937786,1
191,RG3_L_000191,1,0,실린더와 호퍼 온도 제외,0.8088762192427996,-2.0594856522937786,1
192,RG3_L_000192,3,0,실린더와 호퍼 온도 제외,-0.3966395167109926,-2.0594856522937786,1
193,RG3_L_000193,2,0,실린더와 호퍼 온도 제외,-1.1570089015052947,-2.0594856522937786,1
194,RG3_L_000194,3,0,실린더와 호퍼 온도 제외,-1.8549664405941577,-2.0594856522937786,1
195,RG3_L_000195,1,0,실린더와 호퍼 온도 제외,-1.2743122313970279,-2.0594856522937786,1
196,RG3_L_000196,0,0,실린더와 호퍼 온도 제외,-2.1323149082418045,-2.0594856522937786,0
198,RG3_L_000198,3,0,실린더와 호퍼 온도 제외,-1.8453230354228847,-2.0594856522937786,1
202,RG3_L_000202,1,0,실린더와 호퍼 온도 제외,-0.24324195219461053,-2.0594856522937786,1
203,RG3_L_000203,1,1,실린더와 호퍼 온도 제외,-0.481204545689927,-2.0594856522937786,1
204,RG3_L_000204,3,0,실린더와 호퍼 온도 제외,-0.8155027510109036,-2.0594856522937786,1
205,RG3_L_000205,2,1,실린더와 호퍼 온도 제외,-1.8089026638753687,-2.0594856522937786,1
206,RG3_L_000206,1,0,실린더와 호퍼 온도 제외,-2.1005242598550957,-2.0594856522937786,0
207,RG3_L_000207,1,0,실린더와 호퍼 온도 제외,-1.376338747369747,-2.0594856522937786,1
208,RG3_L_000208,1,0,실린더와 호퍼 온도 제외,-0.6500139054097342,-2.0594856522937786,1
209,RG3_L_000209,0,0,실린더와 호퍼 온도 제외,-1.2180397262482199,-2.0594856522937786,1
210,RG3_L_000210,3,0,실린더와 호퍼 온도 제외,-1.7539096748711316,-2.0594856522937786,1
211,RG3_L_000211,3,0,실린더와 호퍼 온도 제외,-1.1251083490818647,-2.0594856522937786,1
212,RG3_L_000212,1,0,실린더와 호퍼 온도 제외,-1.2356829813605863,-2.0594856522937786,1
214,RG3_L_000214,0,0,실린더와 호퍼 온도 제외,-2.097828330025308,-2.0594856522937786,0
215,RG3_L_000215,2,0,실린더와 호퍼 온도 제외,-1.1283954647747478,-2.0594856522937786,1
216,RG3_L_000216,2,0,실린더와 호퍼 온도 제외,-1.5983512400315174,-2.0594856522937786,1
218,RG3_L_000218,1,0,실린더와 호퍼 온도 제외,-1.289299119214455,-2.0594856522937786,1
220,RG3_L_000220,1,0,실린더와 호퍼 온도 제외,-1.4621854026286272,-2.0594856522937786,1
221,RG3_L_000221,3,0,실린더와 호퍼 온도 제외,-1.0004674953322024,-2.0594856522937786,1
222,RG3_L_000222,2,0,실린더와 호퍼 온도 제외,-1.649381610448101,-2.0594856522937786,1
223,RG3_L_000223,3,0,실린더와 호퍼 온도 제외,-0.8347313919148203,-2.0594856522937786,1
225,RG3_L_000225,3,0,실린더와 호퍼 온도 제외,-1.5412656675045149,-2.0594856522937786,1
227,RG3_L_000227,1,0,실린더와 호퍼 온도 제외,-0.9277266192093325,-2.0594856522937786,1
230,RG3_L_000230,1,0,실린더와 호퍼 온도 제외,-0.3036411659679743,-2.0594856522937786,1
232,RG3_L_000232,3,0,실린더와 호퍼 온도 제외,-1.3837316861263673,-2.0594856522937786,1
233,RG3_L_000233,3,0,실린더와 호퍼 온도 제외,-1.822091501194766,-2.0594856522937786,1
234,RG3_L_000234,2,0,실린더와 호퍼 온도 제외,-2.226664846964283,-2.0594856522937786,0
235,RG3_L_000235,0,0,실린더와 호퍼 온도 제외,-1.1715842188329866,-2.0594856522937786,1
236,RG3_L_000236,1,0,실린더와 호퍼 온도 제외,-0.7767864744308834,-2.0594856522937786,1
237,RG3_L_000237,2,0,실린더와 호퍼 온도 제외,-1.109637588496195,-2.0594856522937786,1
238,RG3_L_000238,2,0,실린더와 호퍼 온도 제외,-1.27932152904026,-2.0594856522937786,1
239,RG3_L_000239,2,0,실린더와 호퍼 온도 제외,-1.8054928232698089,-2.0594856522937786,1
240,RG3_L_000240,2,0,실린더와 호퍼 온도 제외,-1.7223640407270864,-2.0594856522937786,1
241,RG3_L_000241,0,0,실린더와 호퍼 온도 제외,-1.8763890284945468,-2.0594856522937786,1
242,RG3_L_000242,0,0,실린더와 호퍼 온도 제외,-1.448337841036821,-2.0594856522937786,1
244,RG3_L_000244,1,0,실린더와 호퍼 온도 제외,-1.7426702123193714,-2.0594856522937786,1
245,RG3_L_000245,2,0,실린더와 호퍼 온도 제외,-0.16488357569472356,-2.0594856522937786,1
246,RG3_L_000246,0,0,실린더와 호퍼 온도 제외,-0.6403758716949621,-2.0594856522937786,1
247,RG3_L_000247,2,0,실린더와 호퍼 온도 제외,-0.5404368756629392,-2.0594856522937786,1
248,RG3_L_000248,2,0,실린더와 호퍼 온도 제외,-1.3274264574843162,-2.0594856522937786,1
250,RG3_L_000250,1,0,실린더와 호퍼 온도 제외,-1.1979745515629379,-2.0594856522937786,1
251,RG3_L_000251,1,0,실린더와 호퍼 온도 제외,-1.6403428562459759,-2.0594856522937786,1
252,RG3_L_000252,1,0,실린더와 호퍼 온도 제외,-1.920735403523432,-2.0594856522937786,1
253,RG3_L_000253,1,0,실린더와 호퍼 온도 제외,-1.7064472371373398,-2.0594856522937786,1
255,RG3_L_000255,0,0,실린더와 호퍼 온도 제외,-0.4660424645951089,-2.0594856522937786,1
257,RG3_L_000257,2,0,실린더와 호퍼 온도 제외,-1.55821477086959,-2.0594856522937786,1
258,RG3_L_000258,0,0,실린더와 호퍼 온도 제외,-1.509732386642316,-2.0594856522937786,1
259,RG3_L_000259,0,0,실린더와 호퍼 온도 제외,-1.9111947954610926,-2.0594856522937786,1
260,RG3_L_000260,0,0,실린더와 호퍼 온도 제외,-1.7849722984777898,-2.0594856522937786,1
261,RG3_L_000261,2,0,실린더와 호퍼 온도 제외,-1.0688061892294147,-2.0594856522937786,1
262,RG3_L_000262,1,0,실린더와 호퍼 온도 제외,-0.9789905529308651,-2.0594856522937786,1
263,RG3_L_000263,3,0,실린더와 호퍼 온도 제외,-1.6483746956871457,-2.0594856522937786,1
266,RG3_L_000266,2,0,실린더와 호퍼 온도 제외,-2.0020629832112817,-2.0594856522937786,1
267,RG3_L_000267,1,0,실린더와 호퍼 온도 제외,-1.041102949361358,-2.0594856522937786,1
268,RG3_L_000268,2,0,실린더와 호퍼 온도 제외,-1.6674330030555513,-2.0594856522937786,1
269,RG3_L_000269,3,0,실린더와 호퍼 온도 제외,-0.7367878517973789,-2.0594856522937786,1
270,RG3_L_000270,1,0,실린더와 호퍼 온도 제외,-1.3088457605937034,-2.0594856522937786,1
271,RG3_L_000271,1,0,실린더와 호퍼 온도 제외,-1.5144588826561947,-2.0594856522937786,1
274,RG3_L_000274,0,0,실린더와 호퍼 온도 제외,-1.3316083962096368,-2.0594856522937786,1
275,RG3_L_000275,0,1,실린더와 호퍼 온도 제외,-1.9667798379610204,-2.0594856522937786,1
276,RG3_L_000276,2,0,실린더와 호퍼 온도 제외,-1.6029934608467045,-2.0594856522937786,1
277,RG3_L_000277,1,0,실린더와 호퍼 온도 제외,-1.513055278133205,-2.0594856522937786,1
278,RG3_L_000278,2,0,실린더와 호퍼 온도 제외,-1.0469783264689525,-2.0594856522937786,1
279,RG3_L_000279,1,0,실린더와 호퍼 온도 제외,-1.5409521880847024,-2.0594856522937786,1
280,RG3_L_000280,0,0,실린더와 호퍼 온도 제외,-2.220932287584734,-2.0594856522937786,0
281,RG3_L_000281,0,0,실린더와 호퍼 온도 제외,-1.8803998489509564,-2.0594856522937786,1
282,RG3_L_000282,3,0,실린더와 호퍼 온도 제외,-0.8042709880432302,-2.0594856522937786,1
285,RG3_L_000285,0,0,실린더와 호퍼 온도 제외,-1.6135622413288786,-2.0594856522937786,1
286,RG3_L_000286,3,0,실린더와 호퍼 온도 제외,-1.2383033740213918,-2.0594856522937786,1
288,RG3_L_000288,1,0,실린더와 호퍼 온도 제외,-1.9651448398807663,-2.0594856522937786,1
289,RG3_L_000289,2,0,실린더와 호퍼 온도 제외,-2.062028878710189,-2.0594856522937786,0
291,RG3_L_000291,0,0,실린더와 호퍼 온도 제외,-1.180599374010491,-2.0594856522937786,1
292,RG3_L_000292,1,0,실린더와 호퍼 온도 제외,-0.8468616493362493,-2.0594856522937786,1
294,RG3_L_000294,3,0,실린더와 호퍼 온도 제외,-2.020927077427892,-2.0594856522937786,1
295,RG3_L_000295,2,0,실린더와 호퍼 온도 제외,-2.0080152064722334,-2.0594856522937786,1
296,RG3_L_000296,2,0,실린더와 호퍼 온도 제외,-1.6562471364271616,-2.0594856522937786,1
297,RG3_L_000297,0,0,실린더와 호퍼 온도 제외,-1.8808061637596758,-2.0594856522937786,1
298,RG3_L_000298,2,0,실린더와 호퍼 온도 제외,-1.3857845191869345,-2.0594856522937786,1
299,RG3_L_000299,0,0,실린더와 호퍼 온도 제외,-0.326930760358243,-2.0594856522937786,1
300,RG3_L_000300,0,0,실린더와 호퍼 온도 제외,-1.3193149207227926,-2.0594856522937786,1
301,RG3_L_000301,0,0,실린더와 호퍼 온도 제외,-1.7186786060488508,-2.0594856522937786,1
303,RG3_L_000303,1,0,실린더와 호퍼 온도 제외,-1.3935371317087135,-2.0594856522937786,1
304,RG3_L_000304,1,0,실린더와 호퍼 온도 제외,-1.3861873758730638,-2.0594856522937786,1
305,RG3_L_000305,1,0,실린더와 호퍼 온도 제외,-1.9272848230986295,-2.0594856522937786,1
306,RG3_L_000306,1,0,실린더와 호퍼 온도 제외,-1.6365583847714067,-2.0594856522937786,1
307,RG3_L_000307,1,0,실린더와 호퍼 온도 제외,-0.7569935617458903,-2.0594856522937786,1
308,RG3_L_000308,0,0,실린더와 호퍼 온도 제외,-0.3372364750842376,-2.0594856522937786,1
310,RG3_L_000310,0,1,실린더와 호퍼 온도 제외,-1.3762742971620554,-2.0594856522937786,1
311,RG3_L_000311,2,0,실린더와 호퍼 온도 제외,-1.1663992745772536,-2.0594856522937786,1
312,RG3_L_000312,2,0,실린더와 호퍼 온도 제외,-2.1412589698703233,-2.0594856522937786,0
313,RG3_L_000313,2,0,실린더와 호퍼 온도 제외,-1.8321815484944697,-2.0594856522937786,1
314,RG3_L_000314,2,0,실린더와 호퍼 온도 제외,-1.8848340162240476,-2.0594856522937786,1
316,RG3_L_000316,3,0,실린더와 호퍼 온도 제외,-0.5030841847888095,-2.0594856522937786,1
317,RG3_L_000317,3,0,실린더와 호퍼 온도 제외,-0.961148052973499,-2.0594856522937786,1
319,RG3_L_000319,3,0,실린더와 호퍼 온도 제외,-1.455238908918222,-2.0594856522937786,1
320,RG3_L_000320,1,0,실린더와 호퍼 온도 제외,-1.1350746919597565,-2.0594856522937786,1
321,RG3_L_000321,1,0,실린더와 호퍼 온도 제외,-1.6261370128272556,-2.0594856522937786,1
322,RG3_L_000322,3,0,실린더와 호퍼 온도 제외,-1.4191491434313157,-2.0594856522937786,1
325,RG3_L_000325,2,0,실린더와 호퍼 온도 제외,-1.3465342782695604,-2.0594856522937786,1
326,RG3_L_000326,1,0,실린더와 호퍼 온도 제외,0.2744529791522492,-2.0594856522937786,1
327,RG3_L_000327,2,0,실린더와 호퍼 온도 제외,-0.5360803435755184,-2.0594856522937786,1
329,RG3_L_000329,0,0,실린더와 호퍼 온도 제외,12.78793677893906,-2.0594856522937786,1
331,RG3_L_000331,3,0,실린더와 호퍼 온도 제외,-0.9372374417154958,-2.0594856522937786,1
332,RG3_L_000332,1,0,실린더와 호퍼 온도 제외,-1.781618014517024,-2.0594856522937786,1
333,RG3_L_000333,1,0,실린더와 호퍼 온도 제외,-1.647411499062006,-2.0594856522937786,1
334,RG3_L_000334,3,0,실린더와 호퍼 온도 제외,0.6714826663900677,-2.0594856522937786,1
335,RG3_L_000335,3,0,실린더와 호퍼 온도 제외,-0.43973846503278224,-2.0594856522937786,1
336,RG3_L_000336,3,0,실린더와 호퍼 온도 제외,-0.7545496286761928,-2.0594856522937786,1
337,RG3_L_000337,3,0,실린더와 호퍼 온도 제외,-1.1325256250992073,-2.0594856522937786,1
338,RG3_L_000338,2,0,실린더와 호퍼 온도 제외,-1.8887063679258702,-2.0594856522937786,1
339,RG3_L_000339,2,0,실린더와 호퍼 온도 제외,-1.690721284742299,-2.0594856522937786,1
340,RG3_L_000340,3,0,실린더와 호퍼 온도 제외,-1.7721774664458412,-2.0594856522937786,1
342,RG3_L_000342,3,0,실린더와 호퍼 온도 제외,-0.8243870267356677,-2.0594856522937786,1
344,RG3_L_000344,0,0,실린더와 호퍼 온도 제외,-0.3957850958541158,-2.0594856522937786,1
345,RG3_L_000345,1,0,실린더와 호퍼 온도 제외,0.04710877642108713,-2.0594856522937786,1
347,RG3_L_000347,3,0,실린더와 호퍼 온도 제외,-1.2310425914552567,-2.0594856522937786,1
348,RG3_L_000348,2,0,실린더와 호퍼 온도 제외,-1.9756932374091747,-2.0594856522937786,1
349,RG3_L_000349,2,0,실린더와 호퍼 온도 제외,-1.5696473096218053,-2.0594856522937786,1
350,RG3_L_000350,3,0,실린더와 호퍼 온도 제외,-0.6546492035075939,-2.0594856522937786,1
351,RG3_L_000351,2,0,실린더와 호퍼 온도 제외,-0.9452977393307052,-2.0594856522937786,1
352,RG3_L_000352,2,0,실린더와 호퍼 온도 제외,-0.7298499103489071,-2.0594856522937786,1
354,RG3_L_000354,3,0,실린더와 호퍼 온도 제외,-0.41391442190699657,-2.0594856522937786,1
356,RG3_L_000356,1,0,실린더와 호퍼 온도 제외,-1.3132564310474137,-2.0594856522937786,1
357,RG3_L_000357,1,0,실린더와 호퍼 온도 제외,-1.5658771956979827,-2.0594856522937786,1
358,RG3_L_000358,1,0,실린더와 호퍼 온도 제외,-1.272043161265609,-2.0594856522937786,1
362,RG3_L_000362,2,0,실린더와 호퍼 온도 제외,-0.7620877143702174,-2.0594856522937786,1
364,RG3_L_000364,2,0,실린더와 호퍼 온도 제외,-1.5286001693200983,-2.0594856522937786,1
365,RG3_L_000365,1,0,실린더와 호퍼 온도 제외,-1.8535402264229628,-2.0594856522937786,1
366,RG3_L_000366,1,0,실린더와 호퍼 온도 제외,-1.7122765127019068,-2.0594856522937786,1
368,RG3_L_000368,1,0,실린더와 호퍼 온도 제외,-2.0594856522937786,-2.0594856522937786,0
369,RG3_L_000369,3,0,실린더와 호퍼 온도 제외,-1.9855312948789035,-2.0594856522937786,1
370,RG3_L_000370,3,0,실린더와 호퍼 온도 제외,-1.2371455698475682,-2.0594856522937786,1
371,RG3_L_000371,1,0,실린더와 호퍼 온도 제외,-1.3239770164773894,-2.0594856522937786,1
372,RG3_L_000372,3,0,실린더와 호퍼 온도 제외,-1.1416354298137055,-2.0594856522937786,1
373,RG3_L_000373,0,0,실린더와 호퍼 온도 제외,-0.7015532691908675,-2.0594856522937786,1
374,RG3_L_000374,2,0,실린더와 호퍼 온도 제외,-1.776746923871535,-2.0594856522937786,1
375,RG3_L_000375,3,0,실린더와 호퍼 온도 제외,-1.2319647826570819,-2.0594856522937786,1
376,RG3_L_000376,1,0,실린더와 호퍼 온도 제외,-1.4149328014980131,-2.0594856522937786,1
377,RG3_L_000377,3,0,실린더와 호퍼 온도 제외,-1.6295581283706557,-2.0594856522937786,1
378,RG3_L_000378,0,0,실린더와 호퍼 온도 제외,-0.059982083198951486,-2.0594856522937786,1
379,RG3_L_000379,3,0,실린더와 호퍼 온도 제외,-0.23393545700205642,-2.0594856522937786,1
380,RG3_L_000380,0,0,실린더와 호퍼 온도 제외,1.005560612780993,-2.0594856522937786,1
381,RG3_L_000381,3,1,실린더와 호퍼 온도 제외,0.3584679935870554,-2.0594856522937786,1
382,RG3_L_000382,2,0,실린더와 호퍼 온도 제외,-0.8019413562708557,-2.0594856522937786,1
383,RG3_L_000383,0,0,실린더와 호퍼 온도 제외,0.8298393116644256,-2.0594856522937786,1
385,RG3_L_000385,2,0,실린더와 호퍼 온도 제외,-1.829166925754059,-2.0594856522937786,1
386,RG3_L_000386,1,0,실린더와 호퍼 온도 제외,-1.4875445687222602,-2.0594856522937786,1
387,RG3_L_000387,1,0,실린더와 호퍼 온도 제외,-1.6077034561089611,-2.0594856522937786,1
388,RG3_L_000388,0,0,실린더와 호퍼 온도 제외,-0.10317711243946448,-2.0594856522937786,1
389,RG3_L_000389,0,0,실린더와 호퍼 온도 제외,-0.05710085881815985,-2.0594856522937786,1
391,RG3_L_000391,0,0,실린더와 호퍼 온도 제외,-1.2958761843611057,-2.0594856522937786,1
392,RG3_L_000392,1,0,실린더와 호퍼 온도 제외,-1.5875795060473514,-2.0594856522937786,1
393,RG3_L_000393,1,0,실린더와 호퍼 온도 제외,-1.057361952652112,-2.0594856522937786,1
394,RG3_L_000394,3,0,실린더와 호퍼 온도 제외,-1.2605747647878989,-2.0594856522937786,1
395,RG3_L_000395,3,0,실린더와 호퍼 온도 제외,-1.0621736413000722,-2.0594856522937786,1
398,RG3_L_000398,1,0,실린더와 호퍼 온도 제외,-0.6295450949748833,-2.0594856522937786,1
399,RG3_L_000399,0,0,실린더와 호퍼 온도 제외,-0.9662877226567055,-2.0594856522937786,1
400,RG3_L_000400,0,0,실린더와 호퍼 온도 제외,-1.5617975898137129,-2.0594856522937786,1
401,RG3_L_000401,2,0,실린더와 호퍼 온도 제외,-2.208595580294526,-2.0594856522937786,0
402,RG3_L_000402,3,0,실린더와 호퍼 온도 제외,-1.8487061827554783,-2.0594856522937786,1
404,RG3_L_000404,3,0,실린더와 호퍼 온도 제외,-2.130281297707313,-2.0594856522937786,0
405,RG3_L_000405,2,1,실린더와 호퍼 온도 제외,-0.8985520641488733,-2.0594856522937786,1
407,RG3_L_000407,1,0,실린더와 호퍼 온도 제외,-0.4522611022628791,-2.0594856522937786,1
409,RG3_L_000409,0,0,실린더와 호퍼 온도 제외,-1.8776702713944537,-2.0594856522937786,1
411,RG3_L_000411,3,0,실린더와 호퍼 온도 제외,-1.5010261047928548,-2.0594856522937786,1
412,RG3_L_000412,1,0,실린더와 호퍼 온도 제외,-1.6093813207969667,-2.0594856522937786,1
413,RG3_L_000413,2,0,실린더와 호퍼 온도 제외,-1.5230564176564148,-2.0594856522937786,1
414,RG3_L_000414,2,0,실린더와 호퍼 온도 제외,-0.9073758455324885,-2.0594856522937786,1
415,RG3_L_000415,3,0,실린더와 호퍼 온도 제외,-0.8651553514732964,-2.0594856522937786,1
416,RG3_L_000416,0,0,실린더와 호퍼 온도 제외,-1.7831028597217191,-2.0594856522937786,1
417,RG3_L_000417,2,0,실린더와 호퍼 온도 제외,-2.1245183160445045,-2.0594856522937786,0
418,RG3_L_000418,3,0,실린더와 호퍼 온도 제외,-1.5840605589849837,-2.0594856522937786,1
419,RG3_L_000419,0,0,실린더와 호퍼 온도 제외,-1.620490470352058,-2.0594856522937786,1
421,RG3_L_000421,2,0,실린더와 호퍼 온도 제외,-1.6911081053624972,-2.0594856522937786,1
422,RG3_L_000422,3,0,실린더와 호퍼 온도 제외,-1.1749791746836156,-2.0594856522937786,1
423,RG3_L_000423,1,0,실린더와 호퍼 온도 제외,-1.379559787230228,-2.0594856522937786,1
424,RG3_L_000424,1,0,실린더와 호퍼 온도 제외,-0.6165542813951372,-2.0594856522937786,1
425,RG3_L_000425,0,0,실린더와 호퍼 온도 제외,-1.2749760022939665,-2.0594856522937786,1
426,RG3_L_000426,2,0,실린더와 호퍼 온도 제외,-1.402201881491001,-2.0594856522937786,1
427,RG3_L_000427,1,0,실린더와 호퍼 온도 제외,-1.2404710184743202,-2.0594856522937786,1
429,RG3_L_000429,0,0,실린더와 호퍼 온도 제외,-2.088714343681348,-2.0594856522937786,0
430,RG3_L_000430,0,0,실린더와 호퍼 온도 제외,-2.072292183874925,-2.0594856522937786,0
431,RG3_L_000431,0,0,실린더와 호퍼 온도 제외,-1.5024919452832926,-2.0594856522937786,1
433,RG3_L_000433,2,0,실린더와 호퍼 온도 제외,-0.7288003536383343,-2.0594856522937786,1
434,RG3_L_000434,2,0,실린더와 호퍼 온도 제외,-0.7783693649806942,-2.0594856522937786,1
435,RG3_L_000435,1,0,실린더와 호퍼 온도 제외,-0.8144455861446236,-2.0594856522937786,1
436,RG3_L_000436,3,0,실린더와 호퍼 온도 제외,-1.054836316172322,-2.0594856522937786,1
438,RG3_L_000438,0,0,실린더와 호퍼 온도 제외,-1.3637817501399603,-2.0594856522937786,1
439,RG3_L_000439,3,0,실린더와 호퍼 온도 제외,-0.7708044482599679,-2.0594856522937786,1
440,RG3_L_000440,2,0,실린더와 호퍼 온도 제외,-0.7484033704228317,-2.0594856522937786,1
441,RG3_L_000441,2,0,실린더와 호퍼 온도 제외,-1.2060766500112479,-2.0594856522937786,1
442,RG3_L_000442,2,0,실린더와 호퍼 온도 제외,-0.6871313560580319,-2.0594856522937786,1
443,RG3_L_000443,1,0,실린더와 호퍼 온도 제외,0.15463263718936382,-2.0594856522937786,1
444,RG3_L_000444,3,0,실린더와 호퍼 온도 제외,-0.06612774415387612,-2.0594856522937786,1
445,RG3_L_000445,1,0,실린더와 호퍼 온도 제외,-1.0497803980318672,-2.0594856522937786,1
448,RG3_L_000448,0,0,실린더와 호퍼 온도 제외,-0.8868093676403941,-2.0594856522937786,1
449,RG3_L_000449,1,0,실린더와 호퍼 온도 제외,-1.4107539168244543,-2.0594856522937786,1
450,RG3_L_000450,1,0,실린더와 호퍼 온도 제외,-1.0134933391313652,-2.0594856522937786,1
451,RG3_L_000451,3,0,실린더와 호퍼 온도 제외,-0.9191397101052754,-2.0594856522937786,1
452,RG3_L_000452,0,0,실린더와 호퍼 온도 제외,-0.037919689778247445,-2.0594856522937786,1
453,RG3_L_000453,2,0,실린더와 호퍼 온도 제외,-1.352589512719506,-2.0594856522937786,1
454,RG3_L_000454,3,0,실린더와 호퍼 온도 제외,-1.3646752901585,-2.0594856522937786,1
456,RG3_L_000456,0,0,실린더와 호퍼 온도 제외,-1.9484579188420508,-2.0594856522937786,1
457,RG3_L_000457,2,0,실린더와 호퍼 온도 제외,-1.6197154546333312,-2.0594856522937786,1
458,RG3_L_000458,0,0,실린더와 호퍼 온도 제외,-0.8935728519505819,-2.0594856522937786,1
459,RG3_L_000459,1,0,실린더와 호퍼 온도 제외,-1.059395278893179,-2.0594856522937786,1
460,RG3_L_000460,0,0,실린더와 호퍼 온도 제외,-0.49208045779486476,-2.0594856522937786,1
461,RG3_L_000461,3,0,실린더와 호퍼 온도 제외,-1.5212737214799983,-2.0594856522937786,1
462,RG3_L_000462,3,0,실린더와 호퍼 온도 제외,-1.9163069434580962,-2.0594856522937786,1
463,RG3_L_000463,1,0,실린더와 호퍼 온도 제외,-1.9243636083030662,-2.0594856522937786,1
464,RG3_L_000464,2,0,실린더와 호퍼 온도 제외,-1.4088376783388785,-2.0594856522937786,1
466,RG3_L_000466,3,0,실린더와 호퍼 온도 제외,-0.8426067849218057,-2.0594856522937786,1
467,RG3_L_000467,2,0,실린더와 호퍼 온도 제외,-0.7195149660086155,-2.0594856522937786,1
468,RG3_L_000468,2,0,실린더와 호퍼 온도 제외,-0.8343331826371347,-2.0594856522937786,1
469,RG3_L_000469,1,0,실린더와 호퍼 온도 제외,-0.2860203680175566,-2.0594856522937786,1
470,RG3_L_000470,1,0,실린더와 호퍼 온도 제외,-1.6486288146378172,-2.0594856522937786,1
471,RG3_L_000471,2,0,실린더와 호퍼 온도 제외,-1.620364301067223,-2.0594856522937786,1
472,RG3_L_000472,3,0,실린더와 호퍼 온도 제외,-0.6087448447840558,-2.0594856522937786,1
473,RG3_L_000473,2,0,실린더와 호퍼 온도 제외,-1.5564413612686234,-2.0594856522937786,1
476,RG3_L_000476,2,1,실린더와 호퍼 온도 제외,-1.3051134389031915,-2.0594856522937786,1
477,RG3_L_000477,3,0,실린더와 호퍼 온도 제외,7.121252815097532,-2.0594856522937786,1
478,RG3_L_000478,3,0,실린더와 호퍼 온도 제외,-0.8577952923863101,-2.0594856522937786,1
481,RG3_L_000481,2,0,실린더와 호퍼 온도 제외,-1.0301189705728024,-2.0594856522937786,1
483,RG3_L_000483,0,1,실린더와 호퍼 온도 제외,-1.7475567415633648,-2.0594856522937786,1
484,RG3_L_000484,3,0,실린더와 호퍼 온도 제외,7.144555995501466,-2.0594856522937786,1
485,RG3_L_000485,2,0,실린더와 호퍼 온도 제외,-0.25801708855969885,-2.0594856522937786,1
486,RG3_L_000486,3,1,실린더와 호퍼 온도 제외,-0.8195063405793199,-2.0594856522937786,1
487,RG3_L_000487,1,0,실린더와 호퍼 온도 제외,-2.021973802160991,-2.0594856522937786,1
488,RG3_L_000488,1,0,실린더와 호퍼 온도 제외,-1.3331365123070604,-2.0594856522937786,1
490,RG3_L_000490,0,0,실린더와 호퍼 온도 제외,-1.2828973848922232,-2.0594856522937786,1
491,RG3_L_000491,1,0,실린더와 호퍼 온도 제외,-1.6137301591603759,-2.0594856522937786,1
492,RG3_L_000492,1,0,실린더와 호퍼 온도 제외,-0.5417289151767779,-2.0594856522937786,1
493,RG3_L_000493,2,0,실린더와 호퍼 온도 제외,-0.8835135174587165,-2.0594856522937786,1
494,RG3_L_000494,2,0,실린더와 호퍼 온도 제외,-0.7783831958412719,-2.0594856522937786,1
495,RG3_L_000495,0,0,실린더와 호퍼 온도 제외,-0.7695730154235676,-2.0594856522937786,1
500,RG3_L_000500,0,0,실린더와 호퍼 온도 제외,-0.8979659366336197,-2.0594856522937786,1
501,RG3_L_000501,0,0,실린더와 호퍼 온도 제외,-0.69233552599486,-2.0594856522937786,1
502,RG3_L_000502,3,0,실린더와 호퍼 온도 제외,-0.5123827455938788,-2.0594856522937786,1
503,RG3_L_000503,0,0,실린더와 호퍼 온도 제외,0.38233641256207207,-2.0594856522937786,1
504,RG3_L_000504,0,0,실린더와 호퍼 온도 제외,0.7576915621533846,-2.0594856522937786,1
505,RG3_L_000505,1,0,실린더와 호퍼 온도 제외,-0.49414999265577286,-2.0594856522937786,1
508,RG3_L_000508,0,0,실린더와 호퍼 온도 제외,-1.3383316344569867,-2.0594856522937786,1
509,RG3_L_000509,2,0,실린더와 호퍼 온도 제외,-1.1783699760023154,-2.0594856522937786,1
510,RG3_L_000510,3,0,실린더와 호퍼 온도 제외,-0.8282749461266725,-2.0594856522937786,1
512,RG3_L_000512,0,0,실린더와 호퍼 온도 제외,0.059731988619937226,-2.0594856522937786,1
513,RG3_L_000513,3,0,실린더와 호퍼 온도 제외,-0.2435212816777046,-2.0594856522937786,1
515,RG3_L_000515,3,0,실린더와 호퍼 온도 제외,-1.6424110524841922,-2.0594856522937786,1
516,RG3_L_000516,0,0,실린더와 호퍼 온도 제외,-1.2920659447020117,-2.0594856522937786,1
517,RG3_L_000517,3,0,실린더와 호퍼 온도 제외,-0.5350092872192054,-2.0594856522937786,1
518,RG3_L_000518,2,0,실린더와 호퍼 온도 제외,-0.9508616165073409,-2.0594856522937786,1
519,RG3_L_000519,2,0,실린더와 호퍼 온도 제외,0.01627430149748399,-2.0594856522937786,1
520,RG3_L_000520,0,0,실린더와 호퍼 온도 제외,6.736883174666787,-2.0594856522937786,1
521,RG3_L_000521,2,0,실린더와 호퍼 온도 제외,-0.71009410239758,-2.0594856522937786,1
522,RG3_L_000522,0,0,실린더와 호퍼 온도 제외,-0.07707859541046069,-2.0594856522937786,1
523,RG3_L_000523,3,0,실린더와 호퍼 온도 제외,-0.20568448710988108,-2.0594856522937786,1
524,RG3_L_000524,2,0,실린더와 호퍼 온도 제외,-1.286758638349049,-2.0594856522937786,1
525,RG3_L_000525,1,0,실린더와 호퍼 온도 제외,-1.1539209347814126,-2.0594856522937786,1
526,RG3_L_000526,2,0,실린더와 호퍼 온도 제외,-0.7775882728968497,-2.0594856522937786,1
528,RG3_L_000528,3,0,실린더와 호퍼 온도 제외,-0.7923243167601157,-2.0594856522937786,1
529,RG3_L_000529,1,0,실린더와 호퍼 온도 제외,-0.5869376553978878,-2.0594856522937786,1
530,RG3_L_000530,2,0,실린더와 호퍼 온도 제외,-0.6530308176763828,-2.0594856522937786,1
534,RG3_L_000534,3,0,실린더와 호퍼 온도 제외,-0.7078554261727952,-2.0594856522937786,1
535,RG3_L_000535,2,0,실린더와 호퍼 온도 제외,-1.3842234297395049,-2.0594856522937786,1
537,RG3_L_000537,2,0,실린더와 호퍼 온도 제외,-1.6493038786523702,-2.0594856522937786,1
538,RG3_L_000538,0,0,실린더와 호퍼 온도 제외,-1.1142693731174909,-2.0594856522937786,1
539,RG3_L_000539,3,0,실린더와 호퍼 온도 제외,-0.5075881068539925,-2.0594856522937786,1
540,RG3_L_000540,0,0,실린더와 호퍼 온도 제외,-0.4462708784719531,-2.0594856522937786,1
541,RG3_L_000541,1,0,실린더와 호퍼 온도 제외,-0.5906256110318466,-2.0594856522937786,1
543,RG3_L_000543,1,0,실린더와 호퍼 온도 제외,-1.005662543256042,-2.0594856522937786,1
544,RG3_L_000544,3,0,실린더와 호퍼 온도 제외,-1.7166120362911848,-2.0594856522937786,1
545,RG3_L_000545,1,0,실린더와 호퍼 온도 제외,-1.350722256297006,-2.0594856522937786,1
546,RG3_L_000546,1,0,실린더와 호퍼 온도 제외,-0.5009380707222313,-2.0594856522937786,1
547,RG3_L_000547,0,0,실린더와 호퍼 온도 제외,-0.4244047910527282,-2.0594856522937786,1
548,RG3_L_000548,0,0,실린더와 호퍼 온도 제외,-0.1988360049998672,-2.0594856522937786,1
550,RG3_L_000550,3,0,실린더와 호퍼 온도 제외,0.3148365374771043,-2.0594856522937786,1
551,RG3_L_000551,2,0,실린더와 호퍼 온도 제외,0.5692693954199495,-2.0594856522937786,1
552,RG3_L_000552,2,0,실린더와 호퍼 온도 제외,-0.8015800061491412,-2.0594856522937786,1
553,RG3_L_000553,0,0,실린더와 호퍼 온도 제외,-1.599162973125555,-2.0594856522937786,1
554,RG3_L_000554,2,0,실린더와 호퍼 온도 제외,-1.7196836197371717,-2.0594856522937786,1
555,RG3_L_000555,1,0,실린더와 호퍼 온도 제외,-0.6471646181695974,-2.0594856522937786,1
556,RG3_L_000556,2,0,실린더와 호퍼 온도 제외,-0.32027918796891974,-2.0594856522937786,1
558,RG3_L_000558,1,0,실린더와 호퍼 온도 제외,6.100478709249011,-2.0594856522937786,1
559,RG3_L_000559,3,0,실린더와 호퍼 온도 제외,-0.18494119176021329,-2.0594856522937786,1
560,RG3_L_000560,3,1,실린더와 호퍼 온도 제외,-0.856742172767591,-2.0594856522937786,1
561,RG3_L_000561,2,0,실린더와 호퍼 온도 제외,-0.9858461287508486,-2.0594856522937786,1
562,RG3_L_000562,3,0,실린더와 호퍼 온도 제외,-0.523180277978442,-2.0594856522937786,1
563,RG3_L_000563,3,0,실린더와 호퍼 온도 제외,-0.8863024800900039,-2.0594856522937786,1
564,RG3_L_000564,2,0,실린더와 호퍼 온도 제외,-0.6186553300266429,-2.0594856522937786,1
565,RG3_L_000565,2,0,실린더와 호퍼 온도 제외,-1.150520867913535,-2.0594856522937786,1
567,RG3_L_000567,1,0,실린더와 호퍼 온도 제외,-0.6369195525743301,-2.0594856522937786,1
568,RG3_L_000568,1,0,실린더와 호퍼 온도 제외,0.061604955818129525,-2.0594856522937786,1
569,RG3_L_000569,1,0,실린더와 호퍼 온도 제외,-0.8325790528298853,-2.0594856522937786,1
570,RG3_L_000570,3,0,실린더와 호퍼 온도 제외,-0.15503318007808353,-2.0594856522937786,1
571,RG3_L_000571,0,0,실린더와 호퍼 온도 제외,-0.4817065642025522,-2.0594856522937786,1
572,RG3_L_000572,3,0,실린더와 호퍼 온도 제외,0.7339583578673121,-2.0594856522937786,1
573,RG3_L_000573,0,0,실린더와 호퍼 온도 제외,-0.9106796643455244,-2.0594856522937786,1
575,RG3_L_000575,2,0,실린더와 호퍼 온도 제외,-1.170492306992161,-2.0594856522937786,1
577,RG3_L_000577,1,0,실린더와 호퍼 온도 제외,10.516774054644321,-2.0594856522937786,1
578,RG3_L_000578,1,0,실린더와 호퍼 온도 제외,12.927080702796212,-2.0594856522937786,1
579,RG3_L_000579,3,0,실린더와 호퍼 온도 제외,-0.9552270011879926,-2.0594856522937786,1
580,RG3_L_000580,0,0,실린더와 호퍼 온도 제외,-0.6535687907188379,-2.0594856522937786,1
581,RG3_L_000581,1,0,실린더와 호퍼 온도 제외,-0.2104154411319925,-2.0594856522937786,1
583,RG3_L_000583,0,0,실린더와 호퍼 온도 제외,-1.3760083943334909,-2.0594856522937786,1
584,RG3_L_000584,0,0,실린더와 호퍼 온도 제외,-1.3803267977683404,-2.0594856522937786,1
586,RG3_L_000586,2,0,실린더와 호퍼 온도 제외,-0.6852269000831726,-2.0594856522937786,1
587,RG3_L_000587,3,0,실린더와 호퍼 온도 제외,0.6238215172061352,-2.0594856522937786,1
589,RG3_L_000589,3,0,실린더와 호퍼 온도 제외,-0.08715867676796663,-2.0594856522937786,1
590,RG3_L_000590,0,0,실린더와 호퍼 온도 제외,-0.8914226595061212,-2.0594856522937786,1
0,RG3_L_000000,2,0,금형 온도 제외,-0.2659417792719605,-2.5294165573375604,1
2,RG3_L_000002,0,0,금형 온도 제외,-0.679927517138827,-2.5294165573375604,1
3,RG3_L_000003,2,0,금형 온도 제외,-0.6728426120795845,-2.5294165573375604,1
4,RG3_L_000004,2,0,금형 온도 제외,-0.3199167957462983,-2.5294165573375604,1
5,RG3_L_000005,1,0,금형 온도 제외,0.12514420396182402,-2.5294165573375604,1
6,RG3_L_000006,1,0,금형 온도 제외,0.6496378627723534,-2.5294165573375604,1
7,RG3_L_000007,2,0,금형 온도 제외,0.3776353932420822,-2.5294165573375604,1
9,RG3_L_000009,0,0,금형 온도 제외,0.31304240227369284,-2.5294165573375604,1
10,RG3_L_000010,3,0,금형 온도 제외,-0.2983221205337312,-2.5294165573375604,1
11,RG3_L_000011,0,0,금형 온도 제외,-1.7514918517544658,-2.5294165573375604,1
12,RG3_L_000012,0,0,금형 온도 제외,-1.137666307477037,-2.5294165573375604,1
15,RG3_L_000015,1,0,금형 온도 제외,-0.5761219671077509,-2.5294165573375604,1
16,RG3_L_000016,1,0,금형 온도 제외,-1.6413393818981312,-2.5294165573375604,1
17,RG3_L_000017,3,0,금형 온도 제외,-0.6465992748070306,-2.5294165573375604,1
18,RG3_L_000018,3,0,금형 온도 제외,0.21318831158632712,-2.5294165573375604,1
19,RG3_L_000019,0,0,금형 온도 제외,-1.8253049746175325,-2.5294165573375604,1
22,RG3_L_000022,3,0,금형 온도 제외,-1.188742514947542,-2.5294165573375604,1
23,RG3_L_000023,2,0,금형 온도 제외,0.4064488517778173,-2.5294165573375604,1
24,RG3_L_000024,3,0,금형 온도 제외,0.17475839896313872,-2.5294165573375604,1
25,RG3_L_000025,0,0,금형 온도 제외,-0.5033897898676347,-2.5294165573375604,1
26,RG3_L_000026,0,0,금형 온도 제외,-1.6749095759616068,-2.5294165573375604,1
27,RG3_L_000027,1,0,금형 온도 제외,-1.524932187326117,-2.5294165573375604,1
28,RG3_L_000028,2,0,금형 온도 제외,-0.9444568239788893,-2.5294165573375604,1
29,RG3_L_000029,1,0,금형 온도 제외,-0.01896124316192882,-2.5294165573375604,1
30,RG3_L_000030,1,0,금형 온도 제외,-0.6089631605354082,-2.5294165573375604,1
31,RG3_L_000031,1,0,금형 온도 제외,0.8544219835947455,-2.5294165573375604,1
32,RG3_L_000032,0,0,금형 온도 제외,-0.14597937520515458,-2.5294165573375604,1
33,RG3_L_000033,3,0,금형 온도 제외,-1.1168392382935792,-2.5294165573375604,1
35,RG3_L_000035,0,0,금형 온도 제외,8.638801393466743,-2.5294165573375604,1
36,RG3_L_000036,3,0,금형 온도 제외,-0.7499217704814924,-2.5294165573375604,1
37,RG3_L_000037,3,0,금형 온도 제외,0.6654220323007696,-2.5294165573375604,1
38,RG3_L_000038,2,0,금형 온도 제외,-1.5060710532262505,-2.5294165573375604,1
39,RG3_L_000039,3,0,금형 온도 제외,-1.1072008385406775,-2.5294165573375604,1
41,RG3_L_000041,1,0,금형 온도 제외,-1.0377976005537075,-2.5294165573375604,1
42,RG3_L_000042,3,0,금형 온도 제외,-0.9080938920817054,-2.5294165573375604,1
44,RG3_L_000044,0,0,금형 온도 제외,1.2851466334704682,-2.5294165573375604,1
45,RG3_L_000045,2,0,금형 온도 제외,-0.5299783932554938,-2.5294165573375604,1
46,RG3_L_000046,2,0,금형 온도 제외,-2.237121639889386,-2.5294165573375604,1
47,RG3_L_000047,1,0,금형 온도 제외,-2.33606629699433,-2.5294165573375604,1
48,RG3_L_000048,0,0,금형 온도 제외,-1.7677764742509812,-2.5294165573375604,1
49,RG3_L_000049,2,0,금형 온도 제외,-2.1025683338967234,-2.5294165573375604,1
50,RG3_L_000050,0,0,금형 온도 제외,-1.978182464815859,-2.5294165573375604,1
51,RG3_L_000051,2,0,금형 온도 제외,0.1631773275154007,-2.5294165573375604,1
54,RG3_L_000054,0,0,금형 온도 제외,-2.4152340405287926,-2.5294165573375604,1
55,RG3_L_000055,3,0,금형 온도 제외,-2.1883184442395915,-2.5294165573375604,1
56,RG3_L_000056,0,0,금형 온도 제외,-1.2616569793721002,-2.5294165573375604,1
57,RG3_L_000057,0,0,금형 온도 제외,-1.5489425855962793,-2.5294165573375604,1
59,RG3_L_000059,1,0,금형 온도 제외,-1.9888885235571578,-2.5294165573375604,1
60,RG3_L_000060,3,0,금형 온도 제외,-1.444959710302319,-2.5294165573375604,1
61,RG3_L_000061,3,0,금형 온도 제외,-2.198217968273534,-2.5294165573375604,1
63,RG3_L_000063,2,0,금형 온도 제외,-1.39860287356281,-2.5294165573375604,1
65,RG3_L_000065,0,0,금형 온도 제외,-2.10457498558946,-2.5294165573375604,1
66,RG3_L_000066,2,0,금형 온도 제외,-1.4963887127405506,-2.5294165573375604,1
67,RG3_L_000067,2,0,금형 온도 제외,-1.0582489319042914,-2.5294165573375604,1
68,RG3_L_000068,1,1,금형 온도 제외,-1.1076097025716436,-2.5294165573375604,1
69,RG3_L_000069,3,0,금형 온도 제외,-1.4708560900042578,-2.5294165573375604,1
70,RG3_L_000070,3,0,금형 온도 제외,-0.5309157265854019,-2.5294165573375604,1
71,RG3_L_000071,0,0,금형 온도 제외,-2.396222829695395,-2.5294165573375604,1
73,RG3_L_000073,3,0,금형 온도 제외,-1.626675567207048,-2.5294165573375604,1
74,RG3_L_000074,0,0,금형 온도 제외,-1.9949975563944449,-2.5294165573375604,1
75,RG3_L_000075,3,0,금형 온도 제외,-1.6085700363646307,-2.5294165573375604,1
76,RG3_L_000076,3,0,금형 온도 제외,-1.6715738051927787,-2.5294165573375604,1
77,RG3_L_000077,0,0,금형 온도 제외,-1.388894019670568,-2.5294165573375604,1
78,RG3_L_000078,0,0,금형 온도 제외,-1.1097507208146933,-2.5294165573375604,1
79,RG3_L_000079,2,0,금형 온도 제외,-0.8301899022042107,-2.5294165573375604,1
80,RG3_L_000080,1,1,금형 온도 제외,-2.123207470792485,-2.5294165573375604,1
81,RG3_L_000081,2,0,금형 온도 제외,-0.9635482379716649,-2.5294165573375604,1
83,RG3_L_000083,0,0,금형 온도 제외,-2.2551660377054947,-2.5294165573375604,1
84,RG3_L_000084,2,0,금형 온도 제외,-1.7588848194771227,-2.5294165573375604,1
85,RG3_L_000085,0,1,금형 온도 제외,-2.511400545163836,-2.5294165573375604,1
86,RG3_L_000086,2,0,금형 온도 제외,-1.230339782396097,-2.5294165573375604,1
87,RG3_L_000087,2,0,금형 온도 제외,-0.515910395068067,-2.5294165573375604,1
88,RG3_L_000088,3,0,금형 온도 제외,-1.147463385551232,-2.5294165573375604,1
89,RG3_L_000089,3,0,금형 온도 제외,-0.8907572690545091,-2.5294165573375604,1
91,RG3_L_000091,3,0,금형 온도 제외,-1.427031245320693,-2.5294165573375604,1
92,RG3_L_000092,0,0,금형 온도 제외,-2.016952451523796,-2.5294165573375604,1
93,RG3_L_000093,3,0,금형 온도 제외,-1.2671580125732795,-2.5294165573375604,1
95,RG3_L_000095,2,0,금형 온도 제외,-1.6323702492059908,-2.5294165573375604,1
96,RG3_L_000096,3,0,금형 온도 제외,-1.6973747415417755,-2.5294165573375604,1
97,RG3_L_000097,0,0,금형 온도 제외,-1.0350269539669288,-2.5294165573375604,1
98,RG3_L_000098,1,0,금형 온도 제외,-0.5921487263998877,-2.5294165573375604,1
99,RG3_L_000099,3,0,금형 온도 제외,-2.0210650966346506,-2.5294165573375604,1
100,RG3_L_000100,1,0,금형 온도 제외,-2.1816035128693354,-2.5294165573375604,1
101,RG3_L_000101,2,0,금형 온도 제외,-1.9908964557767295,-2.5294165573375604,1
102,RG3_L_000102,0,1,금형 온도 제외,-1.4759154913136197,-2.5294165573375604,1
104,RG3_L_000104,2,0,금형 온도 제외,-0.8380120333806769,-2.5294165573375604,1
105,RG3_L_000105,2,0,금형 온도 제외,-1.1556824740778122,-2.5294165573375604,1
107,RG3_L_000107,0,0,금형 온도 제외,-1.524946893410064,-2.5294165573375604,1
108,RG3_L_000108,0,0,금형 온도 제외,-1.9668856914087662,-2.5294165573375604,1
111,RG3_L_000111,3,0,금형 온도 제외,-1.7766448245471533,-2.5294165573375604,1
112,RG3_L_000112,3,0,금형 온도 제외,-1.0986671593473059,-2.5294165573375604,1
113,RG3_L_000113,1,0,금형 온도 제외,-1.4568229798634125,-2.5294165573375604,1
114,RG3_L_000114,0,0,금형 온도 제외,0.2149245329899383,-2.5294165573375604,1
115,RG3_L_000115,0,0,금형 온도 제외,-0.7322396415348571,-2.5294165573375604,1
116,RG3_L_000116,1,0,금형 온도 제외,-0.842887552378567,-2.5294165573375604,1
117,RG3_L_000117,0,0,금형 온도 제외,-1.4256619734292695,-2.5294165573375604,1
118,RG3_L_000118,0,0,금형 온도 제외,-1.4701250865229838,-2.5294165573375604,1
119,RG3_L_000119,0,0,금형 온도 제외,-1.73905290337256,-2.5294165573375604,1
120,RG3_L_000120,2,0,금형 온도 제외,-2.1057655000944635,-2.5294165573375604,1
121,RG3_L_000121,3,0,금형 온도 제외,-1.675044206159578,-2.5294165573375604,1
122,RG3_L_000122,1,1,금형 온도 제외,-1.5266423683645414,-2.5294165573375604,1
123,RG3_L_000123,0,0,금형 온도 제외,0.26614563364963395,-2.5294165573375604,1
124,RG3_L_000124,0,0,금형 온도 제외,0.11708745940824272,-2.5294165573375604,1
125,RG3_L_000125,3,0,금형 온도 제외,-0.03190481945356183,-2.5294165573375604,1
127,RG3_L_000127,1,0,금형 온도 제외,-1.5195915824738737,-2.5294165573375604,1
128,RG3_L_000128,1,0,금형 온도 제외,-2.5294165573375604,-2.5294165573375604,0
129,RG3_L_000129,1,0,금형 온도 제외,-1.9168442215761363,-2.5294165573375604,1
130,RG3_L_000130,0,0,금형 온도 제외,-2.206072012068965,-2.5294165573375604,1
131,RG3_L_000131,3,0,금형 온도 제외,-2.4042506880487906,-2.5294165573375604,1
132,RG3_L_000132,1,0,금형 온도 제외,-1.6798675013896265,-2.5294165573375604,1
134,RG3_L_000134,2,0,금형 온도 제외,-1.0273356900215607,-2.5294165573375604,1
136,RG3_L_000136,2,0,금형 온도 제외,-1.7072879497850906,-2.5294165573375604,1
137,RG3_L_000137,3,0,금형 온도 제외,-1.5829549112733208,-2.5294165573375604,1
138,RG3_L_000138,0,0,금형 온도 제외,-1.4733146004580817,-2.5294165573375604,1
139,RG3_L_000139,2,0,금형 온도 제외,-1.7066435247872977,-2.5294165573375604,1
141,RG3_L_000141,0,0,금형 온도 제외,-2.530245520362561,-2.5294165573375604,0
142,RG3_L_000142,0,0,금형 온도 제외,-1.1654624123885178,-2.5294165573375604,1
144,RG3_L_000144,1,0,금형 온도 제외,-1.878841633361695,-2.5294165573375604,1
145,RG3_L_000145,1,0,금형 온도 제외,-1.288632549717608,-2.5294165573375604,1
146,RG3_L_000146,3,0,금형 온도 제외,-0.5299419588150887,-2.5294165573375604,1
147,RG3_L_000147,2,0,금형 온도 제외,-0.9027294598700486,-2.5294165573375604,1
148,RG3_L_000148,0,0,금형 온도 제외,-1.2700207644137418,-2.5294165573375604,1
149,RG3_L_000149,3,0,금형 온도 제외,-0.560831512435664,-2.5294165573375604,1
150,RG3_L_000150,3,1,금형 온도 제외,-1.8154773994632034,-2.5294165573375604,1
151,RG3_L_000151,3,0,금형 온도 제외,-1.8388342537432525,-2.5294165573375604,1
152,RG3_L_000152,2,1,금형 온도 제외,-1.902587374410741,-2.5294165573375604,1
153,RG3_L_000153,2,0,금형 온도 제외,-1.8350209961499182,-2.5294165573375604,1
154,RG3_L_000154,0,0,금형 온도 제외,-1.5364409981574951,-2.5294165573375604,1
155,RG3_L_000155,1,1,금형 온도 제외,-0.7701539809026254,-2.5294165573375604,1
156,RG3_L_000156,0,0,금형 온도 제외,-0.9707469537092468,-2.5294165573375604,1
157,RG3_L_000157,1,0,금형 온도 제외,0.5173845057706181,-2.5294165573375604,1
158,RG3_L_000158,0,0,금형 온도 제외,-1.3837247545329383,-2.5294165573375604,1
159,RG3_L_000159,1,0,금형 온도 제외,-0.48365845503856164,-2.5294165573375604,1
160,RG3_L_000160,2,0,금형 온도 제외,-0.7644207563041583,-2.5294165573375604,1
161,RG3_L_000161,3,1,금형 온도 제외,-1.344607043116179,-2.5294165573375604,1
162,RG3_L_000162,1,0,금형 온도 제외,-1.9148466576881429,-2.5294165573375604,1
163,RG3_L_000163,0,0,금형 온도 제외,-0.7398564632281008,-2.5294165573375604,1
164,RG3_L_000164,0,0,금형 온도 제외,-0.1439135280537478,-2.5294165573375604,1
166,RG3_L_000166,2,0,금형 온도 제외,-1.2011917679542812,-2.5294165573375604,1
167,RG3_L_000167,1,0,금형 온도 제외,-1.2108158125899156,-2.5294165573375604,1
168,RG3_L_000168,0,0,금형 온도 제외,-1.900802892828466,-2.5294165573375604,1
172,RG3_L_000172,1,0,금형 온도 제외,-1.2762789967038355,-2.5294165573375604,1
173,RG3_L_000173,2,1,금형 온도 제외,-2.282736834425865,-2.5294165573375604,1
174,RG3_L_000174,2,0,금형 온도 제외,-1.875323751042119,-2.5294165573375604,1
175,RG3_L_000175,0,0,금형 온도 제외,-1.0765778640740535,-2.5294165573375604,1
177,RG3_L_000177,0,0,금형 온도 제외,-1.227865864518547,-2.5294165573375604,1
178,RG3_L_000178,3,0,금형 온도 제외,-1.901564488696211,-2.5294165573375604,1
179,RG3_L_000179,0,0,금형 온도 제외,-1.10826481859897,-2.5294165573375604,1
180,RG3_L_000180,2,0,금형 온도 제외,-1.263284885729263,-2.5294165573375604,1
181,RG3_L_000181,3,0,금형 온도 제외,-1.3670004575093433,-2.5294165573375604,1
182,RG3_L_000182,1,0,금형 온도 제외,-1.436969683684973,-2.5294165573375604,1
183,RG3_L_000183,1,0,금형 온도 제외,-1.2930442203775137,-2.5294165573375604,1
184,RG3_L_000184,1,0,금형 온도 제외,-1.1100531889713974,-2.5294165573375604,1
185,RG3_L_000185,1,0,금형 온도 제외,-1.652862289468846,-2.5294165573375604,1
186,RG3_L_000186,2,0,금형 온도 제외,-1.7340427720328915,-2.5294165573375604,1
187,RG3_L_000187,3,0,금형 온도 제외,-0.4649753320888568,-2.5294165573375604,1
188,RG3_L_000188,1,0,금형 온도 제외,0.19204218735439582,-2.5294165573375604,1
189,RG3_L_000189,3,0,금형 온도 제외,-1.154505071277784,-2.5294165573375604,1
190,RG3_L_000190,3,0,금형 온도 제외,-0.7460777744635259,-2.5294165573375604,1
191,RG3_L_000191,1,0,금형 온도 제외,0.8179465573746754,-2.5294165573375604,1
192,RG3_L_000192,3,0,금형 온도 제외,-0.04644443534344944,-2.5294165573375604,1
193,RG3_L_000193,2,0,금형 온도 제외,-0.6067247474382604,-2.5294165573375604,1
194,RG3_L_000194,3,0,금형 온도 제외,-1.1307382870291942,-2.5294165573375604,1
195,RG3_L_000195,1,0,금형 온도 제외,-0.5129128830023273,-2.5294165573375604,1
196,RG3_L_000196,0,0,금형 온도 제외,-1.5954961012533975,-2.5294165573375604,1
198,RG3_L_000198,3,0,금형 온도 제외,-1.2069506448770948,-2.5294165573375604,1
202,RG3_L_000202,1,0,금형 온도 제외,-0.5870187030539764,-2.5294165573375604,1
203,RG3_L_000203,1,1,금형 온도 제외,-0.2692946918521475,-2.5294165573375604,1
204,RG3_L_000204,3,0,금형 온도 제외,-0.9508100388557601,-2.5294165573375604,1
205,RG3_L_000205,2,1,금형 온도 제외,-1.751487312953996,-2.5294165573375604,1
206,RG3_L_000206,1,0,금형 온도 제외,-1.390215313206257,-2.5294165573375604,1
207,RG3_L_000207,1,0,금형 온도 제외,-1.6117310844614288,-2.5294165573375604,1
208,RG3_L_000208,1,0,금형 온도 제외,-0.7357958315228501,-2.5294165573375604,1
209,RG3_L_000209,0,0,금형 온도 제외,-1.1728023869152562,-2.5294165573375604,1
210,RG3_L_000210,3,0,금형 온도 제외,-1.1839996990859571,-2.5294165573375604,1
211,RG3_L_000211,3,0,금형 온도 제외,-0.5799693697479498,-2.5294165573375604,1
212,RG3_L_000212,1,0,금형 온도 제외,-1.5049927520814403,-2.5294165573375604,1
214,RG3_L_000214,0,0,금형 온도 제외,-2.4689396558316883,-2.5294165573375604,1
215,RG3_L_000215,2,0,금형 온도 제외,-0.626739902987099,-2.5294165573375604,1
216,RG3_L_000216,2,0,금형 온도 제외,-1.4875508823186063,-2.5294165573375604,1
218,RG3_L_000218,1,0,금형 온도 제외,-1.5079521140109478,-2.5294165573375604,1
220,RG3_L_000220,1,0,금형 온도 제외,-0.6953948906767593,-2.5294165573375604,1
221,RG3_L_000221,3,0,금형 온도 제외,-0.8235638961028453,-2.5294165573375604,1
222,RG3_L_000222,2,0,금형 온도 제외,-1.3355646871593478,-2.5294165573375604,1
223,RG3_L_000223,3,0,금형 온도 제외,-1.2615128407388365,-2.5294165573375604,1
225,RG3_L_000225,3,0,금형 온도 제외,-1.8173979957644146,-2.5294165573375604,1
227,RG3_L_000227,1,0,금형 온도 제외,-0.9239616487402547,-2.5294165573375604,1
230,RG3_L_000230,1,0,금형 온도 제외,-0.6448625222147069,-2.5294165573375604,1
232,RG3_L_000232,3,0,금형 온도 제외,-1.4173265662565289,-2.5294165573375604,1
233,RG3_L_000233,3,0,금형 온도 제외,-1.73873369923502,-2.5294165573375604,1
234,RG3_L_000234,2,0,금형 온도 제외,-1.946127253106587,-2.5294165573375604,1
235,RG3_L_000235,0,0,금형 온도 제외,-0.8297283582934138,-2.5294165573375604,1
236,RG3_L_000236,1,0,금형 온도 제외,-1.0281730157874822,-2.5294165573375604,1
237,RG3_L_000237,2,0,금형 온도 제외,-1.288364399804502,-2.5294165573375604,1
238,RG3_L_000238,2,0,금형 온도 제외,-0.9918640871201543,-2.5294165573375604,1
239,RG3_L_000239,2,0,금형 온도 제외,-1.8894779151515948,-2.5294165573375604,1
240,RG3_L_000240,2,0,금형 온도 제외,-1.933360472471394,-2.5294165573375604,1
241,RG3_L_000241,0,0,금형 온도 제외,-1.7890922165731595,-2.5294165573375604,1
242,RG3_L_000242,0,0,금형 온도 제외,-0.9693307758109686,-2.5294165573375604,1
244,RG3_L_000244,1,0,금형 온도 제외,-0.8202673131252922,-2.5294165573375604,1
245,RG3_L_000245,2,0,금형 온도 제외,-0.10705418929276611,-2.5294165573375604,1
246,RG3_L_000246,0,0,금형 온도 제외,-1.0406775441144784,-2.5294165573375604,1
247,RG3_L_000247,2,0,금형 온도 제외,-0.7087510924901927,-2.5294165573375604,1
248,RG3_L_000248,2,0,금형 온도 제외,-0.893972249950405,-2.5294165573375604,1
250,RG3_L_000250,1,0,금형 온도 제외,-0.30990308165807967,-2.5294165573375604,1
251,RG3_L_000251,1,0,금형 온도 제외,-1.6249065229090753,-2.5294165573375604,1
252,RG3_L_000252,1,0,금형 온도 제외,-0.693674291735416,-2.5294165573375604,1
253,RG3_L_000253,1,0,금형 온도 제외,-1.535659677874948,-2.5294165573375604,1
255,RG3_L_000255,0,0,금형 온도 제외,-0.24523298795936377,-2.5294165573375604,1
257,RG3_L_000257,2,0,금형 온도 제외,-1.8411149763250663,-2.5294165573375604,1
258,RG3_L_000258,0,0,금형 온도 제외,-1.282153663704296,-2.5294165573375604,1
259,RG3_L_000259,0,0,금형 온도 제외,-2.2191046431020744,-2.5294165573375604,1
260,RG3_L_000260,0,0,금형 온도 제외,-1.990553230971189,-2.5294165573375604,1
261,RG3_L_000261,2,0,금형 온도 제외,-1.2332198706975301,-2.5294165573375604,1
262,RG3_L_000262,1,0,금형 온도 제외,-0.04836739519865496,-2.5294165573375604,1
263,RG3_L_000263,3,0,금형 온도 제외,-1.9154387373555064,-2.5294165573375604,1
266,RG3_L_000266,2,0,금형 온도 제외,-0.7197535884262685,-2.5294165573375604,1
267,RG3_L_000267,1,0,금형 온도 제외,-1.2269502372201853,-2.5294165573375604,1
268,RG3_L_000268,2,0,금형 온도 제외,-1.363780072007449,-2.5294165573375604,1
269,RG3_L_000269,3,0,금형 온도 제외,-1.0661323265731184,-2.5294165573375604,1
270,RG3_L_000270,1,0,금형 온도 제외,-0.9015863659126282,-2.5294165573375604,1
271,RG3_L_000271,1,0,금형 온도 제외,-1.2892422834797532,-2.5294165573375604,1
274,RG3_L_000274,0,0,금형 온도 제외,-1.4655535424809987,-2.5294165573375604,1
275,RG3_L_000275,0,1,금형 온도 제외,-0.8849347680585176,-2.5294165573375604,1
276,RG3_L_000276,2,0,금형 온도 제외,-1.7178982543438757,-2.5294165573375604,1
277,RG3_L_000277,1,0,금형 온도 제외,-1.6547088643863948,-2.5294165573375604,1
278,RG3_L_000278,2,0,금형 온도 제외,-1.254654817104928,-2.5294165573375604,1
279,RG3_L_000279,1,0,금형 온도 제외,-1.6927340179783048,-2.5294165573375604,1
280,RG3_L_000280,0,0,금형 온도 제외,-1.3730498186025244,-2.5294165573375604,1
281,RG3_L_000281,0,0,금형 온도 제외,-1.3483015105974445,-2.5294165573375604,1
282,RG3_L_000282,3,0,금형 온도 제외,-0.6732431398401371,-2.5294165573375604,1
285,RG3_L_000285,0,0,금형 온도 제외,-1.1419740643746952,-2.5294165573375604,1
286,RG3_L_000286,3,0,금형 온도 제외,-0.984941804584059,-2.5294165573375604,1
288,RG3_L_000288,1,0,금형 온도 제외,-1.5851764275692322,-2.5294165573375604,1
289,RG3_L_000289,2,0,금형 온도 제외,-2.0993512583519056,-2.5294165573375604,1
291,RG3_L_000291,0,0,금형 온도 제외,-1.2267519253317953,-2.5294165573375604,1
292,RG3_L_000292,1,0,금형 온도 제외,-1.164925592929162,-2.5294165573375604,1
294,RG3_L_000294,3,0,금형 온도 제외,-1.1792073076833667,-2.5294165573375604,1
295,RG3_L_000295,2,0,금형 온도 제외,-2.187021235961767,-2.5294165573375604,1
296,RG3_L_000296,2,0,금형 온도 제외,-0.9422685416488612,-2.5294165573375604,1
297,RG3_L_000297,0,0,금형 온도 제외,-1.0834655454301938,-2.5294165573375604,1
298,RG3_L_000298,2,0,금형 온도 제외,-1.3906185413691183,-2.5294165573375604,1
299,RG3_L_000299,0,0,금형 온도 제외,-0.025784290086436457,-2.5294165573375604,1
300,RG3_L_000300,0,0,금형 온도 제외,-0.9623743108513043,-2.5294165573375604,1
301,RG3_L_000301,0,0,금형 온도 제외,-1.645774536947652,-2.5294165573375604,1
303,RG3_L_000303,1,0,금형 온도 제외,-1.201210318563053,-2.5294165573375604,1
304,RG3_L_000304,1,0,금형 온도 제외,-1.4570767289571354,-2.5294165573375604,1
305,RG3_L_000305,1,0,금형 온도 제외,-2.030511378123963,-2.5294165573375604,1
306,RG3_L_000306,1,0,금형 온도 제외,-0.7253824083338518,-2.5294165573375604,1
307,RG3_L_000307,1,0,금형 온도 제외,-1.346487995527946,-2.5294165573375604,1
308,RG3_L_000308,0,0,금형 온도 제외,-0.6652619855066355,-2.5294165573375604,1
310,RG3_L_000310,0,1,금형 온도 제외,-1.2529356555114628,-2.5294165573375604,1
311,RG3_L_000311,2,0,금형 온도 제외,-1.0311858569824466,-2.5294165573375604,1
312,RG3_L_000312,2,0,금형 온도 제외,-1.1892275099986804,-2.5294165573375604,1
313,RG3_L_000313,2,0,금형 온도 제외,-1.762463780191597,-2.5294165573375604,1
314,RG3_L_000314,2,0,금형 온도 제외,-1.132156483243568,-2.5294165573375604,1
316,RG3_L_000316,3,0,금형 온도 제외,-1.1247529060787986,-2.5294165573375604,1
317,RG3_L_000317,3,0,금형 온도 제외,-1.4305078850012354,-2.5294165573375604,1
319,RG3_L_000319,3,0,금형 온도 제외,-1.4301731027697855,-2.5294165573375604,1
320,RG3_L_000320,1,0,금형 온도 제외,-1.1548526877777139,-2.5294165573375604,1
321,RG3_L_000321,1,0,금형 온도 제외,-1.530020000889742,-2.5294165573375604,1
322,RG3_L_000322,3,0,금형 온도 제외,-1.0660543158108062,-2.5294165573375604,1
325,RG3_L_000325,2,0,금형 온도 제외,-0.9203986903669641,-2.5294165573375604,1
326,RG3_L_000326,1,0,금형 온도 제외,0.021081094895608388,-2.5294165573375604,1
327,RG3_L_000327,2,0,금형 온도 제외,-0.9228965999389231,-2.5294165573375604,1
329,RG3_L_000329,0,0,금형 온도 제외,13.233065871557548,-2.5294165573375604,1
331,RG3_L_000331,3,0,금형 온도 제외,-0.564777252339983,-2.5294165573375604,1
332,RG3_L_000332,1,0,금형 온도 제외,-1.1876430476593516,-2.5294165573375604,1
333,RG3_L_000333,1,0,금형 온도 제외,-0.9579635405684961,-2.5294165573375604,1
334,RG3_L_000334,3,0,금형 온도 제외,0.3030708132959923,-2.5294165573375604,1
335,RG3_L_000335,3,0,금형 온도 제외,-0.17477560684821114,-2.5294165573375604,1
336,RG3_L_000336,3,0,금형 온도 제외,-0.7040711871674059,-2.5294165573375604,1
337,RG3_L_000337,3,0,금형 온도 제외,-0.36196769917447114,-2.5294165573375604,1
338,RG3_L_000338,2,0,금형 온도 제외,-2.026120000418805,-2.5294165573375604,1
339,RG3_L_000339,2,0,금형 온도 제외,-1.3580473096883772,-2.5294165573375604,1
340,RG3_L_000340,3,0,금형 온도 제외,-1.7336885739794319,-2.5294165573375604,1
342,RG3_L_000342,3,0,금형 온도 제외,-1.9414940523417918,-2.5294165573375604,1
344,RG3_L_000344,0,0,금형 온도 제외,-0.5736759417679735,-2.5294165573375604,1
345,RG3_L_000345,1,0,금형 온도 제외,-0.21950214878461338,-2.5294165573375604,1
347,RG3_L_000347,3,0,금형 온도 제외,-1.5343511401425616,-2.5294165573375604,1
348,RG3_L_000348,2,0,금형 온도 제외,-2.407167392432129,-2.5294165573375604,1
349,RG3_L_000349,2,0,금형 온도 제외,-2.1824771838173564,-2.5294165573375604,1
350,RG3_L_000350,3,0,금형 온도 제외,-0.14563294965799578,-2.5294165573375604,1
351,RG3_L_000351,2,0,금형 온도 제외,-1.003338221816577,-2.5294165573375604,1
352,RG3_L_000352,2,0,금형 온도 제외,-0.7739947161781071,-2.5294165573375604,1
354,RG3_L_000354,3,0,금형 온도 제외,0.10306139606552911,-2.5294165573375604,1
356,RG3_L_000356,1,0,금형 온도 제외,-0.8714596770558245,-2.5294165573375604,1
357,RG3_L_000357,1,0,금형 온도 제외,-0.9633676041390142,-2.5294165573375604,1
358,RG3_L_000358,1,0,금형 온도 제외,-1.743082543317339,-2.5294165573375604,1
362,RG3_L_000362,2,0,금형 온도 제외,-0.24472165147808056,-2.5294165573375604,1
364,RG3_L_000364,2,0,금형 온도 제외,-1.555646278692544,-2.5294165573375604,1
365,RG3_L_000365,1,0,금형 온도 제외,-1.4886442220484426,-2.5294165573375604,1
366,RG3_L_000366,1,0,금형 온도 제외,-2.104772716308892,-2.5294165573375604,1
368,RG3_L_000368,1,0,금형 온도 제외,-1.6750807819404248,-2.5294165573375604,1
369,RG3_L_000369,3,0,금형 온도 제외,-1.5838266340627172,-2.5294165573375604,1
370,RG3_L_000370,3,0,금형 온도 제외,-1.0928023459380949,-2.5294165573375604,1
371,RG3_L_000371,1,0,금형 온도 제외,-1.0421867414787656,-2.5294165573375604,1
372,RG3_L_000372,3,0,금형 온도 제외,-0.9538204141291367,-2.5294165573375604,1
373,RG3_L_000373,0,0,금형 온도 제외,-1.3007747872688427,-2.5294165573375604,1
374,RG3_L_000374,2,0,금형 온도 제외,-1.5279684903235626,-2.5294165573375604,1
375,RG3_L_000375,3,0,금형 온도 제외,-0.500223343445608,-2.5294165573375604,1
376,RG3_L_000376,1,0,금형 온도 제외,-1.5164132766405434,-2.5294165573375604,1
377,RG3_L_000377,3,0,금형 온도 제외,-0.7779196083340594,-2.5294165573375604,1
378,RG3_L_000378,0,0,금형 온도 제외,-0.5627974454430849,-2.5294165573375604,1
379,RG3_L_000379,3,0,금형 온도 제외,-0.04080948015880992,-2.5294165573375604,1
380,RG3_L_000380,0,0,금형 온도 제외,0.7691378476493149,-2.5294165573375604,1
381,RG3_L_000381,3,1,금형 온도 제외,0.5040967458377796,-2.5294165573375604,1
382,RG3_L_000382,2,0,금형 온도 제외,-0.39721968497450355,-2.5294165573375604,1
383,RG3_L_000383,0,0,금형 온도 제외,0.25633086947160066,-2.5294165573375604,1
385,RG3_L_000385,2,0,금형 온도 제외,-1.6563552988559742,-2.5294165573375604,1
386,RG3_L_000386,1,0,금형 온도 제외,-1.025705204002053,-2.5294165573375604,1
387,RG3_L_000387,1,0,금형 온도 제외,-0.6750818343990712,-2.5294165573375604,1
388,RG3_L_000388,0,0,금형 온도 제외,0.06881380818484395,-2.5294165573375604,1
389,RG3_L_000389,0,0,금형 온도 제외,0.07863340998191504,-2.5294165573375604,1
391,RG3_L_000391,0,0,금형 온도 제외,-0.5604586519313042,-2.5294165573375604,1
392,RG3_L_000392,1,0,금형 온도 제외,-0.980842267304805,-2.5294165573375604,1
393,RG3_L_000393,1,0,금형 온도 제외,-0.48074073499219416,-2.5294165573375604,1
394,RG3_L_000394,3,0,금형 온도 제외,-0.6467887907334635,-2.5294165573375604,1
395,RG3_L_000395,3,0,금형 온도 제외,-1.0398531740686536,-2.5294165573375604,1
398,RG3_L_000398,1,0,금형 온도 제외,-0.20387142572329964,-2.5294165573375604,1
399,RG3_L_000399,0,0,금형 온도 제외,-1.16531542233154,-2.5294165573375604,1
400,RG3_L_000400,0,0,금형 온도 제외,-0.7827473861832903,-2.5294165573375604,1
401,RG3_L_000401,2,0,금형 온도 제외,-1.4830261305922559,-2.5294165573375604,1
402,RG3_L_000402,3,0,금형 온도 제외,-1.7005899287152069,-2.5294165573375604,1
404,RG3_L_000404,3,0,금형 온도 제외,-1.1710672093868233,-2.5294165573375604,1
405,RG3_L_000405,2,1,금형 온도 제외,-0.6678033037793725,-2.5294165573375604,1
407,RG3_L_000407,1,0,금형 온도 제외,-0.6452193015483392,-2.5294165573375604,1
409,RG3_L_000409,0,0,금형 온도 제외,-1.962971100848435,-2.5294165573375604,1
411,RG3_L_000411,3,0,금형 온도 제외,-1.6516688824386705,-2.5294165573375604,1
412,RG3_L_000412,1,0,금형 온도 제외,-1.4863310761694581,-2.5294165573375604,1
413,RG3_L_000413,2,0,금형 온도 제외,-0.8510276992559156,-2.5294165573375604,1
414,RG3_L_000414,2,0,금형 온도 제외,-0.6095591267086178,-2.5294165573375604,1
415,RG3_L_000415,3,0,금형 온도 제외,-0.4452224740421862,-2.5294165573375604,1
416,RG3_L_000416,0,0,금형 온도 제외,-0.8178964716534249,-2.5294165573375604,1
417,RG3_L_000417,2,0,금형 온도 제외,-1.8164732734094482,-2.5294165573375604,1
418,RG3_L_000418,3,0,금형 온도 제외,-2.019615597741579,-2.5294165573375604,1
419,RG3_L_000419,0,0,금형 온도 제외,-1.4521601165311981,-2.5294165573375604,1
421,RG3_L_000421,2,0,금형 온도 제외,-1.790757574454183,-2.5294165573375604,1
422,RG3_L_000422,3,0,금형 온도 제외,-0.45894346179546197,-2.5294165573375604,1
423,RG3_L_000423,1,0,금형 온도 제외,-1.1501710626492798,-2.5294165573375604,1
424,RG3_L_000424,1,0,금형 온도 제외,-0.3805021150058341,-2.5294165573375604,1
425,RG3_L_000425,0,0,금형 온도 제외,-0.7921327259826345,-2.5294165573375604,1
426,RG3_L_000426,2,0,금형 온도 제외,-0.8466318037509986,-2.5294165573375604,1
427,RG3_L_000427,1,0,금형 온도 제외,-1.7763094431890103,-2.5294165573375604,1
429,RG3_L_000429,0,0,금형 온도 제외,-2.0785931335723884,-2.5294165573375604,1
430,RG3_L_000430,0,0,금형 온도 제외,-1.6428388869530757,-2.5294165573375604,1
431,RG3_L_000431,0,0,금형 온도 제외,-1.3309595070278313,-2.5294165573375604,1
433,RG3_L_000433,2,0,금형 온도 제외,-0.27725213622978906,-2.5294165573375604,1
434,RG3_L_000434,2,0,금형 온도 제외,-0.6828196320949047,-2.5294165573375604,1
435,RG3_L_000435,1,0,금형 온도 제외,-0.05457393141122857,-2.5294165573375604,1
436,RG3_L_000436,3,0,금형 온도 제외,-1.2005045166025425,-2.5294165573375604,1
438,RG3_L_000438,0,0,금형 온도 제외,-1.5566796695766651,-2.5294165573375604,1
439,RG3_L_000439,3,0,금형 온도 제외,-0.019910613151402856,-2.5294165573375604,1
440,RG3_L_000440,2,0,금형 온도 제외,-0.4496234576038809,-2.5294165573375604,1
441,RG3_L_000441,2,0,금형 온도 제외,-0.9413928350777496,-2.5294165573375604,1
442,RG3_L_000442,2,0,금형 온도 제외,-0.2426200501072433,-2.5294165573375604,1
443,RG3_L_000443,1,0,금형 온도 제외,0.8506609192613919,-2.5294165573375604,1
444,RG3_L_000444,3,0,금형 온도 제외,-0.11371736916322561,-2.5294165573375604,1
445,RG3_L_000445,1,0,금형 온도 제외,-1.3559298403987121,-2.5294165573375604,1
448,RG3_L_000448,0,0,금형 온도 제외,-0.5700848926114723,-2.5294165573375604,1
449,RG3_L_000449,1,0,금형 온도 제외,-1.09785398143838,-2.5294165573375604,1
450,RG3_L_000450,1,0,금형 온도 제외,0.2962600830626041,-2.5294165573375604,1
451,RG3_L_000451,3,0,금형 온도 제외,-0.6573160816847903,-2.5294165573375604,1
452,RG3_L_000452,0,0,금형 온도 제외,-0.4223179690744683,-2.5294165573375604,1
453,RG3_L_000453,2,0,금형 온도 제외,-1.5120902981396807,-2.5294165573375604,1
454,RG3_L_000454,3,0,금형 온도 제외,-1.316378115331288,-2.5294165573375604,1
456,RG3_L_000456,0,0,금형 온도 제외,-0.10748618211653849,-2.5294165573375604,1
457,RG3_L_000457,2,0,금형 온도 제외,-1.4223004693805592,-2.5294165573375604,1
458,RG3_L_000458,0,0,금형 온도 제외,-1.013101708406431,-2.5294165573375604,1
459,RG3_L_000459,1,0,금형 온도 제외,0.7099174480287864,-2.5294165573375604,1
460,RG3_L_000460,0,0,금형 온도 제외,-0.7577967131670817,-2.5294165573375604,1
461,RG3_L_000461,3,0,금형 온도 제외,-0.8221225001223686,-2.5294165573375604,1
462,RG3_L_000462,3,0,금형 온도 제외,-2.405362227783286,-2.5294165573375604,1
463,RG3_L_000463,1,0,금형 온도 제외,-1.5470013903476616,-2.5294165573375604,1
464,RG3_L_000464,2,0,금형 온도 제외,-1.3116375459398082,-2.5294165573375604,1
466,RG3_L_000466,3,0,금형 온도 제외,-0.5405378637054952,-2.5294165573375604,1
467,RG3_L_000467,2,0,금형 온도 제외,-0.4119668500045286,-2.5294165573375604,1
468,RG3_L_000468,2,0,금형 온도 제외,-0.24616965257823686,-2.5294165573375604,1
469,RG3_L_000469,1,0,금형 온도 제외,-0.6741763431406902,-2.5294165573375604,1
470,RG3_L_000470,1,0,금형 온도 제외,-0.5281044201563407,-2.5294165573375604,1
471,RG3_L_000471,2,0,금형 온도 제외,-0.7518471378623719,-2.5294165573375604,1
472,RG3_L_000472,3,0,금형 온도 제외,0.972488593854612,-2.5294165573375604,1
473,RG3_L_000473,2,0,금형 온도 제외,-1.6596312192585074,-2.5294165573375604,1
476,RG3_L_000476,2,1,금형 온도 제외,-1.712012506785669,-2.5294165573375604,1
477,RG3_L_000477,3,0,금형 온도 제외,6.752104434107626,-2.5294165573375604,1
478,RG3_L_000478,3,0,금형 온도 제외,-1.340788981941019,-2.5294165573375604,1
481,RG3_L_000481,2,0,금형 온도 제외,-1.2424511551747521,-2.5294165573375604,1
483,RG3_L_000483,0,1,금형 온도 제외,-1.5906253815833562,-2.5294165573375604,1
484,RG3_L_000484,3,0,금형 온도 제외,6.405871393752722,-2.5294165573375604,1
485,RG3_L_000485,2,0,금형 온도 제외,-0.42190077763477873,-2.5294165573375604,1
486,RG3_L_000486,3,1,금형 온도 제외,-0.9152105047403847,-2.5294165573375604,1
487,RG3_L_000487,1,0,금형 온도 제외,-0.9820178737384122,-2.5294165573375604,1
488,RG3_L_000488,1,0,금형 온도 제외,-1.7702079255551215,-2.5294165573375604,1
490,RG3_L_000490,0,0,금형 온도 제외,-1.980977116424219,-2.5294165573375604,1
491,RG3_L_000491,1,0,금형 온도 제외,-2.221626160002609,-2.5294165573375604,1
492,RG3_L_000492,1,0,금형 온도 제외,-1.0074618686944348,-2.5294165573375604,1
493,RG3_L_000493,2,0,금형 온도 제외,-0.9084936325754747,-2.5294165573375604,1
494,RG3_L_000494,2,0,금형 온도 제외,-0.7184889302015716,-2.5294165573375604,1
495,RG3_L_000495,0,0,금형 온도 제외,-0.5527895722098588,-2.5294165573375604,1
500,RG3_L_000500,0,0,금형 온도 제외,-1.2070419863047341,-2.5294165573375604,1
501,RG3_L_000501,0,0,금형 온도 제외,-0.9707353898538909,-2.5294165573375604,1
502,RG3_L_000502,3,0,금형 온도 제외,-0.6112581917637261,-2.5294165573375604,1
503,RG3_L_000503,0,0,금형 온도 제외,0.47085767635582165,-2.5294165573375604,1
504,RG3_L_000504,0,0,금형 온도 제외,0.5860049255097888,-2.5294165573375604,1
505,RG3_L_000505,1,0,금형 온도 제외,-0.794582287205106,-2.5294165573375604,1
508,RG3_L_000508,0,0,금형 온도 제외,-1.733132985558841,-2.5294165573375604,1
509,RG3_L_000509,2,0,금형 온도 제외,-0.276034979258041,-2.5294165573375604,1
510,RG3_L_000510,3,0,금형 온도 제외,-0.7968484510763467,-2.5294165573375604,1
512,RG3_L_000512,0,0,금형 온도 제외,-0.27509321763414185,-2.5294165573375604,1
513,RG3_L_000513,3,0,금형 온도 제외,-0.43826491026404923,-2.5294165573375604,1
515,RG3_L_000515,3,0,금형 온도 제외,-1.929001080840056,-2.5294165573375604,1
516,RG3_L_000516,0,0,금형 온도 제외,-1.2824581947357814,-2.5294165573375604,1
517,RG3_L_000517,3,0,금형 온도 제외,-0.7347882290351677,-2.5294165573375604,1
518,RG3_L_000518,2,0,금형 온도 제외,-1.4016360474562362,-2.5294165573375604,1
519,RG3_L_000519,2,0,금형 온도 제외,0.926803450909798,-2.5294165573375604,1
520,RG3_L_000520,0,0,금형 온도 제외,6.014963640867423,-2.5294165573375604,1
521,RG3_L_000521,2,0,금형 온도 제외,-0.03174005975804839,-2.5294165573375604,1
522,RG3_L_000522,0,0,금형 온도 제외,0.05793438399946105,-2.5294165573375604,1
523,RG3_L_000523,3,0,금형 온도 제외,-0.6168937454717689,-2.5294165573375604,1
524,RG3_L_000524,2,0,금형 온도 제외,-0.6747369994126675,-2.5294165573375604,1
525,RG3_L_000525,1,0,금형 온도 제외,-1.6988213438828605,-2.5294165573375604,1
526,RG3_L_000526,2,0,금형 온도 제외,-1.355965515431988,-2.5294165573375604,1
528,RG3_L_000528,3,0,금형 온도 제외,-0.8104225407148942,-2.5294165573375604,1
529,RG3_L_000529,1,0,금형 온도 제외,-0.4851453712004741,-2.5294165573375604,1
530,RG3_L_000530,2,0,금형 온도 제외,-0.5837815705418272,-2.5294165573375604,1
534,RG3_L_000534,3,0,금형 온도 제외,-1.8582418236966003,-2.5294165573375604,1
535,RG3_L_000535,2,0,금형 온도 제외,-1.4079290805395814,-2.5294165573375604,1
537,RG3_L_000537,2,0,금형 온도 제외,-0.8667356351170596,-2.5294165573375604,1
538,RG3_L_000538,0,0,금형 온도 제외,-1.2044798924641444,-2.5294165573375604,1
539,RG3_L_000539,3,0,금형 온도 제외,-0.9770794479498353,-2.5294165573375604,1
540,RG3_L_000540,0,0,금형 온도 제외,-0.5341087860331459,-2.5294165573375604,1
541,RG3_L_000541,1,0,금형 온도 제외,-0.5221246574943201,-2.5294165573375604,1
543,RG3_L_000543,1,0,금형 온도 제외,-1.4038809585217162,-2.5294165573375604,1
544,RG3_L_000544,3,0,금형 온도 제외,-2.569434626803348,-2.5294165573375604,0
545,RG3_L_000545,1,0,금형 온도 제외,-1.5065920028585733,-2.5294165573375604,1
546,RG3_L_000546,1,0,금형 온도 제외,0.33489208228835565,-2.5294165573375604,1
547,RG3_L_000547,0,0,금형 온도 제외,-1.0820708109651118,-2.5294165573375604,1
548,RG3_L_000548,0,0,금형 온도 제외,-0.7112245034709517,-2.5294165573375604,1
550,RG3_L_000550,3,0,금형 온도 제외,-0.09087991590533306,-2.5294165573375604,1
551,RG3_L_000551,2,0,금형 온도 제외,0.11918825894094986,-2.5294165573375604,1
552,RG3_L_000552,2,0,금형 온도 제외,-1.0794297954463712,-2.5294165573375604,1
553,RG3_L_000553,0,0,금형 온도 제외,-1.8475631172135838,-2.5294165573375604,1
554,RG3_L_000554,2,0,금형 온도 제외,-1.7907464837917946,-2.5294165573375604,1
555,RG3_L_000555,1,0,금형 온도 제외,-0.7780842855082266,-2.5294165573375604,1
556,RG3_L_000556,2,0,금형 온도 제외,-0.5263425086388125,-2.5294165573375604,1
558,RG3_L_000558,1,0,금형 온도 제외,5.4873618862715965,-2.5294165573375604,1
559,RG3_L_000559,3,0,금형 온도 제외,-0.26660855305370923,-2.5294165573375604,1
560,RG3_L_000560,3,1,금형 온도 제외,-0.88173922484782,-2.5294165573375604,1
561,RG3_L_000561,2,0,금형 온도 제외,-0.735156705925462,-2.5294165573375604,1
562,RG3_L_000562,3,0,금형 온도 제외,-1.321661542699717,-2.5294165573375604,1
563,RG3_L_000563,3,0,금형 온도 제외,-1.1915065765691093,-2.5294165573375604,1
564,RG3_L_000564,2,0,금형 온도 제외,-0.5433364371566753,-2.5294165573375604,1
565,RG3_L_000565,2,0,금형 온도 제외,-1.3129709336328226,-2.5294165573375604,1
567,RG3_L_000567,1,0,금형 온도 제외,-1.2495401694949244,-2.5294165573375604,1
568,RG3_L_000568,1,0,금형 온도 제외,-0.028980734744287417,-2.5294165573375604,1
569,RG3_L_000569,1,0,금형 온도 제외,-1.0626053885091498,-2.5294165573375604,1
570,RG3_L_000570,3,0,금형 온도 제외,-0.05878925248214806,-2.5294165573375604,1
571,RG3_L_000571,0,0,금형 온도 제외,-1.2232224585453562,-2.5294165573375604,1
572,RG3_L_000572,3,0,금형 온도 제외,-0.26496824703448496,-2.5294165573375604,1
573,RG3_L_000573,0,0,금형 온도 제외,-1.520746190263111,-2.5294165573375604,1
575,RG3_L_000575,2,0,금형 온도 제외,-0.8345683142778668,-2.5294165573375604,1
577,RG3_L_000577,1,0,금형 온도 제외,9.609000593764073,-2.5294165573375604,1
578,RG3_L_000578,1,0,금형 온도 제외,13.635927083687195,-2.5294165573375604,1
579,RG3_L_000579,3,0,금형 온도 제외,-1.165487982956062,-2.5294165573375604,1
580,RG3_L_000580,0,0,금형 온도 제외,-0.9935107042672087,-2.5294165573375604,1
581,RG3_L_000581,1,0,금형 온도 제외,-0.5991137538127482,-2.5294165573375604,1
583,RG3_L_000583,0,0,금형 온도 제외,-1.6483010389169799,-2.5294165573375604,1
584,RG3_L_000584,0,0,금형 온도 제외,-1.1244949748758994,-2.5294165573375604,1
586,RG3_L_000586,2,0,금형 온도 제외,-0.4982378459815955,-2.5294165573375604,1
587,RG3_L_000587,3,0,금형 온도 제외,-0.3862666003132045,-2.5294165573375604,1
589,RG3_L_000589,3,0,금형 온도 제외,-0.4076648689027156,-2.5294165573375604,1
590,RG3_L_000590,0,0,금형 온도 제외,-1.197258815300474,-2.5294165573375604,1
0,RG3_L_000000,2,0,형체와 전체 주기 제외,-0.1722651261894761,-2.765845440050363,1
2,RG3_L_000002,0,0,형체와 전체 주기 제외,-0.5520752147693564,-2.765845440050363,1
3,RG3_L_000003,2,0,형체와 전체 주기 제외,-0.61302092699448,-2.765845440050363,1
4,RG3_L_000004,2,0,형체와 전체 주기 제외,-0.18503501620515195,-2.765845440050363,1
5,RG3_L_000005,1,0,형체와 전체 주기 제외,0.18294247361482796,-2.765845440050363,1
6,RG3_L_000006,1,0,형체와 전체 주기 제외,0.8368777839729304,-2.765845440050363,1
7,RG3_L_000007,2,0,형체와 전체 주기 제외,0.43008510826398805,-2.765845440050363,1
9,RG3_L_000009,0,0,형체와 전체 주기 제외,0.41534939543448424,-2.765845440050363,1
10,RG3_L_000010,3,0,형체와 전체 주기 제외,-0.3075942933421665,-2.765845440050363,1
11,RG3_L_000011,0,0,형체와 전체 주기 제외,-1.5971417886126016,-2.765845440050363,1
12,RG3_L_000012,0,0,형체와 전체 주기 제외,-0.9782967653411525,-2.765845440050363,1
15,RG3_L_000015,1,0,형체와 전체 주기 제외,-0.3392305443180028,-2.765845440050363,1
16,RG3_L_000016,1,0,형체와 전체 주기 제외,-1.474512895412964,-2.765845440050363,1
17,RG3_L_000017,3,0,형체와 전체 주기 제외,-0.6249614753799797,-2.765845440050363,1
18,RG3_L_000018,3,0,형체와 전체 주기 제외,0.08550343806392391,-2.765845440050363,1
19,RG3_L_000019,0,0,형체와 전체 주기 제외,-1.635784321241518,-2.765845440050363,1
22,RG3_L_000022,3,0,형체와 전체 주기 제외,-1.1660385629121013,-2.765845440050363,1
23,RG3_L_000023,2,0,형체와 전체 주기 제외,0.35171995556259894,-2.765845440050363,1
24,RG3_L_000024,3,0,형체와 전체 주기 제외,0.09473777983958698,-2.765845440050363,1
25,RG3_L_000025,0,0,형체와 전체 주기 제외,-0.42533402532410136,-2.765845440050363,1
26,RG3_L_000026,0,0,형체와 전체 주기 제외,-1.5244997072696993,-2.765845440050363,1
27,RG3_L_000027,1,0,형체와 전체 주기 제외,-1.422686474456487,-2.765845440050363,1
28,RG3_L_000028,2,0,형체와 전체 주기 제외,-0.8352970301794489,-2.765845440050363,1
29,RG3_L_000029,1,0,형체와 전체 주기 제외,0.10523290087733272,-2.765845440050363,1
30,RG3_L_000030,1,0,형체와 전체 주기 제외,-0.5447652315382037,-2.765845440050363,1
31,RG3_L_000031,1,0,형체와 전체 주기 제외,0.8228396554418111,-2.765845440050363,1
32,RG3_L_000032,0,0,형체와 전체 주기 제외,-0.04424898204507777,-2.765845440050363,1
33,RG3_L_000033,3,0,형체와 전체 주기 제외,-0.9869372767782583,-2.765845440050363,1
35,RG3_L_000035,0,0,형체와 전체 주기 제외,8.872388112704936,-2.765845440050363,1
36,RG3_L_000036,3,0,형체와 전체 주기 제외,-0.6764981038559199,-2.765845440050363,1
37,RG3_L_000037,3,0,형체와 전체 주기 제외,0.8490015588292277,-2.765845440050363,1
38,RG3_L_000038,2,0,형체와 전체 주기 제외,-1.3660209183605367,-2.765845440050363,1
39,RG3_L_000039,3,0,형체와 전체 주기 제외,-0.8147528733980689,-2.765845440050363,1
41,RG3_L_000041,1,0,형체와 전체 주기 제외,-1.101474417925198,-2.765845440050363,1
42,RG3_L_000042,3,0,형체와 전체 주기 제외,-1.0441120674880366,-2.765845440050363,1
44,RG3_L_000044,0,0,형체와 전체 주기 제외,1.3528727220963432,-2.765845440050363,1
45,RG3_L_000045,2,0,형체와 전체 주기 제외,-0.5666721161961021,-2.765845440050363,1
46,RG3_L_000046,2,0,형체와 전체 주기 제외,-2.3606110364677466,-2.765845440050363,1
47,RG3_L_000047,1,0,형체와 전체 주기 제외,-2.30572522394219,-2.765845440050363,1
48,RG3_L_000048,0,0,형체와 전체 주기 제외,-1.7527411848682402,-2.765845440050363,1
49,RG3_L_000049,2,0,형체와 전체 주기 제외,-2.220939061817761,-2.765845440050363,1
50,RG3_L_000050,0,0,형체와 전체 주기 제외,-2.08948442990717,-2.765845440050363,1
51,RG3_L_000051,2,0,형체와 전체 주기 제외,-0.06985604200447604,-2.765845440050363,1
54,RG3_L_000054,0,0,형체와 전체 주기 제외,-2.4330135734705856,-2.765845440050363,1
55,RG3_L_000055,3,0,형체와 전체 주기 제외,-2.26586465434972,-2.765845440050363,1
56,RG3_L_000056,0,0,형체와 전체 주기 제외,-1.3576525388335927,-2.765845440050363,1
57,RG3_L_000057,0,0,형체와 전체 주기 제외,-1.6260372322754115,-2.765845440050363,1
59,RG3_L_000059,1,0,형체와 전체 주기 제외,-2.3553664470003604,-2.765845440050363,1
60,RG3_L_000060,3,0,형체와 전체 주기 제외,-1.4374803734295565,-2.765845440050363,1
61,RG3_L_000061,3,0,형체와 전체 주기 제외,-2.3400250101622184,-2.765845440050363,1
63,RG3_L_000063,2,0,형체와 전체 주기 제외,-1.3806393970494604,-2.765845440050363,1
65,RG3_L_000065,0,0,형체와 전체 주기 제외,-2.0833101496248823,-2.765845440050363,1
66,RG3_L_000066,2,0,형체와 전체 주기 제외,-1.4945973030809885,-2.765845440050363,1
67,RG3_L_000067,2,0,형체와 전체 주기 제외,-1.204477591680016,-2.765845440050363,1
68,RG3_L_000068,1,1,형체와 전체 주기 제외,-0.8902585260578295,-2.765845440050363,1
69,RG3_L_000069,3,0,형체와 전체 주기 제외,-1.543807002145515,-2.765845440050363,1
70,RG3_L_000070,3,0,형체와 전체 주기 제외,-0.6526739532816279,-2.765845440050363,1
71,RG3_L_000071,0,0,형체와 전체 주기 제외,-2.4022290686781638,-2.765845440050363,1
73,RG3_L_000073,3,0,형체와 전체 주기 제외,-1.6652966210941145,-2.765845440050363,1
74,RG3_L_000074,0,0,형체와 전체 주기 제외,-1.9187626210063797,-2.765845440050363,1
75,RG3_L_000075,3,0,형체와 전체 주기 제외,-1.567560062462162,-2.765845440050363,1
76,RG3_L_000076,3,0,형체와 전체 주기 제외,-1.8440418770113194,-2.765845440050363,1
77,RG3_L_000077,0,0,형체와 전체 주기 제외,-1.4110405669934014,-2.765845440050363,1
78,RG3_L_000078,0,0,형체와 전체 주기 제외,-1.4059224364663354,-2.765845440050363,1
79,RG3_L_000079,2,0,형체와 전체 주기 제외,-0.8864991312680868,-2.765845440050363,1
80,RG3_L_000080,1,1,형체와 전체 주기 제외,-2.1701261828998177,-2.765845440050363,1
81,RG3_L_000081,2,0,형체와 전체 주기 제외,-0.8742755753962577,-2.765845440050363,1
83,RG3_L_000083,0,0,형체와 전체 주기 제외,-2.2711866997199692,-2.765845440050363,1
84,RG3_L_000084,2,0,형체와 전체 주기 제외,-1.7873591459985239,-2.765845440050363,1
85,RG3_L_000085,0,1,형체와 전체 주기 제외,-2.617439713786162,-2.765845440050363,1
86,RG3_L_000086,2,0,형체와 전체 주기 제외,-1.3296964846003636,-2.765845440050363,1
87,RG3_L_000087,2,0,형체와 전체 주기 제외,-0.7173316859022254,-2.765845440050363,1
88,RG3_L_000088,3,0,형체와 전체 주기 제외,-1.4008595316166232,-2.765845440050363,1
89,RG3_L_000089,3,0,형체와 전체 주기 제외,-1.0697569150732864,-2.765845440050363,1
91,RG3_L_000091,3,0,형체와 전체 주기 제외,-1.5524663953929974,-2.765845440050363,1
92,RG3_L_000092,0,0,형체와 전체 주기 제외,-2.060683352073248,-2.765845440050363,1
93,RG3_L_000093,3,0,형체와 전체 주기 제외,-1.243472544616539,-2.765845440050363,1
95,RG3_L_000095,2,0,형체와 전체 주기 제외,-1.9751012174670581,-2.765845440050363,1
96,RG3_L_000096,3,0,형체와 전체 주기 제외,-1.8673237015605224,-2.765845440050363,1
97,RG3_L_000097,0,0,형체와 전체 주기 제외,-1.0663886470935946,-2.765845440050363,1
98,RG3_L_000098,1,0,형체와 전체 주기 제외,-0.6613167362519121,-2.765845440050363,1
99,RG3_L_000099,3,0,형체와 전체 주기 제외,-2.173275147986571,-2.765845440050363,1
100,RG3_L_000100,1,0,형체와 전체 주기 제외,-2.1357223255068227,-2.765845440050363,1
101,RG3_L_000101,2,0,형체와 전체 주기 제외,-2.0690223263145704,-2.765845440050363,1
102,RG3_L_000102,0,1,형체와 전체 주기 제외,-1.4420041564378074,-2.765845440050363,1
104,RG3_L_000104,2,0,형체와 전체 주기 제외,-0.9763673573060192,-2.765845440050363,1
105,RG3_L_000105,2,0,형체와 전체 주기 제외,-1.2049759980391634,-2.765845440050363,1
107,RG3_L_000107,0,0,형체와 전체 주기 제외,-1.7593917608372251,-2.765845440050363,1
108,RG3_L_000108,0,0,형체와 전체 주기 제외,-2.1860398901485603,-2.765845440050363,1
111,RG3_L_000111,3,0,형체와 전체 주기 제외,-1.8551660403813646,-2.765845440050363,1
112,RG3_L_000112,3,0,형체와 전체 주기 제외,-1.1449818644303011,-2.765845440050363,1
113,RG3_L_000113,1,0,형체와 전체 주기 제외,-1.3503880075059822,-2.765845440050363,1
114,RG3_L_000114,0,0,형체와 전체 주기 제외,-0.01865999450433975,-2.765845440050363,1
115,RG3_L_000115,0,0,형체와 전체 주기 제외,-0.6896811495188686,-2.765845440050363,1
116,RG3_L_000116,1,0,형체와 전체 주기 제외,-1.0478850879155068,-2.765845440050363,1
117,RG3_L_000117,0,0,형체와 전체 주기 제외,-1.4737197417864731,-2.765845440050363,1
118,RG3_L_000118,0,0,형체와 전체 주기 제외,-1.5145136259430334,-2.765845440050363,1
119,RG3_L_000119,0,0,형체와 전체 주기 제외,-1.8510412601661894,-2.765845440050363,1
120,RG3_L_000120,2,0,형체와 전체 주기 제외,-2.1999404326224212,-2.765845440050363,1
121,RG3_L_000121,3,0,형체와 전체 주기 제외,-2.0962641263952566,-2.765845440050363,1
122,RG3_L_000122,1,1,형체와 전체 주기 제외,-1.6052530705955963,-2.765845440050363,1
123,RG3_L_000123,0,0,형체와 전체 주기 제외,0.25160948419407525,-2.765845440050363,1
124,RG3_L_000124,0,0,형체와 전체 주기 제외,0.08635555687424379,-2.765845440050363,1
125,RG3_L_000125,3,0,형체와 전체 주기 제외,-0.13393920833221884,-2.765845440050363,1
127,RG3_L_000127,1,0,형체와 전체 주기 제외,-1.44393736512796,-2.765845440050363,1
128,RG3_L_000128,1,0,형체와 전체 주기 제외,-2.4837204101309887,-2.765845440050363,1
129,RG3_L_000129,1,0,형체와 전체 주기 제외,-1.864682889114226,-2.765845440050363,1
130,RG3_L_000130,0,0,형체와 전체 주기 제외,-2.230521077680084,-2.765845440050363,1
131,RG3_L_000131,3,0,형체와 전체 주기 제외,-2.5138214832483765,-2.765845440050363,1
132,RG3_L_000132,1,0,형체와 전체 주기 제외,-1.809993270653191,-2.765845440050363,1
134,RG3_L_000134,2,0,형체와 전체 주기 제외,-1.317351818580983,-2.765845440050363,1
136,RG3_L_000136,2,0,형체와 전체 주기 제외,-1.8551834393262165,-2.765845440050363,1
137,RG3_L_000137,3,0,형체와 전체 주기 제외,-1.922845496534844,-2.765845440050363,1
138,RG3_L_000138,0,0,형체와 전체 주기 제외,-1.5481179246353527,-2.765845440050363,1
139,RG3_L_000139,2,0,형체와 전체 주기 제외,-1.7678809544857828,-2.765845440050363,1
141,RG3_L_000141,0,0,형체와 전체 주기 제외,-2.765845440050363,-2.765845440050363,0
142,RG3_L_000142,0,0,형체와 전체 주기 제외,-1.4491122686162878,-2.765845440050363,1
144,RG3_L_000144,1,0,형체와 전체 주기 제외,-2.0251657215201977,-2.765845440050363,1
145,RG3_L_000145,1,0,형체와 전체 주기 제외,-1.5079881057697246,-2.765845440050363,1
146,RG3_L_000146,3,0,형체와 전체 주기 제외,-0.7203977284310348,-2.765845440050363,1
147,RG3_L_000147,2,0,형체와 전체 주기 제외,-0.9862920252642784,-2.765845440050363,1
148,RG3_L_000148,0,0,형체와 전체 주기 제외,-1.4405824304338122,-2.765845440050363,1
149,RG3_L_000149,3,0,형체와 전체 주기 제외,-0.8469414000990465,-2.765845440050363,1
150,RG3_L_000150,3,1,형체와 전체 주기 제외,-2.0887776905348936,-2.765845440050363,1
151,RG3_L_000151,3,0,형체와 전체 주기 제외,-2.175331306791062,-2.765845440050363,1
152,RG3_L_000152,2,1,형체와 전체 주기 제외,-2.158212783155145,-2.765845440050363,1
153,RG3_L_000153,2,0,형체와 전체 주기 제외,-2.2095083444823604,-2.765845440050363,1
154,RG3_L_000154,0,0,형체와 전체 주기 제외,-1.9331836861698992,-2.765845440050363,1
155,RG3_L_000155,1,1,형체와 전체 주기 제외,-0.8957171976734397,-2.765845440050363,1
156,RG3_L_000156,0,0,형체와 전체 주기 제외,-1.3362588558467827,-2.765845440050363,1
157,RG3_L_000157,1,0,형체와 전체 주기 제외,0.3171337348017147,-2.765845440050363,1
158,RG3_L_000158,0,0,형체와 전체 주기 제외,-1.6377543322220944,-2.765845440050363,1
159,RG3_L_000159,1,0,형체와 전체 주기 제외,-0.6944382286698474,-2.765845440050363,1
160,RG3_L_000160,2,0,형체와 전체 주기 제외,-0.93930843090153,-2.765845440050363,1
161,RG3_L_000161,3,1,형체와 전체 주기 제외,-1.9177957956777227,-2.765845440050363,1
162,RG3_L_000162,1,0,형체와 전체 주기 제외,-2.062895356948685,-2.765845440050363,1
163,RG3_L_000163,0,0,형체와 전체 주기 제외,-0.8724900299519387,-2.765845440050363,1
164,RG3_L_000164,0,0,형체와 전체 주기 제외,-0.1973408185698684,-2.765845440050363,1
166,RG3_L_000166,2,0,형체와 전체 주기 제외,-1.4370458638471373,-2.765845440050363,1
167,RG3_L_000167,1,0,형체와 전체 주기 제외,-1.379734414868592,-2.765845440050363,1
168,RG3_L_000168,0,0,형체와 전체 주기 제외,-2.1707743407576636,-2.765845440050363,1
172,RG3_L_000172,1,0,형체와 전체 주기 제외,-1.3850578439367638,-2.765845440050363,1
173,RG3_L_000173,2,1,형체와 전체 주기 제외,-2.5767623917823155,-2.765845440050363,1
174,RG3_L_000174,2,0,형체와 전체 주기 제외,-2.171054696714233,-2.765845440050363,1
175,RG3_L_000175,0,0,형체와 전체 주기 제외,-1.274786955750848,-2.765845440050363,1
177,RG3_L_000177,0,0,형체와 전체 주기 제외,-1.5153182826674936,-2.765845440050363,1
178,RG3_L_000178,3,0,형체와 전체 주기 제외,-2.5094079823072857,-2.765845440050363,1
179,RG3_L_000179,0,0,형체와 전체 주기 제외,-1.2636765157089584,-2.765845440050363,1
180,RG3_L_000180,2,0,형체와 전체 주기 제외,-1.4356526049628684,-2.765845440050363,1
181,RG3_L_000181,3,0,형체와 전체 주기 제외,-1.5139758933391434,-2.765845440050363,1
182,RG3_L_000182,1,0,형체와 전체 주기 제외,-1.5532608208491272,-2.765845440050363,1
183,RG3_L_000183,1,0,형체와 전체 주기 제외,-1.6191797164785964,-2.765845440050363,1
184,RG3_L_000184,1,0,형체와 전체 주기 제외,-1.2499303926736651,-2.765845440050363,1
185,RG3_L_000185,1,0,형체와 전체 주기 제외,-1.8041751797353598,-2.765845440050363,1
186,RG3_L_000186,2,0,형체와 전체 주기 제외,-2.050434065745531,-2.765845440050363,1
187,RG3_L_000187,3,0,형체와 전체 주기 제외,-0.6630098546469423,-2.765845440050363,1
188,RG3_L_000188,1,0,형체와 전체 주기 제외,0.11091298204003941,-2.765845440050363,1
189,RG3_L_000189,3,0,형체와 전체 주기 제외,-1.3559167989448717,-2.765845440050363,1
190,RG3_L_000190,3,0,형체와 전체 주기 제외,-0.833360485787928,-2.765845440050363,1
191,RG3_L_000191,1,0,형체와 전체 주기 제외,0.8001366378614083,-2.765845440050363,1
192,RG3_L_000192,3,0,형체와 전체 주기 제외,-0.15573663164540186,-2.765845440050363,1
193,RG3_L_000193,2,0,형체와 전체 주기 제외,-0.8085051715402543,-2.765845440050363,1
194,RG3_L_000194,3,0,형체와 전체 주기 제외,-1.3257025598129424,-2.765845440050363,1
195,RG3_L_000195,1,0,형체와 전체 주기 제외,-0.7955647596596247,-2.765845440050363,1
196,RG3_L_000196,0,0,형체와 전체 주기 제외,-1.8175977601580673,-2.765845440050363,1
198,RG3_L_000198,3,0,형체와 전체 주기 제외,-1.473586415182952,-2.765845440050363,1
202,RG3_L_000202,1,0,형체와 전체 주기 제외,-0.6653261907648567,-2.765845440050363,1
203,RG3_L_000203,1,1,형체와 전체 주기 제외,-0.3511758933478646,-2.765845440050363,1
204,RG3_L_000204,3,0,형체와 전체 주기 제외,-1.076469791386355,-2.765845440050363,1
205,RG3_L_000205,2,1,형체와 전체 주기 제외,-2.058391441852905,-2.765845440050363,1
206,RG3_L_000206,1,0,형체와 전체 주기 제외,-1.5338524787145644,-2.765845440050363,1
207,RG3_L_000207,1,0,형체와 전체 주기 제외,-1.7207230472849098,-2.765845440050363,1
208,RG3_L_000208,1,0,형체와 전체 주기 제외,-0.896605364698889,-2.765845440050363,1
209,RG3_L_000209,0,0,형체와 전체 주기 제외,-1.1984273435615656,-2.765845440050363,1
210,RG3_L_000210,3,0,형체와 전체 주기 제외,-1.3248919967280148,-2.765845440050363,1
211,RG3_L_000211,3,0,형체와 전체 주기 제외,-0.6598551944157709,-2.765845440050363,1
212,RG3_L_000212,1,0,형체와 전체 주기 제외,-1.6147201245360439,-2.765845440050363,1
214,RG3_L_000214,0,0,형체와 전체 주기 제외,-2.7925856631830683,-2.765845440050363,0
215,RG3_L_000215,2,0,형체와 전체 주기 제외,-0.893006892159752,-2.765845440050363,1
216,RG3_L_000216,2,0,형체와 전체 주기 제외,-1.6887496760093104,-2.765845440050363,1
218,RG3_L_000218,1,0,형체와 전체 주기 제외,-1.614017184215422,-2.765845440050363,1
220,RG3_L_000220,1,0,형체와 전체 주기 제외,-0.6788129421790856,-2.765845440050363,1
221,RG3_L_000221,3,0,형체와 전체 주기 제외,-0.9069295974614668,-2.765845440050363,1
222,RG3_L_000222,2,0,형체와 전체 주기 제외,-1.5650541808741192,-2.765845440050363,1
223,RG3_L_000223,3,0,형체와 전체 주기 제외,-1.5556743819904995,-2.765845440050363,1
225,RG3_L_000225,3,0,형체와 전체 주기 제외,-2.2667323426773454,-2.765845440050363,1
227,RG3_L_000227,1,0,형체와 전체 주기 제외,-1.0401102306584171,-2.765845440050363,1
230,RG3_L_000230,1,0,형체와 전체 주기 제외,-1.6272937472358997,-2.765845440050363,1
232,RG3_L_000232,3,0,형체와 전체 주기 제외,-1.6547968955405548,-2.765845440050363,1
233,RG3_L_000233,3,0,형체와 전체 주기 제외,-2.0287021511201306,-2.765845440050363,1
234,RG3_L_000234,2,0,형체와 전체 주기 제외,-2.140095933907281,-2.765845440050363,1
235,RG3_L_000235,0,0,형체와 전체 주기 제외,-1.0527654336856784,-2.765845440050363,1
236,RG3_L_000236,1,0,형체와 전체 주기 제외,-1.1392300638702046,-2.765845440050363,1
237,RG3_L_000237,2,0,형체와 전체 주기 제외,-1.3934803133758749,-2.765845440050363,1
238,RG3_L_000238,2,0,형체와 전체 주기 제외,-1.1905468892069724,-2.765845440050363,1
239,RG3_L_000239,2,0,형체와 전체 주기 제외,-2.254427803238462,-2.765845440050363,1
240,RG3_L_000240,2,0,형체와 전체 주기 제외,-2.222681920739168,-2.765845440050363,1
241,RG3_L_000241,0,0,형체와 전체 주기 제외,-2.052463344550059,-2.765845440050363,1
242,RG3_L_000242,0,0,형체와 전체 주기 제외,-1.243702151184575,-2.765845440050363,1
244,RG3_L_000244,1,0,형체와 전체 주기 제외,-1.1003350396099236,-2.765845440050363,1
245,RG3_L_000245,2,0,형체와 전체 주기 제외,-0.07607260687666617,-2.765845440050363,1
246,RG3_L_000246,0,0,형체와 전체 주기 제외,-1.0967544711866921,-2.765845440050363,1
247,RG3_L_000247,2,0,형체와 전체 주기 제외,-1.0203565608765324,-2.765845440050363,1
248,RG3_L_000248,2,0,형체와 전체 주기 제외,-1.1297449724130058,-2.765845440050363,1
250,RG3_L_000250,1,0,형체와 전체 주기 제외,-0.5304990896818005,-2.765845440050363,1
251,RG3_L_000251,1,0,형체와 전체 주기 제외,-1.7809051334974058,-2.765845440050363,1
252,RG3_L_000252,1,0,형체와 전체 주기 제외,-0.9599012169629741,-2.765845440050363,1
253,RG3_L_000253,1,0,형체와 전체 주기 제외,-1.6625962384874065,-2.765845440050363,1
255,RG3_L_000255,0,0,형체와 전체 주기 제외,-0.25158318460542617,-2.765845440050363,1
257,RG3_L_000257,2,0,형체와 전체 주기 제외,-2.15948696712446,-2.765845440050363,1
258,RG3_L_000258,0,0,형체와 전체 주기 제외,-1.6437406360297597,-2.765845440050363,1
259,RG3_L_000259,0,0,형체와 전체 주기 제외,-2.4854644513878057,-2.765845440050363,1
260,RG3_L_000260,0,0,형체와 전체 주기 제외,-2.2023118881112005,-2.765845440050363,1
261,RG3_L_000261,2,0,형체와 전체 주기 제외,-1.475273617206792,-2.765845440050363,1
262,RG3_L_000262,1,0,형체와 전체 주기 제외,-0.13848703337457202,-2.765845440050363,1
263,RG3_L_000263,3,0,형체와 전체 주기 제외,-2.0430019934942116,-2.765845440050363,1
266,RG3_L_000266,2,0,형체와 전체 주기 제외,-0.8466173983544998,-2.765845440050363,1
267,RG3_L_000267,1,0,형체와 전체 주기 제외,-1.38074031119557,-2.765845440050363,1
268,RG3_L_000268,2,0,형체와 전체 주기 제외,-1.6802506159044626,-2.765845440050363,1
269,RG3_L_000269,3,0,형체와 전체 주기 제외,-1.3862659882044053,-2.765845440050363,1
270,RG3_L_000270,1,0,형체와 전체 주기 제외,-0.9918983767114291,-2.765845440050363,1
271,RG3_L_000271,1,0,형체와 전체 주기 제외,-1.5562380856118612,-2.765845440050363,1
274,RG3_L_000274,0,0,형체와 전체 주기 제외,-1.7337970767547741,-2.765845440050363,1
275,RG3_L_000275,0,1,형체와 전체 주기 제외,-1.0737381824356902,-2.765845440050363,1
276,RG3_L_000276,2,0,형체와 전체 주기 제외,-1.9666046306848735,-2.765845440050363,1
277,RG3_L_000277,1,0,형체와 전체 주기 제외,-1.900943262124402,-2.765845440050363,1
278,RG3_L_000278,2,0,형체와 전체 주기 제외,-1.4922600524171283,-2.765845440050363,1
279,RG3_L_000279,1,0,형체와 전체 주기 제외,-1.896168837639273,-2.765845440050363,1
280,RG3_L_000280,0,0,형체와 전체 주기 제외,-1.449254342464961,-2.765845440050363,1
281,RG3_L_000281,0,0,형체와 전체 주기 제외,-1.5047060875561478,-2.765845440050363,1
282,RG3_L_000282,3,0,형체와 전체 주기 제외,-0.826184188437054,-2.765845440050363,1
285,RG3_L_000285,0,0,형체와 전체 주기 제외,-1.3714291301502364,-2.765845440050363,1
286,RG3_L_000286,3,0,형체와 전체 주기 제외,-1.1423842316947326,-2.765845440050363,1
288,RG3_L_000288,1,0,형체와 전체 주기 제외,-1.6961482199999995,-2.765845440050363,1
289,RG3_L_000289,2,0,형체와 전체 주기 제외,-2.2868932225156424,-2.765845440050363,1
291,RG3_L_000291,0,0,형체와 전체 주기 제외,-1.254721555600721,-2.765845440050363,1
292,RG3_L_000292,1,0,형체와 전체 주기 제외,-1.38068549218168,-2.765845440050363,1
294,RG3_L_000294,3,0,형체와 전체 주기 제외,-1.4791083848754703,-2.765845440050363,1
295,RG3_L_000295,2,0,형체와 전체 주기 제외,-2.48356325918963,-2.765845440050363,1
296,RG3_L_000296,2,0,형체와 전체 주기 제외,-1.3485307181167077,-2.765845440050363,1
297,RG3_L_000297,0,0,형체와 전체 주기 제외,-1.205726508584327,-2.765845440050363,1
298,RG3_L_000298,2,0,형체와 전체 주기 제외,-1.4918303358249947,-2.765845440050363,1
299,RG3_L_000299,0,0,형체와 전체 주기 제외,0.04085493431089127,-2.765845440050363,1
300,RG3_L_000300,0,0,형체와 전체 주기 제외,-0.9405472897083769,-2.765845440050363,1
301,RG3_L_000301,0,0,형체와 전체 주기 제외,-1.7034712535988579,-2.765845440050363,1
303,RG3_L_000303,1,0,형체와 전체 주기 제외,-1.3341602109067985,-2.765845440050363,1
304,RG3_L_000304,1,0,형체와 전체 주기 제외,-1.6539367127872016,-2.765845440050363,1
305,RG3_L_000305,1,0,형체와 전체 주기 제외,-2.2160488184331353,-2.765845440050363,1
306,RG3_L_000306,1,0,형체와 전체 주기 제외,-0.845323116975111,-2.765845440050363,1
307,RG3_L_000307,1,0,형체와 전체 주기 제외,-1.3765784965461574,-2.765845440050363,1
308,RG3_L_000308,0,0,형체와 전체 주기 제외,-0.8138544484564498,-2.765845440050363,1
310,RG3_L_000310,0,1,형체와 전체 주기 제외,-1.347103468095204,-2.765845440050363,1
311,RG3_L_000311,2,0,형체와 전체 주기 제외,-1.1793109370567887,-2.765845440050363,1
312,RG3_L_000312,2,0,형체와 전체 주기 제외,-1.3595315373158527,-2.765845440050363,1
313,RG3_L_000313,2,0,형체와 전체 주기 제외,-1.9340361518469162,-2.765845440050363,1
314,RG3_L_000314,2,0,형체와 전체 주기 제외,-1.2028313875497787,-2.765845440050363,1
316,RG3_L_000316,3,0,형체와 전체 주기 제외,-1.3067986755848988,-2.765845440050363,1
317,RG3_L_000317,3,0,형체와 전체 주기 제외,-1.4409150327763012,-2.765845440050363,1
319,RG3_L_000319,3,0,형체와 전체 주기 제외,-1.6077283413531802,-2.765845440050363,1
320,RG3_L_000320,1,0,형체와 전체 주기 제외,-1.4864951179705308,-2.765845440050363,1
321,RG3_L_000321,1,0,형체와 전체 주기 제외,-1.6763220302526527,-2.765845440050363,1
322,RG3_L_000322,3,0,형체와 전체 주기 제외,-1.2808942270779209,-2.765845440050363,1
325,RG3_L_000325,2,0,형체와 전체 주기 제외,-0.9545355446161601,-2.765845440050363,1
326,RG3_L_000326,1,0,형체와 전체 주기 제외,-0.10803209224562238,-2.765845440050363,1
327,RG3_L_000327,2,0,형체와 전체 주기 제외,-1.031423694038967,-2.765845440050363,1
329,RG3_L_000329,0,0,형체와 전체 주기 제외,13.575862354192527,-2.765845440050363,1
331,RG3_L_000331,3,0,형체와 전체 주기 제외,-0.7469404309487402,-2.765845440050363,1
332,RG3_L_000332,1,0,형체와 전체 주기 제외,-1.4983143633327387,-2.765845440050363,1
333,RG3_L_000333,1,0,형체와 전체 주기 제외,-1.0989386750605359,-2.765845440050363,1
334,RG3_L_000334,3,0,형체와 전체 주기 제외,0.2057048211769903,-2.765845440050363,1
335,RG3_L_000335,3,0,형체와 전체 주기 제외,-0.2046435427842912,-2.765845440050363,1
336,RG3_L_000336,3,0,형체와 전체 주기 제외,-0.7364302466363686,-2.765845440050363,1
337,RG3_L_000337,3,0,형체와 전체 주기 제외,-0.4401063692769842,-2.765845440050363,1
338,RG3_L_000338,2,0,형체와 전체 주기 제외,-2.4468994129319004,-2.765845440050363,1
339,RG3_L_000339,2,0,형체와 전체 주기 제외,-1.544440761392993,-2.765845440050363,1
340,RG3_L_000340,3,0,형체와 전체 주기 제외,-2.029409502530802,-2.765845440050363,1
342,RG3_L_000342,3,0,형체와 전체 주기 제외,-1.5306248587261901,-2.765845440050363,1
344,RG3_L_000344,0,0,형체와 전체 주기 제외,-0.43304578569193275,-2.765845440050363,1
345,RG3_L_000345,1,0,형체와 전체 주기 제외,0.14163664179572955,-2.765845440050363,1
347,RG3_L_000347,3,0,형체와 전체 주기 제외,-1.237187316150143,-2.765845440050363,1
348,RG3_L_000348,2,0,형체와 전체 주기 제외,-2.1969774480159803,-2.765845440050363,1
349,RG3_L_000349,2,0,형체와 전체 주기 제외,-1.9462695822010776,-2.765845440050363,1
350,RG3_L_000350,3,0,형체와 전체 주기 제외,0.24866925887720903,-2.765845440050363,1
351,RG3_L_000351,2,0,형체와 전체 주기 제외,-0.9610393335671397,-2.765845440050363,1
352,RG3_L_000352,2,0,형체와 전체 주기 제외,-0.5896685169074782,-2.765845440050363,1
354,RG3_L_000354,3,0,형체와 전체 주기 제외,0.07138526840733839,-2.765845440050363,1
356,RG3_L_000356,1,0,형체와 전체 주기 제외,-0.5557118464681565,-2.765845440050363,1
357,RG3_L_000357,1,0,형체와 전체 주기 제외,-0.6518415567321192,-2.765845440050363,1
358,RG3_L_000358,1,0,형체와 전체 주기 제외,-1.464622767236948,-2.765845440050363,1
362,RG3_L_000362,2,0,형체와 전체 주기 제외,-0.3569097235443035,-2.765845440050363,1
364,RG3_L_000364,2,0,형체와 전체 주기 제외,-1.3342206211546461,-2.765845440050363,1
365,RG3_L_000365,1,0,형체와 전체 주기 제외,-1.1886544951397475,-2.765845440050363,1
366,RG3_L_000366,1,0,형체와 전체 주기 제외,-1.8906618566973687,-2.765845440050363,1
368,RG3_L_000368,1,0,형체와 전체 주기 제외,-1.5181875211920346,-2.765845440050363,1
369,RG3_L_000369,3,0,형체와 전체 주기 제외,-1.599669752138018,-2.765845440050363,1
370,RG3_L_000370,3,0,형체와 전체 주기 제외,-1.0769072508602644,-2.765845440050363,1
371,RG3_L_000371,1,0,형체와 전체 주기 제외,-1.108642200216842,-2.765845440050363,1
372,RG3_L_000372,3,0,형체와 전체 주기 제외,-0.9230498801887261,-2.765845440050363,1
373,RG3_L_000373,0,0,형체와 전체 주기 제외,-1.1937527158187198,-2.765845440050363,1
374,RG3_L_000374,2,0,형체와 전체 주기 제외,-1.5537133830124361,-2.765845440050363,1
375,RG3_L_000375,3,0,형체와 전체 주기 제외,-0.5497029769005142,-2.765845440050363,1
376,RG3_L_000376,1,0,형체와 전체 주기 제외,-1.543421181671082,-2.765845440050363,1
377,RG3_L_000377,3,0,형체와 전체 주기 제외,-0.6804671900689243,-2.765845440050363,1
378,RG3_L_000378,0,0,형체와 전체 주기 제외,-0.5165281183387282,-2.765845440050363,1
379,RG3_L_000379,3,0,형체와 전체 주기 제외,0.008946778554866697,-2.765845440050363,1
380,RG3_L_000380,0,0,형체와 전체 주기 제외,0.6538508273810439,-2.765845440050363,1
381,RG3_L_000381,3,1,형체와 전체 주기 제외,0.31626868410069164,-2.765845440050363,1
382,RG3_L_000382,2,0,형체와 전체 주기 제외,-0.40095936264440546,-2.765845440050363,1
383,RG3_L_000383,0,0,형체와 전체 주기 제외,0.1539761274386766,-2.765845440050363,1
385,RG3_L_000385,2,0,형체와 전체 주기 제외,-1.830113383476844,-2.765845440050363,1
386,RG3_L_000386,1,0,형체와 전체 주기 제외,-1.2311182503851512,-2.765845440050363,1
387,RG3_L_000387,1,0,형체와 전체 주기 제외,-0.5967001492581598,-2.765845440050363,1
388,RG3_L_000388,0,0,형체와 전체 주기 제외,-0.1934288238426678,-2.765845440050363,1
389,RG3_L_000389,0,0,형체와 전체 주기 제외,0.07212729023087228,-2.765845440050363,1
391,RG3_L_000391,0,0,형체와 전체 주기 제외,-0.6090982332002515,-2.765845440050363,1
392,RG3_L_000392,1,0,형체와 전체 주기 제외,-1.0752688480584585,-2.765845440050363,1
393,RG3_L_000393,1,0,형체와 전체 주기 제외,-1.1524250317199236,-2.765845440050363,1
394,RG3_L_000394,3,0,형체와 전체 주기 제외,-0.8889177405405153,-2.765845440050363,1
395,RG3_L_000395,3,0,형체와 전체 주기 제외,-1.1140632806374988,-2.765845440050363,1
398,RG3_L_000398,1,0,형체와 전체 주기 제외,-0.2750710371843468,-2.765845440050363,1
399,RG3_L_000399,0,0,형체와 전체 주기 제외,-1.262318561124136,-2.765845440050363,1
400,RG3_L_000400,0,0,형체와 전체 주기 제외,-0.9786804970552616,-2.765845440050363,1
401,RG3_L_000401,2,0,형체와 전체 주기 제외,-1.6079231792958097,-2.765845440050363,1
402,RG3_L_000402,3,0,형체와 전체 주기 제외,-1.8571266214778763,-2.765845440050363,1
404,RG3_L_000404,3,0,형체와 전체 주기 제외,-1.2938268253891003,-2.765845440050363,1
405,RG3_L_000405,2,1,형체와 전체 주기 제외,-0.8000517749222524,-2.765845440050363,1
407,RG3_L_000407,1,0,형체와 전체 주기 제외,-0.8049929742341462,-2.765845440050363,1
409,RG3_L_000409,0,0,형체와 전체 주기 제외,-2.1389575107044827,-2.765845440050363,1
411,RG3_L_000411,3,0,형체와 전체 주기 제외,-1.806285817313535,-2.765845440050363,1
412,RG3_L_000412,1,0,형체와 전체 주기 제외,-1.466890909142915,-2.765845440050363,1
413,RG3_L_000413,2,0,형체와 전체 주기 제외,-1.0628472544127785,-2.765845440050363,1
414,RG3_L_000414,2,0,형체와 전체 주기 제외,-0.7520317654741184,-2.765845440050363,1
415,RG3_L_000415,3,0,형체와 전체 주기 제외,-0.9268552014553784,-2.765845440050363,1
416,RG3_L_000416,0,0,형체와 전체 주기 제외,-0.8808694870150227,-2.765845440050363,1
417,RG3_L_000417,2,0,형체와 전체 주기 제외,-1.7803458044379212,-2.765845440050363,1
418,RG3_L_000418,3,0,형체와 전체 주기 제외,-2.0086591448506574,-2.765845440050363,1
419,RG3_L_000419,0,0,형체와 전체 주기 제외,-1.1704476412465397,-2.765845440050363,1
421,RG3_L_000421,2,0,형체와 전체 주기 제외,-1.8345054125436064,-2.765845440050363,1
422,RG3_L_000422,3,0,형체와 전체 주기 제외,-0.8316074246524874,-2.765845440050363,1
423,RG3_L_000423,1,0,형체와 전체 주기 제외,-1.3218263673226396,-2.765845440050363,1
424,RG3_L_000424,1,0,형체와 전체 주기 제외,-0.30877306847108166,-2.765845440050363,1
425,RG3_L_000425,0,0,형체와 전체 주기 제외,-1.0175720983900298,-2.765845440050363,1
426,RG3_L_000426,2,0,형체와 전체 주기 제외,-0.9594942746364961,-2.765845440050363,1
427,RG3_L_000427,1,0,형체와 전체 주기 제외,-1.4268881409407843,-2.765845440050363,1
429,RG3_L_000429,0,0,형체와 전체 주기 제외,-1.9936894183805869,-2.765845440050363,1
430,RG3_L_000430,0,0,형체와 전체 주기 제외,-1.5354580279832408,-2.765845440050363,1
431,RG3_L_000431,0,0,형체와 전체 주기 제외,-1.2367191955721832,-2.765845440050363,1
433,RG3_L_000433,2,0,형체와 전체 주기 제외,-0.4277879180668176,-2.765845440050363,1
434,RG3_L_000434,2,0,형체와 전체 주기 제외,-0.6268792063472919,-2.765845440050363,1
435,RG3_L_000435,1,0,형체와 전체 주기 제외,-0.22441468057253466,-2.765845440050363,1
436,RG3_L_000436,3,0,형체와 전체 주기 제외,-1.1708049105135743,-2.765845440050363,1
438,RG3_L_000438,0,0,형체와 전체 주기 제외,-1.6729925793125382,-2.765845440050363,1
439,RG3_L_000439,3,0,형체와 전체 주기 제외,0.11314393556366298,-2.765845440050363,1
440,RG3_L_000440,2,0,형체와 전체 주기 제외,-0.7054087489066045,-2.765845440050363,1
441,RG3_L_000441,2,0,형체와 전체 주기 제외,-1.269960505277652,-2.765845440050363,1
442,RG3_L_000442,2,0,형체와 전체 주기 제외,-0.9019736409815042,-2.765845440050363,1
443,RG3_L_000443,1,0,형체와 전체 주기 제외,0.7460103658352466,-2.765845440050363,1
444,RG3_L_000444,3,0,형체와 전체 주기 제외,-0.20890749399540276,-2.765845440050363,1
445,RG3_L_000445,1,0,형체와 전체 주기 제외,-1.0707095940877256,-2.765845440050363,1
448,RG3_L_000448,0,0,형체와 전체 주기 제외,-0.8131800928912138,-2.765845440050363,1
449,RG3_L_000449,1,0,형체와 전체 주기 제외,-1.2614860262250946,-2.765845440050363,1
450,RG3_L_000450,1,0,형체와 전체 주기 제외,0.22809932376749487,-2.765845440050363,1
451,RG3_L_000451,3,0,형체와 전체 주기 제외,-0.6738917511650993,-2.765845440050363,1
452,RG3_L_000452,0,0,형체와 전체 주기 제외,-0.48635225294080975,-2.765845440050363,1
453,RG3_L_000453,2,0,형체와 전체 주기 제외,-1.486380855665514,-2.765845440050363,1
454,RG3_L_000454,3,0,형체와 전체 주기 제외,-1.2685645425193108,-2.765845440050363,1
456,RG3_L_000456,0,0,형체와 전체 주기 제외,0.055321728901386535,-2.765845440050363,1
457,RG3_L_000457,2,0,형체와 전체 주기 제외,-1.2688018229543427,-2.765845440050363,1
458,RG3_L_000458,0,0,형체와 전체 주기 제외,-0.9211155902453267,-2.765845440050363,1
459,RG3_L_000459,1,0,형체와 전체 주기 제외,0.9938389885235956,-2.765845440050363,1
460,RG3_L_000460,0,0,형체와 전체 주기 제외,-0.7382470500129088,-2.765845440050363,1
461,RG3_L_000461,3,0,형체와 전체 주기 제외,-0.7213356954988086,-2.765845440050363,1
462,RG3_L_000462,3,0,형체와 전체 주기 제외,-2.2264547110316446,-2.765845440050363,1
463,RG3_L_000463,1,0,형체와 전체 주기 제외,-1.1286566469565855,-2.765845440050363,1
464,RG3_L_000464,2,0,형체와 전체 주기 제외,-1.294259336984652,-2.765845440050363,1
466,RG3_L_000466,3,0,형체와 전체 주기 제외,-0.2944672812976332,-2.765845440050363,1
467,RG3_L_000467,2,0,형체와 전체 주기 제외,-0.2379646425817068,-2.765845440050363,1
468,RG3_L_000468,2,0,형체와 전체 주기 제외,-0.027420731851032443,-2.765845440050363,1
469,RG3_L_000469,1,0,형체와 전체 주기 제외,-0.36754514522412585,-2.765845440050363,1
470,RG3_L_000470,1,0,형체와 전체 주기 제외,-0.20297888437274558,-2.765845440050363,1
471,RG3_L_000471,2,0,형체와 전체 주기 제외,-0.6084373434528292,-2.765845440050363,1
472,RG3_L_000472,3,0,형체와 전체 주기 제외,1.576661282374559,-2.765845440050363,1
473,RG3_L_000473,2,0,형체와 전체 주기 제외,-1.1906172113374875,-2.765845440050363,1
476,RG3_L_000476,2,1,형체와 전체 주기 제외,-1.83004654846785,-2.765845440050363,1
477,RG3_L_000477,3,0,형체와 전체 주기 제외,6.9046810522221005,-2.765845440050363,1
478,RG3_L_000478,3,0,형체와 전체 주기 제외,-1.5868375231383443,-2.765845440050363,1
481,RG3_L_000481,2,0,형체와 전체 주기 제외,-1.1482977704878845,-2.765845440050363,1
483,RG3_L_000483,0,1,형체와 전체 주기 제외,-1.633930819934525,-2.765845440050363,1
484,RG3_L_000484,3,0,형체와 전체 주기 제외,6.482239069925684,-2.765845440050363,1
485,RG3_L_000485,2,0,형체와 전체 주기 제외,-0.5841187250229751,-2.765845440050363,1
486,RG3_L_000486,3,1,형체와 전체 주기 제외,-1.1064407876282978,-2.765845440050363,1
487,RG3_L_000487,1,0,형체와 전체 주기 제외,-0.6566791162929349,-2.765845440050363,1
488,RG3_L_000488,1,0,형체와 전체 주기 제외,-1.4238907045065154,-2.765845440050363,1
490,RG3_L_000490,0,0,형체와 전체 주기 제외,-1.6654524029438367,-2.765845440050363,1
491,RG3_L_000491,1,0,형체와 전체 주기 제외,-1.9151687641041448,-2.765845440050363,1
492,RG3_L_000492,1,0,형체와 전체 주기 제외,-0.760243809619773,-2.765845440050363,1
493,RG3_L_000493,2,0,형체와 전체 주기 제외,-0.8740438896776368,-2.765845440050363,1
494,RG3_L_000494,2,0,형체와 전체 주기 제외,-0.6537367754439174,-2.765845440050363,1
495,RG3_L_000495,0,0,형체와 전체 주기 제외,-0.5007832274868527,-2.765845440050363,1
500,RG3_L_000500,0,0,형체와 전체 주기 제외,-1.3528472871514854,-2.765845440050363,1
501,RG3_L_000501,0,0,형체와 전체 주기 제외,-1.095238655647817,-2.765845440050363,1
502,RG3_L_000502,3,0,형체와 전체 주기 제외,-0.7553653224607828,-2.765845440050363,1
503,RG3_L_000503,0,0,형체와 전체 주기 제외,0.422458491261418,-2.765845440050363,1
504,RG3_L_000504,0,0,형체와 전체 주기 제외,0.6429091282626356,-2.765845440050363,1
505,RG3_L_000505,1,0,형체와 전체 주기 제외,-0.8370181925930194,-2.765845440050363,1
508,RG3_L_000508,0,0,형체와 전체 주기 제외,-1.794907965895872,-2.765845440050363,1
509,RG3_L_000509,2,0,형체와 전체 주기 제외,-0.7529692468756188,-2.765845440050363,1
510,RG3_L_000510,3,0,형체와 전체 주기 제외,-0.87600655553676,-2.765845440050363,1
512,RG3_L_000512,0,0,형체와 전체 주기 제외,-0.11666742117523476,-2.765845440050363,1
513,RG3_L_000513,3,0,형체와 전체 주기 제외,-0.7977802476409313,-2.765845440050363,1
515,RG3_L_000515,3,0,형체와 전체 주기 제외,-1.7153947221696164,-2.765845440050363,1
516,RG3_L_000516,0,0,형체와 전체 주기 제외,-1.3577020897210286,-2.765845440050363,1
517,RG3_L_000517,3,0,형체와 전체 주기 제외,-0.6660642842073585,-2.765845440050363,1
518,RG3_L_000518,2,0,형체와 전체 주기 제외,-1.4736586876014286,-2.765845440050363,1
519,RG3_L_000519,2,0,형체와 전체 주기 제외,0.759686912113084,-2.765845440050363,1
520,RG3_L_000520,0,0,형체와 전체 주기 제외,6.216342474522427,-2.765845440050363,1
521,RG3_L_000521,2,0,형체와 전체 주기 제외,-0.1501121180532099,-2.765845440050363,1
522,RG3_L_000522,0,0,형체와 전체 주기 제외,0.17942703580254182,-2.765845440050363,1
523,RG3_L_000523,3,0,형체와 전체 주기 제외,-0.5034517141766557,-2.765845440050363,1
524,RG3_L_000524,2,0,형체와 전체 주기 제외,-0.6263319641063916,-2.765845440050363,1
525,RG3_L_000525,1,0,형체와 전체 주기 제외,-1.393847419591598,-2.765845440050363,1
526,RG3_L_000526,2,0,형체와 전체 주기 제외,-1.3623343357789395,-2.765845440050363,1
528,RG3_L_000528,3,0,형체와 전체 주기 제외,-0.7060623900689524,-2.765845440050363,1
529,RG3_L_000529,1,0,형체와 전체 주기 제외,-0.4640458048771432,-2.765845440050363,1
530,RG3_L_000530,2,0,형체와 전체 주기 제외,-1.0838736949617171,-2.765845440050363,1
534,RG3_L_000534,3,0,형체와 전체 주기 제외,-1.5288721345433238,-2.765845440050363,1
535,RG3_L_000535,2,0,형체와 전체 주기 제외,-1.6231403488407654,-2.765845440050363,1
537,RG3_L_000537,2,0,형체와 전체 주기 제외,-0.5333446322075375,-2.765845440050363,1
538,RG3_L_000538,0,0,형체와 전체 주기 제외,-1.5448603943673849,-2.765845440050363,1
539,RG3_L_000539,3,0,형체와 전체 주기 제외,-0.9476506788652781,-2.765845440050363,1
540,RG3_L_000540,0,0,형체와 전체 주기 제외,-0.6221460815317599,-2.765845440050363,1
541,RG3_L_000541,1,0,형체와 전체 주기 제외,-0.22360583884772822,-2.765845440050363,1
543,RG3_L_000543,1,0,형체와 전체 주기 제외,-1.0039068604094155,-2.765845440050363,1
544,RG3_L_000544,3,0,형체와 전체 주기 제외,-2.155152454276987,-2.765845440050363,1
545,RG3_L_000545,1,0,형체와 전체 주기 제외,-1.3090101291580485,-2.765845440050363,1
546,RG3_L_000546,1,0,형체와 전체 주기 제외,-0.3230047617070966,-2.765845440050363,1
547,RG3_L_000547,0,0,형체와 전체 주기 제외,-1.279362650506192,-2.765845440050363,1
548,RG3_L_000548,0,0,형체와 전체 주기 제외,-1.1329043168252415,-2.765845440050363,1
550,RG3_L_000550,3,0,형체와 전체 주기 제외,-0.3662189068673154,-2.765845440050363,1
551,RG3_L_000551,2,0,형체와 전체 주기 제외,0.08337363347306592,-2.765845440050363,1
552,RG3_L_000552,2,0,형체와 전체 주기 제외,-1.2753520312968973,-2.765845440050363,1
553,RG3_L_000553,0,0,형체와 전체 주기 제외,-1.432911892283892,-2.765845440050363,1
554,RG3_L_000554,2,0,형체와 전체 주기 제외,-1.5248212424043448,-2.765845440050363,1
555,RG3_L_000555,1,0,형체와 전체 주기 제외,-0.700922740368707,-2.765845440050363,1
556,RG3_L_000556,2,0,형체와 전체 주기 제외,-0.8498429030300656,-2.765845440050363,1
558,RG3_L_000558,1,0,형체와 전체 주기 제외,5.1874805083146995,-2.765845440050363,1
559,RG3_L_000559,3,0,형체와 전체 주기 제외,-0.37924733874737093,-2.765845440050363,1
560,RG3_L_000560,3,1,형체와 전체 주기 제외,-0.45321849242152723,-2.765845440050363,1
561,RG3_L_000561,2,0,형체와 전체 주기 제외,-0.6904846664276629,-2.765845440050363,1
562,RG3_L_000562,3,0,형체와 전체 주기 제외,-1.114896463253702,-2.765845440050363,1
563,RG3_L_000563,3,0,형체와 전체 주기 제외,-1.269575704451233,-2.765845440050363,1
564,RG3_L_000564,2,0,형체와 전체 주기 제외,-0.9105230065463648,-2.765845440050363,1
565,RG3_L_000565,2,0,형체와 전체 주기 제외,-1.4841253282548053,-2.765845440050363,1
567,RG3_L_000567,1,0,형체와 전체 주기 제외,-0.9515146694332479,-2.765845440050363,1
568,RG3_L_000568,1,0,형체와 전체 주기 제외,-0.4468355192426081,-2.765845440050363,1
569,RG3_L_000569,1,0,형체와 전체 주기 제외,-0.817038862012696,-2.765845440050363,1
570,RG3_L_000570,3,0,형체와 전체 주기 제외,-0.28458624452481907,-2.765845440050363,1
571,RG3_L_000571,0,0,형체와 전체 주기 제외,-1.131886794437527,-2.765845440050363,1
572,RG3_L_000572,3,0,형체와 전체 주기 제외,-0.3230622906377185,-2.765845440050363,1
573,RG3_L_000573,0,0,형체와 전체 주기 제외,-1.3839387749548226,-2.765845440050363,1
575,RG3_L_000575,2,0,형체와 전체 주기 제외,-0.42777779035103514,-2.765845440050363,1
577,RG3_L_000577,1,0,형체와 전체 주기 제외,-0.26847157941441324,-2.765845440050363,1
578,RG3_L_000578,1,0,형체와 전체 주기 제외,0.6220107117293789,-2.765845440050363,1
579,RG3_L_000579,3,0,형체와 전체 주기 제외,-0.766142947323667,-2.765845440050363,1
580,RG3_L_000580,0,0,형체와 전체 주기 제외,-0.5015232904591418,-2.765845440050363,1
581,RG3_L_000581,1,0,형체와 전체 주기 제외,-0.9384618602604746,-2.765845440050363,1
583,RG3_L_000583,0,0,형체와 전체 주기 제외,-1.4119376548115206,-2.765845440050363,1
584,RG3_L_000584,0,0,형체와 전체 주기 제외,-0.7435715406311321,-2.765845440050363,1
586,RG3_L_000586,2,0,형체와 전체 주기 제외,-0.4861162196850053,-2.765845440050363,1
587,RG3_L_000587,3,0,형체와 전체 주기 제외,-0.1686021972490721,-2.765845440050363,1
589,RG3_L_000589,3,0,형체와 전체 주기 제외,-0.4318428574240194,-2.765845440050363,1
590,RG3_L_000590,0,0,형체와 전체 주기 제외,-1.2849598017658472,-2.765845440050363,1
