pattern_row,pattern_id,cv_fold,label,scenario,risk_score,threshold,y_pred
0,CN7_L_000000,0,0,전체 변수와 정상 재표준화,-0.029090972696034445,0.023735534496390542,0
2,CN7_L_000002,0,0,전체 변수와 정상 재표준화,-0.02549068789251141,0.023735534496390542,0
3,CN7_L_000003,0,0,전체 변수와 정상 재표준화,-0.05448933693631375,0.023735534496390542,0
4,CN7_L_000004,3,0,전체 변수와 정상 재표준화,-0.04959742092483532,0.023735534496390542,0
5,CN7_L_000005,2,0,전체 변수와 정상 재표준화,-0.07062606120997517,0.023735534496390542,0
6,CN7_L_000006,2,0,전체 변수와 정상 재표준화,-0.07761974706041253,0.023735534496390542,0
7,CN7_L_000007,1,0,전체 변수와 정상 재표준화,-0.08048745051947126,0.023735534496390542,0
8,CN7_L_000008,0,0,전체 변수와 정상 재표준화,-0.023936361856305766,0.023735534496390542,0
9,CN7_L_000009,1,0,전체 변수와 정상 재표준화,-0.01727406686708166,0.023735534496390542,0
10,CN7_L_000010,0,0,전체 변수와 정상 재표준화,-0.04331031121140194,0.023735534496390542,0
11,CN7_L_000011,0,0,전체 변수와 정상 재표준화,-0.046728260514453446,0.023735534496390542,0
12,CN7_L_000012,1,0,전체 변수와 정상 재표준화,-0.01584025465833605,0.023735534496390542,0
15,CN7_L_000015,2,0,전체 변수와 정상 재표준화,-0.10300805858078022,0.023735534496390542,0
16,CN7_L_000016,1,0,전체 변수와 정상 재표준화,-0.08173641286478217,0.023735534496390542,0
17,CN7_L_000017,3,0,전체 변수와 정상 재표준화,-0.02928453131656239,0.023735534496390542,0
18,CN7_L_000018,2,0,전체 변수와 정상 재표준화,-0.03915350199008438,0.023735534496390542,0
19,CN7_L_000019,1,0,전체 변수와 정상 재표준화,-0.04538530112693184,0.023735534496390542,0
22,CN7_L_000022,0,0,전체 변수와 정상 재표준화,0.023735534496390542,0.023735534496390542,0
23,CN7_L_000023,3,0,전체 변수와 정상 재표준화,-0.041259800427554616,0.023735534496390542,0
24,CN7_L_000024,3,1,전체 변수와 정상 재표준화,-0.04271713824809131,0.023735534496390542,0
25,CN7_L_000025,0,0,전체 변수와 정상 재표준화,-0.03418798573154591,0.023735534496390542,0
26,CN7_L_000026,0,0,전체 변수와 정상 재표준화,-0.02383184794082238,0.023735534496390542,0
27,CN7_L_000027,3,0,전체 변수와 정상 재표준화,-0.055347597522363845,0.023735534496390542,0
29,CN7_L_000029,0,0,전체 변수와 정상 재표준화,-0.00703116696684436,0.023735534496390542,0
30,CN7_L_000030,1,0,전체 변수와 정상 재표준화,-0.05939828559087923,0.023735534496390542,0
31,CN7_L_000031,0,0,전체 변수와 정상 재표준화,-0.017081073836251903,0.023735534496390542,0
32,CN7_L_000032,2,0,전체 변수와 정상 재표준화,-0.03327966371131197,0.023735534496390542,0
34,CN7_L_000034,3,0,전체 변수와 정상 재표준화,-0.05874549147392916,0.023735534496390542,0
36,CN7_L_000036,0,0,전체 변수와 정상 재표준화,0.864263357260046,0.023735534496390542,1
37,CN7_L_000037,0,0,전체 변수와 정상 재표준화,-0.015049386917684426,0.023735534496390542,0
38,CN7_L_000038,3,0,전체 변수와 정상 재표준화,-0.0683267601431341,0.023735534496390542,0
39,CN7_L_000039,0,0,전체 변수와 정상 재표준화,-0.03636153458677471,0.023735534496390542,0
40,CN7_L_000040,1,1,전체 변수와 정상 재표준화,-0.030660701018718317,0.023735534496390542,0
41,CN7_L_000041,1,0,전체 변수와 정상 재표준화,-0.04005791318398,0.023735534496390542,0
43,CN7_L_000043,0,0,전체 변수와 정상 재표준화,-0.0566095170997567,0.023735534496390542,0
44,CN7_L_000044,3,0,전체 변수와 정상 재표준화,-0.032600931670502487,0.023735534496390542,0
45,CN7_L_000045,0,0,전체 변수와 정상 재표준화,-0.025432282702210873,0.023735534496390542,0
46,CN7_L_000046,0,0,전체 변수와 정상 재표준화,-0.04190199079522161,0.023735534496390542,0
47,CN7_L_000047,2,0,전체 변수와 정상 재표준화,-0.08505878290591973,0.023735534496390542,0
48,CN7_L_000048,0,1,전체 변수와 정상 재표준화,0.03383154742552952,0.023735534496390542,1
49,CN7_L_000049,3,0,전체 변수와 정상 재표준화,-0.06331225656033945,0.023735534496390542,0
52,CN7_L_000052,2,1,전체 변수와 정상 재표준화,-0.07070709619845816,0.023735534496390542,0
53,CN7_L_000053,1,1,전체 변수와 정상 재표준화,-0.04845665681237543,0.023735534496390542,0
54,CN7_L_000054,3,1,전체 변수와 정상 재표준화,-0.036465864946055415,0.023735534496390542,0
55,CN7_L_000055,0,1,전체 변수와 정상 재표준화,-0.036680361850988774,0.023735534496390542,0
56,CN7_L_000056,2,1,전체 변수와 정상 재표준화,-0.05467136298864439,0.023735534496390542,0
58,CN7_L_000058,1,1,전체 변수와 정상 재표준화,0.23794101226042885,0.023735534496390542,1
59,CN7_L_000059,3,1,전체 변수와 정상 재표준화,0.5193744903194251,0.023735534496390542,1
60,CN7_L_000060,2,1,전체 변수와 정상 재표준화,0.317314101229039,0.023735534496390542,1
62,CN7_L_000062,1,0,전체 변수와 정상 재표준화,-0.0889474860288515,0.023735534496390542,0
63,CN7_L_000063,3,0,전체 변수와 정상 재표준화,-0.0805273118758274,0.023735534496390542,0
64,CN7_L_000064,3,0,전체 변수와 정상 재표준화,-0.07863313257439009,0.023735534496390542,0
65,CN7_L_000065,2,0,전체 변수와 정상 재표준화,-0.07338508429257606,0.023735534496390542,0
67,CN7_L_000067,3,0,전체 변수와 정상 재표준화,-0.028643070958416672,0.023735534496390542,0
68,CN7_L_000068,3,0,전체 변수와 정상 재표준화,-0.040113270733956874,0.023735534496390542,0
69,CN7_L_000069,2,0,전체 변수와 정상 재표준화,-0.05082253456775421,0.023735534496390542,0
70,CN7_L_000070,1,0,전체 변수와 정상 재표준화,-0.06015021589407743,0.023735534496390542,0
71,CN7_L_000071,2,0,전체 변수와 정상 재표준화,-0.08182832606108326,0.023735534496390542,0
73,CN7_L_000073,0,0,전체 변수와 정상 재표준화,-0.06860975352915988,0.023735534496390542,0
74,CN7_L_000074,0,0,전체 변수와 정상 재표준화,-0.021368983080904513,0.023735534496390542,0
77,CN7_L_000077,2,0,전체 변수와 정상 재표준화,-0.0253092222315896,0.023735534496390542,0
79,CN7_L_000079,3,0,전체 변수와 정상 재표준화,-0.011331739145709285,0.023735534496390542,0
80,CN7_L_000080,2,0,전체 변수와 정상 재표준화,-0.04407496731805649,0.023735534496390542,0
81,CN7_L_000081,2,0,전체 변수와 정상 재표준화,-0.08710040755613813,0.023735534496390542,0
82,CN7_L_000082,3,0,전체 변수와 정상 재표준화,-0.02267264509424427,0.023735534496390542,0
83,CN7_L_000083,2,0,전체 변수와 정상 재표준화,-0.0725792851369329,0.023735534496390542,0
84,CN7_L_000084,3,0,전체 변수와 정상 재표준화,-0.05829980877644614,0.023735534496390542,0
86,CN7_L_000086,0,0,전체 변수와 정상 재표준화,-0.01600447839595187,0.023735534496390542,0
87,CN7_L_000087,3,0,전체 변수와 정상 재표준화,-0.07101801487846426,0.023735534496390542,0
88,CN7_L_000088,0,0,전체 변수와 정상 재표준화,-0.05111137765859697,0.023735534496390542,0
89,CN7_L_000089,3,0,전체 변수와 정상 재표준화,-0.025941174497914332,0.023735534496390542,0
90,CN7_L_000090,1,0,전체 변수와 정상 재표준화,-0.05221648354311803,0.023735534496390542,0
91,CN7_L_000091,2,0,전체 변수와 정상 재표준화,-0.11206075447723807,0.023735534496390542,0
92,CN7_L_000092,3,0,전체 변수와 정상 재표준화,-0.05058086371139847,0.023735534496390542,0
93,CN7_L_000093,1,0,전체 변수와 정상 재표준화,-0.042709873101303586,0.023735534496390542,0
95,CN7_L_000095,0,0,전체 변수와 정상 재표준화,0.018354051932808257,0.023735534496390542,0
96,CN7_L_000096,3,0,전체 변수와 정상 재표준화,-0.040564613849570996,0.023735534496390542,0
97,CN7_L_000097,3,0,전체 변수와 정상 재표준화,-0.037951523866468495,0.023735534496390542,0
98,CN7_L_000098,3,0,전체 변수와 정상 재표준화,-0.007068639207544525,0.023735534496390542,0
99,CN7_L_000099,2,0,전체 변수와 정상 재표준화,-0.08209093432366288,0.023735534496390542,0
100,CN7_L_000100,3,0,전체 변수와 정상 재표준화,-0.03986500440645058,0.023735534496390542,0
102,CN7_L_000102,3,0,전체 변수와 정상 재표준화,-0.06362518907542292,0.023735534496390542,0
103,CN7_L_000103,0,0,전체 변수와 정상 재표준화,0.013663296484963894,0.023735534496390542,0
104,CN7_L_000104,2,0,전체 변수와 정상 재표준화,-0.0611527081918557,0.023735534496390542,0
106,CN7_L_000106,3,0,전체 변수와 정상 재표준화,-0.025621099888092136,0.023735534496390542,0
107,CN7_L_000107,0,0,전체 변수와 정상 재표준화,-0.01965882640287031,0.023735534496390542,0
108,CN7_L_000108,2,0,전체 변수와 정상 재표준화,-0.08194162200919264,0.023735534496390542,0
109,CN7_L_000109,2,0,전체 변수와 정상 재표준화,-0.060340968770814296,0.023735534496390542,0
110,CN7_L_000110,0,0,전체 변수와 정상 재표준화,0.004961521330724583,0.023735534496390542,0
111,CN7_L_000111,1,0,전체 변수와 정상 재표준화,-0.10766109147378611,0.023735534496390542,0
115,CN7_L_000115,0,0,전체 변수와 정상 재표준화,-0.04764879450151627,0.023735534496390542,0
117,CN7_L_000117,3,0,전체 변수와 정상 재표준화,0.016875803195606665,0.023735534496390542,0
118,CN7_L_000118,3,0,전체 변수와 정상 재표준화,-0.0406335578347079,0.023735534496390542,0
121,CN7_L_000121,3,0,전체 변수와 정상 재표준화,-0.053661361473282376,0.023735534496390542,0
122,CN7_L_000122,3,0,전체 변수와 정상 재표준화,-0.0500566906852562,0.023735534496390542,0
123,CN7_L_000123,0,0,전체 변수와 정상 재표준화,-0.03411372734193918,0.023735534496390542,0
124,CN7_L_000124,2,0,전체 변수와 정상 재표준화,-0.08453673608021539,0.023735534496390542,0
125,CN7_L_000125,3,0,전체 변수와 정상 재표준화,-0.04638138004913239,0.023735534496390542,0
126,CN7_L_000126,2,0,전체 변수와 정상 재표준화,-0.03518340765385064,0.023735534496390542,0
127,CN7_L_000127,0,0,전체 변수와 정상 재표준화,-0.02190966684235285,0.023735534496390542,0
128,CN7_L_000128,1,0,전체 변수와 정상 재표준화,-0.06662760871060236,0.023735534496390542,0
129,CN7_L_000129,2,0,전체 변수와 정상 재표준화,-0.07530958275407462,0.023735534496390542,0
130,CN7_L_000130,1,0,전체 변수와 정상 재표준화,-0.057041182703719606,0.023735534496390542,0
131,CN7_L_000131,3,0,전체 변수와 정상 재표준화,-0.07561079221789058,0.023735534496390542,0
132,CN7_L_000132,1,0,전체 변수와 정상 재표준화,-0.08314528994148462,0.023735534496390542,0
133,CN7_L_000133,1,0,전체 변수와 정상 재표준화,-0.041949578833038625,0.023735534496390542,0
134,CN7_L_000134,2,0,전체 변수와 정상 재표준화,-0.04356200774485508,0.023735534496390542,0
136,CN7_L_000136,0,0,전체 변수와 정상 재표준화,-0.023618542086969452,0.023735534496390542,0
137,CN7_L_000137,3,0,전체 변수와 정상 재표준화,-0.05395878685563371,0.023735534496390542,0
138,CN7_L_000138,0,0,전체 변수와 정상 재표준화,-0.03107013319309937,0.023735534496390542,0
139,CN7_L_000139,2,0,전체 변수와 정상 재표준화,-0.07485168741303028,0.023735534496390542,0
140,CN7_L_000140,1,0,전체 변수와 정상 재표준화,-0.07835706378383778,0.023735534496390542,0
141,CN7_L_000141,3,0,전체 변수와 정상 재표준화,-0.05319705085138571,0.023735534496390542,0
143,CN7_L_000143,1,0,전체 변수와 정상 재표준화,-0.06140230011541803,0.023735534496390542,0
145,CN7_L_000145,0,0,전체 변수와 정상 재표준화,-0.058899412107464855,0.023735534496390542,0
146,CN7_L_000146,3,0,전체 변수와 정상 재표준화,-0.04308953667166149,0.023735534496390542,0
147,CN7_L_000147,1,0,전체 변수와 정상 재표준화,-0.012510265480172755,0.023735534496390542,0
150,CN7_L_000150,3,0,전체 변수와 정상 재표준화,-0.044633002392906906,0.023735534496390542,0
151,CN7_L_000151,0,0,전체 변수와 정상 재표준화,-0.04598646659773342,0.023735534496390542,0
153,CN7_L_000153,0,0,전체 변수와 정상 재표준화,-0.041427810152345756,0.023735534496390542,0
154,CN7_L_000154,0,0,전체 변수와 정상 재표준화,0.01802303905550673,0.023735534496390542,0
155,CN7_L_000155,1,0,전체 변수와 정상 재표준화,-0.010750490382033462,0.023735534496390542,0
156,CN7_L_000156,0,0,전체 변수와 정상 재표준화,0.02051889980320265,0.023735534496390542,0
157,CN7_L_000157,0,0,전체 변수와 정상 재표준화,-0.053776909349351865,0.023735534496390542,0
158,CN7_L_000158,0,0,전체 변수와 정상 재표준화,-0.02776540082822221,0.023735534496390542,0
159,CN7_L_000159,2,0,전체 변수와 정상 재표준화,-0.05740952302005464,0.023735534496390542,0
160,CN7_L_000160,1,0,전체 변수와 정상 재표준화,-0.07338274865323235,0.023735534496390542,0
161,CN7_L_000161,1,0,전체 변수와 정상 재표준화,-0.11648339116713968,0.023735534496390542,0
162,CN7_L_000162,2,0,전체 변수와 정상 재표준화,-0.10283486127856412,0.023735534496390542,0
163,CN7_L_000163,2,0,전체 변수와 정상 재표준화,-0.03946511188979107,0.023735534496390542,0
164,CN7_L_000164,0,0,전체 변수와 정상 재표준화,0.5616301353702413,0.023735534496390542,1
165,CN7_L_000165,2,0,전체 변수와 정상 재표준화,-0.07946776304745384,0.023735534496390542,0
166,CN7_L_000166,1,0,전체 변수와 정상 재표준화,-0.06353669750751312,0.023735534496390542,0
167,CN7_L_000167,2,0,전체 변수와 정상 재표준화,-0.028080259384441142,0.023735534496390542,0
168,CN7_L_000168,3,0,전체 변수와 정상 재표준화,-0.02197673730973726,0.023735534496390542,0
169,CN7_L_000169,2,0,전체 변수와 정상 재표준화,-0.07500188710081046,0.023735534496390542,0
171,CN7_L_000171,3,0,전체 변수와 정상 재표준화,-0.06568577797174369,0.023735534496390542,0
172,CN7_L_000172,0,0,전체 변수와 정상 재표준화,-0.04807845279579981,0.023735534496390542,0
173,CN7_L_000173,3,0,전체 변수와 정상 재표준화,-0.046055664497103965,0.023735534496390542,0
177,CN7_L_000177,1,0,전체 변수와 정상 재표준화,-0.05860508453072377,0.023735534496390542,0
178,CN7_L_000178,0,0,전체 변수와 정상 재표준화,-0.06734061017335158,0.023735534496390542,0
179,CN7_L_000179,0,0,전체 변수와 정상 재표준화,-0.07235789662051273,0.023735534496390542,0
181,CN7_L_000181,0,0,전체 변수와 정상 재표준화,-0.04265897403051211,0.023735534496390542,0
182,CN7_L_000182,0,0,전체 변수와 정상 재표준화,-0.05139394790694807,0.023735534496390542,0
183,CN7_L_000183,3,0,전체 변수와 정상 재표준화,-0.06203011192582242,0.023735534496390542,0
184,CN7_L_000184,2,0,전체 변수와 정상 재표준화,-0.0775271460188045,0.023735534496390542,0
186,CN7_L_000186,0,0,전체 변수와 정상 재표준화,-0.06861681970207378,0.023735534496390542,0
187,CN7_L_000187,1,0,전체 변수와 정상 재표준화,-0.09361642291938965,0.023735534496390542,0
188,CN7_L_000188,0,0,전체 변수와 정상 재표준화,-0.05319460770511153,0.023735534496390542,0
189,CN7_L_000189,0,0,전체 변수와 정상 재표준화,-0.02827675345174896,0.023735534496390542,0
190,CN7_L_000190,2,0,전체 변수와 정상 재표준화,-0.07429905464461317,0.023735534496390542,0
191,CN7_L_000191,2,0,전체 변수와 정상 재표준화,-0.059555040586073194,0.023735534496390542,0
192,CN7_L_000192,0,0,전체 변수와 정상 재표준화,-0.016162653950108297,0.023735534496390542,0
193,CN7_L_000193,2,0,전체 변수와 정상 재표준화,-0.017886474051532986,0.023735534496390542,0
194,CN7_L_000194,1,0,전체 변수와 정상 재표준화,0.005890004378985125,0.023735534496390542,0
195,CN7_L_000195,0,0,전체 변수와 정상 재표준화,-0.014621905712058236,0.023735534496390542,0
196,CN7_L_000196,0,0,전체 변수와 정상 재표준화,-0.02375845063160531,0.023735534496390542,0
197,CN7_L_000197,3,0,전체 변수와 정상 재표준화,-0.04406239608165352,0.023735534496390542,0
198,CN7_L_000198,0,0,전체 변수와 정상 재표준화,-0.03558320714112062,0.023735534496390542,0
199,CN7_L_000199,2,0,전체 변수와 정상 재표준화,-0.007507799454439912,0.023735534496390542,0
200,CN7_L_000200,3,0,전체 변수와 정상 재표준화,-0.036685871595592445,0.023735534496390542,0
202,CN7_L_000202,0,0,전체 변수와 정상 재표준화,-0.03848313838903206,0.023735534496390542,0
204,CN7_L_000204,0,0,전체 변수와 정상 재표준화,-0.059826525931205854,0.023735534496390542,0
206,CN7_L_000206,1,0,전체 변수와 정상 재표준화,-0.027646206059199763,0.023735534496390542,0
207,CN7_L_000207,1,0,전체 변수와 정상 재표준화,-0.004163457514589464,0.023735534496390542,0
208,CN7_L_000208,2,0,전체 변수와 정상 재표준화,0.00017383645873181308,0.023735534496390542,0
209,CN7_L_000209,3,0,전체 변수와 정상 재표준화,-0.01706191617518682,0.023735534496390542,0
210,CN7_L_000210,3,0,전체 변수와 정상 재표준화,-0.046814442933546196,0.023735534496390542,0
211,CN7_L_000211,3,0,전체 변수와 정상 재표준화,-0.0013191471644851127,0.023735534496390542,0
212,CN7_L_000212,3,0,전체 변수와 정상 재표준화,-0.049754217719148564,0.023735534496390542,0
213,CN7_L_000213,3,0,전체 변수와 정상 재표준화,-0.035059998245332125,0.023735534496390542,0
216,CN7_L_000216,3,0,전체 변수와 정상 재표준화,-0.03576409892145005,0.023735534496390542,0
217,CN7_L_000217,1,0,전체 변수와 정상 재표준화,-0.04879898760519508,0.023735534496390542,0
218,CN7_L_000218,2,0,전체 변수와 정상 재표준화,-0.055548502056042004,0.023735534496390542,0
220,CN7_L_000220,2,0,전체 변수와 정상 재표준화,-0.036043570907444256,0.023735534496390542,0
221,CN7_L_000221,2,0,전체 변수와 정상 재표준화,-0.03376434926298666,0.023735534496390542,0
222,CN7_L_000222,3,0,전체 변수와 정상 재표준화,-0.07025750308419143,0.023735534496390542,0
223,CN7_L_000223,1,0,전체 변수와 정상 재표준화,0.0196276801921047,0.023735534496390542,0
224,CN7_L_000224,3,0,전체 변수와 정상 재표준화,-0.02930018300609527,0.023735534496390542,0
225,CN7_L_000225,0,0,전체 변수와 정상 재표준화,-0.034043030795487095,0.023735534496390542,0
226,CN7_L_000226,3,0,전체 변수와 정상 재표준화,-0.045275732860980966,0.023735534496390542,0
231,CN7_L_000231,1,0,전체 변수와 정상 재표준화,-0.02380711341577557,0.023735534496390542,0
232,CN7_L_000232,1,0,전체 변수와 정상 재표준화,-0.032294289305142776,0.023735534496390542,0
233,CN7_L_000233,1,0,전체 변수와 정상 재표준화,-0.015018963017972897,0.023735534496390542,0
234,CN7_L_000234,3,0,전체 변수와 정상 재표준화,-0.021624805130155522,0.023735534496390542,0
235,CN7_L_000235,3,0,전체 변수와 정상 재표준화,-0.034428228688584195,0.023735534496390542,0
236,CN7_L_000236,0,0,전체 변수와 정상 재표준화,-0.051875102556887764,0.023735534496390542,0
237,CN7_L_000237,3,0,전체 변수와 정상 재표준화,-0.057726691654647944,0.023735534496390542,0
238,CN7_L_000238,1,0,전체 변수와 정상 재표준화,-0.0725927590175699,0.023735534496390542,0
239,CN7_L_000239,1,0,전체 변수와 정상 재표준화,-0.02369797528378781,0.023735534496390542,0
241,CN7_L_000241,1,0,전체 변수와 정상 재표준화,-0.035135026913591716,0.023735534496390542,0
242,CN7_L_000242,0,0,전체 변수와 정상 재표준화,0.0021467067080371827,0.023735534496390542,0
243,CN7_L_000243,2,0,전체 변수와 정상 재표준화,-0.054735465429060604,0.023735534496390542,0
245,CN7_L_000245,1,0,전체 변수와 정상 재표준화,-0.05358011043264854,0.023735534496390542,0
246,CN7_L_000246,1,0,전체 변수와 정상 재표준화,-0.07963782286691368,0.023735534496390542,0
247,CN7_L_000247,1,0,전체 변수와 정상 재표준화,-0.05042705064597275,0.023735534496390542,0
248,CN7_L_000248,2,0,전체 변수와 정상 재표준화,-0.07703016392650497,0.023735534496390542,0
249,CN7_L_000249,3,0,전체 변수와 정상 재표준화,-0.0405497999549409,0.023735534496390542,0
250,CN7_L_000250,1,0,전체 변수와 정상 재표준화,-0.07662211995691504,0.023735534496390542,0
251,CN7_L_000251,2,0,전체 변수와 정상 재표준화,-0.054572839918817895,0.023735534496390542,0
252,CN7_L_000252,1,0,전체 변수와 정상 재표준화,-0.04932167962969114,0.023735534496390542,0
253,CN7_L_000253,3,0,전체 변수와 정상 재표준화,-0.0529783015622165,0.023735534496390542,0
254,CN7_L_000254,3,0,전체 변수와 정상 재표준화,-0.0382709434549664,0.023735534496390542,0
256,CN7_L_000256,3,0,전체 변수와 정상 재표준화,-0.0511144345112009,0.023735534496390542,0
258,CN7_L_000258,2,0,전체 변수와 정상 재표준화,-0.09043695702792265,0.023735534496390542,0
259,CN7_L_000259,0,0,전체 변수와 정상 재표준화,-0.061728923496930044,0.023735534496390542,0
260,CN7_L_000260,1,0,전체 변수와 정상 재표준화,-0.10545982355724126,0.023735534496390542,0
261,CN7_L_000261,3,0,전체 변수와 정상 재표준화,-0.0500226914176789,0.023735534496390542,0
262,CN7_L_000262,3,0,전체 변수와 정상 재표준화,-0.06517407047038759,0.023735534496390542,0
263,CN7_L_000263,2,0,전체 변수와 정상 재표준화,-0.0441564548678679,0.023735534496390542,0
264,CN7_L_000264,3,0,전체 변수와 정상 재표준화,-0.04904888766459381,0.023735534496390542,0
267,CN7_L_000267,0,0,전체 변수와 정상 재표준화,-0.0522126047680036,0.023735534496390542,0
268,CN7_L_000268,0,0,전체 변수와 정상 재표준화,-0.06244644609955019,0.023735534496390542,0
269,CN7_L_000269,1,0,전체 변수와 정상 재표준화,-0.05985544909982243,0.023735534496390542,0
270,CN7_L_000270,2,0,전체 변수와 정상 재표준화,-0.08739629865893717,0.023735534496390542,0
271,CN7_L_000271,0,0,전체 변수와 정상 재표준화,-0.06795419767890509,0.023735534496390542,0
272,CN7_L_000272,2,0,전체 변수와 정상 재표준화,-0.0658342968368486,0.023735534496390542,0
273,CN7_L_000273,3,0,전체 변수와 정상 재표준화,-0.04388526426409056,0.023735534496390542,0
275,CN7_L_000275,1,0,전체 변수와 정상 재표준화,-0.08537578924893152,0.023735534496390542,0
276,CN7_L_000276,1,0,전체 변수와 정상 재표준화,-0.08629230656974096,0.023735534496390542,0
277,CN7_L_000277,1,0,전체 변수와 정상 재표준화,-0.05292257014029911,0.023735534496390542,0
278,CN7_L_000278,1,0,전체 변수와 정상 재표준화,-0.07051520140105438,0.023735534496390542,0
279,CN7_L_000279,0,0,전체 변수와 정상 재표준화,-0.05224361627143548,0.023735534496390542,0
280,CN7_L_000280,3,0,전체 변수와 정상 재표준화,-0.071771168112579,0.023735534496390542,0
282,CN7_L_000282,0,0,전체 변수와 정상 재표준화,-0.045367352043773845,0.023735534496390542,0
285,CN7_L_000285,0,0,전체 변수와 정상 재표준화,-0.05904909729527974,0.023735534496390542,0
286,CN7_L_000286,0,0,전체 변수와 정상 재표준화,-0.07447086547283233,0.023735534496390542,0
288,CN7_L_000288,2,0,전체 변수와 정상 재표준화,-0.08023465190137413,0.023735534496390542,0
289,CN7_L_000289,1,0,전체 변수와 정상 재표준화,-0.0973322392556879,0.023735534496390542,0
291,CN7_L_000291,3,0,전체 변수와 정상 재표준화,-0.05388336865309862,0.023735534496390542,0
292,CN7_L_000292,3,0,전체 변수와 정상 재표준화,-0.04616844075853388,0.023735534496390542,0
293,CN7_L_000293,1,0,전체 변수와 정상 재표준화,-0.08332396558463673,0.023735534496390542,0
294,CN7_L_000294,2,0,전체 변수와 정상 재표준화,-0.12913411590656843,0.023735534496390542,0
295,CN7_L_000295,1,0,전체 변수와 정상 재표준화,-0.0888131154978482,0.023735534496390542,0
296,CN7_L_000296,3,0,전체 변수와 정상 재표준화,-0.0628157324147054,0.023735534496390542,0
297,CN7_L_000297,1,0,전체 변수와 정상 재표준화,-0.08832826514144498,0.023735534496390542,0
298,CN7_L_000298,0,0,전체 변수와 정상 재표준화,-0.07220914568690073,0.023735534496390542,0
299,CN7_L_000299,1,0,전체 변수와 정상 재표준화,-0.06308321061497546,0.023735534496390542,0
300,CN7_L_000300,1,0,전체 변수와 정상 재표준화,-0.06887370213408595,0.023735534496390542,0
301,CN7_L_000301,1,0,전체 변수와 정상 재표준화,-0.055311668701566674,0.023735534496390542,0
303,CN7_L_000303,1,0,전체 변수와 정상 재표준화,-0.07937728793296328,0.023735534496390542,0
304,CN7_L_000304,0,0,전체 변수와 정상 재표준화,-0.06592849644936871,0.023735534496390542,0
305,CN7_L_000305,0,0,전체 변수와 정상 재표준화,-0.07044654139983653,0.023735534496390542,0
307,CN7_L_000307,3,0,전체 변수와 정상 재표준화,-0.06450001799751748,0.023735534496390542,0
308,CN7_L_000308,0,0,전체 변수와 정상 재표준화,-0.07917712605285798,0.023735534496390542,0
310,CN7_L_000310,3,0,전체 변수와 정상 재표준화,-0.0667028990576819,0.023735534496390542,0
311,CN7_L_000311,1,0,전체 변수와 정상 재표준화,-0.06991118036590027,0.023735534496390542,0
312,CN7_L_000312,2,0,전체 변수와 정상 재표준화,-0.09565105917360173,0.023735534496390542,0
313,CN7_L_000313,0,0,전체 변수와 정상 재표준화,-0.055272433329990545,0.023735534496390542,0
314,CN7_L_000314,1,0,전체 변수와 정상 재표준화,-0.09884810482812201,0.023735534496390542,0
315,CN7_L_000315,2,0,전체 변수와 정상 재표준화,-0.09297653030475406,0.023735534496390542,0
316,CN7_L_000316,3,0,전체 변수와 정상 재표준화,-0.06902519296500342,0.023735534496390542,0
317,CN7_L_000317,3,0,전체 변수와 정상 재표준화,-0.03664932653352615,0.023735534496390542,0
318,CN7_L_000318,2,0,전체 변수와 정상 재표준화,-0.05799843375390168,0.023735534496390542,0
319,CN7_L_000319,0,0,전체 변수와 정상 재표준화,-0.08061837941439753,0.023735534496390542,0
320,CN7_L_000320,2,0,전체 변수와 정상 재표준화,-0.07732452009843671,0.023735534496390542,0
321,CN7_L_000321,0,0,전체 변수와 정상 재표준화,-0.06189434117370318,0.023735534496390542,0
323,CN7_L_000323,0,0,전체 변수와 정상 재표준화,-0.07807463673322212,0.023735534496390542,0
324,CN7_L_000324,0,0,전체 변수와 정상 재표준화,-0.04852772163393615,0.023735534496390542,0
325,CN7_L_000325,1,0,전체 변수와 정상 재표준화,-0.06581103542059674,0.023735534496390542,0
326,CN7_L_000326,1,0,전체 변수와 정상 재표준화,-0.07168364928167303,0.023735534496390542,0
328,CN7_L_000328,1,0,전체 변수와 정상 재표준화,-0.07575137601969884,0.023735534496390542,0
330,CN7_L_000330,1,0,전체 변수와 정상 재표준화,-0.08865659046719099,0.023735534496390542,0
331,CN7_L_000331,1,0,전체 변수와 정상 재표준화,-0.07842969514410747,0.023735534496390542,0
332,CN7_L_000332,0,0,전체 변수와 정상 재표준화,-0.06088886905257551,0.023735534496390542,0
333,CN7_L_000333,2,0,전체 변수와 정상 재표준화,-0.08698130514644342,0.023735534496390542,0
334,CN7_L_000334,3,0,전체 변수와 정상 재표준화,-0.0969394260969545,0.023735534496390542,0
335,CN7_L_000335,3,0,전체 변수와 정상 재표준화,-0.03525870083713434,0.023735534496390542,0
336,CN7_L_000336,2,0,전체 변수와 정상 재표준화,-0.05290271165835447,0.023735534496390542,0
337,CN7_L_000337,2,0,전체 변수와 정상 재표준화,-0.08076745345109249,0.023735534496390542,0
338,CN7_L_000338,2,0,전체 변수와 정상 재표준화,-0.07181876900681461,0.023735534496390542,0
339,CN7_L_000339,3,0,전체 변수와 정상 재표준화,-0.08204988046459682,0.023735534496390542,0
340,CN7_L_000340,2,0,전체 변수와 정상 재표준화,-0.07863990331095083,0.023735534496390542,0
342,CN7_L_000342,1,0,전체 변수와 정상 재표준화,-0.0527510946056422,0.023735534496390542,0
343,CN7_L_000343,2,0,전체 변수와 정상 재표준화,-0.09265127433332898,0.023735534496390542,0
345,CN7_L_000345,1,0,전체 변수와 정상 재표준화,-0.07974733773370435,0.023735534496390542,0
346,CN7_L_000346,3,0,전체 변수와 정상 재표준화,-0.06390476148321955,0.023735534496390542,0
347,CN7_L_000347,1,0,전체 변수와 정상 재표준화,-0.07115720391051816,0.023735534496390542,0
348,CN7_L_000348,1,0,전체 변수와 정상 재표준화,-0.050496593855895,0.023735534496390542,0
349,CN7_L_000349,3,0,전체 변수와 정상 재표준화,-0.07121296427523216,0.023735534496390542,0
350,CN7_L_000350,2,0,전체 변수와 정상 재표준화,-0.08581210766819902,0.023735534496390542,0
352,CN7_L_000352,2,0,전체 변수와 정상 재표준화,-0.11068199139670432,0.023735534496390542,0
354,CN7_L_000354,3,0,전체 변수와 정상 재표준화,-0.08194405350020517,0.023735534496390542,0
355,CN7_L_000355,2,0,전체 변수와 정상 재표준화,-0.10776391788005268,0.023735534496390542,0
356,CN7_L_000356,2,0,전체 변수와 정상 재표준화,-0.05681054559403842,0.023735534496390542,0
358,CN7_L_000358,2,0,전체 변수와 정상 재표준화,-0.06394083999235756,0.023735534496390542,0
360,CN7_L_000360,2,0,전체 변수와 정상 재표준화,-0.05947854190272217,0.023735534496390542,0
361,CN7_L_000361,2,0,전체 변수와 정상 재표준화,-0.07802137362026063,0.023735534496390542,0
362,CN7_L_000362,0,0,전체 변수와 정상 재표준화,-0.03769149938365768,0.023735534496390542,0
363,CN7_L_000363,1,0,전체 변수와 정상 재표준화,-0.10388048038472908,0.023735534496390542,0
364,CN7_L_000364,2,0,전체 변수와 정상 재표준화,-0.07627701010666854,0.023735534496390542,0
365,CN7_L_000365,2,0,전체 변수와 정상 재표준화,-0.1316716411268124,0.023735534496390542,0
366,CN7_L_000366,2,0,전체 변수와 정상 재표준화,-0.11542129904069887,0.023735534496390542,0
367,CN7_L_000367,3,0,전체 변수와 정상 재표준화,-0.04725469358689427,0.023735534496390542,0
368,CN7_L_000368,2,0,전체 변수와 정상 재표준화,-0.045396900050695965,0.023735534496390542,0
369,CN7_L_000369,1,0,전체 변수와 정상 재표준화,-0.07992453680562628,0.023735534496390542,0
370,CN7_L_000370,2,0,전체 변수와 정상 재표준화,-0.0754548012943741,0.023735534496390542,0
371,CN7_L_000371,1,0,전체 변수와 정상 재표준화,-0.05842502025924823,0.023735534496390542,0
372,CN7_L_000372,1,0,전체 변수와 정상 재표준화,-0.09128446753461494,0.023735534496390542,0
374,CN7_L_000374,1,0,전체 변수와 정상 재표준화,-0.09866832734549913,0.023735534496390542,0
375,CN7_L_000375,2,0,전체 변수와 정상 재표준화,-0.1520726109957753,0.023735534496390542,0
376,CN7_L_000376,1,0,전체 변수와 정상 재표준화,-0.10422750523948032,0.023735534496390542,0
377,CN7_L_000377,0,0,전체 변수와 정상 재표준화,-0.05547391085549913,0.023735534496390542,0
378,CN7_L_000378,1,0,전체 변수와 정상 재표준화,-0.06699751255353714,0.023735534496390542,0
379,CN7_L_000379,3,0,전체 변수와 정상 재표준화,-0.0524012880756386,0.023735534496390542,0
381,CN7_L_000381,1,0,전체 변수와 정상 재표준화,-0.03894027661872368,0.023735534496390542,0
382,CN7_L_000382,3,0,전체 변수와 정상 재표준화,-0.0720490890576162,0.023735534496390542,0
383,CN7_L_000383,3,0,전체 변수와 정상 재표준화,-0.06962299944125183,0.023735534496390542,0
384,CN7_L_000384,1,0,전체 변수와 정상 재표준화,-0.12819067481017488,0.023735534496390542,0
385,CN7_L_000385,2,0,전체 변수와 정상 재표준화,-0.11639010198489741,0.023735534496390542,0
387,CN7_L_000387,3,0,전체 변수와 정상 재표준화,-0.032276687277821736,0.023735534496390542,0
388,CN7_L_000388,0,0,전체 변수와 정상 재표준화,-0.061445107750359274,0.023735534496390542,0
389,CN7_L_000389,2,0,전체 변수와 정상 재표준화,-0.048457243775248404,0.023735534496390542,0
390,CN7_L_000390,3,0,전체 변수와 정상 재표준화,-0.030862924266212843,0.023735534496390542,0
391,CN7_L_000391,1,0,전체 변수와 정상 재표준화,-0.0785053139979004,0.023735534496390542,0
394,CN7_L_000394,3,0,전체 변수와 정상 재표준화,-0.06341409739861481,0.023735534496390542,0
395,CN7_L_000395,0,0,전체 변수와 정상 재표준화,-0.07307506876716285,0.023735534496390542,0
396,CN7_L_000396,3,0,전체 변수와 정상 재표준화,-0.05716512968673815,0.023735534496390542,0
397,CN7_L_000397,0,0,전체 변수와 정상 재표준화,-0.08037841205373919,0.023735534496390542,0
398,CN7_L_000398,2,0,전체 변수와 정상 재표준화,-0.07186002790785695,0.023735534496390542,0
400,CN7_L_000400,0,0,전체 변수와 정상 재표준화,-0.08005617100043505,0.023735534496390542,0
402,CN7_L_000402,2,0,전체 변수와 정상 재표준화,-0.09221102030658512,0.023735534496390542,0
404,CN7_L_000404,1,0,전체 변수와 정상 재표준화,-0.07967241564197813,0.023735534496390542,0
406,CN7_L_000406,1,0,전체 변수와 정상 재표준화,-0.08666699666621946,0.023735534496390542,0
407,CN7_L_000407,0,0,전체 변수와 정상 재표준화,-0.045528977438214824,0.023735534496390542,0
408,CN7_L_000408,0,0,전체 변수와 정상 재표준화,-0.01115625573988055,0.023735534496390542,0
409,CN7_L_000409,0,0,전체 변수와 정상 재표준화,-0.03123694164678792,0.023735534496390542,0
410,CN7_L_000410,1,0,전체 변수와 정상 재표준화,-0.08656176377402858,0.023735534496390542,0
411,CN7_L_000411,1,0,전체 변수와 정상 재표준화,-0.1150564103189291,0.023735534496390542,0
412,CN7_L_000412,3,0,전체 변수와 정상 재표준화,-0.0439627463664678,0.023735534496390542,0
413,CN7_L_000413,2,0,전체 변수와 정상 재표준화,-0.0958336171695886,0.023735534496390542,0
414,CN7_L_000414,1,0,전체 변수와 정상 재표준화,-0.060568278204086834,0.023735534496390542,0
416,CN7_L_000416,0,0,전체 변수와 정상 재표준화,-0.09105429442014623,0.023735534496390542,0
417,CN7_L_000417,0,0,전체 변수와 정상 재표준화,-0.0660968065289782,0.023735534496390542,0
418,CN7_L_000418,2,0,전체 변수와 정상 재표준화,-0.06651635025386149,0.023735534496390542,0
419,CN7_L_000419,2,0,전체 변수와 정상 재표준화,-0.09203134137527424,0.023735534496390542,0
421,CN7_L_000421,3,0,전체 변수와 정상 재표준화,-0.06588541465408904,0.023735534496390542,0
422,CN7_L_000422,1,0,전체 변수와 정상 재표준화,-0.13421516664715538,0.023735534496390542,0
423,CN7_L_000423,0,0,전체 변수와 정상 재표준화,-0.06732853759874002,0.023735534496390542,0
424,CN7_L_000424,3,0,전체 변수와 정상 재표준화,-0.03757712910005573,0.023735534496390542,0
425,CN7_L_000425,1,0,전체 변수와 정상 재표준화,-0.06189474838368847,0.023735534496390542,0
426,CN7_L_000426,2,0,전체 변수와 정상 재표준화,-0.10501531629540262,0.023735534496390542,0
428,CN7_L_000428,2,0,전체 변수와 정상 재표준화,-0.09337281749511961,0.023735534496390542,0
429,CN7_L_000429,3,0,전체 변수와 정상 재표준화,-0.036301298781483915,0.023735534496390542,0
430,CN7_L_000430,0,0,전체 변수와 정상 재표준화,-0.08249882383436136,0.023735534496390542,0
433,CN7_L_000433,2,0,전체 변수와 정상 재표준화,-0.08320938596996319,0.023735534496390542,0
434,CN7_L_000434,3,0,전체 변수와 정상 재표준화,-0.052142324022021125,0.023735534496390542,0
435,CN7_L_000435,0,0,전체 변수와 정상 재표준화,-0.08207364795510053,0.023735534496390542,0
436,CN7_L_000436,1,0,전체 변수와 정상 재표준화,-0.09352223017687766,0.023735534496390542,0
437,CN7_L_000437,3,0,전체 변수와 정상 재표준화,-0.07140510244033926,0.023735534496390542,0
438,CN7_L_000438,1,0,전체 변수와 정상 재표준화,-0.07136324727200494,0.023735534496390542,0
439,CN7_L_000439,1,0,전체 변수와 정상 재표준화,-0.05043954636096437,0.023735534496390542,0
440,CN7_L_000440,0,0,전체 변수와 정상 재표준화,-0.07670068987495338,0.023735534496390542,0
442,CN7_L_000442,2,0,전체 변수와 정상 재표준화,-0.09439980894351319,0.023735534496390542,0
443,CN7_L_000443,1,0,전체 변수와 정상 재표준화,-0.0657303635169284,0.023735534496390542,0
445,CN7_L_000445,0,0,전체 변수와 정상 재표준화,-0.07563341916791844,0.023735534496390542,0
446,CN7_L_000446,0,0,전체 변수와 정상 재표준화,-0.07226250965634629,0.023735534496390542,0
447,CN7_L_000447,0,0,전체 변수와 정상 재표준화,-0.05590033307501541,0.023735534496390542,0
448,CN7_L_000448,2,0,전체 변수와 정상 재표준화,-0.08926848819192745,0.023735534496390542,0
450,CN7_L_000450,2,0,전체 변수와 정상 재표준화,-0.09108849418094644,0.023735534496390542,0
451,CN7_L_000451,1,0,전체 변수와 정상 재표준화,-0.11862975204038717,0.023735534496390542,0
452,CN7_L_000452,3,0,전체 변수와 정상 재표준화,-0.0699289323818082,0.023735534496390542,0
453,CN7_L_000453,0,0,전체 변수와 정상 재표준화,-0.06589629483744153,0.023735534496390542,0
454,CN7_L_000454,3,0,전체 변수와 정상 재표준화,-0.04032992719373807,0.023735534496390542,0
455,CN7_L_000455,1,0,전체 변수와 정상 재표준화,-0.06267042642663201,0.023735534496390542,0
456,CN7_L_000456,2,0,전체 변수와 정상 재표준화,-0.0352723677314879,0.023735534496390542,0
457,CN7_L_000457,2,0,전체 변수와 정상 재표준화,-0.04991175041845608,0.023735534496390542,0
458,CN7_L_000458,1,0,전체 변수와 정상 재표준화,-0.058255311624496375,0.023735534496390542,0
459,CN7_L_000459,3,0,전체 변수와 정상 재표준화,-0.05031275100735089,0.023735534496390542,0
460,CN7_L_000460,1,0,전체 변수와 정상 재표준화,-0.07943020860186412,0.023735534496390542,0
461,CN7_L_000461,0,0,전체 변수와 정상 재표준화,-0.027156777928312614,0.023735534496390542,0
463,CN7_L_000463,1,0,전체 변수와 정상 재표준화,-0.10174583427333239,0.023735534496390542,0
464,CN7_L_000464,1,0,전체 변수와 정상 재표준화,-0.08991684922730458,0.023735534496390542,0
465,CN7_L_000465,3,0,전체 변수와 정상 재표준화,-0.051409732333944635,0.023735534496390542,0
466,CN7_L_000466,0,0,전체 변수와 정상 재표준화,-0.07569317406307174,0.023735534496390542,0
467,CN7_L_000467,2,0,전체 변수와 정상 재표준화,-0.04775119005339601,0.023735534496390542,0
470,CN7_L_000470,3,0,전체 변수와 정상 재표준화,-0.014725084859568582,0.023735534496390542,0
471,CN7_L_000471,0,0,전체 변수와 정상 재표준화,-0.049251520178682284,0.023735534496390542,0
474,CN7_L_000474,2,0,전체 변수와 정상 재표준화,-0.06569687896226073,0.023735534496390542,0
476,CN7_L_000476,0,0,전체 변수와 정상 재표준화,-0.07246567817449234,0.023735534496390542,0
477,CN7_L_000477,1,0,전체 변수와 정상 재표준화,-0.057230003400500884,0.023735534496390542,0
478,CN7_L_000478,0,0,전체 변수와 정상 재표준화,-0.06993321116544182,0.023735534496390542,0
479,CN7_L_000479,3,0,전체 변수와 정상 재표준화,-0.0724363356542792,0.023735534496390542,0
481,CN7_L_000481,3,0,전체 변수와 정상 재표준화,-0.073618167064192,0.023735534496390542,0
482,CN7_L_000482,1,0,전체 변수와 정상 재표준화,-0.08891216575461236,0.023735534496390542,0
483,CN7_L_000483,2,0,전체 변수와 정상 재표준화,-0.07733706902214221,0.023735534496390542,0
484,CN7_L_000484,3,0,전체 변수와 정상 재표준화,-0.020793708976500014,0.023735534496390542,0
486,CN7_L_000486,3,0,전체 변수와 정상 재표준화,-0.034845995217372305,0.023735534496390542,0
487,CN7_L_000487,2,0,전체 변수와 정상 재표준화,-0.0809353207792145,0.023735534496390542,0
491,CN7_L_000491,1,0,전체 변수와 정상 재표준화,-0.1269352235616461,0.023735534496390542,0
492,CN7_L_000492,1,0,전체 변수와 정상 재표준화,-0.03107442820329842,0.023735534496390542,0
493,CN7_L_000493,1,0,전체 변수와 정상 재표준화,-0.03226219563041832,0.023735534496390542,0
494,CN7_L_000494,2,0,전체 변수와 정상 재표준화,-0.07027376468961011,0.023735534496390542,0
495,CN7_L_000495,3,0,전체 변수와 정상 재표준화,-0.011773743590902441,0.023735534496390542,0
496,CN7_L_000496,2,0,전체 변수와 정상 재표준화,-0.11247918938592694,0.023735534496390542,0
497,CN7_L_000497,3,0,전체 변수와 정상 재표준화,-0.023835355422258342,0.023735534496390542,0
499,CN7_L_000499,3,0,전체 변수와 정상 재표준화,-0.06571720958637872,0.023735534496390542,0
500,CN7_L_000500,2,0,전체 변수와 정상 재표준화,-0.10373199813716072,0.023735534496390542,0
501,CN7_L_000501,2,0,전체 변수와 정상 재표준화,-0.10161300967773279,0.023735534496390542,0
502,CN7_L_000502,2,0,전체 변수와 정상 재표준화,-0.06269381807667118,0.023735534496390542,0
504,CN7_L_000504,1,0,전체 변수와 정상 재표준화,-0.08180142161347481,0.023735534496390542,0
507,CN7_L_000507,1,0,전체 변수와 정상 재표준화,-0.04167654056984693,0.023735534496390542,0
508,CN7_L_000508,0,0,전체 변수와 정상 재표준화,-0.0691331316156103,0.023735534496390542,0
509,CN7_L_000509,1,0,전체 변수와 정상 재표준화,-0.11897544877689592,0.023735534496390542,0
510,CN7_L_000510,1,0,전체 변수와 정상 재표준화,-0.060081777935369285,0.023735534496390542,0
511,CN7_L_000511,2,0,전체 변수와 정상 재표준화,-0.06400850357291743,0.023735534496390542,0
513,CN7_L_000513,2,0,전체 변수와 정상 재표준화,-0.05259919677098068,0.023735534496390542,0
514,CN7_L_000514,0,0,전체 변수와 정상 재표준화,-0.04100652071365074,0.023735534496390542,0
515,CN7_L_000515,0,0,전체 변수와 정상 재표준화,-0.04354630550467231,0.023735534496390542,0
516,CN7_L_000516,3,0,전체 변수와 정상 재표준화,-0.03072216187157073,0.023735534496390542,0
517,CN7_L_000517,0,0,전체 변수와 정상 재표준화,-0.05009370052026885,0.023735534496390542,0
519,CN7_L_000519,3,0,전체 변수와 정상 재표준화,-0.05410996592602846,0.023735534496390542,0
520,CN7_L_000520,3,0,전체 변수와 정상 재표준화,-0.0710240928419763,0.023735534496390542,0
521,CN7_L_000521,0,0,전체 변수와 정상 재표준화,-0.04559912288032031,0.023735534496390542,0
523,CN7_L_000523,0,0,전체 변수와 정상 재표준화,-0.04480107509759623,0.023735534496390542,0
525,CN7_L_000525,1,0,전체 변수와 정상 재표준화,-0.0640503761920499,0.023735534496390542,0
526,CN7_L_000526,0,0,전체 변수와 정상 재표준화,-0.05292378601847059,0.023735534496390542,0
527,CN7_L_000527,2,0,전체 변수와 정상 재표준화,-0.11156030106921566,0.023735534496390542,0
528,CN7_L_000528,3,0,전체 변수와 정상 재표준화,-0.02900270036009145,0.023735534496390542,0
529,CN7_L_000529,0,0,전체 변수와 정상 재표준화,-0.07435102041723551,0.023735534496390542,0
530,CN7_L_000530,2,0,전체 변수와 정상 재표준화,-0.08313657979194922,0.023735534496390542,0
532,CN7_L_000532,3,0,전체 변수와 정상 재표준화,-0.07987433447014203,0.023735534496390542,0
533,CN7_L_000533,0,0,전체 변수와 정상 재표준화,-0.04471583609740071,0.023735534496390542,0
534,CN7_L_000534,2,0,전체 변수와 정상 재표준화,-0.07770282110006121,0.023735534496390542,0
535,CN7_L_000535,2,0,전체 변수와 정상 재표준화,-0.06748839900372472,0.023735534496390542,0
536,CN7_L_000536,2,0,전체 변수와 정상 재표준화,-0.10035799938429113,0.023735534496390542,0
537,CN7_L_000537,0,0,전체 변수와 정상 재표준화,-0.08225274810109928,0.023735534496390542,0
538,CN7_L_000538,2,0,전체 변수와 정상 재표준화,-0.10750464032138263,0.023735534496390542,0
539,CN7_L_000539,0,0,전체 변수와 정상 재표준화,-0.06485385478166794,0.023735534496390542,0
541,CN7_L_000541,3,0,전체 변수와 정상 재표준화,-0.050143698280551874,0.023735534496390542,0
542,CN7_L_000542,2,0,전체 변수와 정상 재표준화,-0.07819541938397112,0.023735534496390542,0
543,CN7_L_000543,1,0,전체 변수와 정상 재표준화,-0.08958199772640718,0.023735534496390542,0
544,CN7_L_000544,2,0,전체 변수와 정상 재표준화,-0.05620234529765167,0.023735534496390542,0
545,CN7_L_000545,3,0,전체 변수와 정상 재표준화,-0.055432561385047485,0.023735534496390542,0
546,CN7_L_000546,1,0,전체 변수와 정상 재표준화,-0.10110712620784712,0.023735534496390542,0
547,CN7_L_000547,2,0,전체 변수와 정상 재표준화,-0.13003089915208932,0.023735534496390542,0
548,CN7_L_000548,3,0,전체 변수와 정상 재표준화,-0.022355917431946537,0.023735534496390542,0
549,CN7_L_000549,2,0,전체 변수와 정상 재표준화,-0.10680891116157154,0.023735534496390542,0
550,CN7_L_000550,2,0,전체 변수와 정상 재표준화,-0.07311435188023196,0.023735534496390542,0
551,CN7_L_000551,0,0,전체 변수와 정상 재표준화,-0.08804957715525186,0.023735534496390542,0
553,CN7_L_000553,3,0,전체 변수와 정상 재표준화,-0.05726220101236912,0.023735534496390542,0
555,CN7_L_000555,0,0,전체 변수와 정상 재표준화,-0.0601042288558955,0.023735534496390542,0
556,CN7_L_000556,1,0,전체 변수와 정상 재표준화,-0.10426207999977866,0.023735534496390542,0
557,CN7_L_000557,1,0,전체 변수와 정상 재표준화,-0.09051628871045558,0.023735534496390542,0
558,CN7_L_000558,3,0,전체 변수와 정상 재표준화,-0.03586853109346144,0.023735534496390542,0
559,CN7_L_000559,1,0,전체 변수와 정상 재표준화,-0.12647519424657006,0.023735534496390542,0
560,CN7_L_000560,1,0,전체 변수와 정상 재표준화,-0.07399520993334407,0.023735534496390542,0
561,CN7_L_000561,0,0,전체 변수와 정상 재표준화,-0.06425683963437567,0.023735534496390542,0
562,CN7_L_000562,0,0,전체 변수와 정상 재표준화,-0.07664549170785495,0.023735534496390542,0
563,CN7_L_000563,2,0,전체 변수와 정상 재표준화,-0.07981942556022936,0.023735534496390542,0
564,CN7_L_000564,1,0,전체 변수와 정상 재표준화,-0.056171415219625764,0.023735534496390542,0
566,CN7_L_000566,2,0,전체 변수와 정상 재표준화,-0.09840143935529921,0.023735534496390542,0
567,CN7_L_000567,0,0,전체 변수와 정상 재표준화,-0.03923725572183967,0.023735534496390542,0
568,CN7_L_000568,2,0,전체 변수와 정상 재표준화,-0.10035655900249951,0.023735534496390542,0
569,CN7_L_000569,1,0,전체 변수와 정상 재표준화,-0.09340420951239992,0.023735534496390542,0
570,CN7_L_000570,2,0,전체 변수와 정상 재표준화,-0.07971907191570349,0.023735534496390542,0
571,CN7_L_000571,3,0,전체 변수와 정상 재표준화,-0.05921355221777169,0.023735534496390542,0
572,CN7_L_000572,1,0,전체 변수와 정상 재표준화,-0.07736576326928857,0.023735534496390542,0
573,CN7_L_000573,3,0,전체 변수와 정상 재표준화,-0.042596539973021486,0.023735534496390542,0
575,CN7_L_000575,2,0,전체 변수와 정상 재표준화,-0.06164284995445257,0.023735534496390542,0
576,CN7_L_000576,3,0,전체 변수와 정상 재표준화,-0.04670702019982764,0.023735534496390542,0
578,CN7_L_000578,2,0,전체 변수와 정상 재표준화,-0.08117036284174795,0.023735534496390542,0
579,CN7_L_000579,2,0,전체 변수와 정상 재표준화,-0.09991776739332847,0.023735534496390542,0
580,CN7_L_000580,2,0,전체 변수와 정상 재표준화,-0.11398774475782547,0.023735534496390542,0
581,CN7_L_000581,1,0,전체 변수와 정상 재표준화,-0.042201021573944786,0.023735534496390542,0
582,CN7_L_000582,1,0,전체 변수와 정상 재표준화,-0.0655308210888359,0.023735534496390542,0
583,CN7_L_000583,1,0,전체 변수와 정상 재표준화,-0.06301791337661689,0.023735534496390542,0
584,CN7_L_000584,3,0,전체 변수와 정상 재표준화,-0.06187472518077586,0.023735534496390542,0
585,CN7_L_000585,0,0,전체 변수와 정상 재표준화,-0.07459102856707878,0.023735534496390542,0
586,CN7_L_000586,3,0,전체 변수와 정상 재표준화,-0.05379597237892586,0.023735534496390542,0
587,CN7_L_000587,0,0,전체 변수와 정상 재표준화,-0.06503080846892262,0.023735534496390542,0
590,CN7_L_000590,3,0,전체 변수와 정상 재표준화,-0.029869025415949046,0.023735534496390542,0
592,CN7_L_000592,2,0,전체 변수와 정상 재표준화,-0.04119731997551579,0.023735534496390542,0
593,CN7_L_000593,1,0,전체 변수와 정상 재표준화,-0.06735809269926518,0.023735534496390542,0
594,CN7_L_000594,1,0,전체 변수와 정상 재표준화,-0.04856557530175465,0.023735534496390542,0
595,CN7_L_000595,3,0,전체 변수와 정상 재표준화,-0.030774737409870134,0.023735534496390542,0
596,CN7_L_000596,0,0,전체 변수와 정상 재표준화,-0.059607915237203546,0.023735534496390542,0
597,CN7_L_000597,1,0,전체 변수와 정상 재표준화,-0.08719422334645932,0.023735534496390542,0
598,CN7_L_000598,0,0,전체 변수와 정상 재표준화,-0.06633881228359328,0.023735534496390542,0
599,CN7_L_000599,0,0,전체 변수와 정상 재표준화,-0.07136497825189503,0.023735534496390542,0
601,CN7_L_000601,2,0,전체 변수와 정상 재표준화,-0.06960748154985374,0.023735534496390542,0
602,CN7_L_000602,2,0,전체 변수와 정상 재표준화,-0.11903774663404842,0.023735534496390542,0
604,CN7_L_000604,3,0,전체 변수와 정상 재표준화,0.3655957610769236,0.023735534496390542,1
605,CN7_L_000605,0,0,전체 변수와 정상 재표준화,2.072132592919088,0.023735534496390542,1
0,CN7_L_000000,0,0,전체 변수와 제공 스케일 유지,-0.024081899369607918,0.024418724178337126,0
2,CN7_L_000002,0,0,전체 변수와 제공 스케일 유지,-0.028596869805393332,0.024418724178337126,0
3,CN7_L_000003,0,0,전체 변수와 제공 스케일 유지,-0.06661183209253485,0.024418724178337126,0
4,CN7_L_000004,3,0,전체 변수와 제공 스케일 유지,-0.05283421383246312,0.024418724178337126,0
5,CN7_L_000005,2,0,전체 변수와 제공 스케일 유지,-0.06696853026289551,0.024418724178337126,0
6,CN7_L_000006,2,0,전체 변수와 제공 스케일 유지,-0.07562187319792235,0.024418724178337126,0
7,CN7_L_000007,1,0,전체 변수와 제공 스케일 유지,-0.07714917240325603,0.024418724178337126,0
8,CN7_L_000008,0,0,전체 변수와 제공 스케일 유지,-0.02051956929138754,0.024418724178337126,0
9,CN7_L_000009,1,0,전체 변수와 제공 스케일 유지,-0.013598170269490062,0.024418724178337126,0
10,CN7_L_000010,0,0,전체 변수와 제공 스케일 유지,-0.04241337796462785,0.024418724178337126,0
11,CN7_L_000011,0,0,전체 변수와 제공 스케일 유지,-0.047812943841425426,0.024418724178337126,0
12,CN7_L_000012,1,0,전체 변수와 제공 스케일 유지,-0.022134616322326384,0.024418724178337126,0
15,CN7_L_000015,2,0,전체 변수와 제공 스케일 유지,-0.09607652478291362,0.024418724178337126,0
16,CN7_L_000016,1,0,전체 변수와 제공 스케일 유지,-0.07502226238742438,0.024418724178337126,0
17,CN7_L_000017,3,0,전체 변수와 제공 스케일 유지,-0.031705106877645495,0.024418724178337126,0
18,CN7_L_000018,2,0,전체 변수와 제공 스케일 유지,-0.034193259702332224,0.024418724178337126,0
19,CN7_L_000019,1,0,전체 변수와 제공 스케일 유지,-0.04397653298720261,0.024418724178337126,0
22,CN7_L_000022,0,0,전체 변수와 제공 스케일 유지,0.01626962307951585,0.024418724178337126,0
23,CN7_L_000023,3,0,전체 변수와 제공 스케일 유지,-0.04579003603989262,0.024418724178337126,0
24,CN7_L_000024,3,1,전체 변수와 제공 스케일 유지,-0.04368466890524614,0.024418724178337126,0
25,CN7_L_000025,0,0,전체 변수와 제공 스케일 유지,-0.04103024250420617,0.024418724178337126,0
26,CN7_L_000026,0,0,전체 변수와 제공 스케일 유지,-0.03964977017385429,0.024418724178337126,0
27,CN7_L_000027,3,0,전체 변수와 제공 스케일 유지,-0.055466682571432724,0.024418724178337126,0
29,CN7_L_000029,0,0,전체 변수와 제공 스케일 유지,-0.00748375448522598,0.024418724178337126,0
30,CN7_L_000030,1,0,전체 변수와 제공 스케일 유지,-0.05993182085091142,0.024418724178337126,0
31,CN7_L_000031,0,0,전체 변수와 제공 스케일 유지,-0.028203290245275348,0.024418724178337126,0
32,CN7_L_000032,2,0,전체 변수와 제공 스케일 유지,-0.03917994078852871,0.024418724178337126,0
34,CN7_L_000034,3,0,전체 변수와 제공 스케일 유지,-0.05950094527622429,0.024418724178337126,0
36,CN7_L_000036,0,0,전체 변수와 제공 스케일 유지,0.5130041862979713,0.024418724178337126,1
37,CN7_L_000037,0,0,전체 변수와 제공 스케일 유지,-0.019189717537629214,0.024418724178337126,0
38,CN7_L_000038,3,0,전체 변수와 제공 스케일 유지,-0.06886552733509443,0.024418724178337126,0
39,CN7_L_000039,0,0,전체 변수와 제공 스케일 유지,-0.03633982885280185,0.024418724178337126,0
40,CN7_L_000040,1,1,전체 변수와 제공 스케일 유지,-0.03370083371780508,0.024418724178337126,0
41,CN7_L_000041,1,0,전체 변수와 제공 스케일 유지,-0.04654403348221159,0.024418724178337126,0
43,CN7_L_000043,0,0,전체 변수와 제공 스케일 유지,-0.05709856018048853,0.024418724178337126,0
44,CN7_L_000044,3,0,전체 변수와 제공 스케일 유지,-0.0344390364359044,0.024418724178337126,0
45,CN7_L_000045,0,0,전체 변수와 제공 스케일 유지,-0.02526717095545772,0.024418724178337126,0
46,CN7_L_000046,0,0,전체 변수와 제공 스케일 유지,-0.04585435094211343,0.024418724178337126,0
47,CN7_L_000047,2,0,전체 변수와 제공 스케일 유지,-0.08165903417743081,0.024418724178337126,0
48,CN7_L_000048,0,1,전체 변수와 제공 스케일 유지,0.027104816225835382,0.024418724178337126,1
49,CN7_L_000049,3,0,전체 변수와 제공 스케일 유지,-0.06774720989936345,0.024418724178337126,0
52,CN7_L_000052,2,1,전체 변수와 제공 스케일 유지,-0.06846413978338584,0.024418724178337126,0
53,CN7_L_000053,1,1,전체 변수와 제공 스케일 유지,-0.04254258558541313,0.024418724178337126,0
54,CN7_L_000054,3,1,전체 변수와 제공 스케일 유지,-0.03655083954689786,0.024418724178337126,0
55,CN7_L_000055,0,1,전체 변수와 제공 스케일 유지,-0.041233088412989005,0.024418724178337126,0
56,CN7_L_000056,2,1,전체 변수와 제공 스케일 유지,-0.05604302105604875,0.024418724178337126,0
58,CN7_L_000058,1,1,전체 변수와 제공 스케일 유지,0.1773644380067001,0.024418724178337126,1
59,CN7_L_000059,3,1,전체 변수와 제공 스케일 유지,0.3852840209503221,0.024418724178337126,1
60,CN7_L_000060,2,1,전체 변수와 제공 스케일 유지,0.264470088174078,0.024418724178337126,1
62,CN7_L_000062,1,0,전체 변수와 제공 스케일 유지,-0.08440896523010011,0.024418724178337126,0
63,CN7_L_000063,3,0,전체 변수와 제공 스케일 유지,-0.07827569114008703,0.024418724178337126,0
64,CN7_L_000064,3,0,전체 변수와 제공 스케일 유지,-0.07811890384504006,0.024418724178337126,0
65,CN7_L_000065,2,0,전체 변수와 제공 스케일 유지,-0.07293941948859484,0.024418724178337126,0
67,CN7_L_000067,3,0,전체 변수와 제공 스케일 유지,-0.026645158412229364,0.024418724178337126,0
68,CN7_L_000068,3,0,전체 변수와 제공 스케일 유지,-0.03894214517299499,0.024418724178337126,0
69,CN7_L_000069,2,0,전체 변수와 제공 스케일 유지,-0.0572241081019782,0.024418724178337126,0
70,CN7_L_000070,1,0,전체 변수와 제공 스케일 유지,-0.059034822280831456,0.024418724178337126,0
71,CN7_L_000071,2,0,전체 변수와 제공 스케일 유지,-0.08235320259071877,0.024418724178337126,0
73,CN7_L_000073,0,0,전체 변수와 제공 스케일 유지,-0.07470224355834798,0.024418724178337126,0
74,CN7_L_000074,0,0,전체 변수와 제공 스케일 유지,-0.026766366246999684,0.024418724178337126,0
77,CN7_L_000077,2,0,전체 변수와 제공 스케일 유지,-0.026472492745118537,0.024418724178337126,0
79,CN7_L_000079,3,0,전체 변수와 제공 스케일 유지,-0.015621530143153262,0.024418724178337126,0
80,CN7_L_000080,2,0,전체 변수와 제공 스케일 유지,-0.039386954127538676,0.024418724178337126,0
81,CN7_L_000081,2,0,전체 변수와 제공 스케일 유지,-0.08281344413149627,0.024418724178337126,0
82,CN7_L_000082,3,0,전체 변수와 제공 스케일 유지,-0.024094040777275616,0.024418724178337126,0
83,CN7_L_000083,2,0,전체 변수와 제공 스케일 유지,-0.06854841960021307,0.024418724178337126,0
84,CN7_L_000084,3,0,전체 변수와 제공 스케일 유지,-0.059813881904892785,0.024418724178337126,0
86,CN7_L_000086,0,0,전체 변수와 제공 스케일 유지,-0.01064115933545473,0.024418724178337126,0
87,CN7_L_000087,3,0,전체 변수와 제공 스케일 유지,-0.07536714836656389,0.024418724178337126,0
88,CN7_L_000088,0,0,전체 변수와 제공 스케일 유지,-0.051645654484590686,0.024418724178337126,0
89,CN7_L_000089,3,0,전체 변수와 제공 스케일 유지,-0.02818614399265007,0.024418724178337126,0
90,CN7_L_000090,1,0,전체 변수와 제공 스케일 유지,-0.04693954970336822,0.024418724178337126,0
91,CN7_L_000091,2,0,전체 변수와 제공 스케일 유지,-0.10521892529555954,0.024418724178337126,0
92,CN7_L_000092,3,0,전체 변수와 제공 스케일 유지,-0.05549080348086344,0.024418724178337126,0
93,CN7_L_000093,1,0,전체 변수와 제공 스케일 유지,-0.04317074371214247,0.024418724178337126,0
95,CN7_L_000095,0,0,전체 변수와 제공 스케일 유지,0.024418724178337126,0.024418724178337126,0
96,CN7_L_000096,3,0,전체 변수와 제공 스케일 유지,-0.043751415448851194,0.024418724178337126,0
97,CN7_L_000097,3,0,전체 변수와 제공 스케일 유지,-0.04255676381307838,0.024418724178337126,0
98,CN7_L_000098,3,0,전체 변수와 제공 스케일 유지,-0.009668246165242422,0.024418724178337126,0
99,CN7_L_000099,2,0,전체 변수와 제공 스케일 유지,-0.0762622360979508,0.024418724178337126,0
100,CN7_L_000100,3,0,전체 변수와 제공 스케일 유지,-0.042545594970075484,0.024418724178337126,0
102,CN7_L_000102,3,0,전체 변수와 제공 스케일 유지,-0.06484211196136602,0.024418724178337126,0
103,CN7_L_000103,0,0,전체 변수와 제공 스케일 유지,0.00958509933200169,0.024418724178337126,0
104,CN7_L_000104,2,0,전체 변수와 제공 스케일 유지,-0.0574828660542579,0.024418724178337126,0
106,CN7_L_000106,3,0,전체 변수와 제공 스케일 유지,-0.028734002709668527,0.024418724178337126,0
107,CN7_L_000107,0,0,전체 변수와 제공 스케일 유지,-0.01505195134035775,0.024418724178337126,0
108,CN7_L_000108,2,0,전체 변수와 제공 스케일 유지,-0.08188886873344714,0.024418724178337126,0
109,CN7_L_000109,2,0,전체 변수와 제공 스케일 유지,-0.05824498697978431,0.024418724178337126,0
110,CN7_L_000110,0,0,전체 변수와 제공 스케일 유지,-0.012851729310637161,0.024418724178337126,0
111,CN7_L_000111,1,0,전체 변수와 제공 스케일 유지,-0.09800592725949508,0.024418724178337126,0
115,CN7_L_000115,0,0,전체 변수와 제공 스케일 유지,-0.04519970363042969,0.024418724178337126,0
117,CN7_L_000117,3,0,전체 변수와 제공 스케일 유지,0.010683505579227592,0.024418724178337126,0
118,CN7_L_000118,3,0,전체 변수와 제공 스케일 유지,-0.04629676736570687,0.024418724178337126,0
121,CN7_L_000121,3,0,전체 변수와 제공 스케일 유지,-0.05585269551757932,0.024418724178337126,0
122,CN7_L_000122,3,0,전체 변수와 제공 스케일 유지,-0.053522103225910556,0.024418724178337126,0
123,CN7_L_000123,0,0,전체 변수와 제공 스케일 유지,-0.04037751230851905,0.024418724178337126,0
124,CN7_L_000124,2,0,전체 변수와 제공 스케일 유지,-0.08093311860557595,0.024418724178337126,0
125,CN7_L_000125,3,0,전체 변수와 제공 스케일 유지,-0.048976264448544526,0.024418724178337126,0
126,CN7_L_000126,2,0,전체 변수와 제공 스케일 유지,-0.037565845265701725,0.024418724178337126,0
127,CN7_L_000127,0,0,전체 변수와 제공 스케일 유지,-0.03086951700969731,0.024418724178337126,0
128,CN7_L_000128,1,0,전체 변수와 제공 스케일 유지,-0.06609906681140654,0.024418724178337126,0
129,CN7_L_000129,2,0,전체 변수와 제공 스케일 유지,-0.07129276501411885,0.024418724178337126,0
130,CN7_L_000130,1,0,전체 변수와 제공 스케일 유지,-0.05682123292616792,0.024418724178337126,0
131,CN7_L_000131,3,0,전체 변수와 제공 스케일 유지,-0.0767813146272287,0.024418724178337126,0
132,CN7_L_000132,1,0,전체 변수와 제공 스케일 유지,-0.08083432959556625,0.024418724178337126,0
133,CN7_L_000133,1,0,전체 변수와 제공 스케일 유지,-0.04181132335249993,0.024418724178337126,0
134,CN7_L_000134,2,0,전체 변수와 제공 스케일 유지,-0.04582020157320388,0.024418724178337126,0
136,CN7_L_000136,0,0,전체 변수와 제공 스케일 유지,-0.02390772347312442,0.024418724178337126,0
137,CN7_L_000137,3,0,전체 변수와 제공 스케일 유지,-0.05728713512545491,0.024418724178337126,0
138,CN7_L_000138,0,0,전체 변수와 제공 스케일 유지,-0.0321621499606608,0.024418724178337126,0
139,CN7_L_000139,2,0,전체 변수와 제공 스케일 유지,-0.06714160741736208,0.024418724178337126,0
140,CN7_L_000140,1,0,전체 변수와 제공 스케일 유지,-0.07285432429014982,0.024418724178337126,0
141,CN7_L_000141,3,0,전체 변수와 제공 스케일 유지,-0.05418593591638654,0.024418724178337126,0
143,CN7_L_000143,1,0,전체 변수와 제공 스케일 유지,-0.0597992728007779,0.024418724178337126,0
145,CN7_L_000145,0,0,전체 변수와 제공 스케일 유지,-0.05729547445860739,0.024418724178337126,0
146,CN7_L_000146,3,0,전체 변수와 제공 스케일 유지,-0.04602149350137141,0.024418724178337126,0
147,CN7_L_000147,1,0,전체 변수와 제공 스케일 유지,-0.016559056939733363,0.024418724178337126,0
150,CN7_L_000150,3,0,전체 변수와 제공 스케일 유지,-0.04345905358439239,0.024418724178337126,0
151,CN7_L_000151,0,0,전체 변수와 제공 스케일 유지,-0.055878727104959225,0.024418724178337126,0
153,CN7_L_000153,0,0,전체 변수와 제공 스케일 유지,-0.049274014977112035,0.024418724178337126,0
154,CN7_L_000154,0,0,전체 변수와 제공 스케일 유지,0.021698185993988872,0.024418724178337126,0
155,CN7_L_000155,1,0,전체 변수와 제공 스케일 유지,-0.016122486522969215,0.024418724178337126,0
156,CN7_L_000156,0,0,전체 변수와 제공 스케일 유지,0.014162135344077065,0.024418724178337126,0
157,CN7_L_000157,0,0,전체 변수와 제공 스케일 유지,-0.05880292187104885,0.024418724178337126,0
158,CN7_L_000158,0,0,전체 변수와 제공 스케일 유지,-0.0336854231638406,0.024418724178337126,0
159,CN7_L_000159,2,0,전체 변수와 제공 스케일 유지,-0.051416895396896756,0.024418724178337126,0
160,CN7_L_000160,1,0,전체 변수와 제공 스케일 유지,-0.06917471651074392,0.024418724178337126,0
161,CN7_L_000161,1,0,전체 변수와 제공 스케일 유지,-0.10760443535453712,0.024418724178337126,0
162,CN7_L_000162,2,0,전체 변수와 제공 스케일 유지,-0.09417646278073288,0.024418724178337126,0
163,CN7_L_000163,2,0,전체 변수와 제공 스케일 유지,-0.04026319749234819,0.024418724178337126,0
164,CN7_L_000164,0,0,전체 변수와 제공 스케일 유지,0.3143339384397308,0.024418724178337126,1
165,CN7_L_000165,2,0,전체 변수와 제공 스케일 유지,-0.07812719283238145,0.024418724178337126,0
166,CN7_L_000166,1,0,전체 변수와 제공 스케일 유지,-0.06359630244643766,0.024418724178337126,0
167,CN7_L_000167,2,0,전체 변수와 제공 스케일 유지,-0.025370334966445363,0.024418724178337126,0
168,CN7_L_000168,3,0,전체 변수와 제공 스케일 유지,-0.02271732260583459,0.024418724178337126,0
169,CN7_L_000169,2,0,전체 변수와 제공 스케일 유지,-0.06899085342926226,0.024418724178337126,0
171,CN7_L_000171,3,0,전체 변수와 제공 스케일 유지,-0.06777150375300645,0.024418724178337126,0
172,CN7_L_000172,0,0,전체 변수와 제공 스케일 유지,-0.04960744814062901,0.024418724178337126,0
173,CN7_L_000173,3,0,전체 변수와 제공 스케일 유지,-0.04965947670293813,0.024418724178337126,0
177,CN7_L_000177,1,0,전체 변수와 제공 스케일 유지,-0.055405529848560064,0.024418724178337126,0
178,CN7_L_000178,0,0,전체 변수와 제공 스케일 유지,-0.08016289549870237,0.024418724178337126,0
179,CN7_L_000179,0,0,전체 변수와 제공 스케일 유지,-0.07836568244887143,0.024418724178337126,0
181,CN7_L_000181,0,0,전체 변수와 제공 스케일 유지,-0.044724771143745734,0.024418724178337126,0
182,CN7_L_000182,0,0,전체 변수와 제공 스케일 유지,-0.05105699253906826,0.024418724178337126,0
183,CN7_L_000183,3,0,전체 변수와 제공 스케일 유지,-0.06629226525948528,0.024418724178337126,0
184,CN7_L_000184,2,0,전체 변수와 제공 스케일 유지,-0.07489815558718682,0.024418724178337126,0
186,CN7_L_000186,0,0,전체 변수와 제공 스케일 유지,-0.0740509157152287,0.024418724178337126,0
187,CN7_L_000187,1,0,전체 변수와 제공 스케일 유지,-0.08837384741556908,0.024418724178337126,0
188,CN7_L_000188,0,0,전체 변수와 제공 스케일 유지,-0.05705385644573813,0.024418724178337126,0
189,CN7_L_000189,0,0,전체 변수와 제공 스케일 유지,-0.0350465751716218,0.024418724178337126,0
190,CN7_L_000190,2,0,전체 변수와 제공 스케일 유지,-0.07533627141903887,0.024418724178337126,0
191,CN7_L_000191,2,0,전체 변수와 제공 스케일 유지,-0.05950539561702639,0.024418724178337126,0
192,CN7_L_000192,0,0,전체 변수와 제공 스케일 유지,-0.02627449761134759,0.024418724178337126,0
193,CN7_L_000193,2,0,전체 변수와 제공 스케일 유지,-0.018296573301412433,0.024418724178337126,0
194,CN7_L_000194,1,0,전체 변수와 제공 스케일 유지,0.006342661741301825,0.024418724178337126,0
195,CN7_L_000195,0,0,전체 변수와 제공 스케일 유지,-0.00773113842377704,0.024418724178337126,0
196,CN7_L_000196,0,0,전체 변수와 제공 스케일 유지,-0.01617830074920601,0.024418724178337126,0
197,CN7_L_000197,3,0,전체 변수와 제공 스케일 유지,-0.04370666186880712,0.024418724178337126,0
198,CN7_L_000198,0,0,전체 변수와 제공 스케일 유지,-0.03204372421046875,0.024418724178337126,0
199,CN7_L_000199,2,0,전체 변수와 제공 스케일 유지,-0.009240509450759937,0.024418724178337126,0
200,CN7_L_000200,3,0,전체 변수와 제공 스케일 유지,-0.03568946367054293,0.024418724178337126,0
202,CN7_L_000202,0,0,전체 변수와 제공 스케일 유지,-0.03959948107471689,0.024418724178337126,0
204,CN7_L_000204,0,0,전체 변수와 제공 스케일 유지,-0.05927339546814725,0.024418724178337126,0
206,CN7_L_000206,1,0,전체 변수와 제공 스케일 유지,-0.027037557140694446,0.024418724178337126,0
207,CN7_L_000207,1,0,전체 변수와 제공 스케일 유지,-0.004595685614603884,0.024418724178337126,0
208,CN7_L_000208,2,0,전체 변수와 제공 스케일 유지,-0.004698011477488606,0.024418724178337126,0
209,CN7_L_000209,3,0,전체 변수와 제공 스케일 유지,-0.01956296512304867,0.024418724178337126,0
210,CN7_L_000210,3,0,전체 변수와 제공 스케일 유지,-0.046660393563280333,0.024418724178337126,0
211,CN7_L_000211,3,0,전체 변수와 제공 스케일 유지,-0.0008399700923704678,0.024418724178337126,0
212,CN7_L_000212,3,0,전체 변수와 제공 스케일 유지,-0.04637279549980322,0.024418724178337126,0
213,CN7_L_000213,3,0,전체 변수와 제공 스케일 유지,-0.03149648333086352,0.024418724178337126,0
216,CN7_L_000216,3,0,전체 변수와 제공 스케일 유지,-0.036125608932645825,0.024418724178337126,0
217,CN7_L_000217,1,0,전체 변수와 제공 스케일 유지,-0.04438646178586625,0.024418724178337126,0
218,CN7_L_000218,2,0,전체 변수와 제공 스케일 유지,-0.05235056535071925,0.024418724178337126,0
220,CN7_L_000220,2,0,전체 변수와 제공 스케일 유지,-0.03535624273863602,0.024418724178337126,0
221,CN7_L_000221,2,0,전체 변수와 제공 스케일 유지,-0.034695263439200374,0.024418724178337126,0
222,CN7_L_000222,3,0,전체 변수와 제공 스케일 유지,-0.0715836826338676,0.024418724178337126,0
223,CN7_L_000223,1,0,전체 변수와 제공 스케일 유지,0.021608708360858486,0.024418724178337126,0
224,CN7_L_000224,3,0,전체 변수와 제공 스케일 유지,-0.03159710535799798,0.024418724178337126,0
225,CN7_L_000225,0,0,전체 변수와 제공 스케일 유지,-0.03377876278242464,0.024418724178337126,0
226,CN7_L_000226,3,0,전체 변수와 제공 스케일 유지,-0.04502371427955909,0.024418724178337126,0
231,CN7_L_000231,1,0,전체 변수와 제공 스케일 유지,-0.02348641797809803,0.024418724178337126,0
232,CN7_L_000232,1,0,전체 변수와 제공 스케일 유지,-0.0313977804977803,0.024418724178337126,0
233,CN7_L_000233,1,0,전체 변수와 제공 스케일 유지,-0.01578676853081218,0.024418724178337126,0
234,CN7_L_000234,3,0,전체 변수와 제공 스케일 유지,-0.023212877630094386,0.024418724178337126,0
235,CN7_L_000235,3,0,전체 변수와 제공 스케일 유지,-0.03440582133003822,0.024418724178337126,0
236,CN7_L_000236,0,0,전체 변수와 제공 스케일 유지,-0.05637562861496104,0.024418724178337126,0
237,CN7_L_000237,3,0,전체 변수와 제공 스케일 유지,-0.05935242530868079,0.024418724178337126,0
238,CN7_L_000238,1,0,전체 변수와 제공 스케일 유지,-0.06734719332167227,0.024418724178337126,0
239,CN7_L_000239,1,0,전체 변수와 제공 스케일 유지,-0.01609684637161335,0.024418724178337126,0
241,CN7_L_000241,1,0,전체 변수와 제공 스케일 유지,-0.034731408054996304,0.024418724178337126,0
242,CN7_L_000242,0,0,전체 변수와 제공 스케일 유지,-0.005363045935419031,0.024418724178337126,0
243,CN7_L_000243,2,0,전체 변수와 제공 스케일 유지,-0.055834858931737674,0.024418724178337126,0
245,CN7_L_000245,1,0,전체 변수와 제공 스케일 유지,-0.0484930332134641,0.024418724178337126,0
246,CN7_L_000246,1,0,전체 변수와 제공 스케일 유지,-0.07261564957945632,0.024418724178337126,0
247,CN7_L_000247,1,0,전체 변수와 제공 스케일 유지,-0.03689773421930509,0.024418724178337126,0
248,CN7_L_000248,2,0,전체 변수와 제공 스케일 유지,-0.06841708538079194,0.024418724178337126,0
249,CN7_L_000249,3,0,전체 변수와 제공 스케일 유지,-0.03895201646306168,0.024418724178337126,0
250,CN7_L_000250,1,0,전체 변수와 제공 스케일 유지,-0.07182962425071926,0.024418724178337126,0
251,CN7_L_000251,2,0,전체 변수와 제공 스케일 유지,-0.059459747741061,0.024418724178337126,0
252,CN7_L_000252,1,0,전체 변수와 제공 스케일 유지,-0.04195558767556973,0.024418724178337126,0
253,CN7_L_000253,3,0,전체 변수와 제공 스케일 유지,-0.05309632854939039,0.024418724178337126,0
254,CN7_L_000254,3,0,전체 변수와 제공 스케일 유지,-0.03889383378345679,0.024418724178337126,0
256,CN7_L_000256,3,0,전체 변수와 제공 스케일 유지,-0.048693679856387284,0.024418724178337126,0
258,CN7_L_000258,2,0,전체 변수와 제공 스케일 유지,-0.07976884182598898,0.024418724178337126,0
259,CN7_L_000259,0,0,전체 변수와 제공 스케일 유지,-0.07039562585063974,0.024418724178337126,0
260,CN7_L_000260,1,0,전체 변수와 제공 스케일 유지,-0.10142973920310228,0.024418724178337126,0
261,CN7_L_000261,3,0,전체 변수와 제공 스케일 유지,-0.052486632225183794,0.024418724178337126,0
262,CN7_L_000262,3,0,전체 변수와 제공 스케일 유지,-0.06527829583072675,0.024418724178337126,0
263,CN7_L_000263,2,0,전체 변수와 제공 스케일 유지,-0.04149082025607109,0.024418724178337126,0
264,CN7_L_000264,3,0,전체 변수와 제공 스케일 유지,-0.048601391554878415,0.024418724178337126,0
267,CN7_L_000267,0,0,전체 변수와 제공 스케일 유지,-0.059754691284678696,0.024418724178337126,0
268,CN7_L_000268,0,0,전체 변수와 제공 스케일 유지,-0.07051209646830481,0.024418724178337126,0
269,CN7_L_000269,1,0,전체 변수와 제공 스케일 유지,-0.05227779123722165,0.024418724178337126,0
270,CN7_L_000270,2,0,전체 변수와 제공 스케일 유지,-0.08618045913577177,0.024418724178337126,0
271,CN7_L_000271,0,0,전체 변수와 제공 스케일 유지,-0.06935040003964632,0.024418724178337126,0
272,CN7_L_000272,2,0,전체 변수와 제공 스케일 유지,-0.06689685758622277,0.024418724178337126,0
273,CN7_L_000273,3,0,전체 변수와 제공 스케일 유지,-0.04350674580794278,0.024418724178337126,0
275,CN7_L_000275,1,0,전체 변수와 제공 스케일 유지,-0.07482988372665211,0.024418724178337126,0
276,CN7_L_000276,1,0,전체 변수와 제공 스케일 유지,-0.0793310529986111,0.024418724178337126,0
277,CN7_L_000277,1,0,전체 변수와 제공 스케일 유지,-0.04158555113280826,0.024418724178337126,0
278,CN7_L_000278,1,0,전체 변수와 제공 스케일 유지,-0.06242020431579931,0.024418724178337126,0
279,CN7_L_000279,0,0,전체 변수와 제공 스케일 유지,-0.0506174833807167,0.024418724178337126,0
280,CN7_L_000280,3,0,전체 변수와 제공 스케일 유지,-0.06942493332313004,0.024418724178337126,0
282,CN7_L_000282,0,0,전체 변수와 제공 스케일 유지,-0.05107764222801281,0.024418724178337126,0
285,CN7_L_000285,0,0,전체 변수와 제공 스케일 유지,-0.0773227964325125,0.024418724178337126,0
286,CN7_L_000286,0,0,전체 변수와 제공 스케일 유지,-0.08724429127546518,0.024418724178337126,0
288,CN7_L_000288,2,0,전체 변수와 제공 스케일 유지,-0.08035446578552907,0.024418724178337126,0
289,CN7_L_000289,1,0,전체 변수와 제공 스케일 유지,-0.09225663424373343,0.024418724178337126,0
291,CN7_L_000291,3,0,전체 변수와 제공 스케일 유지,-0.05410685488251454,0.024418724178337126,0
292,CN7_L_000292,3,0,전체 변수와 제공 스케일 유지,-0.044983684542953206,0.024418724178337126,0
293,CN7_L_000293,1,0,전체 변수와 제공 스케일 유지,-0.07544568510023941,0.024418724178337126,0
294,CN7_L_000294,2,0,전체 변수와 제공 스케일 유지,-0.1217246319996228,0.024418724178337126,0
295,CN7_L_000295,1,0,전체 변수와 제공 스케일 유지,-0.07256390817673353,0.024418724178337126,0
296,CN7_L_000296,3,0,전체 변수와 제공 스케일 유지,-0.06083198006125734,0.024418724178337126,0
297,CN7_L_000297,1,0,전체 변수와 제공 스케일 유지,-0.0779158760148615,0.024418724178337126,0
298,CN7_L_000298,0,0,전체 변수와 제공 스케일 유지,-0.07112071826395816,0.024418724178337126,0
299,CN7_L_000299,1,0,전체 변수와 제공 스케일 유지,-0.05941017261937498,0.024418724178337126,0
300,CN7_L_000300,1,0,전체 변수와 제공 스케일 유지,-0.06436850670257277,0.024418724178337126,0
301,CN7_L_000301,1,0,전체 변수와 제공 스케일 유지,-0.050891121207869094,0.024418724178337126,0
303,CN7_L_000303,1,0,전체 변수와 제공 스케일 유지,-0.06853157341521943,0.024418724178337126,0
304,CN7_L_000304,0,0,전체 변수와 제공 스케일 유지,-0.08356412795494972,0.024418724178337126,0
305,CN7_L_000305,0,0,전체 변수와 제공 스케일 유지,-0.0799976833572682,0.024418724178337126,0
307,CN7_L_000307,3,0,전체 변수와 제공 스케일 유지,-0.06321799980308729,0.024418724178337126,0
308,CN7_L_000308,0,0,전체 변수와 제공 스케일 유지,-0.08409637377399948,0.024418724178337126,0
310,CN7_L_000310,3,0,전체 변수와 제공 스케일 유지,-0.06706181702824354,0.024418724178337126,0
311,CN7_L_000311,1,0,전체 변수와 제공 스케일 유지,-0.06382446453914925,0.024418724178337126,0
312,CN7_L_000312,2,0,전체 변수와 제공 스케일 유지,-0.0930506325815923,0.024418724178337126,0
313,CN7_L_000313,0,0,전체 변수와 제공 스케일 유지,-0.06734055301918396,0.024418724178337126,0
314,CN7_L_000314,1,0,전체 변수와 제공 스케일 유지,-0.08025012095295514,0.024418724178337126,0
315,CN7_L_000315,2,0,전체 변수와 제공 스케일 유지,-0.07922798286615507,0.024418724178337126,0
316,CN7_L_000316,3,0,전체 변수와 제공 스케일 유지,-0.06636047714166038,0.024418724178337126,0
317,CN7_L_000317,3,0,전체 변수와 제공 스케일 유지,-0.034917077865082025,0.024418724178337126,0
318,CN7_L_000318,2,0,전체 변수와 제공 스케일 유지,-0.05807140538377409,0.024418724178337126,0
319,CN7_L_000319,0,0,전체 변수와 제공 스케일 유지,-0.08009483534465112,0.024418724178337126,0
320,CN7_L_000320,2,0,전체 변수와 제공 스케일 유지,-0.07062628644042279,0.024418724178337126,0
321,CN7_L_000321,0,0,전체 변수와 제공 스케일 유지,-0.06491205031707725,0.024418724178337126,0
323,CN7_L_000323,0,0,전체 변수와 제공 스케일 유지,-0.08648960993811539,0.024418724178337126,0
324,CN7_L_000324,0,0,전체 변수와 제공 스케일 유지,-0.06928087834745833,0.024418724178337126,0
325,CN7_L_000325,1,0,전체 변수와 제공 스케일 유지,-0.04811696208963401,0.024418724178337126,0
326,CN7_L_000326,1,0,전체 변수와 제공 스케일 유지,-0.05851185733616582,0.024418724178337126,0
328,CN7_L_000328,1,0,전체 변수와 제공 스케일 유지,-0.07099589210653212,0.024418724178337126,0
330,CN7_L_000330,1,0,전체 변수와 제공 스케일 유지,-0.08383080280583632,0.024418724178337126,0
331,CN7_L_000331,1,0,전체 변수와 제공 스케일 유지,-0.07264044285129945,0.024418724178337126,0
332,CN7_L_000332,0,0,전체 변수와 제공 스케일 유지,-0.06517533005838505,0.024418724178337126,0
333,CN7_L_000333,2,0,전체 변수와 제공 스케일 유지,-0.08402426316083789,0.024418724178337126,0
334,CN7_L_000334,3,0,전체 변수와 제공 스케일 유지,-0.09805797173215369,0.024418724178337126,0
335,CN7_L_000335,3,0,전체 변수와 제공 스케일 유지,-0.03306304342722077,0.024418724178337126,0
336,CN7_L_000336,2,0,전체 변수와 제공 스케일 유지,-0.04748243722092438,0.024418724178337126,0
337,CN7_L_000337,2,0,전체 변수와 제공 스케일 유지,-0.07818892120522758,0.024418724178337126,0
338,CN7_L_000338,2,0,전체 변수와 제공 스케일 유지,-0.07166034541768251,0.024418724178337126,0
339,CN7_L_000339,3,0,전체 변수와 제공 스케일 유지,-0.08057621979346008,0.024418724178337126,0
340,CN7_L_000340,2,0,전체 변수와 제공 스케일 유지,-0.07924868633524307,0.024418724178337126,0
342,CN7_L_000342,1,0,전체 변수와 제공 스케일 유지,-0.03989975984296823,0.024418724178337126,0
343,CN7_L_000343,2,0,전체 변수와 제공 스케일 유지,-0.08266046066517907,0.024418724178337126,0
345,CN7_L_000345,1,0,전체 변수와 제공 스케일 유지,-0.06581145126452892,0.024418724178337126,0
346,CN7_L_000346,3,0,전체 변수와 제공 스케일 유지,-0.06208647243522947,0.024418724178337126,0
347,CN7_L_000347,1,0,전체 변수와 제공 스케일 유지,-0.06311154638756333,0.024418724178337126,0
348,CN7_L_000348,1,0,전체 변수와 제공 스케일 유지,-0.04926202063650553,0.024418724178337126,0
349,CN7_L_000349,3,0,전체 변수와 제공 스케일 유지,-0.07082521574275713,0.024418724178337126,0
350,CN7_L_000350,2,0,전체 변수와 제공 스케일 유지,-0.08658813010630162,0.024418724178337126,0
352,CN7_L_000352,2,0,전체 변수와 제공 스케일 유지,-0.10677328294280253,0.024418724178337126,0
354,CN7_L_000354,3,0,전체 변수와 제공 스케일 유지,-0.08398293408997182,0.024418724178337126,0
355,CN7_L_000355,2,0,전체 변수와 제공 스케일 유지,-0.09634645086562887,0.024418724178337126,0
356,CN7_L_000356,2,0,전체 변수와 제공 스케일 유지,-0.05002225246543768,0.024418724178337126,0
358,CN7_L_000358,2,0,전체 변수와 제공 스케일 유지,-0.06609740244362072,0.024418724178337126,0
360,CN7_L_000360,2,0,전체 변수와 제공 스케일 유지,-0.059883201830289945,0.024418724178337126,0
361,CN7_L_000361,2,0,전체 변수와 제공 스케일 유지,-0.07193464269343153,0.024418724178337126,0
362,CN7_L_000362,0,0,전체 변수와 제공 스케일 유지,-0.06198837532286472,0.024418724178337126,0
363,CN7_L_000363,1,0,전체 변수와 제공 스케일 유지,-0.08867831985014796,0.024418724178337126,0
364,CN7_L_000364,2,0,전체 변수와 제공 스케일 유지,-0.061934776311707296,0.024418724178337126,0
365,CN7_L_000365,2,0,전체 변수와 제공 스케일 유지,-0.11610611452995379,0.024418724178337126,0
366,CN7_L_000366,2,0,전체 변수와 제공 스케일 유지,-0.10501337965800195,0.024418724178337126,0
367,CN7_L_000367,3,0,전체 변수와 제공 스케일 유지,-0.04103706022706177,0.024418724178337126,0
368,CN7_L_000368,2,0,전체 변수와 제공 스케일 유지,-0.044999680812223275,0.024418724178337126,0
369,CN7_L_000369,1,0,전체 변수와 제공 스케일 유지,-0.0780861554579757,0.024418724178337126,0
370,CN7_L_000370,2,0,전체 변수와 제공 스케일 유지,-0.07344072844096727,0.024418724178337126,0
371,CN7_L_000371,1,0,전체 변수와 제공 스케일 유지,-0.05485794523811771,0.024418724178337126,0
372,CN7_L_000372,1,0,전체 변수와 제공 스케일 유지,-0.08423145467781978,0.024418724178337126,0
374,CN7_L_000374,1,0,전체 변수와 제공 스케일 유지,-0.08181578683861002,0.024418724178337126,0
375,CN7_L_000375,2,0,전체 변수와 제공 스케일 유지,-0.1400601886375923,0.024418724178337126,0
376,CN7_L_000376,1,0,전체 변수와 제공 스케일 유지,-0.09192752453562081,0.024418724178337126,0
377,CN7_L_000377,0,0,전체 변수와 제공 스케일 유지,-0.06740561115718746,0.024418724178337126,0
378,CN7_L_000378,1,0,전체 변수와 제공 스케일 유지,-0.05966828945152214,0.024418724178337126,0
379,CN7_L_000379,3,0,전체 변수와 제공 스케일 유지,-0.045598192890002665,0.024418724178337126,0
381,CN7_L_000381,1,0,전체 변수와 제공 스케일 유지,-0.03332203082651519,0.024418724178337126,0
382,CN7_L_000382,3,0,전체 변수와 제공 스케일 유지,-0.07053431110298769,0.024418724178337126,0
383,CN7_L_000383,3,0,전체 변수와 제공 스케일 유지,-0.07203186184320787,0.024418724178337126,0
384,CN7_L_000384,1,0,전체 변수와 제공 스케일 유지,-0.12266864800779453,0.024418724178337126,0
385,CN7_L_000385,2,0,전체 변수와 제공 스케일 유지,-0.1141565478082276,0.024418724178337126,0
387,CN7_L_000387,3,0,전체 변수와 제공 스케일 유지,-0.027231195761039384,0.024418724178337126,0
388,CN7_L_000388,0,0,전체 변수와 제공 스케일 유지,-0.06071054878645876,0.024418724178337126,0
389,CN7_L_000389,2,0,전체 변수와 제공 스케일 유지,-0.04562132398899399,0.024418724178337126,0
390,CN7_L_000390,3,0,전체 변수와 제공 스케일 유지,-0.027288184875267074,0.024418724178337126,0
391,CN7_L_000391,1,0,전체 변수와 제공 스케일 유지,-0.0706046934086948,0.024418724178337126,0
394,CN7_L_000394,3,0,전체 변수와 제공 스케일 유지,-0.06472536693192943,0.024418724178337126,0
395,CN7_L_000395,0,0,전체 변수와 제공 스케일 유지,-0.07856975214518291,0.024418724178337126,0
396,CN7_L_000396,3,0,전체 변수와 제공 스케일 유지,-0.0521445422002631,0.024418724178337126,0
397,CN7_L_000397,0,0,전체 변수와 제공 스케일 유지,-0.08067594710029224,0.024418724178337126,0
398,CN7_L_000398,2,0,전체 변수와 제공 스케일 유지,-0.06735033867543994,0.024418724178337126,0
400,CN7_L_000400,0,0,전체 변수와 제공 스케일 유지,-0.08510155898541649,0.024418724178337126,0
402,CN7_L_000402,2,0,전체 변수와 제공 스케일 유지,-0.08470745704471261,0.024418724178337126,0
404,CN7_L_000404,1,0,전체 변수와 제공 스케일 유지,-0.06694204004611137,0.024418724178337126,0
406,CN7_L_000406,1,0,전체 변수와 제공 스케일 유지,-0.07849365298093192,0.024418724178337126,0
407,CN7_L_000407,0,0,전체 변수와 제공 스케일 유지,-0.0386696783413889,0.024418724178337126,0
408,CN7_L_000408,0,0,전체 변수와 제공 스케일 유지,-0.013932604921274017,0.024418724178337126,0
409,CN7_L_000409,0,0,전체 변수와 제공 스케일 유지,-0.03752177548557878,0.024418724178337126,0
410,CN7_L_000410,1,0,전체 변수와 제공 스케일 유지,-0.07373791613848946,0.024418724178337126,0
411,CN7_L_000411,1,0,전체 변수와 제공 스케일 유지,-0.10345712159727727,0.024418724178337126,0
412,CN7_L_000412,3,0,전체 변수와 제공 스케일 유지,-0.038900080878876864,0.024418724178337126,0
413,CN7_L_000413,2,0,전체 변수와 제공 스케일 유지,-0.08720995011839783,0.024418724178337126,0
414,CN7_L_000414,1,0,전체 변수와 제공 스케일 유지,-0.048399806464292094,0.024418724178337126,0
416,CN7_L_000416,0,0,전체 변수와 제공 스케일 유지,-0.10114793928667343,0.024418724178337126,0
417,CN7_L_000417,0,0,전체 변수와 제공 스케일 유지,-0.06648230113417997,0.024418724178337126,0
418,CN7_L_000418,2,0,전체 변수와 제공 스케일 유지,-0.0651029581081155,0.024418724178337126,0
419,CN7_L_000419,2,0,전체 변수와 제공 스케일 유지,-0.08994187812718213,0.024418724178337126,0
421,CN7_L_000421,3,0,전체 변수와 제공 스케일 유지,-0.06042837534925383,0.024418724178337126,0
422,CN7_L_000422,1,0,전체 변수와 제공 스케일 유지,-0.12003416695919444,0.024418724178337126,0
423,CN7_L_000423,0,0,전체 변수와 제공 스케일 유지,-0.07711511078493194,0.024418724178337126,0
424,CN7_L_000424,3,0,전체 변수와 제공 스케일 유지,-0.035490631595041844,0.024418724178337126,0
425,CN7_L_000425,1,0,전체 변수와 제공 스케일 유지,-0.050409270292720354,0.024418724178337126,0
426,CN7_L_000426,2,0,전체 변수와 제공 스케일 유지,-0.09732814100614906,0.024418724178337126,0
428,CN7_L_000428,2,0,전체 변수와 제공 스케일 유지,-0.0895275068278929,0.024418724178337126,0
429,CN7_L_000429,3,0,전체 변수와 제공 스케일 유지,-0.03577743683182044,0.024418724178337126,0
430,CN7_L_000430,0,0,전체 변수와 제공 스케일 유지,-0.09129148403876819,0.024418724178337126,0
433,CN7_L_000433,2,0,전체 변수와 제공 스케일 유지,-0.07442461012186596,0.024418724178337126,0
434,CN7_L_000434,3,0,전체 변수와 제공 스케일 유지,-0.048308814352940654,0.024418724178337126,0
435,CN7_L_000435,0,0,전체 변수와 제공 스케일 유지,-0.08182658755778904,0.024418724178337126,0
436,CN7_L_000436,1,0,전체 변수와 제공 스케일 유지,-0.08520554467259656,0.024418724178337126,0
437,CN7_L_000437,3,0,전체 변수와 제공 스케일 유지,-0.07130632754914945,0.024418724178337126,0
438,CN7_L_000438,1,0,전체 변수와 제공 스케일 유지,-0.06333617250388057,0.024418724178337126,0
439,CN7_L_000439,1,0,전체 변수와 제공 스케일 유지,-0.03455141192761957,0.024418724178337126,0
440,CN7_L_000440,0,0,전체 변수와 제공 스케일 유지,-0.09875133502777222,0.024418724178337126,0
442,CN7_L_000442,2,0,전체 변수와 제공 스케일 유지,-0.08012162212882501,0.024418724178337126,0
443,CN7_L_000443,1,0,전체 변수와 제공 스케일 유지,-0.05196399423527698,0.024418724178337126,0
445,CN7_L_000445,0,0,전체 변수와 제공 스케일 유지,-0.07635669602570694,0.024418724178337126,0
446,CN7_L_000446,0,0,전체 변수와 제공 스케일 유지,-0.0642035694234151,0.024418724178337126,0
447,CN7_L_000447,0,0,전체 변수와 제공 스케일 유지,-0.057691482683443596,0.024418724178337126,0
448,CN7_L_000448,2,0,전체 변수와 제공 스케일 유지,-0.08500749591440737,0.024418724178337126,0
450,CN7_L_000450,2,0,전체 변수와 제공 스케일 유지,-0.07704914283433206,0.024418724178337126,0
451,CN7_L_000451,1,0,전체 변수와 제공 스케일 유지,-0.10452846193421594,0.024418724178337126,0
452,CN7_L_000452,3,0,전체 변수와 제공 스케일 유지,-0.06743393650760154,0.024418724178337126,0
453,CN7_L_000453,0,0,전체 변수와 제공 스케일 유지,-0.08181739555900158,0.024418724178337126,0
454,CN7_L_000454,3,0,전체 변수와 제공 스케일 유지,-0.04197745459418201,0.024418724178337126,0
455,CN7_L_000455,1,0,전체 변수와 제공 스케일 유지,-0.0612972783181851,0.024418724178337126,0
456,CN7_L_000456,2,0,전체 변수와 제공 스케일 유지,-0.028341327478254463,0.024418724178337126,0
457,CN7_L_000457,2,0,전체 변수와 제공 스케일 유지,-0.050195930197674876,0.024418724178337126,0
458,CN7_L_000458,1,0,전체 변수와 제공 스케일 유지,-0.052939622108883366,0.024418724178337126,0
459,CN7_L_000459,3,0,전체 변수와 제공 스케일 유지,-0.05121338607922965,0.024418724178337126,0
460,CN7_L_000460,1,0,전체 변수와 제공 스케일 유지,-0.0621511093315088,0.024418724178337126,0
461,CN7_L_000461,0,0,전체 변수와 제공 스케일 유지,-0.06640694837093397,0.024418724178337126,0
463,CN7_L_000463,1,0,전체 변수와 제공 스케일 유지,-0.08800714294789636,0.024418724178337126,0
464,CN7_L_000464,1,0,전체 변수와 제공 스케일 유지,-0.07820124028800723,0.024418724178337126,0
465,CN7_L_000465,3,0,전체 변수와 제공 스케일 유지,-0.050235313407282156,0.024418724178337126,0
466,CN7_L_000466,0,0,전체 변수와 제공 스케일 유지,-0.07626323913803557,0.024418724178337126,0
467,CN7_L_000467,2,0,전체 변수와 제공 스케일 유지,-0.043407224752074036,0.024418724178337126,0
470,CN7_L_000470,3,0,전체 변수와 제공 스케일 유지,-0.01410800038383453,0.024418724178337126,0
471,CN7_L_000471,0,0,전체 변수와 제공 스케일 유지,-0.079421786826948,0.024418724178337126,0
474,CN7_L_000474,2,0,전체 변수와 제공 스케일 유지,-0.05569989068323977,0.024418724178337126,0
476,CN7_L_000476,0,0,전체 변수와 제공 스케일 유지,-0.08020917450246046,0.024418724178337126,0
477,CN7_L_000477,1,0,전체 변수와 제공 스케일 유지,-0.04982553687778646,0.024418724178337126,0
478,CN7_L_000478,0,0,전체 변수와 제공 스케일 유지,-0.07133048052566737,0.024418724178337126,0
479,CN7_L_000479,3,0,전체 변수와 제공 스케일 유지,-0.07103562926413831,0.024418724178337126,0
481,CN7_L_000481,3,0,전체 변수와 제공 스케일 유지,-0.07185190805717534,0.024418724178337126,0
482,CN7_L_000482,1,0,전체 변수와 제공 스케일 유지,-0.07922750972977655,0.024418724178337126,0
483,CN7_L_000483,2,0,전체 변수와 제공 스케일 유지,-0.07103848533236379,0.024418724178337126,0
484,CN7_L_000484,3,0,전체 변수와 제공 스케일 유지,-0.021416580424117537,0.024418724178337126,0
486,CN7_L_000486,3,0,전체 변수와 제공 스케일 유지,-0.030921496092681355,0.024418724178337126,0
487,CN7_L_000487,2,0,전체 변수와 제공 스케일 유지,-0.07622396488318595,0.024418724178337126,0
491,CN7_L_000491,1,0,전체 변수와 제공 스케일 유지,-0.1118202055016404,0.024418724178337126,0
492,CN7_L_000492,1,0,전체 변수와 제공 스케일 유지,-0.021795092875385613,0.024418724178337126,0
493,CN7_L_000493,1,0,전체 변수와 제공 스케일 유지,-0.025886113419474555,0.024418724178337126,0
494,CN7_L_000494,2,0,전체 변수와 제공 스케일 유지,-0.062197428397510635,0.024418724178337126,0
495,CN7_L_000495,3,0,전체 변수와 제공 스케일 유지,-0.010338938791560892,0.024418724178337126,0
496,CN7_L_000496,2,0,전체 변수와 제공 스케일 유지,-0.11093176966016349,0.024418724178337126,0
497,CN7_L_000497,3,0,전체 변수와 제공 스케일 유지,-0.024937186435080694,0.024418724178337126,0
499,CN7_L_000499,3,0,전체 변수와 제공 스케일 유지,-0.06493479631522492,0.024418724178337126,0
500,CN7_L_000500,2,0,전체 변수와 제공 스케일 유지,-0.09630377655148425,0.024418724178337126,0
501,CN7_L_000501,2,0,전체 변수와 제공 스케일 유지,-0.09424589266983796,0.024418724178337126,0
502,CN7_L_000502,2,0,전체 변수와 제공 스케일 유지,-0.05566406411734537,0.024418724178337126,0
504,CN7_L_000504,1,0,전체 변수와 제공 스케일 유지,-0.07532510601315812,0.024418724178337126,0
507,CN7_L_000507,1,0,전체 변수와 제공 스케일 유지,-0.0316035180843115,0.024418724178337126,0
508,CN7_L_000508,0,0,전체 변수와 제공 스케일 유지,-0.08257662303369973,0.024418724178337126,0
509,CN7_L_000509,1,0,전체 변수와 제공 스케일 유지,-0.10224125528206329,0.024418724178337126,0
510,CN7_L_000510,1,0,전체 변수와 제공 스케일 유지,-0.047521631561882494,0.024418724178337126,0
511,CN7_L_000511,2,0,전체 변수와 제공 스케일 유지,-0.062028633124590726,0.024418724178337126,0
513,CN7_L_000513,2,0,전체 변수와 제공 스케일 유지,-0.049174658015922024,0.024418724178337126,0
514,CN7_L_000514,0,0,전체 변수와 제공 스케일 유지,-0.030722387312497546,0.024418724178337126,0
515,CN7_L_000515,0,0,전체 변수와 제공 스케일 유지,-0.04674516528450878,0.024418724178337126,0
516,CN7_L_000516,3,0,전체 변수와 제공 스케일 유지,-0.028473945449535965,0.024418724178337126,0
517,CN7_L_000517,0,0,전체 변수와 제공 스케일 유지,-0.07800095077643832,0.024418724178337126,0
519,CN7_L_000519,3,0,전체 변수와 제공 스케일 유지,-0.048369088005598915,0.024418724178337126,0
520,CN7_L_000520,3,0,전체 변수와 제공 스케일 유지,-0.06849669122918156,0.024418724178337126,0
521,CN7_L_000521,0,0,전체 변수와 제공 스케일 유지,-0.04846382337328459,0.024418724178337126,0
523,CN7_L_000523,0,0,전체 변수와 제공 스케일 유지,-0.042531745531558585,0.024418724178337126,0
525,CN7_L_000525,1,0,전체 변수와 제공 스케일 유지,-0.06259643452131192,0.024418724178337126,0
526,CN7_L_000526,0,0,전체 변수와 제공 스케일 유지,-0.06646767174676516,0.024418724178337126,0
527,CN7_L_000527,2,0,전체 변수와 제공 스케일 유지,-0.09935088056698493,0.024418724178337126,0
528,CN7_L_000528,3,0,전체 변수와 제공 스케일 유지,-0.030462688966563345,0.024418724178337126,0
529,CN7_L_000529,0,0,전체 변수와 제공 스케일 유지,-0.09689929744967474,0.024418724178337126,0
530,CN7_L_000530,2,0,전체 변수와 제공 스케일 유지,-0.07741965201417589,0.024418724178337126,0
532,CN7_L_000532,3,0,전체 변수와 제공 스케일 유지,-0.07802898059437346,0.024418724178337126,0
533,CN7_L_000533,0,0,전체 변수와 제공 스케일 유지,-0.03860179808294095,0.024418724178337126,0
534,CN7_L_000534,2,0,전체 변수와 제공 스케일 유지,-0.07392882120933253,0.024418724178337126,0
535,CN7_L_000535,2,0,전체 변수와 제공 스케일 유지,-0.05498287650463629,0.024418724178337126,0
536,CN7_L_000536,2,0,전체 변수와 제공 스케일 유지,-0.090763402951755,0.024418724178337126,0
537,CN7_L_000537,0,0,전체 변수와 제공 스케일 유지,-0.10494655403066577,0.024418724178337126,0
538,CN7_L_000538,2,0,전체 변수와 제공 스케일 유지,-0.09490166997941518,0.024418724178337126,0
539,CN7_L_000539,0,0,전체 변수와 제공 스케일 유지,-0.07472265320714122,0.024418724178337126,0
541,CN7_L_000541,3,0,전체 변수와 제공 스케일 유지,-0.04916255458273833,0.024418724178337126,0
542,CN7_L_000542,2,0,전체 변수와 제공 스케일 유지,-0.07620805038955947,0.024418724178337126,0
543,CN7_L_000543,1,0,전체 변수와 제공 스케일 유지,-0.08414581253307807,0.024418724178337126,0
544,CN7_L_000544,2,0,전체 변수와 제공 스케일 유지,-0.056354687012481364,0.024418724178337126,0
545,CN7_L_000545,3,0,전체 변수와 제공 스케일 유지,-0.05721090552580099,0.024418724178337126,0
546,CN7_L_000546,1,0,전체 변수와 제공 스케일 유지,-0.09428601016527205,0.024418724178337126,0
547,CN7_L_000547,2,0,전체 변수와 제공 스케일 유지,-0.11719302297678791,0.024418724178337126,0
548,CN7_L_000548,3,0,전체 변수와 제공 스케일 유지,-0.02248682261192325,0.024418724178337126,0
549,CN7_L_000549,2,0,전체 변수와 제공 스케일 유지,-0.09569224211168548,0.024418724178337126,0
550,CN7_L_000550,2,0,전체 변수와 제공 스케일 유지,-0.0626070400348877,0.024418724178337126,0
551,CN7_L_000551,0,0,전체 변수와 제공 스케일 유지,-0.09318978161834623,0.024418724178337126,0
553,CN7_L_000553,3,0,전체 변수와 제공 스케일 유지,-0.06038767032870851,0.024418724178337126,0
555,CN7_L_000555,0,0,전체 변수와 제공 스케일 유지,-0.06490117239693038,0.024418724178337126,0
556,CN7_L_000556,1,0,전체 변수와 제공 스케일 유지,-0.0978277499701301,0.024418724178337126,0
557,CN7_L_000557,1,0,전체 변수와 제공 스케일 유지,-0.07971450660203061,0.024418724178337126,0
558,CN7_L_000558,3,0,전체 변수와 제공 스케일 유지,-0.03648359144999391,0.024418724178337126,0
559,CN7_L_000559,1,0,전체 변수와 제공 스케일 유지,-0.11419668474543743,0.024418724178337126,0
560,CN7_L_000560,1,0,전체 변수와 제공 스케일 유지,-0.06306674086090291,0.024418724178337126,0
561,CN7_L_000561,0,0,전체 변수와 제공 스케일 유지,-0.07172987250766338,0.024418724178337126,0
562,CN7_L_000562,0,0,전체 변수와 제공 스케일 유지,-0.07589600919496986,0.024418724178337126,0
563,CN7_L_000563,2,0,전체 변수와 제공 스케일 유지,-0.07804566099217691,0.024418724178337126,0
564,CN7_L_000564,1,0,전체 변수와 제공 스케일 유지,-0.04659874803871489,0.024418724178337126,0
566,CN7_L_000566,2,0,전체 변수와 제공 스케일 유지,-0.09134153196668393,0.024418724178337126,0
567,CN7_L_000567,0,0,전체 변수와 제공 스케일 유지,-0.07099765061779628,0.024418724178337126,0
568,CN7_L_000568,2,0,전체 변수와 제공 스케일 유지,-0.09006359974746037,0.024418724178337126,0
569,CN7_L_000569,1,0,전체 변수와 제공 스케일 유지,-0.07704663631476816,0.024418724178337126,0
570,CN7_L_000570,2,0,전체 변수와 제공 스케일 유지,-0.06924577017556954,0.024418724178337126,0
571,CN7_L_000571,3,0,전체 변수와 제공 스케일 유지,-0.05838513352112917,0.024418724178337126,0
572,CN7_L_000572,1,0,전체 변수와 제공 스케일 유지,-0.0680031081234933,0.024418724178337126,0
573,CN7_L_000573,3,0,전체 변수와 제공 스케일 유지,-0.03890954384484102,0.024418724178337126,0
575,CN7_L_000575,2,0,전체 변수와 제공 스케일 유지,-0.050894995337105176,0.024418724178337126,0
576,CN7_L_000576,3,0,전체 변수와 제공 스케일 유지,-0.04344391573220463,0.024418724178337126,0
578,CN7_L_000578,2,0,전체 변수와 제공 스케일 유지,-0.06822563121120462,0.024418724178337126,0
579,CN7_L_000579,2,0,전체 변수와 제공 스케일 유지,-0.09129279489307685,0.024418724178337126,0
580,CN7_L_000580,2,0,전체 변수와 제공 스케일 유지,-0.10782586272077577,0.024418724178337126,0
581,CN7_L_000581,1,0,전체 변수와 제공 스케일 유지,-0.031784954092346496,0.024418724178337126,0
582,CN7_L_000582,1,0,전체 변수와 제공 스케일 유지,-0.058290124008566035,0.024418724178337126,0
583,CN7_L_000583,1,0,전체 변수와 제공 스케일 유지,-0.05819886687676945,0.024418724178337126,0
584,CN7_L_000584,3,0,전체 변수와 제공 스케일 유지,-0.06267584631188061,0.024418724178337126,0
585,CN7_L_000585,0,0,전체 변수와 제공 스케일 유지,-0.0867657713133001,0.024418724178337126,0
586,CN7_L_000586,3,0,전체 변수와 제공 스케일 유지,-0.0497761614406973,0.024418724178337126,0
587,CN7_L_000587,0,0,전체 변수와 제공 스케일 유지,-0.0944181007108651,0.024418724178337126,0
590,CN7_L_000590,3,0,전체 변수와 제공 스케일 유지,-0.026582938524082778,0.024418724178337126,0
592,CN7_L_000592,2,0,전체 변수와 제공 스케일 유지,-0.03208271865675982,0.024418724178337126,0
593,CN7_L_000593,1,0,전체 변수와 제공 스케일 유지,-0.056632982678566535,0.024418724178337126,0
594,CN7_L_000594,1,0,전체 변수와 제공 스케일 유지,-0.03865191889154751,0.024418724178337126,0
595,CN7_L_000595,3,0,전체 변수와 제공 스케일 유지,-0.024997287180497985,0.024418724178337126,0
596,CN7_L_000596,0,0,전체 변수와 제공 스케일 유지,-0.07819415332286894,0.024418724178337126,0
597,CN7_L_000597,1,0,전체 변수와 제공 스케일 유지,-0.06971131134600528,0.024418724178337126,0
598,CN7_L_000598,0,0,전체 변수와 제공 스케일 유지,-0.09430416518434548,0.024418724178337126,0
599,CN7_L_000599,0,0,전체 변수와 제공 스케일 유지,-0.09183467634390441,0.024418724178337126,0
601,CN7_L_000601,2,0,전체 변수와 제공 스케일 유지,-0.0694998831488216,0.024418724178337126,0
602,CN7_L_000602,2,0,전체 변수와 제공 스케일 유지,-0.11557557962200171,0.024418724178337126,0
604,CN7_L_000604,3,0,전체 변수와 제공 스케일 유지,0.3576503012028023,0.024418724178337126,1
605,CN7_L_000605,0,0,전체 변수와 제공 스케일 유지,1.7910977984886252,0.024418724178337126,1
0,CN7_L_000000,0,0,충전과 전환 제외,-0.06345358930848333,-0.0041439526351654266,0
2,CN7_L_000002,0,0,충전과 전환 제외,-0.051130176570925556,-0.0041439526351654266,0
3,CN7_L_000003,0,0,충전과 전환 제외,-0.04723578458193467,-0.0041439526351654266,0
4,CN7_L_000004,3,0,충전과 전환 제외,-0.060342057136312466,-0.0041439526351654266,0
5,CN7_L_000005,2,0,충전과 전환 제외,-0.045940661418875095,-0.0041439526351654266,0
6,CN7_L_000006,2,0,충전과 전환 제외,-0.05173139410900296,-0.0041439526351654266,0
7,CN7_L_000007,1,0,충전과 전환 제외,-0.06328750637848524,-0.0041439526351654266,0
8,CN7_L_000008,0,0,충전과 전환 제외,-0.04651654995211407,-0.0041439526351654266,0
9,CN7_L_000009,1,0,충전과 전환 제외,-0.02394271101191281,-0.0041439526351654266,0
10,CN7_L_000010,0,0,충전과 전환 제외,-0.06690174804346682,-0.0041439526351654266,0
11,CN7_L_000011,0,0,충전과 전환 제외,-0.07576670454864853,-0.0041439526351654266,0
12,CN7_L_000012,1,0,충전과 전환 제외,-0.041640674712273285,-0.0041439526351654266,0
15,CN7_L_000015,2,0,충전과 전환 제외,-0.06422897039638897,-0.0041439526351654266,0
16,CN7_L_000016,1,0,충전과 전환 제외,-0.06327299777701256,-0.0041439526351654266,0
17,CN7_L_000017,3,0,충전과 전환 제외,-0.01652177581089731,-0.0041439526351654266,0
18,CN7_L_000018,2,0,충전과 전환 제외,-0.00771321270599401,-0.0041439526351654266,0
19,CN7_L_000019,1,0,충전과 전환 제외,-0.03882498250039923,-0.0041439526351654266,0
22,CN7_L_000022,0,0,충전과 전환 제외,0.010050159569162442,-0.0041439526351654266,1
23,CN7_L_000023,3,0,충전과 전환 제외,-0.07202163182496601,-0.0041439526351654266,0
24,CN7_L_000024,3,1,충전과 전환 제외,-0.06474051165051442,-0.0041439526351654266,0
25,CN7_L_000025,0,0,충전과 전환 제외,-0.03119664008790579,-0.0041439526351654266,0
26,CN7_L_000026,0,0,충전과 전환 제외,-0.027266312128998216,-0.0041439526351654266,0
27,CN7_L_000027,3,0,충전과 전환 제외,-0.06016795004858588,-0.0041439526351654266,0
29,CN7_L_000029,0,0,충전과 전환 제외,-0.02533294017753107,-0.0041439526351654266,0
30,CN7_L_000030,1,0,충전과 전환 제외,-0.08143702225781002,-0.0041439526351654266,0
31,CN7_L_000031,0,0,충전과 전환 제외,-0.015344035870962003,-0.0041439526351654266,0
32,CN7_L_000032,2,0,충전과 전환 제외,-0.056438053646660435,-0.0041439526351654266,0
34,CN7_L_000034,3,0,충전과 전환 제외,-0.06254737150714051,-0.0041439526351654266,0
36,CN7_L_000036,0,0,충전과 전환 제외,1.1356849752972509,-0.0041439526351654266,1
37,CN7_L_000037,0,0,충전과 전환 제외,-0.022108705258615746,-0.0041439526351654266,0
38,CN7_L_000038,3,0,충전과 전환 제외,-0.08278852012824256,-0.0041439526351654266,0
39,CN7_L_000039,0,0,충전과 전환 제외,-0.05127766849723825,-0.0041439526351654266,0
40,CN7_L_000040,1,1,충전과 전환 제외,-0.07126906839865077,-0.0041439526351654266,0
41,CN7_L_000041,1,0,충전과 전환 제외,-0.07304811750466644,-0.0041439526351654266,0
43,CN7_L_000043,0,0,충전과 전환 제외,-0.05492734635504393,-0.0041439526351654266,0
44,CN7_L_000044,3,0,충전과 전환 제외,-0.02851375993587979,-0.0041439526351654266,0
45,CN7_L_000045,0,0,충전과 전환 제외,-0.0302306173011484,-0.0041439526351654266,0
46,CN7_L_000046,0,0,충전과 전환 제외,-0.04883891561070719,-0.0041439526351654266,0
47,CN7_L_000047,2,0,충전과 전환 제외,-0.08629463020572814,-0.0041439526351654266,0
48,CN7_L_000048,0,1,충전과 전환 제외,0.009541487623224043,-0.0041439526351654266,1
49,CN7_L_000049,3,0,충전과 전환 제외,-0.09442574440671958,-0.0041439526351654266,0
52,CN7_L_000052,2,1,충전과 전환 제외,-0.06192286970663208,-0.0041439526351654266,0
53,CN7_L_000053,1,1,충전과 전환 제외,-0.028970080762849904,-0.0041439526351654266,0
54,CN7_L_000054,3,1,충전과 전환 제외,-0.030964268203922174,-0.0041439526351654266,0
55,CN7_L_000055,0,1,충전과 전환 제외,-0.044253277259769686,-0.0041439526351654266,0
56,CN7_L_000056,2,1,충전과 전환 제외,-0.05699892238367976,-0.0041439526351654266,0
58,CN7_L_000058,1,1,충전과 전환 제외,-0.09974632686766105,-0.0041439526351654266,0
59,CN7_L_000059,3,1,충전과 전환 제외,0.016099998293053197,-0.0041439526351654266,1
60,CN7_L_000060,2,1,충전과 전환 제외,-0.00358491050306764,-0.0041439526351654266,1
62,CN7_L_000062,1,0,충전과 전환 제외,-0.07342415005133818,-0.0041439526351654266,0
63,CN7_L_000063,3,0,충전과 전환 제외,-0.08237017389094081,-0.0041439526351654266,0
64,CN7_L_000064,3,0,충전과 전환 제외,-0.08671302356731792,-0.0041439526351654266,0
65,CN7_L_000065,2,0,충전과 전환 제외,-0.07640922919775317,-0.0041439526351654266,0
67,CN7_L_000067,3,0,충전과 전환 제외,-0.016236339181451065,-0.0041439526351654266,0
68,CN7_L_000068,3,0,충전과 전환 제외,-0.05405827217728154,-0.0041439526351654266,0
69,CN7_L_000069,2,0,충전과 전환 제외,-0.11754777944972794,-0.0041439526351654266,0
70,CN7_L_000070,1,0,충전과 전환 제외,-0.05996699117179771,-0.0041439526351654266,0
71,CN7_L_000071,2,0,충전과 전환 제외,-0.07186075763360744,-0.0041439526351654266,0
73,CN7_L_000073,0,0,충전과 전환 제외,-0.09507616972505462,-0.0041439526351654266,0
74,CN7_L_000074,0,0,충전과 전환 제외,-0.01805896432008236,-0.0041439526351654266,0
77,CN7_L_000077,2,0,충전과 전환 제외,-0.05305613980109003,-0.0041439526351654266,0
79,CN7_L_000079,3,0,충전과 전환 제외,-0.023493112432308116,-0.0041439526351654266,0
80,CN7_L_000080,2,0,충전과 전환 제외,-0.0228358938460258,-0.0041439526351654266,0
81,CN7_L_000081,2,0,충전과 전환 제외,-0.057663854314591756,-0.0041439526351654266,0
82,CN7_L_000082,3,0,충전과 전환 제외,-0.011509860190219268,-0.0041439526351654266,0
83,CN7_L_000083,2,0,충전과 전환 제외,-0.038546661760337386,-0.0041439526351654266,0
84,CN7_L_000084,3,0,충전과 전환 제외,-0.05335159693136049,-0.0041439526351654266,0
86,CN7_L_000086,0,0,충전과 전환 제외,-0.023444995229026322,-0.0041439526351654266,0
87,CN7_L_000087,3,0,충전과 전환 제외,-0.1069343901778077,-0.0041439526351654266,0
88,CN7_L_000088,0,0,충전과 전환 제외,-0.0669226608735447,-0.0041439526351654266,0
89,CN7_L_000089,3,0,충전과 전환 제외,-0.048832273937101434,-0.0041439526351654266,0
90,CN7_L_000090,1,0,충전과 전환 제외,-0.03281717708613563,-0.0041439526351654266,0
91,CN7_L_000091,2,0,충전과 전환 제외,-0.08969754438422761,-0.0041439526351654266,0
92,CN7_L_000092,3,0,충전과 전환 제외,-0.04892711336608535,-0.0041439526351654266,0
93,CN7_L_000093,1,0,충전과 전환 제외,-0.054196663411226975,-0.0041439526351654266,0
95,CN7_L_000095,0,0,충전과 전환 제외,0.007586567054709725,-0.0041439526351654266,1
96,CN7_L_000096,3,0,충전과 전환 제외,-0.07797977746667195,-0.0041439526351654266,0
97,CN7_L_000097,3,0,충전과 전환 제외,-0.08626316205297258,-0.0041439526351654266,0
98,CN7_L_000098,3,0,충전과 전환 제외,-0.04538336959873046,-0.0041439526351654266,0
99,CN7_L_000099,2,0,충전과 전환 제외,-0.05093124734529075,-0.0041439526351654266,0
100,CN7_L_000100,3,0,충전과 전환 제외,-0.043371159831575135,-0.0041439526351654266,0
102,CN7_L_000102,3,0,충전과 전환 제외,-0.06962204168912312,-0.0041439526351654266,0
103,CN7_L_000103,0,0,충전과 전환 제외,0.01949206819276217,-0.0041439526351654266,1
104,CN7_L_000104,2,0,충전과 전환 제외,-0.030567671903829474,-0.0041439526351654266,0
106,CN7_L_000106,3,0,충전과 전환 제외,-0.06732404393056868,-0.0041439526351654266,0
107,CN7_L_000107,0,0,충전과 전환 제외,-0.036981041761602995,-0.0041439526351654266,0
108,CN7_L_000108,2,0,충전과 전환 제외,-0.08054353847222107,-0.0041439526351654266,0
109,CN7_L_000109,2,0,충전과 전환 제외,-0.05915814552167609,-0.0041439526351654266,0
110,CN7_L_000110,0,0,충전과 전환 제외,2.8866881329747685e-05,-0.0041439526351654266,1
111,CN7_L_000111,1,0,충전과 전환 제외,-0.08138241550917469,-0.0041439526351654266,0
115,CN7_L_000115,0,0,충전과 전환 제외,-0.07450164073285936,-0.0041439526351654266,0
117,CN7_L_000117,3,0,충전과 전환 제외,-0.01620401287953044,-0.0041439526351654266,0
118,CN7_L_000118,3,0,충전과 전환 제외,-0.0787750206008826,-0.0041439526351654266,0
121,CN7_L_000121,3,0,충전과 전환 제외,-0.06630845803951946,-0.0041439526351654266,0
122,CN7_L_000122,3,0,충전과 전환 제외,-0.04951395021416083,-0.0041439526351654266,0
123,CN7_L_000123,0,0,충전과 전환 제외,-0.03879487833138828,-0.0041439526351654266,0
124,CN7_L_000124,2,0,충전과 전환 제외,-0.06612146994175916,-0.0041439526351654266,0
125,CN7_L_000125,3,0,충전과 전환 제외,-0.07377599133509083,-0.0041439526351654266,0
126,CN7_L_000126,2,0,충전과 전환 제외,-0.08582806985718205,-0.0041439526351654266,0
127,CN7_L_000127,0,0,충전과 전환 제외,-0.05921474883748923,-0.0041439526351654266,0
128,CN7_L_000128,1,0,충전과 전환 제외,-0.08662963860636363,-0.0041439526351654266,0
129,CN7_L_000129,2,0,충전과 전환 제외,-0.06583477243155711,-0.0041439526351654266,0
130,CN7_L_000130,1,0,충전과 전환 제외,-0.044729112314445096,-0.0041439526351654266,0
131,CN7_L_000131,3,0,충전과 전환 제외,-0.08500207958787165,-0.0041439526351654266,0
132,CN7_L_000132,1,0,충전과 전환 제외,-0.0897718445189386,-0.0041439526351654266,0
133,CN7_L_000133,1,0,충전과 전환 제외,-0.014602432207100335,-0.0041439526351654266,0
134,CN7_L_000134,2,0,충전과 전환 제외,-0.06487805293631066,-0.0041439526351654266,0
136,CN7_L_000136,0,0,충전과 전환 제외,-0.06165285994078307,-0.0041439526351654266,0
137,CN7_L_000137,3,0,충전과 전환 제외,-0.08983680469476685,-0.0041439526351654266,0
138,CN7_L_000138,0,0,충전과 전환 제외,-0.04830036171482144,-0.0041439526351654266,0
139,CN7_L_000139,2,0,충전과 전환 제외,-0.04220767028607675,-0.0041439526351654266,0
140,CN7_L_000140,1,0,충전과 전환 제외,-0.036200013340200954,-0.0041439526351654266,0
141,CN7_L_000141,3,0,충전과 전환 제외,-0.06075083934887937,-0.0041439526351654266,0
143,CN7_L_000143,1,0,충전과 전환 제외,-0.0585559346757778,-0.0041439526351654266,0
145,CN7_L_000145,0,0,충전과 전환 제외,-0.07579130096213937,-0.0041439526351654266,0
146,CN7_L_000146,3,0,충전과 전환 제외,-0.07325821811503674,-0.0041439526351654266,0
147,CN7_L_000147,1,0,충전과 전환 제외,-0.05780618177454899,-0.0041439526351654266,0
150,CN7_L_000150,3,0,충전과 전환 제외,-0.035879172912893775,-0.0041439526351654266,0
151,CN7_L_000151,0,0,충전과 전환 제외,-0.05900632284175522,-0.0041439526351654266,0
153,CN7_L_000153,0,0,충전과 전환 제외,-0.054022008454642556,-0.0041439526351654266,0
154,CN7_L_000154,0,0,충전과 전환 제외,0.031249481230196885,-0.0041439526351654266,1
155,CN7_L_000155,1,0,충전과 전환 제외,-0.040246873749536505,-0.0041439526351654266,0
156,CN7_L_000156,0,0,충전과 전환 제외,0.0008628442622389265,-0.0041439526351654266,1
157,CN7_L_000157,0,0,충전과 전환 제외,-0.06815593410562437,-0.0041439526351654266,0
158,CN7_L_000158,0,0,충전과 전환 제외,-0.021878887273260705,-0.0041439526351654266,0
159,CN7_L_000159,2,0,충전과 전환 제외,-0.0243763369027592,-0.0041439526351654266,0
160,CN7_L_000160,1,0,충전과 전환 제외,-0.044286779182141967,-0.0041439526351654266,0
161,CN7_L_000161,1,0,충전과 전환 제외,-0.09138081188745817,-0.0041439526351654266,0
162,CN7_L_000162,2,0,충전과 전환 제외,-0.06257679718649944,-0.0041439526351654266,0
163,CN7_L_000163,2,0,충전과 전환 제외,-0.05362704150164621,-0.0041439526351654266,0
164,CN7_L_000164,0,0,충전과 전환 제외,0.7583240855600137,-0.0041439526351654266,1
165,CN7_L_000165,2,0,충전과 전환 제외,-0.07659611449036774,-0.0041439526351654266,0
166,CN7_L_000166,1,0,충전과 전환 제외,-0.0983119641833099,-0.0041439526351654266,0
167,CN7_L_000167,2,0,충전과 전환 제외,-0.05703286418990361,-0.0041439526351654266,0
168,CN7_L_000168,3,0,충전과 전환 제외,-0.07399937543831925,-0.0041439526351654266,0
169,CN7_L_000169,2,0,충전과 전환 제외,-0.04574682203959135,-0.0041439526351654266,0
171,CN7_L_000171,3,0,충전과 전환 제외,-0.07375467007260106,-0.0041439526351654266,0
172,CN7_L_000172,0,0,충전과 전환 제외,-0.06502343532319754,-0.0041439526351654266,0
173,CN7_L_000173,3,0,충전과 전환 제외,-0.06235410988245205,-0.0041439526351654266,0
177,CN7_L_000177,1,0,충전과 전환 제외,-0.039805921509354025,-0.0041439526351654266,0
178,CN7_L_000178,0,0,충전과 전환 제외,-0.079293882451271,-0.0041439526351654266,0
179,CN7_L_000179,0,0,충전과 전환 제외,-0.08720377247011246,-0.0041439526351654266,0
181,CN7_L_000181,0,0,충전과 전환 제외,-0.04651240237963927,-0.0041439526351654266,0
182,CN7_L_000182,0,0,충전과 전환 제외,-0.07478592599493705,-0.0041439526351654266,0
183,CN7_L_000183,3,0,충전과 전환 제외,-0.09887096482633462,-0.0041439526351654266,0
184,CN7_L_000184,2,0,충전과 전환 제외,-0.08599464667268197,-0.0041439526351654266,0
186,CN7_L_000186,0,0,충전과 전환 제외,-0.0877224351333945,-0.0041439526351654266,0
187,CN7_L_000187,1,0,충전과 전환 제외,-0.07750361340702039,-0.0041439526351654266,0
188,CN7_L_000188,0,0,충전과 전환 제외,-0.055597865313374406,-0.0041439526351654266,0
189,CN7_L_000189,0,0,충전과 전환 제외,-0.0322879200993933,-0.0041439526351654266,0
190,CN7_L_000190,2,0,충전과 전환 제외,-0.07303604711718181,-0.0041439526351654266,0
191,CN7_L_000191,2,0,충전과 전환 제외,-0.06843927603305389,-0.0041439526351654266,0
192,CN7_L_000192,0,0,충전과 전환 제외,-0.02256041224777272,-0.0041439526351654266,0
193,CN7_L_000193,2,0,충전과 전환 제외,-0.01648327340347322,-0.0041439526351654266,0
194,CN7_L_000194,1,0,충전과 전환 제외,-0.0032561589978481464,-0.0041439526351654266,1
195,CN7_L_000195,0,0,충전과 전환 제외,-0.019805006889592747,-0.0041439526351654266,0
196,CN7_L_000196,0,0,충전과 전환 제외,-0.039802226892052595,-0.0041439526351654266,0
197,CN7_L_000197,3,0,충전과 전환 제외,-0.046033210480822095,-0.0041439526351654266,0
198,CN7_L_000198,0,0,충전과 전환 제외,-0.03912110277047631,-0.0041439526351654266,0
199,CN7_L_000199,2,0,충전과 전환 제외,-0.02860678123556548,-0.0041439526351654266,0
200,CN7_L_000200,3,0,충전과 전환 제외,-0.03633558976019957,-0.0041439526351654266,0
202,CN7_L_000202,0,0,충전과 전환 제외,-0.04758387094747851,-0.0041439526351654266,0
204,CN7_L_000204,0,0,충전과 전환 제외,-0.06643268073769715,-0.0041439526351654266,0
206,CN7_L_000206,1,0,충전과 전환 제외,-0.020667327937111235,-0.0041439526351654266,0
207,CN7_L_000207,1,0,충전과 전환 제외,-0.02255412979849858,-0.0041439526351654266,0
208,CN7_L_000208,2,0,충전과 전환 제외,-0.0041439526351654266,-0.0041439526351654266,0
209,CN7_L_000209,3,0,충전과 전환 제외,-0.03509314729203972,-0.0041439526351654266,0
210,CN7_L_000210,3,0,충전과 전환 제외,-0.05862438288064409,-0.0041439526351654266,0
211,CN7_L_000211,3,0,충전과 전환 제외,0.029158404551125727,-0.0041439526351654266,1
212,CN7_L_000212,3,0,충전과 전환 제외,-0.045882681454678664,-0.0041439526351654266,0
213,CN7_L_000213,3,0,충전과 전환 제외,-0.04013140458464548,-0.0041439526351654266,0
216,CN7_L_000216,3,0,충전과 전환 제외,-0.026508365736229944,-0.0041439526351654266,0
217,CN7_L_000217,1,0,충전과 전환 제외,-0.04269028352600568,-0.0041439526351654266,0
218,CN7_L_000218,2,0,충전과 전환 제외,-0.05207474794273681,-0.0041439526351654266,0
220,CN7_L_000220,2,0,충전과 전환 제외,-0.041867291842068166,-0.0041439526351654266,0
221,CN7_L_000221,2,0,충전과 전환 제외,-0.03121526277851272,-0.0041439526351654266,0
222,CN7_L_000222,3,0,충전과 전환 제외,-0.07415096754200023,-0.0041439526351654266,0
223,CN7_L_000223,1,0,충전과 전환 제외,0.028098411772810916,-0.0041439526351654266,1
224,CN7_L_000224,3,0,충전과 전환 제외,-0.02956200689180033,-0.0041439526351654266,0
225,CN7_L_000225,0,0,충전과 전환 제외,-0.031105229400042234,-0.0041439526351654266,0
226,CN7_L_000226,3,0,충전과 전환 제외,-0.03831559327799372,-0.0041439526351654266,0
231,CN7_L_000231,1,0,충전과 전환 제외,-0.0280996859244671,-0.0041439526351654266,0
232,CN7_L_000232,1,0,충전과 전환 제외,-0.06386306684615439,-0.0041439526351654266,0
233,CN7_L_000233,1,0,충전과 전환 제외,-0.026306610202008862,-0.0041439526351654266,0
234,CN7_L_000234,3,0,충전과 전환 제외,-0.042723300855554314,-0.0041439526351654266,0
235,CN7_L_000235,3,0,충전과 전환 제외,-0.03560545242713298,-0.0041439526351654266,0
236,CN7_L_000236,0,0,충전과 전환 제외,-0.05618244338564793,-0.0041439526351654266,0
237,CN7_L_000237,3,0,충전과 전환 제외,-0.05973731117761272,-0.0041439526351654266,0
238,CN7_L_000238,1,0,충전과 전환 제외,-0.05800127165175084,-0.0041439526351654266,0
239,CN7_L_000239,1,0,충전과 전환 제외,-0.003475547392214118,-0.0041439526351654266,1
241,CN7_L_000241,1,0,충전과 전환 제외,-0.030359856778071848,-0.0041439526351654266,0
242,CN7_L_000242,0,0,충전과 전환 제외,-0.03543317514096156,-0.0041439526351654266,0
243,CN7_L_000243,2,0,충전과 전환 제외,-0.0682549702689661,-0.0041439526351654266,0
245,CN7_L_000245,1,0,충전과 전환 제외,-0.038354410082757084,-0.0041439526351654266,0
246,CN7_L_000246,1,0,충전과 전환 제외,-0.06309835601230507,-0.0041439526351654266,0
247,CN7_L_000247,1,0,충전과 전환 제외,-0.04320290643839719,-0.0041439526351654266,0
248,CN7_L_000248,2,0,충전과 전환 제외,-0.0770810628356351,-0.0041439526351654266,0
249,CN7_L_000249,3,0,충전과 전환 제외,-0.031673846600982714,-0.0041439526351654266,0
250,CN7_L_000250,1,0,충전과 전환 제외,-0.07898050972227821,-0.0041439526351654266,0
251,CN7_L_000251,2,0,충전과 전환 제외,-0.054268437414870085,-0.0041439526351654266,0
252,CN7_L_000252,1,0,충전과 전환 제외,-0.02875534515503908,-0.0041439526351654266,0
253,CN7_L_000253,3,0,충전과 전환 제외,-0.05337021591003932,-0.0041439526351654266,0
254,CN7_L_000254,3,0,충전과 전환 제외,-0.04019535797148244,-0.0041439526351654266,0
256,CN7_L_000256,3,0,충전과 전환 제외,-0.06263779549848092,-0.0041439526351654266,0
258,CN7_L_000258,2,0,충전과 전환 제외,-0.07546467288111414,-0.0041439526351654266,0
259,CN7_L_000259,0,0,충전과 전환 제외,-0.09118826442145167,-0.0041439526351654266,0
260,CN7_L_000260,1,0,충전과 전환 제외,-0.11993161061431135,-0.0041439526351654266,0
261,CN7_L_000261,3,0,충전과 전환 제외,-0.04628117928118902,-0.0041439526351654266,0
262,CN7_L_000262,3,0,충전과 전환 제외,-0.07181572849677353,-0.0041439526351654266,0
263,CN7_L_000263,2,0,충전과 전환 제외,-0.05197642169732397,-0.0041439526351654266,0
264,CN7_L_000264,3,0,충전과 전환 제외,-0.04807109244928798,-0.0041439526351654266,0
267,CN7_L_000267,0,0,충전과 전환 제외,-0.07518512225652918,-0.0041439526351654266,0
268,CN7_L_000268,0,0,충전과 전환 제외,-0.06564196403070133,-0.0041439526351654266,0
269,CN7_L_000269,1,0,충전과 전환 제외,-0.06395142416948119,-0.0041439526351654266,0
270,CN7_L_000270,2,0,충전과 전환 제외,-0.10180603986915626,-0.0041439526351654266,0
271,CN7_L_000271,0,0,충전과 전환 제외,-0.07419381330827868,-0.0041439526351654266,0
272,CN7_L_000272,2,0,충전과 전환 제외,-0.07947328472880066,-0.0041439526351654266,0
273,CN7_L_000273,3,0,충전과 전환 제외,-0.047232070186583375,-0.0041439526351654266,0
275,CN7_L_000275,1,0,충전과 전환 제외,-0.07817277221974539,-0.0041439526351654266,0
276,CN7_L_000276,1,0,충전과 전환 제외,-0.07898065639907514,-0.0041439526351654266,0
277,CN7_L_000277,1,0,충전과 전환 제외,-0.04897603394840466,-0.0041439526351654266,0
278,CN7_L_000278,1,0,충전과 전환 제외,-0.0583756174150194,-0.0041439526351654266,0
279,CN7_L_000279,0,0,충전과 전환 제외,-0.06637708828123934,-0.0041439526351654266,0
280,CN7_L_000280,3,0,충전과 전환 제외,-0.08352605679663938,-0.0041439526351654266,0
282,CN7_L_000282,0,0,충전과 전환 제외,-0.03898270556953465,-0.0041439526351654266,0
285,CN7_L_000285,0,0,충전과 전환 제외,-0.09325485547840939,-0.0041439526351654266,0
286,CN7_L_000286,0,0,충전과 전환 제외,-0.10110227030309238,-0.0041439526351654266,0
288,CN7_L_000288,2,0,충전과 전환 제외,-0.09087210349601715,-0.0041439526351654266,0
289,CN7_L_000289,1,0,충전과 전환 제외,-0.10365727311510042,-0.0041439526351654266,0
291,CN7_L_000291,3,0,충전과 전환 제외,-0.05376120620111546,-0.0041439526351654266,0
292,CN7_L_000292,3,0,충전과 전환 제외,-0.042867234772294704,-0.0041439526351654266,0
293,CN7_L_000293,1,0,충전과 전환 제외,-0.04682643817060095,-0.0041439526351654266,0
294,CN7_L_000294,2,0,충전과 전환 제외,-0.12074167305780437,-0.0041439526351654266,0
295,CN7_L_000295,1,0,충전과 전환 제외,-0.06836459316129284,-0.0041439526351654266,0
296,CN7_L_000296,3,0,충전과 전환 제외,-0.07074890391363375,-0.0041439526351654266,0
297,CN7_L_000297,1,0,충전과 전환 제외,-0.08794855153358272,-0.0041439526351654266,0
298,CN7_L_000298,0,0,충전과 전환 제외,-0.0930480568214529,-0.0041439526351654266,0
299,CN7_L_000299,1,0,충전과 전환 제외,-0.037345824333964384,-0.0041439526351654266,0
300,CN7_L_000300,1,0,충전과 전환 제외,-0.05842702072713468,-0.0041439526351654266,0
301,CN7_L_000301,1,0,충전과 전환 제외,-0.049762742966714235,-0.0041439526351654266,0
303,CN7_L_000303,1,0,충전과 전환 제외,-0.04704678417019448,-0.0041439526351654266,0
304,CN7_L_000304,0,0,충전과 전환 제외,-0.10192666790815297,-0.0041439526351654266,0
305,CN7_L_000305,0,0,충전과 전환 제외,-0.09554644615658825,-0.0041439526351654266,0
307,CN7_L_000307,3,0,충전과 전환 제외,-0.06957100194055243,-0.0041439526351654266,0
308,CN7_L_000308,0,0,충전과 전환 제외,-0.09617994763011684,-0.0041439526351654266,0
310,CN7_L_000310,3,0,충전과 전환 제외,-0.07362591020091847,-0.0041439526351654266,0
311,CN7_L_000311,1,0,충전과 전환 제외,-0.05636149603653218,-0.0041439526351654266,0
312,CN7_L_000312,2,0,충전과 전환 제외,-0.07939250463553282,-0.0041439526351654266,0
313,CN7_L_000313,0,0,충전과 전환 제외,-0.07469893004398287,-0.0041439526351654266,0
314,CN7_L_000314,1,0,충전과 전환 제외,-0.07408371306984218,-0.0041439526351654266,0
315,CN7_L_000315,2,0,충전과 전환 제외,-0.0741257569691105,-0.0041439526351654266,0
316,CN7_L_000316,3,0,충전과 전환 제외,-0.08134436472828899,-0.0041439526351654266,0
317,CN7_L_000317,3,0,충전과 전환 제외,-0.030375443781287093,-0.0041439526351654266,0
318,CN7_L_000318,2,0,충전과 전환 제외,-0.062486891152064405,-0.0041439526351654266,0
319,CN7_L_000319,0,0,충전과 전환 제외,-0.10675052577805522,-0.0041439526351654266,0
320,CN7_L_000320,2,0,충전과 전환 제외,-0.07925837167026506,-0.0041439526351654266,0
321,CN7_L_000321,0,0,충전과 전환 제외,-0.061589308921389474,-0.0041439526351654266,0
323,CN7_L_000323,0,0,충전과 전환 제외,-0.09388522312325831,-0.0041439526351654266,0
324,CN7_L_000324,0,0,충전과 전환 제외,-0.09273122677463252,-0.0041439526351654266,0
325,CN7_L_000325,1,0,충전과 전환 제외,-0.040394161524246464,-0.0041439526351654266,0
326,CN7_L_000326,1,0,충전과 전환 제외,-0.06961279288595001,-0.0041439526351654266,0
328,CN7_L_000328,1,0,충전과 전환 제외,-0.06231655682695081,-0.0041439526351654266,0
330,CN7_L_000330,1,0,충전과 전환 제외,-0.08008674301821639,-0.0041439526351654266,0
331,CN7_L_000331,1,0,충전과 전환 제외,-0.07399256619873373,-0.0041439526351654266,0
332,CN7_L_000332,0,0,충전과 전환 제외,-0.05609519356974557,-0.0041439526351654266,0
333,CN7_L_000333,2,0,충전과 전환 제외,-0.08787535576177996,-0.0041439526351654266,0
334,CN7_L_000334,3,0,충전과 전환 제외,-0.11076565261280846,-0.0041439526351654266,0
335,CN7_L_000335,3,0,충전과 전환 제외,-0.041793288043733945,-0.0041439526351654266,0
336,CN7_L_000336,2,0,충전과 전환 제외,-0.05261845871789639,-0.0041439526351654266,0
337,CN7_L_000337,2,0,충전과 전환 제외,-0.10406764501961963,-0.0041439526351654266,0
338,CN7_L_000338,2,0,충전과 전환 제외,-0.09395779910686075,-0.0041439526351654266,0
339,CN7_L_000339,3,0,충전과 전환 제외,-0.09215931680133949,-0.0041439526351654266,0
340,CN7_L_000340,2,0,충전과 전환 제외,-0.058209259875757535,-0.0041439526351654266,0
342,CN7_L_000342,1,0,충전과 전환 제외,-0.0007685526409444421,-0.0041439526351654266,1
343,CN7_L_000343,2,0,충전과 전환 제외,-0.057465411296092395,-0.0041439526351654266,0
345,CN7_L_000345,1,0,충전과 전환 제외,-0.07091538217149207,-0.0041439526351654266,0
346,CN7_L_000346,3,0,충전과 전환 제외,-0.0710298356908936,-0.0041439526351654266,0
347,CN7_L_000347,1,0,충전과 전환 제외,-0.07217372614640638,-0.0041439526351654266,0
348,CN7_L_000348,1,0,충전과 전환 제외,-0.06165049318568805,-0.0041439526351654266,0
349,CN7_L_000349,3,0,충전과 전환 제외,-0.08425790888899654,-0.0041439526351654266,0
350,CN7_L_000350,2,0,충전과 전환 제외,-0.0844086153355379,-0.0041439526351654266,0
352,CN7_L_000352,2,0,충전과 전환 제외,-0.10761881999649381,-0.0041439526351654266,0
354,CN7_L_000354,3,0,충전과 전환 제외,-0.09077162436304231,-0.0041439526351654266,0
355,CN7_L_000355,2,0,충전과 전환 제외,-0.09935231288484703,-0.0041439526351654266,0
356,CN7_L_000356,2,0,충전과 전환 제외,-0.042338974193423695,-0.0041439526351654266,0
358,CN7_L_000358,2,0,충전과 전환 제외,-0.0776228942099122,-0.0041439526351654266,0
360,CN7_L_000360,2,0,충전과 전환 제외,-0.04012709490071664,-0.0041439526351654266,0
361,CN7_L_000361,2,0,충전과 전환 제외,-0.04120285454323236,-0.0041439526351654266,0
362,CN7_L_000362,0,0,충전과 전환 제외,-0.0770402229779572,-0.0041439526351654266,0
363,CN7_L_000363,1,0,충전과 전환 제외,-0.06940141522202525,-0.0041439526351654266,0
364,CN7_L_000364,2,0,충전과 전환 제외,-0.030238186530874067,-0.0041439526351654266,0
365,CN7_L_000365,2,0,충전과 전환 제외,-0.11426498709816313,-0.0041439526351654266,0
366,CN7_L_000366,2,0,충전과 전환 제외,-0.09945861729036753,-0.0041439526351654266,0
367,CN7_L_000367,3,0,충전과 전환 제외,-0.03222937331399223,-0.0041439526351654266,0
368,CN7_L_000368,2,0,충전과 전환 제외,-0.03824787311202682,-0.0041439526351654266,0
369,CN7_L_000369,1,0,충전과 전환 제외,-0.09452958504391518,-0.0041439526351654266,0
370,CN7_L_000370,2,0,충전과 전환 제외,-0.09058720991729086,-0.0041439526351654266,0
371,CN7_L_000371,1,0,충전과 전환 제외,-0.06177387935500622,-0.0041439526351654266,0
372,CN7_L_000372,1,0,충전과 전환 제외,-0.05019176024939265,-0.0041439526351654266,0
374,CN7_L_000374,1,0,충전과 전환 제외,-0.0721763291568207,-0.0041439526351654266,0
375,CN7_L_000375,2,0,충전과 전환 제외,-0.1421527765351751,-0.0041439526351654266,0
376,CN7_L_000376,1,0,충전과 전환 제외,-0.08563739599157572,-0.0041439526351654266,0
377,CN7_L_000377,0,0,충전과 전환 제외,-0.09274875667980176,-0.0041439526351654266,0
378,CN7_L_000378,1,0,충전과 전환 제외,-0.062217415478346805,-0.0041439526351654266,0
379,CN7_L_000379,3,0,충전과 전환 제외,-0.0573360911779659,-0.0041439526351654266,0
381,CN7_L_000381,1,0,충전과 전환 제외,-0.06277691946473807,-0.0041439526351654266,0
382,CN7_L_000382,3,0,충전과 전환 제외,-0.10420064673648222,-0.0041439526351654266,0
383,CN7_L_000383,3,0,충전과 전환 제외,-0.08688090044982388,-0.0041439526351654266,0
384,CN7_L_000384,1,0,충전과 전환 제외,-0.1314227567290871,-0.0041439526351654266,0
385,CN7_L_000385,2,0,충전과 전환 제외,-0.12522464430716163,-0.0041439526351654266,0
387,CN7_L_000387,3,0,충전과 전환 제외,-0.03322098704001908,-0.0041439526351654266,0
388,CN7_L_000388,0,0,충전과 전환 제외,-0.09739327283443222,-0.0041439526351654266,0
389,CN7_L_000389,2,0,충전과 전환 제외,-0.06346829898615303,-0.0041439526351654266,0
390,CN7_L_000390,3,0,충전과 전환 제외,-0.043884409849489714,-0.0041439526351654266,0
391,CN7_L_000391,1,0,충전과 전환 제외,-0.08138870091077965,-0.0041439526351654266,0
394,CN7_L_000394,3,0,충전과 전환 제외,-0.0892372305068534,-0.0041439526351654266,0
395,CN7_L_000395,0,0,충전과 전환 제외,-0.1061811000305446,-0.0041439526351654266,0
396,CN7_L_000396,3,0,충전과 전환 제외,-0.06944951939916422,-0.0041439526351654266,0
397,CN7_L_000397,0,0,충전과 전환 제외,-0.09419247593045554,-0.0041439526351654266,0
398,CN7_L_000398,2,0,충전과 전환 제외,-0.09768317578198538,-0.0041439526351654266,0
400,CN7_L_000400,0,0,충전과 전환 제외,-0.09016492654337593,-0.0041439526351654266,0
402,CN7_L_000402,2,0,충전과 전환 제외,-0.08169223368075018,-0.0041439526351654266,0
404,CN7_L_000404,1,0,충전과 전환 제외,-0.06017609715896288,-0.0041439526351654266,0
406,CN7_L_000406,1,0,충전과 전환 제외,-0.08827613915320764,-0.0041439526351654266,0
407,CN7_L_000407,0,0,충전과 전환 제외,-0.0694370330173002,-0.0041439526351654266,0
408,CN7_L_000408,0,0,충전과 전환 제외,-0.0004045172509199446,-0.0041439526351654266,1
409,CN7_L_000409,0,0,충전과 전환 제외,-0.022417197166203273,-0.0041439526351654266,0
410,CN7_L_000410,1,0,충전과 전환 제외,-0.05330158866569157,-0.0041439526351654266,0
411,CN7_L_000411,1,0,충전과 전환 제외,-0.09950495813857785,-0.0041439526351654266,0
412,CN7_L_000412,3,0,충전과 전환 제외,-0.05718900731749166,-0.0041439526351654266,0
413,CN7_L_000413,2,0,충전과 전환 제외,-0.08652554948793689,-0.0041439526351654266,0
414,CN7_L_000414,1,0,충전과 전환 제외,-0.027645818798139654,-0.0041439526351654266,0
416,CN7_L_000416,0,0,충전과 전환 제외,-0.10886703872413506,-0.0041439526351654266,0
417,CN7_L_000417,0,0,충전과 전환 제외,-0.0766691449622714,-0.0041439526351654266,0
418,CN7_L_000418,2,0,충전과 전환 제외,-0.08394045103648651,-0.0041439526351654266,0
419,CN7_L_000419,2,0,충전과 전환 제외,-0.0956457534219588,-0.0041439526351654266,0
421,CN7_L_000421,3,0,충전과 전환 제외,-0.08366537696374765,-0.0041439526351654266,0
422,CN7_L_000422,1,0,충전과 전환 제외,-0.11176951180625849,-0.0041439526351654266,0
423,CN7_L_000423,0,0,충전과 전환 제외,-0.09978332562191872,-0.0041439526351654266,0
424,CN7_L_000424,3,0,충전과 전환 제외,-0.049240912716483454,-0.0041439526351654266,0
425,CN7_L_000425,1,0,충전과 전환 제외,-0.07508977086095259,-0.0041439526351654266,0
426,CN7_L_000426,2,0,충전과 전환 제외,-0.13033985557607242,-0.0041439526351654266,0
428,CN7_L_000428,2,0,충전과 전환 제외,-0.09007008102023217,-0.0041439526351654266,0
429,CN7_L_000429,3,0,충전과 전환 제외,-0.042017627788832,-0.0041439526351654266,0
430,CN7_L_000430,0,0,충전과 전환 제외,-0.09163386520999639,-0.0041439526351654266,0
433,CN7_L_000433,2,0,충전과 전환 제외,-0.057429477937621876,-0.0041439526351654266,0
434,CN7_L_000434,3,0,충전과 전환 제외,-0.06952569209235637,-0.0041439526351654266,0
435,CN7_L_000435,0,0,충전과 전환 제외,-0.10222606888135877,-0.0041439526351654266,0
436,CN7_L_000436,1,0,충전과 전환 제외,-0.08626337883406876,-0.0041439526351654266,0
437,CN7_L_000437,3,0,충전과 전환 제외,-0.08667236094971642,-0.0041439526351654266,0
438,CN7_L_000438,1,0,충전과 전환 제외,-0.02109302384557088,-0.0041439526351654266,0
439,CN7_L_000439,1,0,충전과 전환 제외,-0.017129194795158842,-0.0041439526351654266,0
440,CN7_L_000440,0,0,충전과 전환 제외,-0.10998072930070713,-0.0041439526351654266,0
442,CN7_L_000442,2,0,충전과 전환 제외,-0.08130028190513539,-0.0041439526351654266,0
443,CN7_L_000443,1,0,충전과 전환 제외,-0.029198953615868994,-0.0041439526351654266,0
445,CN7_L_000445,0,0,충전과 전환 제외,-0.09172434608409041,-0.0041439526351654266,0
446,CN7_L_000446,0,0,충전과 전환 제외,-0.09160190502088827,-0.0041439526351654266,0
447,CN7_L_000447,0,0,충전과 전환 제외,-0.05573312196012248,-0.0041439526351654266,0
448,CN7_L_000448,2,0,충전과 전환 제외,-0.06398400803796012,-0.0041439526351654266,0
450,CN7_L_000450,2,0,충전과 전환 제외,-0.07260386889841319,-0.0041439526351654266,0
451,CN7_L_000451,1,0,충전과 전환 제외,-0.10740083260634892,-0.0041439526351654266,0
452,CN7_L_000452,3,0,충전과 전환 제외,-0.0979693321115147,-0.0041439526351654266,0
453,CN7_L_000453,0,0,충전과 전환 제외,-0.1013971251128356,-0.0041439526351654266,0
454,CN7_L_000454,3,0,충전과 전환 제외,-0.04720253474262659,-0.0041439526351654266,0
455,CN7_L_000455,1,0,충전과 전환 제외,-0.04651618939772151,-0.0041439526351654266,0
456,CN7_L_000456,2,0,충전과 전환 제외,-0.03836711976904006,-0.0041439526351654266,0
457,CN7_L_000457,2,0,충전과 전환 제외,-0.06538801375330205,-0.0041439526351654266,0
458,CN7_L_000458,1,0,충전과 전환 제외,-0.03633407670270605,-0.0041439526351654266,0
459,CN7_L_000459,3,0,충전과 전환 제외,-0.058168574468751455,-0.0041439526351654266,0
460,CN7_L_000460,1,0,충전과 전환 제외,-0.036679394317893355,-0.0041439526351654266,0
461,CN7_L_000461,0,0,충전과 전환 제외,-0.10216208193154808,-0.0041439526351654266,0
463,CN7_L_000463,1,0,충전과 전환 제외,-0.09096003140640896,-0.0041439526351654266,0
464,CN7_L_000464,1,0,충전과 전환 제외,-0.09291566532141138,-0.0041439526351654266,0
465,CN7_L_000465,3,0,충전과 전환 제외,-0.06263676444727384,-0.0041439526351654266,0
466,CN7_L_000466,0,0,충전과 전환 제외,-0.08663349165238499,-0.0041439526351654266,0
467,CN7_L_000467,2,0,충전과 전환 제외,-0.05452348054711109,-0.0041439526351654266,0
470,CN7_L_000470,3,0,충전과 전환 제외,-0.017745123276494912,-0.0041439526351654266,0
471,CN7_L_000471,0,0,충전과 전환 제외,-0.10379319745715465,-0.0041439526351654266,0
474,CN7_L_000474,2,0,충전과 전환 제외,-0.04637134643233454,-0.0041439526351654266,0
476,CN7_L_000476,0,0,충전과 전환 제외,-0.09143413579898674,-0.0041439526351654266,0
477,CN7_L_000477,1,0,충전과 전환 제외,-0.06993003809190812,-0.0041439526351654266,0
478,CN7_L_000478,0,0,충전과 전환 제외,-0.06918570536853474,-0.0041439526351654266,0
479,CN7_L_000479,3,0,충전과 전환 제외,-0.07214386251434846,-0.0041439526351654266,0
481,CN7_L_000481,3,0,충전과 전환 제외,-0.0905267136442256,-0.0041439526351654266,0
482,CN7_L_000482,1,0,충전과 전환 제외,-0.07034197793962171,-0.0041439526351654266,0
483,CN7_L_000483,2,0,충전과 전환 제외,-0.07503914453771454,-0.0041439526351654266,0
484,CN7_L_000484,3,0,충전과 전환 제외,-0.03136045887229999,-0.0041439526351654266,0
486,CN7_L_000486,3,0,충전과 전환 제외,-0.05636386929634973,-0.0041439526351654266,0
487,CN7_L_000487,2,0,충전과 전환 제외,-0.06962105946053487,-0.0041439526351654266,0
491,CN7_L_000491,1,0,충전과 전환 제외,-0.1206564972565447,-0.0041439526351654266,0
492,CN7_L_000492,1,0,충전과 전환 제외,0.012581254561597088,-0.0041439526351654266,1
493,CN7_L_000493,1,0,충전과 전환 제외,-0.0019078686730247263,-0.0041439526351654266,1
494,CN7_L_000494,2,0,충전과 전환 제외,-0.06565246043711204,-0.0041439526351654266,0
495,CN7_L_000495,3,0,충전과 전환 제외,-0.031821375572000044,-0.0041439526351654266,0
496,CN7_L_000496,2,0,충전과 전환 제외,-0.1252578795745385,-0.0041439526351654266,0
497,CN7_L_000497,3,0,충전과 전환 제외,-0.037589625223145795,-0.0041439526351654266,0
499,CN7_L_000499,3,0,충전과 전환 제외,-0.07703034324393121,-0.0041439526351654266,0
500,CN7_L_000500,2,0,충전과 전환 제외,-0.10204120105900572,-0.0041439526351654266,0
501,CN7_L_000501,2,0,충전과 전환 제외,-0.09370393545473688,-0.0041439526351654266,0
502,CN7_L_000502,2,0,충전과 전환 제외,-0.0752790478198122,-0.0041439526351654266,0
504,CN7_L_000504,1,0,충전과 전환 제외,-0.08290555739980032,-0.0041439526351654266,0
507,CN7_L_000507,1,0,충전과 전환 제외,-0.012354238849451527,-0.0041439526351654266,0
508,CN7_L_000508,0,0,충전과 전환 제외,-0.0936617448558339,-0.0041439526351654266,0
509,CN7_L_000509,1,0,충전과 전환 제외,-0.1055011823500025,-0.0041439526351654266,0
510,CN7_L_000510,1,0,충전과 전환 제외,-0.03214286129407773,-0.0041439526351654266,0
511,CN7_L_000511,2,0,충전과 전환 제외,-0.028481965056961656,-0.0041439526351654266,0
513,CN7_L_000513,2,0,충전과 전환 제외,-0.06305571836339396,-0.0041439526351654266,0
514,CN7_L_000514,0,0,충전과 전환 제외,-0.04644692004829354,-0.0041439526351654266,0
515,CN7_L_000515,0,0,충전과 전환 제외,-0.04435259955747961,-0.0041439526351654266,0
516,CN7_L_000516,3,0,충전과 전환 제외,-0.04043686641942079,-0.0041439526351654266,0
517,CN7_L_000517,0,0,충전과 전환 제외,-0.08960212841369097,-0.0041439526351654266,0
519,CN7_L_000519,3,0,충전과 전환 제외,-0.07138337736699363,-0.0041439526351654266,0
520,CN7_L_000520,3,0,충전과 전환 제외,-0.10058589838388521,-0.0041439526351654266,0
521,CN7_L_000521,0,0,충전과 전환 제외,-0.07522672962939758,-0.0041439526351654266,0
523,CN7_L_000523,0,0,충전과 전환 제외,-0.05187371881667335,-0.0041439526351654266,0
525,CN7_L_000525,1,0,충전과 전환 제외,-0.04281879247965481,-0.0041439526351654266,0
526,CN7_L_000526,0,0,충전과 전환 제외,-0.06015652534051741,-0.0041439526351654266,0
527,CN7_L_000527,2,0,충전과 전환 제외,-0.09817974285299691,-0.0041439526351654266,0
528,CN7_L_000528,3,0,충전과 전환 제외,-0.06369286458373491,-0.0041439526351654266,0
529,CN7_L_000529,0,0,충전과 전환 제외,-0.11179853946947205,-0.0041439526351654266,0
530,CN7_L_000530,2,0,충전과 전환 제외,-0.07972273834136878,-0.0041439526351654266,0
532,CN7_L_000532,3,0,충전과 전환 제외,-0.10284632999813681,-0.0041439526351654266,0
533,CN7_L_000533,0,0,충전과 전환 제외,-0.04919063889320796,-0.0041439526351654266,0
534,CN7_L_000534,2,0,충전과 전환 제외,-0.0812441737311782,-0.0041439526351654266,0
535,CN7_L_000535,2,0,충전과 전환 제외,-0.03868259375739136,-0.0041439526351654266,0
536,CN7_L_000536,2,0,충전과 전환 제외,-0.07644768391187018,-0.0041439526351654266,0
537,CN7_L_000537,0,0,충전과 전환 제외,-0.12936791813486792,-0.0041439526351654266,0
538,CN7_L_000538,2,0,충전과 전환 제외,-0.089859264447949,-0.0041439526351654266,0
539,CN7_L_000539,0,0,충전과 전환 제외,-0.0973795830269597,-0.0041439526351654266,0
541,CN7_L_000541,3,0,충전과 전환 제외,-0.07379100520301884,-0.0041439526351654266,0
542,CN7_L_000542,2,0,충전과 전환 제외,-0.06245894877745606,-0.0041439526351654266,0
543,CN7_L_000543,1,0,충전과 전환 제외,-0.0977713047008848,-0.0041439526351654266,0
544,CN7_L_000544,2,0,충전과 전환 제외,-0.04176713796224307,-0.0041439526351654266,0
545,CN7_L_000545,3,0,충전과 전환 제외,-0.09019748566606234,-0.0041439526351654266,0
546,CN7_L_000546,1,0,충전과 전환 제외,-0.05197868271694395,-0.0041439526351654266,0
547,CN7_L_000547,2,0,충전과 전환 제외,-0.09761369980880685,-0.0041439526351654266,0
548,CN7_L_000548,3,0,충전과 전환 제외,-0.058224235800382385,-0.0041439526351654266,0
549,CN7_L_000549,2,0,충전과 전환 제외,-0.08822135056293856,-0.0041439526351654266,0
550,CN7_L_000550,2,0,충전과 전환 제외,-0.05777193189291774,-0.0041439526351654266,0
551,CN7_L_000551,0,0,충전과 전환 제외,-0.11762171454162651,-0.0041439526351654266,0
553,CN7_L_000553,3,0,충전과 전환 제외,-0.1005221061606223,-0.0041439526351654266,0
555,CN7_L_000555,0,0,충전과 전환 제외,-0.05554000226989819,-0.0041439526351654266,0
556,CN7_L_000556,1,0,충전과 전환 제외,-0.0897088790325955,-0.0041439526351654266,0
557,CN7_L_000557,1,0,충전과 전환 제외,-0.07069005137304751,-0.0041439526351654266,0
558,CN7_L_000558,3,0,충전과 전환 제외,-0.05080425641983677,-0.0041439526351654266,0
559,CN7_L_000559,1,0,충전과 전환 제외,-0.118496088980796,-0.0041439526351654266,0
560,CN7_L_000560,1,0,충전과 전환 제외,-0.06992177841648006,-0.0041439526351654266,0
561,CN7_L_000561,0,0,충전과 전환 제외,-0.07589945968558265,-0.0041439526351654266,0
562,CN7_L_000562,0,0,충전과 전환 제외,-0.09425180772759711,-0.0041439526351654266,0
563,CN7_L_000563,2,0,충전과 전환 제외,-0.09370324089038373,-0.0041439526351654266,0
564,CN7_L_000564,1,0,충전과 전환 제외,-0.0446164166532661,-0.0041439526351654266,0
566,CN7_L_000566,2,0,충전과 전환 제외,-0.0663356585676631,-0.0041439526351654266,0
567,CN7_L_000567,0,0,충전과 전환 제외,-0.11947061506786527,-0.0041439526351654266,0
568,CN7_L_000568,2,0,충전과 전환 제외,-0.07009500268437341,-0.0041439526351654266,0
569,CN7_L_000569,1,0,충전과 전환 제외,-0.0649947028547988,-0.0041439526351654266,0
570,CN7_L_000570,2,0,충전과 전환 제외,-0.06657113988539276,-0.0041439526351654266,0
571,CN7_L_000571,3,0,충전과 전환 제외,-0.09025378718447019,-0.0041439526351654266,0
572,CN7_L_000572,1,0,충전과 전환 제외,-0.08346899104671879,-0.0041439526351654266,0
573,CN7_L_000573,3,0,충전과 전환 제외,-0.06061949816038803,-0.0041439526351654266,0
575,CN7_L_000575,2,0,충전과 전환 제외,-0.024449266363334665,-0.0041439526351654266,0
576,CN7_L_000576,3,0,충전과 전환 제외,-0.07095247833853069,-0.0041439526351654266,0
578,CN7_L_000578,2,0,충전과 전환 제외,-0.0568202065341068,-0.0041439526351654266,0
579,CN7_L_000579,2,0,충전과 전환 제외,-0.07043666886909827,-0.0041439526351654266,0
580,CN7_L_000580,2,0,충전과 전환 제외,-0.08914033500341745,-0.0041439526351654266,0
581,CN7_L_000581,1,0,충전과 전환 제외,-0.01568849158215757,-0.0041439526351654266,0
582,CN7_L_000582,1,0,충전과 전환 제외,-0.0660553878763186,-0.0041439526351654266,0
583,CN7_L_000583,1,0,충전과 전환 제외,-0.0750380073915875,-0.0041439526351654266,0
584,CN7_L_000584,3,0,충전과 전환 제외,-0.0896109415919204,-0.0041439526351654266,0
585,CN7_L_000585,0,0,충전과 전환 제외,-0.09011242335664171,-0.0041439526351654266,0
586,CN7_L_000586,3,0,충전과 전환 제외,-0.08122960993653416,-0.0041439526351654266,0
587,CN7_L_000587,0,0,충전과 전환 제외,-0.12026172085257336,-0.0041439526351654266,0
590,CN7_L_000590,3,0,충전과 전환 제외,-0.04700886066304255,-0.0041439526351654266,0
592,CN7_L_000592,2,0,충전과 전환 제외,-0.04534763354124216,-0.0041439526351654266,0
593,CN7_L_000593,1,0,충전과 전환 제외,-0.0557052489207952,-0.0041439526351654266,0
594,CN7_L_000594,1,0,충전과 전환 제외,-0.029886265954657265,-0.0041439526351654266,0
595,CN7_L_000595,3,0,충전과 전환 제외,-0.052800892750393125,-0.0041439526351654266,0
596,CN7_L_000596,0,0,충전과 전환 제외,-0.08059577643009241,-0.0041439526351654266,0
597,CN7_L_000597,1,0,충전과 전환 제외,-0.059381129113395215,-0.0041439526351654266,0
598,CN7_L_000598,0,0,충전과 전환 제외,-0.12317334684165804,-0.0041439526351654266,0
599,CN7_L_000599,0,0,충전과 전환 제외,-0.11837666472437514,-0.0041439526351654266,0
601,CN7_L_000601,2,0,충전과 전환 제외,-0.06172454818350381,-0.0041439526351654266,0
602,CN7_L_000602,2,0,충전과 전환 제외,-0.13577288937100773,-0.0041439526351654266,0
604,CN7_L_000604,3,0,충전과 전환 제외,0.15145356720552527,-0.0041439526351654266,1
605,CN7_L_000605,0,0,충전과 전환 제외,2.0409954988892682,-0.0041439526351654266,1
0,CN7_L_000000,0,0,계량과 가소화 제외,-0.024444971975370322,0.02900983656787659,0
2,CN7_L_000002,0,0,계량과 가소화 제외,-0.030253364903711777,0.02900983656787659,0
3,CN7_L_000003,0,0,계량과 가소화 제외,-0.08597092563085651,0.02900983656787659,0
4,CN7_L_000004,3,0,계량과 가소화 제외,-0.08565741782139913,0.02900983656787659,0
5,CN7_L_000005,2,0,계량과 가소화 제외,-0.08300417444598995,0.02900983656787659,0
6,CN7_L_000006,2,0,계량과 가소화 제외,-0.10002542429394223,0.02900983656787659,0
7,CN7_L_000007,1,0,계량과 가소화 제외,-0.10247491647663898,0.02900983656787659,0
8,CN7_L_000008,0,0,계량과 가소화 제외,-0.054700252105198466,0.02900983656787659,0
9,CN7_L_000009,1,0,계량과 가소화 제외,-0.029916262856477527,0.02900983656787659,0
10,CN7_L_000010,0,0,계량과 가소화 제외,-0.07519994862964285,0.02900983656787659,0
11,CN7_L_000011,0,0,계량과 가소화 제외,-0.05082268091096731,0.02900983656787659,0
12,CN7_L_000012,1,0,계량과 가소화 제외,-0.012615274547157718,0.02900983656787659,0
15,CN7_L_000015,2,0,계량과 가소화 제외,-0.13812262633438976,0.02900983656787659,0
16,CN7_L_000016,1,0,계량과 가소화 제외,-0.11224209282238862,0.02900983656787659,0
17,CN7_L_000017,3,0,계량과 가소화 제외,-0.06266713433824256,0.02900983656787659,0
18,CN7_L_000018,2,0,계량과 가소화 제외,-0.06053231191752895,0.02900983656787659,0
19,CN7_L_000019,1,0,계량과 가소화 제외,-0.05836734037802005,0.02900983656787659,0
22,CN7_L_000022,0,0,계량과 가소화 제외,0.019293533896262094,0.02900983656787659,0
23,CN7_L_000023,3,0,계량과 가소화 제외,-0.03938450339336175,0.02900983656787659,0
24,CN7_L_000024,3,1,계량과 가소화 제외,-0.06398226163620224,0.02900983656787659,0
25,CN7_L_000025,0,0,계량과 가소화 제외,-0.10495595039906824,0.02900983656787659,0
26,CN7_L_000026,0,0,계량과 가소화 제외,-0.07790762381702665,0.02900983656787659,0
27,CN7_L_000027,3,0,계량과 가소화 제외,-0.09760092507489615,0.02900983656787659,0
29,CN7_L_000029,0,0,계량과 가소화 제외,-0.01799751906210245,0.02900983656787659,0
30,CN7_L_000030,1,0,계량과 가소화 제외,-0.06056723926208507,0.02900983656787659,0
31,CN7_L_000031,0,0,계량과 가소화 제외,-0.028633657705635862,0.02900983656787659,0
32,CN7_L_000032,2,0,계량과 가소화 제외,-0.019715079588634055,0.02900983656787659,0
34,CN7_L_000034,3,0,계량과 가소화 제외,-0.10062844848110863,0.02900983656787659,0
36,CN7_L_000036,0,0,계량과 가소화 제외,1.1569673811073633,0.02900983656787659,1
37,CN7_L_000037,0,0,계량과 가소화 제외,-0.08423581837716654,0.02900983656787659,0
38,CN7_L_000038,3,0,계량과 가소화 제외,-0.09542120447316327,0.02900983656787659,0
39,CN7_L_000039,0,0,계량과 가소화 제외,-0.04898798691633299,0.02900983656787659,0
40,CN7_L_000040,1,1,계량과 가소화 제외,-0.0197984617920266,0.02900983656787659,0
41,CN7_L_000041,1,0,계량과 가소화 제외,-0.036845045365859974,0.02900983656787659,0
43,CN7_L_000043,0,0,계량과 가소화 제외,-0.10297769478959173,0.02900983656787659,0
44,CN7_L_000044,3,0,계량과 가소화 제외,-0.051075588101306746,0.02900983656787659,0
45,CN7_L_000045,0,0,계량과 가소화 제외,-0.05302061119475798,0.02900983656787659,0
46,CN7_L_000046,0,0,계량과 가소화 제외,-0.08566435461782751,0.02900983656787659,0
47,CN7_L_000047,2,0,계량과 가소화 제외,-0.09705366659729497,0.02900983656787659,0
48,CN7_L_000048,0,1,계량과 가소화 제외,0.060006856255441665,0.02900983656787659,1
49,CN7_L_000049,3,0,계량과 가소화 제외,-0.07867225908445397,0.02900983656787659,0
52,CN7_L_000052,2,1,계량과 가소화 제외,-0.10974506229524206,0.02900983656787659,0
53,CN7_L_000053,1,1,계량과 가소화 제외,-0.0806518546565469,0.02900983656787659,0
54,CN7_L_000054,3,1,계량과 가소화 제외,-0.07262780513416622,0.02900983656787659,0
55,CN7_L_000055,0,1,계량과 가소화 제외,-0.07569308574576539,0.02900983656787659,0
56,CN7_L_000056,2,1,계량과 가소화 제외,-0.04103332050510522,0.02900983656787659,0
58,CN7_L_000058,1,1,계량과 가소화 제외,0.27315399989219014,0.02900983656787659,1
59,CN7_L_000059,3,1,계량과 가소화 제외,0.5516537193774238,0.02900983656787659,1
60,CN7_L_000060,2,1,계량과 가소화 제외,0.35085692691872383,0.02900983656787659,1
62,CN7_L_000062,1,0,계량과 가소화 제외,-0.12101045772776065,0.02900983656787659,0
63,CN7_L_000063,3,0,계량과 가소화 제외,-0.1320073470908949,0.02900983656787659,0
64,CN7_L_000064,3,0,계량과 가소화 제외,-0.11419093119512391,0.02900983656787659,0
65,CN7_L_000065,2,0,계량과 가소화 제외,-0.09048149982148956,0.02900983656787659,0
67,CN7_L_000067,3,0,계량과 가소화 제외,-0.05026988568804702,0.02900983656787659,0
68,CN7_L_000068,3,0,계량과 가소화 제외,-0.038957820963912315,0.02900983656787659,0
69,CN7_L_000069,2,0,계량과 가소화 제외,-0.04070484081808967,0.02900983656787659,0
70,CN7_L_000070,1,0,계량과 가소화 제외,-0.08828235055103928,0.02900983656787659,0
71,CN7_L_000071,2,0,계량과 가소화 제외,-0.10627816766615394,0.02900983656787659,0
73,CN7_L_000073,0,0,계량과 가소화 제외,-0.08858556241833249,0.02900983656787659,0
74,CN7_L_000074,0,0,계량과 가소화 제외,-0.06066159799691828,0.02900983656787659,0
77,CN7_L_000077,2,0,계량과 가소화 제외,-0.03144728985480727,0.02900983656787659,0
79,CN7_L_000079,3,0,계량과 가소화 제외,-0.024064419384162594,0.02900983656787659,0
80,CN7_L_000080,2,0,계량과 가소화 제외,-0.05863384131138982,0.02900983656787659,0
81,CN7_L_000081,2,0,계량과 가소화 제외,-0.11478623557275247,0.02900983656787659,0
82,CN7_L_000082,3,0,계량과 가소화 제외,-0.07492344913616167,0.02900983656787659,0
83,CN7_L_000083,2,0,계량과 가소화 제외,-0.093641733322956,0.02900983656787659,0
84,CN7_L_000084,3,0,계량과 가소화 제외,-0.09745792557095578,0.02900983656787659,0
86,CN7_L_000086,0,0,계량과 가소화 제외,-0.045150297467326794,0.02900983656787659,0
87,CN7_L_000087,3,0,계량과 가소화 제외,-0.08732758763523085,0.02900983656787659,0
88,CN7_L_000088,0,0,계량과 가소화 제외,-0.06779297598764034,0.02900983656787659,0
89,CN7_L_000089,3,0,계량과 가소화 제외,-0.039917481796722054,0.02900983656787659,0
90,CN7_L_000090,1,0,계량과 가소화 제외,-0.08594704239684381,0.02900983656787659,0
91,CN7_L_000091,2,0,계량과 가소화 제외,-0.149594879990679,0.02900983656787659,0
92,CN7_L_000092,3,0,계량과 가소화 제외,-0.08668195622609476,0.02900983656787659,0
93,CN7_L_000093,1,0,계량과 가소화 제외,-0.06831741036930783,0.02900983656787659,0
95,CN7_L_000095,0,0,계량과 가소화 제외,0.0023290896844661013,0.02900983656787659,0
96,CN7_L_000096,3,0,계량과 가소화 제외,-0.04874783777107261,0.02900983656787659,0
97,CN7_L_000097,3,0,계량과 가소화 제외,-0.04261407085650548,0.02900983656787659,0
98,CN7_L_000098,3,0,계량과 가소화 제외,-0.02204723661810748,0.02900983656787659,0
99,CN7_L_000099,2,0,계량과 가소화 제외,-0.10287363271181027,0.02900983656787659,0
100,CN7_L_000100,3,0,계량과 가소화 제외,-0.07561638381705871,0.02900983656787659,0
102,CN7_L_000102,3,0,계량과 가소화 제외,-0.1170785145091715,0.02900983656787659,0
103,CN7_L_000103,0,0,계량과 가소화 제외,-0.018258390886409792,0.02900983656787659,0
104,CN7_L_000104,2,0,계량과 가소화 제외,-0.08766411478268044,0.02900983656787659,0
106,CN7_L_000106,3,0,계량과 가소화 제외,-0.039108417105546245,0.02900983656787659,0
107,CN7_L_000107,0,0,계량과 가소화 제외,-0.015214839953460846,0.02900983656787659,0
108,CN7_L_000108,2,0,계량과 가소화 제외,-0.09003935063528479,0.02900983656787659,0
109,CN7_L_000109,2,0,계량과 가소화 제외,-0.05677841473541578,0.02900983656787659,0
110,CN7_L_000110,0,0,계량과 가소화 제외,-0.04860650598202465,0.02900983656787659,0
111,CN7_L_000111,1,0,계량과 가소화 제외,-0.1621587865383911,0.02900983656787659,0
115,CN7_L_000115,0,0,계량과 가소화 제외,-0.07078911942089139,0.02900983656787659,0
117,CN7_L_000117,3,0,계량과 가소화 제외,0.013848605724580576,0.02900983656787659,0
118,CN7_L_000118,3,0,계량과 가소화 제외,-0.05110285752574484,0.02900983656787659,0
121,CN7_L_000121,3,0,계량과 가소화 제외,-0.09067724483456319,0.02900983656787659,0
122,CN7_L_000122,3,0,계량과 가소화 제외,-0.08857450001760059,0.02900983656787659,0
123,CN7_L_000123,0,0,계량과 가소화 제외,-0.09435036855813639,0.02900983656787659,0
124,CN7_L_000124,2,0,계량과 가소화 제외,-0.0973290026212621,0.02900983656787659,0
125,CN7_L_000125,3,0,계량과 가소화 제외,-0.052876934058647684,0.02900983656787659,0
126,CN7_L_000126,2,0,계량과 가소화 제외,-0.022407142524203838,0.02900983656787659,0
127,CN7_L_000127,0,0,계량과 가소화 제외,-0.028704464804595098,0.02900983656787659,0
128,CN7_L_000128,1,0,계량과 가소화 제외,-0.08172892747507676,0.02900983656787659,0
129,CN7_L_000129,2,0,계량과 가소화 제외,-0.08977349401288937,0.02900983656787659,0
130,CN7_L_000130,1,0,계량과 가소화 제외,-0.07663129141764191,0.02900983656787659,0
131,CN7_L_000131,3,0,계량과 가소화 제외,-0.11727228547083834,0.02900983656787659,0
132,CN7_L_000132,1,0,계량과 가소화 제외,-0.10159536414453108,0.02900983656787659,0
133,CN7_L_000133,1,0,계량과 가소화 제외,-0.036977669979946004,0.02900983656787659,0
134,CN7_L_000134,2,0,계량과 가소화 제외,-0.04092554704120621,0.02900983656787659,0
136,CN7_L_000136,0,0,계량과 가소화 제외,-0.0454172638049144,0.02900983656787659,0
137,CN7_L_000137,3,0,계량과 가소화 제외,-0.06683610481937174,0.02900983656787659,0
138,CN7_L_000138,0,0,계량과 가소화 제외,-0.03764155966558569,0.02900983656787659,0
139,CN7_L_000139,2,0,계량과 가소화 제외,-0.11635298522314219,0.02900983656787659,0
140,CN7_L_000140,1,0,계량과 가소화 제외,-0.11856233224414314,0.02900983656787659,0
141,CN7_L_000141,3,0,계량과 가소화 제외,-0.11565813355544119,0.02900983656787659,0
143,CN7_L_000143,1,0,계량과 가소화 제외,-0.0814931465944686,0.02900983656787659,0
145,CN7_L_000145,0,0,계량과 가소화 제외,-0.08486478942616094,0.02900983656787659,0
146,CN7_L_000146,3,0,계량과 가소화 제외,-0.05856242657310595,0.02900983656787659,0
147,CN7_L_000147,1,0,계량과 가소화 제외,-0.017980890303320507,0.02900983656787659,0
150,CN7_L_000150,3,0,계량과 가소화 제외,-0.10175981383776689,0.02900983656787659,0
151,CN7_L_000151,0,0,계량과 가소화 제외,-0.09784738539413951,0.02900983656787659,0
153,CN7_L_000153,0,0,계량과 가소화 제외,-0.08977153523701231,0.02900983656787659,0
154,CN7_L_000154,0,0,계량과 가소화 제외,0.024889538843272163,0.02900983656787659,0
155,CN7_L_000155,1,0,계량과 가소화 제외,0.014636149228945516,0.02900983656787659,0
156,CN7_L_000156,0,0,계량과 가소화 제외,0.02900983656787659,0.02900983656787659,0
157,CN7_L_000157,0,0,계량과 가소화 제외,-0.07120851732592115,0.02900983656787659,0
158,CN7_L_000158,0,0,계량과 가소화 제외,-0.03169971041521613,0.02900983656787659,0
159,CN7_L_000159,2,0,계량과 가소화 제외,-0.0898342254761113,0.02900983656787659,0
160,CN7_L_000160,1,0,계량과 가소화 제외,-0.10938660018317448,0.02900983656787659,0
161,CN7_L_000161,1,0,계량과 가소화 제외,-0.16613036599283681,0.02900983656787659,0
162,CN7_L_000162,2,0,계량과 가소화 제외,-0.13836127422000466,0.02900983656787659,0
163,CN7_L_000163,2,0,계량과 가소화 제외,-0.045335103190538906,0.02900983656787659,0
164,CN7_L_000164,0,0,계량과 가소화 제외,0.7701803198203763,0.02900983656787659,1
165,CN7_L_000165,2,0,계량과 가소화 제외,-0.09753305170324156,0.02900983656787659,0
166,CN7_L_000166,1,0,계량과 가소화 제외,-0.0704033225177958,0.02900983656787659,0
167,CN7_L_000167,2,0,계량과 가소화 제외,-0.031541931684750946,0.02900983656787659,0
168,CN7_L_000168,3,0,계량과 가소화 제외,-0.02690449391198202,0.02900983656787659,0
169,CN7_L_000169,2,0,계량과 가소화 제외,-0.12933220760433572,0.02900983656787659,0
171,CN7_L_000171,3,0,계량과 가소화 제외,-0.10251720886652071,0.02900983656787659,0
172,CN7_L_000172,0,0,계량과 가소화 제외,-0.06454483220690133,0.02900983656787659,0
173,CN7_L_000173,3,0,계량과 가소화 제외,-0.063071847966091,0.02900983656787659,0
177,CN7_L_000177,1,0,계량과 가소화 제외,-0.07761683434520439,0.02900983656787659,0
178,CN7_L_000178,0,0,계량과 가소화 제외,-0.12274453403577379,0.02900983656787659,0
179,CN7_L_000179,0,0,계량과 가소화 제외,-0.11225538045166461,0.02900983656787659,0
181,CN7_L_000181,0,0,계량과 가소화 제외,-0.07880894214357692,0.02900983656787659,0
182,CN7_L_000182,0,0,계량과 가소화 제외,-0.07061469027546119,0.02900983656787659,0
183,CN7_L_000183,3,0,계량과 가소화 제외,-0.0762282674284096,0.02900983656787659,0
184,CN7_L_000184,2,0,계량과 가소화 제외,-0.09003563429967265,0.02900983656787659,0
186,CN7_L_000186,0,0,계량과 가소화 제외,-0.09775216611184145,0.02900983656787659,0
187,CN7_L_000187,1,0,계량과 가소화 제외,-0.1234819593013401,0.02900983656787659,0
188,CN7_L_000188,0,0,계량과 가소화 제외,-0.08419782538930676,0.02900983656787659,0
189,CN7_L_000189,0,0,계량과 가소화 제외,-0.04383532067487206,0.02900983656787659,0
190,CN7_L_000190,2,0,계량과 가소화 제외,-0.08760211369973403,0.02900983656787659,0
191,CN7_L_000191,2,0,계량과 가소화 제외,-0.08311113269666981,0.02900983656787659,0
192,CN7_L_000192,0,0,계량과 가소화 제외,-0.02232641227585619,0.02900983656787659,0
193,CN7_L_000193,2,0,계량과 가소화 제외,-0.013646582170774302,0.02900983656787659,0
194,CN7_L_000194,1,0,계량과 가소화 제외,0.012293476449332541,0.02900983656787659,0
195,CN7_L_000195,0,0,계량과 가소화 제외,-0.0025740752117595633,0.02900983656787659,0
196,CN7_L_000196,0,0,계량과 가소화 제외,-0.02839769733441866,0.02900983656787659,0
197,CN7_L_000197,3,0,계량과 가소화 제외,-0.06430414861008904,0.02900983656787659,0
198,CN7_L_000198,0,0,계량과 가소화 제외,-0.051299997587725965,0.02900983656787659,0
199,CN7_L_000199,2,0,계량과 가소화 제외,-0.01936760094990353,0.02900983656787659,0
200,CN7_L_000200,3,0,계량과 가소화 제외,-0.03474620462714739,0.02900983656787659,0
202,CN7_L_000202,0,0,계량과 가소화 제외,-0.04877702006660334,0.02900983656787659,0
204,CN7_L_000204,0,0,계량과 가소화 제외,-0.07133529129842753,0.02900983656787659,0
206,CN7_L_000206,1,0,계량과 가소화 제외,-0.05504118123707036,0.02900983656787659,0
207,CN7_L_000207,1,0,계량과 가소화 제외,-0.02690554477796603,0.02900983656787659,0
208,CN7_L_000208,2,0,계량과 가소화 제외,-0.016874995817026228,0.02900983656787659,0
209,CN7_L_000209,3,0,계량과 가소화 제외,-0.026468770714792367,0.02900983656787659,0
210,CN7_L_000210,3,0,계량과 가소화 제외,-0.02975920651972963,0.02900983656787659,0
211,CN7_L_000211,3,0,계량과 가소화 제외,-0.018881208079266187,0.02900983656787659,0
212,CN7_L_000212,3,0,계량과 가소화 제외,-0.05938658562929788,0.02900983656787659,0
213,CN7_L_000213,3,0,계량과 가소화 제외,-0.04028867805386449,0.02900983656787659,0
216,CN7_L_000216,3,0,계량과 가소화 제외,-0.07262543045856695,0.02900983656787659,0
217,CN7_L_000217,1,0,계량과 가소화 제외,-0.08713134710850534,0.02900983656787659,0
218,CN7_L_000218,2,0,계량과 가소화 제외,-0.07738998180913503,0.02900983656787659,0
220,CN7_L_000220,2,0,계량과 가소화 제외,-0.055683402944572524,0.02900983656787659,0
221,CN7_L_000221,2,0,계량과 가소화 제외,-0.047827876078884834,0.02900983656787659,0
222,CN7_L_000222,3,0,계량과 가소화 제외,-0.09036607582573541,0.02900983656787659,0
223,CN7_L_000223,1,0,계량과 가소화 제외,0.006927449756673809,0.02900983656787659,0
224,CN7_L_000224,3,0,계량과 가소화 제외,-0.05458847175862935,0.02900983656787659,0
225,CN7_L_000225,0,0,계량과 가소화 제외,-0.056126470320722266,0.02900983656787659,0
226,CN7_L_000226,3,0,계량과 가소화 제외,-0.08767447445042542,0.02900983656787659,0
231,CN7_L_000231,1,0,계량과 가소화 제외,-0.03250171539933655,0.02900983656787659,0
232,CN7_L_000232,1,0,계량과 가소화 제외,-0.04066771140463121,0.02900983656787659,0
233,CN7_L_000233,1,0,계량과 가소화 제외,-0.0485044468132827,0.02900983656787659,0
234,CN7_L_000234,3,0,계량과 가소화 제외,-0.02053195909837724,0.02900983656787659,0
235,CN7_L_000235,3,0,계량과 가소화 제외,-0.05153373618586343,0.02900983656787659,0
236,CN7_L_000236,0,0,계량과 가소화 제외,-0.08611572356256447,0.02900983656787659,0
237,CN7_L_000237,3,0,계량과 가소화 제외,-0.08586163235475475,0.02900983656787659,0
238,CN7_L_000238,1,0,계량과 가소화 제외,-0.09915964421336776,0.02900983656787659,0
239,CN7_L_000239,1,0,계량과 가소화 제외,-0.025743605185281737,0.02900983656787659,0
241,CN7_L_000241,1,0,계량과 가소화 제외,-0.03994483878372668,0.02900983656787659,0
242,CN7_L_000242,0,0,계량과 가소화 제외,0.015678978905810048,0.02900983656787659,0
243,CN7_L_000243,2,0,계량과 가소화 제외,-0.0854323588673136,0.02900983656787659,0
245,CN7_L_000245,1,0,계량과 가소화 제외,-0.09024888941280196,0.02900983656787659,0
246,CN7_L_000246,1,0,계량과 가소화 제외,-0.10636025056495901,0.02900983656787659,0
247,CN7_L_000247,1,0,계량과 가소화 제외,-0.08434906445592283,0.02900983656787659,0
248,CN7_L_000248,2,0,계량과 가소화 제외,-0.09701842419914364,0.02900983656787659,0
249,CN7_L_000249,3,0,계량과 가소화 제외,-0.060440450945175694,0.02900983656787659,0
250,CN7_L_000250,1,0,계량과 가소화 제외,-0.10308351777158409,0.02900983656787659,0
251,CN7_L_000251,2,0,계량과 가소화 제외,-0.05600015275751735,0.02900983656787659,0
252,CN7_L_000252,1,0,계량과 가소화 제외,-0.09084158983949342,0.02900983656787659,0
253,CN7_L_000253,3,0,계량과 가소화 제외,-0.08586414906403306,0.02900983656787659,0
254,CN7_L_000254,3,0,계량과 가소화 제외,-0.07183523721664375,0.02900983656787659,0
256,CN7_L_000256,3,0,계량과 가소화 제외,-0.06996289293753932,0.02900983656787659,0
258,CN7_L_000258,2,0,계량과 가소화 제외,-0.12226752085914416,0.02900983656787659,0
259,CN7_L_000259,0,0,계량과 가소화 제외,-0.082696459416018,0.02900983656787659,0
260,CN7_L_000260,1,0,계량과 가소화 제외,-0.11192682575359791,0.02900983656787659,0
261,CN7_L_000261,3,0,계량과 가소화 제외,-0.067044995009502,0.02900983656787659,0
262,CN7_L_000262,3,0,계량과 가소화 제외,-0.08960706221277581,0.02900983656787659,0
263,CN7_L_000263,2,0,계량과 가소화 제외,-0.07485117843428979,0.02900983656787659,0
264,CN7_L_000264,3,0,계량과 가소화 제외,-0.0797677617792707,0.02900983656787659,0
267,CN7_L_000267,0,0,계량과 가소화 제외,-0.07750337903299842,0.02900983656787659,0
268,CN7_L_000268,0,0,계량과 가소화 제외,-0.08260799250772122,0.02900983656787659,0
269,CN7_L_000269,1,0,계량과 가소화 제외,-0.0957352326715939,0.02900983656787659,0
270,CN7_L_000270,2,0,계량과 가소화 제외,-0.11422681677344393,0.02900983656787659,0
271,CN7_L_000271,0,0,계량과 가소화 제외,-0.1119461663744925,0.02900983656787659,0
272,CN7_L_000272,2,0,계량과 가소화 제외,-0.10595762010400422,0.02900983656787659,0
273,CN7_L_000273,3,0,계량과 가소화 제외,-0.06567152818175304,0.02900983656787659,0
275,CN7_L_000275,1,0,계량과 가소화 제외,-0.11863111092811662,0.02900983656787659,0
276,CN7_L_000276,1,0,계량과 가소화 제외,-0.124523044299647,0.02900983656787659,0
277,CN7_L_000277,1,0,계량과 가소화 제외,-0.07605089677934718,0.02900983656787659,0
278,CN7_L_000278,1,0,계량과 가소화 제외,-0.09373162185550532,0.02900983656787659,0
279,CN7_L_000279,0,0,계량과 가소화 제외,-0.0723527205855361,0.02900983656787659,0
280,CN7_L_000280,3,0,계량과 가소화 제외,-0.07768310110153331,0.02900983656787659,0
282,CN7_L_000282,0,0,계량과 가소화 제외,-0.07859941477451304,0.02900983656787659,0
285,CN7_L_000285,0,0,계량과 가소화 제외,-0.10111716423118366,0.02900983656787659,0
286,CN7_L_000286,0,0,계량과 가소화 제외,-0.11417730264133263,0.02900983656787659,0
288,CN7_L_000288,2,0,계량과 가소화 제외,-0.10811661995592603,0.02900983656787659,0
289,CN7_L_000289,1,0,계량과 가소화 제외,-0.13422560536159045,0.02900983656787659,0
291,CN7_L_000291,3,0,계량과 가소화 제외,-0.10484276603382536,0.02900983656787659,0
292,CN7_L_000292,3,0,계량과 가소화 제외,-0.09047795629409094,0.02900983656787659,0
293,CN7_L_000293,1,0,계량과 가소화 제외,-0.14971338261874845,0.02900983656787659,0
294,CN7_L_000294,2,0,계량과 가소화 제외,-0.16658677689849366,0.02900983656787659,0
295,CN7_L_000295,1,0,계량과 가소화 제외,-0.13737351883826987,0.02900983656787659,0
296,CN7_L_000296,3,0,계량과 가소화 제외,-0.08756980481537147,0.02900983656787659,0
297,CN7_L_000297,1,0,계량과 가소화 제외,-0.11491717242388333,0.02900983656787659,0
298,CN7_L_000298,0,0,계량과 가소화 제외,-0.0858651270222528,0.02900983656787659,0
299,CN7_L_000299,1,0,계량과 가소화 제외,-0.08701510909357202,0.02900983656787659,0
300,CN7_L_000300,1,0,계량과 가소화 제외,-0.1196035355315801,0.02900983656787659,0
301,CN7_L_000301,1,0,계량과 가소화 제외,-0.09692161526778031,0.02900983656787659,0
303,CN7_L_000303,1,0,계량과 가소화 제외,-0.1258545142709564,0.02900983656787659,0
304,CN7_L_000304,0,0,계량과 가소화 제외,-0.0895342270060766,0.02900983656787659,0
305,CN7_L_000305,0,0,계량과 가소화 제외,-0.10193084855339407,0.02900983656787659,0
307,CN7_L_000307,3,0,계량과 가소화 제외,-0.0915024213585065,0.02900983656787659,0
308,CN7_L_000308,0,0,계량과 가소화 제외,-0.08524214510041839,0.02900983656787659,0
310,CN7_L_000310,3,0,계량과 가소화 제외,-0.1209171501709494,0.02900983656787659,0
311,CN7_L_000311,1,0,계량과 가소화 제외,-0.13109519121143265,0.02900983656787659,0
312,CN7_L_000312,2,0,계량과 가소화 제외,-0.14338184612056892,0.02900983656787659,0
313,CN7_L_000313,0,0,계량과 가소화 제외,-0.08369812853054182,0.02900983656787659,0
314,CN7_L_000314,1,0,계량과 가소화 제외,-0.14863983314564333,0.02900983656787659,0
315,CN7_L_000315,2,0,계량과 가소화 제외,-0.13368440312463914,0.02900983656787659,0
316,CN7_L_000316,3,0,계량과 가소화 제외,-0.10428388468596417,0.02900983656787659,0
317,CN7_L_000317,3,0,계량과 가소화 제외,-0.06286687902521138,0.02900983656787659,0
318,CN7_L_000318,2,0,계량과 가소화 제외,-0.07699623847127501,0.02900983656787659,0
319,CN7_L_000319,0,0,계량과 가소화 제외,-0.10202296192492,0.02900983656787659,0
320,CN7_L_000320,2,0,계량과 가소화 제외,-0.09920573081477846,0.02900983656787659,0
321,CN7_L_000321,0,0,계량과 가소화 제외,-0.11203864450169121,0.02900983656787659,0
323,CN7_L_000323,0,0,계량과 가소화 제외,-0.11171943881518631,0.02900983656787659,0
324,CN7_L_000324,0,0,계량과 가소화 제외,-0.07903242335999439,0.02900983656787659,0
325,CN7_L_000325,1,0,계량과 가소화 제외,-0.11509846076861274,0.02900983656787659,0
326,CN7_L_000326,1,0,계량과 가소화 제외,-0.09308431503319081,0.02900983656787659,0
328,CN7_L_000328,1,0,계량과 가소화 제외,-0.1090553745471099,0.02900983656787659,0
330,CN7_L_000330,1,0,계량과 가소화 제외,-0.13448799027744895,0.02900983656787659,0
331,CN7_L_000331,1,0,계량과 가소화 제외,-0.12627363592103746,0.02900983656787659,0
332,CN7_L_000332,0,0,계량과 가소화 제외,-0.10248773968795177,0.02900983656787659,0
333,CN7_L_000333,2,0,계량과 가소화 제외,-0.12131297587285284,0.02900983656787659,0
334,CN7_L_000334,3,0,계량과 가소화 제외,-0.14333994033927366,0.02900983656787659,0
335,CN7_L_000335,3,0,계량과 가소화 제외,-0.04538173869310658,0.02900983656787659,0
336,CN7_L_000336,2,0,계량과 가소화 제외,-0.062046197571004935,0.02900983656787659,0
337,CN7_L_000337,2,0,계량과 가소화 제외,-0.09064975175576606,0.02900983656787659,0
338,CN7_L_000338,2,0,계량과 가소화 제외,-0.08925173369729045,0.02900983656787659,0
339,CN7_L_000339,3,0,계량과 가소화 제외,-0.1134284868971025,0.02900983656787659,0
340,CN7_L_000340,2,0,계량과 가소화 제외,-0.092461401137379,0.02900983656787659,0
342,CN7_L_000342,1,0,계량과 가소화 제외,-0.10119359313458087,0.02900983656787659,0
343,CN7_L_000343,2,0,계량과 가소화 제외,-0.14066687373639075,0.02900983656787659,0
345,CN7_L_000345,1,0,계량과 가소화 제외,-0.10154899744399692,0.02900983656787659,0
346,CN7_L_000346,3,0,계량과 가소화 제외,-0.08051431223738037,0.02900983656787659,0
347,CN7_L_000347,1,0,계량과 가소화 제외,-0.09118445304010292,0.02900983656787659,0
348,CN7_L_000348,1,0,계량과 가소화 제외,-0.08229254096160643,0.02900983656787659,0
349,CN7_L_000349,3,0,계량과 가소화 제외,-0.09855530620950503,0.02900983656787659,0
350,CN7_L_000350,2,0,계량과 가소화 제외,-0.11464949083100207,0.02900983656787659,0
352,CN7_L_000352,2,0,계량과 가소화 제외,-0.14631843026776936,0.02900983656787659,0
354,CN7_L_000354,3,0,계량과 가소화 제외,-0.12689057278468718,0.02900983656787659,0
355,CN7_L_000355,2,0,계량과 가소화 제외,-0.13808615782957245,0.02900983656787659,0
356,CN7_L_000356,2,0,계량과 가소화 제외,-0.07226443940323923,0.02900983656787659,0
358,CN7_L_000358,2,0,계량과 가소화 제외,-0.08432063561568715,0.02900983656787659,0
360,CN7_L_000360,2,0,계량과 가소화 제외,-0.09363566968637516,0.02900983656787659,0
361,CN7_L_000361,2,0,계량과 가소화 제외,-0.1408490663381614,0.02900983656787659,0
362,CN7_L_000362,0,0,계량과 가소화 제외,-0.09877509047367017,0.02900983656787659,0
363,CN7_L_000363,1,0,계량과 가소화 제외,-0.16322338509811152,0.02900983656787659,0
364,CN7_L_000364,2,0,계량과 가소화 제외,-0.10174221431845654,0.02900983656787659,0
365,CN7_L_000365,2,0,계량과 가소화 제외,-0.18799215497616784,0.02900983656787659,0
366,CN7_L_000366,2,0,계량과 가소화 제외,-0.150442591899703,0.02900983656787659,0
367,CN7_L_000367,3,0,계량과 가소화 제외,-0.06989285837360715,0.02900983656787659,0
368,CN7_L_000368,2,0,계량과 가소화 제외,-0.05628935292108883,0.02900983656787659,0
369,CN7_L_000369,1,0,계량과 가소화 제외,-0.11280597218798682,0.02900983656787659,0
370,CN7_L_000370,2,0,계량과 가소화 제외,-0.10927225332221324,0.02900983656787659,0
371,CN7_L_000371,1,0,계량과 가소화 제외,-0.09653977015744264,0.02900983656787659,0
372,CN7_L_000372,1,0,계량과 가소화 제외,-0.15159003517253877,0.02900983656787659,0
374,CN7_L_000374,1,0,계량과 가소화 제외,-0.14188606311194807,0.02900983656787659,0
375,CN7_L_000375,2,0,계량과 가소화 제외,-0.1873738098973048,0.02900983656787659,0
376,CN7_L_000376,1,0,계량과 가소화 제외,-0.14003443795809511,0.02900983656787659,0
377,CN7_L_000377,0,0,계량과 가소화 제외,-0.07396916991488833,0.02900983656787659,0
378,CN7_L_000378,1,0,계량과 가소화 제외,-0.07974619627210533,0.02900983656787659,0
379,CN7_L_000379,3,0,계량과 가소화 제외,-0.06483496706914949,0.02900983656787659,0
381,CN7_L_000381,1,0,계량과 가소화 제외,-0.07115726426167424,0.02900983656787659,0
382,CN7_L_000382,3,0,계량과 가소화 제외,-0.09365708059700228,0.02900983656787659,0
383,CN7_L_000383,3,0,계량과 가소화 제외,-0.09370397016346965,0.02900983656787659,0
384,CN7_L_000384,1,0,계량과 가소화 제외,-0.15303338093254037,0.02900983656787659,0
385,CN7_L_000385,2,0,계량과 가소화 제외,-0.1247590602556099,0.02900983656787659,0
387,CN7_L_000387,3,0,계량과 가소화 제외,-0.048716332404262985,0.02900983656787659,0
388,CN7_L_000388,0,0,계량과 가소화 제외,-0.07120299636979688,0.02900983656787659,0
389,CN7_L_000389,2,0,계량과 가소화 제외,-0.0846046386602759,0.02900983656787659,0
390,CN7_L_000390,3,0,계량과 가소화 제외,-0.05644435927480851,0.02900983656787659,0
391,CN7_L_000391,1,0,계량과 가소화 제외,-0.11599605484665432,0.02900983656787659,0
394,CN7_L_000394,3,0,계량과 가소화 제외,-0.08214224244422264,0.02900983656787659,0
395,CN7_L_000395,0,0,계량과 가소화 제외,-0.09797685155234825,0.02900983656787659,0
396,CN7_L_000396,3,0,계량과 가소화 제외,-0.06098846909604738,0.02900983656787659,0
397,CN7_L_000397,0,0,계량과 가소화 제외,-0.11053126091086174,0.02900983656787659,0
398,CN7_L_000398,2,0,계량과 가소화 제외,-0.09725769093130543,0.02900983656787659,0
400,CN7_L_000400,0,0,계량과 가소화 제외,-0.1323901353644259,0.02900983656787659,0
402,CN7_L_000402,2,0,계량과 가소화 제외,-0.1382893285280482,0.02900983656787659,0
404,CN7_L_000404,1,0,계량과 가소화 제외,-0.1263439029044391,0.02900983656787659,0
406,CN7_L_000406,1,0,계량과 가소화 제외,-0.12805764594551627,0.02900983656787659,0
407,CN7_L_000407,0,0,계량과 가소화 제외,-0.06429487494650044,0.02900983656787659,0
408,CN7_L_000408,0,0,계량과 가소화 제외,-0.028929242663203514,0.02900983656787659,0
409,CN7_L_000409,0,0,계량과 가소화 제외,-0.055802997656941855,0.02900983656787659,0
410,CN7_L_000410,1,0,계량과 가소화 제외,-0.14384306706606598,0.02900983656787659,0
411,CN7_L_000411,1,0,계량과 가소화 제외,-0.16995656257120517,0.02900983656787659,0
412,CN7_L_000412,3,0,계량과 가소화 제외,-0.07534466072761203,0.02900983656787659,0
413,CN7_L_000413,2,0,계량과 가소화 제외,-0.137285751855448,0.02900983656787659,0
414,CN7_L_000414,1,0,계량과 가소화 제외,-0.07206799524025742,0.02900983656787659,0
416,CN7_L_000416,0,0,계량과 가소화 제외,-0.11482349446533391,0.02900983656787659,0
417,CN7_L_000417,0,0,계량과 가소화 제외,-0.09361961334545077,0.02900983656787659,0
418,CN7_L_000418,2,0,계량과 가소화 제외,-0.10365641519526081,0.02900983656787659,0
419,CN7_L_000419,2,0,계량과 가소화 제외,-0.12544872424207432,0.02900983656787659,0
421,CN7_L_000421,3,0,계량과 가소화 제외,-0.11232963008643404,0.02900983656787659,0
422,CN7_L_000422,1,0,계량과 가소화 제외,-0.1871956693998551,0.02900983656787659,0
423,CN7_L_000423,0,0,계량과 가소화 제외,-0.08575544981907335,0.02900983656787659,0
424,CN7_L_000424,3,0,계량과 가소화 제외,-0.037339774701881545,0.02900983656787659,0
425,CN7_L_000425,1,0,계량과 가소화 제외,-0.07742263075120004,0.02900983656787659,0
426,CN7_L_000426,2,0,계량과 가소화 제외,-0.11254330671251322,0.02900983656787659,0
428,CN7_L_000428,2,0,계량과 가소화 제외,-0.13000515643151722,0.02900983656787659,0
429,CN7_L_000429,3,0,계량과 가소화 제외,-0.09662761732183078,0.02900983656787659,0
430,CN7_L_000430,0,0,계량과 가소화 제외,-0.12489865582443382,0.02900983656787659,0
433,CN7_L_000433,2,0,계량과 가소화 제외,-0.10812138770254842,0.02900983656787659,0
434,CN7_L_000434,3,0,계량과 가소화 제외,-0.07850104141925618,0.02900983656787659,0
435,CN7_L_000435,0,0,계량과 가소화 제외,-0.10616916619104799,0.02900983656787659,0
436,CN7_L_000436,1,0,계량과 가소화 제외,-0.14049965506669215,0.02900983656787659,0
437,CN7_L_000437,3,0,계량과 가소화 제외,-0.11036916638976635,0.02900983656787659,0
438,CN7_L_000438,1,0,계량과 가소화 제외,-0.1281586805228523,0.02900983656787659,0
439,CN7_L_000439,1,0,계량과 가소화 제외,-0.09666878101745269,0.02900983656787659,0
440,CN7_L_000440,0,0,계량과 가소화 제외,-0.11739277616511457,0.02900983656787659,0
442,CN7_L_000442,2,0,계량과 가소화 제외,-0.11125518648715937,0.02900983656787659,0
443,CN7_L_000443,1,0,계량과 가소화 제외,-0.09553697776208203,0.02900983656787659,0
445,CN7_L_000445,0,0,계량과 가소화 제외,-0.08739264238804267,0.02900983656787659,0
446,CN7_L_000446,0,0,계량과 가소화 제외,-0.0942704762025941,0.02900983656787659,0
447,CN7_L_000447,0,0,계량과 가소화 제외,-0.09240327294258277,0.02900983656787659,0
448,CN7_L_000448,2,0,계량과 가소화 제외,-0.1364354179341949,0.02900983656787659,0
450,CN7_L_000450,2,0,계량과 가소화 제외,-0.12215107187464458,0.02900983656787659,0
451,CN7_L_000451,1,0,계량과 가소화 제외,-0.14372222855875671,0.02900983656787659,0
452,CN7_L_000452,3,0,계량과 가소화 제외,-0.11364855144995145,0.02900983656787659,0
453,CN7_L_000453,0,0,계량과 가소화 제외,-0.08239028569035467,0.02900983656787659,0
454,CN7_L_000454,3,0,계량과 가소화 제외,-0.05139202878609872,0.02900983656787659,0
455,CN7_L_000455,1,0,계량과 가소화 제외,-0.06575093592440684,0.02900983656787659,0
456,CN7_L_000456,2,0,계량과 가소화 제외,-0.032682822035298376,0.02900983656787659,0
457,CN7_L_000457,2,0,계량과 가소화 제외,-0.07402286081226128,0.02900983656787659,0
458,CN7_L_000458,1,0,계량과 가소화 제외,-0.11706536083742769,0.02900983656787659,0
459,CN7_L_000459,3,0,계량과 가소화 제외,-0.1082931922938486,0.02900983656787659,0
460,CN7_L_000460,1,0,계량과 가소화 제외,-0.1454814536281277,0.02900983656787659,0
461,CN7_L_000461,0,0,계량과 가소화 제외,-0.06406867535319494,0.02900983656787659,0
463,CN7_L_000463,1,0,계량과 가소화 제외,-0.14454513562193316,0.02900983656787659,0
464,CN7_L_000464,1,0,계량과 가소화 제외,-0.10594661208997858,0.02900983656787659,0
465,CN7_L_000465,3,0,계량과 가소화 제외,-0.07638989930423712,0.02900983656787659,0
466,CN7_L_000466,0,0,계량과 가소화 제외,-0.07672459343981286,0.02900983656787659,0
467,CN7_L_000467,2,0,계량과 가소화 제외,-0.07227803350576334,0.02900983656787659,0
470,CN7_L_000470,3,0,계량과 가소화 제외,-0.05674662298340216,0.02900983656787659,0
471,CN7_L_000471,0,0,계량과 가소화 제외,-0.0907033809533524,0.02900983656787659,0
474,CN7_L_000474,2,0,계량과 가소화 제외,-0.09313449261575446,0.02900983656787659,0
476,CN7_L_000476,0,0,계량과 가소화 제외,-0.09665290607794796,0.02900983656787659,0
477,CN7_L_000477,1,0,계량과 가소화 제외,-0.0870876483631049,0.02900983656787659,0
478,CN7_L_000478,0,0,계량과 가소화 제외,-0.09178923343959511,0.02900983656787659,0
479,CN7_L_000479,3,0,계량과 가소화 제외,-0.12985475093984222,0.02900983656787659,0
481,CN7_L_000481,3,0,계량과 가소화 제외,-0.1126145793812201,0.02900983656787659,0
482,CN7_L_000482,1,0,계량과 가소화 제외,-0.11133850839162518,0.02900983656787659,0
483,CN7_L_000483,2,0,계량과 가소화 제외,-0.07595016919482367,0.02900983656787659,0
484,CN7_L_000484,3,0,계량과 가소화 제외,-0.03159551609470368,0.02900983656787659,0
486,CN7_L_000486,3,0,계량과 가소화 제외,-0.03269964310558926,0.02900983656787659,0
487,CN7_L_000487,2,0,계량과 가소화 제외,-0.10510954267339256,0.02900983656787659,0
491,CN7_L_000491,1,0,계량과 가소화 제외,-0.15508369363687224,0.02900983656787659,0
492,CN7_L_000492,1,0,계량과 가소화 제외,-0.02142169580177944,0.02900983656787659,0
493,CN7_L_000493,1,0,계량과 가소화 제외,-0.03984843839167018,0.02900983656787659,0
494,CN7_L_000494,2,0,계량과 가소화 제외,-0.10178624043658191,0.02900983656787659,0
495,CN7_L_000495,3,0,계량과 가소화 제외,-0.02613757101958525,0.02900983656787659,0
496,CN7_L_000496,2,0,계량과 가소화 제외,-0.1482425426627736,0.02900983656787659,0
497,CN7_L_000497,3,0,계량과 가소화 제외,-0.07291671139769074,0.02900983656787659,0
499,CN7_L_000499,3,0,계량과 가소화 제외,-0.11065707095973698,0.02900983656787659,0
500,CN7_L_000500,2,0,계량과 가소화 제외,-0.12775944458761446,0.02900983656787659,0
501,CN7_L_000501,2,0,계량과 가소화 제외,-0.1130011146071408,0.02900983656787659,0
502,CN7_L_000502,2,0,계량과 가소화 제외,-0.0778378839939986,0.02900983656787659,0
504,CN7_L_000504,1,0,계량과 가소화 제외,-0.11618753932401615,0.02900983656787659,0
507,CN7_L_000507,1,0,계량과 가소화 제외,-0.05696950907489562,0.02900983656787659,0
508,CN7_L_000508,0,0,계량과 가소화 제외,-0.09859440444668532,0.02900983656787659,0
509,CN7_L_000509,1,0,계량과 가소화 제외,-0.1649643956804998,0.02900983656787659,0
510,CN7_L_000510,1,0,계량과 가소화 제외,-0.06647498833217513,0.02900983656787659,0
511,CN7_L_000511,2,0,계량과 가소화 제외,-0.061951308404282646,0.02900983656787659,0
513,CN7_L_000513,2,0,계량과 가소화 제외,-0.05918280513484753,0.02900983656787659,0
514,CN7_L_000514,0,0,계량과 가소화 제외,-0.08146562838761229,0.02900983656787659,0
515,CN7_L_000515,0,0,계량과 가소화 제외,-0.07906703298553319,0.02900983656787659,0
516,CN7_L_000516,3,0,계량과 가소화 제외,-0.05716613390506309,0.02900983656787659,0
517,CN7_L_000517,0,0,계량과 가소화 제외,-0.08618822364050516,0.02900983656787659,0
519,CN7_L_000519,3,0,계량과 가소화 제외,-0.08326001807228334,0.02900983656787659,0
520,CN7_L_000520,3,0,계량과 가소화 제외,-0.0819707315421474,0.02900983656787659,0
521,CN7_L_000521,0,0,계량과 가소화 제외,-0.06595157773875071,0.02900983656787659,0
523,CN7_L_000523,0,0,계량과 가소화 제외,-0.06493472968643133,0.02900983656787659,0
525,CN7_L_000525,1,0,계량과 가소화 제외,-0.09210831503193662,0.02900983656787659,0
526,CN7_L_000526,0,0,계량과 가소화 제외,-0.08599713808412801,0.02900983656787659,0
527,CN7_L_000527,2,0,계량과 가소화 제외,-0.15542778629846277,0.02900983656787659,0
528,CN7_L_000528,3,0,계량과 가소화 제외,-0.04313489743351662,0.02900983656787659,0
529,CN7_L_000529,0,0,계량과 가소화 제외,-0.08824234251501295,0.02900983656787659,0
530,CN7_L_000530,2,0,계량과 가소화 제외,-0.08882819818865695,0.02900983656787659,0
532,CN7_L_000532,3,0,계량과 가소화 제외,-0.10057917359409752,0.02900983656787659,0
533,CN7_L_000533,0,0,계량과 가소화 제외,-0.06826060935913203,0.02900983656787659,0
534,CN7_L_000534,2,0,계량과 가소화 제외,-0.10781438137378574,0.02900983656787659,0
535,CN7_L_000535,2,0,계량과 가소화 제외,-0.11466328215282884,0.02900983656787659,0
536,CN7_L_000536,2,0,계량과 가소화 제외,-0.13611580026878167,0.02900983656787659,0
537,CN7_L_000537,0,0,계량과 가소화 제외,-0.1117706073736855,0.02900983656787659,0
538,CN7_L_000538,2,0,계량과 가소화 제외,-0.13060389271708583,0.02900983656787659,0
539,CN7_L_000539,0,0,계량과 가소화 제외,-0.0792156326970952,0.02900983656787659,0
541,CN7_L_000541,3,0,계량과 가소화 제외,-0.0871310077990115,0.02900983656787659,0
542,CN7_L_000542,2,0,계량과 가소화 제외,-0.08217748835046113,0.02900983656787659,0
543,CN7_L_000543,1,0,계량과 가소화 제외,-0.11713256048492715,0.02900983656787659,0
544,CN7_L_000544,2,0,계량과 가소화 제외,-0.09328373869835938,0.02900983656787659,0
545,CN7_L_000545,3,0,계량과 가소화 제외,-0.08855831019738192,0.02900983656787659,0
546,CN7_L_000546,1,0,계량과 가소화 제외,-0.12385100214213063,0.02900983656787659,0
547,CN7_L_000547,2,0,계량과 가소화 제외,-0.15977369595604385,0.02900983656787659,0
548,CN7_L_000548,3,0,계량과 가소화 제외,-0.08864259896146898,0.02900983656787659,0
549,CN7_L_000549,2,0,계량과 가소화 제외,-0.14420910362452588,0.02900983656787659,0
550,CN7_L_000550,2,0,계량과 가소화 제외,-0.10222405648251742,0.02900983656787659,0
551,CN7_L_000551,0,0,계량과 가소화 제외,-0.10744966660510213,0.02900983656787659,0
553,CN7_L_000553,3,0,계량과 가소화 제외,-0.08942165632404864,0.02900983656787659,0
555,CN7_L_000555,0,0,계량과 가소화 제외,-0.10430314319941436,0.02900983656787659,0
556,CN7_L_000556,1,0,계량과 가소화 제외,-0.13645882777200136,0.02900983656787659,0
557,CN7_L_000557,1,0,계량과 가소화 제외,-0.0996542595966936,0.02900983656787659,0
558,CN7_L_000558,3,0,계량과 가소화 제외,-0.06111665089558471,0.02900983656787659,0
559,CN7_L_000559,1,0,계량과 가소화 제외,-0.14617273895980043,0.02900983656787659,0
560,CN7_L_000560,1,0,계량과 가소화 제외,-0.07978173008617029,0.02900983656787659,0
561,CN7_L_000561,0,0,계량과 가소화 제외,-0.1002536593985468,0.02900983656787659,0
562,CN7_L_000562,0,0,계량과 가소화 제외,-0.10524045020641459,0.02900983656787659,0
563,CN7_L_000563,2,0,계량과 가소화 제외,-0.11169589502236432,0.02900983656787659,0
564,CN7_L_000564,1,0,계량과 가소화 제외,-0.073619849848789,0.02900983656787659,0
566,CN7_L_000566,2,0,계량과 가소화 제외,-0.1389208932714956,0.02900983656787659,0
567,CN7_L_000567,0,0,계량과 가소화 제외,-0.07623915738711773,0.02900983656787659,0
568,CN7_L_000568,2,0,계량과 가소화 제외,-0.106367250779686,0.02900983656787659,0
569,CN7_L_000569,1,0,계량과 가소화 제외,-0.1079134766766785,0.02900983656787659,0
570,CN7_L_000570,2,0,계량과 가소화 제외,-0.10006619269318762,0.02900983656787659,0
571,CN7_L_000571,3,0,계량과 가소화 제외,-0.06600413604409372,0.02900983656787659,0
572,CN7_L_000572,1,0,계량과 가소화 제외,-0.08132422372849923,0.02900983656787659,0
573,CN7_L_000573,3,0,계량과 가소화 제외,-0.049508245214263,0.02900983656787659,0
575,CN7_L_000575,2,0,계량과 가소화 제외,-0.11249243490886496,0.02900983656787659,0
576,CN7_L_000576,3,0,계량과 가소화 제외,-0.059242671517860224,0.02900983656787659,0
578,CN7_L_000578,2,0,계량과 가소화 제외,-0.11225959000838648,0.02900983656787659,0
579,CN7_L_000579,2,0,계량과 가소화 제외,-0.1284188542168727,0.02900983656787659,0
580,CN7_L_000580,2,0,계량과 가소화 제외,-0.13372165945442482,0.02900983656787659,0
581,CN7_L_000581,1,0,계량과 가소화 제외,-0.049030190817423325,0.02900983656787659,0
582,CN7_L_000582,1,0,계량과 가소화 제외,-0.0715857370065649,0.02900983656787659,0
583,CN7_L_000583,1,0,계량과 가소화 제외,-0.08540207472150962,0.02900983656787659,0
584,CN7_L_000584,3,0,계량과 가소화 제외,-0.09058948122784294,0.02900983656787659,0
585,CN7_L_000585,0,0,계량과 가소화 제외,-0.10883465524440794,0.02900983656787659,0
586,CN7_L_000586,3,0,계량과 가소화 제외,-0.08606580548868603,0.02900983656787659,0
587,CN7_L_000587,0,0,계량과 가소화 제외,-0.08754736562813692,0.02900983656787659,0
590,CN7_L_000590,3,0,계량과 가소화 제외,-0.030536929972759808,0.02900983656787659,0
592,CN7_L_000592,2,0,계량과 가소화 제외,-0.06401177071732889,0.02900983656787659,0
593,CN7_L_000593,1,0,계량과 가소화 제외,-0.104184269072642,0.02900983656787659,0
594,CN7_L_000594,1,0,계량과 가소화 제외,-0.09052818725541956,0.02900983656787659,0
595,CN7_L_000595,3,0,계량과 가소화 제외,-0.048864175922753716,0.02900983656787659,0
596,CN7_L_000596,0,0,계량과 가소화 제외,-0.07743238658441776,0.02900983656787659,0
597,CN7_L_000597,1,0,계량과 가소화 제외,-0.14889553772131592,0.02900983656787659,0
598,CN7_L_000598,0,0,계량과 가소화 제외,-0.09320326865132245,0.02900983656787659,0
599,CN7_L_000599,0,0,계량과 가소화 제외,-0.09296585557640125,0.02900983656787659,0
601,CN7_L_000601,2,0,계량과 가소화 제외,-0.042416288778363676,0.02900983656787659,0
602,CN7_L_000602,2,0,계량과 가소화 제외,-0.11702443464039414,0.02900983656787659,0
604,CN7_L_000604,3,0,계량과 가소화 제외,0.19824018319542125,0.02900983656787659,1
605,CN7_L_000605,0,0,계량과 가소화 제외,1.6103676125812711,0.02900983656787659,1
0,CN7_L_000000,0,0,실린더와 호퍼 온도 제외,-0.04321382441964072,0.018747595692249153,0
2,CN7_L_000002,0,0,실린더와 호퍼 온도 제외,-0.026122201714868343,0.018747595692249153,0
3,CN7_L_000003,0,0,실린더와 호퍼 온도 제외,-0.047604094675318454,0.018747595692249153,0
4,CN7_L_000004,3,0,실린더와 호퍼 온도 제외,-0.047222828552892615,0.018747595692249153,0
5,CN7_L_000005,2,0,실린더와 호퍼 온도 제외,-0.06578588246751993,0.018747595692249153,0
6,CN7_L_000006,2,0,실린더와 호퍼 온도 제외,-0.06091533349841294,0.018747595692249153,0
7,CN7_L_000007,1,0,실린더와 호퍼 온도 제외,-0.08409449229479948,0.018747595692249153,0
8,CN7_L_000008,0,0,실린더와 호퍼 온도 제외,-0.02367277901981435,0.018747595692249153,0
9,CN7_L_000009,1,0,실린더와 호퍼 온도 제외,-0.04077889947430924,0.018747595692249153,0
10,CN7_L_000010,0,0,실린더와 호퍼 온도 제외,-0.04538751211267833,0.018747595692249153,0
11,CN7_L_000011,0,0,실린더와 호퍼 온도 제외,-0.04861172864013108,0.018747595692249153,0
12,CN7_L_000012,1,0,실린더와 호퍼 온도 제외,-0.05601271292197474,0.018747595692249153,0
15,CN7_L_000015,2,0,실린더와 호퍼 온도 제외,-0.09627274529161678,0.018747595692249153,0
16,CN7_L_000016,1,0,실린더와 호퍼 온도 제외,-0.0592307610666829,0.018747595692249153,0
17,CN7_L_000017,3,0,실린더와 호퍼 온도 제외,-0.018995724957195925,0.018747595692249153,0
18,CN7_L_000018,2,0,실린더와 호퍼 온도 제외,-0.06012356230015392,0.018747595692249153,0
19,CN7_L_000019,1,0,실린더와 호퍼 온도 제외,-0.03831453447346389,0.018747595692249153,0
22,CN7_L_000022,0,0,실린더와 호퍼 온도 제외,0.018747595692249153,0.018747595692249153,0
23,CN7_L_000023,3,0,실린더와 호퍼 온도 제외,-0.05287353423863772,0.018747595692249153,0
24,CN7_L_000024,3,1,실린더와 호퍼 온도 제외,-0.031109135203031713,0.018747595692249153,0
25,CN7_L_000025,0,0,실린더와 호퍼 온도 제외,-0.03346882192272638,0.018747595692249153,0
26,CN7_L_000026,0,0,실린더와 호퍼 온도 제외,-0.05692787401012911,0.018747595692249153,0
27,CN7_L_000027,3,0,실린더와 호퍼 온도 제외,-0.04199751619919434,0.018747595692249153,0
29,CN7_L_000029,0,0,실린더와 호퍼 온도 제외,-0.028988817095476183,0.018747595692249153,0
30,CN7_L_000030,1,0,실린더와 호퍼 온도 제외,-0.0529890864098399,0.018747595692249153,0
31,CN7_L_000031,0,0,실린더와 호퍼 온도 제외,-0.021527244030474346,0.018747595692249153,0
32,CN7_L_000032,2,0,실린더와 호퍼 온도 제외,-0.05220534768056506,0.018747595692249153,0
34,CN7_L_000034,3,0,실린더와 호퍼 온도 제외,-0.058539592111297445,0.018747595692249153,0
36,CN7_L_000036,0,0,실린더와 호퍼 온도 제외,1.0568317869249113,0.018747595692249153,1
37,CN7_L_000037,0,0,실린더와 호퍼 온도 제외,-0.015258508708439145,0.018747595692249153,0
38,CN7_L_000038,3,0,실린더와 호퍼 온도 제외,-0.04697830973731465,0.018747595692249153,0
39,CN7_L_000039,0,0,실린더와 호퍼 온도 제외,-0.05293806318154104,0.018747595692249153,0
40,CN7_L_000040,1,1,실린더와 호퍼 온도 제외,-0.027012061703324264,0.018747595692249153,0
41,CN7_L_000041,1,0,실린더와 호퍼 온도 제외,-0.0519705442936349,0.018747595692249153,0
43,CN7_L_000043,0,0,실린더와 호퍼 온도 제외,-0.04837665250855849,0.018747595692249153,0
44,CN7_L_000044,3,0,실린더와 호퍼 온도 제외,-0.015468759588202374,0.018747595692249153,0
45,CN7_L_000045,0,0,실린더와 호퍼 온도 제외,-0.024856467234562807,0.018747595692249153,0
46,CN7_L_000046,0,0,실린더와 호퍼 온도 제외,-0.06258942113631827,0.018747595692249153,0
47,CN7_L_000047,2,0,실린더와 호퍼 온도 제외,-0.07820463721574322,0.018747595692249153,0
48,CN7_L_000048,0,1,실린더와 호퍼 온도 제외,-0.03374189824021778,0.018747595692249153,0
49,CN7_L_000049,3,0,실린더와 호퍼 온도 제외,-0.051445871949968414,0.018747595692249153,0
52,CN7_L_000052,2,1,실린더와 호퍼 온도 제외,-0.05313045807489525,0.018747595692249153,0
53,CN7_L_000053,1,1,실린더와 호퍼 온도 제외,-0.05503802240516098,0.018747595692249153,0
54,CN7_L_000054,3,1,실린더와 호퍼 온도 제외,-0.053988584249270666,0.018747595692249153,0
55,CN7_L_000055,0,1,실린더와 호퍼 온도 제외,-0.040760518891752806,0.018747595692249153,0
56,CN7_L_000056,2,1,실린더와 호퍼 온도 제외,-0.03739706521799713,0.018747595692249153,0
58,CN7_L_000058,1,1,실린더와 호퍼 온도 제외,0.3404754302603481,0.018747595692249153,1
59,CN7_L_000059,3,1,실린더와 호퍼 온도 제외,0.7268040991532239,0.018747595692249153,1
60,CN7_L_000060,2,1,실린더와 호퍼 온도 제외,0.4511134045850458,0.018747595692249153,1
62,CN7_L_000062,1,0,실린더와 호퍼 온도 제외,-0.08252987032214776,0.018747595692249153,0
63,CN7_L_000063,3,0,실린더와 호퍼 온도 제외,-0.06531276029020905,0.018747595692249153,0
64,CN7_L_000064,3,0,실린더와 호퍼 온도 제외,-0.05978307800043714,0.018747595692249153,0
65,CN7_L_000065,2,0,실린더와 호퍼 온도 제외,-0.06126590908792284,0.018747595692249153,0
67,CN7_L_000067,3,0,실린더와 호퍼 온도 제외,-0.044834302345855725,0.018747595692249153,0
68,CN7_L_000068,3,0,실린더와 호퍼 온도 제외,-0.054072992281786636,0.018747595692249153,0
69,CN7_L_000069,2,0,실린더와 호퍼 온도 제외,-0.033681190278851414,0.018747595692249153,0
70,CN7_L_000070,1,0,실린더와 호퍼 온도 제외,-0.06657538439443567,0.018747595692249153,0
71,CN7_L_000071,2,0,실린더와 호퍼 온도 제외,-0.07959522022945498,0.018747595692249153,0
73,CN7_L_000073,0,0,실린더와 호퍼 온도 제외,-0.07473529945185842,0.018747595692249153,0
74,CN7_L_000074,0,0,실린더와 호퍼 온도 제외,-0.050758932510789556,0.018747595692249153,0
77,CN7_L_000077,2,0,실린더와 호퍼 온도 제외,-0.023403333404048876,0.018747595692249153,0
79,CN7_L_000079,3,0,실린더와 호퍼 온도 제외,-0.02867691768008518,0.018747595692249153,0
80,CN7_L_000080,2,0,실린더와 호퍼 온도 제외,-0.04765222504017341,0.018747595692249153,0
81,CN7_L_000081,2,0,실린더와 호퍼 온도 제외,-0.07879987110169706,0.018747595692249153,0
82,CN7_L_000082,3,0,실린더와 호퍼 온도 제외,-0.0304768512081659,0.018747595692249153,0
83,CN7_L_000083,2,0,실린더와 호퍼 온도 제외,-0.07804492311941047,0.018747595692249153,0
84,CN7_L_000084,3,0,실린더와 호퍼 온도 제외,-0.04422210928700521,0.018747595692249153,0
86,CN7_L_000086,0,0,실린더와 호퍼 온도 제외,-0.026538343457712887,0.018747595692249153,0
87,CN7_L_000087,3,0,실린더와 호퍼 온도 제외,-0.06323533688643002,0.018747595692249153,0
88,CN7_L_000088,0,0,실린더와 호퍼 온도 제외,-0.0432747048570592,0.018747595692249153,0
89,CN7_L_000089,3,0,실린더와 호퍼 온도 제외,-0.01500956994927094,0.018747595692249153,0
90,CN7_L_000090,1,0,실린더와 호퍼 온도 제외,-0.04881519717300309,0.018747595692249153,0
91,CN7_L_000091,2,0,실린더와 호퍼 온도 제외,-0.08887742512509123,0.018747595692249153,0
92,CN7_L_000092,3,0,실린더와 호퍼 온도 제외,-0.05300436048666901,0.018747595692249153,0
93,CN7_L_000093,1,0,실린더와 호퍼 온도 제외,-0.030771634532118508,0.018747595692249153,0
95,CN7_L_000095,0,0,실린더와 호퍼 온도 제외,-0.022047165451630768,0.018747595692249153,0
96,CN7_L_000096,3,0,실린더와 호퍼 온도 제외,-0.03494215100579545,0.018747595692249153,0
97,CN7_L_000097,3,0,실린더와 호퍼 온도 제외,-0.0362092146658477,0.018747595692249153,0
98,CN7_L_000098,3,0,실린더와 호퍼 온도 제외,-0.001772323829108302,0.018747595692249153,0
99,CN7_L_000099,2,0,실린더와 호퍼 온도 제외,-0.07933493962337623,0.018747595692249153,0
100,CN7_L_000100,3,0,실린더와 호퍼 온도 제외,-0.05870898949462955,0.018747595692249153,0
102,CN7_L_000102,3,0,실린더와 호퍼 온도 제외,-0.04010200911428097,0.018747595692249153,0
103,CN7_L_000103,0,0,실린더와 호퍼 온도 제외,-0.044307197979813306,0.018747595692249153,0
104,CN7_L_000104,2,0,실린더와 호퍼 온도 제외,-0.06962042103676103,0.018747595692249153,0
106,CN7_L_000106,3,0,실린더와 호퍼 온도 제외,-0.004174890293599631,0.018747595692249153,0
107,CN7_L_000107,0,0,실린더와 호퍼 온도 제외,-0.03645885685712713,0.018747595692249153,0
108,CN7_L_000108,2,0,실린더와 호퍼 온도 제외,-0.07682384247602903,0.018747595692249153,0
109,CN7_L_000109,2,0,실린더와 호퍼 온도 제외,-0.051536141641887134,0.018747595692249153,0
110,CN7_L_000110,0,0,실린더와 호퍼 온도 제외,-0.0022081902782629115,0.018747595692249153,0
111,CN7_L_000111,1,0,실린더와 호퍼 온도 제외,-0.07917366122435254,0.018747595692249153,0
115,CN7_L_000115,0,0,실린더와 호퍼 온도 제외,-0.04429668741728365,0.018747595692249153,0
117,CN7_L_000117,3,0,실린더와 호퍼 온도 제외,0.008359844557430218,0.018747595692249153,0
118,CN7_L_000118,3,0,실린더와 호퍼 온도 제외,-0.05595723266476682,0.018747595692249153,0
121,CN7_L_000121,3,0,실린더와 호퍼 온도 제외,-0.04139009242063452,0.018747595692249153,0
122,CN7_L_000122,3,0,실린더와 호퍼 온도 제외,-0.03931682806550052,0.018747595692249153,0
123,CN7_L_000123,0,0,실린더와 호퍼 온도 제외,-0.03833698980360767,0.018747595692249153,0
124,CN7_L_000124,2,0,실린더와 호퍼 온도 제외,-0.07241847577438554,0.018747595692249153,0
125,CN7_L_000125,3,0,실린더와 호퍼 온도 제외,-0.032521767131602264,0.018747595692249153,0
126,CN7_L_000126,2,0,실린더와 호퍼 온도 제외,-0.028644491207664213,0.018747595692249153,0
127,CN7_L_000127,0,0,실린더와 호퍼 온도 제외,-0.01483658794030207,0.018747595692249153,0
128,CN7_L_000128,1,0,실린더와 호퍼 온도 제외,-0.05216199195275495,0.018747595692249153,0
129,CN7_L_000129,2,0,실린더와 호퍼 온도 제외,-0.06278580560486313,0.018747595692249153,0
130,CN7_L_000130,1,0,실린더와 호퍼 온도 제외,-0.05962843236636228,0.018747595692249153,0
131,CN7_L_000131,3,0,실린더와 호퍼 온도 제외,-0.05610537678215444,0.018747595692249153,0
132,CN7_L_000132,1,0,실린더와 호퍼 온도 제외,-0.06829568195000935,0.018747595692249153,0
133,CN7_L_000133,1,0,실린더와 호퍼 온도 제외,-0.07249742064513409,0.018747595692249153,0
134,CN7_L_000134,2,0,실린더와 호퍼 온도 제외,-0.04461830247727461,0.018747595692249153,0
136,CN7_L_000136,0,0,실린더와 호퍼 온도 제외,-0.007477246497969325,0.018747595692249153,0
137,CN7_L_000137,3,0,실린더와 호퍼 온도 제외,-0.047497279344260956,0.018747595692249153,0
138,CN7_L_000138,0,0,실린더와 호퍼 온도 제외,-0.03972591573708817,0.018747595692249153,0
139,CN7_L_000139,2,0,실린더와 호퍼 온도 제외,-0.06018763298600405,0.018747595692249153,0
140,CN7_L_000140,1,0,실린더와 호퍼 온도 제외,-0.08624288401073743,0.018747595692249153,0
141,CN7_L_000141,3,0,실린더와 호퍼 온도 제외,-0.03937268393948301,0.018747595692249153,0
143,CN7_L_000143,1,0,실린더와 호퍼 온도 제외,-0.06600497214555467,0.018747595692249153,0
145,CN7_L_000145,0,0,실린더와 호퍼 온도 제외,-0.05261924557717368,0.018747595692249153,0
146,CN7_L_000146,3,0,실린더와 호퍼 온도 제외,-0.024221438291099684,0.018747595692249153,0
147,CN7_L_000147,1,0,실린더와 호퍼 온도 제외,-0.017280186596699387,0.018747595692249153,0
150,CN7_L_000150,3,0,실린더와 호퍼 온도 제외,-0.03530930290049916,0.018747595692249153,0
151,CN7_L_000151,0,0,실린더와 호퍼 온도 제외,-0.0344067587075374,0.018747595692249153,0
153,CN7_L_000153,0,0,실린더와 호퍼 온도 제외,-0.04651910042082319,0.018747595692249153,0
154,CN7_L_000154,0,0,실린더와 호퍼 온도 제외,-0.04799597888319118,0.018747595692249153,0
155,CN7_L_000155,1,0,실린더와 호퍼 온도 제외,-0.02582902020128941,0.018747595692249153,0
156,CN7_L_000156,0,0,실린더와 호퍼 온도 제외,0.0008982460255562152,0.018747595692249153,0
157,CN7_L_000157,0,0,실린더와 호퍼 온도 제외,-0.03771008821306099,0.018747595692249153,0
158,CN7_L_000158,0,0,실린더와 호퍼 온도 제외,-0.06136124058634307,0.018747595692249153,0
159,CN7_L_000159,2,0,실린더와 호퍼 온도 제외,-0.04953436037984327,0.018747595692249153,0
160,CN7_L_000160,1,0,실린더와 호퍼 온도 제외,-0.06948603810245357,0.018747595692249153,0
161,CN7_L_000161,1,0,실린더와 호퍼 온도 제외,-0.09311958089473515,0.018747595692249153,0
162,CN7_L_000162,2,0,실린더와 호퍼 온도 제외,-0.08875413795219478,0.018747595692249153,0
163,CN7_L_000163,2,0,실린더와 호퍼 온도 제외,-0.03834213433522127,0.018747595692249153,0
164,CN7_L_000164,0,0,실린더와 호퍼 온도 제외,0.7233262721725562,0.018747595692249153,1
165,CN7_L_000165,2,0,실린더와 호퍼 온도 제외,-0.0819998212236639,0.018747595692249153,0
166,CN7_L_000166,1,0,실린더와 호퍼 온도 제외,-0.04537077808345158,0.018747595692249153,0
167,CN7_L_000167,2,0,실린더와 호퍼 온도 제외,-0.009971554586500453,0.018747595692249153,0
168,CN7_L_000168,3,0,실린더와 호퍼 온도 제외,-0.0005164797710159874,0.018747595692249153,0
169,CN7_L_000169,2,0,실린더와 호퍼 온도 제외,-0.054671250861912046,0.018747595692249153,0
171,CN7_L_000171,3,0,실린더와 호퍼 온도 제외,-0.0514535563426195,0.018747595692249153,0
172,CN7_L_000172,0,0,실린더와 호퍼 온도 제외,-0.05220773773863163,0.018747595692249153,0
173,CN7_L_000173,3,0,실린더와 호퍼 온도 제외,-0.05487875176213208,0.018747595692249153,0
177,CN7_L_000177,1,0,실린더와 호퍼 온도 제외,-0.0756568993405784,0.018747595692249153,0
178,CN7_L_000178,0,0,실린더와 호퍼 온도 제외,-0.04983115105241609,0.018747595692249153,0
179,CN7_L_000179,0,0,실린더와 호퍼 온도 제외,-0.05667072402000306,0.018747595692249153,0
181,CN7_L_000181,0,0,실린더와 호퍼 온도 제외,-0.05962749563658809,0.018747595692249153,0
182,CN7_L_000182,0,0,실린더와 호퍼 온도 제외,-0.04025347733316531,0.018747595692249153,0
183,CN7_L_000183,3,0,실린더와 호퍼 온도 제외,-0.05582450622751223,0.018747595692249153,0
184,CN7_L_000184,2,0,실린더와 호퍼 온도 제외,-0.06330113508481494,0.018747595692249153,0
186,CN7_L_000186,0,0,실린더와 호퍼 온도 제외,-0.04848176601928911,0.018747595692249153,0
187,CN7_L_000187,1,0,실린더와 호퍼 온도 제외,-0.08255350204802125,0.018747595692249153,0
188,CN7_L_000188,0,0,실린더와 호퍼 온도 제외,-0.05235317505773507,0.018747595692249153,0
189,CN7_L_000189,0,0,실린더와 호퍼 온도 제외,-0.048919724028464895,0.018747595692249153,0
190,CN7_L_000190,2,0,실린더와 호퍼 온도 제외,-0.07409864340328776,0.018747595692249153,0
191,CN7_L_000191,2,0,실린더와 호퍼 온도 제외,-0.06248464745195159,0.018747595692249153,0
192,CN7_L_000192,0,0,실린더와 호퍼 온도 제외,-0.03855814054265938,0.018747595692249153,0
193,CN7_L_000193,2,0,실린더와 호퍼 온도 제외,-0.0499923782245113,0.018747595692249153,0
194,CN7_L_000194,1,0,실린더와 호퍼 온도 제외,-0.017997625350350432,0.018747595692249153,0
195,CN7_L_000195,0,0,실린더와 호퍼 온도 제외,-0.020075020066664617,0.018747595692249153,0
196,CN7_L_000196,0,0,실린더와 호퍼 온도 제외,-0.017936763792536947,0.018747595692249153,0
197,CN7_L_000197,3,0,실린더와 호퍼 온도 제외,-0.05079373802364451,0.018747595692249153,0
198,CN7_L_000198,0,0,실린더와 호퍼 온도 제외,-0.018410498556096666,0.018747595692249153,0
199,CN7_L_000199,2,0,실린더와 호퍼 온도 제외,-0.01785479784361277,0.018747595692249153,0
200,CN7_L_000200,3,0,실린더와 호퍼 온도 제외,-0.030122565745207996,0.018747595692249153,0
202,CN7_L_000202,0,0,실린더와 호퍼 온도 제외,-0.050869592441707745,0.018747595692249153,0
204,CN7_L_000204,0,0,실린더와 호퍼 온도 제외,-0.06530212769705779,0.018747595692249153,0
206,CN7_L_000206,1,0,실린더와 호퍼 온도 제외,-0.041582125474079135,0.018747595692249153,0
207,CN7_L_000207,1,0,실린더와 호퍼 온도 제외,-0.00012813085739926677,0.018747595692249153,0
208,CN7_L_000208,2,0,실린더와 호퍼 온도 제외,-0.01410603178765868,0.018747595692249153,0
209,CN7_L_000209,3,0,실린더와 호퍼 온도 제외,-0.006514925588659626,0.018747595692249153,0
210,CN7_L_000210,3,0,실린더와 호퍼 온도 제외,-0.04416324058996279,0.018747595692249153,0
211,CN7_L_000211,3,0,실린더와 호퍼 온도 제외,-0.007415286902714424,0.018747595692249153,0
212,CN7_L_000212,3,0,실린더와 호퍼 온도 제외,-0.03148801018334124,0.018747595692249153,0
213,CN7_L_000213,3,0,실린더와 호퍼 온도 제외,-0.01990958882761129,0.018747595692249153,0
216,CN7_L_000216,3,0,실린더와 호퍼 온도 제외,-0.0326763870270006,0.018747595692249153,0
217,CN7_L_000217,1,0,실린더와 호퍼 온도 제외,-0.050349228781539246,0.018747595692249153,0
218,CN7_L_000218,2,0,실린더와 호퍼 온도 제외,-0.04062828994177181,0.018747595692249153,0
220,CN7_L_000220,2,0,실린더와 호퍼 온도 제외,-0.035766428351446056,0.018747595692249153,0
221,CN7_L_000221,2,0,실린더와 호퍼 온도 제외,-0.062011800356053026,0.018747595692249153,0
222,CN7_L_000222,3,0,실린더와 호퍼 온도 제외,-0.0576828024079763,0.018747595692249153,0
223,CN7_L_000223,1,0,실린더와 호퍼 온도 제외,0.001454630935883383,0.018747595692249153,0
224,CN7_L_000224,3,0,실린더와 호퍼 온도 제외,-0.02405774290889262,0.018747595692249153,0
225,CN7_L_000225,0,0,실린더와 호퍼 온도 제외,-0.03835076371455015,0.018747595692249153,0
226,CN7_L_000226,3,0,실린더와 호퍼 온도 제외,-0.028969714664734525,0.018747595692249153,0
231,CN7_L_000231,1,0,실린더와 호퍼 온도 제외,-0.05688766684459168,0.018747595692249153,0
232,CN7_L_000232,1,0,실린더와 호퍼 온도 제외,-0.04040943485187265,0.018747595692249153,0
233,CN7_L_000233,1,0,실린더와 호퍼 온도 제외,-0.009256396846339054,0.018747595692249153,0
234,CN7_L_000234,3,0,실린더와 호퍼 온도 제외,-0.013667782297141162,0.018747595692249153,0
235,CN7_L_000235,3,0,실린더와 호퍼 온도 제외,-0.03877096919396816,0.018747595692249153,0
236,CN7_L_000236,0,0,실린더와 호퍼 온도 제외,-0.0471187018302448,0.018747595692249153,0
237,CN7_L_000237,3,0,실린더와 호퍼 온도 제외,-0.06228281597100116,0.018747595692249153,0
238,CN7_L_000238,1,0,실린더와 호퍼 온도 제외,-0.07935297706625821,0.018747595692249153,0
239,CN7_L_000239,1,0,실린더와 호퍼 온도 제외,-0.037534986090632216,0.018747595692249153,0
241,CN7_L_000241,1,0,실린더와 호퍼 온도 제외,-0.07688788636629296,0.018747595692249153,0
242,CN7_L_000242,0,0,실린더와 호퍼 온도 제외,-0.012662450673013304,0.018747595692249153,0
243,CN7_L_000243,2,0,실린더와 호퍼 온도 제외,-0.04984874539805739,0.018747595692249153,0
245,CN7_L_000245,1,0,실린더와 호퍼 온도 제외,-0.07304024002712417,0.018747595692249153,0
246,CN7_L_000246,1,0,실린더와 호퍼 온도 제외,-0.09087331437820723,0.018747595692249153,0
247,CN7_L_000247,1,0,실린더와 호퍼 온도 제외,-0.02716515813049636,0.018747595692249153,0
248,CN7_L_000248,2,0,실린더와 호퍼 온도 제외,-0.06402394915502185,0.018747595692249153,0
249,CN7_L_000249,3,0,실린더와 호퍼 온도 제외,-0.035187353211211914,0.018747595692249153,0
250,CN7_L_000250,1,0,실린더와 호퍼 온도 제외,-0.08528878298717979,0.018747595692249153,0
251,CN7_L_000251,2,0,실린더와 호퍼 온도 제외,-0.08961677495979758,0.018747595692249153,0
252,CN7_L_000252,1,0,실린더와 호퍼 온도 제외,-0.05963500178041814,0.018747595692249153,0
253,CN7_L_000253,3,0,실린더와 호퍼 온도 제외,-0.046685596755111636,0.018747595692249153,0
254,CN7_L_000254,3,0,실린더와 호퍼 온도 제외,-0.057177090574707545,0.018747595692249153,0
256,CN7_L_000256,3,0,실린더와 호퍼 온도 제외,-0.04090923838072946,0.018747595692249153,0
258,CN7_L_000258,2,0,실린더와 호퍼 온도 제외,-0.07233275118356186,0.018747595692249153,0
259,CN7_L_000259,0,0,실린더와 호퍼 온도 제외,-0.05526381561220184,0.018747595692249153,0
260,CN7_L_000260,1,0,실린더와 호퍼 온도 제외,-0.11745038336924285,0.018747595692249153,0
261,CN7_L_000261,3,0,실린더와 호퍼 온도 제외,-0.07039893283646403,0.018747595692249153,0
262,CN7_L_000262,3,0,실린더와 호퍼 온도 제외,-0.054186631416846875,0.018747595692249153,0
263,CN7_L_000263,2,0,실린더와 호퍼 온도 제외,-0.02896411640717167,0.018747595692249153,0
264,CN7_L_000264,3,0,실린더와 호퍼 온도 제외,-0.04885832162779691,0.018747595692249153,0
267,CN7_L_000267,0,0,실린더와 호퍼 온도 제외,-0.06130944629474966,0.018747595692249153,0
268,CN7_L_000268,0,0,실린더와 호퍼 온도 제외,-0.08264455716696562,0.018747595692249153,0
269,CN7_L_000269,1,0,실린더와 호퍼 온도 제외,-0.06897139849066436,0.018747595692249153,0
270,CN7_L_000270,2,0,실린더와 호퍼 온도 제외,-0.08399545402258868,0.018747595692249153,0
271,CN7_L_000271,0,0,실린더와 호퍼 온도 제외,-0.061355570601277165,0.018747595692249153,0
272,CN7_L_000272,2,0,실린더와 호퍼 온도 제외,-0.057462725116801394,0.018747595692249153,0
273,CN7_L_000273,3,0,실린더와 호퍼 온도 제외,-0.05588508230108724,0.018747595692249153,0
275,CN7_L_000275,1,0,실린더와 호퍼 온도 제외,-0.0719380826902336,0.018747595692249153,0
276,CN7_L_000276,1,0,실린더와 호퍼 온도 제외,-0.09385464340975336,0.018747595692249153,0
277,CN7_L_000277,1,0,실린더와 호퍼 온도 제외,-0.04962906190739558,0.018747595692249153,0
278,CN7_L_000278,1,0,실린더와 호퍼 온도 제외,-0.07412289465780875,0.018747595692249153,0
279,CN7_L_000279,0,0,실린더와 호퍼 온도 제외,-0.05714489918298904,0.018747595692249153,0
280,CN7_L_000280,3,0,실린더와 호퍼 온도 제외,-0.06403670281703633,0.018747595692249153,0
282,CN7_L_000282,0,0,실린더와 호퍼 온도 제외,-0.05908286639568194,0.018747595692249153,0
285,CN7_L_000285,0,0,실린더와 호퍼 온도 제외,-0.0665327696824245,0.018747595692249153,0
286,CN7_L_000286,0,0,실린더와 호퍼 온도 제외,-0.07451996386691073,0.018747595692249153,0
288,CN7_L_000288,2,0,실린더와 호퍼 온도 제외,-0.08965179069149576,0.018747595692249153,0
289,CN7_L_000289,1,0,실린더와 호퍼 온도 제외,-0.092917937028131,0.018747595692249153,0
291,CN7_L_000291,3,0,실린더와 호퍼 온도 제외,-0.0579240614135883,0.018747595692249153,0
292,CN7_L_000292,3,0,실린더와 호퍼 온도 제외,-0.05654658659019374,0.018747595692249153,0
293,CN7_L_000293,1,0,실린더와 호퍼 온도 제외,-0.09269948272951156,0.018747595692249153,0
294,CN7_L_000294,2,0,실린더와 호퍼 온도 제외,-0.12116552848481454,0.018747595692249153,0
295,CN7_L_000295,1,0,실린더와 호퍼 온도 제외,-0.06870724093576497,0.018747595692249153,0
296,CN7_L_000296,3,0,실린더와 호퍼 온도 제외,-0.051267579667062524,0.018747595692249153,0
297,CN7_L_000297,1,0,실린더와 호퍼 온도 제외,-0.07854035379070368,0.018747595692249153,0
298,CN7_L_000298,0,0,실린더와 호퍼 온도 제외,-0.09067154696567137,0.018747595692249153,0
299,CN7_L_000299,1,0,실린더와 호퍼 온도 제외,-0.0856784317209951,0.018747595692249153,0
300,CN7_L_000300,1,0,실린더와 호퍼 온도 제외,-0.07343380517835474,0.018747595692249153,0
301,CN7_L_000301,1,0,실린더와 호퍼 온도 제외,-0.06969595179159205,0.018747595692249153,0
303,CN7_L_000303,1,0,실린더와 호퍼 온도 제외,-0.08002537830060863,0.018747595692249153,0
304,CN7_L_000304,0,0,실린더와 호퍼 온도 제외,-0.06590755034669504,0.018747595692249153,0
305,CN7_L_000305,0,0,실린더와 호퍼 온도 제외,-0.0844398926761003,0.018747595692249153,0
307,CN7_L_000307,3,0,실린더와 호퍼 온도 제외,-0.0654878083219006,0.018747595692249153,0
308,CN7_L_000308,0,0,실린더와 호퍼 온도 제외,-0.09458472441565524,0.018747595692249153,0
310,CN7_L_000310,3,0,실린더와 호퍼 온도 제외,-0.06924177479216675,0.018747595692249153,0
311,CN7_L_000311,1,0,실린더와 호퍼 온도 제외,-0.06597611983634177,0.018747595692249153,0
312,CN7_L_000312,2,0,실린더와 호퍼 온도 제외,-0.10546251570026444,0.018747595692249153,0
313,CN7_L_000313,0,0,실린더와 호퍼 온도 제외,-0.0765383004784459,0.018747595692249153,0
314,CN7_L_000314,1,0,실린더와 호퍼 온도 제외,-0.0855385927140957,0.018747595692249153,0
315,CN7_L_000315,2,0,실린더와 호퍼 온도 제외,-0.0780824526300159,0.018747595692249153,0
316,CN7_L_000316,3,0,실린더와 호퍼 온도 제외,-0.049882539040905005,0.018747595692249153,0
317,CN7_L_000317,3,0,실린더와 호퍼 온도 제외,-0.029432900368782988,0.018747595692249153,0
318,CN7_L_000318,2,0,실린더와 호퍼 온도 제외,-0.07446648735805139,0.018747595692249153,0
319,CN7_L_000319,0,0,실린더와 호퍼 온도 제외,-0.08152176286054447,0.018747595692249153,0
320,CN7_L_000320,2,0,실린더와 호퍼 온도 제외,-0.07380159013264942,0.018747595692249153,0
321,CN7_L_000321,0,0,실린더와 호퍼 온도 제외,-0.06505628388778639,0.018747595692249153,0
323,CN7_L_000323,0,0,실린더와 호퍼 온도 제외,-0.08023450157156287,0.018747595692249153,0
324,CN7_L_000324,0,0,실린더와 호퍼 온도 제외,-0.06218503765595518,0.018747595692249153,0
325,CN7_L_000325,1,0,실린더와 호퍼 온도 제외,-0.06060188532619648,0.018747595692249153,0
326,CN7_L_000326,1,0,실린더와 호퍼 온도 제외,-0.0697430082403021,0.018747595692249153,0
328,CN7_L_000328,1,0,실린더와 호퍼 온도 제외,-0.08866587265049253,0.018747595692249153,0
330,CN7_L_000330,1,0,실린더와 호퍼 온도 제외,-0.09211130500608444,0.018747595692249153,0
331,CN7_L_000331,1,0,실린더와 호퍼 온도 제외,-0.0788237726889518,0.018747595692249153,0
332,CN7_L_000332,0,0,실린더와 호퍼 온도 제외,-0.08789128744222818,0.018747595692249153,0
333,CN7_L_000333,2,0,실린더와 호퍼 온도 제외,-0.09212470044086896,0.018747595692249153,0
334,CN7_L_000334,3,0,실린더와 호퍼 온도 제외,-0.0832858429098251,0.018747595692249153,0
335,CN7_L_000335,3,0,실린더와 호퍼 온도 제외,-0.03864999780019174,0.018747595692249153,0
336,CN7_L_000336,2,0,실린더와 호퍼 온도 제외,-0.06168603240967352,0.018747595692249153,0
337,CN7_L_000337,2,0,실린더와 호퍼 온도 제외,-0.07520551280737298,0.018747595692249153,0
338,CN7_L_000338,2,0,실린더와 호퍼 온도 제외,-0.08348298927019426,0.018747595692249153,0
339,CN7_L_000339,3,0,실린더와 호퍼 온도 제외,-0.07300788395647606,0.018747595692249153,0
340,CN7_L_000340,2,0,실린더와 호퍼 온도 제외,-0.09889512666278222,0.018747595692249153,0
342,CN7_L_000342,1,0,실린더와 호퍼 온도 제외,-0.06384703975421946,0.018747595692249153,0
343,CN7_L_000343,2,0,실린더와 호퍼 온도 제외,-0.09972412182393109,0.018747595692249153,0
345,CN7_L_000345,1,0,실린더와 호퍼 온도 제외,-0.07858120254697498,0.018747595692249153,0
346,CN7_L_000346,3,0,실린더와 호퍼 온도 제외,-0.06257458721098086,0.018747595692249153,0
347,CN7_L_000347,1,0,실린더와 호퍼 온도 제외,-0.06715162575441447,0.018747595692249153,0
348,CN7_L_000348,1,0,실린더와 호퍼 온도 제외,-0.0749950434234119,0.018747595692249153,0
349,CN7_L_000349,3,0,실린더와 호퍼 온도 제외,-0.06733246130943948,0.018747595692249153,0
350,CN7_L_000350,2,0,실린더와 호퍼 온도 제외,-0.09373848830214682,0.018747595692249153,0
352,CN7_L_000352,2,0,실린더와 호퍼 온도 제외,-0.11221159701018779,0.018747595692249153,0
354,CN7_L_000354,3,0,실린더와 호퍼 온도 제외,-0.08844215365112928,0.018747595692249153,0
355,CN7_L_000355,2,0,실린더와 호퍼 온도 제외,-0.09427194464748023,0.018747595692249153,0
356,CN7_L_000356,2,0,실린더와 호퍼 온도 제외,-0.07106408417966437,0.018747595692249153,0
358,CN7_L_000358,2,0,실린더와 호퍼 온도 제외,-0.0765496636513685,0.018747595692249153,0
360,CN7_L_000360,2,0,실린더와 호퍼 온도 제외,-0.09184111957561125,0.018747595692249153,0
361,CN7_L_000361,2,0,실린더와 호퍼 온도 제외,-0.08370008625750147,0.018747595692249153,0
362,CN7_L_000362,0,0,실린더와 호퍼 온도 제외,-0.026874943082900504,0.018747595692249153,0
363,CN7_L_000363,1,0,실린더와 호퍼 온도 제외,-0.0962746204330247,0.018747595692249153,0
364,CN7_L_000364,2,0,실린더와 호퍼 온도 제외,-0.09304862144271508,0.018747595692249153,0
365,CN7_L_000365,2,0,실린더와 호퍼 온도 제외,-0.09881641239631689,0.018747595692249153,0
366,CN7_L_000366,2,0,실린더와 호퍼 온도 제외,-0.11057823672341849,0.018747595692249153,0
367,CN7_L_000367,3,0,실린더와 호퍼 온도 제외,-0.048370811418111614,0.018747595692249153,0
368,CN7_L_000368,2,0,실린더와 호퍼 온도 제외,-0.07461846772226632,0.018747595692249153,0
369,CN7_L_000369,1,0,실린더와 호퍼 온도 제외,-0.081283744917656,0.018747595692249153,0
370,CN7_L_000370,2,0,실린더와 호퍼 온도 제외,-0.06609923338583146,0.018747595692249153,0
371,CN7_L_000371,1,0,실린더와 호퍼 온도 제외,-0.07378157650330941,0.018747595692249153,0
372,CN7_L_000372,1,0,실린더와 호퍼 온도 제외,-0.10461360178245727,0.018747595692249153,0
374,CN7_L_000374,1,0,실린더와 호퍼 온도 제외,-0.08935790289237078,0.018747595692249153,0
375,CN7_L_000375,2,0,실린더와 호퍼 온도 제외,-0.12814589704297008,0.018747595692249153,0
376,CN7_L_000376,1,0,실린더와 호퍼 온도 제외,-0.10925543091347345,0.018747595692249153,0
377,CN7_L_000377,0,0,실린더와 호퍼 온도 제외,-0.06973058804760024,0.018747595692249153,0
378,CN7_L_000378,1,0,실린더와 호퍼 온도 제외,-0.09193233582345917,0.018747595692249153,0
379,CN7_L_000379,3,0,실린더와 호퍼 온도 제외,-0.03751402410716409,0.018747595692249153,0
381,CN7_L_000381,1,0,실린더와 호퍼 온도 제외,-0.04889857798537145,0.018747595692249153,0
382,CN7_L_000382,3,0,실린더와 호퍼 온도 제외,-0.06691013187660122,0.018747595692249153,0
383,CN7_L_000383,3,0,실린더와 호퍼 온도 제외,-0.0884208642024058,0.018747595692249153,0
384,CN7_L_000384,1,0,실린더와 호퍼 온도 제외,-0.1300573036535817,0.018747595692249153,0
385,CN7_L_000385,2,0,실린더와 호퍼 온도 제외,-0.13562250755906424,0.018747595692249153,0
387,CN7_L_000387,3,0,실린더와 호퍼 온도 제외,-0.04054956404695975,0.018747595692249153,0
388,CN7_L_000388,0,0,실린더와 호퍼 온도 제외,-0.07454276069313659,0.018747595692249153,0
389,CN7_L_000389,2,0,실린더와 호퍼 온도 제외,-0.04039484712572783,0.018747595692249153,0
390,CN7_L_000390,3,0,실린더와 호퍼 온도 제외,-0.03196423375294488,0.018747595692249153,0
391,CN7_L_000391,1,0,실린더와 호퍼 온도 제외,-0.07894412108945703,0.018747595692249153,0
394,CN7_L_000394,3,0,실린더와 호퍼 온도 제외,-0.06745661854094864,0.018747595692249153,0
395,CN7_L_000395,0,0,실린더와 호퍼 온도 제외,-0.0497827961198416,0.018747595692249153,0
396,CN7_L_000396,3,0,실린더와 호퍼 온도 제외,-0.05919261754175231,0.018747595692249153,0
397,CN7_L_000397,0,0,실린더와 호퍼 온도 제외,-0.09796123227688414,0.018747595692249153,0
398,CN7_L_000398,2,0,실린더와 호퍼 온도 제외,-0.05737660878806805,0.018747595692249153,0
400,CN7_L_000400,0,0,실린더와 호퍼 온도 제외,-0.06457304081026205,0.018747595692249153,0
402,CN7_L_000402,2,0,실린더와 호퍼 온도 제외,-0.07597847488215681,0.018747595692249153,0
404,CN7_L_000404,1,0,실린더와 호퍼 온도 제외,-0.07142559493920997,0.018747595692249153,0
406,CN7_L_000406,1,0,실린더와 호퍼 온도 제외,-0.08606419913330932,0.018747595692249153,0
407,CN7_L_000407,0,0,실린더와 호퍼 온도 제외,-0.056909793144065635,0.018747595692249153,0
408,CN7_L_000408,0,0,실린더와 호퍼 온도 제외,-0.06261876610736072,0.018747595692249153,0
409,CN7_L_000409,0,0,실린더와 호퍼 온도 제외,-0.07664082218572332,0.018747595692249153,0
410,CN7_L_000410,1,0,실린더와 호퍼 온도 제외,-0.0891687687569438,0.018747595692249153,0
411,CN7_L_000411,1,0,실린더와 호퍼 온도 제외,-0.10645331071912167,0.018747595692249153,0
412,CN7_L_000412,3,0,실린더와 호퍼 온도 제외,-0.040234325385986036,0.018747595692249153,0
413,CN7_L_000413,2,0,실린더와 호퍼 온도 제외,-0.08757201607242227,0.018747595692249153,0
414,CN7_L_000414,1,0,실린더와 호퍼 온도 제외,-0.0752930437718149,0.018747595692249153,0
416,CN7_L_000416,0,0,실린더와 호퍼 온도 제외,-0.07993895184668043,0.018747595692249153,0
417,CN7_L_000417,0,0,실린더와 호퍼 온도 제외,-0.06438257206959586,0.018747595692249153,0
418,CN7_L_000418,2,0,실린더와 호퍼 온도 제외,-0.060337401798033596,0.018747595692249153,0
419,CN7_L_000419,2,0,실린더와 호퍼 온도 제외,-0.09814476988614196,0.018747595692249153,0
421,CN7_L_000421,3,0,실린더와 호퍼 온도 제외,-0.04680056953187828,0.018747595692249153,0
422,CN7_L_000422,1,0,실린더와 호퍼 온도 제외,-0.11965144703910369,0.018747595692249153,0
423,CN7_L_000423,0,0,실린더와 호퍼 온도 제외,-0.06346458958794221,0.018747595692249153,0
424,CN7_L_000424,3,0,실린더와 호퍼 온도 제외,-0.05160958517663694,0.018747595692249153,0
425,CN7_L_000425,1,0,실린더와 호퍼 온도 제외,-0.06006405624657818,0.018747595692249153,0
426,CN7_L_000426,2,0,실린더와 호퍼 온도 제외,-0.08794695866576463,0.018747595692249153,0
428,CN7_L_000428,2,0,실린더와 호퍼 온도 제외,-0.09588107499776832,0.018747595692249153,0
429,CN7_L_000429,3,0,실린더와 호퍼 온도 제외,-0.03246152410444525,0.018747595692249153,0
430,CN7_L_000430,0,0,실린더와 호퍼 온도 제외,-0.07534465584691175,0.018747595692249153,0
433,CN7_L_000433,2,0,실린더와 호퍼 온도 제외,-0.08499329648632692,0.018747595692249153,0
434,CN7_L_000434,3,0,실린더와 호퍼 온도 제외,-0.03142081474352576,0.018747595692249153,0
435,CN7_L_000435,0,0,실린더와 호퍼 온도 제외,-0.07981403366146989,0.018747595692249153,0
436,CN7_L_000436,1,0,실린더와 호퍼 온도 제외,-0.09096334866480671,0.018747595692249153,0
437,CN7_L_000437,3,0,실린더와 호퍼 온도 제외,-0.07618485593028312,0.018747595692249153,0
438,CN7_L_000438,1,0,실린더와 호퍼 온도 제외,-0.09427710419739554,0.018747595692249153,0
439,CN7_L_000439,1,0,실린더와 호퍼 온도 제외,-0.06101808793402208,0.018747595692249153,0
440,CN7_L_000440,0,0,실린더와 호퍼 온도 제외,-0.07207233753931641,0.018747595692249153,0
442,CN7_L_000442,2,0,실린더와 호퍼 온도 제외,-0.08341254077572824,0.018747595692249153,0
443,CN7_L_000443,1,0,실린더와 호퍼 온도 제외,-0.06993716312029896,0.018747595692249153,0
445,CN7_L_000445,0,0,실린더와 호퍼 온도 제외,-0.07887450278416841,0.018747595692249153,0
446,CN7_L_000446,0,0,실린더와 호퍼 온도 제외,-0.06616789955467883,0.018747595692249153,0
447,CN7_L_000447,0,0,실린더와 호퍼 온도 제외,-0.07694107617816615,0.018747595692249153,0
448,CN7_L_000448,2,0,실린더와 호퍼 온도 제외,-0.1000118476785401,0.018747595692249153,0
450,CN7_L_000450,2,0,실린더와 호퍼 온도 제외,-0.08483669058513144,0.018747595692249153,0
451,CN7_L_000451,1,0,실린더와 호퍼 온도 제외,-0.1148415650065342,0.018747595692249153,0
452,CN7_L_000452,3,0,실린더와 호퍼 온도 제외,-0.03984625908516648,0.018747595692249153,0
453,CN7_L_000453,0,0,실린더와 호퍼 온도 제외,-0.06860382866890635,0.018747595692249153,0
454,CN7_L_000454,3,0,실린더와 호퍼 온도 제외,-0.061198752185851024,0.018747595692249153,0
455,CN7_L_000455,1,0,실린더와 호퍼 온도 제외,-0.09871436534208433,0.018747595692249153,0
456,CN7_L_000456,2,0,실린더와 호퍼 온도 제외,-0.05105479748274,0.018747595692249153,0
457,CN7_L_000457,2,0,실린더와 호퍼 온도 제외,-0.06334575743055337,0.018747595692249153,0
458,CN7_L_000458,1,0,실린더와 호퍼 온도 제외,-0.08787493386552869,0.018747595692249153,0
459,CN7_L_000459,3,0,실린더와 호퍼 온도 제외,-0.05612032536653633,0.018747595692249153,0
460,CN7_L_000460,1,0,실린더와 호퍼 온도 제외,-0.07336239515096343,0.018747595692249153,0
461,CN7_L_000461,0,0,실린더와 호퍼 온도 제외,0.006551021396063561,0.018747595692249153,0
463,CN7_L_000463,1,0,실린더와 호퍼 온도 제외,-0.08658569153753737,0.018747595692249153,0
464,CN7_L_000464,1,0,실린더와 호퍼 온도 제외,-0.09203025992815084,0.018747595692249153,0
465,CN7_L_000465,3,0,실린더와 호퍼 온도 제외,-0.05343685331086956,0.018747595692249153,0
466,CN7_L_000466,0,0,실린더와 호퍼 온도 제외,-0.08959711401139048,0.018747595692249153,0
467,CN7_L_000467,2,0,실린더와 호퍼 온도 제외,-0.036313408237859335,0.018747595692249153,0
470,CN7_L_000470,3,0,실린더와 호퍼 온도 제외,-0.04360000281556564,0.018747595692249153,0
471,CN7_L_000471,0,0,실린더와 호퍼 온도 제외,-0.029159190015225267,0.018747595692249153,0
474,CN7_L_000474,2,0,실린더와 호퍼 온도 제외,-0.06723904803203729,0.018747595692249153,0
476,CN7_L_000476,0,0,실린더와 호퍼 온도 제외,-0.07550841012958376,0.018747595692249153,0
477,CN7_L_000477,1,0,실린더와 호퍼 온도 제외,-0.043328330583652264,0.018747595692249153,0
478,CN7_L_000478,0,0,실린더와 호퍼 온도 제외,-0.07982463797975603,0.018747595692249153,0
479,CN7_L_000479,3,0,실린더와 호퍼 온도 제외,-0.07699577195321039,0.018747595692249153,0
481,CN7_L_000481,3,0,실린더와 호퍼 온도 제외,-0.06174335103064221,0.018747595692249153,0
482,CN7_L_000482,1,0,실린더와 호퍼 온도 제외,-0.10182883284407307,0.018747595692249153,0
483,CN7_L_000483,2,0,실린더와 호퍼 온도 제외,-0.07919293039193098,0.018747595692249153,0
484,CN7_L_000484,3,0,실린더와 호퍼 온도 제외,-0.05214554138384164,0.018747595692249153,0
486,CN7_L_000486,3,0,실린더와 호퍼 온도 제외,-0.052815854732645384,0.018747595692249153,0
487,CN7_L_000487,2,0,실린더와 호퍼 온도 제외,-0.07700951507401799,0.018747595692249153,0
491,CN7_L_000491,1,0,실린더와 호퍼 온도 제외,-0.12103831624854511,0.018747595692249153,0
492,CN7_L_000492,1,0,실린더와 호퍼 온도 제외,-0.07273185530395665,0.018747595692249153,0
493,CN7_L_000493,1,0,실린더와 호퍼 온도 제외,-0.07672383888013723,0.018747595692249153,0
494,CN7_L_000494,2,0,실린더와 호퍼 온도 제외,-0.0659056985882045,0.018747595692249153,0
495,CN7_L_000495,3,0,실린더와 호퍼 온도 제외,-0.027261306973870525,0.018747595692249153,0
496,CN7_L_000496,2,0,실린더와 호퍼 온도 제외,-0.10321617809260974,0.018747595692249153,0
497,CN7_L_000497,3,0,실린더와 호퍼 온도 제외,-0.032054761918019814,0.018747595692249153,0
499,CN7_L_000499,3,0,실린더와 호퍼 온도 제외,-0.06043660585973942,0.018747595692249153,0
500,CN7_L_000500,2,0,실린더와 호퍼 온도 제외,-0.09564212218521728,0.018747595692249153,0
501,CN7_L_000501,2,0,실린더와 호퍼 온도 제외,-0.09305299797003475,0.018747595692249153,0
502,CN7_L_000502,2,0,실린더와 호퍼 온도 제외,-0.06578004490361833,0.018747595692249153,0
504,CN7_L_000504,1,0,실린더와 호퍼 온도 제외,-0.08160554842146173,0.018747595692249153,0
507,CN7_L_000507,1,0,실린더와 호퍼 온도 제외,-0.055818812941407,0.018747595692249153,0
508,CN7_L_000508,0,0,실린더와 호퍼 온도 제외,-0.07473509930678945,0.018747595692249153,0
509,CN7_L_000509,1,0,실린더와 호퍼 온도 제외,-0.09875618711581291,0.018747595692249153,0
510,CN7_L_000510,1,0,실린더와 호퍼 온도 제외,-0.08383948594698776,0.018747595692249153,0
511,CN7_L_000511,2,0,실린더와 호퍼 온도 제외,-0.0992478181236951,0.018747595692249153,0
513,CN7_L_000513,2,0,실린더와 호퍼 온도 제외,-0.0632589016153049,0.018747595692249153,0
514,CN7_L_000514,0,0,실린더와 호퍼 온도 제외,-0.03649190130174507,0.018747595692249153,0
515,CN7_L_000515,0,0,실린더와 호퍼 온도 제외,-0.07166460861248813,0.018747595692249153,0
516,CN7_L_000516,3,0,실린더와 호퍼 온도 제외,-0.0415026245982375,0.018747595692249153,0
517,CN7_L_000517,0,0,실린더와 호퍼 온도 제외,-0.0567178766009766,0.018747595692249153,0
519,CN7_L_000519,3,0,실린더와 호퍼 온도 제외,-0.04352431692887215,0.018747595692249153,0
520,CN7_L_000520,3,0,실린더와 호퍼 온도 제외,-0.05973385252803309,0.018747595692249153,0
521,CN7_L_000521,0,0,실린더와 호퍼 온도 제외,-0.047873334636837406,0.018747595692249153,0
523,CN7_L_000523,0,0,실린더와 호퍼 온도 제외,-0.07521759409830064,0.018747595692249153,0
525,CN7_L_000525,1,0,실린더와 호퍼 온도 제외,-0.10650658238901967,0.018747595692249153,0
526,CN7_L_000526,0,0,실린더와 호퍼 온도 제외,-0.05681623383451706,0.018747595692249153,0
527,CN7_L_000527,2,0,실린더와 호퍼 온도 제외,-0.09636672479607178,0.018747595692249153,0
528,CN7_L_000528,3,0,실린더와 호퍼 온도 제외,-0.053017234426681714,0.018747595692249153,0
529,CN7_L_000529,0,0,실린더와 호퍼 온도 제외,-0.06792556141606187,0.018747595692249153,0
530,CN7_L_000530,2,0,실린더와 호퍼 온도 제외,-0.1023597730866741,0.018747595692249153,0
532,CN7_L_000532,3,0,실린더와 호퍼 온도 제외,-0.06989252574720695,0.018747595692249153,0
533,CN7_L_000533,0,0,실린더와 호퍼 온도 제외,-0.06337239415179274,0.018747595692249153,0
534,CN7_L_000534,2,0,실린더와 호퍼 온도 제외,-0.09011597937640525,0.018747595692249153,0
535,CN7_L_000535,2,0,실린더와 호퍼 온도 제외,-0.06394708631675972,0.018747595692249153,0
536,CN7_L_000536,2,0,실린더와 호퍼 온도 제외,-0.08985885938203131,0.018747595692249153,0
537,CN7_L_000537,0,0,실린더와 호퍼 온도 제외,-0.062369091254957265,0.018747595692249153,0
538,CN7_L_000538,2,0,실린더와 호퍼 온도 제외,-0.08993227671270887,0.018747595692249153,0
539,CN7_L_000539,0,0,실린더와 호퍼 온도 제외,-0.08474435894119825,0.018747595692249153,0
541,CN7_L_000541,3,0,실린더와 호퍼 온도 제외,-0.03929341784083773,0.018747595692249153,0
542,CN7_L_000542,2,0,실린더와 호퍼 온도 제외,-0.09525096488908513,0.018747595692249153,0
543,CN7_L_000543,1,0,실린더와 호퍼 온도 제외,-0.09087212356729735,0.018747595692249153,0
544,CN7_L_000544,2,0,실린더와 호퍼 온도 제외,-0.08766759799511492,0.018747595692249153,0
545,CN7_L_000545,3,0,실린더와 호퍼 온도 제외,-0.0707422214644291,0.018747595692249153,0
546,CN7_L_000546,1,0,실린더와 호퍼 온도 제외,-0.13770124585755728,0.018747595692249153,0
547,CN7_L_000547,2,0,실린더와 호퍼 온도 제외,-0.11987343088939628,0.018747595692249153,0
548,CN7_L_000548,3,0,실린더와 호퍼 온도 제외,-0.006530565070984373,0.018747595692249153,0
549,CN7_L_000549,2,0,실린더와 호퍼 온도 제외,-0.09790974649759132,0.018747595692249153,0
550,CN7_L_000550,2,0,실린더와 호퍼 온도 제외,-0.0746458285909899,0.018747595692249153,0
551,CN7_L_000551,0,0,실린더와 호퍼 온도 제외,-0.08790593083804499,0.018747595692249153,0
553,CN7_L_000553,3,0,실린더와 호퍼 온도 제외,-0.060198952497094727,0.018747595692249153,0
555,CN7_L_000555,0,0,실린더와 호퍼 온도 제외,-0.06347665017584303,0.018747595692249153,0
556,CN7_L_000556,1,0,실린더와 호퍼 온도 제외,-0.12263511332515353,0.018747595692249153,0
557,CN7_L_000557,1,0,실린더와 호퍼 온도 제외,-0.09889383752409531,0.018747595692249153,0
558,CN7_L_000558,3,0,실린더와 호퍼 온도 제외,-0.06160242052748721,0.018747595692249153,0
559,CN7_L_000559,1,0,실린더와 호퍼 온도 제외,-0.12345152104891977,0.018747595692249153,0
560,CN7_L_000560,1,0,실린더와 호퍼 온도 제외,-0.08228167786614593,0.018747595692249153,0
561,CN7_L_000561,0,0,실린더와 호퍼 온도 제외,-0.08099365014444082,0.018747595692249153,0
562,CN7_L_000562,0,0,실린더와 호퍼 온도 제외,-0.06635393343596929,0.018747595692249153,0
563,CN7_L_000563,2,0,실린더와 호퍼 온도 제외,-0.07777714459452323,0.018747595692249153,0
564,CN7_L_000564,1,0,실린더와 호퍼 온도 제외,-0.059412298535234775,0.018747595692249153,0
566,CN7_L_000566,2,0,실린더와 호퍼 온도 제외,-0.10287705653763268,0.018747595692249153,0
567,CN7_L_000567,0,0,실린더와 호퍼 온도 제외,-0.016137904436993367,0.018747595692249153,0
568,CN7_L_000568,2,0,실린더와 호퍼 온도 제외,-0.10630292708201372,0.018747595692249153,0
569,CN7_L_000569,1,0,실린더와 호퍼 온도 제외,-0.09058547866842437,0.018747595692249153,0
570,CN7_L_000570,2,0,실린더와 호퍼 온도 제외,-0.07824604002287572,0.018747595692249153,0
571,CN7_L_000571,3,0,실린더와 호퍼 온도 제외,-0.06398794428432941,0.018747595692249153,0
572,CN7_L_000572,1,0,실린더와 호퍼 온도 제외,-0.08454185220303723,0.018747595692249153,0
573,CN7_L_000573,3,0,실린더와 호퍼 온도 제외,-0.041674780647551035,0.018747595692249153,0
575,CN7_L_000575,2,0,실린더와 호퍼 온도 제외,-0.04992058365548502,0.018747595692249153,0
576,CN7_L_000576,3,0,실린더와 호퍼 온도 제외,-0.04663489716449032,0.018747595692249153,0
578,CN7_L_000578,2,0,실린더와 호퍼 온도 제외,-0.08573187420407935,0.018747595692249153,0
579,CN7_L_000579,2,0,실린더와 호퍼 온도 제외,-0.11644463365474422,0.018747595692249153,0
580,CN7_L_000580,2,0,실린더와 호퍼 온도 제외,-0.11910750727348374,0.018747595692249153,0
581,CN7_L_000581,1,0,실린더와 호퍼 온도 제외,-0.05912945417690141,0.018747595692249153,0
582,CN7_L_000582,1,0,실린더와 호퍼 온도 제외,-0.08007935009446765,0.018747595692249153,0
583,CN7_L_000583,1,0,실린더와 호퍼 온도 제외,-0.0846045928752619,0.018747595692249153,0
584,CN7_L_000584,3,0,실린더와 호퍼 온도 제외,-0.06990908947369467,0.018747595692249153,0
585,CN7_L_000585,0,0,실린더와 호퍼 온도 제외,-0.07790101245155023,0.018747595692249153,0
586,CN7_L_000586,3,0,실린더와 호퍼 온도 제외,-0.03916552180254129,0.018747595692249153,0
587,CN7_L_000587,0,0,실린더와 호퍼 온도 제외,-0.05343537808556542,0.018747595692249153,0
590,CN7_L_000590,3,0,실린더와 호퍼 온도 제외,-0.03932091914794755,0.018747595692249153,0
592,CN7_L_000592,2,0,실린더와 호퍼 온도 제외,-0.023812037178941203,0.018747595692249153,0
593,CN7_L_000593,1,0,실린더와 호퍼 온도 제외,-0.06416946189615214,0.018747595692249153,0
594,CN7_L_000594,1,0,실린더와 호퍼 온도 제외,-0.05709816786254995,0.018747595692249153,0
595,CN7_L_000595,3,0,실린더와 호퍼 온도 제외,-0.025363761044225885,0.018747595692249153,0
596,CN7_L_000596,0,0,실린더와 호퍼 온도 제외,-0.06901413003494516,0.018747595692249153,0
597,CN7_L_000597,1,0,실린더와 호퍼 온도 제외,-0.079119887980025,0.018747595692249153,0
598,CN7_L_000598,0,0,실린더와 호퍼 온도 제외,-0.05010859090151376,0.018747595692249153,0
599,CN7_L_000599,0,0,실린더와 호퍼 온도 제외,-0.07558785057472184,0.018747595692249153,0
601,CN7_L_000601,2,0,실린더와 호퍼 온도 제외,-0.10898317597665264,0.018747595692249153,0
602,CN7_L_000602,2,0,실린더와 호퍼 온도 제외,-0.10895279605893116,0.018747595692249153,0
604,CN7_L_000604,3,0,실린더와 호퍼 온도 제외,0.5254730474997502,0.018747595692249153,1
605,CN7_L_000605,0,0,실린더와 호퍼 온도 제외,2.120836378487537,0.018747595692249153,1
0,CN7_L_000000,0,0,금형 온도 제외,-0.02820353151479349,0.025210524604678763,0
2,CN7_L_000002,0,0,금형 온도 제외,-0.02198269044008594,0.025210524604678763,0
3,CN7_L_000003,0,0,금형 온도 제외,-0.05981400515909607,0.025210524604678763,0
4,CN7_L_000004,3,0,금형 온도 제외,-0.05094577904703046,0.025210524604678763,0
5,CN7_L_000005,2,0,금형 온도 제외,-0.06608741200858592,0.025210524604678763,0
6,CN7_L_000006,2,0,금형 온도 제외,-0.07327769786112803,0.025210524604678763,0
7,CN7_L_000007,1,0,금형 온도 제외,-0.08087062237577092,0.025210524604678763,0
8,CN7_L_000008,0,0,금형 온도 제외,-0.02426026536227166,0.025210524604678763,0
9,CN7_L_000009,1,0,금형 온도 제외,-0.01457270437625402,0.025210524604678763,0
10,CN7_L_000010,0,0,금형 온도 제외,-0.044522029650744255,0.025210524604678763,0
11,CN7_L_000011,0,0,금형 온도 제외,-0.049870599731203225,0.025210524604678763,0
12,CN7_L_000012,1,0,금형 온도 제외,-0.008587643424215585,0.025210524604678763,0
15,CN7_L_000015,2,0,금형 온도 제외,-0.09948101630104622,0.025210524604678763,0
16,CN7_L_000016,1,0,금형 온도 제외,-0.07889311611111438,0.025210524604678763,0
17,CN7_L_000017,3,0,금형 온도 제외,-0.025253989612615158,0.025210524604678763,0
18,CN7_L_000018,2,0,금형 온도 제외,-0.031976561257318625,0.025210524604678763,0
19,CN7_L_000019,1,0,금형 온도 제외,-0.03926929058502093,0.025210524604678763,0
22,CN7_L_000022,0,0,금형 온도 제외,0.025210524604678763,0.025210524604678763,0
23,CN7_L_000023,3,0,금형 온도 제외,-0.036951971873170564,0.025210524604678763,0
24,CN7_L_000024,3,1,금형 온도 제외,-0.04320365625164646,0.025210524604678763,0
25,CN7_L_000025,0,0,금형 온도 제외,-0.0382478243532538,0.025210524604678763,0
26,CN7_L_000026,0,0,금형 온도 제외,-0.03196531180210238,0.025210524604678763,0
27,CN7_L_000027,3,0,금형 온도 제외,-0.05695838856398172,0.025210524604678763,0
29,CN7_L_000029,0,0,금형 온도 제외,-0.008894200398706253,0.025210524604678763,0
30,CN7_L_000030,1,0,금형 온도 제외,-0.0593957155205147,0.025210524604678763,0
31,CN7_L_000031,0,0,금형 온도 제외,-0.024566915904266295,0.025210524604678763,0
32,CN7_L_000032,2,0,금형 온도 제외,-0.029355019341245736,0.025210524604678763,0
34,CN7_L_000034,3,0,금형 온도 제외,-0.055701122209996345,0.025210524604678763,0
36,CN7_L_000036,0,0,금형 온도 제외,0.9151315749300921,0.025210524604678763,1
37,CN7_L_000037,0,0,금형 온도 제외,-0.021877178733356484,0.025210524604678763,0
38,CN7_L_000038,3,0,금형 온도 제외,-0.07198967193715511,0.025210524604678763,0
39,CN7_L_000039,0,0,금형 온도 제외,-0.04091341724358477,0.025210524604678763,0
40,CN7_L_000040,1,1,금형 온도 제외,-0.029558802824086516,0.025210524604678763,0
41,CN7_L_000041,1,0,금형 온도 제외,-0.03694824036077771,0.025210524604678763,0
43,CN7_L_000043,0,0,금형 온도 제외,-0.06427591064496818,0.025210524604678763,0
44,CN7_L_000044,3,0,금형 온도 제외,-0.027240103064064325,0.025210524604678763,0
45,CN7_L_000045,0,0,금형 온도 제외,-0.030061426882376452,0.025210524604678763,0
46,CN7_L_000046,0,0,금형 온도 제외,-0.04896532241208362,0.025210524604678763,0
47,CN7_L_000047,2,0,금형 온도 제외,-0.08179560876691916,0.025210524604678763,0
48,CN7_L_000048,0,1,금형 온도 제외,0.03614111743044379,0.025210524604678763,1
49,CN7_L_000049,3,0,금형 온도 제외,-0.06117619676658714,0.025210524604678763,0
52,CN7_L_000052,2,1,금형 온도 제외,-0.06858561739107127,0.025210524604678763,0
53,CN7_L_000053,1,1,금형 온도 제외,-0.05034093481234203,0.025210524604678763,0
54,CN7_L_000054,3,1,금형 온도 제외,-0.03386633958407392,0.025210524604678763,0
55,CN7_L_000055,0,1,금형 온도 제외,-0.038827405045600116,0.025210524604678763,0
56,CN7_L_000056,2,1,금형 온도 제외,-0.04677904630900853,0.025210524604678763,0
58,CN7_L_000058,1,1,금형 온도 제외,0.2640881433006119,0.025210524604678763,1
59,CN7_L_000059,3,1,금형 온도 제외,0.55359832779255,0.025210524604678763,1
60,CN7_L_000060,2,1,금형 온도 제외,0.3472635174971961,0.025210524604678763,1
62,CN7_L_000062,1,0,금형 온도 제외,-0.08788150362780733,0.025210524604678763,0
63,CN7_L_000063,3,0,금형 온도 제외,-0.07578871119098674,0.025210524604678763,0
64,CN7_L_000064,3,0,금형 온도 제외,-0.0805193749638824,0.025210524604678763,0
65,CN7_L_000065,2,0,금형 온도 제외,-0.06893820988627253,0.025210524604678763,0
67,CN7_L_000067,3,0,금형 온도 제외,-0.027563050166384606,0.025210524604678763,0
68,CN7_L_000068,3,0,금형 온도 제외,-0.035331058784242586,0.025210524604678763,0
69,CN7_L_000069,2,0,금형 온도 제외,-0.04906932208254089,0.025210524604678763,0
70,CN7_L_000070,1,0,금형 온도 제외,-0.059065351869513893,0.025210524604678763,0
71,CN7_L_000071,2,0,금형 온도 제외,-0.07737621297779773,0.025210524604678763,0
73,CN7_L_000073,0,0,금형 온도 제외,-0.07106573683585715,0.025210524604678763,0
74,CN7_L_000074,0,0,금형 온도 제외,-0.025153939093582878,0.025210524604678763,0
77,CN7_L_000077,2,0,금형 온도 제외,-0.023355219509249014,0.025210524604678763,0
79,CN7_L_000079,3,0,금형 온도 제외,-0.013434893523128544,0.025210524604678763,0
80,CN7_L_000080,2,0,금형 온도 제외,-0.03723698984660473,0.025210524604678763,0
81,CN7_L_000081,2,0,금형 온도 제외,-0.08862163103475496,0.025210524604678763,0
82,CN7_L_000082,3,0,금형 온도 제외,-0.027710671135996456,0.025210524604678763,0
83,CN7_L_000083,2,0,금형 온도 제외,-0.06920410188643267,0.025210524604678763,0
84,CN7_L_000084,3,0,금형 온도 제외,-0.062156017707537536,0.025210524604678763,0
86,CN7_L_000086,0,0,금형 온도 제외,-0.016897992857019428,0.025210524604678763,0
87,CN7_L_000087,3,0,금형 온도 제외,-0.07652855930955171,0.025210524604678763,0
88,CN7_L_000088,0,0,금형 온도 제외,-0.058917499350499725,0.025210524604678763,0
89,CN7_L_000089,3,0,금형 온도 제외,-0.02606882096344254,0.025210524604678763,0
90,CN7_L_000090,1,0,금형 온도 제외,-0.05226838902000841,0.025210524604678763,0
91,CN7_L_000091,2,0,금형 온도 제외,-0.1126320450776861,0.025210524604678763,0
92,CN7_L_000092,3,0,금형 온도 제외,-0.05571275859192415,0.025210524604678763,0
93,CN7_L_000093,1,0,금형 온도 제외,-0.04279353744821002,0.025210524604678763,0
95,CN7_L_000095,0,0,금형 온도 제외,0.021698319920734566,0.025210524604678763,0
96,CN7_L_000096,3,0,금형 온도 제외,-0.04543428798249405,0.025210524604678763,0
97,CN7_L_000097,3,0,금형 온도 제외,-0.03936260154303728,0.025210524604678763,0
98,CN7_L_000098,3,0,금형 온도 제외,-0.010750424390396418,0.025210524604678763,0
99,CN7_L_000099,2,0,금형 온도 제외,-0.07991994135966385,0.025210524604678763,0
100,CN7_L_000100,3,0,금형 온도 제외,-0.04006987491014691,0.025210524604678763,0
102,CN7_L_000102,3,0,금형 온도 제외,-0.06886844297268535,0.025210524604678763,0
103,CN7_L_000103,0,0,금형 온도 제외,0.016156546602521527,0.025210524604678763,0
104,CN7_L_000104,2,0,금형 온도 제외,-0.05828215891968691,0.025210524604678763,0
106,CN7_L_000106,3,0,금형 온도 제외,-0.02945294965368106,0.025210524604678763,0
107,CN7_L_000107,0,0,금형 온도 제외,-0.020010310521629382,0.025210524604678763,0
108,CN7_L_000108,2,0,금형 온도 제외,-0.08004372917045277,0.025210524604678763,0
109,CN7_L_000109,2,0,금형 온도 제외,-0.054543172732548495,0.025210524604678763,0
110,CN7_L_000110,0,0,금형 온도 제외,0.0024593743020275838,0.025210524604678763,0
111,CN7_L_000111,1,0,금형 온도 제외,-0.11340601586015575,0.025210524604678763,0
115,CN7_L_000115,0,0,금형 온도 제외,-0.04919487912609144,0.025210524604678763,0
117,CN7_L_000117,3,0,금형 온도 제외,0.013408505829520134,0.025210524604678763,0
118,CN7_L_000118,3,0,금형 온도 제외,-0.043044211290170775,0.025210524604678763,0
121,CN7_L_000121,3,0,금형 온도 제외,-0.05884136841782839,0.025210524604678763,0
122,CN7_L_000122,3,0,금형 온도 제외,-0.05131399302325956,0.025210524604678763,0
123,CN7_L_000123,0,0,금형 온도 제외,-0.039533067899770735,0.025210524604678763,0
124,CN7_L_000124,2,0,금형 온도 제외,-0.08098719566348311,0.025210524604678763,0
125,CN7_L_000125,3,0,금형 온도 제외,-0.04856089295575794,0.025210524604678763,0
126,CN7_L_000126,2,0,금형 온도 제외,-0.032863300304043275,0.025210524604678763,0
127,CN7_L_000127,0,0,금형 온도 제외,-0.025175122044679643,0.025210524604678763,0
128,CN7_L_000128,1,0,금형 온도 제외,-0.06751645751161872,0.025210524604678763,0
129,CN7_L_000129,2,0,금형 온도 제외,-0.07449705534186535,0.025210524604678763,0
130,CN7_L_000130,1,0,금형 온도 제외,-0.05830132596722182,0.025210524604678763,0
131,CN7_L_000131,3,0,금형 온도 제외,-0.08176338806898009,0.025210524604678763,0
132,CN7_L_000132,1,0,금형 온도 제외,-0.08444739312923843,0.025210524604678763,0
133,CN7_L_000133,1,0,금형 온도 제외,-0.041394991299197326,0.025210524604678763,0
134,CN7_L_000134,2,0,금형 온도 제외,-0.043056703443572264,0.025210524604678763,0
136,CN7_L_000136,0,0,금형 온도 제외,-0.026108572154778464,0.025210524604678763,0
137,CN7_L_000137,3,0,금형 온도 제외,-0.056122709898503764,0.025210524604678763,0
138,CN7_L_000138,0,0,금형 온도 제외,-0.03484412963267092,0.025210524604678763,0
139,CN7_L_000139,2,0,금형 온도 제외,-0.07569367492268464,0.025210524604678763,0
140,CN7_L_000140,1,0,금형 온도 제외,-0.08071404249843761,0.025210524604678763,0
141,CN7_L_000141,3,0,금형 온도 제외,-0.058015543250562907,0.025210524604678763,0
143,CN7_L_000143,1,0,금형 온도 제외,-0.0640469715207117,0.025210524604678763,0
145,CN7_L_000145,0,0,금형 온도 제외,-0.06466574176764306,0.025210524604678763,0
146,CN7_L_000146,3,0,금형 온도 제외,-0.04445379048139708,0.025210524604678763,0
147,CN7_L_000147,1,0,금형 온도 제외,-0.014223974792300531,0.025210524604678763,0
150,CN7_L_000150,3,0,금형 온도 제외,-0.046428790517290874,0.025210524604678763,0
151,CN7_L_000151,0,0,금형 온도 제외,-0.053742157522764344,0.025210524604678763,0
153,CN7_L_000153,0,0,금형 온도 제외,-0.04589523933378592,0.025210524604678763,0
154,CN7_L_000154,0,0,금형 온도 제외,0.01847310058156859,0.025210524604678763,0
155,CN7_L_000155,1,0,금형 온도 제외,-0.011754871957323942,0.025210524604678763,0
156,CN7_L_000156,0,0,금형 온도 제외,0.018117937824146946,0.025210524604678763,0
157,CN7_L_000157,0,0,금형 온도 제외,-0.05919554144027783,0.025210524604678763,0
158,CN7_L_000158,0,0,금형 온도 제외,-0.0320005139491224,0.025210524604678763,0
159,CN7_L_000159,2,0,금형 온도 제외,-0.05758670099850027,0.025210524604678763,0
160,CN7_L_000160,1,0,금형 온도 제외,-0.07684811945869674,0.025210524604678763,0
161,CN7_L_000161,1,0,금형 온도 제외,-0.12112211009951723,0.025210524604678763,0
162,CN7_L_000162,2,0,금형 온도 제외,-0.09986919482674583,0.025210524604678763,0
163,CN7_L_000163,2,0,금형 온도 제외,-0.03545966633757125,0.025210524604678763,0
164,CN7_L_000164,0,0,금형 온도 제외,0.5972766117223136,0.025210524604678763,1
165,CN7_L_000165,2,0,금형 온도 제외,-0.08003563883347686,0.025210524604678763,0
166,CN7_L_000166,1,0,금형 온도 제외,-0.06550097418487777,0.025210524604678763,0
167,CN7_L_000167,2,0,금형 온도 제외,-0.023435066064630306,0.025210524604678763,0
168,CN7_L_000168,3,0,금형 온도 제외,-0.022141718365851215,0.025210524604678763,0
169,CN7_L_000169,2,0,금형 온도 제외,-0.07402116609097487,0.025210524604678763,0
171,CN7_L_000171,3,0,금형 온도 제외,-0.07104067419683346,0.025210524604678763,0
172,CN7_L_000172,0,0,금형 온도 제외,-0.051997128654087454,0.025210524604678763,0
173,CN7_L_000173,3,0,금형 온도 제외,-0.05125494308404521,0.025210524604678763,0
177,CN7_L_000177,1,0,금형 온도 제외,-0.05734990563356224,0.025210524604678763,0
178,CN7_L_000178,0,0,금형 온도 제외,-0.07892695431737407,0.025210524604678763,0
179,CN7_L_000179,0,0,금형 온도 제외,-0.07933888429205682,0.025210524604678763,0
181,CN7_L_000181,0,0,금형 온도 제외,-0.04753336775387673,0.025210524604678763,0
182,CN7_L_000182,0,0,금형 온도 제외,-0.05882025366343502,0.025210524604678763,0
183,CN7_L_000183,3,0,금형 온도 제외,-0.06860727178395765,0.025210524604678763,0
184,CN7_L_000184,2,0,금형 온도 제외,-0.07631064092289996,0.025210524604678763,0
186,CN7_L_000186,0,0,금형 온도 제외,-0.07546382024313392,0.025210524604678763,0
187,CN7_L_000187,1,0,금형 온도 제외,-0.09637755764868494,0.025210524604678763,0
188,CN7_L_000188,0,0,금형 온도 제외,-0.06110448485090014,0.025210524604678763,0
189,CN7_L_000189,0,0,금형 온도 제외,-0.037843090121946865,0.025210524604678763,0
190,CN7_L_000190,2,0,금형 온도 제외,-0.08758856994931818,0.025210524604678763,0
191,CN7_L_000191,2,0,금형 온도 제외,-0.07683688160731794,0.025210524604678763,0
192,CN7_L_000192,0,0,금형 온도 제외,-0.024247277728457917,0.025210524604678763,0
193,CN7_L_000193,2,0,금형 온도 제외,-0.02958911431859379,0.025210524604678763,0
194,CN7_L_000194,1,0,금형 온도 제외,-0.005156680435545624,0.025210524604678763,0
195,CN7_L_000195,0,0,금형 온도 제외,-0.015540628482714425,0.025210524604678763,0
196,CN7_L_000196,0,0,금형 온도 제외,-0.027206411739342684,0.025210524604678763,0
197,CN7_L_000197,3,0,금형 온도 제외,-0.057655062392308665,0.025210524604678763,0
198,CN7_L_000198,0,0,금형 온도 제외,-0.041752663639094134,0.025210524604678763,0
199,CN7_L_000199,2,0,금형 온도 제외,-0.015177715328254404,0.025210524604678763,0
200,CN7_L_000200,3,0,금형 온도 제외,-0.03706568163499657,0.025210524604678763,0
202,CN7_L_000202,0,0,금형 온도 제외,-0.04642243182060213,0.025210524604678763,0
204,CN7_L_000204,0,0,금형 온도 제외,-0.07027650516918404,0.025210524604678763,0
206,CN7_L_000206,1,0,금형 온도 제외,-0.03982092599380449,0.025210524604678763,0
207,CN7_L_000207,1,0,금형 온도 제외,-0.01438617405135112,0.025210524604678763,0
208,CN7_L_000208,2,0,금형 온도 제외,-0.011655994221551502,0.025210524604678763,0
209,CN7_L_000209,3,0,금형 온도 제외,-0.027168304459507464,0.025210524604678763,0
210,CN7_L_000210,3,0,금형 온도 제외,-0.05494278409552633,0.025210524604678763,0
211,CN7_L_000211,3,0,금형 온도 제외,-0.012233683356641212,0.025210524604678763,0
212,CN7_L_000212,3,0,금형 온도 제외,-0.06357679464707289,0.025210524604678763,0
213,CN7_L_000213,3,0,금형 온도 제외,-0.051242862326071226,0.025210524604678763,0
216,CN7_L_000216,3,0,금형 온도 제외,-0.04673397502782306,0.025210524604678763,0
217,CN7_L_000217,1,0,금형 온도 제외,-0.06117267783789915,0.025210524604678763,0
218,CN7_L_000218,2,0,금형 온도 제외,-0.06839931912876906,0.025210524604678763,0
220,CN7_L_000220,2,0,금형 온도 제외,-0.04785166574088029,0.025210524604678763,0
221,CN7_L_000221,2,0,금형 온도 제외,-0.04812014679647847,0.025210524604678763,0
222,CN7_L_000222,3,0,금형 온도 제외,-0.08655242949316211,0.025210524604678763,0
223,CN7_L_000223,1,0,금형 온도 제외,0.013777054127888544,0.025210524604678763,0
224,CN7_L_000224,3,0,금형 온도 제외,-0.0386699863264659,0.025210524604678763,0
225,CN7_L_000225,0,0,금형 온도 제외,-0.041587565915313984,0.025210524604678763,0
226,CN7_L_000226,3,0,금형 온도 제외,-0.0565951522436583,0.025210524604678763,0
231,CN7_L_000231,1,0,금형 온도 제외,-0.03321129492121333,0.025210524604678763,0
232,CN7_L_000232,1,0,금형 온도 제외,-0.042537274065408415,0.025210524604678763,0
233,CN7_L_000233,1,0,금형 온도 제외,-0.020954706603382167,0.025210524604678763,0
234,CN7_L_000234,3,0,금형 온도 제외,-0.0270880141746197,0.025210524604678763,0
235,CN7_L_000235,3,0,금형 온도 제외,-0.043173659765661565,0.025210524604678763,0
236,CN7_L_000236,0,0,금형 온도 제외,-0.05568681031806122,0.025210524604678763,0
237,CN7_L_000237,3,0,금형 온도 제외,-0.0693123610159101,0.025210524604678763,0
238,CN7_L_000238,1,0,금형 온도 제외,-0.08344251118247747,0.025210524604678763,0
239,CN7_L_000239,1,0,금형 온도 제외,-0.02884363888720154,0.025210524604678763,0
241,CN7_L_000241,1,0,금형 온도 제외,-0.03897951530713595,0.025210524604678763,0
242,CN7_L_000242,0,0,금형 온도 제외,0.009266408096076262,0.025210524604678763,0
243,CN7_L_000243,2,0,금형 온도 제외,-0.06141273274274184,0.025210524604678763,0
245,CN7_L_000245,1,0,금형 온도 제외,-0.05814235061337092,0.025210524604678763,0
246,CN7_L_000246,1,0,금형 온도 제외,-0.08664611295103564,0.025210524604678763,0
247,CN7_L_000247,1,0,금형 온도 제외,-0.05505871969571219,0.025210524604678763,0
248,CN7_L_000248,2,0,금형 온도 제외,-0.08289518781551175,0.025210524604678763,0
249,CN7_L_000249,3,0,금형 온도 제외,-0.0456768207805025,0.025210524604678763,0
250,CN7_L_000250,1,0,금형 온도 제외,-0.08119571423980432,0.025210524604678763,0
251,CN7_L_000251,2,0,금형 온도 제외,-0.05798617311069032,0.025210524604678763,0
252,CN7_L_000252,1,0,금형 온도 제외,-0.05260052472567267,0.025210524604678763,0
253,CN7_L_000253,3,0,금형 온도 제외,-0.055578291967044,0.025210524604678763,0
254,CN7_L_000254,3,0,금형 온도 제외,-0.0431393384702603,0.025210524604678763,0
256,CN7_L_000256,3,0,금형 온도 제외,-0.05023469289769977,0.025210524604678763,0
258,CN7_L_000258,2,0,금형 온도 제외,-0.09437467212328032,0.025210524604678763,0
259,CN7_L_000259,0,0,금형 온도 제외,-0.0574241261837507,0.025210524604678763,0
260,CN7_L_000260,1,0,금형 온도 제외,-0.11080956657084595,0.025210524604678763,0
261,CN7_L_000261,3,0,금형 온도 제외,-0.048620352756291396,0.025210524604678763,0
262,CN7_L_000262,3,0,금형 온도 제외,-0.06733029433510795,0.025210524604678763,0
263,CN7_L_000263,2,0,금형 온도 제외,-0.044834899066304335,0.025210524604678763,0
264,CN7_L_000264,3,0,금형 온도 제외,-0.050092384693626535,0.025210524604678763,0
267,CN7_L_000267,0,0,금형 온도 제외,-0.04595551322935032,0.025210524604678763,0
268,CN7_L_000268,0,0,금형 온도 제외,-0.06068727157264231,0.025210524604678763,0
269,CN7_L_000269,1,0,금형 온도 제외,-0.06028466656527831,0.025210524604678763,0
270,CN7_L_000270,2,0,금형 온도 제외,-0.08921546949496895,0.025210524604678763,0
271,CN7_L_000271,0,0,금형 온도 제외,-0.06196903093327144,0.025210524604678763,0
272,CN7_L_000272,2,0,금형 온도 제외,-0.06672672183623618,0.025210524604678763,0
273,CN7_L_000273,3,0,금형 온도 제외,-0.04223705788981169,0.025210524604678763,0
275,CN7_L_000275,1,0,금형 온도 제외,-0.08659542963701661,0.025210524604678763,0
276,CN7_L_000276,1,0,금형 온도 제외,-0.08727736366007877,0.025210524604678763,0
277,CN7_L_000277,1,0,금형 온도 제외,-0.05221790027637274,0.025210524604678763,0
278,CN7_L_000278,1,0,금형 온도 제외,-0.07294530598211368,0.025210524604678763,0
279,CN7_L_000279,0,0,금형 온도 제외,-0.047227761213433084,0.025210524604678763,0
280,CN7_L_000280,3,0,금형 온도 제외,-0.06692114597773369,0.025210524604678763,0
282,CN7_L_000282,0,0,금형 온도 제외,-0.04023664446658204,0.025210524604678763,0
285,CN7_L_000285,0,0,금형 온도 제외,-0.05593723128644701,0.025210524604678763,0
286,CN7_L_000286,0,0,금형 온도 제외,-0.0717191983589891,0.025210524604678763,0
288,CN7_L_000288,2,0,금형 온도 제외,-0.08377193238507896,0.025210524604678763,0
289,CN7_L_000289,1,0,금형 온도 제외,-0.09790707705698765,0.025210524604678763,0
291,CN7_L_000291,3,0,금형 온도 제외,-0.055774121269232424,0.025210524604678763,0
292,CN7_L_000292,3,0,금형 온도 제외,-0.04128153383086364,0.025210524604678763,0
293,CN7_L_000293,1,0,금형 온도 제외,-0.08127972321434696,0.025210524604678763,0
294,CN7_L_000294,2,0,금형 온도 제외,-0.12880137268106306,0.025210524604678763,0
295,CN7_L_000295,1,0,금형 온도 제외,-0.08351938565907391,0.025210524604678763,0
296,CN7_L_000296,3,0,금형 온도 제외,-0.060560768635244955,0.025210524604678763,0
297,CN7_L_000297,1,0,금형 온도 제외,-0.08588962379798648,0.025210524604678763,0
298,CN7_L_000298,0,0,금형 온도 제외,-0.06004372587635132,0.025210524604678763,0
299,CN7_L_000299,1,0,금형 온도 제외,-0.058956909616754594,0.025210524604678763,0
300,CN7_L_000300,1,0,금형 온도 제외,-0.06465048657317096,0.025210524604678763,0
301,CN7_L_000301,1,0,금형 온도 제외,-0.05107344764796462,0.025210524604678763,0
303,CN7_L_000303,1,0,금형 온도 제외,-0.07291370457675672,0.025210524604678763,0
304,CN7_L_000304,0,0,금형 온도 제외,-0.056154287370758116,0.025210524604678763,0
305,CN7_L_000305,0,0,금형 온도 제외,-0.0640291064199845,0.025210524604678763,0
307,CN7_L_000307,3,0,금형 온도 제외,-0.0601995295551907,0.025210524604678763,0
308,CN7_L_000308,0,0,금형 온도 제외,-0.07065057674178687,0.025210524604678763,0
310,CN7_L_000310,3,0,금형 온도 제외,-0.06277889327401587,0.025210524604678763,0
311,CN7_L_000311,1,0,금형 온도 제외,-0.06446889427054936,0.025210524604678763,0
312,CN7_L_000312,2,0,금형 온도 제외,-0.09295292440019676,0.025210524604678763,0
313,CN7_L_000313,0,0,금형 온도 제외,-0.044537488898761524,0.025210524604678763,0
314,CN7_L_000314,1,0,금형 온도 제외,-0.09545677341714853,0.025210524604678763,0
315,CN7_L_000315,2,0,금형 온도 제외,-0.0883244251876496,0.025210524604678763,0
316,CN7_L_000316,3,0,금형 온도 제외,-0.06252275140115904,0.025210524604678763,0
317,CN7_L_000317,3,0,금형 온도 제외,-0.030535096097256798,0.025210524604678763,0
318,CN7_L_000318,2,0,금형 온도 제외,-0.053530247739429715,0.025210524604678763,0
319,CN7_L_000319,0,0,금형 온도 제외,-0.0684995553737302,0.025210524604678763,0
320,CN7_L_000320,2,0,금형 온도 제외,-0.07495209750492648,0.025210524604678763,0
321,CN7_L_000321,0,0,금형 온도 제외,-0.049095492806106034,0.025210524604678763,0
323,CN7_L_000323,0,0,금형 온도 제외,-0.06910066569735474,0.025210524604678763,0
324,CN7_L_000324,0,0,금형 온도 제외,-0.04187422525080331,0.025210524604678763,0
325,CN7_L_000325,1,0,금형 온도 제외,-0.06004544951998225,0.025210524604678763,0
326,CN7_L_000326,1,0,금형 온도 제외,-0.06489886964780878,0.025210524604678763,0
328,CN7_L_000328,1,0,금형 온도 제외,-0.0708750700745715,0.025210524604678763,0
330,CN7_L_000330,1,0,금형 온도 제외,-0.08102496818417171,0.025210524604678763,0
331,CN7_L_000331,1,0,금형 온도 제외,-0.07250794553466067,0.025210524604678763,0
332,CN7_L_000332,0,0,금형 온도 제외,-0.05137447192453637,0.025210524604678763,0
333,CN7_L_000333,2,0,금형 온도 제외,-0.08429092517955583,0.025210524604678763,0
334,CN7_L_000334,3,0,금형 온도 제외,-0.09648802453092742,0.025210524604678763,0
335,CN7_L_000335,3,0,금형 온도 제외,-0.023061985071040514,0.025210524604678763,0
336,CN7_L_000336,2,0,금형 온도 제외,-0.04349118508566674,0.025210524604678763,0
337,CN7_L_000337,2,0,금형 온도 제외,-0.07371689957446348,0.025210524604678763,0
338,CN7_L_000338,2,0,금형 온도 제외,-0.06859669946735014,0.025210524604678763,0
339,CN7_L_000339,3,0,금형 온도 제외,-0.07746101576318809,0.025210524604678763,0
340,CN7_L_000340,2,0,금형 온도 제외,-0.06898474951689071,0.025210524604678763,0
342,CN7_L_000342,1,0,금형 온도 제외,-0.04583572684690873,0.025210524604678763,0
343,CN7_L_000343,2,0,금형 온도 제외,-0.08703922772344885,0.025210524604678763,0
345,CN7_L_000345,1,0,금형 온도 제외,-0.07240654424884241,0.025210524604678763,0
346,CN7_L_000346,3,0,금형 온도 제외,-0.0558581381939125,0.025210524604678763,0
347,CN7_L_000347,1,0,금형 온도 제외,-0.06406103923740547,0.025210524604678763,0
348,CN7_L_000348,1,0,금형 온도 제외,-0.03873336587459697,0.025210524604678763,0
349,CN7_L_000349,3,0,금형 온도 제외,-0.06873970330173895,0.025210524604678763,0
350,CN7_L_000350,2,0,금형 온도 제외,-0.07441697602832509,0.025210524604678763,0
352,CN7_L_000352,2,0,금형 온도 제외,-0.10369352978099222,0.025210524604678763,0
354,CN7_L_000354,3,0,금형 온도 제외,-0.08253695278716133,0.025210524604678763,0
355,CN7_L_000355,2,0,금형 온도 제외,-0.10111317985095702,0.025210524604678763,0
356,CN7_L_000356,2,0,금형 온도 제외,-0.0372724284243775,0.025210524604678763,0
358,CN7_L_000358,2,0,금형 온도 제외,-0.05526785521922406,0.025210524604678763,0
360,CN7_L_000360,2,0,금형 온도 제외,-0.049908850949677674,0.025210524604678763,0
361,CN7_L_000361,2,0,금형 온도 제외,-0.06460233908266488,0.025210524604678763,0
362,CN7_L_000362,0,0,금형 온도 제외,-0.023397161373294395,0.025210524604678763,0
363,CN7_L_000363,1,0,금형 온도 제외,-0.09423554237653642,0.025210524604678763,0
364,CN7_L_000364,2,0,금형 온도 제외,-0.0638709036443319,0.025210524604678763,0
365,CN7_L_000365,2,0,금형 온도 제외,-0.12086084095874661,0.025210524604678763,0
366,CN7_L_000366,2,0,금형 온도 제외,-0.10669993896672203,0.025210524604678763,0
367,CN7_L_000367,3,0,금형 온도 제외,-0.036356766060660295,0.025210524604678763,0
368,CN7_L_000368,2,0,금형 온도 제외,-0.032220020674635474,0.025210524604678763,0
369,CN7_L_000369,1,0,금형 온도 제외,-0.07115135954120078,0.025210524604678763,0
370,CN7_L_000370,2,0,금형 온도 제외,-0.06558046368690729,0.025210524604678763,0
371,CN7_L_000371,1,0,금형 온도 제외,-0.04602739812072887,0.025210524604678763,0
372,CN7_L_000372,1,0,금형 온도 제외,-0.08188787903274664,0.025210524604678763,0
374,CN7_L_000374,1,0,금형 온도 제외,-0.09206476221065163,0.025210524604678763,0
375,CN7_L_000375,2,0,금형 온도 제외,-0.14483326417127307,0.025210524604678763,0
376,CN7_L_000376,1,0,금형 온도 제외,-0.09788411019588983,0.025210524604678763,0
377,CN7_L_000377,0,0,금형 온도 제외,-0.03663173437671885,0.025210524604678763,0
378,CN7_L_000378,1,0,금형 온도 제외,-0.054145960702139284,0.025210524604678763,0
379,CN7_L_000379,3,0,금형 온도 제외,-0.041146419964265935,0.025210524604678763,0
381,CN7_L_000381,1,0,금형 온도 제외,-0.027023663973769985,0.025210524604678763,0
382,CN7_L_000382,3,0,금형 온도 제외,-0.06711784800928822,0.025210524604678763,0
383,CN7_L_000383,3,0,금형 온도 제외,-0.05894296877848504,0.025210524604678763,0
384,CN7_L_000384,1,0,금형 온도 제외,-0.11937673741964838,0.025210524604678763,0
385,CN7_L_000385,2,0,금형 온도 제외,-0.10645311690414427,0.025210524604678763,0
387,CN7_L_000387,3,0,금형 온도 제외,-0.03137108223042695,0.025210524604678763,0
388,CN7_L_000388,0,0,금형 온도 제외,-0.041048516254274414,0.025210524604678763,0
389,CN7_L_000389,2,0,금형 온도 제외,-0.03521036471070804,0.025210524604678763,0
390,CN7_L_000390,3,0,금형 온도 제외,-0.022865575965063556,0.025210524604678763,0
391,CN7_L_000391,1,0,금형 온도 제외,-0.07444509111372932,0.025210524604678763,0
394,CN7_L_000394,3,0,금형 온도 제외,-0.056241926140634835,0.025210524604678763,0
395,CN7_L_000395,0,0,금형 온도 제외,-0.060306198095759544,0.025210524604678763,0
396,CN7_L_000396,3,0,금형 온도 제외,-0.04899527720370278,0.025210524604678763,0
397,CN7_L_000397,0,0,금형 온도 제외,-0.0676101021695632,0.025210524604678763,0
398,CN7_L_000398,2,0,금형 온도 제외,-0.062195027422744964,0.025210524604678763,0
400,CN7_L_000400,0,0,금형 온도 제외,-0.06782900151865112,0.025210524604678763,0
402,CN7_L_000402,2,0,금형 온도 제외,-0.08238358079384511,0.025210524604678763,0
404,CN7_L_000404,1,0,금형 온도 제외,-0.0713834189392637,0.025210524604678763,0
406,CN7_L_000406,1,0,금형 온도 제외,-0.07727432627684072,0.025210524604678763,0
407,CN7_L_000407,0,0,금형 온도 제외,-0.03021842661007801,0.025210524604678763,0
408,CN7_L_000408,0,0,금형 온도 제외,0.009478373828862185,0.025210524604678763,0
409,CN7_L_000409,0,0,금형 온도 제외,-0.015417100465424216,0.025210524604678763,0
410,CN7_L_000410,1,0,금형 온도 제외,-0.07682985755227323,0.025210524604678763,0
411,CN7_L_000411,1,0,금형 온도 제외,-0.10785288485036615,0.025210524604678763,0
412,CN7_L_000412,3,0,금형 온도 제외,-0.04321050389180758,0.025210524604678763,0
413,CN7_L_000413,2,0,금형 온도 제외,-0.09009496258672689,0.025210524604678763,0
414,CN7_L_000414,1,0,금형 온도 제외,-0.05035197375152922,0.025210524604678763,0
416,CN7_L_000416,0,0,금형 온도 제외,-0.07804324332582135,0.025210524604678763,0
417,CN7_L_000417,0,0,금형 온도 제외,-0.05517899794201675,0.025210524604678763,0
418,CN7_L_000418,2,0,금형 온도 제외,-0.0572286610593169,0.025210524604678763,0
419,CN7_L_000419,2,0,금형 온도 제외,-0.08608959994581245,0.025210524604678763,0
421,CN7_L_000421,3,0,금형 온도 제외,-0.06030845940373686,0.025210524604678763,0
422,CN7_L_000422,1,0,금형 온도 제외,-0.12569923063038457,0.025210524604678763,0
423,CN7_L_000423,0,0,금형 온도 제외,-0.05129259406111775,0.025210524604678763,0
424,CN7_L_000424,3,0,금형 온도 제외,-0.030845243042038728,0.025210524604678763,0
425,CN7_L_000425,1,0,금형 온도 제외,-0.05061987844149085,0.025210524604678763,0
426,CN7_L_000426,2,0,금형 온도 제외,-0.09467181996923557,0.025210524604678763,0
428,CN7_L_000428,2,0,금형 온도 제외,-0.08097118896630429,0.025210524604678763,0
429,CN7_L_000429,3,0,금형 온도 제외,-0.03638638362857938,0.025210524604678763,0
430,CN7_L_000430,0,0,금형 온도 제외,-0.07173749764957682,0.025210524604678763,0
433,CN7_L_000433,2,0,금형 온도 제외,-0.06537766010663715,0.025210524604678763,0
434,CN7_L_000434,3,0,금형 온도 제외,-0.05263229648524481,0.025210524604678763,0
435,CN7_L_000435,0,0,금형 온도 제외,-0.06777952722961134,0.025210524604678763,0
436,CN7_L_000436,1,0,금형 온도 제외,-0.08530242235888075,0.025210524604678763,0
437,CN7_L_000437,3,0,금형 온도 제외,-0.06869317916206663,0.025210524604678763,0
438,CN7_L_000438,1,0,금형 온도 제외,-0.06120718392429003,0.025210524604678763,0
439,CN7_L_000439,1,0,금형 온도 제외,-0.038744940126550276,0.025210524604678763,0
440,CN7_L_000440,0,0,금형 온도 제외,-0.06204094370570434,0.025210524604678763,0
442,CN7_L_000442,2,0,금형 온도 제외,-0.08551980434846218,0.025210524604678763,0
443,CN7_L_000443,1,0,금형 온도 제외,-0.054172080851465854,0.025210524604678763,0
445,CN7_L_000445,0,0,금형 온도 제외,-0.06150044522482778,0.025210524604678763,0
446,CN7_L_000446,0,0,금형 온도 제외,-0.05662795983936153,0.025210524604678763,0
447,CN7_L_000447,0,0,금형 온도 제외,-0.04048950597238399,0.025210524604678763,0
448,CN7_L_000448,2,0,금형 온도 제외,-0.08023245914067978,0.025210524604678763,0
450,CN7_L_000450,2,0,금형 온도 제외,-0.07666451571733424,0.025210524604678763,0
451,CN7_L_000451,1,0,금형 온도 제외,-0.11369671535769976,0.025210524604678763,0
452,CN7_L_000452,3,0,금형 온도 제외,-0.06810458067656633,0.025210524604678763,0
453,CN7_L_000453,0,0,금형 온도 제외,-0.052173934938721356,0.025210524604678763,0
454,CN7_L_000454,3,0,금형 온도 제외,-0.03327978082126748,0.025210524604678763,0
455,CN7_L_000455,1,0,금형 온도 제외,-0.05146405896433626,0.025210524604678763,0
456,CN7_L_000456,2,0,금형 온도 제외,-0.025679727127555285,0.025210524604678763,0
457,CN7_L_000457,2,0,금형 온도 제외,-0.039718040069953275,0.025210524604678763,0
458,CN7_L_000458,1,0,금형 온도 제외,-0.0498858949267702,0.025210524604678763,0
459,CN7_L_000459,3,0,금형 온도 제외,-0.04979122920390866,0.025210524604678763,0
460,CN7_L_000460,1,0,금형 온도 제외,-0.07036117019609422,0.025210524604678763,0
461,CN7_L_000461,0,0,금형 온도 제외,-0.013874180399571223,0.025210524604678763,0
463,CN7_L_000463,1,0,금형 온도 제외,-0.09320418043456025,0.025210524604678763,0
464,CN7_L_000464,1,0,금형 온도 제외,-0.08153145785971416,0.025210524604678763,0
465,CN7_L_000465,3,0,금형 온도 제외,-0.04810400140646376,0.025210524604678763,0
466,CN7_L_000466,0,0,금형 온도 제외,-0.058609051235519516,0.025210524604678763,0
467,CN7_L_000467,2,0,금형 온도 제외,-0.03093228443153384,0.025210524604678763,0
470,CN7_L_000470,3,0,금형 온도 제외,-0.016308311459890756,0.025210524604678763,0
471,CN7_L_000471,0,0,금형 온도 제외,-0.036586940979408844,0.025210524604678763,0
474,CN7_L_000474,2,0,금형 온도 제외,-0.05134762670764914,0.025210524604678763,0
476,CN7_L_000476,0,0,금형 온도 제외,-0.05724018783909646,0.025210524604678763,0
477,CN7_L_000477,1,0,금형 온도 제외,-0.04521705932871933,0.025210524604678763,0
478,CN7_L_000478,0,0,금형 온도 제외,-0.054732683586701025,0.025210524604678763,0
479,CN7_L_000479,3,0,금형 온도 제외,-0.06638035701557543,0.025210524604678763,0
481,CN7_L_000481,3,0,금형 온도 제외,-0.06750083591584088,0.025210524604678763,0
482,CN7_L_000482,1,0,금형 온도 제외,-0.07885221318065527,0.025210524604678763,0
483,CN7_L_000483,2,0,금형 온도 제외,-0.06295639881733273,0.025210524604678763,0
484,CN7_L_000484,3,0,금형 온도 제외,-0.0213741114712529,0.025210524604678763,0
486,CN7_L_000486,3,0,금형 온도 제외,-0.02780344338541818,0.025210524604678763,0
487,CN7_L_000487,2,0,금형 온도 제외,-0.06583449640341366,0.025210524604678763,0
491,CN7_L_000491,1,0,금형 온도 제외,-0.12056887598556543,0.025210524604678763,0
492,CN7_L_000492,1,0,금형 온도 제외,-0.018322452995219063,0.025210524604678763,0
493,CN7_L_000493,1,0,금형 온도 제외,-0.019426550747220883,0.025210524604678763,0
494,CN7_L_000494,2,0,금형 온도 제외,-0.055616659417445646,0.025210524604678763,0
495,CN7_L_000495,3,0,금형 온도 제외,-0.011949570348717575,0.025210524604678763,0
496,CN7_L_000496,2,0,금형 온도 제외,-0.1019988783822332,0.025210524604678763,0
497,CN7_L_000497,3,0,금형 온도 제외,-0.023616649518291233,0.025210524604678763,0
499,CN7_L_000499,3,0,금형 온도 제외,-0.059382613862093425,0.025210524604678763,0
500,CN7_L_000500,2,0,금형 온도 제외,-0.09054114148477499,0.025210524604678763,0
501,CN7_L_000501,2,0,금형 온도 제외,-0.08977362033267289,0.025210524604678763,0
502,CN7_L_000502,2,0,금형 온도 제외,-0.04768084905690362,0.025210524604678763,0
504,CN7_L_000504,1,0,금형 온도 제외,-0.07281633203261384,0.025210524604678763,0
507,CN7_L_000507,1,0,금형 온도 제외,-0.02875367070335688,0.025210524604678763,0
508,CN7_L_000508,0,0,금형 온도 제외,-0.057648846769910556,0.025210524604678763,0
509,CN7_L_000509,1,0,금형 온도 제외,-0.11225708744382068,0.025210524604678763,0
510,CN7_L_000510,1,0,금형 온도 제외,-0.05137895922176128,0.025210524604678763,0
511,CN7_L_000511,2,0,금형 온도 제외,-0.04340864916754095,0.025210524604678763,0
513,CN7_L_000513,2,0,금형 온도 제외,-0.03783334546176942,0.025210524604678763,0
514,CN7_L_000514,0,0,금형 온도 제외,-0.02132434499733593,0.025210524604678763,0
515,CN7_L_000515,0,0,금형 온도 제외,-0.029434392218252725,0.025210524604678763,0
516,CN7_L_000516,3,0,금형 온도 제외,-0.03182377910762213,0.025210524604678763,0
517,CN7_L_000517,0,0,금형 온도 제외,-0.032420564243559546,0.025210524604678763,0
519,CN7_L_000519,3,0,금형 온도 제외,-0.0495734782674484,0.025210524604678763,0
520,CN7_L_000520,3,0,금형 온도 제외,-0.07059265357964772,0.025210524604678763,0
521,CN7_L_000521,0,0,금형 온도 제외,-0.02618634254664265,0.025210524604678763,0
523,CN7_L_000523,0,0,금형 온도 제외,-0.025151055462833583,0.025210524604678763,0
525,CN7_L_000525,1,0,금형 온도 제외,-0.0507459729862898,0.025210524604678763,0
526,CN7_L_000526,0,0,금형 온도 제외,-0.03710714022374351,0.025210524604678763,0
527,CN7_L_000527,2,0,금형 온도 제외,-0.10018376611114199,0.025210524604678763,0
528,CN7_L_000528,3,0,금형 온도 제외,-0.029927816544781827,0.025210524604678763,0
529,CN7_L_000529,0,0,금형 온도 제외,-0.06082353681321884,0.025210524604678763,0
530,CN7_L_000530,2,0,금형 온도 제외,-0.06885741780536403,0.025210524604678763,0
532,CN7_L_000532,3,0,금형 온도 제외,-0.0744686435574935,0.025210524604678763,0
533,CN7_L_000533,0,0,금형 온도 제외,-0.02573919765553878,0.025210524604678763,0
534,CN7_L_000534,2,0,금형 온도 제외,-0.06595813216439117,0.025210524604678763,0
535,CN7_L_000535,2,0,금형 온도 제외,-0.0514943878499583,0.025210524604678763,0
536,CN7_L_000536,2,0,금형 온도 제외,-0.08451587223857526,0.025210524604678763,0
537,CN7_L_000537,0,0,금형 온도 제외,-0.07039275814997437,0.025210524604678763,0
538,CN7_L_000538,2,0,금형 온도 제외,-0.09408525702278459,0.025210524604678763,0
539,CN7_L_000539,0,0,금형 온도 제외,-0.05143176653790782,0.025210524604678763,0
541,CN7_L_000541,3,0,금형 온도 제외,-0.04835522273218151,0.025210524604678763,0
542,CN7_L_000542,2,0,금형 온도 제외,-0.05989536310182819,0.025210524604678763,0
543,CN7_L_000543,1,0,금형 온도 제외,-0.07873525669342474,0.025210524604678763,0
544,CN7_L_000544,2,0,금형 온도 제외,-0.03901208804792056,0.025210524604678763,0
545,CN7_L_000545,3,0,금형 온도 제외,-0.05881710095507442,0.025210524604678763,0
546,CN7_L_000546,1,0,금형 온도 제외,-0.09098517235910508,0.025210524604678763,0
547,CN7_L_000547,2,0,금형 온도 제외,-0.11664812742055597,0.025210524604678763,0
548,CN7_L_000548,3,0,금형 온도 제외,-0.016499630091860062,0.025210524604678763,0
549,CN7_L_000549,2,0,금형 온도 제외,-0.09414886074813822,0.025210524604678763,0
550,CN7_L_000550,2,0,금형 온도 제외,-0.06101348725757738,0.025210524604678763,0
551,CN7_L_000551,0,0,금형 온도 제외,-0.07517023091669861,0.025210524604678763,0
553,CN7_L_000553,3,0,금형 온도 제외,-0.057409415619199766,0.025210524604678763,0
555,CN7_L_000555,0,0,금형 온도 제외,-0.043788297592509906,0.025210524604678763,0
556,CN7_L_000556,1,0,금형 온도 제외,-0.0944431921079989,0.025210524604678763,0
557,CN7_L_000557,1,0,금형 온도 제외,-0.07914976158587361,0.025210524604678763,0
558,CN7_L_000558,3,0,금형 온도 제외,-0.04027860242781811,0.025210524604678763,0
559,CN7_L_000559,1,0,금형 온도 제외,-0.11988342068226432,0.025210524604678763,0
560,CN7_L_000560,1,0,금형 온도 제외,-0.0625009533998786,0.025210524604678763,0
561,CN7_L_000561,0,0,금형 온도 제외,-0.05186518966807352,0.025210524604678763,0
562,CN7_L_000562,0,0,금형 온도 제외,-0.05994063591694987,0.025210524604678763,0
563,CN7_L_000563,2,0,금형 온도 제외,-0.06714962200281738,0.025210524604678763,0
564,CN7_L_000564,1,0,금형 온도 제외,-0.04335429815120451,0.025210524604678763,0
566,CN7_L_000566,2,0,금형 온도 제외,-0.08663102535250244,0.025210524604678763,0
567,CN7_L_000567,0,0,금형 온도 제외,-0.025771912992879287,0.025210524604678763,0
568,CN7_L_000568,2,0,금형 온도 제외,-0.08488714694537292,0.025210524604678763,0
569,CN7_L_000569,1,0,금형 온도 제외,-0.08423725348732436,0.025210524604678763,0
570,CN7_L_000570,2,0,금형 온도 제외,-0.06620002962760374,0.025210524604678763,0
571,CN7_L_000571,3,0,금형 온도 제외,-0.062068444231325515,0.025210524604678763,0
572,CN7_L_000572,1,0,금형 온도 제외,-0.06537972525565205,0.025210524604678763,0
573,CN7_L_000573,3,0,금형 온도 제외,-0.032627855595961375,0.025210524604678763,0
575,CN7_L_000575,2,0,금형 온도 제외,-0.04398020909255784,0.025210524604678763,0
576,CN7_L_000576,3,0,금형 온도 제외,-0.04407648756343896,0.025210524604678763,0
578,CN7_L_000578,2,0,금형 온도 제외,-0.06870714110309528,0.025210524604678763,0
579,CN7_L_000579,2,0,금형 온도 제외,-0.08729698389285856,0.025210524604678763,0
580,CN7_L_000580,2,0,금형 온도 제외,-0.0970312359945078,0.025210524604678763,0
581,CN7_L_000581,1,0,금형 온도 제외,-0.027079618555242657,0.025210524604678763,0
582,CN7_L_000582,1,0,금형 온도 제외,-0.056199660457923795,0.025210524604678763,0
583,CN7_L_000583,1,0,금형 온도 제외,-0.05297051695647559,0.025210524604678763,0
584,CN7_L_000584,3,0,금형 온도 제외,-0.06011617647041634,0.025210524604678763,0
585,CN7_L_000585,0,0,금형 온도 제외,-0.06142847217361336,0.025210524604678763,0
586,CN7_L_000586,3,0,금형 온도 제외,-0.05194328410383564,0.025210524604678763,0
587,CN7_L_000587,0,0,금형 온도 제외,-0.050963822005036796,0.025210524604678763,0
590,CN7_L_000590,3,0,금형 온도 제외,-0.02954968179702755,0.025210524604678763,0
592,CN7_L_000592,2,0,금형 온도 제외,-0.023844356452217497,0.025210524604678763,0
593,CN7_L_000593,1,0,금형 온도 제외,-0.056016939017069944,0.025210524604678763,0
594,CN7_L_000594,1,0,금형 온도 제외,-0.03542925653643492,0.025210524604678763,0
595,CN7_L_000595,3,0,금형 온도 제외,-0.0257190478769993,0.025210524604678763,0
596,CN7_L_000596,0,0,금형 온도 제외,-0.04612000155627305,0.025210524604678763,0
597,CN7_L_000597,1,0,금형 온도 제외,-0.08042849827513221,0.025210524604678763,0
598,CN7_L_000598,0,0,금형 온도 제외,-0.05612787935400387,0.025210524604678763,0
599,CN7_L_000599,0,0,금형 온도 제외,-0.06041285159215137,0.025210524604678763,0
601,CN7_L_000601,2,0,금형 온도 제외,-0.0532867667785748,0.025210524604678763,0
602,CN7_L_000602,2,0,금형 온도 제외,-0.10694383660409379,0.025210524604678763,0
604,CN7_L_000604,3,0,금형 온도 제외,0.40347426616495374,0.025210524604678763,1
605,CN7_L_000605,0,0,금형 온도 제외,2.101407131236335,0.025210524604678763,1
0,CN7_L_000000,0,0,형체와 전체 주기 제외,-0.028964624732424227,0.023354178540375248,0
2,CN7_L_000002,0,0,형체와 전체 주기 제외,-0.03435398935246958,0.023354178540375248,0
3,CN7_L_000003,0,0,형체와 전체 주기 제외,-0.07599289071651238,0.023354178540375248,0
4,CN7_L_000004,3,0,형체와 전체 주기 제외,-0.04116441915726554,0.023354178540375248,0
5,CN7_L_000005,2,0,형체와 전체 주기 제외,-0.08654729768885927,0.023354178540375248,0
6,CN7_L_000006,2,0,형체와 전체 주기 제외,-0.0871801077108092,0.023354178540375248,0
7,CN7_L_000007,1,0,형체와 전체 주기 제외,-0.06601782128720135,0.023354178540375248,0
8,CN7_L_000008,0,0,형체와 전체 주기 제외,-0.026852100197122475,0.023354178540375248,0
9,CN7_L_000009,1,0,형체와 전체 주기 제외,-0.011489197683864028,0.023354178540375248,0
10,CN7_L_000010,0,0,형체와 전체 주기 제외,-0.048592422207662356,0.023354178540375248,0
11,CN7_L_000011,0,0,형체와 전체 주기 제외,-0.047356481439527975,0.023354178540375248,0
12,CN7_L_000012,1,0,형체와 전체 주기 제외,0.008383186565054324,0.023354178540375248,0
15,CN7_L_000015,2,0,형체와 전체 주기 제외,-0.08545964096397718,0.023354178540375248,0
16,CN7_L_000016,1,0,형체와 전체 주기 제외,-0.0855771766165403,0.023354178540375248,0
17,CN7_L_000017,3,0,형체와 전체 주기 제외,-0.050767564463990666,0.023354178540375248,0
18,CN7_L_000018,2,0,형체와 전체 주기 제외,-0.023900826528338914,0.023354178540375248,0
19,CN7_L_000019,1,0,형체와 전체 주기 제외,-0.061954356813916256,0.023354178540375248,0
22,CN7_L_000022,0,0,형체와 전체 주기 제외,0.005415054611889403,0.023354178540375248,0
23,CN7_L_000023,3,0,형체와 전체 주기 제외,-0.021544137260896434,0.023354178540375248,0
24,CN7_L_000024,3,1,형체와 전체 주기 제외,-0.04408108929498766,0.023354178540375248,0
25,CN7_L_000025,0,0,형체와 전체 주기 제외,-0.03406301969743275,0.023354178540375248,0
26,CN7_L_000026,0,0,형체와 전체 주기 제외,-0.020263159801804154,0.023354178540375248,0
27,CN7_L_000027,3,0,형체와 전체 주기 제외,-0.06094129092453837,0.023354178540375248,0
29,CN7_L_000029,0,0,형체와 전체 주기 제외,-0.014608883688258967,0.023354178540375248,0
30,CN7_L_000030,1,0,형체와 전체 주기 제외,-0.04490214170195239,0.023354178540375248,0
31,CN7_L_000031,0,0,형체와 전체 주기 제외,-0.03462769908722674,0.023354178540375248,0
32,CN7_L_000032,2,0,형체와 전체 주기 제외,-0.01389684790420942,0.023354178540375248,0
34,CN7_L_000034,3,0,형체와 전체 주기 제외,-0.047249473142536136,0.023354178540375248,0
36,CN7_L_000036,0,0,형체와 전체 주기 제외,-0.03610622096643379,0.023354178540375248,0
37,CN7_L_000037,0,0,형체와 전체 주기 제외,-0.015062505587487784,0.023354178540375248,0
38,CN7_L_000038,3,0,형체와 전체 주기 제외,-0.06600837368095513,0.023354178540375248,0
39,CN7_L_000039,0,0,형체와 전체 주기 제외,-0.03658118859327697,0.023354178540375248,0
40,CN7_L_000040,1,1,형체와 전체 주기 제외,-0.03250831963910361,0.023354178540375248,0
41,CN7_L_000041,1,0,형체와 전체 주기 제외,-0.02704868148431938,0.023354178540375248,0
43,CN7_L_000043,0,0,형체와 전체 주기 제외,-0.055440057719212454,0.023354178540375248,0
44,CN7_L_000044,3,0,형체와 전체 주기 제외,-0.044833932068221394,0.023354178540375248,0
45,CN7_L_000045,0,0,형체와 전체 주기 제외,-0.0492939215960817,0.023354178540375248,0
46,CN7_L_000046,0,0,형체와 전체 주기 제외,-0.03957416839290229,0.023354178540375248,0
47,CN7_L_000047,2,0,형체와 전체 주기 제외,-0.0808730788544314,0.023354178540375248,0
48,CN7_L_000048,0,1,형체와 전체 주기 제외,0.033290242626690336,0.023354178540375248,1
49,CN7_L_000049,3,0,형체와 전체 주기 제외,-0.035972331680858005,0.023354178540375248,0
52,CN7_L_000052,2,1,형체와 전체 주기 제외,-0.05849631777698372,0.023354178540375248,0
53,CN7_L_000053,1,1,형체와 전체 주기 제외,-0.043623545080559545,0.023354178540375248,0
54,CN7_L_000054,3,1,형체와 전체 주기 제외,-0.022417901968435405,0.023354178540375248,0
55,CN7_L_000055,0,1,형체와 전체 주기 제외,-0.06732570050603304,0.023354178540375248,0
56,CN7_L_000056,2,1,형체와 전체 주기 제외,-0.058298850763529586,0.023354178540375248,0
58,CN7_L_000058,1,1,형체와 전체 주기 제외,0.30604671764314517,0.023354178540375248,1
59,CN7_L_000059,3,1,형체와 전체 주기 제외,0.5888846878322824,0.023354178540375248,1
60,CN7_L_000060,2,1,형체와 전체 주기 제외,0.3558849653974856,0.023354178540375248,1
62,CN7_L_000062,1,0,형체와 전체 주기 제외,-0.07259810808883049,0.023354178540375248,0
63,CN7_L_000063,3,0,형체와 전체 주기 제외,-0.05466938918189168,0.023354178540375248,0
64,CN7_L_000064,3,0,형체와 전체 주기 제외,-0.07566633844663695,0.023354178540375248,0
65,CN7_L_000065,2,0,형체와 전체 주기 제외,-0.06327413315664243,0.023354178540375248,0
67,CN7_L_000067,3,0,형체와 전체 주기 제외,-0.02564126059459948,0.023354178540375248,0
68,CN7_L_000068,3,0,형체와 전체 주기 제외,-0.019108118595982937,0.023354178540375248,0
69,CN7_L_000069,2,0,형체와 전체 주기 제외,-0.02806427632091557,0.023354178540375248,0
70,CN7_L_000070,1,0,형체와 전체 주기 제외,-0.04440364573749056,0.023354178540375248,0
71,CN7_L_000071,2,0,형체와 전체 주기 제외,-0.04939459143456926,0.023354178540375248,0
73,CN7_L_000073,0,0,형체와 전체 주기 제외,-0.07378133220067973,0.023354178540375248,0
74,CN7_L_000074,0,0,형체와 전체 주기 제외,-0.025538081430266146,0.023354178540375248,0
77,CN7_L_000077,2,0,형체와 전체 주기 제외,-0.026896513168241487,0.023354178540375248,0
79,CN7_L_000079,3,0,형체와 전체 주기 제외,-0.02196621431657597,0.023354178540375248,0
80,CN7_L_000080,2,0,형체와 전체 주기 제외,-0.03282772743301532,0.023354178540375248,0
81,CN7_L_000081,2,0,형체와 전체 주기 제외,-0.08591854787005948,0.023354178540375248,0
82,CN7_L_000082,3,0,형체와 전체 주기 제외,-0.02019415098760513,0.023354178540375248,0
83,CN7_L_000083,2,0,형체와 전체 주기 제외,-0.06725089460025213,0.023354178540375248,0
84,CN7_L_000084,3,0,형체와 전체 주기 제외,-0.056896506549700465,0.023354178540375248,0
86,CN7_L_000086,0,0,형체와 전체 주기 제외,-0.016401082570817405,0.023354178540375248,0
87,CN7_L_000087,3,0,형체와 전체 주기 제외,-0.060211834141576936,0.023354178540375248,0
88,CN7_L_000088,0,0,형체와 전체 주기 제외,-0.04822147171932656,0.023354178540375248,0
89,CN7_L_000089,3,0,형체와 전체 주기 제외,-0.025496974203163436,0.023354178540375248,0
90,CN7_L_000090,1,0,형체와 전체 주기 제외,-0.044972925374787476,0.023354178540375248,0
91,CN7_L_000091,2,0,형체와 전체 주기 제외,-0.10677208240082203,0.023354178540375248,0
92,CN7_L_000092,3,0,형체와 전체 주기 제외,-0.05462012334921962,0.023354178540375248,0
93,CN7_L_000093,1,0,형체와 전체 주기 제외,-0.03315996346489758,0.023354178540375248,0
95,CN7_L_000095,0,0,형체와 전체 주기 제외,0.023354178540375248,0.023354178540375248,0
96,CN7_L_000096,3,0,형체와 전체 주기 제외,-0.050823438322708636,0.023354178540375248,0
97,CN7_L_000097,3,0,형체와 전체 주기 제외,-0.02757035183772194,0.023354178540375248,0
98,CN7_L_000098,3,0,형체와 전체 주기 제외,-0.014007256450998096,0.023354178540375248,0
99,CN7_L_000099,2,0,형체와 전체 주기 제외,-0.07178494969215699,0.023354178540375248,0
100,CN7_L_000100,3,0,형체와 전체 주기 제외,-0.036785516566861354,0.023354178540375248,0
102,CN7_L_000102,3,0,형체와 전체 주기 제외,-0.06100878086532813,0.023354178540375248,0
103,CN7_L_000103,0,0,형체와 전체 주기 제외,0.015584674519230735,0.023354178540375248,0
104,CN7_L_000104,2,0,형체와 전체 주기 제외,-0.03835208263754408,0.023354178540375248,0
106,CN7_L_000106,3,0,형체와 전체 주기 제외,-0.037318276797980054,0.023354178540375248,0
107,CN7_L_000107,0,0,형체와 전체 주기 제외,-0.008082767366998311,0.023354178540375248,0
108,CN7_L_000108,2,0,형체와 전체 주기 제외,-0.05690474555266434,0.023354178540375248,0
109,CN7_L_000109,2,0,형체와 전체 주기 제외,-0.038727057844024415,0.023354178540375248,0
110,CN7_L_000110,0,0,형체와 전체 주기 제외,0.01631982624914885,0.023354178540375248,0
111,CN7_L_000111,1,0,형체와 전체 주기 제외,-0.08878893242208497,0.023354178540375248,0
115,CN7_L_000115,0,0,형체와 전체 주기 제외,-0.04821618570902109,0.023354178540375248,0
117,CN7_L_000117,3,0,형체와 전체 주기 제외,0.0031077491276780833,0.023354178540375248,0
118,CN7_L_000118,3,0,형체와 전체 주기 제외,-0.029714369621657077,0.023354178540375248,0
121,CN7_L_000121,3,0,형체와 전체 주기 제외,-0.06075726415304317,0.023354178540375248,0
122,CN7_L_000122,3,0,형체와 전체 주기 제외,-0.04978643793441506,0.023354178540375248,0
123,CN7_L_000123,0,0,형체와 전체 주기 제외,-0.037071414138882375,0.023354178540375248,0
124,CN7_L_000124,2,0,형체와 전체 주기 제외,-0.07496627013334045,0.023354178540375248,0
125,CN7_L_000125,3,0,형체와 전체 주기 제외,-0.046723688293872634,0.023354178540375248,0
126,CN7_L_000126,2,0,형체와 전체 주기 제외,-0.038277298473659016,0.023354178540375248,0
127,CN7_L_000127,0,0,형체와 전체 주기 제외,-0.033125963115308465,0.023354178540375248,0
128,CN7_L_000128,1,0,형체와 전체 주기 제외,-0.06529887424623837,0.023354178540375248,0
129,CN7_L_000129,2,0,형체와 전체 주기 제외,-0.07134935122723451,0.023354178540375248,0
130,CN7_L_000130,1,0,형체와 전체 주기 제외,-0.050607202110088956,0.023354178540375248,0
131,CN7_L_000131,3,0,형체와 전체 주기 제외,-0.07880820667427413,0.023354178540375248,0
132,CN7_L_000132,1,0,형체와 전체 주기 제외,-0.07994551190872734,0.023354178540375248,0
133,CN7_L_000133,1,0,형체와 전체 주기 제외,-0.026968754022775876,0.023354178540375248,0
134,CN7_L_000134,2,0,형체와 전체 주기 제외,-0.03626762059096178,0.023354178540375248,0
136,CN7_L_000136,0,0,형체와 전체 주기 제외,-0.02402307700662032,0.023354178540375248,0
137,CN7_L_000137,3,0,형체와 전체 주기 제외,-0.04034012401963505,0.023354178540375248,0
138,CN7_L_000138,0,0,형체와 전체 주기 제외,-0.02179034323566409,0.023354178540375248,0
139,CN7_L_000139,2,0,형체와 전체 주기 제외,-0.06652739966475929,0.023354178540375248,0
140,CN7_L_000140,1,0,형체와 전체 주기 제외,-0.06743365563791182,0.023354178540375248,0
141,CN7_L_000141,3,0,형체와 전체 주기 제외,-0.044741006018508944,0.023354178540375248,0
143,CN7_L_000143,1,0,형체와 전체 주기 제외,-0.06351951266624711,0.023354178540375248,0
145,CN7_L_000145,0,0,형체와 전체 주기 제외,-0.05701200629696457,0.023354178540375248,0
146,CN7_L_000146,3,0,형체와 전체 주기 제외,-0.04130243720579285,0.023354178540375248,0
147,CN7_L_000147,1,0,형체와 전체 주기 제외,0.0012745080336991066,0.023354178540375248,0
150,CN7_L_000150,3,0,형체와 전체 주기 제외,-0.039182648748793625,0.023354178540375248,0
151,CN7_L_000151,0,0,형체와 전체 주기 제외,-0.04128306469795451,0.023354178540375248,0
153,CN7_L_000153,0,0,형체와 전체 주기 제외,-0.04475146475991432,0.023354178540375248,0
154,CN7_L_000154,0,0,형체와 전체 주기 제외,0.019150024160663026,0.023354178540375248,0
155,CN7_L_000155,1,0,형체와 전체 주기 제외,-0.00881076547362225,0.023354178540375248,0
156,CN7_L_000156,0,0,형체와 전체 주기 제외,0.006111411337931472,0.023354178540375248,0
157,CN7_L_000157,0,0,형체와 전체 주기 제외,-0.06502644086501874,0.023354178540375248,0
158,CN7_L_000158,0,0,형체와 전체 주기 제외,-0.024804436511909778,0.023354178540375248,0
159,CN7_L_000159,2,0,형체와 전체 주기 제외,-0.05256421628849628,0.023354178540375248,0
160,CN7_L_000160,1,0,형체와 전체 주기 제외,-0.048672602947497534,0.023354178540375248,0
161,CN7_L_000161,1,0,형체와 전체 주기 제외,-0.10547352529789356,0.023354178540375248,0
162,CN7_L_000162,2,0,형체와 전체 주기 제외,-0.08665156930053719,0.023354178540375248,0
163,CN7_L_000163,2,0,형체와 전체 주기 제외,-0.016670198249362222,0.023354178540375248,0
164,CN7_L_000164,0,0,형체와 전체 주기 제외,-0.052970093872555246,0.023354178540375248,0
165,CN7_L_000165,2,0,형체와 전체 주기 제외,-0.06954778219037872,0.023354178540375248,0
166,CN7_L_000166,1,0,형체와 전체 주기 제외,-0.05816060035429471,0.023354178540375248,0
167,CN7_L_000167,2,0,형체와 전체 주기 제외,-0.023006539742815413,0.023354178540375248,0
168,CN7_L_000168,3,0,형체와 전체 주기 제외,-0.025654223694574707,0.023354178540375248,0
169,CN7_L_000169,2,0,형체와 전체 주기 제외,-0.06718022911593868,0.023354178540375248,0
171,CN7_L_000171,3,0,형체와 전체 주기 제외,-0.07139620848624428,0.023354178540375248,0
172,CN7_L_000172,0,0,형체와 전체 주기 제외,-0.051020285278769784,0.023354178540375248,0
173,CN7_L_000173,3,0,형체와 전체 주기 제외,-0.05159484214714993,0.023354178540375248,0
177,CN7_L_000177,1,0,형체와 전체 주기 제외,-0.05868528527692618,0.023354178540375248,0
178,CN7_L_000178,0,0,형체와 전체 주기 제외,-0.06605085243849507,0.023354178540375248,0
179,CN7_L_000179,0,0,형체와 전체 주기 제외,-0.07337720499989642,0.023354178540375248,0
181,CN7_L_000181,0,0,형체와 전체 주기 제외,-0.0456603437546339,0.023354178540375248,0
182,CN7_L_000182,0,0,형체와 전체 주기 제외,-0.05381179268361569,0.023354178540375248,0
183,CN7_L_000183,3,0,형체와 전체 주기 제외,-0.06476931663178931,0.023354178540375248,0
184,CN7_L_000184,2,0,형체와 전체 주기 제외,-0.07097184799208645,0.023354178540375248,0
186,CN7_L_000186,0,0,형체와 전체 주기 제외,-0.07054431188570831,0.023354178540375248,0
187,CN7_L_000187,1,0,형체와 전체 주기 제외,-0.08950857257569567,0.023354178540375248,0
188,CN7_L_000188,0,0,형체와 전체 주기 제외,-0.04738264833679473,0.023354178540375248,0
189,CN7_L_000189,0,0,형체와 전체 주기 제외,-0.018116412448061503,0.023354178540375248,0
190,CN7_L_000190,2,0,형체와 전체 주기 제외,-0.06687162624249643,0.023354178540375248,0
191,CN7_L_000191,2,0,형체와 전체 주기 제외,-0.05766115310597142,0.023354178540375248,0
192,CN7_L_000192,0,0,형체와 전체 주기 제외,-0.020764673130187816,0.023354178540375248,0
193,CN7_L_000193,2,0,형체와 전체 주기 제외,-0.03582905740155562,0.023354178540375248,0
194,CN7_L_000194,1,0,형체와 전체 주기 제외,0.006107067573755565,0.023354178540375248,0
195,CN7_L_000195,0,0,형체와 전체 주기 제외,-0.011365176267394972,0.023354178540375248,0
196,CN7_L_000196,0,0,형체와 전체 주기 제외,-0.014711348560441984,0.023354178540375248,0
197,CN7_L_000197,3,0,형체와 전체 주기 제외,-0.0329524946290638,0.023354178540375248,0
198,CN7_L_000198,0,0,형체와 전체 주기 제외,-0.028604746669795844,0.023354178540375248,0
199,CN7_L_000199,2,0,형체와 전체 주기 제외,-0.013662684103984635,0.023354178540375248,0
200,CN7_L_000200,3,0,형체와 전체 주기 제외,-0.009391246313416701,0.023354178540375248,0
202,CN7_L_000202,0,0,형체와 전체 주기 제외,-0.04131348654145928,0.023354178540375248,0
204,CN7_L_000204,0,0,형체와 전체 주기 제외,-0.05597257607885009,0.023354178540375248,0
206,CN7_L_000206,1,0,형체와 전체 주기 제외,-0.0357447246747431,0.023354178540375248,0
207,CN7_L_000207,1,0,형체와 전체 주기 제외,-0.0008742368012222279,0.023354178540375248,0
208,CN7_L_000208,2,0,형체와 전체 주기 제외,-0.00023756661204998863,0.023354178540375248,0
209,CN7_L_000209,3,0,형체와 전체 주기 제외,-0.013901700134539396,0.023354178540375248,0
210,CN7_L_000210,3,0,형체와 전체 주기 제외,-0.028480256197034315,0.023354178540375248,0
211,CN7_L_000211,3,0,형체와 전체 주기 제외,0.0024611071277087504,0.023354178540375248,0
212,CN7_L_000212,3,0,형체와 전체 주기 제외,-0.05419445709359083,0.023354178540375248,0
213,CN7_L_000213,3,0,형체와 전체 주기 제외,-0.05279686595087041,0.023354178540375248,0
216,CN7_L_000216,3,0,형체와 전체 주기 제외,-0.023472675783227537,0.023354178540375248,0
217,CN7_L_000217,1,0,형체와 전체 주기 제외,-0.05527105698538648,0.023354178540375248,0
218,CN7_L_000218,2,0,형체와 전체 주기 제외,-0.0655861348409541,0.023354178540375248,0
220,CN7_L_000220,2,0,형체와 전체 주기 제외,-0.05327689078897446,0.023354178540375248,0
221,CN7_L_000221,2,0,형체와 전체 주기 제외,-0.04491295587762156,0.023354178540375248,0
222,CN7_L_000222,3,0,형체와 전체 주기 제외,-0.06014038331802851,0.023354178540375248,0
223,CN7_L_000223,1,0,형체와 전체 주기 제외,0.009028756721098041,0.023354178540375248,0
224,CN7_L_000224,3,0,형체와 전체 주기 제외,-0.019883932331509868,0.023354178540375248,0
225,CN7_L_000225,0,0,형체와 전체 주기 제외,-0.03278550582486561,0.023354178540375248,0
226,CN7_L_000226,3,0,형체와 전체 주기 제외,-0.029786713101954465,0.023354178540375248,0
231,CN7_L_000231,1,0,형체와 전체 주기 제외,-0.024833810378850796,0.023354178540375248,0
232,CN7_L_000232,1,0,형체와 전체 주기 제외,-0.03544232668394187,0.023354178540375248,0
233,CN7_L_000233,1,0,형체와 전체 주기 제외,-0.009082952711625403,0.023354178540375248,0
234,CN7_L_000234,3,0,형체와 전체 주기 제외,-0.016032725173763307,0.023354178540375248,0
235,CN7_L_000235,3,0,형체와 전체 주기 제외,-0.024691858948891365,0.023354178540375248,0
236,CN7_L_000236,0,0,형체와 전체 주기 제외,-0.04838041876968768,0.023354178540375248,0
237,CN7_L_000237,3,0,형체와 전체 주기 제외,-0.037367677773020525,0.023354178540375248,0
238,CN7_L_000238,1,0,형체와 전체 주기 제외,-0.06657647610450645,0.023354178540375248,0
239,CN7_L_000239,1,0,형체와 전체 주기 제외,-0.04994153987481331,0.023354178540375248,0
241,CN7_L_000241,1,0,형체와 전체 주기 제외,-0.04619624257370347,0.023354178540375248,0
242,CN7_L_000242,0,0,형체와 전체 주기 제외,-0.0011565334836292074,0.023354178540375248,0
243,CN7_L_000243,2,0,형체와 전체 주기 제외,-0.051718006518916226,0.023354178540375248,0
245,CN7_L_000245,1,0,형체와 전체 주기 제외,-0.06035402105649501,0.023354178540375248,0
246,CN7_L_000246,1,0,형체와 전체 주기 제외,-0.07608839023204217,0.023354178540375248,0
247,CN7_L_000247,1,0,형체와 전체 주기 제외,-0.07503410527761867,0.023354178540375248,0
248,CN7_L_000248,2,0,형체와 전체 주기 제외,-0.07971560332095962,0.023354178540375248,0
249,CN7_L_000249,3,0,형체와 전체 주기 제외,-0.054720536000668396,0.023354178540375248,0
250,CN7_L_000250,1,0,형체와 전체 주기 제외,-0.0832863783176947,0.023354178540375248,0
251,CN7_L_000251,2,0,형체와 전체 주기 제외,-0.048361347784153796,0.023354178540375248,0
252,CN7_L_000252,1,0,형체와 전체 주기 제외,-0.04246460083909209,0.023354178540375248,0
253,CN7_L_000253,3,0,형체와 전체 주기 제외,-0.04556800766543212,0.023354178540375248,0
254,CN7_L_000254,3,0,형체와 전체 주기 제외,-0.03145425894984433,0.023354178540375248,0
256,CN7_L_000256,3,0,형체와 전체 주기 제외,-0.042959220218285576,0.023354178540375248,0
258,CN7_L_000258,2,0,형체와 전체 주기 제외,-0.11583776311937743,0.023354178540375248,0
259,CN7_L_000259,0,0,형체와 전체 주기 제외,-0.06629334514471541,0.023354178540375248,0
260,CN7_L_000260,1,0,형체와 전체 주기 제외,-0.10266825887620179,0.023354178540375248,0
261,CN7_L_000261,3,0,형체와 전체 주기 제외,-0.03636453544104645,0.023354178540375248,0
262,CN7_L_000262,3,0,형체와 전체 주기 제외,-0.05205280379993926,0.023354178540375248,0
263,CN7_L_000263,2,0,형체와 전체 주기 제외,-0.062325589217746113,0.023354178540375248,0
264,CN7_L_000264,3,0,형체와 전체 주기 제외,-0.03971025455798394,0.023354178540375248,0
267,CN7_L_000267,0,0,형체와 전체 주기 제외,-0.04683744178103755,0.023354178540375248,0
268,CN7_L_000268,0,0,형체와 전체 주기 제외,-0.06325050406410249,0.023354178540375248,0
269,CN7_L_000269,1,0,형체와 전체 주기 제외,-0.06071706895768658,0.023354178540375248,0
270,CN7_L_000270,2,0,형체와 전체 주기 제외,-0.08867517393129898,0.023354178540375248,0
271,CN7_L_000271,0,0,형체와 전체 주기 제외,-0.06896466888140118,0.023354178540375248,0
272,CN7_L_000272,2,0,형체와 전체 주기 제외,-0.06430269096677588,0.023354178540375248,0
273,CN7_L_000273,3,0,형체와 전체 주기 제외,-0.033219410848473796,0.023354178540375248,0
275,CN7_L_000275,1,0,형체와 전체 주기 제외,-0.10540306644644071,0.023354178540375248,0
276,CN7_L_000276,1,0,형체와 전체 주기 제외,-0.08491200322008963,0.023354178540375248,0
277,CN7_L_000277,1,0,형체와 전체 주기 제외,-0.0803503979471496,0.023354178540375248,0
278,CN7_L_000278,1,0,형체와 전체 주기 제외,-0.07989724439055346,0.023354178540375248,0
279,CN7_L_000279,0,0,형체와 전체 주기 제외,-0.04705683178955411,0.023354178540375248,0
280,CN7_L_000280,3,0,형체와 전체 주기 제외,-0.05114216358973955,0.023354178540375248,0
282,CN7_L_000282,0,0,형체와 전체 주기 제외,-0.03927121798404398,0.023354178540375248,0
285,CN7_L_000285,0,0,형체와 전체 주기 제외,-0.056965550642184226,0.023354178540375248,0
286,CN7_L_000286,0,0,형체와 전체 주기 제외,-0.07464629386593824,0.023354178540375248,0
288,CN7_L_000288,2,0,형체와 전체 주기 제외,-0.08620659384114449,0.023354178540375248,0
289,CN7_L_000289,1,0,형체와 전체 주기 제외,-0.09840711534633462,0.023354178540375248,0
291,CN7_L_000291,3,0,형체와 전체 주기 제외,-0.04588942903251647,0.023354178540375248,0
292,CN7_L_000292,3,0,형체와 전체 주기 제외,-0.021699296553619796,0.023354178540375248,0
293,CN7_L_000293,1,0,형체와 전체 주기 제외,-0.07854977586279643,0.023354178540375248,0
294,CN7_L_000294,2,0,형체와 전체 주기 제외,-0.12327930995980063,0.023354178540375248,0
295,CN7_L_000295,1,0,형체와 전체 주기 제외,-0.11079534182672113,0.023354178540375248,0
296,CN7_L_000296,3,0,형체와 전체 주기 제외,-0.06541214876789914,0.023354178540375248,0
297,CN7_L_000297,1,0,형체와 전체 주기 제외,-0.1099834551234089,0.023354178540375248,0
298,CN7_L_000298,0,0,형체와 전체 주기 제외,-0.0736672490271566,0.023354178540375248,0
299,CN7_L_000299,1,0,형체와 전체 주기 제외,-0.05531808249278436,0.023354178540375248,0
300,CN7_L_000300,1,0,형체와 전체 주기 제외,-0.07182187137777607,0.023354178540375248,0
301,CN7_L_000301,1,0,형체와 전체 주기 제외,-0.05208807801061788,0.023354178540375248,0
303,CN7_L_000303,1,0,형체와 전체 주기 제외,-0.1003533601602733,0.023354178540375248,0
304,CN7_L_000304,0,0,형체와 전체 주기 제외,-0.06969413749120967,0.023354178540375248,0
305,CN7_L_000305,0,0,형체와 전체 주기 제외,-0.06605850910718036,0.023354178540375248,0
307,CN7_L_000307,3,0,형체와 전체 주기 제외,-0.053486408321310464,0.023354178540375248,0
308,CN7_L_000308,0,0,형체와 전체 주기 제외,-0.0795774387100665,0.023354178540375248,0
310,CN7_L_000310,3,0,형체와 전체 주기 제외,-0.04685360034851982,0.023354178540375248,0
311,CN7_L_000311,1,0,형체와 전체 주기 제외,-0.07042788384827325,0.023354178540375248,0
312,CN7_L_000312,2,0,형체와 전체 주기 제외,-0.08599441657311013,0.023354178540375248,0
313,CN7_L_000313,0,0,형체와 전체 주기 제외,-0.04468756573036581,0.023354178540375248,0
314,CN7_L_000314,1,0,형체와 전체 주기 제외,-0.12337018669759647,0.023354178540375248,0
315,CN7_L_000315,2,0,형체와 전체 주기 제외,-0.1215573136242023,0.023354178540375248,0
316,CN7_L_000316,3,0,형체와 전체 주기 제외,-0.06880725583402336,0.023354178540375248,0
317,CN7_L_000317,3,0,형체와 전체 주기 제외,-0.053120307214699736,0.023354178540375248,0
318,CN7_L_000318,2,0,형체와 전체 주기 제외,-0.07119910844866784,0.023354178540375248,0
319,CN7_L_000319,0,0,형체와 전체 주기 제외,-0.08069160372862072,0.023354178540375248,0
320,CN7_L_000320,2,0,형체와 전체 주기 제외,-0.10040464886150335,0.023354178540375248,0
321,CN7_L_000321,0,0,형체와 전체 주기 제외,-0.05594006035158117,0.023354178540375248,0
323,CN7_L_000323,0,0,형체와 전체 주기 제외,-0.07593713984276063,0.023354178540375248,0
324,CN7_L_000324,0,0,형체와 전체 주기 제외,-0.044503056415068354,0.023354178540375248,0
325,CN7_L_000325,1,0,형체와 전체 주기 제외,-0.0809297384366281,0.023354178540375248,0
326,CN7_L_000326,1,0,형체와 전체 주기 제외,-0.10307278021052912,0.023354178540375248,0
328,CN7_L_000328,1,0,형체와 전체 주기 제외,-0.07586525952197265,0.023354178540375248,0
330,CN7_L_000330,1,0,형체와 전체 주기 제외,-0.09365635379672677,0.023354178540375248,0
331,CN7_L_000331,1,0,형체와 전체 주기 제외,-0.08037722912831846,0.023354178540375248,0
332,CN7_L_000332,0,0,형체와 전체 주기 제외,-0.05202219087312887,0.023354178540375248,0
333,CN7_L_000333,2,0,형체와 전체 주기 제외,-0.08877488014013979,0.023354178540375248,0
334,CN7_L_000334,3,0,형체와 전체 주기 제외,-0.08184469951610662,0.023354178540375248,0
335,CN7_L_000335,3,0,형체와 전체 주기 제외,-0.04372169606898879,0.023354178540375248,0
336,CN7_L_000336,2,0,형체와 전체 주기 제외,-0.06893951969459122,0.023354178540375248,0
337,CN7_L_000337,2,0,형체와 전체 주기 제외,-0.10391838639890016,0.023354178540375248,0
338,CN7_L_000338,2,0,형체와 전체 주기 제외,-0.07991923292198688,0.023354178540375248,0
339,CN7_L_000339,3,0,형체와 전체 주기 제외,-0.0682768906176725,0.023354178540375248,0
340,CN7_L_000340,2,0,형체와 전체 주기 제외,-0.079545643012362,0.023354178540375248,0
342,CN7_L_000342,1,0,형체와 전체 주기 제외,-0.08145883415696575,0.023354178540375248,0
343,CN7_L_000343,2,0,형체와 전체 주기 제외,-0.11261790919348913,0.023354178540375248,0
345,CN7_L_000345,1,0,형체와 전체 주기 제외,-0.11511566347008584,0.023354178540375248,0
346,CN7_L_000346,3,0,형체와 전체 주기 제외,-0.06717708223979857,0.023354178540375248,0
347,CN7_L_000347,1,0,형체와 전체 주기 제외,-0.08703366977753069,0.023354178540375248,0
348,CN7_L_000348,1,0,형체와 전체 주기 제외,-0.05818871346831056,0.023354178540375248,0
349,CN7_L_000349,3,0,형체와 전체 주기 제외,-0.0623625909579526,0.023354178540375248,0
350,CN7_L_000350,2,0,형체와 전체 주기 제외,-0.08321067552882422,0.023354178540375248,0
352,CN7_L_000352,2,0,형체와 전체 주기 제외,-0.10260458405492878,0.023354178540375248,0
354,CN7_L_000354,3,0,형체와 전체 주기 제외,-0.06986174378241161,0.023354178540375248,0
355,CN7_L_000355,2,0,형체와 전체 주기 제외,-0.13395999484831211,0.023354178540375248,0
356,CN7_L_000356,2,0,형체와 전체 주기 제외,-0.053472842513512475,0.023354178540375248,0
358,CN7_L_000358,2,0,형체와 전체 주기 제외,-0.07448787813530355,0.023354178540375248,0
360,CN7_L_000360,2,0,형체와 전체 주기 제외,-0.06315963185144158,0.023354178540375248,0
361,CN7_L_000361,2,0,형체와 전체 주기 제외,-0.06199867604125586,0.023354178540375248,0
362,CN7_L_000362,0,0,형체와 전체 주기 제외,-0.027484281641189323,0.023354178540375248,0
363,CN7_L_000363,1,0,형체와 전체 주기 제외,-0.11701124738901036,0.023354178540375248,0
364,CN7_L_000364,2,0,형체와 전체 주기 제외,-0.09705523186078224,0.023354178540375248,0
365,CN7_L_000365,2,0,형체와 전체 주기 제외,-0.13467703469994285,0.023354178540375248,0
366,CN7_L_000366,2,0,형체와 전체 주기 제외,-0.13005467870817222,0.023354178540375248,0
367,CN7_L_000367,3,0,형체와 전체 주기 제외,-0.055112876483748074,0.023354178540375248,0
368,CN7_L_000368,2,0,형체와 전체 주기 제외,-0.07075174032185627,0.023354178540375248,0
369,CN7_L_000369,1,0,형체와 전체 주기 제외,-0.08696393284335313,0.023354178540375248,0
370,CN7_L_000370,2,0,형체와 전체 주기 제외,-0.07563854492374666,0.023354178540375248,0
371,CN7_L_000371,1,0,형체와 전체 주기 제외,-0.061279182400036714,0.023354178540375248,0
372,CN7_L_000372,1,0,형체와 전체 주기 제외,-0.08409826394239017,0.023354178540375248,0
374,CN7_L_000374,1,0,형체와 전체 주기 제외,-0.12196082024676835,0.023354178540375248,0
375,CN7_L_000375,2,0,형체와 전체 주기 제외,-0.15690439506995135,0.023354178540375248,0
376,CN7_L_000376,1,0,형체와 전체 주기 제외,-0.12070533297616892,0.023354178540375248,0
377,CN7_L_000377,0,0,형체와 전체 주기 제외,-0.06870553817310965,0.023354178540375248,0
378,CN7_L_000378,1,0,형체와 전체 주기 제외,-0.08783201318868761,0.023354178540375248,0
379,CN7_L_000379,3,0,형체와 전체 주기 제외,-0.06918982425241227,0.023354178540375248,0
381,CN7_L_000381,1,0,형체와 전체 주기 제외,-0.046618131204118285,0.023354178540375248,0
382,CN7_L_000382,3,0,형체와 전체 주기 제외,-0.06048938586947905,0.023354178540375248,0
383,CN7_L_000383,3,0,형체와 전체 주기 제외,-0.05105824897452527,0.023354178540375248,0
384,CN7_L_000384,1,0,형체와 전체 주기 제외,-0.12983683123118883,0.023354178540375248,0
385,CN7_L_000385,2,0,형체와 전체 주기 제외,-0.10307981057581417,0.023354178540375248,0
387,CN7_L_000387,3,0,형체와 전체 주기 제외,-0.05938794066666686,0.023354178540375248,0
388,CN7_L_000388,0,0,형체와 전체 주기 제외,-0.06790735286595462,0.023354178540375248,0
389,CN7_L_000389,2,0,형체와 전체 주기 제외,-0.04818774190358699,0.023354178540375248,0
390,CN7_L_000390,3,0,형체와 전체 주기 제외,-0.04664848358348905,0.023354178540375248,0
391,CN7_L_000391,1,0,형체와 전체 주기 제외,-0.08473519689454445,0.023354178540375248,0
394,CN7_L_000394,3,0,형체와 전체 주기 제외,-0.06361026313439266,0.023354178540375248,0
395,CN7_L_000395,0,0,형체와 전체 주기 제외,-0.07135117023366178,0.023354178540375248,0
396,CN7_L_000396,3,0,형체와 전체 주기 제외,-0.06636578040693841,0.023354178540375248,0
397,CN7_L_000397,0,0,형체와 전체 주기 제외,-0.07843361289684614,0.023354178540375248,0
398,CN7_L_000398,2,0,형체와 전체 주기 제외,-0.07436280244139137,0.023354178540375248,0
400,CN7_L_000400,0,0,형체와 전체 주기 제외,-0.07688007902391636,0.023354178540375248,0
402,CN7_L_000402,2,0,형체와 전체 주기 제외,-0.11232149915545175,0.023354178540375248,0
404,CN7_L_000404,1,0,형체와 전체 주기 제외,-0.08966351708377784,0.023354178540375248,0
406,CN7_L_000406,1,0,형체와 전체 주기 제외,-0.09213227130461332,0.023354178540375248,0
407,CN7_L_000407,0,0,형체와 전체 주기 제외,-0.04278355764055419,0.023354178540375248,0
408,CN7_L_000408,0,0,형체와 전체 주기 제외,-0.007012647427142582,0.023354178540375248,0
409,CN7_L_000409,0,0,형체와 전체 주기 제외,-0.028195308027374022,0.023354178540375248,0
410,CN7_L_000410,1,0,형체와 전체 주기 제외,-0.10816396079315904,0.023354178540375248,0
411,CN7_L_000411,1,0,형체와 전체 주기 제외,-0.1112642864950466,0.023354178540375248,0
412,CN7_L_000412,3,0,형체와 전체 주기 제외,-0.06913006586785819,0.023354178540375248,0
413,CN7_L_000413,2,0,형체와 전체 주기 제외,-0.11356697345892686,0.023354178540375248,0
414,CN7_L_000414,1,0,형체와 전체 주기 제외,-0.08929784924083162,0.023354178540375248,0
416,CN7_L_000416,0,0,형체와 전체 주기 제외,-0.09492980732692002,0.023354178540375248,0
417,CN7_L_000417,0,0,형체와 전체 주기 제외,-0.0611105902669582,0.023354178540375248,0
418,CN7_L_000418,2,0,형체와 전체 주기 제외,-0.06719052272431414,0.023354178540375248,0
419,CN7_L_000419,2,0,형체와 전체 주기 제외,-0.09305943114301662,0.023354178540375248,0
421,CN7_L_000421,3,0,형체와 전체 주기 제외,-0.07477652639864729,0.023354178540375248,0
422,CN7_L_000422,1,0,형체와 전체 주기 제외,-0.14884015751875967,0.023354178540375248,0
423,CN7_L_000423,0,0,형체와 전체 주기 제외,-0.0643058474124869,0.023354178540375248,0
424,CN7_L_000424,3,0,형체와 전체 주기 제외,-0.06430526653394653,0.023354178540375248,0
425,CN7_L_000425,1,0,형체와 전체 주기 제외,-0.08598506909525128,0.023354178540375248,0
426,CN7_L_000426,2,0,형체와 전체 주기 제외,-0.11600298656116736,0.023354178540375248,0
428,CN7_L_000428,2,0,형체와 전체 주기 제외,-0.09137429605935221,0.023354178540375248,0
429,CN7_L_000429,3,0,형체와 전체 주기 제외,-0.029732258855606375,0.023354178540375248,0
430,CN7_L_000430,0,0,형체와 전체 주기 제외,-0.07606808970101175,0.023354178540375248,0
433,CN7_L_000433,2,0,형체와 전체 주기 제외,-0.09296706086813922,0.023354178540375248,0
434,CN7_L_000434,3,0,형체와 전체 주기 제외,-0.07213941950025093,0.023354178540375248,0
435,CN7_L_000435,0,0,형체와 전체 주기 제외,-0.08468979436895996,0.023354178540375248,0
436,CN7_L_000436,1,0,형체와 전체 주기 제외,-0.09142095302340669,0.023354178540375248,0
437,CN7_L_000437,3,0,형체와 전체 주기 제외,-0.06593973952660726,0.023354178540375248,0
438,CN7_L_000438,1,0,형체와 전체 주기 제외,-0.06653757485708356,0.023354178540375248,0
439,CN7_L_000439,1,0,형체와 전체 주기 제외,-0.07424715614620903,0.023354178540375248,0
440,CN7_L_000440,0,0,형체와 전체 주기 제외,-0.07444671086858179,0.023354178540375248,0
442,CN7_L_000442,2,0,형체와 전체 주기 제외,-0.13727806210133497,0.023354178540375248,0
443,CN7_L_000443,1,0,형체와 전체 주기 제외,-0.09114548940751677,0.023354178540375248,0
445,CN7_L_000445,0,0,형체와 전체 주기 제외,-0.08237029385957806,0.023354178540375248,0
446,CN7_L_000446,0,0,형체와 전체 주기 제외,-0.06874751187600259,0.023354178540375248,0
447,CN7_L_000447,0,0,형체와 전체 주기 제외,-0.05018256154359735,0.023354178540375248,0
448,CN7_L_000448,2,0,형체와 전체 주기 제외,-0.07967110752218165,0.023354178540375248,0
450,CN7_L_000450,2,0,형체와 전체 주기 제외,-0.10978446298074607,0.023354178540375248,0
451,CN7_L_000451,1,0,형체와 전체 주기 제외,-0.12491995500920039,0.023354178540375248,0
452,CN7_L_000452,3,0,형체와 전체 주기 제외,-0.07365586107134181,0.023354178540375248,0
453,CN7_L_000453,0,0,형체와 전체 주기 제외,-0.07984555148458039,0.023354178540375248,0
454,CN7_L_000454,3,0,형체와 전체 주기 제외,-0.0497816253131389,0.023354178540375248,0
455,CN7_L_000455,1,0,형체와 전체 주기 제외,-0.0555875079563557,0.023354178540375248,0
456,CN7_L_000456,2,0,형체와 전체 주기 제외,-0.06389103268417307,0.023354178540375248,0
457,CN7_L_000457,2,0,형체와 전체 주기 제외,-0.05960400434595137,0.023354178540375248,0
458,CN7_L_000458,1,0,형체와 전체 주기 제외,-0.0411343558900068,0.023354178540375248,0
459,CN7_L_000459,3,0,형체와 전체 주기 제외,-0.04023715198104183,0.023354178540375248,0
460,CN7_L_000460,1,0,형체와 전체 주기 제외,-0.08352813088659561,0.023354178540375248,0
461,CN7_L_000461,0,0,형체와 전체 주기 제외,-0.02590612754979782,0.023354178540375248,0
463,CN7_L_000463,1,0,형체와 전체 주기 제외,-0.1208730954730255,0.023354178540375248,0
464,CN7_L_000464,1,0,형체와 전체 주기 제외,-0.11089978177722148,0.023354178540375248,0
465,CN7_L_000465,3,0,형체와 전체 주기 제외,-0.06472172808219856,0.023354178540375248,0
466,CN7_L_000466,0,0,형체와 전체 주기 제외,-0.07234013069142753,0.023354178540375248,0
467,CN7_L_000467,2,0,형체와 전체 주기 제외,-0.06256456306712588,0.023354178540375248,0
470,CN7_L_000470,3,0,형체와 전체 주기 제외,-0.031618929466967316,0.023354178540375248,0
471,CN7_L_000471,0,0,형체와 전체 주기 제외,-0.05084875755040308,0.023354178540375248,0
474,CN7_L_000474,2,0,형체와 전체 주기 제외,-0.09557145229234809,0.023354178540375248,0
476,CN7_L_000476,0,0,형체와 전체 주기 제외,-0.08196975462221623,0.023354178540375248,0
477,CN7_L_000477,1,0,형체와 전체 주기 제외,-0.08177417548344135,0.023354178540375248,0
478,CN7_L_000478,0,0,형체와 전체 주기 제외,-0.06192222253186053,0.023354178540375248,0
479,CN7_L_000479,3,0,형체와 전체 주기 제외,-0.05048642663713521,0.023354178540375248,0
481,CN7_L_000481,3,0,형체와 전체 주기 제외,-0.07868184389259802,0.023354178540375248,0
482,CN7_L_000482,1,0,형체와 전체 주기 제외,-0.09163495094805274,0.023354178540375248,0
483,CN7_L_000483,2,0,형체와 전체 주기 제외,-0.11019490057449977,0.023354178540375248,0
484,CN7_L_000484,3,0,형체와 전체 주기 제외,-0.043510438417514674,0.023354178540375248,0
486,CN7_L_000486,3,0,형체와 전체 주기 제외,-0.03141195629868099,0.023354178540375248,0
487,CN7_L_000487,2,0,형체와 전체 주기 제외,-0.09992700013621958,0.023354178540375248,0
491,CN7_L_000491,1,0,형체와 전체 주기 제외,-0.14086966852896055,0.023354178540375248,0
492,CN7_L_000492,1,0,형체와 전체 주기 제외,-0.05804404343943981,0.023354178540375248,0
493,CN7_L_000493,1,0,형체와 전체 주기 제외,-0.049487770978584145,0.023354178540375248,0
494,CN7_L_000494,2,0,형체와 전체 주기 제외,-0.07876931338719428,0.023354178540375248,0
495,CN7_L_000495,3,0,형체와 전체 주기 제외,-0.0539366017092866,0.023354178540375248,0
496,CN7_L_000496,2,0,형체와 전체 주기 제외,-0.10317785189739759,0.023354178540375248,0
497,CN7_L_000497,3,0,형체와 전체 주기 제외,-0.037732208498229,0.023354178540375248,0
499,CN7_L_000499,3,0,형체와 전체 주기 제외,-0.0655019532049006,0.023354178540375248,0
500,CN7_L_000500,2,0,형체와 전체 주기 제외,-0.11738879936358293,0.023354178540375248,0
501,CN7_L_000501,2,0,형체와 전체 주기 제외,-0.130821536244905,0.023354178540375248,0
502,CN7_L_000502,2,0,형체와 전체 주기 제외,-0.08199133716470053,0.023354178540375248,0
504,CN7_L_000504,1,0,형체와 전체 주기 제외,-0.07696238479702044,0.023354178540375248,0
507,CN7_L_000507,1,0,형체와 전체 주기 제외,-0.07425708799070652,0.023354178540375248,0
508,CN7_L_000508,0,0,형체와 전체 주기 제외,-0.06297643678377263,0.023354178540375248,0
509,CN7_L_000509,1,0,형체와 전체 주기 제외,-0.1339254549504716,0.023354178540375248,0
510,CN7_L_000510,1,0,형체와 전체 주기 제외,-0.08439178278252024,0.023354178540375248,0
511,CN7_L_000511,2,0,형체와 전체 주기 제외,-0.07346018827279233,0.023354178540375248,0
513,CN7_L_000513,2,0,형체와 전체 주기 제외,-0.07613780555963423,0.023354178540375248,0
514,CN7_L_000514,0,0,형체와 전체 주기 제외,-0.03253297683653322,0.023354178540375248,0
515,CN7_L_000515,0,0,형체와 전체 주기 제외,-0.03193182722141241,0.023354178540375248,0
516,CN7_L_000516,3,0,형체와 전체 주기 제외,-0.051668353667297495,0.023354178540375248,0
517,CN7_L_000517,0,0,형체와 전체 주기 제외,-0.04031569674027402,0.023354178540375248,0
519,CN7_L_000519,3,0,형체와 전체 주기 제외,-0.06563068757034429,0.023354178540375248,0
520,CN7_L_000520,3,0,형체와 전체 주기 제외,-0.08272678143140766,0.023354178540375248,0
521,CN7_L_000521,0,0,형체와 전체 주기 제외,-0.04981985614280715,0.023354178540375248,0
523,CN7_L_000523,0,0,형체와 전체 주기 제외,-0.03903574607005211,0.023354178540375248,0
525,CN7_L_000525,1,0,형체와 전체 주기 제외,-0.06480914905745827,0.023354178540375248,0
526,CN7_L_000526,0,0,형체와 전체 주기 제외,-0.0554304339552778,0.023354178540375248,0
527,CN7_L_000527,2,0,형체와 전체 주기 제외,-0.11665230034750174,0.023354178540375248,0
528,CN7_L_000528,3,0,형체와 전체 주기 제외,-0.033031891963080096,0.023354178540375248,0
529,CN7_L_000529,0,0,형체와 전체 주기 제외,-0.08197884144537504,0.023354178540375248,0
530,CN7_L_000530,2,0,형체와 전체 주기 제외,-0.10550188716374143,0.023354178540375248,0
532,CN7_L_000532,3,0,형체와 전체 주기 제외,-0.07183543795181313,0.023354178540375248,0
533,CN7_L_000533,0,0,형체와 전체 주기 제외,-0.0302849127962741,0.023354178540375248,0
534,CN7_L_000534,2,0,형체와 전체 주기 제외,-0.0752048956622331,0.023354178540375248,0
535,CN7_L_000535,2,0,형체와 전체 주기 제외,-0.08960591525277817,0.023354178540375248,0
536,CN7_L_000536,2,0,형체와 전체 주기 제외,-0.11618523873003728,0.023354178540375248,0
537,CN7_L_000537,0,0,형체와 전체 주기 제외,-0.07813243346409449,0.023354178540375248,0
538,CN7_L_000538,2,0,형체와 전체 주기 제외,-0.1274048317485712,0.023354178540375248,0
539,CN7_L_000539,0,0,형체와 전체 주기 제외,-0.06547877463793661,0.023354178540375248,0
541,CN7_L_000541,3,0,형체와 전체 주기 제외,-0.0628656073723346,0.023354178540375248,0
542,CN7_L_000542,2,0,형체와 전체 주기 제외,-0.08924090336805879,0.023354178540375248,0
543,CN7_L_000543,1,0,형체와 전체 주기 제외,-0.09065092921748175,0.023354178540375248,0
544,CN7_L_000544,2,0,형체와 전체 주기 제외,-0.04538236625557612,0.023354178540375248,0
545,CN7_L_000545,3,0,형체와 전체 주기 제외,-0.05068440648316397,0.023354178540375248,0
546,CN7_L_000546,1,0,형체와 전체 주기 제외,-0.09656757735634036,0.023354178540375248,0
547,CN7_L_000547,2,0,형체와 전체 주기 제외,-0.1551833665843021,0.023354178540375248,0
548,CN7_L_000548,3,0,형체와 전체 주기 제외,-0.013501216981043562,0.023354178540375248,0
549,CN7_L_000549,2,0,형체와 전체 주기 제외,-0.11400428128460094,0.023354178540375248,0
550,CN7_L_000550,2,0,형체와 전체 주기 제외,-0.10815941012916364,0.023354178540375248,0
551,CN7_L_000551,0,0,형체와 전체 주기 제외,-0.08899298495966645,0.023354178540375248,0
553,CN7_L_000553,3,0,형체와 전체 주기 제외,-0.05213303486201282,0.023354178540375248,0
555,CN7_L_000555,0,0,형체와 전체 주기 제외,-0.055835302790265384,0.023354178540375248,0
556,CN7_L_000556,1,0,형체와 전체 주기 제외,-0.10397394391420445,0.023354178540375248,0
557,CN7_L_000557,1,0,형체와 전체 주기 제외,-0.12220239569119995,0.023354178540375248,0
558,CN7_L_000558,3,0,형체와 전체 주기 제외,-0.046614042737834094,0.023354178540375248,0
559,CN7_L_000559,1,0,형체와 전체 주기 제외,-0.13947763838893046,0.023354178540375248,0
560,CN7_L_000560,1,0,형체와 전체 주기 제외,-0.11048597790525827,0.023354178540375248,0
561,CN7_L_000561,0,0,형체와 전체 주기 제외,-0.06402810960891214,0.023354178540375248,0
562,CN7_L_000562,0,0,형체와 전체 주기 제외,-0.07321954399707753,0.023354178540375248,0
563,CN7_L_000563,2,0,형체와 전체 주기 제외,-0.08016734884601551,0.023354178540375248,0
564,CN7_L_000564,1,0,형체와 전체 주기 제외,-0.0916724884330784,0.023354178540375248,0
566,CN7_L_000566,2,0,형체와 전체 주기 제외,-0.10174795858111718,0.023354178540375248,0
567,CN7_L_000567,0,0,형체와 전체 주기 제외,-0.03120827046805541,0.023354178540375248,0
568,CN7_L_000568,2,0,형체와 전체 주기 제외,-0.1194903421970901,0.023354178540375248,0
569,CN7_L_000569,1,0,형체와 전체 주기 제외,-0.13090011098008292,0.023354178540375248,0
570,CN7_L_000570,2,0,형체와 전체 주기 제외,-0.10674020276800178,0.023354178540375248,0
571,CN7_L_000571,3,0,형체와 전체 주기 제외,-0.06883933683822052,0.023354178540375248,0
572,CN7_L_000572,1,0,형체와 전체 주기 제외,-0.09808513789853812,0.023354178540375248,0
573,CN7_L_000573,3,0,형체와 전체 주기 제외,-0.06721694053489724,0.023354178540375248,0
575,CN7_L_000575,2,0,형체와 전체 주기 제외,-0.059917376105544484,0.023354178540375248,0
576,CN7_L_000576,3,0,형체와 전체 주기 제외,-0.06743184412212244,0.023354178540375248,0
578,CN7_L_000578,2,0,형체와 전체 주기 제외,-0.10957038047029677,0.023354178540375248,0
579,CN7_L_000579,2,0,형체와 전체 주기 제외,-0.11951732789625069,0.023354178540375248,0
580,CN7_L_000580,2,0,형체와 전체 주기 제외,-0.1281367026507847,0.023354178540375248,0
581,CN7_L_000581,1,0,형체와 전체 주기 제외,-0.07084329764236408,0.023354178540375248,0
582,CN7_L_000582,1,0,형체와 전체 주기 제외,-0.08893336537397456,0.023354178540375248,0
583,CN7_L_000583,1,0,형체와 전체 주기 제외,-0.07240195129114246,0.023354178540375248,0
584,CN7_L_000584,3,0,형체와 전체 주기 제외,-0.05397938116773959,0.023354178540375248,0
585,CN7_L_000585,0,0,형체와 전체 주기 제외,-0.07360864888453911,0.023354178540375248,0
586,CN7_L_000586,3,0,형체와 전체 주기 제외,-0.06833681426149552,0.023354178540375248,0
587,CN7_L_000587,0,0,형체와 전체 주기 제외,-0.06479282788400598,0.023354178540375248,0
590,CN7_L_000590,3,0,형체와 전체 주기 제외,-0.05034589487994001,0.023354178540375248,0
592,CN7_L_000592,2,0,형체와 전체 주기 제외,-0.06450867620198197,0.023354178540375248,0
593,CN7_L_000593,1,0,형체와 전체 주기 제외,-0.08571190579446686,0.023354178540375248,0
594,CN7_L_000594,1,0,형체와 전체 주기 제외,-0.06365524898947372,0.023354178540375248,0
595,CN7_L_000595,3,0,형체와 전체 주기 제외,-0.051348897629869494,0.023354178540375248,0
596,CN7_L_000596,0,0,형체와 전체 주기 제외,-0.0522926874980536,0.023354178540375248,0
597,CN7_L_000597,1,0,형체와 전체 주기 제외,-0.09939787980964887,0.023354178540375248,0
598,CN7_L_000598,0,0,형체와 전체 주기 제외,-0.06947043104897066,0.023354178540375248,0
599,CN7_L_000599,0,0,형체와 전체 주기 제외,-0.0722776202954778,0.023354178540375248,0
601,CN7_L_000601,2,0,형체와 전체 주기 제외,-0.0875751233816251,0.023354178540375248,0
602,CN7_L_000602,2,0,형체와 전체 주기 제외,-0.13566508531732868,0.023354178540375248,0
604,CN7_L_000604,3,0,형체와 전체 주기 제외,0.4827500228199062,0.023354178540375248,1
605,CN7_L_000605,0,0,형체와 전체 주기 제외,2.0876670820044776,0.023354178540375248,1
