record_id,pattern_row,Injection_Time,Filling_Time,Plasticizing_Time,Cycle_Time,Clamp_Close_Time,Cushion_Position,Plasticizing_Position,Clamp_Open_Position,Max_Injection_Speed,Max_Screw_RPM,Average_Screw_RPM,Max_Injection_Pressure,Max_Switch_Over_Pressure,Max_Back_Pressure,Average_Back_Pressure,Barrel_Temperature_1,Barrel_Temperature_2,Barrel_Temperature_3,Barrel_Temperature_4,Barrel_Temperature_5,Barrel_Temperature_6,Hopper_Temperature,Mold_Temperature_3,Mold_Temperature_4,input_position,if_score,label,if_rank
RG3_L_000558,558,8.569633990700348,0.8385523411322893,-2.0628132606662506,-1.3950399372025626,-1.8067254988278127,2.0750885401389327,0.5883674005367534,0.0,-1.737321949505005,0.6771090687267264,-0.4217977735906751,1.8602574670594052,1.1262433977199278,1.7808493492241462,1.7156150343228638,1.728310345257782,1.200279855795402,-0.0020813214763596324,1.0714980166573163,-0.6577508990084993,-0.3541839203189247,-0.12180903031383264,1.4561690609711522,1.7015426080271017,445,0.5829035633417775,0,1
RG3_L_000477,477,8.569633990700348,0.8385523411322893,-1.3893952866614956,-0.2987077097782125,-1.8067254988278127,1.2777072234033922,1.3696623373718366,0.0,-1.737321949505005,-0.6657520460385278,-0.4217977735906751,1.8602574670594052,1.1262433977199278,1.469744206723774,1.483119011634211,0.09662861106977294,-0.49617470017850324,0.3052463601763737,0.778985620924296,1.2231102185551241,-2.8399751984855137,-0.020131167684199668,1.1712025786165987,1.3373652919162595,384,0.5655311449576884,0,2
RG3_L_000520,520,8.569633990700348,0.8385523411322893,0.6308800429241845,-0.2987077097782125,-1.8067254988278127,2.0750885401389327,0.5883674005367534,0.0,-1.737321949505005,0.6771090687267264,-0.4217977735906751,1.8602574670594052,0.9161276312580487,1.469744206723774,1.7156150343228638,0.7958801346144643,-0.49617470017850324,0.3052463601763737,0.632729423057786,-0.030765304963843006,1.1373060186469357,-0.4268503757263929,1.3136858197938754,1.4587577306198736,415,0.5637743091102898,0,3
RG3_L_000484,484,8.569633990700348,0.8385523411322893,-0.04253793108057046,-0.846821542506724,-1.8067254988278127,2.0750885401389327,1.3696623373718366,0.0,-1.737321949505005,-0.6657520460385278,-0.4217977735906751,1.8602574670594052,0.9161276312580487,1.158639064223402,1.2506229889455585,1.728310345257782,0.23083499051918135,-0.0020813214763596324,0.48651785631665484,-0.34425810198617113,-0.3541839203189247,-1.036925309027852,1.028719337439322,1.0945827298772188,388,0.559204495158797,0,4
RG3_L_000578,578,-0.029099449053866445,0.8385523411322893,-1.6138536729488038,11.761887849595583,-0.38678982241038173,-1.1144367268032296,1.3696623373718366,0.0,-0.9522929891607599,0.6771090687267264,-0.4217977735906751,1.203937739304957,0.49592815749914615,1.469744206723774,1.7156150343228638,-2.467412199323757,0.7155574231572918,-2.1532813098042194,1.2177542145238263,0.9096174215327959,-1.3484852595196537,-0.4268503757263929,1.598652302148429,1.7015426080271017,462,0.5463115151102622,0,5
RG3_L_000035,35,-8.627730385041827,-1.1925314031676417,2.202217192363833,-0.2987077097782125,1.0330781477474453,-1.1144367268032296,1.3696623373718366,0.0,2.187583295011355,0.6771090687267264,1.1169829930268504,-3.3907009774255954,-1.1849017967013198,-1.019132536980565,-1.3068776064033847,0.5628437163914318,-0.9808971328166136,-0.0020813214763596324,0.632729423057786,-0.030765304963843006,-0.8512966597545222,0.18323231509872764,-1.5359681331845165,-1.697434098833154,28,0.5449062170118294,0,6
RG3_L_000031,31,-0.029099449053866445,-1.1925314031676417,1.9777373985051097,0.24951068491762612,1.0330781477474453,1.2777072234033922,1.3696623373718366,0.0,1.40255433466711,-0.6657520460385278,2.655763759644376,-1.4216416385498971,0.07572868374024348,-1.019132536980565,-1.7718785209354428,-1.3019455704574068,2.412011979131197,-1.8459536281514861,-0.975954860097688,-0.9711480314604819,-0.8512966597545222,1.2000264564423802,-1.6784513743617933,-1.697434098833154,25,0.534388411156924,0,7
RG3_L_000037,37,-0.029099449053866445,-1.1925314031676417,0.1819418627781529,0.24951068491762612,1.0330781477474453,0.48032590666785163,2.932550301441406,0.0,1.40255433466711,2.0199701834919805,2.655763759644376,-0.7652217551830952,-0.1343870827216355,0.22529990092137753,-0.609380669182674,0.7958801346144643,-0.9808971328166136,1.8417909851987668,1.8027343748644875,-0.030765304963843006,-0.8512966597545222,0.18323231509872764,-1.82093461553907,-1.9402166608721947,30,0.5316005095036272,0,8
RG3_L_000007,7,-0.029099449053866445,-1.1925314031676417,3.1001149602273115,-0.2987077097782125,1.0330781477474453,2.0750885401389327,-1.7558155003678992,0.0,2.187583295011355,-0.6657520460385278,-0.4217977735906751,-1.4216416385498971,-0.9747860302394408,-1.9524598323821356,-2.0043745436240954,0.09662861106977294,-0.2538134838594481,-1.2312982648460196,-1.122211057964198,-0.030765304963843006,-0.8512966597545222,-0.6302061009856589,-1.5359681331845165,-1.57604166012954,6,0.5307996987554837,0,9
RG3_L_000381,381,-0.029099449053866445,0.8385523411322893,-0.9404356989440489,0.24951068491762612,1.0330781477474453,-1.9118180435387702,1.3696623373718366,0.0,-1.737321949505005,-0.6657520460385278,1.1169829930268504,1.8602574670594052,1.1262433977199278,2.0919663596249722,1.7156150343228638,0.7958801346144643,-0.011452267540392873,0.919807940240567,0.19400546058363471,-0.030765304963843006,-2.3427865987203824,-1.6470002423293113,-1.108521127294472,-0.7262969045724291,306,0.5285284940280772,1,10
RG3_L_000191,191,-0.029099449053866445,-1.1925314031676417,-0.4914975187980172,-0.2987077097782125,1.0330781477474453,2.0750885401389327,-1.7558155003678992,0.0,2.187583295011355,-0.6657520460385278,-0.4217977735906751,-2.7343812496711473,-1.395001533580771,-2.2635768427829617,-1.7718785209354428,-1.0688380177965773,-0.7385359164975585,-0.9239705831932862,-0.6834870954900467,0.5962202890808133,1.1373060186469357,1.8101013897438392,0.17382532565923292,-0.11933702642254647,159,0.5283109023906172,0,11
RG3_L_000006,6,-0.029099449053866445,-1.1925314031676417,2.202217192363833,0.24951068491762612,1.0330781477474453,2.0750885401389327,-0.974520563532816,0.0,1.40255433466711,0.6771090687267264,1.1169829930268504,-1.4216416385498971,-0.7646862933599895,-1.6413546898817633,-2.236870566312748,-1.7680895413412685,0.23083499051918135,-0.0020813214763596324,-1.268467255830708,-0.9711480314604819,-2.8399751984855137,0.9966629736594528,-1.6784513743617933,-1.818826537536768,5,0.523419102357347,0,12
RG3_L_000018,18,-0.029099449053866445,-1.1925314031676417,2.202217192363833,-1.120983020838307,1.0330781477474453,2.0750885401389327,-1.7558155003678992,0.0,2.187583295011355,-0.6657520460385278,1.1169829930268504,-0.7652217551830952,-0.3444868196010868,-0.08580524157899463,-0.3768757773392685,1.4952027925969524,-0.49617470017850324,0.612574041829107,0.04774926271712467,-2.2251192195497946,-0.8512966597545222,0.28491017772836064,-1.5359681331845165,-1.697434098833154,14,0.5229362878168291,0,13
RG3_L_000572,572,-0.029099449053866445,-1.1925314031676417,-1.8383334668075273,-1.3950399372025626,-1.8067254988278127,0.48032590666785163,0.5883674005367534,0.0,-0.16738380741894748,-2.0085875478583746,1.1169829930268504,-0.7652217551830952,-0.1343870827216355,-0.08580524157899463,0.08812513719278957,1.0289876872752937,-0.49617470017850324,1.5344633035460336,-0.09850693514938538,0.28272749205848513,1.1373060186469357,-0.12180903031383264,1.598652302148429,1.7015426080271017,458,0.5225369355771607,0,14
RG3_L_000519,519,-0.029099449053866445,0.8385523411322893,-0.7159559050853255,-0.846821542506724,-1.8067254988278127,-1.9118180435387702,1.3696623373718366,0.0,-1.737321949505005,-2.0085875478583746,-0.4217977735906751,1.8602574670594052,0.9161276312580487,0.8475220538225758,1.018118097102153,1.2620952399361232,1.6849283301740314,-0.0020813214763596324,-0.39097469975702664,-2.538516352001777,1.634494618412067,-0.4268503757263929,1.3136858197938754,1.3373652919162595,414,0.5193458361926411,0,15
RG3_L_000354,354,-0.029099449053866445,0.8385523411322893,-0.4914975187980172,0.24951068491762612,1.0330781477474453,-1.1144367268032296,1.3696623373718366,0.0,-0.9522929891607599,-0.6657520460385278,1.1169829930268504,1.203937739304957,0.7060278943785975,1.469744206723774,1.483119011634211,-1.0688380177965773,0.7155574231572918,-0.9239705831932862,2.095202139472129,0.9096174215327959,-1.8455979989552511,-1.8503598463504078,-1.6784513743617933,-1.3332567827223119,285,0.5192668706287862,0,16
RG3_L_000443,443,-0.029099449053866445,0.8385523411322893,-0.9404356989440489,-0.846821542506724,-1.8067254988278127,-1.9118180435387702,0.5883674005367534,0.0,-1.737321949505005,-0.6657520460385278,-1.9605785402082005,1.8602574670594052,0.9161276312580487,1.469744206723774,1.9481199261662692,-2.2343046466629275,0.23083499051918135,-0.0020813214763596324,0.9252418187908061,-1.2846408284828101,-1.8455979989552511,-0.3251647555730986,1.1712025786165987,1.2159728532126455,356,0.5167510702881427,0,17
RG3_L_000380,380,-0.029099449053866445,0.8385523411322893,0.4064002490654612,-0.2987077097782125,-0.38678982241038173,-1.9118180435387702,0.5883674005367534,0.0,-2.5222910205480336,-2.0085875478583746,-0.4217977735906751,1.203937739304957,1.5464428714788303,1.469744206723774,1.483119011634211,-0.1364789415910565,0.23083499051918135,-0.3094090031290929,-0.39097469975702664,0.5962202890808133,-0.8512966597545222,-2.7654722463025965,-1.108521127294472,-0.7262969045724291,305,0.5162369289457371,0,18
RG3_L_000024,24,-0.029099449053866445,-1.1925314031676417,2.6511553725098644,-0.2987077097782125,1.0330781477474453,2.0750885401389327,0.5883674005367534,0.0,2.187583295011355,-0.6657520460385278,1.1169829930268504,-2.7343812496711473,-0.3444868196010868,-1.019132536980565,-1.5393736290920372,0.09662861106977294,1.4425671138549763,0.3052463601763737,-0.975954860097688,0.28272749205848513,0.6401932792113381,-0.6302061009856589,-1.5359681331845165,-1.697434098833154,18,0.5151927248655296,0,19
RG3_L_000125,125,-0.029099449053866445,-1.1925314031676417,1.3042980169289395,0.24951068491762612,-0.38678982241038173,1.2777072234033922,1.3696623373718366,0.0,1.40255433466711,0.6771090687267264,1.1169829930268504,-1.4216416385498971,-1.1849017967013198,-2.2635768427829617,-2.236870566312748,-2.001197094002098,-0.011452267540392873,-0.0020813214763596324,-0.975954860097688,-0.6577508990084993,-2.3427865987203824,-0.020131167684199668,-1.108521127294472,-0.8476893432760432,103,0.5150451568036986,0,20
RG3_L_000334,334,-0.029099449053866445,-1.1925314031676417,-1.1649154928027723,-0.2987077097782125,1.0330781477474453,2.0750885401389327,-0.974520563532816,0.0,1.40255433466711,-2.0085875478583746,-1.9605785402082005,-2.0779613663043452,-1.395001533580771,-1.019132536980565,-0.609380669182674,-0.6026229124749184,0.47319620683823654,-1.5386259464987528,0.778985620924296,-0.030765304963843006,0.6401932792113381,0.0815466949454333,0.31630584919472404,0.002053096912880053,269,0.5148381268058967,0,21
RG3_L_000503,503,-0.029099449053866445,0.8385523411322893,-1.1649154928027723,0.24951068491762612,-1.8067254988278127,-1.9118180435387702,0.5883674005367534,0.0,-1.737321949505005,-0.6657520460385278,-1.9605785402082005,1.203937739304957,1.1262433977199278,1.7808493492241462,1.9481199261662692,-0.1364789415910565,0.7155574231572918,-2.1532813098042194,0.778985620924296,-1.5981336255051382,-0.8512966597545222,0.48826590298762657,1.028719337439322,1.3373652919162595,402,0.5128656716145528,0,22
RG3_L_000114,114,-0.029099449053866445,-1.1925314031676417,0.6308800429241845,-0.846821542506724,-0.38678982241038173,2.0750885401389327,-0.19292753629832982,0.0,1.40255433466711,-0.6657520460385278,-0.4217977735906751,-2.7343812496711473,-1.1849017967013198,-1.9524598323821356,-1.5393736290920372,0.3297361637306024,-1.223184390876188,-0.6167366847818262,-0.39097469975702664,1.2231102185551241,1.634494618412067,-0.3251647555730986,-0.9660378861171952,-0.8476893432760432,92,0.5095500237728325,0,23
RG3_L_000023,23,-0.029099449053866445,-1.1925314031676417,1.9777373985051097,0.24951068491762612,1.0330781477474453,1.2777072234033922,2.151255364606323,0.0,1.40255433466711,2.0199701834919805,2.655763759644376,-1.4216416385498971,-0.3444868196010868,-1.3302495473813911,-2.236870566312748,-0.6026229124749184,0.23083499051918135,-0.0020813214763596324,-0.8297432933565567,-0.030765304963843006,1.1373060186469357,0.3865880403579936,-1.5359681331845165,-1.697434098833154,17,0.5092159947683591,0,24
RG3_L_000383,383,-0.029099449053866445,0.8385523411322893,-0.7159559050853255,0.24951068491762612,1.0330781477474453,-1.9118180435387702,-0.19292753629832982,0.0,-1.737321949505005,0.6771090687267264,-0.4217977735906751,1.8602574670594052,0.9161276312580487,2.0919663596249722,2.1806159488549217,-0.1364789415910565,-0.9808971328166136,-0.0020813214763596324,0.04774926271712467,-0.6577508990084993,-0.8512966597545222,-1.952037708980041,-1.108521127294472,-0.8476893432760432,308,0.5073904050494407,0,25
RG3_L_000504,504,-0.029099449053866445,0.8385523411322893,-1.1649154928027723,0.24951068491762612,-1.8067254988278127,-1.9118180435387702,1.3696623373718366,0.0,-1.737321949505005,2.0199701834919805,-0.4217977735906751,1.8602574670594052,1.1262433977199278,1.7808493492241462,1.9481199261662692,0.5628437163914318,-0.9808971328166136,0.3052463601763737,1.2177542145238263,-0.030765304963843006,1.1373060186469357,-0.3251647555730986,1.028719337439322,1.3373652919162595,403,0.5068232945433975,0,26
RG3_L_000032,32,-0.029099449053866445,-1.1925314031676417,3.1001149602273115,-0.2987077097782125,1.0330781477474453,2.0750885401389327,2.151255364606323,0.0,1.40255433466711,0.6771090687267264,-0.4217977735906751,-1.4216416385498971,-0.5545865564805381,-1.6413546898817633,-1.5393736290920372,0.7958801346144643,0.7155574231572918,-0.3094090031290929,-0.975954860097688,-0.9711480314604819,-0.3541839203189247,0.8949851110298198,-1.6784513743617933,-1.697434098833154,26,0.5026796639320414,0,27
RG3_L_000577,577,-0.029099449053866445,0.8385523411322893,-2.0628132606662506,5.731590069908686,-1.8067254988278127,-1.1144367268032296,-0.19292753629832982,0.0,-1.737321949505005,0.6771090687267264,-0.4217977735906751,1.203937739304957,0.9161276312580487,1.158639064223402,1.483119011634211,-0.36958649425188594,-0.011452267540392873,-0.0020813214763596324,0.3402616584501448,0.5962202890808133,-1.8455979989552511,-1.036925309027852,1.598652302148429,1.5801501693234876,461,0.5019983780933864,0,28
RG3_L_000350,350,-0.029099449053866445,0.8385523411322893,0.1819418627781529,0.24951068491762612,-0.38678982241038173,-1.1144367268032296,1.3696623373718366,0.0,-0.9522929891607599,2.0199701834919805,-0.4217977735906751,1.203937739304957,0.9161276312580487,-0.3969103840793668,-0.14437975465061584,1.4952027925969524,0.7155574231572918,-0.3094090031290929,-1.268467255830708,-2.538516352001777,0.1430046794462067,-1.8503598463504078,-1.6784513743617933,-1.3332567827223119,282,0.5018990769261966,0,29
RG3_L_000051,51,-0.029099449053866445,-1.1925314031676417,1.0798396306416314,0.24951068491762612,-0.38678982241038173,0.48032590666785163,0.5883674005367534,0.0,0.6176451529252976,2.0199701834919805,2.655763759644376,-0.10880187181629318,-0.7646862933599895,-1.3302495473813911,-2.0043745436240954,-2.001197094002098,-1.465545607195243,-1.8459536281514861,-0.975954860097688,-0.34425810198617113,-0.8512966597545222,0.5899437656172595,-0.8235546449399185,-0.8476893432760432,42,0.5012210595478909,0,30
RG3_L_000459,459,-0.029099449053866445,0.8385523411322893,0.1819418627781529,0.24951068491762612,-0.38678982241038173,-1.1144367268032296,0.5883674005367534,0.0,-1.737321949505005,-0.6657520460385278,-0.4217977735906751,1.8602574670594052,1.336343134599379,0.5364169113222037,0.7856220744135003,2.194454316141644,-1.465545607195243,1.2271356218933003,-1.268467255830708,3.1039713361187475,-1.3484852595196537,-0.7318839636152918,0.886238813903831,1.0945827298772188,369,0.5002794065281742,0,31
RG3_L_000551,551,-0.029099449053866445,0.8385523411322893,-1.3893952866614956,0.24951068491762612,-1.8067254988278127,-1.1144367268032296,1.3696623373718366,0.0,-1.737321949505005,2.0199701834919805,-1.9605785402082005,1.203937739304957,0.7060278943785975,1.7808493492241462,2.1806159488549217,0.09662861106977294,-1.223184390876188,-0.6167366847818262,0.778985620924296,-0.030765304963843006,-0.3541839203189247,-0.2234868929434656,1.3136858197938754,1.4587577306198736,439,0.5002104662234548,0,32
RG3_L_000345,345,-0.029099449053866445,0.8385523411322893,-2.7362312346710054,-0.2987077097782125,1.0330781477474453,-0.31705541006768895,0.5883674005367534,0.0,-0.9522929891607599,-0.6657520460385278,-0.4217977735906751,0.547517855938155,0.49592815749914615,1.158639064223402,1.483119011634211,0.09662861106977294,0.7155574231572918,0.612574041829107,1.6564781769979775,0.9096174215327959,0.1430046794462067,-2.2570751756307703,-1.82093461553907,-1.454649221425926,278,0.5001377683336151,0,33
RG3_L_000472,472,-0.029099449053866445,0.8385523411322893,0.4064002490654612,0.24951068491762612,-0.38678982241038173,-0.31705541006768895,0.5883674005367534,0.0,-0.16738380741894748,-2.0085875478583746,1.1169829930268504,0.547517855938155,0.07572868374024348,-0.7080273944801929,-0.609380669182674,1.728310345257782,-1.9502680398333534,-0.6167366847818262,-1.4147234536972182,-4.419377469565401,0.1430046794462067,-0.4268503757263929,1.4561690609711522,1.4587577306198736,381,0.49945917165149606,0,34
RG3_L_000124,124,-0.029099449053866445,-1.1925314031676417,-0.2670177249392938,-0.2987077097782125,-0.38678982241038173,1.2777072234033922,0.5883674005367534,0.0,1.40255433466711,-0.6657520460385278,-0.4217977735906751,-1.4216416385498971,-1.1849017967013198,-2.2635768427829617,-1.7718785209354428,-0.36958649425188594,0.23083499051918135,-1.8459536281514861,-0.39097469975702664,2.7904785390964193,0.1430046794462067,0.9966629736594528,-0.8235546449399185,-0.8476893432760432,102,0.49925021898524574,0,35
RG3_L_000005,5,-0.029099449053866445,-1.1925314031676417,2.202217192363833,0.24951068491762612,1.0330781477474453,1.2777072234033922,-1.7558155003678992,0.0,1.40255433466711,0.6771090687267264,2.655763759644376,-0.7652217551830952,-0.3444868196010868,-1.3302495473813911,-2.236870566312748,-0.8357304651357478,-1.223184390876188,-0.3094090031290929,-0.6834870954900467,-0.9711480314604819,-0.3541839203189247,1.0983408362890856,-1.3934848920072398,-1.57604166012954,4,0.49859054694796207,0,36
RG3_L_000039,39,-0.029099449053866445,-1.1925314031676417,1.9777373985051097,0.24951068491762612,1.0330781477474453,0.48032590666785163,1.3696623373718366,0.0,0.6176451529252976,0.6771090687267264,-0.4217977735906751,-0.7652217551830952,0.7060278943785975,0.22529990092137753,-0.3768757773392685,-1.0688380177965773,1.6849283301740314,-0.3094090031290929,0.632729423057786,-0.6577508990084993,-1.8455979989552511,-0.6302061009856589,-1.963415139074561,-2.0616090995758087,32,0.49666409549722246,0,37
RG3_L_000362,362,-0.029099449053866445,0.8385523411322893,0.4064002490654612,-0.2987077097782125,1.0330781477474453,-1.1144367268032296,1.3696623373718366,0.0,-1.737321949505005,0.6771090687267264,-0.4217977735906751,1.203937739304957,0.9161276312580487,0.8475220538225758,1.018118097102153,1.2620952399361232,-1.465545607195243,-1.5386259464987528,0.04774926271712467,-0.34425810198617113,0.1430046794462067,-2.5621165210433308,-1.5359681331845165,-1.2118666593868854,289,0.4954156943982837,0,38
RG3_L_000448,448,-0.029099449053866445,0.8385523411322893,1.0798396306416314,-0.2987077097782125,-1.8067254988278127,-0.31705541006768895,1.3696623373718366,0.0,-0.16738380741894748,-2.0085875478583746,-0.4217977735906751,0.547517855938155,-0.1343870827216355,0.22529990092137753,0.32062115988144224,1.0289876872752937,0.47319620683823654,-1.5386259464987528,-1.122211057964198,0.28272749205848513,1.634494618412067,-1.6470002423293113,1.028719337439322,1.2159728532126455,359,0.49533830637090603,0,39
RG3_L_000424,424,-0.029099449053866445,0.8385523411322893,-0.04253793108057046,-0.2987077097782125,-0.38678982241038173,-1.1144367268032296,2.151255364606323,0.0,-0.9522929891607599,-2.0085875478583746,1.1169829930268504,1.203937739304957,0.9161276312580487,1.469744206723774,1.483119011634211,-0.6026229124749184,1.200279855795402,0.3052463601763737,1.9489905727309975,0.28272749205848513,-0.8512966597545222,-0.8335618262449248,0.7437555727265542,0.9731902911736049,340,0.49456461833470583,0,40
RG3_L_000029,29,-0.029099449053866445,-1.1925314031676417,3.7735329342320663,0.24951068491762612,1.0330781477474453,0.48032590666785163,2.151255364606323,0.0,0.6176451529252976,0.6771090687267264,1.1169829930268504,-0.7652217551830952,0.2858284206196948,-0.08580524157899463,-0.609380669182674,1.2620952399361232,-1.465545607195243,1.2271356218933003,0.19400546058363471,0.5962202890808133,-0.8512966597545222,1.2000264564423802,-1.6784513743617933,-1.697434098833154,23,0.49369186181659624,0,41
RG3_L_000164,164,-0.029099449053866445,-1.1925314031676417,-0.4914975187980172,-0.2987077097782125,1.0330781477474453,2.0750885401389327,-1.7558155003678992,0.0,1.40255433466711,0.6771090687267264,-0.4217977735906751,-1.4216416385498971,-0.7646862933599895,-1.9524598323821356,-1.7718785209354428,-0.36958649425188594,-1.9502680398333534,-0.6167366847818262,-0.5372308976235367,-0.030765304963843006,-0.8512966597545222,1.8101013897438392,-0.1111411566953205,-0.36212190382977455,137,0.49312546640666977,0,42
RG3_L_000157,157,-0.029099449053866445,0.8385523411322893,1.0798396306416314,0.24951068491762612,1.0330781477474453,-0.31705541006768895,-0.19292753629832982,0.0,0.6176451529252976,-0.6657520460385278,1.1169829930268504,0.547517855938155,-0.1343870827216355,-0.7080273944801929,-0.8418766918713266,2.660669421463303,0.9579186394763469,2.1491186668515003,-1.268467255830708,-2.2251192195497946,0.1430046794462067,2.115134977632738,-0.1111411566953205,-0.36212190382977455,130,0.49258511911017694,0,43
RG3_L_000009,9,-0.029099449053866445,-1.1925314031676417,1.0798396306416314,0.24951068491762612,1.0330781477474453,2.0750885401389327,-1.7558155003678992,0.0,2.187583295011355,0.6771090687267264,-0.4217977735906751,-2.7343812496711473,-0.7646862933599895,-1.019132536980565,-1.5393736290920372,0.3297361637306024,-0.9808971328166136,0.3052463601763737,0.48651785631665484,2.1635886096221086,-0.8512966597545222,0.28491017772836064,-1.5359681331845165,-1.57604166012954,7,0.4925571924965304,0,44
RG3_L_000382,382,-0.029099449053866445,0.8385523411322893,-0.7159559050853255,0.24951068491762612,-0.38678982241038173,-1.1144367268032296,-0.19292753629832982,0.0,-0.9522929891607599,2.0199701834919805,1.1169829930268504,-0.10880187181629318,0.7060278943785975,1.7808493492241462,1.483119011634211,0.3297361637306024,0.7155574231572918,2.1491186668515003,-0.39097469975702664,0.5962202890808133,0.6401932792113381,-0.9352474463982191,-0.9660378861171952,-0.7262969045724291,307,0.4924218012504152,0,45
RG3_L_000471,471,-0.029099449053866445,-1.1925314031676417,0.4064002490654612,-0.846821542506724,-0.38678982241038173,0.48032590666785163,0.5883674005367534,0.0,0.6176451529252976,-0.6657520460385278,-0.4217977735906751,-1.4216416385498971,0.07572868374024348,0.5364169113222037,0.7856220744135003,-0.1364789415910565,-0.2538134838594481,-0.6167366847818262,0.3402616584501448,2.476985742074091,2.1316073578476646,-0.7318839636152918,1.1712025786165987,1.3373652919162595,380,0.4922153861981741,0,46
RG3_L_000000,0,-0.029099449053866445,-1.1925314031676417,1.9777373985051097,0.24951068491762612,1.0330781477474453,2.8676077756748666,-1.7558155003678992,0.0,2.187583295011355,0.6771090687267264,-0.4217977735906751,-2.0779613663043452,-1.1849017967013198,-1.3302495473813911,-1.3068776064033847,0.09662861106977294,-0.49617470017850324,-0.0020813214763596324,0.04774926271712467,0.28272749205848513,-0.3541839203189247,0.18323231509872764,-1.3934848920072398,-1.57604166012954,0,0.4918980628396138,0,47
RG3_L_000388,388,-0.029099449053866445,0.8385523411322893,-0.2670177249392938,-0.846821542506724,-0.38678982241038173,-1.9118180435387702,-0.19292753629832982,0.0,-1.737321949505005,-0.6657520460385278,1.1169829930268504,1.203937739304957,1.1262433977199278,1.469744206723774,1.2506229889455585,-0.36958649425188594,0.7155574231572918,1.8417909851987668,0.19400546058363471,-1.2846408284828101,-0.8512966597545222,-1.8503598463504078,-0.8235546449399185,-0.6049067812370027,312,0.49087382822240494,0,48
RG3_L_000570,570,-0.029099449053866445,0.8385523411322893,-1.1649154928027723,-1.3950399372025626,-1.8067254988278127,-0.31705541006768895,0.5883674005367534,0.0,-0.9522929891607599,0.6771090687267264,-1.9605785402082005,0.547517855938155,0.49592815749914615,1.158639064223402,1.2506229889455585,1.4952027925969524,-0.011452267540392873,2.1491186668515003,1.2177542145238263,0.9096174215327959,-0.8512966597545222,-0.12180903031383264,1.4561690609711522,1.7015426080271017,456,0.4907030595147682,0,49
RG3_L_000586,586,-0.029099449053866445,0.8385523411322893,1.0798396306416314,-0.846821542506724,-1.8067254988278127,-1.1144367268032296,1.3696623373718366,0.0,-0.9522929891607599,0.6771090687267264,-0.4217977735906751,1.203937739304957,0.7060278943785975,0.8475220538225758,0.7856220744135003,2.194454316141644,-1.223184390876188,1.5344633035460336,-0.39097469975702664,0.5962202890808133,-1.3484852595196537,-0.12180903031383264,1.598652302148429,1.7015426080271017,468,0.49067281689064984,0,50
RG3_L_000030,30,-0.029099449053866445,-1.1925314031676417,1.5287778107876628,0.24951068491762612,1.0330781477474453,1.2777072234033922,1.3696623373718366,0.0,0.6176451529252976,-0.6657520460385278,2.655763759644376,-1.4216416385498971,-0.1343870827216355,-0.3969103840793668,-1.5393736290920372,0.7958801346144643,-0.011452267540392873,-0.0020813214763596324,-1.122211057964198,-0.6577508990084993,1.634494618412067,0.18323231509872764,-1.6784513743617933,-1.697434098833154,24,0.4903401509983911,0,51
RG3_L_000550,550,-0.029099449053866445,0.8385523411322893,-1.3893952866614956,-1.3950399372025626,-1.8067254988278127,-1.9118180435387702,0.5883674005367534,0.0,-0.9522929891607599,-0.6657520460385278,-0.4217977735906751,1.203937739304957,1.1262433977199278,1.7808493492241462,1.9481199261662692,0.09662861106977294,-0.49617470017850324,-0.0020813214763596324,1.0714980166573163,-1.2846408284828101,0.1430046794462067,-1.036925309027852,1.4561690609711522,1.7015426080271017,438,0.48949492383464965,0,52
RG3_L_000123,123,-0.029099449053866445,-1.1925314031676417,-0.4914975187980172,0.24951068491762612,-0.38678982241038173,2.0750885401389327,-0.19292753629832982,0.0,1.40255433466711,-0.6657520460385278,-0.4217977735906751,-2.0779613663043452,-1.1849017967013198,-1.6413546898817633,-1.3068776064033847,-0.8357304651357478,-2.1926292561524083,-0.0020813214763596324,0.3402616584501448,2.476985742074091,0.1430046794462067,-0.12180903031383264,-0.9660378861171952,-0.8476893432760432,101,0.48901337427517777,0,53
RG3_L_000357,357,-0.029099449053866445,-1.1925314031676417,-0.2670177249392938,0.24951068491762612,-0.38678982241038173,0.48032590666785163,0.5883674005367534,0.0,-0.16738380741894748,-0.6657520460385278,-0.4217977735906751,-0.7652217551830952,0.07572868374024348,-1.019132536980565,-0.3768757773392685,0.09662861106977294,-0.9808971328166136,-2.1532813098042194,-0.09850693514938538,-0.9711480314604819,-1.3484852595196537,-2.8671539876940604,-1.82093461553907,-1.454649221425926,287,0.48887683556103473,0,54
RG3_L_000115,115,-0.029099449053866445,-1.1925314031676417,-0.04253793108057046,-0.2987077097782125,-0.38678982241038173,1.2777072234033922,0.5883674005367534,0.0,1.40255433466711,0.6771090687267264,-0.4217977735906751,-1.4216416385498971,-1.395001533580771,-2.2635768427829617,-2.236870566312748,-0.36958649425188594,-0.2538134838594481,-0.3094090031290929,-0.8297432933565567,-0.6577508990084993,-0.8512966597545222,1.403382181701646,-1.108521127294472,-0.9690817819796572,93,0.4887634501524575,0,55
RG3_L_000002,2,-0.029099449053866445,-1.1925314031676417,0.6308800429241845,-0.2987077097782125,1.0330781477474453,1.2777072234033922,-1.7558155003678992,0.0,1.40255433466711,0.6771090687267264,2.655763759644376,-0.7652217551830952,-0.5545865564805381,-0.7080273944801929,-1.5393736290920372,1.2620952399361232,-0.2538134838594481,-0.0020813214763596324,0.9252418187908061,0.28272749205848513,-1.3484852595196537,0.28491017772836064,-1.5359681331845165,-1.57604166012954,1,0.48872570161002177,0,56
RG3_L_000004,4,-0.029099449053866445,-1.1925314031676417,1.0798396306416314,0.24951068491762612,1.0330781477474453,2.0750885401389327,-1.7558155003678992,0.0,1.40255433466711,0.6771090687267264,1.1169829930268504,-1.4216416385498971,-0.1343870827216355,-0.7080273944801929,-1.3068776064033847,0.7958801346144643,1.6849283301740314,1.8417909851987668,0.04774926271712467,-0.030765304963843006,1.1373060186469357,0.18323231509872764,-1.3934848920072398,-1.57604166012954,3,0.48795124721296657,0,57
RG3_L_000439,439,-0.029099449053866445,0.8385523411322893,-1.1649154928027723,0.24951068491762612,-1.8067254988278127,-1.1144367268032296,0.5883674005367534,0.0,-0.9522929891607599,-0.6657520460385278,-1.9605785402082005,0.547517855938155,0.2858284206196948,-0.3969103840793668,0.08812513719278957,1.728310345257782,-1.7079068235142982,-0.6167366847818262,-1.268467255830708,-2.538516352001777,-0.8512966597545222,-0.9352474463982191,1.1712025786165987,1.0945827298772188,352,0.48758192634197506,0,58
RG3_L_000522,522,-0.029099449053866445,0.8385523411322893,-1.6138536729488038,-0.846821542506724,-0.38678982241038173,-1.1144367268032296,0.5883674005367534,0.0,-1.737321949505005,0.6771090687267264,-0.4217977735906751,0.547517855938155,0.9161276312580487,2.0919663596249722,2.1806159488549217,-0.6026229124749184,-1.465545607195243,-0.6167366847818262,1.9489905727309975,-0.9711480314604819,0.1430046794462067,-0.4268503757263929,1.3136858197938754,1.4587577306198736,417,0.4874733407053076,0,59
RG3_L_000467,467,-0.029099449053866445,0.8385523411322893,-0.4914975187980172,0.24951068491762612,-0.38678982241038173,-1.9118180435387702,-0.19292753629832982,0.0,-1.737321949505005,-0.6657520460385278,-0.4217977735906751,1.203937739304957,1.336343134599379,1.469744206723774,1.7156150343228638,-1.535053123118236,1.4425671138549763,-1.2312982648460196,0.3402616584501448,-0.9711480314604819,-0.8512966597545222,-1.4436445170700454,1.3136858197938754,1.3373652919162595,376,0.486744969441319,0,60
RG3_L_000188,188,-0.029099449053866445,-1.1925314031676417,-2.0628132606662506,0.24951068491762612,1.0330781477474453,1.2777072234033922,-0.974520563532816,0.0,0.6176451529252976,-2.0085875478583746,1.1169829930268504,-0.7652217551830952,-0.3444868196010868,-0.08580524157899463,-0.14437975465061584,1.9613467634808144,-0.7385359164975585,1.5344633035460336,1.6564781769979775,0.5962202890808133,1.1373060186469357,0.8949851110298198,0.03134208448195622,-0.11933702642254647,156,0.48617192279975757,0,61
RG3_L_000344,344,-0.029099449053866445,0.8385523411322893,-0.9404356989440489,0.24951068491762612,1.0330781477474453,-0.31705541006768895,-0.19292753629832982,0.0,-0.9522929891607599,0.6771090687267264,1.1169829930268504,0.547517855938155,0.9161276312580487,1.469744206723774,0.7856220744135003,-0.6026229124749184,-0.7385359164975585,0.3052463601763737,1.2177542145238263,-0.34425810198617113,-1.3484852595196537,-2.663794383672964,-1.82093461553907,-1.454649221425926,277,0.486096030605591,0,62
RG3_L_000025,25,-0.029099449053866445,-1.1925314031676417,2.6511553725098644,0.24951068491762612,1.0330781477474453,1.2777072234033922,0.5883674005367534,0.0,2.187583295011355,0.6771090687267264,-0.4217977735906751,-2.0779613663043452,-0.5545865564805381,-0.3969103840793668,-0.609380669182674,-1.3019455704574068,1.200279855795402,-0.9239705831932862,-0.39097469975702664,-0.030765304963843006,1.1373060186469357,0.18323231509872764,-1.6784513743617933,-1.697434098833154,19,0.4859146230353542,0,63
RG3_L_000352,352,-0.029099449053866445,0.8385523411322893,-0.4914975187980172,0.24951068491762612,1.0330781477474453,-1.1144367268032296,-0.19292753629832982,0.0,-0.9522929891607599,-0.6657520460385278,1.1169829930268504,0.547517855938155,1.1262433977199278,1.158639064223402,1.2506229889455585,-0.8357304651357478,0.9579186394763469,-1.5386259464987528,0.632729423057786,-0.9711480314604819,0.6401932792113381,-1.8503598463504078,-1.82093461553907,-1.454649221425926,284,0.48576778998306464,0,64
RG3_L_000262,262,-0.029099449053866445,-1.1925314031676417,-0.2670177249392938,-0.2987077097782125,1.0330781477474453,1.2777072234033922,-1.7558155003678992,0.0,0.6176451529252976,0.6771090687267264,-1.9605785402082005,-0.7652217551830952,-0.1343870827216355,0.22529990092137753,0.5531171825700949,1.9613467634808144,-0.9808971328166136,-0.0020813214763596324,0.48651785631665484,-2.538516352001777,1.1373060186469357,0.8949851110298198,0.17382532565923292,0.002053096912880053,214,0.48569010240227606,0,65
RG3_L_000426,426,-0.029099449053866445,-1.1925314031676417,-0.9404356989440489,0.24951068491762612,-1.8067254988278127,0.48032590666785163,0.5883674005367534,0.0,0.6176451529252976,-0.6657520460385278,-0.4217977735906751,-1.4216416385498971,-0.3444868196010868,0.5364169113222037,0.7856220744135003,0.7958801346144643,0.47319620683823654,2.1491186668515003,0.9252418187908061,0.28272749205848513,1.1373060186469357,-0.9352474463982191,0.886238813903831,0.9731902911736049,342,0.48536686294151926,0,66
RG3_L_000581,581,-0.029099449053866445,0.8385523411322893,-0.9404356989440489,-1.3950399372025626,-1.8067254988278127,-0.31705541006768895,1.3696623373718366,0.0,-0.16738380741894748,-2.0085875478583746,-0.4217977735906751,-0.10880187181629318,-0.1343870827216355,0.22529990092137753,0.32062115988144224,-0.6026229124749184,-0.9808971328166136,-0.3094090031290929,0.632729423057786,1.8500958125997804,-0.3541839203189247,-0.2234868929434656,1.598652302148429,1.5801501693234876,465,0.4848481336429222,0,67
RG3_L_000379,379,-0.029099449053866445,0.8385523411322893,-0.2670177249392938,0.24951068491762612,-0.38678982241038173,-1.1144367268032296,0.5883674005367534,0.0,-1.737321949505005,0.6771090687267264,2.655763759644376,0.547517855938155,1.1262433977199278,1.469744206723774,0.5531171825700949,0.09662861106977294,-1.7079068235142982,-0.0020813214763596324,-0.39097469975702664,-0.9711480314604819,1.1373060186469357,-1.7486781049589442,-1.108521127294472,-0.7262969045724291,304,0.48424742127759207,0,68
RG3_L_000356,356,-0.029099449053866445,-1.1925314031676417,-1.3893952866614956,0.24951068491762612,-0.38678982241038173,0.48032590666785163,0.5883674005367534,0.0,-0.16738380741894748,-0.6657520460385278,-0.4217977735906751,-1.4216416385498971,-0.1343870827216355,-0.08580524157899463,0.08812513719278957,-1.3019455704574068,-0.2538134838594481,0.612574041829107,0.9252418187908061,-0.6577508990084993,1.1373060186469357,-2.663794383672964,-1.6784513743617933,-1.3332567827223119,286,0.4836126029153445,0,69
RG3_L_000028,28,-0.029099449053866445,-1.1925314031676417,2.202217192363833,0.24951068491762612,1.0330781477474453,0.48032590666785163,1.3696623373718366,0.0,0.6176451529252976,-0.6657520460385278,1.1169829930268504,-0.10880187181629318,0.2858284206196948,0.22529990092137753,-0.8418766918713266,-0.1364789415910565,-1.7079068235142982,0.612574041829107,1.2177542145238263,0.5962202890808133,-2.3427865987203824,-0.12180903031383264,-1.6784513743617933,-1.697434098833154,22,0.4828457614578225,0,70
RG3_L_000044,44,-0.029099449053866445,-1.1925314031676417,0.4064002490654612,0.24951068491762612,-0.38678982241038173,1.2777072234033922,-0.19292753629832982,0.0,1.40255433466711,0.6771090687267264,-0.4217977735906751,-1.4216416385498971,-0.5545865564805381,-1.019132536980565,-0.8418766918713266,-1.0688380177965773,-1.9502680398333534,-0.9239705831932862,-1.5609796515637282,4.357846859637714,0.1430046794462067,2.013457115003105,-0.8235546449399185,-0.9690817819796572,35,0.4828358351193113,0,71
RG3_L_000433,433,-0.029099449053866445,0.8385523411322893,-0.4914975187980172,0.24951068491762612,-1.8067254988278127,-1.1144367268032296,-0.19292753629832982,0.0,-0.16738380741894748,0.6771090687267264,1.1169829930268504,1.8602574670594052,1.1262433977199278,1.7808493492241462,1.483119011634211,1.728310345257782,-0.9808971328166136,0.3052463601763737,1.0714980166573163,-0.030765304963843006,0.6401932792113381,-1.7486781049589442,1.028719337439322,1.0945827298772188,347,0.4827213331208303,0,72
RG3_L_000192,192,-0.029099449053866445,-1.1925314031676417,0.855359836782908,0.24951068491762612,1.0330781477474453,1.2777072234033922,-0.974520563532816,0.0,1.40255433466711,0.6771090687267264,-0.4217977735906751,-1.4216416385498971,-0.5545865564805381,-2.574681985283334,-2.4693754581561533,0.5628437163914318,1.200279855795402,-0.0020813214763596324,-1.122211057964198,2.1635886096221086,-0.8512966597545222,1.403382181701646,0.17382532565923292,-0.11933702642254647,160,0.4823417230160808,0,73
RG3_L_000308,308,-0.029099449053866445,-1.1925314031676417,-1.1649154928027723,-0.846821542506724,1.0330781477474453,1.2777072234033922,-0.974520563532816,0.0,1.40255433466711,0.6771090687267264,1.1169829930268504,-1.4216416385498971,-1.1849017967013198,-1.6413546898817633,-1.5393736290920372,0.3297361637306024,0.47319620683823654,-0.3094090031290929,-0.5372308976235367,0.5962202890808133,-1.8455979989552511,0.3865880403579936,0.4587890903720008,0.24483797432010815,250,0.48230808643092854,0,74
RG3_L_000010,10,-0.029099449053866445,-1.1925314031676417,2.202217192363833,0.24951068491762612,1.0330781477474453,2.0750885401389327,-1.7558155003678992,0.0,2.187583295011355,-0.6657520460385278,1.1169829930268504,-1.4216416385498971,-0.3444868196010868,-0.3969103840793668,-0.8418766918713266,-0.8357304651357478,-0.49617470017850324,-0.3094090031290929,1.0714980166573163,1.2231102185551241,0.6401932792113381,0.18323231509872764,-1.5359681331845165,-1.57604166012954,8,0.48200869673439345,0,75
RG3_L_000389,389,-0.029099449053866445,0.8385523411322893,0.1819418627781529,0.24951068491762612,-0.38678982241038173,-1.9118180435387702,0.5883674005367534,0.0,-1.737321949505005,0.6771090687267264,-0.4217977735906751,1.8602574670594052,1.1262433977199278,1.469744206723774,1.483119011634211,0.09662861106977294,-0.9808971328166136,1.8417909851987668,0.9252418187908061,-0.030765304963843006,0.1430046794462067,-1.952037708980041,-0.8235546449399185,-0.6049067812370027,313,0.48189476804841647,0,76
RG3_L_000022,22,-0.029099449053866445,-1.1925314031676417,1.9777373985051097,0.24951068491762612,1.0330781477474453,1.2777072234033922,1.3696623373718366,0.0,0.6176451529252976,-0.6657520460385278,1.1169829930268504,-0.10880187181629318,0.07572868374024348,-0.7080273944801929,-1.0743727145599793,-1.3019455704574068,0.23083499051918135,-1.2312982648460196,-0.8297432933565567,-0.34425810198617113,-1.3484852595196537,1.606737906960912,-1.5359681331845165,-1.697434098833154,16,0.4811093698088532,0,77
RG3_L_000440,440,-0.029099449053866445,0.8385523411322893,0.855359836782908,0.24951068491762612,-1.8067254988278127,-1.1144367268032296,1.3696623373718366,0.0,-0.9522929891607599,2.0199701834919805,-0.4217977735906751,1.203937739304957,0.49592815749914615,0.22529990092137753,0.32062115988144224,0.7958801346144643,-0.7385359164975585,-0.6167366847818262,-1.8534474161713694,1.5366030155774522,0.6401932792113381,-0.5285282383560259,1.028719337439322,1.0945827298772188,353,0.4810999961368776,0,78
RG3_L_000444,444,-0.029099449053866445,0.8385523411322893,-1.8383334668075273,0.24951068491762612,-1.8067254988278127,-1.1144367268032296,1.3696623373718366,0.0,-0.9522929891607599,0.6771090687267264,-1.9605785402082005,1.203937739304957,0.7060278943785975,1.7808493492241462,1.9481199261662692,-0.36958649425188594,-1.465545607195243,-0.6167366847818262,1.2177542145238263,-0.030765304963843006,0.6401932792113381,-0.7318839636152918,1.028719337439322,1.2159728532126455,357,0.4810528531149536,0,79
RG3_L_000375,375,-0.029099449053866445,-1.1925314031676417,-0.7159559050853255,-0.2987077097782125,-0.38678982241038173,0.48032590666785163,0.5883674005367534,0.0,-0.9522929891607599,-2.0085875478583746,-0.4217977735906751,-0.7652217551830952,0.49592815749914615,0.5364169113222037,0.5531171825700949,0.5628437163914318,-0.2538134838594481,-0.3094090031290929,-1.122211057964198,0.5962202890808133,0.1430046794462067,-3.070513591715157,-1.251001650829963,-0.7262969045724291,300,0.48104299759329544,0,80
RG3_L_000078,78,-0.029099449053866445,-1.1925314031676417,1.9777373985051097,-0.846821542506724,-0.38678982241038173,1.2777072234033922,1.3696623373718366,0.0,1.40255433466711,0.6771090687267264,1.1169829930268504,-0.7652217551830952,-0.3444868196010868,-1.3302495473813911,-1.3068776064033847,-1.535053123118236,0.47319620683823654,-1.2312982648460196,-0.975954860097688,0.28272749205848513,-0.8512966597545222,0.3865880403579936,-0.9660378861171952,-0.9690817819796572,63,0.4809116441811443,0,81
RG3_L_000587,587,-0.029099449053866445,0.8385523411322893,-0.4914975187980172,-0.846821542506724,-0.38678982241038173,-1.9118180435387702,0.5883674005367534,0.0,-0.9522929891607599,-0.6657520460385278,2.655763759644376,1.203937739304957,0.9161276312580487,1.469744206723774,0.5531171825700949,-0.36958649425188594,-0.9808971328166136,-1.2312982648460196,0.632729423057786,-0.030765304963843006,0.1430046794462067,-0.020131167684199668,1.4561690609711522,1.7015426080271017,469,0.4802315968698974,0,82
RG3_L_000329,329,-0.029099449053866445,0.8385523411322893,0.4064002490654612,0.24951068491762612,1.0330781477474453,0.48032590666785163,-0.974520563532816,0.0,0.6176451529252976,-0.6657520460385278,1.1169829930268504,0.547517855938155,-13.16076312423675,-0.3969103840793668,-0.8418766918713266,-0.8357304651357478,-0.011452267540392873,-0.0020813214763596324,-0.5372308976235367,1.2231102185551241,-1.3484852595196537,0.0815466949454333,0.31630584919472404,0.1234455356164941,265,0.479344455177539,0,83
RG3_L_000555,555,-0.029099449053866445,0.8385523411322893,-0.7159559050853255,-0.846821542506724,-1.8067254988278127,-1.1144367268032296,2.151255364606323,0.0,-0.9522929891607599,0.6771090687267264,-0.4217977735906751,1.203937739304957,0.49592815749914615,0.5364169113222037,0.7856220744135003,1.4952027925969524,0.7155574231572918,-0.0020813214763596324,-0.8297432933565567,-1.5981336255051382,0.6401932792113381,0.3865880403579936,1.4561690609711522,1.7015426080271017,443,0.4792958829772677,0,84
RG3_L_000546,546,-0.029099449053866445,0.8385523411322893,-1.3893952866614956,-1.3950399372025626,-1.8067254988278127,-0.31705541006768895,0.5883674005367534,0.0,-0.9522929891607599,0.6771090687267264,-0.4217977735906751,-0.10880187181629318,0.49592815749914615,-0.3969103840793668,-0.14437975465061584,-0.8357304651357478,3.1390216698288818,-0.6167366847818262,-1.122211057964198,0.5962202890808133,-1.3484852595196537,-0.2234868929434656,1.3136858197938754,1.3373652919162595,435,0.47927412347222187,0,85
RG3_L_000036,36,-0.029099449053866445,-1.1925314031676417,1.7532576046463864,0.24951068491762612,1.0330781477474453,2.0750885401389327,1.3696623373718366,0.0,1.40255433466711,-0.6657520460385278,-0.4217977735906751,-1.4216416385498971,-0.7646862933599895,-0.08580524157899463,0.08812513719278957,-0.36958649425188594,1.4425671138549763,-0.0020813214763596324,1.2177542145238263,-0.9711480314604819,0.6401932792113381,0.7933072484001868,-1.6784513743617933,-1.697434098833154,29,0.4790400645720222,0,86
RG3_L_000003,3,-0.029099449053866445,-1.1925314031676417,2.202217192363833,0.24951068491762612,1.0330781477474453,1.2777072234033922,-1.7558155003678992,0.0,1.40255433466711,-0.6657520460385278,1.1169829930268504,-1.4216416385498971,-0.1343870827216355,-0.7080273944801929,-1.0743727145599793,-1.535053123118236,0.7155574231572918,-1.5386259464987528,0.9252418187908061,-0.6577508990084993,-0.8512966597545222,0.28491017772836064,-1.3934848920072398,-1.57604166012954,2,0.4789049602889307,0,87
RG3_L_000012,12,-0.029099449053866445,-1.1925314031676417,1.7532576046463864,-0.2987077097782125,1.0330781477474453,1.2777072234033922,-1.7558155003678992,0.0,1.40255433466711,-0.6657520460385278,1.1169829930268504,-0.10880187181629318,0.07572868374024348,-0.3969103840793668,-0.8418766918713266,0.3297361637306024,1.6849283301740314,-0.0020813214763596324,0.632729423057786,-0.9711480314604819,-1.3484852595196537,-0.4268503757263929,-1.6784513743617933,-1.818826537536768,10,0.47873260146268676,0,88
RG3_L_000335,335,-0.029099449053866445,-1.1925314031676417,0.1819418627781529,0.24951068491762612,1.0330781477474453,1.2777072234033922,-0.974520563532816,0.0,0.6176451529252976,2.0199701834919805,-0.4217977735906751,-0.7652217551830952,-0.9747860302394408,-2.2635768427829617,-1.7718785209354428,0.5628437163914318,1.6849283301740314,-0.0020813214763596324,-0.6834870954900467,-0.34425810198617113,1.1373060186469357,2.013457115003105,0.31630584919472404,0.002053096912880053,270,0.47865062919485407,0,89
RG3_L_000245,245,-0.029099449053866445,-1.1925314031676417,-0.7159559050853255,0.24951068491762612,1.0330781477474453,1.2777072234033922,-1.7558155003678992,0.0,1.40255433466711,-2.0085875478583746,-0.4217977735906751,-2.0779613663043452,-0.9747860302394408,-1.3302495473813911,-1.0743727145599793,0.3297361637306024,-0.9808971328166136,1.8417909851987668,-0.5372308976235367,-0.030765304963843006,1.1373060186469357,0.8949851110298198,0.17382532565923292,-0.11933702642254647,200,0.47851703998939665,0,90
RG3_L_000098,98,-0.029099449053866445,-1.1925314031676417,2.426675578651141,-0.2987077097782125,-0.38678982241038173,0.48032590666785163,0.5883674005367534,0.0,0.6176451529252976,0.6771090687267264,-0.4217977735906751,-0.7652217551830952,-0.1343870827216355,-1.3302495473813911,-1.0743727145599793,0.09662861106977294,-0.011452267540392873,-0.9239705831932862,-1.7071912183048594,2.7904785390964193,0.6401932792113381,-1.036925309027852,-0.8235546449399185,-0.8476893432760432,80,0.4777563566627956,0,91
RG3_L_000015,15,-0.029099449053866445,-1.1925314031676417,2.202217192363833,-0.024546231446629645,1.0330781477474453,1.2777072234033922,-1.7558155003678992,0.0,1.40255433466711,-0.6657520460385278,1.1169829930268504,-0.7652217551830952,-0.3444868196010868,-1.019132536980565,-1.3068776064033847,-1.0688380177965773,-0.011452267540392873,0.3052463601763737,-1.8534474161713694,1.5366030155774522,-0.3541839203189247,-0.12180903031383264,-1.6784513743617933,-1.697434098833154,11,0.4777451949496094,0,92
RG3_L_000468,468,-0.029099449053866445,0.8385523411322893,-0.9404356989440489,0.24951068491762612,-0.38678982241038173,-1.1144367268032296,0.5883674005367534,0.0,-0.9522929891607599,-2.0085875478583746,-0.4217977735906751,0.547517855938155,1.1262433977199278,1.7808493492241462,1.7156150343228638,1.0289876872752937,2.6542992371907714,-0.3094090031290929,0.9252418187908061,0.9096174215327959,-1.3484852595196537,-0.6302061009856589,1.1712025786165987,1.2159728532126455,377,0.4774755409352117,0,93
RG3_L_000415,415,-0.029099449053866445,0.8385523411322893,-0.04253793108057046,-0.846821542506724,-1.8067254988278127,-1.1144367268032296,-0.19292753629832982,0.0,-0.9522929891607599,-0.6657520460385278,-0.4217977735906751,0.547517855938155,0.9161276312580487,1.7808493492241462,1.9481199261662692,0.5628437163914318,-0.7385359164975585,1.5344633035460336,1.3639657812649575,1.2231102185551241,0.6401932792113381,-0.020131167684199668,0.7437555727265542,0.8517978524699908,332,0.47724443288592716,0,94
RG3_L_000501,501,-0.029099449053866445,0.8385523411322893,-0.7159559050853255,0.24951068491762612,-1.8067254988278127,-1.9118180435387702,-0.19292753629832982,0.0,0.6176451529252976,-0.6657520460385278,-0.4217977735906751,1.203937739304957,0.9161276312580487,0.8475220538225758,1.2506229889455585,-1.3019455704574068,-0.011452267540392873,-0.9239705831932862,-0.8297432933565567,-0.6577508990084993,-0.8512966597545222,0.5899437656172595,0.886238813903831,1.0945827298772188,400,0.47704332352737905,0,95
RG3_L_000255,255,-0.029099449053866445,-1.1925314031676417,-0.04253793108057046,0.24951068491762612,1.0330781477474453,0.48032590666785163,-0.974520563532816,0.0,0.6176451529252976,0.6771090687267264,-1.9605785402082005,-0.7652217551830952,-0.9747860302394408,-1.9524598323821356,-1.5393736290920372,2.4275618688024734,0.9579186394763469,1.2271356218933003,-0.6834870954900467,0.28272749205848513,0.1430046794462067,0.8949851110298198,0.31630584919472404,0.002053096912880053,208,0.4769859765986429,0,96
RG3_L_000452,452,-0.029099449053866445,0.8385523411322893,-0.4914975187980172,-0.2987077097782125,-0.38678982241038173,-1.9118180435387702,1.3696623373718366,0.0,-1.737321949505005,-0.6657520460385278,1.1169829930268504,1.8602574670594052,0.9161276312580487,1.7808493492241462,1.483119011634211,0.09662861106977294,0.7155574231572918,0.3052463601763737,0.9252418187908061,0.28272749205848513,-1.3484852595196537,-0.6302061009856589,0.886238813903831,1.0945827298772188,363,0.4768795975172848,0,97
RG3_L_000559,559,-0.029099449053866445,0.8385523411322893,-0.4914975187980172,-1.3950399372025626,-0.38678982241038173,-1.1144367268032296,1.3696623373718366,0.0,-1.737321949505005,-0.6657520460385278,-0.4217977735906751,1.8602574670594052,0.9161276312580487,0.8475220538225758,1.2506229889455585,0.5628437163914318,0.23083499051918135,0.3052463601763737,1.8027343748644875,0.5962202890808133,1.634494618412067,-0.12180903031383264,1.4561690609711522,1.7015426080271017,446,0.47665644373483024,0,98
RG3_L_000230,230,-0.029099449053866445,0.8385523411322893,0.6308800429241845,-1.3950399372025626,1.0330781477474453,0.48032590666785163,-0.974520563532816,0.0,-0.16738380741894748,0.6771090687267264,1.1169829930268504,0.547517855938155,-0.3444868196010868,-1.3302495473813911,-1.5393736290920372,0.7958801346144643,-0.011452267540392873,-1.5386259464987528,-0.975954860097688,-0.34425810198617113,-0.8512966597545222,0.7933072484001868,0.31630584919472404,0.002053096912880053,187,0.4765452125635715,0,99
RG3_L_000564,564,-0.029099449053866445,0.8385523411322893,-0.2670177249392938,-1.3950399372025626,-1.8067254988278127,-0.31705541006768895,-0.19292753629832982,0.0,-0.16738380741894748,0.6771090687267264,-1.9605785402082005,-0.10880187181629318,-0.1343870827216355,-0.3969103840793668,0.32062115988144224,0.5628437163914318,-0.49617470017850324,-0.0020813214763596324,-1.268467255830708,0.28272749205848513,2.1316073578476646,-0.12180903031383264,1.3136858197938754,1.4587577306198736,451,0.47630618815740317,0,100
RG3_L_000087,87,-0.029099449053866445,-1.1925314031676417,0.1819418627781529,-0.2987077097782125,-0.38678982241038173,1.2777072234033922,0.5883674005367534,0.0,0.6176451529252976,2.0199701834919805,1.1169829930268504,-0.10880187181629318,-0.7646862933599895,-1.3302495473813911,-1.3068776064033847,-1.3019455704574068,-1.7079068235142982,0.612574041829107,-0.975954860097688,-1.5981336255051382,0.6401932792113381,-0.7318839636152918,-0.9660378861171952,-0.9690817819796572,71,0.4760180051208886,0,101
RG3_L_000070,70,-0.029099449053866445,-1.1925314031676417,2.6511553725098644,0.24951068491762612,-0.38678982241038173,-0.31705541006768895,-0.19292753629832982,0.0,0.6176451529252976,-0.6657520460385278,1.1169829930268504,-0.10880187181629318,-0.3444868196010868,-0.7080273944801929,-1.0743727145599793,0.5628437163914318,2.412011979131197,0.3052463601763737,-1.7071912183048594,1.2231102185551241,-0.3541839203189247,1.505060044331279,-1.108521127294472,-1.0904742206832714,56,0.4759091113239986,0,102
RG3_L_000299,299,-0.029099449053866445,-1.1925314031676417,-0.04253793108057046,0.24951068491762612,1.0330781477474453,1.2777072234033922,-1.7558155003678992,0.0,1.40255433466711,2.0199701834919805,-0.4217977735906751,-1.4216416385498971,-0.7646862933599895,-1.6413546898817633,-1.3068776064033847,0.3297361637306024,0.9579186394763469,1.8417909851987668,-0.6834870954900467,0.9096174215327959,0.6401932792113381,1.7084235271142063,0.4587890903720008,0.24483797432010815,242,0.4758685590125822,0,103
RG3_L_000529,529,-0.029099449053866445,0.8385523411322893,-0.4914975187980172,-0.846821542506724,-1.8067254988278127,-1.1144367268032296,0.5883674005367534,0.0,-0.9522929891607599,-2.0085875478583746,1.1169829930268504,0.547517855938155,0.9161276312580487,1.158639064223402,0.7856220744135003,0.5628437163914318,0.9579186394763469,0.612574041829107,-0.975954860097688,1.8500958125997804,0.1430046794462067,-0.3251647555730986,1.4561690609711522,1.4587577306198736,423,0.47558867243345765,0,104
RG3_L_000116,116,-0.029099449053866445,-1.1925314031676417,1.0798396306416314,-0.846821542506724,-0.38678982241038173,0.48032590666785163,0.5883674005367534,0.0,0.6176451529252976,-0.6657520460385278,1.1169829930268504,-0.10880187181629318,-0.7646862933599895,-1.9524598323821356,-2.0043745436240954,-0.6026229124749184,-0.49617470017850324,-0.3094090031290929,-1.4147234536972182,1.8500958125997804,0.1430046794462067,1.0983408362890856,-0.9660378861171952,-0.8476893432760432,94,0.4754011668234461,0,105
RG3_L_000407,407,-0.029099449053866445,0.8385523411322893,-0.04253793108057046,-0.846821542506724,-0.38678982241038173,-1.1144367268032296,1.3696623373718366,0.0,-1.737321949505005,-0.6657520460385278,-1.9605785402082005,1.8602574670594052,0.9161276312580487,1.158639064223402,1.483119011634211,-0.8357304651357478,0.47319620683823654,-0.0020813214763596324,0.19400546058363471,0.5962202890808133,-0.8512966597545222,-1.036925309027852,-0.6810714037626417,-0.36212190382977455,326,0.47506183955661985,0,106
RG3_L_000485,485,-0.029099449053866445,0.8385523411322893,-0.7159559050853255,0.24951068491762612,-1.8067254988278127,-1.9118180435387702,0.5883674005367534,0.0,-1.737321949505005,0.6771090687267264,-1.9605785402082005,1.8602574670594052,0.9161276312580487,0.5364169113222037,0.7856220744135003,-0.36958649425188594,-1.465545607195243,0.3052463601763737,1.2177542145238263,-0.34425810198617113,-0.8512966597545222,0.18323231509872764,1.028719337439322,1.0945827298772188,389,0.47501580515908254,0,107
RG3_L_000398,398,-0.029099449053866445,0.8385523411322893,0.1819418627781529,0.24951068491762612,-0.38678982241038173,-1.1144367268032296,0.5883674005367534,0.0,-1.737321949505005,0.6771090687267264,1.1169829930268504,1.8602574670594052,0.9161276312580487,1.7808493492241462,1.483119011634211,-0.6026229124749184,0.9579186394763469,-0.0020813214763596324,0.48651785631665484,2.1635886096221086,-0.8512966597545222,-1.5453223796996782,-0.8235546449399185,-0.4835143425333886,319,0.4746708015163153,0,108
RG3_L_000438,438,-0.029099449053866445,-1.1925314031676417,-1.3893952866614956,0.24951068491762612,-1.8067254988278127,-0.31705541006768895,1.3696623373718366,0.0,-0.16738380741894748,0.6771090687267264,-0.4217977735906751,-0.7652217551830952,0.07572868374024348,-0.08580524157899463,0.32062115988144224,-0.8357304651357478,0.47319620683823654,-1.5386259464987528,-0.6834870954900467,-1.2846408284828101,0.6401932792113381,0.0815466949454333,1.028719337439322,1.0945827298772188,351,0.47440846867482234,0,109
RG3_L_000104,104,-0.029099449053866445,-1.1925314031676417,0.855359836782908,-0.2987077097782125,-0.38678982241038173,1.2777072234033922,1.3696623373718366,0.0,0.6176451529252976,2.0199701834919805,-1.9605785402082005,-0.7652217551830952,-0.5545865564805381,-0.7080273944801929,-0.14437975465061584,0.09662861106977294,-0.49617470017850324,1.5344633035460336,0.48651785631665484,1.2231102185551241,-0.3541839203189247,0.48826590298762657,-0.9660378861171952,-0.8476893432760432,85,0.4743078690009099,0,110
RG3_L_000042,42,-0.029099449053866445,-1.1925314031676417,0.855359836782908,0.24951068491762612,-0.38678982241038173,1.2777072234033922,1.3696623373718366,0.0,1.40255433466711,-0.6657520460385278,1.1169829930268504,-0.7652217551830952,-0.9747860302394408,-1.6413546898817633,-1.7718785209354428,-0.36958649425188594,-0.49617470017850324,1.8417909851987668,-0.8297432933565567,-0.030765304963843006,0.6401932792113381,-0.3251647555730986,-0.9660378861171952,-0.9690817819796572,34,0.4739794283921726,0,111
RG3_L_000435,435,-0.029099449053866445,0.8385523411322893,-1.3893952866614956,0.24951068491762612,-1.8067254988278127,-1.1144367268032296,0.5883674005367534,0.0,-0.9522929891607599,0.6771090687267264,1.1169829930268504,0.547517855938155,0.9161276312580487,1.7808493492241462,1.2506229889455585,-2.001197094002098,0.9579186394763469,-0.0020813214763596324,1.3639657812649575,-0.6577508990084993,-1.3484852595196537,-1.7486781049589442,0.7437555727265542,1.0945827298772188,349,0.4738999315849675,0,112
RG3_L_000326,326,-0.029099449053866445,-1.1925314031676417,-0.9404356989440489,0.24951068491762612,1.0330781477474453,1.2777072234033922,-0.974520563532816,0.0,1.40255433466711,2.0199701834919805,-0.4217977735906751,-2.0779613663043452,-1.1849017967013198,-1.6413546898817633,-1.5393736290920372,0.5628437163914318,1.9272895464930866,-0.3094090031290929,-0.5372308976235367,0.28272749205848513,1.1373060186469357,0.8949851110298198,0.4587890903720008,0.1234455356164941,263,0.4733897174265786,0,113
RG3_L_000456,456,-0.029099449053866445,0.8385523411322893,-0.9404356989440489,0.24951068491762612,-0.38678982241038173,-0.31705541006768895,-0.19292753629832982,0.0,-0.16738380741894748,0.6771090687267264,1.1169829930268504,-0.10880187181629318,0.2858284206196948,0.22529990092137753,-0.14437975465061584,-0.8357304651357478,-1.223184390876188,-2.4605152082156794,-1.268467255830708,1.5366030155774522,2.628795957612796,-0.7318839636152918,0.886238813903831,1.0945827298772188,366,0.47324134739993834,0,114
RG3_L_000573,573,-0.029099449053866445,-1.1925314031676417,-1.3893952866614956,-0.846821542506724,-1.8067254988278127,0.48032590666785163,-0.19292753629832982,0.0,-0.16738380741894748,-0.6657520460385278,-0.4217977735906751,-0.7652217551830952,0.07572868374024348,-0.7080273944801929,-0.14437975465061584,0.3297361637306024,-0.2538134838594481,1.5344633035460336,-0.975954860097688,-0.030765304963843006,0.6401932792113381,-0.12180903031383264,1.4561690609711522,1.7015426080271017,459,0.4729732280731054,0,115
RG3_L_000067,67,-0.029099449053866445,-1.1925314031676417,0.1819418627781529,-0.2987077097782125,-0.38678982241038173,1.2777072234033922,-0.19292753629832982,0.0,1.40255433466711,0.6771090687267264,2.655763759644376,-1.4216416385498971,-0.5545865564805381,-0.3969103840793668,-1.3068776064033847,-1.535053123118236,0.47319620683823654,-0.0020813214763596324,-0.24471850189051658,0.5962202890808133,-0.8512966597545222,-0.6302061009856589,-1.108521127294472,-0.9690817819796572,53,0.47278668347962916,0,116
RG3_L_000512,512,-0.029099449053866445,0.8385523411322893,-0.7159559050853255,0.24951068491762612,-0.38678982241038173,-1.9118180435387702,0.5883674005367534,0.0,-0.9522929891607599,2.0199701834919805,-1.9605785402082005,1.203937739304957,0.9161276312580487,1.158639064223402,1.483119011634211,1.0289876872752937,1.200279855795402,0.919807940240567,1.0714980166573163,-0.34425810198617113,-0.3541839203189247,-0.4268503757263929,1.028719337439322,1.2159728532126455,408,0.47271207387193864,0,117
RG3_L_000425,425,-0.029099449053866445,0.8385523411322893,-0.4914975187980172,0.24951068491762612,-1.8067254988278127,-0.31705541006768895,0.5883674005367534,0.0,0.6176451529252976,-0.6657520460385278,-0.4217977735906751,1.203937739304957,0.49592815749914615,1.469744206723774,1.2506229889455585,-0.8357304651357478,-0.7385359164975585,0.612574041829107,1.6564781769979775,-0.030765304963843006,1.1373060186469357,-1.6470002423293113,0.886238813903831,0.9731902911736049,341,0.4721490538065443,0,118
RG3_L_000337,337,-0.029099449053866445,-1.1925314031676417,-0.7159559050853255,-0.2987077097782125,1.0330781477474453,0.48032590666785163,-1.7558155003678992,0.0,0.6176451529252976,0.6771090687267264,-0.4217977735906751,-0.7652217551830952,-0.3444868196010868,-1.3302495473813911,-1.0743727145599793,-0.8357304651357478,1.9272895464930866,-2.1532813098042194,-1.122211057964198,-0.6577508990084993,-0.8512966597545222,1.9117792523734722,0.31630584919472404,0.24483797432010815,272,0.47205151481631646,0,119
RG3_L_000203,203,-0.029099449053866445,-1.1925314031676417,0.855359836782908,0.24951068491762612,1.0330781477474453,1.2777072234033922,-0.974520563532816,0.0,1.40255433466711,2.0199701834919805,-0.4217977735906751,-0.7652217551830952,-0.7646862933599895,-1.6413546898817633,-1.5393736290920372,0.09662861106977294,-1.223184390876188,0.3052463601763737,-1.9997036140378794,2.1635886096221086,0.6401932792113381,-0.4268503757263929,0.17382532565923292,0.002053096912880053,167,0.47159036538061666,1,120
RG3_L_000548,548,-0.029099449053866445,0.8385523411322893,0.6308800429241845,-1.3950399372025626,-1.8067254988278127,-1.9118180435387702,0.5883674005367534,0.0,-0.9522929891607599,-0.6657520460385278,1.1169829930268504,1.203937739304957,0.7060278943785975,0.8475220538225758,0.7856220744135003,-0.6026229124749184,0.23083499051918135,-1.2312982648460196,-0.24471850189051658,-0.9711480314604819,0.6401932792113381,-0.3251647555730986,1.3136858197938754,1.4587577306198736,437,0.47151878421533416,0,121
RG3_L_000541,541,-0.029099449053866445,0.8385523411322893,-2.0628132606662506,-0.846821542506724,-0.38678982241038173,-1.1144367268032296,-0.19292753629832982,0.0,-0.9522929891607599,-0.6657520460385278,-0.4217977735906751,0.547517855938155,0.49592815749914615,1.7808493492241462,1.9481199261662692,-0.1364789415910565,-0.49617470017850324,1.2271356218933003,1.8027343748644875,-0.030765304963843006,-1.3484852595196537,-0.020131167684199668,1.3136858197938754,1.3373652919162595,431,0.4715122602900163,0,122
RG3_L_000525,525,-0.029099449053866445,-1.1925314031676417,-0.9404356989440489,0.24951068491762612,-1.8067254988278127,0.48032590666785163,0.5883674005367534,0.0,-0.16738380741894748,0.6771090687267264,-0.4217977735906751,-0.7652217551830952,-0.3444868196010868,-0.3969103840793668,0.08812513719278957,-0.1364789415910565,-0.2538134838594481,0.3052463601763737,0.19400546058363471,2.1635886096221086,-1.3484852595196537,-0.2234868929434656,1.3136858197938754,1.4587577306198736,420,0.4714150282236806,0,123
RG3_L_000045,45,-0.029099449053866445,-1.1925314031676417,1.5287778107876628,0.24951068491762612,-0.38678982241038173,0.48032590666785163,0.5883674005367534,0.0,0.6176451529252976,-2.0085875478583746,1.1169829930268504,-0.10880187181629318,0.07572868374024348,-1.019132536980565,-1.0743727145599793,1.4952027925969524,-0.7385359164975585,1.5344633035460336,-0.5372308976235367,-2.538516352001777,0.6401932792113381,0.5899437656172595,-0.8235546449399185,-0.8476893432760432,36,0.47090121466418566,0,124
RG3_L_000134,134,-0.029099449053866445,0.8385523411322893,2.202217192363833,-0.2987077097782125,-0.38678982241038173,-0.31705541006768895,-0.19292753629832982,0.0,-0.16738380741894748,2.0199701834919805,1.1169829930268504,0.547517855938155,-0.1343870827216355,-0.3969103840793668,-1.0743727145599793,0.09662861106977294,0.47319620683823654,0.3052463601763737,-1.8534474161713694,0.5962202890808133,-0.3541839203189247,-0.5285282383560259,-0.6810714037626417,-0.7262969045724291,110,0.470883416577861,0,125
RG3_L_000146,146,-0.029099449053866445,-1.1925314031676417,0.6308800429241845,0.24951068491762612,1.0330781477474453,2.0750885401389327,-0.974520563532816,0.0,1.40255433466711,0.6771090687267264,1.1169829930268504,-2.0779613663043452,-0.9747860302394408,-1.6413546898817633,-2.0043745436240954,-1.3019455704574068,1.200279855795402,0.3052463601763737,-0.24471850189051658,-0.030765304963843006,0.1430046794462067,1.301704319072013,-0.2536243978725972,-0.4835143425333886,119,0.47076825074370665,0,126
RG3_L_000081,81,-0.029099449053866445,0.8385523411322893,-0.2670177249392938,0.24951068491762612,-0.38678982241038173,-0.31705541006768895,0.5883674005367534,0.0,-0.16738380741894748,-2.0085875478583746,1.1169829930268504,-0.10880187181629318,0.07572868374024348,-0.3969103840793668,-0.8418766918713266,1.0289876872752937,0.47319620683823654,2.4563525652629603,0.19400546058363471,0.28272749205848513,-2.3427865987203824,0.18323231509872764,-1.108521127294472,-0.8476893432760432,66,0.470728953470974,0,127
RG3_L_000521,521,-0.029099449053866445,0.8385523411322893,-0.04253793108057046,-0.846821542506724,-1.8067254988278127,-1.9118180435387702,0.5883674005367534,0.0,-1.737321949505005,-0.6657520460385278,-0.4217977735906751,1.203937739304957,0.9161276312580487,0.5364169113222037,0.32062115988144224,0.7958801346144643,0.23083499051918135,2.4563525652629603,1.5102219791314675,-0.34425810198617113,1.1373060186469357,-0.3251647555730986,1.3136858197938754,1.4587577306198736,416,0.47058190002692774,0,128
RG3_L_000509,509,-0.029099449053866445,0.8385523411322893,0.1819418627781529,-1.3950399372025626,-1.8067254988278127,-1.1144367268032296,0.5883674005367534,0.0,-0.9522929891607599,0.6771090687267264,-0.4217977735906751,0.547517855938155,0.7060278943785975,0.5364169113222037,0.7856220744135003,1.0289876872752937,2.412011979131197,1.5344633035460336,-1.4147234536972182,0.5962202890808133,0.1430046794462067,0.28491017772836064,1.1712025786165987,1.2159728532126455,406,0.4705802000509915,0,129
RG3_L_000568,568,-0.029099449053866445,0.8385523411322893,-0.7159559050853255,-1.3950399372025626,-1.8067254988278127,-1.1144367268032296,-0.19292753629832982,0.0,-1.737321949505005,-0.6657520460385278,-0.4217977735906751,1.203937739304957,0.7060278943785975,1.7808493492241462,1.7156150343228638,0.09662861106977294,0.47319620683823654,-0.0020813214763596324,1.2177542145238263,0.28272749205848513,1.634494618412067,-0.12180903031383264,1.4561690609711522,1.7015426080271017,454,0.470402956034236,0,130
RG3_L_000347,347,-0.029099449053866445,-1.1925314031676417,-0.2670177249392938,0.24951068491762612,-0.38678982241038173,0.48032590666785163,0.5883674005367534,0.0,-0.16738380741894748,-2.0085875478583746,-0.4217977735906751,-0.10880187181629318,0.07572868374024348,-0.08580524157899463,0.32062115988144224,1.0289876872752937,-0.011452267540392873,0.3052463601763737,0.04774926271712467,0.28272749205848513,0.6401932792113381,-1.952037708980041,-1.82093461553907,-1.454649221425926,279,0.47034130456028916,0,131
RG3_L_000395,395,-0.029099449053866445,0.8385523411322893,0.855359836782908,-0.2987077097782125,-0.38678982241038173,-1.1144367268032296,1.3696623373718366,0.0,-0.9522929891607599,0.6771090687267264,-1.9605785402082005,1.203937739304957,0.7060278943785975,0.8475220538225758,1.2506229889455585,1.0289876872752937,-0.011452267540392873,-1.2312982648460196,-1.268467255830708,-0.34425810198617113,-0.3541839203189247,-0.9352474463982191,-0.8235546449399185,-0.6049067812370027,318,0.47028577658852905,0,132
RG3_L_000351,351,-0.029099449053866445,0.8385523411322893,-0.2670177249392938,0.24951068491762612,1.0330781477474453,-1.1144367268032296,-0.19292753629832982,0.0,-0.9522929891607599,0.6771090687267264,1.1169829930268504,1.203937739304957,0.9161276312580487,0.8475220538225758,0.5531171825700949,0.09662861106977294,-0.7385359164975585,-1.8459536281514861,-0.5372308976235367,-0.9711480314604819,0.1430046794462067,-1.7486781049589442,-1.6784513743617933,-1.3332567827223119,283,0.47018031354507084,0,133
RG3_L_000449,449,-0.029099449053866445,0.8385523411322893,0.1819418627781529,-0.846821542506724,-1.8067254988278127,-0.31705541006768895,-0.19292753629832982,0.0,-0.9522929891607599,-0.6657520460385278,1.1169829930268504,0.547517855938155,0.49592815749914615,0.22529990092137753,-0.14437975465061584,0.7958801346144643,-1.7079068235142982,-0.6167366847818262,-1.9997036140378794,0.28272749205848513,0.6401932792113381,0.3865880403579936,1.028719337439322,1.0945827298772188,360,0.47010297708840304,0,134
RG3_L_000523,523,-0.029099449053866445,0.8385523411322893,-0.2670177249392938,-0.2987077097782125,-0.38678982241038173,-1.1144367268032296,1.3696623373718366,0.0,-0.9522929891607599,-2.0085875478583746,1.1169829930268504,1.203937739304957,0.49592815749914615,1.469744206723774,1.2506229889455585,0.5628437163914318,0.47319620683823654,0.3052463601763737,1.3639657812649575,1.2231102185551241,-1.3484852595196537,-0.3251647555730986,1.3136858197938754,1.4587577306198736,418,0.4697734291342271,0,135
RG3_L_000017,17,-0.029099449053866445,-1.1925314031676417,2.202217192363833,0.24951068491762612,1.0330781477474453,1.2777072234033922,-1.7558155003678992,0.0,1.40255433466711,0.6771090687267264,1.1169829930268504,-0.7652217551830952,-0.3444868196010868,-1.019132536980565,-1.3068776064033847,-1.0688380177965773,1.9272895464930866,0.3052463601763737,-0.5372308976235367,0.5962202890808133,-0.8512966597545222,0.18323231509872764,-1.5359681331845165,-1.697434098833154,13,0.46933535407002797,0,136
RG3_L_000282,282,-0.029099449053866445,-1.1925314031676417,0.6308800429241845,-0.846821542506724,1.0330781477474453,0.48032590666785163,-1.7558155003678992,0.0,0.6176451529252976,0.6771090687267264,1.1169829930268504,-1.4216416385498971,-0.5545865564805381,-1.019132536980565,-1.5393736290920372,1.0289876872752937,-0.2538134838594481,-0.0020813214763596324,-0.8297432933565567,-0.030765304963843006,2.1316073578476646,0.8949851110298198,0.6012723315492775,0.24483797432010815,230,0.46921902051867226,0,137
RG3_L_000442,442,-0.029099449053866445,0.8385523411322893,-1.6138536729488038,-1.3950399372025626,-1.8067254988278127,-1.1144367268032296,0.5883674005367534,0.0,-1.737321949505005,-0.6657520460385278,-0.4217977735906751,0.547517855938155,1.1262433977199278,1.158639064223402,1.2506229889455585,-1.0688380177965773,-1.223184390876188,-0.9239705831932862,0.3402616584501448,-0.9711480314604819,-0.3541839203189247,-1.7486781049589442,0.886238813903831,1.0945827298772188,355,0.4691125636256376,0,138
RG3_L_000530,530,-0.029099449053866445,0.8385523411322893,0.6308800429241845,-1.3950399372025626,-1.8067254988278127,-1.1144367268032296,0.5883674005367534,0.0,-1.737321949505005,-0.6657520460385278,-0.4217977735906751,0.547517855938155,1.1262433977199278,1.158639064223402,1.483119011634211,-0.36958649425188594,1.4425671138549763,-1.5386259464987528,0.778985620924296,-0.9711480314604819,-0.3541839203189247,-0.3251647555730986,1.3136858197938754,1.3373652919162595,424,0.46905538814193015,0,139
RG3_L_000580,580,-0.029099449053866445,0.8385523411322893,-1.3893952866614956,0.24951068491762612,-0.38678982241038173,0.48032590666785163,0.5883674005367534,0.0,-0.9522929891607599,2.0199701834919805,-0.4217977735906751,-0.7652217551830952,0.49592815749914615,0.8475220538225758,1.2506229889455585,0.7958801346144643,0.9579186394763469,1.5344633035460336,0.9252418187908061,0.5962202890808133,0.6401932792113381,-0.12180903031383264,1.598652302148429,1.5801501693234876,464,0.4688796563241058,0,140
RG3_L_000190,190,-0.029099449053866445,-1.1925314031676417,-0.2670177249392938,0.24951068491762612,1.0330781477474453,2.0750885401389327,-0.974520563532816,0.0,1.40255433466711,-0.6657520460385278,-0.4217977735906751,-1.4216416385498971,-1.395001533580771,-1.9524598323821356,-1.3068776064033847,1.4952027925969524,-0.2538134838594481,-0.9239705831932862,0.3402616584501448,-0.6577508990084993,0.1430046794462067,-0.2234868929434656,0.03134208448195622,-0.11933702642254647,158,0.4686778121098273,0,141
RG3_L_000387,387,-0.029099449053866445,0.8385523411322893,0.6308800429241845,-0.2987077097782125,-0.38678982241038173,-1.1144367268032296,-0.19292753629832982,0.0,-0.9522929891607599,0.6771090687267264,1.1169829930268504,0.547517855938155,0.9161276312580487,1.158639064223402,0.5531171825700949,-1.3019455704574068,0.23083499051918135,-0.0020813214763596324,-1.122211057964198,1.8500958125997804,-1.8455979989552511,-1.8503598463504078,-1.108521127294472,-0.6049067812370027,311,0.46859321654005004,0,142
RG3_L_000524,524,-0.029099449053866445,0.8385523411322893,-1.3893952866614956,0.24951068491762612,-1.8067254988278127,0.48032590666785163,1.3696623373718366,0.0,-0.16738380741894748,-0.6657520460385278,-0.4217977735906751,-0.10880187181629318,-0.1343870827216355,0.8475220538225758,1.018118097102153,-0.6026229124749184,-0.7385359164975585,2.4563525652629603,1.2177542145238263,1.2231102185551241,0.6401932792113381,-0.3251647555730986,1.3136858197938754,1.3373652919162595,419,0.46839024043476263,0,143
RG3_L_000571,571,-0.029099449053866445,0.8385523411322893,-1.3893952866614956,-0.846821542506724,-1.8067254988278127,-0.31705541006768895,1.3696623373718366,0.0,-0.16738380741894748,2.0199701834919805,-0.4217977735906751,0.547517855938155,-0.1343870827216355,0.5364169113222037,0.7856220744135003,0.5628437163914318,-0.9808971328166136,-0.0020813214763596324,0.9252418187908061,-0.030765304963843006,0.1430046794462067,-0.12180903031383264,1.4561690609711522,1.7015426080271017,457,0.4681980919250832,0,144
RG3_L_000513,513,-0.029099449053866445,0.8385523411322893,-1.6138536729488038,-1.3950399372025626,-0.38678982241038173,-1.1144367268032296,0.5883674005367534,0.0,-0.9522929891607599,-0.6657520460385278,-0.4217977735906751,0.547517855938155,0.9161276312580487,2.0919663596249722,2.1806159488549217,-0.6026229124749184,-0.49617470017850324,0.919807940240567,1.2177542145238263,-0.030765304963843006,0.1430046794462067,0.48826590298762657,1.028719337439322,1.2159728532126455,409,0.4679233690863468,0,145
RG3_L_000027,27,-0.029099449053866445,-1.1925314031676417,1.5287778107876628,0.24951068491762612,1.0330781477474453,0.48032590666785163,2.151255364606323,0.0,0.6176451529252976,0.6771090687267264,1.1169829930268504,-0.10880187181629318,0.07572868374024348,0.8475220538225758,0.08812513719278957,0.09662861106977294,0.7155574231572918,-0.3094090031290929,0.778985620924296,-1.2846408284828101,-1.3484852595196537,0.18323231509872764,-1.6784513743617933,-1.697434098833154,21,0.46762374281412944,0,146
RG3_L_000492,492,-0.029099449053866445,0.8385523411322893,-1.1649154928027723,0.24951068491762612,-0.38678982241038173,-1.1144367268032296,2.151255364606323,0.0,-0.9522929891607599,0.6771090687267264,-1.9605785402082005,1.203937739304957,0.49592815749914615,0.22529990092137753,0.7856220744135003,-0.36958649425188594,-1.223184390876188,-1.2312982648460196,-0.8297432933565567,-0.34425810198617113,-0.3541839203189247,-0.5285282383560259,1.028719337439322,1.2159728532126455,395,0.46756364475885054,0,147
RG3_L_000038,38,-0.029099449053866445,-1.1925314031676417,1.3042980169289395,0.24951068491762612,1.0330781477474453,0.48032590666785163,1.3696623373718366,0.0,0.6176451529252976,-0.6657520460385278,1.1169829930268504,-0.10880187181629318,0.2858284206196948,0.22529990092137753,-0.14437975465061584,0.09662861106977294,0.7155574231572918,-1.2312982648460196,1.8027343748644875,-0.9711480314604819,0.6401932792113381,0.18323231509872764,-1.6784513743617933,-1.697434098833154,31,0.4670213692741203,0,148
RG3_L_000147,147,-0.029099449053866445,-1.1925314031676417,-0.7159559050853255,0.24951068491762612,1.0330781477474453,1.2777072234033922,-0.974520563532816,0.0,0.6176451529252976,-2.0085875478583746,-0.4217977735906751,-0.7652217551830952,-0.7646862933599895,-1.9524598323821356,-1.5393736290920372,1.4952027925969524,0.47319620683823654,-0.0020813214763596324,-0.975954860097688,-0.34425810198617113,-1.3484852595196537,0.5899437656172595,-0.2536243978725972,-0.4835143425333886,120,0.466984980729919,0,149
RG3_L_000589,589,-0.029099449053866445,0.8385523411322893,-1.6138536729488038,-0.846821542506724,-1.8067254988278127,-1.1144367268032296,1.3696623373718366,0.0,-1.737321949505005,-0.6657520460385278,-0.4217977735906751,1.203937739304957,0.9161276312580487,1.158639064223402,1.483119011634211,1.728310345257782,-0.2538134838594481,-0.0020813214763596324,0.9252418187908061,-0.9711480314604819,-1.3484852595196537,-0.020131167684199668,1.4561690609711522,1.7015426080271017,470,0.46686745222467,0,150
RG3_L_000528,528,-0.029099449053866445,0.8385523411322893,-0.4914975187980172,0.24951068491762612,-1.8067254988278127,-1.1144367268032296,0.5883674005367534,0.0,-0.9522929891607599,0.6771090687267264,1.1169829930268504,1.203937739304957,0.7060278943785975,0.22529990092137753,0.08812513719278957,-1.535053123118236,1.200279855795402,-2.1532813098042194,-1.4147234536972182,-0.030765304963843006,-0.8512966597545222,-0.3251647555730986,1.3136858197938754,1.4587577306198736,422,0.46681351481827027,0,151
RG3_L_000466,466,-0.029099449053866445,0.8385523411322893,-1.1649154928027723,0.24951068491762612,-0.38678982241038173,-1.1144367268032296,0.5883674005367534,0.0,-0.9522929891607599,2.0199701834919805,-0.4217977735906751,1.203937739304957,0.9161276312580487,0.8475220538225758,1.018118097102153,0.3297361637306024,-0.9808971328166136,1.5344633035460336,-1.5609796515637282,0.5962202890808133,-0.3541839203189247,-1.6470002423293113,1.028719337439322,1.2159728532126455,375,0.46643043374223625,0,152
RG3_L_000160,160,-0.029099449053866445,0.8385523411322893,-1.6138536729488038,-0.2987077097782125,1.0330781477474453,-0.31705541006768895,-0.974520563532816,0.0,-0.16738380741894748,-2.0085875478583746,1.1169829930268504,0.547517855938155,0.2858284206196948,0.22529990092137753,0.08812513719278957,1.2620952399361232,-0.49617470017850324,1.2271356218933003,1.6564781769979775,-0.030765304963843006,0.6401932792113381,0.6916293857705539,-0.2536243978725972,-0.4835143425333886,133,0.4663791277971377,0,153
RG3_L_000033,33,-0.029099449053866445,-1.1925314031676417,1.0798396306416314,0.24951068491762612,1.0330781477474453,2.0750885401389327,1.3696623373718366,0.0,2.187583295011355,-0.6657520460385278,-0.4217977735906751,-1.4216416385498971,-0.5545865564805381,-1.019132536980565,-0.8418766918713266,0.3297361637306024,-0.7385359164975585,-0.0020813214763596324,-0.6834870954900467,-0.9711480314604819,0.1430046794462067,0.18323231509872764,-1.6784513743617933,-1.697434098833154,27,0.46621836976007414,0,154
RG3_L_000451,451,-0.029099449053866445,0.8385523411322893,0.1819418627781529,0.24951068491762612,-1.8067254988278127,-1.1144367268032296,0.5883674005367534,0.0,-0.9522929891607599,2.0199701834919805,-0.4217977735906751,0.547517855938155,0.7060278943785975,0.5364169113222037,0.5531171825700949,-1.0688380177965773,1.200279855795402,-1.5386259464987528,-0.6834870954900467,-1.5981336255051382,1.1373060186469357,-0.6302061009856589,1.028719337439322,1.2159728532126455,362,0.46600423644625755,0,155
RG3_L_000545,545,-0.029099449053866445,-1.1925314031676417,-0.4914975187980172,0.24951068491762612,-1.8067254988278127,0.48032590666785163,-0.19292753629832982,0.0,-0.16738380741894748,0.6771090687267264,-0.4217977735906751,-0.7652217551830952,0.07572868374024348,-0.08580524157899463,0.08812513719278957,1.2620952399361232,0.7155574231572918,1.8417909851987668,-0.8297432933565567,-0.030765304963843006,1.1373060186469357,-0.2234868929434656,1.3136858197938754,1.3373652919162595,434,0.465673592541064,0,156
RG3_L_000422,422,-0.029099449053866445,0.8385523411322893,-0.4914975187980172,-0.846821542506724,-1.8067254988278127,-1.1144367268032296,-0.19292753629832982,0.0,-0.9522929891607599,0.6771090687267264,-0.4217977735906751,1.203937739304957,0.7060278943785975,0.22529990092137753,0.08812513719278957,-2.001197094002098,-0.2538134838594481,-0.6167366847818262,-1.268467255830708,1.8500958125997804,1.1373060186469357,-0.8335618262449248,0.886238813903831,0.9731902911736049,338,0.4653734489358969,0,157
RG3_L_000247,247,-0.029099449053866445,0.8385523411322893,1.0798396306416314,-0.2987077097782125,1.0330781477474453,0.48032590666785163,-1.7558155003678992,0.0,-0.16738380741894748,2.0199701834919805,-0.4217977735906751,0.547517855938155,-0.1343870827216355,-1.3302495473813911,-1.3068776064033847,1.0289876872752937,0.47319620683823654,-0.9239705831932862,-1.268467255830708,-0.6577508990084993,-1.3484852595196537,0.9966629736594528,0.17382532565923292,-0.11933702642254647,202,0.46503390856877475,0,158
RG3_L_000089,89,-0.029099449053866445,-1.1925314031676417,0.6308800429241845,-0.2987077097782125,-0.38678982241038173,0.48032590666785163,0.5883674005367534,0.0,0.6176451529252976,-2.0085875478583746,1.1169829930268504,-0.7652217551830952,-0.1343870827216355,-1.019132536980565,-1.0743727145599793,-0.6026229124749184,1.9272895464930866,-0.9239705831932862,-1.122211057964198,-0.9711480314604819,1.1373060186469357,0.8949851110298198,-0.8235546449399185,-0.8476893432760432,73,0.4647967393355311,0,159
RG3_L_000187,187,-0.029099449053866445,0.8385523411322893,-0.9404356989440489,0.24951068491762612,1.0330781477474453,0.48032590666785163,-1.7558155003678992,0.0,-0.16738380741894748,0.6771090687267264,-0.4217977735906751,-0.10880187181629318,-0.3444868196010868,0.5364169113222037,0.32062115988144224,1.728310345257782,0.47319620683823654,2.1491186668515003,1.8027343748644875,-0.34425810198617113,1.1373060186469357,0.18323231509872764,0.03134208448195622,-0.11933702642254647,155,0.4646023562678941,0,160
RG3_L_000088,88,-0.029099449053866445,-1.1925314031676417,1.5287778107876628,-0.846821542506724,-0.38678982241038173,0.48032590666785163,-0.19292753629832982,0.0,0.6176451529252976,0.6771090687267264,-1.9605785402082005,-1.4216416385498971,-0.5545865564805381,-1.019132536980565,-0.609380669182674,-0.6026229124749184,-1.223184390876188,-0.0020813214763596324,-1.122211057964198,1.2231102185551241,-0.3541839203189247,-0.5285282383560259,-0.8235546449399185,-0.8476893432760432,72,0.4645231952002454,0,161
RG3_L_000414,414,-0.029099449053866445,0.8385523411322893,-0.2670177249392938,0.24951068491762612,-0.38678982241038173,-1.9118180435387702,-0.19292753629832982,0.0,-1.737321949505005,0.6771090687267264,1.1169829930268504,1.8602574670594052,0.9161276312580487,1.158639064223402,0.7856220744135003,1.4952027925969524,-0.2538134838594481,-0.6167366847818262,-0.09850693514938538,-0.9711480314604819,1.1373060186469357,-1.036925309027852,-0.538588162585365,-0.36212190382977455,331,0.46452191864300174,0,162
RG3_L_000371,371,-0.029099449053866445,0.8385523411322893,-0.4914975187980172,-0.846821542506724,-0.38678982241038173,-0.31705541006768895,0.5883674005367534,0.0,-0.16738380741894748,-2.0085875478583746,1.1169829930268504,-0.10880187181629318,0.7060278943785975,0.8475220538225758,0.5531171825700949,0.7958801346144643,-0.49617470017850324,-0.0020813214763596324,0.48651785631665484,1.5366030155774522,0.6401932792113381,-2.0537194503715046,-1.251001650829963,-0.8476893432760432,296,0.46444872215853306,0,163
RG3_L_000510,510,-0.029099449053866445,0.8385523411322893,-0.04253793108057046,0.24951068491762612,-1.8067254988278127,-1.9118180435387702,0.5883674005367534,0.0,-0.9522929891607599,-0.6657520460385278,1.1169829930268504,0.547517855938155,0.7060278943785975,0.8475220538225758,0.5531171825700949,1.728310345257782,0.9579186394763469,-0.0020813214763596324,-0.24471850189051658,-0.9711480314604819,1.634494618412067,0.18323231509872764,1.028719337439322,1.2159728532126455,407,0.46432695638032,0,164
RG3_L_000562,562,-0.029099449053866445,0.8385523411322893,-0.9404356989440489,-0.2987077097782125,-1.8067254988278127,-0.31705541006768895,1.3696623373718366,0.0,-0.9522929891607599,0.6771090687267264,-1.9605785402082005,0.547517855938155,-0.1343870827216355,0.22529990092137753,0.7856220744135003,-1.0688380177965773,-0.7385359164975585,-0.0020813214763596324,0.19400546058363471,-0.9711480314604819,0.1430046794462067,-0.2234868929434656,1.4561690609711522,1.7015426080271017,449,0.4643113116701796,0,165
RG3_L_000331,331,-0.029099449053866445,0.8385523411322893,-1.8383334668075273,0.24951068491762612,1.0330781477474453,-0.31705541006768895,-0.974520563532816,0.0,-0.16738380741894748,-0.6657520460385278,-1.9605785402082005,0.547517855938155,0.2858284206196948,0.22529990092137753,0.7856220744135003,0.7958801346144643,-1.223184390876188,1.5344633035460336,1.3639657812649575,0.28272749205848513,-0.8512966597545222,1.403382181701646,0.31630584919472404,0.002053096912880053,266,0.464110442289661,0,166
RG3_L_000156,156,-0.029099449053866445,-1.1925314031676417,-0.2670177249392938,-0.846821542506724,1.0330781477474453,0.48032590666785163,-1.7558155003678992,0.0,0.6176451529252976,0.6771090687267264,1.1169829930268504,-0.10880187181629318,-0.1343870827216355,-1.3302495473813911,-2.0043745436240954,-0.36958649425188594,0.47319620683823654,-0.6167366847818262,-1.4147234536972182,1.2231102185551241,0.1430046794462067,-0.7318839636152918,-0.1111411566953205,-0.36212190382977455,129,0.46370591872560896,0,167
RG3_L_000086,86,-0.029099449053866445,-1.1925314031676417,-0.7159559050853255,0.24951068491762612,-0.38678982241038173,0.48032590666785163,1.3696623373718366,0.0,1.40255433466711,-0.6657520460385278,1.1169829930268504,-0.7652217551830952,-0.9747860302394408,-1.3302495473813911,-1.5393736290920372,-1.0688380177965773,-1.465545607195243,-0.0020813214763596324,0.19400546058363471,-0.6577508990084993,0.1430046794462067,1.301704319072013,-0.8235546449399185,-0.8476893432760432,70,0.46364849562240773,0,168
RG3_L_000368,368,-0.029099449053866445,-1.1925314031676417,0.4064002490654612,0.24951068491762612,-0.38678982241038173,0.48032590666785163,-0.19292753629832982,0.0,-0.16738380741894748,-0.6657520460385278,-0.4217977735906751,-0.10880187181629318,0.2858284206196948,-0.08580524157899463,-0.14437975465061584,1.0289876872752937,-1.223184390876188,-1.8459536281514861,-1.122211057964198,-0.34425810198617113,0.6401932792113381,-1.8503598463504078,-1.5359681331845165,-1.0904742206832714,293,0.46283580137053726,0,169
RG3_L_000112,112,-0.029099449053866445,-1.1925314031676417,0.1819418627781529,0.24951068491762612,-0.38678982241038173,1.2777072234033922,1.3696623373718366,0.0,0.6176451529252976,2.0199701834919805,-0.4217977735906751,-0.10880187181629318,-0.7646862933599895,-0.08580524157899463,0.08812513719278957,-1.3019455704574068,-1.223184390876188,1.2271356218933003,1.5102219791314675,0.28272749205848513,-0.3541839203189247,0.6916293857705539,-0.9660378861171952,-0.9690817819796572,90,0.4627976953172257,0,170
RG3_L_000450,450,-0.029099449053866445,0.8385523411322893,-0.7159559050853255,0.24951068491762612,-0.38678982241038173,-1.9118180435387702,0.5883674005367534,0.0,-1.737321949505005,0.6771090687267264,-0.4217977735906751,1.203937739304957,0.9161276312580487,1.158639064223402,1.018118097102153,-1.535053123118236,3.1390216698288818,-1.2312982648460196,0.48651785631665484,-0.34425810198617113,-0.8512966597545222,-1.036925309027852,0.886238813903831,1.0945827298772188,361,0.46279005161304837,0,171
RG3_L_000378,378,-0.029099449053866445,0.8385523411322893,0.6308800429241845,0.24951068491762612,-0.38678982241038173,-1.9118180435387702,-0.19292753629832982,0.0,-1.737321949505005,0.6771090687267264,-0.4217977735906751,1.8602574670594052,1.1262433977199278,0.5364169113222037,0.5531171825700949,-1.0688380177965773,-0.2538134838594481,-0.0020813214763596324,-0.6834870954900467,-0.34425810198617113,0.6401932792113381,-1.7486781049589442,-1.251001650829963,-0.7262969045724291,303,0.46209679256206804,0,172
RG3_L_000400,400,-0.029099449053866445,0.8385523411322893,-0.7159559050853255,-0.846821542506724,-0.38678982241038173,-0.31705541006768895,-0.19292753629832982,0.0,-0.9522929891607599,0.6771090687267264,-0.4217977735906751,-0.10880187181629318,0.7060278943785975,1.158639064223402,1.018118097102153,1.9613467634808144,-1.7079068235142982,1.2271356218933003,0.48651785631665484,-0.030765304963843006,0.6401932792113381,-1.341958896916751,-0.8235546449399185,-0.6049067812370027,321,0.46205391319920097,0,173
RG3_L_000517,517,-0.029099449053866445,0.8385523411322893,-1.1649154928027723,-0.2987077097782125,-1.8067254988278127,-1.1144367268032296,0.5883674005367534,0.0,-0.9522929891607599,-2.0085875478583746,-0.4217977735906751,0.547517855938155,0.49592815749914615,0.5364169113222037,0.5531171825700949,-0.36958649425188594,-0.49617470017850324,-2.1532813098042194,-1.122211057964198,-1.2846408284828101,-0.3541839203189247,-0.4268503757263929,1.3136858197938754,1.4587577306198736,412,0.46193435629132,0,174
RG3_L_000539,539,-0.029099449053866445,0.8385523411322893,-0.9404356989440489,0.24951068491762612,-1.8067254988278127,-1.9118180435387702,1.3696623373718366,0.0,-1.737321949505005,0.6771090687267264,-0.4217977735906751,1.203937739304957,0.7060278943785975,0.22529990092137753,0.32062115988144224,-1.0688380177965773,-0.011452267540392873,-1.8459536281514861,-0.09850693514938538,-0.030765304963843006,-0.8512966597545222,-0.2234868929434656,1.3136858197938754,1.3373652919162595,429,0.46175128947097416,0,175
RG3_L_000364,364,-0.029099449053866445,0.8385523411322893,-0.2670177249392938,-0.2987077097782125,-0.38678982241038173,-0.31705541006768895,-0.19292753629832982,0.0,-0.16738380741894748,-0.6657520460385278,1.1169829930268504,-0.10880187181629318,0.49592815749914615,1.469744206723774,1.018118097102153,-0.6026229124749184,-1.465545607195243,0.612574041829107,1.3639657812649575,-0.6577508990084993,-0.8512966597545222,-1.1386031716574851,-1.6784513743617933,-1.2118666593868854,290,0.46155116973852195,0,176
RG3_L_000494,494,-0.029099449053866445,0.8385523411322893,0.4064002490654612,0.24951068491762612,-0.38678982241038173,-1.1144367268032296,0.5883674005367534,0.0,-1.737321949505005,0.6771090687267264,-1.9605785402082005,0.547517855938155,1.1262433977199278,1.469744206723774,1.483119011634211,-0.6026229124749184,-1.223184390876188,-0.0020813214763596324,0.3402616584501448,-0.9711480314604819,1.1373060186469357,-0.5285282383560259,1.028719337439322,1.2159728532126455,397,0.4614251866813469,0,177
RG3_L_000516,516,-0.029099449053866445,0.8385523411322893,0.1819418627781529,0.24951068491762612,-1.8067254988278127,-0.31705541006768895,1.3696623373718366,0.0,-0.9522929891607599,-0.6657520460385278,1.1169829930268504,0.547517855938155,0.07572868374024348,0.5364169113222037,0.08812513719278957,-1.3019455704574068,1.200279855795402,-0.3094090031290929,-0.8297432933565567,-0.9711480314604819,1.634494618412067,-0.4268503757263929,1.1712025786165987,1.3373652919162595,411,0.46137804725656917,0,178
RG3_L_000316,316,-0.029099449053866445,-1.1925314031676417,-0.2670177249392938,-0.846821542506724,1.0330781477474453,1.2777072234033922,-0.19292753629832982,0.0,1.40255433466711,0.6771090687267264,-1.9605785402082005,-0.7652217551830952,-0.9747860302394408,-1.6413546898817633,-1.0743727145599793,0.09662861106977294,-0.011452267540392873,-0.0020813214763596324,0.04774926271712467,-0.34425810198617113,0.6401932792113381,0.5899437656172595,0.6012723315492775,0.24483797432010815,256,0.4611951365296397,0,179
RG3_L_000540,540,-0.029099449053866445,0.8385523411322893,-0.4914975187980172,-1.3950399372025626,-0.38678982241038173,-1.1144367268032296,0.5883674005367534,0.0,-1.737321949505005,-0.6657520460385278,1.1169829930268504,1.203937739304957,0.7060278943785975,1.469744206723774,1.018118097102153,1.0289876872752937,-1.7079068235142982,-0.9239705831932862,0.48651785631665484,-0.6577508990084993,0.6401932792113381,-0.5285282383560259,1.3136858197938754,1.4587577306198736,430,0.46104875279181784,0,180
RG3_L_000250,250,-0.029099449053866445,0.8385523411322893,1.3042980169289395,0.24951068491762612,1.0330781477474453,-0.31705541006768895,-0.974520563532816,0.0,-0.16738380741894748,-2.0085875478583746,-0.4217977735906751,0.547517855938155,0.2858284206196948,0.5364169113222037,0.32062115988144224,-0.8357304651357478,-1.223184390876188,-0.0020813214763596324,0.9252418187908061,-0.6577508990084993,2.628795957612796,0.8949851110298198,0.31630584919472404,0.002053096912880053,204,0.46048332000227976,0,181
RG3_L_000163,163,-0.029099449053866445,-1.1925314031676417,-0.9404356989440489,0.24951068491762612,1.0330781477474453,1.2777072234033922,-1.7558155003678992,0.0,1.40255433466711,-0.6657520460385278,-0.4217977735906751,-2.0779613663043452,-0.7646862933599895,-0.7080273944801929,-0.3768757773392685,-1.0688380177965773,0.47319620683823654,-1.5386259464987528,0.48651785631665484,-0.6577508990084993,0.1430046794462067,1.606737906960912,-0.1111411566953205,-0.36212190382977455,136,0.4602510288794508,0,182
RG3_L_000370,370,-0.029099449053866445,0.8385523411322893,0.6308800429241845,0.24951068491762612,-0.38678982241038173,-0.31705541006768895,1.3696623373718366,0.0,-0.16738380741894748,2.0199701834919805,1.1169829930268504,0.547517855938155,0.2858284206196948,-0.3969103840793668,-0.609380669182674,0.5628437163914318,-0.49617470017850324,-0.3094090031290929,-0.8297432933565567,-0.9711480314604819,1.1373060186469357,-1.7486781049589442,-1.251001650829963,-0.7262969045724291,295,0.4599626509366397,0,183
RG3_L_000211,211,-0.029099449053866445,-1.1925314031676417,0.855359836782908,-0.2987077097782125,1.0330781477474453,1.2777072234033922,-1.7558155003678992,0.0,0.6176451529252976,0.6771090687267264,-0.4217977735906751,-1.4216416385498971,-0.9747860302394408,-1.3302495473813911,-1.0743727145599793,1.4952027925969524,-0.7385359164975585,-0.0020813214763596324,-1.122211057964198,0.28272749205848513,2.1316073578476646,0.0815466949454333,0.17382532565923292,0.002053096912880053,175,0.45963657013321424,0,184
RG3_L_000584,584,-0.029099449053866445,0.8385523411322893,-1.3893952866614956,-0.846821542506724,-0.38678982241038173,-0.31705541006768895,0.5883674005367534,0.0,-0.16738380741894748,-0.6657520460385278,-0.4217977735906751,-0.10880187181629318,0.49592815749914615,-0.08580524157899463,0.08812513719278957,2.194454316141644,2.1696507628121418,-0.0020813214763596324,-0.975954860097688,-0.34425810198617113,1.1373060186469357,-0.020131167684199668,1.598652302148429,1.7015426080271017,467,0.4596261449927743,0,185
RG3_L_000373,373,-0.029099449053866445,0.8385523411322893,-0.9404356989440489,0.24951068491762612,-0.38678982241038173,-1.1144367268032296,2.151255364606323,0.0,-0.9522929891607599,-0.6657520460385278,-0.4217977735906751,1.203937739304957,0.7060278943785975,0.8475220538225758,0.5531171825700949,-0.1364789415910565,0.7155574231572918,-1.8459536281514861,0.48651785631665484,-0.34425810198617113,-1.3484852595196537,-0.8335618262449248,-1.3934848920072398,-0.9690817819796572,298,0.45939455171916177,0,186
RG3_L_000155,155,-0.029099449053866445,-1.1925314031676417,1.7532576046463864,-0.2987077097782125,1.0330781477474453,1.2777072234033922,-0.974520563532816,0.0,1.40255433466711,0.6771090687267264,-1.9605785402082005,-1.4216416385498971,-0.5545865564805381,-1.019132536980565,-0.609380669182674,0.3297361637306024,-1.223184390876188,-0.0020813214763596324,-0.6834870954900467,0.5962202890808133,1.634494618412067,0.5899437656172595,-0.1111411566953205,-0.36212190382977455,128,0.45934023367343024,1,187
RG3_L_000202,202,-0.029099449053866445,-1.1925314031676417,0.6308800429241845,0.24951068491762612,1.0330781477474453,1.2777072234033922,-0.974520563532816,0.0,0.6176451529252976,0.6771090687267264,-0.4217977735906751,-0.7652217551830952,-0.9747860302394408,-2.574681985283334,-2.236870566312748,0.3297361637306024,-0.7385359164975585,-0.0020813214763596324,-0.975954860097688,-1.5981336255051382,-0.8512966597545222,1.301704319072013,0.17382532565923292,-0.11933702642254647,166,0.4592146092997765,0,188
RG3_L_000486,486,-0.029099449053866445,0.8385523411322893,-1.1649154928027723,0.24951068491762612,-1.8067254988278127,-0.31705541006768895,0.5883674005367534,0.0,-0.9522929891607599,0.6771090687267264,-0.4217977735906751,0.547517855938155,0.7060278943785975,2.0919663596249722,1.9481199261662692,-0.8357304651357478,0.47319620683823654,-0.3094090031290929,1.5102219791314675,-0.34425810198617113,0.6401932792113381,-0.5285282383560259,1.028719337439322,1.0945827298772188,390,0.45915713756865967,1,189
RG3_L_000068,68,-0.029099449053866445,-1.1925314031676417,-0.04253793108057046,0.24951068491762612,-0.38678982241038173,0.48032590666785163,-0.19292753629832982,0.0,0.6176451529252976,-2.0085875478583746,-0.4217977735906751,-0.7652217551830952,-0.7646862933599895,-1.3302495473813911,-1.0743727145599793,0.5628437163914318,-1.9502680398333534,0.919807940240567,-0.8297432933565567,1.2231102185551241,-0.8512966597545222,1.2000264564423802,-1.108521127294472,-0.9690817819796572,54,0.45913759407153953,1,190
RG3_L_000556,556,-0.029099449053866445,0.8385523411322893,0.1819418627781529,-1.3950399372025626,-1.8067254988278127,-1.9118180435387702,0.5883674005367534,0.0,-1.737321949505005,0.6771090687267264,-0.4217977735906751,1.203937739304957,0.7060278943785975,0.8475220538225758,1.018118097102153,0.09662861106977294,-0.7385359164975585,0.612574041829107,-0.5372308976235367,0.5962202890808133,1.1373060186469357,-0.2234868929434656,1.4561690609711522,1.7015426080271017,444,0.45906771044224104,0,191
RG3_L_000358,358,-0.029099449053866445,-1.1925314031676417,-0.7159559050853255,0.24951068491762612,-0.38678982241038173,0.48032590666785163,1.3696623373718366,0.0,-0.16738380741894748,-0.6657520460385278,1.1169829930268504,-0.10880187181629318,0.07572868374024348,-0.7080273944801929,-0.609380669182674,-1.0688380177965773,1.200279855795402,-0.0020813214763596324,-0.8297432933565567,-0.6577508990084993,0.1430046794462067,-1.341958896916751,-1.82093461553907,-1.3332567827223119,288,0.4590505290947061,0,192
RG3_L_000502,502,-0.029099449053866445,0.8385523411322893,-1.3893952866614956,-0.2987077097782125,-1.8067254988278127,-1.9118180435387702,0.5883674005367534,0.0,-1.737321949505005,0.6771090687267264,-0.4217977735906751,0.547517855938155,1.1262433977199278,1.469744206723774,1.2506229889455585,-1.3019455704574068,-0.2538134838594481,-0.0020813214763596324,-0.09850693514938538,-0.6577508990084993,0.1430046794462067,-1.4436445170700454,1.028719337439322,1.2159728532126455,401,0.4588685386470935,0,193
RG3_L_000469,469,-0.029099449053866445,0.8385523411322893,-1.6138536729488038,0.24951068491762612,-0.38678982241038173,-1.1144367268032296,1.3696623373718366,0.0,-0.9522929891607599,0.6771090687267264,-1.9605785402082005,1.203937739304957,0.9161276312580487,1.469744206723774,1.7156150343228638,-0.36958649425188594,-0.2538134838594481,-0.3094090031290929,1.3639657812649575,-1.2846408284828101,0.1430046794462067,0.28491017772836064,1.3136858197938754,1.3373652919162595,378,0.45866071038211315,0,194
RG3_L_000565,565,-0.029099449053866445,0.8385523411322893,-1.1649154928027723,-0.846821542506724,-1.8067254988278127,-0.31705541006768895,0.5883674005367534,0.0,-0.9522929891607599,0.6771090687267264,-0.4217977735906751,-0.10880187181629318,0.7060278943785975,-0.08580524157899463,-0.14437975465061584,-1.7680895413412685,-0.011452267540392873,-0.3094090031290929,-1.268467255830708,-0.6577508990084993,-1.3484852595196537,-0.020131167684199668,1.4561690609711522,1.4587577306198736,452,0.45862732143778157,0,195
RG3_L_000041,41,-0.029099449053866445,-1.1925314031676417,1.3042980169289395,0.24951068491762612,-0.38678982241038173,1.2777072234033922,0.5883674005367534,0.0,1.40255433466711,-0.6657520460385278,-0.4217977735906751,-1.4216416385498971,-0.9747860302394408,-1.3302495473813911,-0.609380669182674,0.09662861106977294,0.7155574231572918,-0.3094090031290929,-0.09850693514938538,2.7904785390964193,0.1430046794462067,-0.7318839636152918,-0.9660378861171952,-0.9690817819796572,33,0.458551202550555,0,196
RG3_L_000526,526,-0.029099449053866445,0.8385523411322893,-0.04253793108057046,-0.2987077097782125,-1.8067254988278127,-0.31705541006768895,0.5883674005367534,0.0,-0.9522929891607599,-0.6657520460385278,-1.9605785402082005,-0.7652217551830952,0.07572868374024348,-0.7080273944801929,-0.14437975465061584,0.3297361637306024,-1.465545607195243,-0.0020813214763596324,-0.8297432933565567,-0.9711480314604819,-0.8512966597545222,-0.2234868929434656,1.3136858197938754,1.4587577306198736,421,0.45844630549372123,0,197
RG3_L_000413,413,-0.029099449053866445,0.8385523411322893,0.1819418627781529,0.24951068491762612,-0.38678982241038173,-1.1144367268032296,1.3696623373718366,0.0,-1.737321949505005,0.6771090687267264,-0.4217977735906751,1.203937739304957,0.9161276312580487,-0.08580524157899463,0.08812513719278957,1.4952027925969524,-0.49617470017850324,-0.0020813214763596324,-0.8297432933565567,-0.34425810198617113,1.634494618412067,-1.6470002423293113,-0.6810714037626417,-0.2407294651261605,330,0.4581612403301469,0,198
RG3_L_000575,575,-0.029099449053866445,0.8385523411322893,-0.7159559050853255,0.24951068491762612,-0.38678982241038173,-1.1144367268032296,0.5883674005367534,0.0,-1.737321949505005,0.6771090687267264,-0.4217977735906751,1.203937739304957,0.07572868374024348,-0.08580524157899463,0.08812513719278957,0.7958801346144643,2.1696507628121418,1.5344633035460336,-1.5609796515637282,0.28272749205848513,0.1430046794462067,-0.12180903031383264,1.4561690609711522,1.5801501693234876,460,0.4577228258002268,0,199
RG3_L_000495,495,-0.029099449053866445,0.8385523411322893,-1.6138536729488038,0.24951068491762612,-0.38678982241038173,-1.1144367268032296,-0.19292753629832982,0.0,-0.9522929891607599,-0.6657520460385278,-0.4217977735906751,1.203937739304957,0.9161276312580487,1.7808493492241462,1.483119011634211,-1.535053123118236,1.200279855795402,-1.8459536281514861,0.48651785631665484,-0.6577508990084993,-1.3484852595196537,-0.2234868929434656,1.028719337439322,1.2159728532126455,398,0.4573296398316344,0,200
RG3_L_000227,227,-0.029099449053866445,-1.1925314031676417,0.6308800429241845,0.24951068491762612,1.0330781477474453,2.0750885401389327,-0.974520563532816,0.0,1.40255433466711,0.6771090687267264,1.1169829930268504,-1.4216416385498971,-0.9747860302394408,-1.019132536980565,-1.0743727145599793,1.2620952399361232,0.9579186394763469,1.2271356218933003,0.19400546058363471,0.28272749205848513,-1.3484852595196537,0.9966629736594528,0.17382532565923292,-0.11933702642254647,186,0.45730969179769354,0,201
RG3_L_000547,547,-0.029099449053866445,0.8385523411322893,0.1819418627781529,-0.846821542506724,-1.8067254988278127,-1.1144367268032296,1.3696623373718366,0.0,-0.9522929891607599,-0.6657520460385278,-1.9605785402082005,1.203937739304957,0.7060278943785975,-0.08580524157899463,0.5531171825700949,0.3297361637306024,0.7155574231572918,-0.0020813214763596324,-1.268467255830708,-0.030765304963843006,0.1430046794462067,-0.2234868929434656,1.3136858197938754,1.3373652919162595,436,0.4572916610017117,0,202
RG3_L_000427,427,-0.029099449053866445,-1.1925314031676417,-0.9404356989440489,0.24951068491762612,-0.38678982241038173,0.48032590666785163,0.5883674005367534,0.0,-0.16738380741894748,0.6771090687267264,-1.9605785402082005,-0.10880187181629318,-0.5545865564805381,-0.7080273944801929,-0.14437975465061584,0.3297361637306024,-1.465545607195243,1.2271356218933003,0.04774926271712467,-0.030765304963843006,-0.3541839203189247,-0.9352474463982191,0.7437555727265542,0.9731902911736049,343,0.4571548545625142,0,203
RG3_L_000500,500,-0.029099449053866445,0.8385523411322893,-0.9404356989440489,0.24951068491762612,-1.8067254988278127,-1.1144367268032296,2.151255364606323,0.0,-0.9522929891607599,-0.6657520460385278,-0.4217977735906751,1.203937739304957,0.2858284206196948,0.8475220538225758,0.7856220744135003,1.2620952399361232,0.7155574231572918,-0.9239705831932862,-0.975954860097688,-0.030765304963843006,-0.8512966597545222,-0.5285282383560259,1.028719337439322,1.2159728532126455,399,0.457148704663085,0,204
RG3_L_000327,327,-0.029099449053866445,-1.1925314031676417,-0.2670177249392938,0.24951068491762612,1.0330781477474453,1.2777072234033922,-0.974520563532816,0.0,1.40255433466711,0.6771090687267264,-1.9605785402082005,-1.4216416385498971,-0.7646862933599895,-1.6413546898817633,-0.8418766918713266,1.0289876872752937,-0.011452267540392873,-0.9239705831932862,-1.122211057964198,-0.6577508990084993,-0.3541839203189247,-0.12180903031383264,0.31630584919472404,0.24483797432010815,264,0.4569248554739098,0,205
RG3_L_000563,563,-0.029099449053866445,0.8385523411322893,-0.9404356989440489,-0.846821542506724,-1.8067254988278127,-0.31705541006768895,1.3696623373718366,0.0,-0.16738380741894748,0.6771090687267264,-0.4217977735906751,0.547517855938155,0.07572868374024348,-0.08580524157899463,0.32062115988144224,-0.8357304651357478,-0.9808971328166136,-0.6167366847818262,-0.8297432933565567,1.5366030155774522,1.1373060186469357,-0.3251647555730986,1.3136858197938754,1.5801501693234876,450,0.4569031359334235,0,206
RG3_L_000246,246,-0.029099449053866445,-1.1925314031676417,-0.2670177249392938,0.24951068491762612,1.0330781477474453,0.48032590666785163,-0.974520563532816,0.0,0.6176451529252976,-2.0085875478583746,-0.4217977735906751,-1.4216416385498971,-0.5545865564805381,-1.9524598323821356,-1.5393736290920372,-0.8357304651357478,0.7155574231572918,-0.3094090031290929,-0.975954860097688,-0.34425810198617113,0.6401932792113381,1.403382181701646,0.17382532565923292,-0.11933702642254647,201,0.4568909856774324,0,207
RG3_L_000091,91,-0.029099449053866445,0.8385523411322893,1.5287778107876628,0.24951068491762612,-0.38678982241038173,-0.31705541006768895,1.3696623373718366,0.0,-0.16738380741894748,2.0199701834919805,1.1169829930268504,1.203937739304957,0.2858284206196948,0.22529990092137753,-0.3768757773392685,0.3297361637306024,0.47319620683823654,-0.0020813214763596324,0.632729423057786,-0.34425810198617113,-1.3484852595196537,0.8949851110298198,-0.8235546449399185,-0.8476893432760432,74,0.45688590349303176,0,208
RG3_L_000537,537,-0.029099449053866445,0.8385523411322893,-0.4914975187980172,0.24951068491762612,-0.38678982241038173,-0.31705541006768895,-0.19292753629832982,0.0,-0.9522929891607599,0.6771090687267264,-0.4217977735906751,-0.10880187181629318,0.07572868374024348,-0.7080273944801929,-0.14437975465061584,1.2620952399361232,0.23083499051918135,-0.3094090031290929,-1.8534474161713694,-1.9116264225274664,2.1316073578476646,-0.3251647555730986,1.3136858197938754,1.4587577306198736,427,0.45639949445926326,0,209
RG3_L_000394,394,-0.029099449053866445,0.8385523411322893,-0.7159559050853255,-0.846821542506724,-0.38678982241038173,-1.1144367268032296,-0.19292753629832982,0.0,-0.9522929891607599,0.6771090687267264,1.1169829930268504,1.203937739304957,0.7060278943785975,1.158639064223402,0.5531171825700949,1.0289876872752937,-0.49617470017850324,-0.3094090031290929,-0.975954860097688,-0.030765304963843006,1.634494618412067,-1.952037708980041,-0.8235546449399185,-0.4835143425333886,317,0.4563354269901662,0,210
RG3_L_000463,463,-0.029099449053866445,-1.1925314031676417,-0.4914975187980172,0.24951068491762612,-0.38678982241038173,0.48032590666785163,-0.19292753629832982,0.0,-0.16738380741894748,-0.6657520460385278,-0.4217977735906751,-0.7652217551830952,0.2858284206196948,0.22529990092137753,0.08812513719278957,1.2620952399361232,-0.7385359164975585,2.1491186668515003,-0.24471850189051658,-1.2846408284828101,1.1373060186469357,-0.7318839636152918,1.028719337439322,1.2159728532126455,373,0.45632164533009595,0,211
RG3_L_000296,296,-0.029099449053866445,0.8385523411322893,0.1819418627781529,-0.2987077097782125,1.0330781477474453,-0.31705541006768895,-0.19292753629832982,0.0,-0.16738380741894748,2.0199701834919805,-0.4217977735906751,0.547517855938155,0.07572868374024348,0.5364169113222037,0.32062115988144224,-1.0688380177965773,-0.2538134838594481,-1.5386259464987528,1.5102219791314675,-1.2846408284828101,-0.8512966597545222,1.7084235271142063,0.31630584919472404,0.1234455356164941,239,0.4560813158764959,0,212
RG3_L_000377,377,-0.029099449053866445,0.8385523411322893,-0.04253793108057046,0.24951068491762612,-0.38678982241038173,-1.1144367268032296,1.3696623373718366,0.0,-0.9522929891607599,0.6771090687267264,-0.4217977735906751,1.203937739304957,0.49592815749914615,0.22529990092137753,0.32062115988144224,1.0289876872752937,-1.223184390876188,-0.0020813214763596324,-0.975954860097688,-0.030765304963843006,-1.3484852595196537,-2.8671539876940604,-1.251001650829963,-0.8476893432760432,302,0.4559681350846653,0,213
RG3_L_000306,306,-0.029099449053866445,-1.1925314031676417,0.1819418627781529,0.24951068491762612,1.0330781477474453,0.48032590666785163,-0.974520563532816,0.0,1.40255433466711,-0.6657520460385278,-0.4217977735906751,-0.7652217551830952,-0.7646862933599895,0.22529990092137753,0.5531171825700949,-2.467412199323757,0.7155574231572918,-0.3094090031290929,1.0714980166573163,-0.030765304963843006,-0.3541839203189247,1.8101013897438392,0.6012723315492775,0.1234455356164941,248,0.45594370871009926,0,214
RG3_L_000590,590,-0.029099449053866445,0.8385523411322893,-0.4914975187980172,-1.3950399372025626,-0.38678982241038173,-0.31705541006768895,1.3696623373718366,0.0,-0.9522929891607599,0.6771090687267264,-0.4217977735906751,0.547517855938155,0.2858284206196948,1.158639064223402,1.483119011634211,-1.535053123118236,1.4425671138549763,-0.6167366847818262,0.48651785631665484,-0.030765304963843006,-0.8512966597545222,-0.12180903031383264,1.4561690609711522,1.7015426080271017,471,0.45579497833320154,0,215
RG3_L_000561,561,-0.029099449053866445,0.8385523411322893,-1.1649154928027723,-0.846821542506724,-1.8067254988278127,-0.31705541006768895,0.5883674005367534,0.0,-0.9522929891607599,-0.6657520460385278,-0.4217977735906751,-0.7652217551830952,0.2858284206196948,1.158639064223402,1.2506229889455585,0.7958801346144643,0.9579186394763469,1.8417909851987668,1.0714980166573163,0.28272749205848513,1.1373060186469357,-0.12180903031383264,1.4561690609711522,1.7015426080271017,448,0.45555707845065685,0,216
RG3_L_000560,560,-0.029099449053866445,0.8385523411322893,-0.7159559050853255,0.24951068491762612,-0.38678982241038173,-1.1144367268032296,0.5883674005367534,0.0,-0.9522929891607599,0.6771090687267264,-0.4217977735906751,0.547517855938155,0.49592815749914615,1.7808493492241462,1.9481199261662692,1.4952027925969524,-1.223184390876188,0.612574041829107,1.3639657812649575,0.5962202890808133,1.1373060186469357,-0.2234868929434656,1.4561690609711522,1.7015426080271017,447,0.4555494104838231,1,217
RG3_L_000569,569,-0.029099449053866445,0.8385523411322893,-0.4914975187980172,-0.846821542506724,-1.8067254988278127,-1.1144367268032296,0.5883674005367534,0.0,-0.9522929891607599,0.6771090687267264,-0.4217977735906751,0.547517855938155,0.9161276312580487,1.7808493492241462,1.483119011634211,0.7958801346144643,-0.7385359164975585,0.919807940240567,1.3639657812649575,0.5962202890808133,-1.3484852595196537,-0.12180903031383264,1.4561690609711522,1.7015426080271017,455,0.4554583086823454,0,218
RG3_L_000077,77,-0.029099449053866445,-1.1925314031676417,-0.04253793108057046,-0.2987077097782125,-0.38678982241038173,0.48032590666785163,0.5883674005367534,0.0,0.6176451529252976,0.6771090687267264,1.1169829930268504,-0.10880187181629318,-0.7646862933599895,-1.3302495473813911,-1.5393736290920372,-1.535053123118236,-0.9808971328166136,-1.8459536281514861,-0.09850693514938538,-0.9711480314604819,-1.3484852595196537,0.28491017772836064,-0.9660378861171952,-0.9690817819796572,62,0.45533698863415295,0,219
RG3_L_000405,405,-0.029099449053866445,0.8385523411322893,-0.7159559050853255,-0.2987077097782125,-0.38678982241038173,-1.1144367268032296,0.5883674005367534,0.0,-0.9522929891607599,-0.6657520460385278,2.655763759644376,1.203937739304957,0.7060278943785975,0.5364169113222037,0.08812513719278957,0.7958801346144643,-0.49617470017850324,1.2271356218933003,-0.8297432933565567,-0.030765304963843006,0.6401932792113381,-1.6470002423293113,-0.8235546449399185,-0.6049067812370027,325,0.4550389776253818,1,220
RG3_L_000419,419,-0.029099449053866445,-1.1925314031676417,-0.9404356989440489,0.24951068491762612,-0.38678982241038173,0.48032590666785163,-0.19292753629832982,0.0,0.6176451529252976,-0.6657520460385278,-0.4217977735906751,-1.4216416385498971,-0.5545865564805381,-0.7080273944801929,-0.3768757773392685,0.5628437163914318,-1.223184390876188,0.3052463601763737,-0.5372308976235367,0.28272749205848513,2.1316073578476646,-0.3251647555730986,1.028719337439322,0.9731902911736049,336,0.4549790054651946,0,221
RG3_L_000412,412,-0.029099449053866445,-1.1925314031676417,-0.4914975187980172,0.24951068491762612,-0.38678982241038173,0.48032590666785163,-0.19292753629832982,0.0,-0.16738380741894748,-0.6657520460385278,-1.9605785402082005,-0.7652217551830952,-0.1343870827216355,-0.7080273944801929,-0.14437975465061584,-0.8357304651357478,-1.465545607195243,-0.3094090031290929,-0.8297432933565567,-0.9711480314604819,0.1430046794462067,-1.5453223796996782,-0.6810714037626417,-0.36212190382977455,329,0.45485408195231364,0,222
RG3_L_000365,365,-0.029099449053866445,0.8385523411322893,-0.2670177249392938,0.24951068491762612,-0.38678982241038173,-0.31705541006768895,-0.19292753629832982,0.0,-0.16738380741894748,0.6771090687267264,-0.4217977735906751,-0.10880187181629318,0.07572868374024348,0.5364169113222037,0.5531171825700949,-0.1364789415910565,0.9579186394763469,1.5344633035460336,0.3402616584501448,1.2231102185551241,-1.3484852595196537,-2.1553973130011377,-1.5359681331845165,-1.2118666593868854,291,0.45484119481419605,0,223
RG3_L_000342,342,-0.029099449053866445,0.8385523411322893,0.1819418627781529,0.24951068491762612,-0.38678982241038173,-1.1144367268032296,1.3696623373718366,0.0,-0.9522929891607599,0.6771090687267264,1.1169829930268504,1.203937739304957,0.9161276312580487,-0.08580524157899463,-0.14437975465061584,0.09662861106977294,-0.011452267540392873,-0.0020813214763596324,-0.24471850189051658,-0.34425810198617113,-0.3541839203189247,-0.9352474463982191,-1.963415139074561,-1.454649221425926,276,0.4546958578712248,0,224
RG3_L_000473,473,-0.029099449053866445,-1.1925314031676417,-1.1649154928027723,0.24951068491762612,-0.38678982241038173,0.48032590666785163,0.5883674005367534,0.0,-0.16738380741894748,0.6771090687267264,-0.4217977735906751,-0.7652217551830952,-0.1343870827216355,-0.3969103840793668,-0.14437975465061584,-1.3019455704574068,-0.2538134838594481,1.8417909851987668,-0.09850693514938538,-0.6577508990084993,0.6401932792113381,-0.5285282383560259,1.4561690609711522,1.4587577306198736,382,0.45468356412691885,0,225
RG3_L_000149,149,-0.029099449053866445,0.8385523411322893,1.7532576046463864,0.24951068491762612,1.0330781477474453,-0.31705541006768895,-0.974520563532816,0.0,0.6176451529252976,-0.6657520460385278,-0.4217977735906751,-0.10880187181629318,-0.5545865564805381,-1.019132536980565,-1.3068776064033847,0.5628437163914318,0.9579186394763469,-0.3094090031290929,-1.268467255830708,3.1039713361187475,-0.3541839203189247,0.6916293857705539,-0.39610763904987395,-0.4835143425333886,122,0.4546693851657594,0,226
RG3_L_000161,161,-0.029099449053866445,0.8385523411322893,0.6308800429241845,-0.846821542506724,1.0330781477474453,0.48032590666785163,-0.19292753629832982,0.0,0.6176451529252976,-0.6657520460385278,-0.4217977735906751,0.547517855938155,-0.1343870827216355,0.5364169113222037,1.018118097102153,-1.0688380177965773,-0.9808971328166136,0.3052463601763737,1.8027343748644875,0.28272749205848513,0.6401932792113381,0.6916293857705539,-0.2536243978725972,-0.36212190382977455,134,0.4544902865106657,1,227
RG3_L_000248,248,-0.029099449053866445,0.8385523411322893,0.4064002490654612,0.24951068491762612,1.0330781477474453,-0.31705541006768895,-0.974520563532816,0.0,0.6176451529252976,2.0199701834919805,-0.4217977735906751,0.547517855938155,-0.3444868196010868,-0.3969103840793668,-0.3768757773392685,2.4275618688024734,-0.2538134838594481,1.2271356218933003,-1.122211057964198,-0.34425810198617113,-0.3541839203189247,0.9966629736594528,0.17382532565923292,-0.11933702642254647,203,0.4544895242406537,0,228
RG3_L_000122,122,-0.029099449053866445,-1.1925314031676417,0.4064002490654612,0.24951068491762612,-0.38678982241038173,1.2777072234033922,-0.19292753629832982,0.0,1.40255433466711,2.0199701834919805,1.1169829930268504,-1.4216416385498971,-0.9747860302394408,-0.3969103840793668,-0.609380669182674,0.7958801346144643,0.47319620683823654,-0.3094090031290929,1.3639657812649575,0.5962202890808133,-0.8512966597545222,0.28491017772836064,-0.8235546449399185,-0.8476893432760432,100,0.4544312524389252,1,229
RG3_L_000270,270,-0.029099449053866445,0.8385523411322893,-0.2670177249392938,0.24951068491762612,1.0330781477474453,0.48032590666785163,-1.7558155003678992,0.0,-0.16738380741894748,-0.6657520460385278,-0.4217977735906751,-0.10880187181629318,0.07572868374024348,1.158639064223402,1.018118097102153,-0.8357304651357478,-1.465545607195243,0.919807940240567,1.8027343748644875,-0.6577508990084993,-0.8512966597545222,0.8949851110298198,0.4587890903720008,0.002053096912880053,220,0.4544129150457137,0,230
RG3_L_000235,235,-0.029099449053866445,-1.1925314031676417,0.855359836782908,-0.2987077097782125,1.0330781477474453,1.2777072234033922,-0.974520563532816,0.0,1.40255433466711,2.0199701834919805,-0.4217977735906751,-0.7652217551830952,-0.7646862933599895,-0.7080273944801929,-0.609380669182674,-1.7680895413412685,1.200279855795402,-1.5386259464987528,0.3402616584501448,-0.34425810198617113,-0.8512966597545222,0.9966629736594528,0.17382532565923292,0.002053096912880053,191,0.4543685002626583,0,231
RG3_L_000461,461,-0.029099449053866445,0.8385523411322893,-0.7159559050853255,0.24951068491762612,-0.38678982241038173,-1.1144367268032296,1.3696623373718366,0.0,-0.9522929891607599,-0.6657520460385278,-0.4217977735906751,0.547517855938155,0.49592815749914615,0.8475220538225758,1.018118097102153,-2.467412199323757,-0.9808971328166136,-1.8459536281514861,0.9252418187908061,-0.6577508990084993,-1.3484852595196537,0.3865880403579936,1.028719337439322,1.0945827298772188,371,0.45429919477904473,0,232
RG3_L_000311,311,-0.029099449053866445,0.8385523411322893,-0.7159559050853255,0.24951068491762612,1.0330781477474453,0.48032590666785163,-0.974520563532816,0.0,0.6176451529252976,-0.6657520460385278,-1.9605785402082005,-0.10880187181629318,0.2858284206196948,-0.7080273944801929,-0.3768757773392685,-1.535053123118236,0.9579186394763469,-0.0020813214763596324,0.48651785631665484,0.9096174215327959,-2.3427865987203824,0.48826590298762657,0.6012723315492775,0.1234455356164941,252,0.4542722057155509,0,233
RG3_L_000221,221,-0.029099449053866445,0.8385523411322893,-0.4914975187980172,0.24951068491762612,1.0330781477474453,0.48032590666785163,-1.7558155003678992,0.0,-0.16738380741894748,-0.6657520460385278,-1.9605785402082005,-0.10880187181629318,-0.3444868196010868,-0.7080273944801929,-0.3768757773392685,0.09662861106977294,0.23083499051918135,-0.0020813214763596324,-0.8297432933565567,-0.6577508990084993,2.1316073578476646,0.8949851110298198,0.31630584919472404,0.002053096912880053,182,0.45420489712954615,0,234
RG3_L_000275,275,-0.029099449053866445,-1.1925314031676417,0.6308800429241845,0.24951068491762612,1.0330781477474453,0.48032590666785163,-0.974520563532816,0.0,0.6176451529252976,-0.6657520460385278,-0.4217977735906751,-0.7652217551830952,0.07572868374024348,-0.7080273944801929,-0.609380669182674,-2.467412199323757,0.9579186394763469,-2.1532813098042194,-0.8297432933565567,1.5366030155774522,-0.3541839203189247,0.18323231509872764,0.4587890903720008,0.24483797432010815,223,0.45402059326533345,1,235
RG3_L_000470,470,-0.029099449053866445,0.8385523411322893,-1.1649154928027723,-0.2987077097782125,-0.38678982241038173,-0.31705541006768895,0.5883674005367534,0.0,-0.16738380741894748,0.6771090687267264,-0.4217977735906751,0.547517855938155,0.2858284206196948,1.469744206723774,1.483119011634211,-3.166663722868448,1.200279855795402,-0.0020813214763596324,0.9252418187908061,-0.6577508990084993,-0.3541839203189247,-0.5285282383560259,1.1712025786165987,1.3373652919162595,379,0.4539447571793861,0,236
RG3_L_000488,488,-0.029099449053866445,0.8385523411322893,-0.4914975187980172,0.24951068491762612,-0.38678982241038173,0.48032590666785163,2.151255364606323,0.0,-0.16738380741894748,0.6771090687267264,1.1169829930268504,0.547517855938155,0.07572868374024348,0.5364169113222037,0.5531171825700949,0.09662861106977294,-1.223184390876188,0.919807940240567,0.9252418187908061,0.28272749205848513,0.6401932792113381,-1.1386031716574851,1.028719337439322,1.2159728532126455,392,0.45377936348333364,0,237
RG3_L_000535,535,-0.029099449053866445,0.8385523411322893,-0.9404356989440489,-0.846821542506724,-1.8067254988278127,0.48032590666785163,0.5883674005367534,0.0,-0.16738380741894748,-0.6657520460385278,-0.4217977735906751,-0.10880187181629318,-0.3444868196010868,-0.3969103840793668,0.32062115988144224,-1.3019455704574068,1.4425671138549763,-0.0020813214763596324,0.04774926271712467,-0.6577508990084993,1.1373060186469357,-0.3251647555730986,1.3136858197938754,1.3373652919162595,426,0.4535439101100342,0,238
RG3_L_000194,194,-0.029099449053866445,0.8385523411322893,1.3042980169289395,0.24951068491762612,1.0330781477474453,0.48032590666785163,0.5883674005367534,0.0,0.6176451529252976,0.6771090687267264,-0.4217977735906751,-0.10880187181629318,-0.5545865564805381,-1.019132536980565,-1.0743727145599793,1.4952027925969524,-1.9502680398333534,1.5344633035460336,-1.4147234536972182,0.5962202890808133,0.1430046794462067,0.6916293857705539,0.03134208448195622,-0.11933702642254647,162,0.453456980214494,0,239
RG3_L_000215,215,-0.029099449053866445,0.8385523411322893,-0.04253793108057046,0.24951068491762612,1.0330781477474453,-0.31705541006768895,-0.974520563532816,0.0,-0.16738380741894748,-0.6657520460385278,2.655763759644376,0.547517855938155,-0.1343870827216355,0.22529990092137753,-0.3768757773392685,-1.7680895413412685,1.200279855795402,-1.2312982648460196,1.2177542145238263,-0.9711480314604819,0.6401932792113381,0.7933072484001868,0.17382532565923292,-0.11933702642254647,178,0.45332790521497424,0,240
RG3_L_000159,159,-0.029099449053866445,0.8385523411322893,-0.7159559050853255,0.24951068491762612,1.0330781477474453,0.48032590666785163,-1.7558155003678992,0.0,0.6176451529252976,0.6771090687267264,1.1169829930268504,-0.7652217551830952,-0.1343870827216355,0.22529990092137753,-0.14437975465061584,0.09662861106977294,1.200279855795402,1.8417909851987668,0.9252418187908061,-1.9116264225274664,1.1373060186469357,0.48826590298762657,-0.2536243978725972,-0.4835143425333886,132,0.4531392258639212,0,241
RG3_L_000019,19,-0.029099449053866445,-1.1925314031676417,0.1819418627781529,-0.024546231446629645,1.0330781477474453,1.2777072234033922,-1.7558155003678992,0.0,0.6176451529252976,0.6771090687267264,1.1169829930268504,-1.4216416385498971,-0.1343870827216355,0.22529990092137753,-0.3768757773392685,1.0289876872752937,-0.011452267540392873,-0.0020813214763596324,-0.24471850189051658,-0.030765304963843006,0.1430046794462067,0.3865880403579936,-1.6784513743617933,-1.57604166012954,15,0.4528817412669315,0,242
RG3_L_000102,102,-0.029099449053866445,-1.1925314031676417,-0.4914975187980172,0.24951068491762612,-0.38678982241038173,0.48032590666785163,0.5883674005367534,0.0,0.6176451529252976,-0.6657520460385278,1.1169829930268504,-1.4216416385498971,-0.3444868196010868,0.5364169113222037,0.32062115988144224,1.4952027925969524,-1.465545607195243,-0.0020813214763596324,1.6564781769979775,-0.34425810198617113,0.1430046794462067,1.2000264564423802,-0.8235546449399185,-0.8476893432760432,84,0.4526992843588498,1,243
RG3_L_000011,11,-0.029099449053866445,-1.1925314031676417,2.202217192363833,0.24951068491762612,1.0330781477474453,1.2777072234033922,-0.19292753629832982,0.0,1.40255433466711,0.6771090687267264,1.1169829930268504,-0.7652217551830952,-0.1343870827216355,-0.08580524157899463,-0.3768757773392685,0.3297361637306024,0.23083499051918135,0.3052463601763737,0.9252418187908061,0.5962202890808133,-0.8512966597545222,0.28491017772836064,-1.6784513743617933,-1.818826537536768,9,0.4526654171530127,0,244
RG3_L_000060,60,-0.029099449053866445,-1.1925314031676417,-0.04253793108057046,0.24951068491762612,-0.38678982241038173,0.48032590666785163,1.3696623373718366,0.0,0.6176451529252976,2.0199701834919805,-0.4217977735906751,-0.10880187181629318,-0.3444868196010868,-1.3302495473813911,-1.3068776064033847,1.0289876872752937,-0.011452267540392873,-1.2312982648460196,-1.122211057964198,-0.6577508990084993,-0.8512966597545222,0.3865880403579936,-0.9660378861171952,-0.9690817819796572,48,0.4522542391937064,0,245
RG3_L_000069,69,-0.029099449053866445,-1.1925314031676417,1.0798396306416314,0.24951068491762612,-0.38678982241038173,0.48032590666785163,1.3696623373718366,0.0,1.40255433466711,0.6771090687267264,-0.4217977735906751,-0.10880187181629318,-0.5545865564805381,-1.019132536980565,-0.8418766918713266,0.3297361637306024,1.6849283301740314,-1.5386259464987528,-0.975954860097688,-0.030765304963843006,-1.3484852595196537,0.48826590298762657,-1.108521127294472,-1.0904742206832714,55,0.4519755193991846,0,246
RG3_L_000312,312,-0.029099449053866445,0.8385523411322893,-0.4914975187980172,0.24951068491762612,1.0330781477474453,-0.31705541006768895,-0.19292753629832982,0.0,-0.16738380741894748,-0.6657520460385278,-0.4217977735906751,0.547517855938155,0.2858284206196948,-0.08580524157899463,-0.14437975465061584,0.7958801346144643,0.23083499051918135,0.919807940240567,1.2177542145238263,1.8500958125997804,-2.3427865987203824,1.606737906960912,0.4587890903720008,0.1234455356164941,253,0.4517159001653369,0,247
RG3_L_000583,583,-0.029099449053866445,0.8385523411322893,-0.7159559050853255,-0.2987077097782125,-1.8067254988278127,-0.31705541006768895,0.5883674005367534,0.0,-0.16738380741894748,-0.6657520460385278,-0.4217977735906751,-0.10880187181629318,0.2858284206196948,-0.3969103840793668,-0.14437975465061584,-1.3019455704574068,-1.223184390876188,-0.3094090031290929,-0.8297432933565567,-1.2846408284828101,1.1373060186469357,-0.12180903031383264,1.598652302148429,1.5801501693234876,466,0.4515058465574352,0,248
RG3_L_000056,56,-0.029099449053866445,-1.1925314031676417,1.7532576046463864,0.24951068491762612,-0.38678982241038173,0.48032590666785163,1.3696623373718366,0.0,0.6176451529252976,0.6771090687267264,-0.4217977735906751,0.547517855938155,0.2858284206196948,0.5364169113222037,0.5531171825700949,0.5628437163914318,-0.49617470017850324,1.8417909851987668,1.0714980166573163,1.2231102185551241,0.6401932792113381,0.0815466949454333,-0.8235546449399185,-0.8476893432760432,45,0.4513101575260547,0,249
RG3_L_000026,26,-0.029099449053866445,-1.1925314031676417,1.3042980169289395,0.24951068491762612,1.0330781477474453,1.2777072234033922,1.3696623373718366,0.0,1.40255433466711,0.6771090687267264,1.1169829930268504,-0.7652217551830952,-0.5545865564805381,0.22529990092137753,-0.14437975465061584,-0.6026229124749184,-1.223184390876188,-0.0020813214763596324,0.04774926271712467,0.9096174215327959,-0.8512966597545222,0.18323231509872764,-1.6784513743617933,-1.697434098833154,20,0.4512306091963185,0,250
RG3_L_000244,244,-0.029099449053866445,-1.1925314031676417,0.1819418627781529,0.24951068491762612,1.0330781477474453,0.48032590666785163,-0.974520563532816,0.0,0.6176451529252976,-0.6657520460385278,1.1169829930268504,-0.7652217551830952,-0.9747860302394408,-0.3969103840793668,-0.14437975465061584,-1.535053123118236,1.200279855795402,-1.8459536281514861,0.19400546058363471,1.2231102185551241,1.1373060186469357,1.0983408362890856,0.17382532565923292,-0.11933702642254647,199,0.4507674508382891,0,251
RG3_L_000057,57,-0.029099449053866445,-1.1925314031676417,0.6308800429241845,-0.2987077097782125,-0.38678982241038173,0.48032590666785163,-0.19292753629832982,0.0,1.40255433466711,2.0199701834919805,-0.4217977735906751,-0.7652217551830952,-0.1343870827216355,-0.08580524157899463,-0.3768757773392685,1.4952027925969524,0.47319620683823654,0.3052463601763737,0.9252418187908061,0.5962202890808133,0.6401932792113381,0.7933072484001868,-0.9660378861171952,-0.9690817819796572,46,0.4507629717170041,0,252
RG3_L_000204,204,-0.029099449053866445,-1.1925314031676417,0.4064002490654612,0.24951068491762612,1.0330781477474453,0.48032590666785163,-1.7558155003678992,0.0,0.6176451529252976,-2.0085875478583746,-0.4217977735906751,-0.7652217551830952,-0.3444868196010868,-1.3302495473813911,-1.0743727145599793,-0.1364789415910565,-0.011452267540392873,0.612574041829107,-0.6834870954900467,-0.030765304963843006,1.634494618412067,-0.2234868929434656,0.17382532565923292,-0.11933702642254647,168,0.4507068445814907,0,253
RG3_L_000434,434,-0.029099449053866445,0.8385523411322893,-2.511751440812282,-0.2987077097782125,-0.38678982241038173,-1.1144367268032296,0.5883674005367534,0.0,-0.9522929891607599,-0.6657520460385278,-0.4217977735906751,1.203937739304957,0.7060278943785975,1.469744206723774,1.7156150343228638,-0.36958649425188594,-0.49617470017850324,1.2271356218933003,1.2177542145238263,0.5962202890808133,-0.3541839203189247,-0.9352474463982191,0.886238813903831,1.2159728532126455,348,0.45068583628840114,0,254
RG3_L_000391,391,-0.029099449053866445,0.8385523411322893,-0.7159559050853255,0.24951068491762612,-0.38678982241038173,-1.1144367268032296,-0.19292753629832982,0.0,-0.9522929891607599,0.6771090687267264,-0.4217977735906751,0.547517855938155,0.7060278943785975,1.469744206723774,1.2506229889455585,-1.0688380177965773,-1.7079068235142982,-0.0020813214763596324,0.3402616584501448,-0.34425810198617113,1.1373060186469357,-2.3587569170222342,-0.8235546449399185,-0.6049067812370027,314,0.45058052338354676,0,255
RG3_L_000097,97,-0.029099449053866445,-1.1925314031676417,0.6308800429241845,0.24951068491762612,-0.38678982241038173,1.2777072234033922,-0.19292753629832982,0.0,1.40255433466711,-0.6657520460385278,-0.4217977735906751,-1.4216416385498971,-0.7646862933599895,-1.6413546898817633,-1.5393736290920372,-0.36958649425188594,-0.9808971328166136,-0.9239705831932862,-1.9997036140378794,-0.9711480314604819,1.1373060186469357,0.48826590298762657,-0.8235546449399185,-0.8476893432760432,79,0.4502554703913345,0,256
RG3_L_000457,457,-0.029099449053866445,0.8385523411322893,-0.9404356989440489,0.24951068491762612,-0.38678982241038173,-0.31705541006768895,0.5883674005367534,0.0,-0.16738380741894748,-2.0085875478583746,-0.4217977735906751,-0.10880187181629318,0.7060278943785975,0.22529990092137753,0.32062115988144224,-0.36958649425188594,0.9579186394763469,-0.0020813214763596324,-1.8534474161713694,1.5366030155774522,-0.8512966597545222,-0.6302061009856589,0.886238813903831,1.0945827298772188,367,0.4498929150734597,0,257
RG3_L_000079,79,-0.029099449053866445,-1.1925314031676417,1.7532576046463864,0.24951068491762612,-0.38678982241038173,0.48032590666785163,-0.19292753629832982,0.0,0.6176451529252976,-0.6657520460385278,1.1169829930268504,-0.10880187181629318,-0.1343870827216355,-1.019132536980565,-1.3068776064033847,0.7958801346144643,-0.9808971328166136,-0.3094090031290929,-1.7071912183048594,2.7904785390964193,0.1430046794462067,0.0815466949454333,-1.108521127294472,-0.9690817819796572,64,0.4497355648010361,0,258
RG3_L_000242,242,-0.029099449053866445,0.8385523411322893,-0.04253793108057046,0.24951068491762612,1.0330781477474453,-0.31705541006768895,-0.974520563532816,0.0,-0.16738380741894748,2.0199701834919805,-0.4217977735906751,-0.10880187181629318,0.07572868374024348,0.5364169113222037,0.5531171825700949,-1.535053123118236,0.9579186394763469,-1.8459536281514861,1.2177542145238263,-0.6577508990084993,-0.8512966597545222,1.2000264564423802,0.17382532565923292,0.002053096912880053,198,0.4495635161860285,0,259
RG3_L_000418,418,-0.029099449053866445,-1.1925314031676417,-0.9404356989440489,-0.846821542506724,-0.38678982241038173,0.48032590666785163,-0.19292753629832982,0.0,-0.16738380741894748,0.6771090687267264,-0.4217977735906751,-0.10880187181629318,-0.5545865564805381,-0.08580524157899463,0.08812513719278957,-0.6026229124749184,0.47319620683823654,-1.8459536281514861,0.3402616584501448,-0.030765304963843006,0.1430046794462067,-0.020131167684199668,1.028719337439322,0.9731902911736049,335,0.4495443089544827,0,260
RG3_L_000386,386,-0.029099449053866445,0.8385523411322893,1.0798396306416314,-0.846821542506724,-0.38678982241038173,-1.1144367268032296,-0.19292753629832982,0.0,-0.9522929891607599,-0.6657520460385278,-0.4217977735906751,1.203937739304957,0.7060278943785975,0.8475220538225758,0.7856220744135003,-1.3019455704574068,-0.7385359164975585,-1.2312982648460196,-0.8297432933565567,-1.5981336255051382,0.1430046794462067,-1.240281034287118,-0.8235546449399185,-0.6049067812370027,310,0.4491725784861451,0,261
RG3_L_000376,376,-0.029099449053866445,0.8385523411322893,-0.04253793108057046,-0.846821542506724,-0.38678982241038173,-0.31705541006768895,-0.19292753629832982,0.0,-0.9522929891607599,-2.0085875478583746,-0.4217977735906751,0.547517855938155,0.49592815749914615,-0.08580524157899463,0.32062115988144224,1.728310345257782,0.23083499051918135,0.3052463601763737,-0.6834870954900467,-0.030765304963843006,0.1430046794462067,-1.4436445170700454,-1.251001650829963,-0.7262969045724291,301,0.4490767563320097,0,262
RG3_L_000372,372,-0.029099449053866445,0.8385523411322893,-0.2670177249392938,0.24951068491762612,-0.38678982241038173,-1.1144367268032296,-0.19292753629832982,0.0,-1.737321949505005,-0.6657520460385278,1.1169829930268504,1.203937739304957,0.9161276312580487,0.22529990092137753,0.08812513719278957,0.3297361637306024,-1.223184390876188,0.612574041829107,0.48651785631665484,1.2231102185551241,0.6401932792113381,-1.8503598463504078,-1.251001650829963,-0.8476893432760432,297,0.44907302828374696,0,263
RG3_L_000016,16,-0.029099449053866445,-1.1925314031676417,1.7532576046463864,0.24951068491762612,1.0330781477474453,2.0750885401389327,-0.19292753629832982,0.0,1.40255433466711,0.6771090687267264,-0.4217977735906751,-1.4216416385498971,-0.5545865564805381,-0.7080273944801929,-0.8418766918713266,0.3297361637306024,-0.9808971328166136,-0.3094090031290929,-0.975954860097688,-0.34425810198617113,0.1430046794462067,0.3865880403579936,-1.6784513743617933,-1.697434098833154,12,0.4488153444316288,0,264
RG3_L_000238,238,-0.029099449053866445,0.8385523411322893,1.5287778107876628,0.24951068491762612,1.0330781477474453,-0.31705541006768895,-0.974520563532816,0.0,-0.16738380741894748,-0.6657520460385278,-0.4217977735906751,0.547517855938155,-0.1343870827216355,-1.3302495473813911,-1.0743727145599793,-0.1364789415910565,-0.011452267540392873,1.8417909851987668,-1.9997036140378794,0.5962202890808133,-0.8512966597545222,0.8949851110298198,0.31630584919472404,0.002053096912880053,194,0.4487565915591619,0,265
RG3_L_000307,307,-0.029099449053866445,-1.1925314031676417,-0.04253793108057046,-0.2987077097782125,1.0330781477474453,1.2777072234033922,-0.974520563532816,0.0,1.40255433466711,2.0199701834919805,-0.4217977735906751,-2.0779613663043452,-0.7646862933599895,-0.7080273944801929,-0.609380669182674,-0.6026229124749184,-1.223184390876188,-0.0020813214763596324,0.632729423057786,0.28272749205848513,-0.3541839203189247,-0.020131167684199668,0.31630584919472404,0.002053096912880053,249,0.44844705810261004,0,266
RG3_L_000333,333,-0.029099449053866445,-1.1925314031676417,1.0798396306416314,0.24951068491762612,1.0330781477474453,1.2777072234033922,-0.974520563532816,0.0,1.40255433466711,-0.6657520460385278,-0.4217977735906751,-0.7652217551830952,-0.5545865564805381,-0.08580524157899463,-0.14437975465061584,0.09662861106977294,-0.7385359164975585,0.612574041829107,1.6564781769979775,0.28272749205848513,2.1316073578476646,0.9966629736594528,0.31630584919472404,0.002053096912880053,268,0.4484076422087088,0,267
RG3_L_000093,93,-0.029099449053866445,-1.1925314031676417,-0.4914975187980172,0.24951068491762612,-0.38678982241038173,0.48032590666785163,-0.19292753629832982,0.0,0.6176451529252976,0.6771090687267264,-0.4217977735906751,-0.7652217551830952,0.07572868374024348,0.5364169113222037,0.32062115988144224,1.2620952399361232,-1.223184390876188,1.8417909851987668,1.3639657812649575,-0.030765304963843006,1.1373060186469357,1.301704319072013,-0.8235546449399185,-0.9690817819796572,76,0.448406931757539,0,268
RG3_L_000142,142,-0.029099449053866445,-1.1925314031676417,0.1819418627781529,-0.846821542506724,-0.38678982241038173,0.48032590666785163,0.5883674005367534,0.0,0.6176451529252976,-0.6657520460385278,-0.4217977735906751,-0.10880187181629318,-0.5545865564805381,-1.019132536980565,-0.8418766918713266,-1.535053123118236,0.47319620683823654,-0.0020813214763596324,-1.122211057964198,2.1635886096221086,-1.8455979989552511,0.28491017772836064,-0.6810714037626417,-0.6049067812370027,116,0.44834972195309886,0,269
RG3_L_000118,118,-0.029099449053866445,-1.1925314031676417,0.6308800429241845,0.24951068491762612,-0.38678982241038173,0.48032590666785163,-0.19292753629832982,0.0,0.6176451529252976,0.6771090687267264,2.655763759644376,-0.10880187181629318,-0.1343870827216355,-0.7080273944801929,-1.3068776064033847,-1.0688380177965773,-0.7385359164975585,-1.8459536281514861,-0.24471850189051658,-0.34425810198617113,0.1430046794462067,0.6916293857705539,-0.8235546449399185,-0.8476893432760432,96,0.4481950065737914,0,270
RG3_L_000336,336,-0.029099449053866445,-1.1925314031676417,-0.04253793108057046,0.24951068491762612,1.0330781477474453,0.48032590666785163,-0.974520563532816,0.0,1.40255433466711,2.0199701834919805,-0.4217977735906751,-0.7652217551830952,-0.7646862933599895,-1.6413546898817633,-1.5393736290920372,0.3297361637306024,-0.7385359164975585,-0.3094090031290929,-1.7071912183048594,1.2231102185551241,1.1373060186469357,0.7933072484001868,0.31630584919472404,0.002053096912880053,271,0.44811573745094857,0,271
RG3_L_000543,543,-0.029099449053866445,0.8385523411322893,-0.4914975187980172,0.24951068491762612,-0.38678982241038173,-0.31705541006768895,1.3696623373718366,0.0,-0.9522929891607599,0.6771090687267264,-1.9605785402082005,0.547517855938155,0.2858284206196948,0.8475220538225758,1.2506229889455585,0.09662861106977294,1.200279855795402,0.3052463601763737,1.0714980166573163,-0.030765304963843006,-1.3484852595196537,0.6916293857705539,1.3136858197938754,1.4587577306198736,432,0.4481147528633665,0,272
RG3_L_000534,534,-0.029099449053866445,-1.1925314031676417,-0.9404356989440489,0.24951068491762612,-0.38678982241038173,0.48032590666785163,0.5883674005367534,0.0,-0.16738380741894748,-2.0085875478583746,1.1169829930268504,-0.7652217551830952,-0.1343870827216355,0.22529990092137753,0.32062115988144224,-0.1364789415910565,-0.2538134838594481,-0.0020813214763596324,0.778985620924296,-0.030765304963843006,-0.3541839203189247,-0.3251647555730986,1.1712025786165987,1.3373652919162595,425,0.4478621223521885,0,273
RG3_L_000198,198,-0.029099449053866445,-1.1925314031676417,-0.4914975187980172,0.24951068491762612,1.0330781477474453,1.2777072234033922,0.5883674005367534,0.0,0.6176451529252976,-0.6657520460385278,-0.4217977735906751,-0.7652217551830952,-0.5545865564805381,-0.7080273944801929,-0.3768757773392685,-1.3019455704574068,1.4425671138549763,0.3052463601763737,1.5102219791314675,-0.34425810198617113,-1.3484852595196537,1.505060044331279,0.17382532565923292,0.002053096912880053,165,0.44781458168533633,0,274
RG3_L_000505,505,-0.029099449053866445,0.8385523411322893,-1.3893952866614956,0.24951068491762612,-1.8067254988278127,-1.1144367268032296,0.5883674005367534,0.0,-1.737321949505005,0.6771090687267264,-0.4217977735906751,1.203937739304957,0.9161276312580487,1.7808493492241462,1.9481199261662692,-0.36958649425188594,0.47319620683823654,-0.0020813214763596324,0.9252418187908061,-0.6577508990084993,-0.3541839203189247,-1.1386031716574851,1.028719337439322,1.2159728532126455,404,0.44762420041720563,0,275
RG3_L_000404,404,-0.029099449053866445,0.8385523411322893,-0.04253793108057046,0.24951068491762612,-0.38678982241038173,-0.31705541006768895,-0.19292753629832982,0.0,-0.16738380741894748,-0.6657520460385278,1.1169829930268504,-0.10880187181629318,0.49592815749914615,0.5364169113222037,0.32062115988144224,0.7958801346144643,1.4425671138549763,-1.8459536281514861,-1.122211057964198,-0.6577508990084993,1.1373060186469357,-1.6470002423293113,-0.8235546449399185,-0.4835143425333886,324,0.4476191375352709,0,276
RG3_L_000184,184,-0.029099449053866445,0.8385523411322893,0.6308800429241845,0.24951068491762612,1.0330781477474453,-0.31705541006768895,-0.974520563532816,0.0,-0.16738380741894748,0.6771090687267264,1.1169829930268504,-0.10880187181629318,0.07572868374024348,-0.7080273944801929,-1.0743727145599793,1.728310345257782,-1.7079068235142982,1.2271356218933003,-1.4147234536972182,-0.34425810198617113,0.6401932792113381,-0.2234868929434656,0.03134208448195622,-0.11933702642254647,152,0.4474772175620695,0,277
RG3_L_000292,292,-0.029099449053866445,0.8385523411322893,-0.2670177249392938,0.24951068491762612,1.0330781477474453,-0.31705541006768895,-0.19292753629832982,0.0,0.6176451529252976,2.0199701834919805,-0.4217977735906751,0.547517855938155,-0.3444868196010868,-1.3302495473813911,-1.0743727145599793,0.3297361637306024,-0.2538134838594481,-1.5386259464987528,-0.975954860097688,-0.9711480314604819,0.1430046794462067,1.301704319072013,0.31630584919472404,0.1234455356164941,236,0.4474269011679782,0,278
RG3_L_000518,518,-0.029099449053866445,0.8385523411322893,-0.04253793108057046,0.24951068491762612,-1.8067254988278127,-1.1144367268032296,-0.19292753629832982,0.0,-0.9522929891607599,2.0199701834919805,-0.4217977735906751,0.547517855938155,0.2858284206196948,0.5364169113222037,0.5531171825700949,0.3297361637306024,0.23083499051918135,0.919807940240567,-0.6834870954900467,0.9096174215327959,-0.3541839203189247,-0.4268503757263929,1.1712025786165987,1.3373652919162595,413,0.44732119244827306,0,279
RG3_L_000220,220,-0.029099449053866445,-1.1925314031676417,-0.7159559050853255,-0.2987077097782125,1.0330781477474453,0.48032590666785163,-0.974520563532816,0.0,1.40255433466711,-0.6657520460385278,-0.4217977735906751,-1.4216416385498971,-0.5545865564805381,-1.019132536980565,-0.609380669182674,0.5628437163914318,0.7155574231572918,2.4563525652629603,-1.268467255830708,-0.34425810198617113,1.1373060186469357,0.8949851110298198,0.31630584919472404,0.002053096912880053,181,0.44731722406062596,0,280
RG3_L_000148,148,-0.029099449053866445,-1.1925314031676417,1.0798396306416314,-0.2987077097782125,1.0330781477474453,0.48032590666785163,-0.19292753629832982,0.0,0.6176451529252976,-0.6657520460385278,-1.9605785402082005,-0.10880187181629318,-0.7646862933599895,-1.3302495473813911,-0.8418766918713266,1.4952027925969524,-0.49617470017850324,0.612574041829107,-1.122211057964198,-0.9711480314604819,0.1430046794462067,0.6916293857705539,-0.2536243978725972,-0.4835143425333886,121,0.44730744808750816,0,281
RG3_L_000107,107,-0.029099449053866445,0.8385523411322893,2.6511553725098644,-0.846821542506724,-0.38678982241038173,-0.31705541006768895,0.5883674005367534,0.0,-0.16738380741894748,-0.6657520460385278,-0.4217977735906751,1.203937739304957,0.07572868374024348,-0.3969103840793668,-0.3768757773392685,0.5628437163914318,0.23083499051918135,-0.3094090031290929,-1.268467255830708,-0.030765304963843006,-0.3541839203189247,-0.5285282383560259,-1.108521127294472,-0.9690817819796572,87,0.4467832310193578,0,282
RG3_L_000481,481,-0.029099449053866445,0.8385523411322893,-0.9404356989440489,-0.2987077097782125,-0.38678982241038173,-1.1144367268032296,1.3696623373718366,0.0,-0.9522929891607599,0.6771090687267264,-1.9605785402082005,0.547517855938155,0.07572868374024348,-0.08580524157899463,0.32062115988144224,0.5628437163914318,0.9579186394763469,0.919807940240567,-0.8297432933565567,-0.030765304963843006,0.6401932792113381,-0.6302061009856589,1.028719337439322,1.3373652919162595,386,0.4467649643200233,0,283
RG3_L_000193,193,-0.029099449053866445,-1.1925314031676417,1.0798396306416314,0.24951068491762612,1.0330781477474453,0.48032590666785163,-0.974520563532816,0.0,0.6176451529252976,0.6771090687267264,-0.4217977735906751,-0.10880187181629318,-0.5545865564805381,-1.9524598323821356,-1.7718785209354428,1.0289876872752937,-0.7385359164975585,0.3052463601763737,-2.2922160097708995,0.9096174215327959,1.1373060186469357,0.8949851110298198,0.03134208448195622,-0.11933702642254647,161,0.44675882528766864,0,284
RG3_L_000538,538,-0.029099449053866445,0.8385523411322893,-0.7159559050853255,-1.3950399372025626,-1.8067254988278127,-0.31705541006768895,0.5883674005367534,0.0,-0.9522929891607599,0.6771090687267264,-0.4217977735906751,-0.10880187181629318,0.49592815749914615,-0.08580524157899463,0.08812513719278957,1.728310345257782,0.23083499051918135,0.612574041829107,-1.4147234536972182,0.28272749205848513,0.6401932792113381,-0.2234868929434656,1.3136858197938754,1.4587577306198736,428,0.4465978361627107,0,285
RG3_L_000175,175,-0.029099449053866445,0.8385523411322893,-0.2670177249392938,-0.2987077097782125,1.0330781477474453,0.48032590666785163,-1.7558155003678992,0.0,0.6176451529252976,0.6771090687267264,1.1169829930268504,-0.10880187181629318,-0.1343870827216355,-0.7080273944801929,-1.0743727145599793,1.2620952399361232,1.4425671138549763,1.2271356218933003,-1.268467255830708,-0.34425810198617113,1.1373060186469357,0.18323231509872764,0.03134208448195622,-0.2407294651261605,144,0.4465180226350198,0,286
RG3_L_000208,208,-0.029099449053866445,-1.1925314031676417,-1.1649154928027723,0.24951068491762612,1.0330781477474453,1.2777072234033922,-0.974520563532816,0.0,1.40255433466711,-0.6657520460385278,1.1169829930268504,-2.0779613663043452,-0.9747860302394408,-0.7080273944801929,-0.8418766918713266,-0.6026229124749184,0.9579186394763469,0.3052463601763737,0.48651785631665484,-0.9711480314604819,1.1373060186469357,0.7933072484001868,0.17382532565923292,0.002053096912880053,172,0.446299564865488,0,287
RG3_L_000393,393,-0.029099449053866445,0.8385523411322893,-0.4914975187980172,-1.3950399372025626,-0.38678982241038173,-1.1144367268032296,0.5883674005367534,0.0,-0.9522929891607599,-0.6657520460385278,-0.4217977735906751,1.203937739304957,0.49592815749914615,0.8475220538225758,1.018118097102153,-1.0688380177965773,-0.2538134838594481,-0.0020813214763596324,-0.6834870954900467,-0.34425810198617113,-0.3541839203189247,-2.7654722463025965,-0.8235546449399185,-0.6049067812370027,316,0.4462452912640186,0,288
RG3_L_000325,325,-0.029099449053866445,-1.1925314031676417,-0.7159559050853255,0.24951068491762612,1.0330781477474453,1.2777072234033922,-0.974520563532816,0.0,1.40255433466711,0.6771090687267264,-0.4217977735906751,-0.7652217551830952,-1.1849017967013198,-0.7080273944801929,-0.3768757773392685,0.3297361637306024,1.6849283301740314,1.5344633035460336,0.19400546058363471,0.5962202890808133,1.1373060186469357,0.8949851110298198,0.4587890903720008,0.24483797432010815,262,0.44621689757697075,0,289
RG3_L_000411,411,-0.029099449053866445,-1.1925314031676417,-0.4914975187980172,0.24951068491762612,-0.38678982241038173,0.48032590666785163,-0.19292753629832982,0.0,-0.16738380741894748,-2.0085875478583746,1.1169829930268504,-0.10880187181629318,-0.3444868196010868,-0.08580524157899463,0.08812513719278957,-0.6026229124749184,-0.011452267540392873,-0.0020813214763596324,-0.39097469975702664,-0.34425810198617113,0.1430046794462067,-1.6470002423293113,-0.6810714037626417,-0.4835143425333886,328,0.44582645378916314,0,290
RG3_L_000121,121,-0.029099449053866445,-1.1925314031676417,0.1819418627781529,-0.846821542506724,-0.38678982241038173,0.48032590666785163,1.3696623373718366,0.0,0.6176451529252976,0.6771090687267264,1.1169829930268504,-0.10880187181629318,-0.3444868196010868,0.22529990092137753,-0.14437975465061584,-0.36958649425188594,-0.49617470017850324,0.3052463601763737,1.6564781769979775,1.2231102185551241,-0.3541839203189247,0.28491017772836064,-0.8235546449399185,-0.8476893432760432,99,0.44580308947994285,0,291
RG3_L_000297,297,-0.029099449053866445,-1.1925314031676417,0.855359836782908,0.24951068491762612,1.0330781477474453,0.48032590666785163,-0.974520563532816,0.0,0.6176451529252976,0.6771090687267264,-0.4217977735906751,-0.10880187181629318,-0.5545865564805381,0.22529990092137753,0.32062115988144224,2.194454316141644,0.9579186394763469,0.3052463601763737,1.0714980166573163,-0.030765304963843006,1.634494618412067,0.8949851110298198,0.4587890903720008,0.24483797432010815,240,0.4456676803655857,0,292
RG3_L_000075,75,-0.029099449053866445,-1.1925314031676417,0.4064002490654612,0.24951068491762612,-0.38678982241038173,0.48032590666785163,-0.19292753629832982,0.0,0.6176451529252976,-0.6657520460385278,-1.9605785402082005,-0.7652217551830952,-0.3444868196010868,0.22529990092137753,0.7856220744135003,1.4952027925969524,-1.223184390876188,0.3052463601763737,1.0714980166573163,-0.030765304963843006,0.1430046794462067,0.0815466949454333,-0.9660378861171952,-0.9690817819796572,60,0.4455707223824314,0,293
RG3_L_000460,460,-0.029099449053866445,0.8385523411322893,-0.7159559050853255,-0.2987077097782125,-0.38678982241038173,-1.1144367268032296,0.5883674005367534,0.0,-0.9522929891607599,0.6771090687267264,-1.9605785402082005,0.547517855938155,1.1262433977199278,1.7808493492241462,1.7156150343228638,-0.6026229124749184,-0.49617470017850324,-0.0020813214763596324,1.0714980166573163,-0.6577508990084993,-0.8512966597545222,-1.1386031716574851,1.028719337439322,1.0945827298772188,370,0.44555919315868053,0,294
RG3_L_000113,113,-0.029099449053866445,-1.1925314031676417,0.1819418627781529,-0.2987077097782125,-0.38678982241038173,1.2777072234033922,-0.19292753629832982,0.0,1.40255433466711,-0.6657520460385278,-0.4217977735906751,-1.4216416385498971,-1.1849017967013198,-1.019132536980565,-0.8418766918713266,-1.3019455704574068,-0.011452267540392873,1.2271356218933003,0.9252418187908061,0.28272749205848513,1.1373060186469357,0.3865880403579936,-0.9660378861171952,-0.8476893432760432,91,0.445516687323786,0,295
RG3_L_000493,493,-0.029099449053866445,0.8385523411322893,-0.2670177249392938,-0.2987077097782125,-0.38678982241038173,-1.9118180435387702,0.5883674005367534,0.0,-1.737321949505005,0.6771090687267264,-0.4217977735906751,1.8602574670594052,0.7060278943785975,1.158639064223402,1.2506229889455585,-0.36958649425188594,-0.49617470017850324,-0.0020813214763596324,-0.24471850189051658,0.9096174215327959,1.1373060186469357,-0.3251647555730986,1.1712025786165987,1.2159728532126455,396,0.44549389174810766,0,296
RG3_L_000320,320,-0.029099449053866445,0.8385523411322893,-0.04253793108057046,-0.846821542506724,1.0330781477474453,-0.31705541006768895,-0.974520563532816,0.0,-0.16738380741894748,0.6771090687267264,-1.9605785402082005,0.547517855938155,0.07572868374024348,-0.3969103840793668,-0.14437975465061584,1.728310345257782,-0.9808971328166136,-0.6167366847818262,-1.122211057964198,-0.030765304963843006,0.1430046794462067,0.6916293857705539,0.31630584919472404,0.1234455356164941,259,0.4454056206377228,0,297
RG3_L_000285,285,-0.029099449053866445,0.8385523411322893,1.3042980169289395,-0.2987077097782125,1.0330781477474453,-0.31705541006768895,-0.19292753629832982,0.0,-0.16738380741894748,0.6771090687267264,-0.4217977735906751,1.203937739304957,0.2858284206196948,0.5364169113222037,0.32062115988144224,1.728310345257782,0.47319620683823654,-0.0020813214763596324,0.19400546058363471,-0.6577508990084993,1.634494618412067,1.606737906960912,0.31630584919472404,0.002053096912880053,231,0.44505479702213946,0,298
RG3_L_000138,138,-0.029099449053866445,0.8385523411322893,0.6308800429241845,0.24951068491762612,-0.38678982241038173,-0.31705541006768895,0.5883674005367534,0.0,-0.16738380741894748,-2.0085875478583746,-0.4217977735906751,1.203937739304957,0.2858284206196948,1.158639064223402,1.2506229889455585,-0.36958649425188594,-0.9808971328166136,-1.2312982648460196,1.2177542145238263,-0.34425810198617113,-0.8512966597545222,0.28491017772836064,-0.6810714037626417,-0.6049067812370027,113,0.4449897690336073,0,299
RG3_L_000117,117,-0.029099449053866445,-1.1925314031676417,1.3042980169289395,0.24951068491762612,-0.38678982241038173,0.48032590666785163,-0.19292753629832982,0.0,0.6176451529252976,-0.6657520460385278,-0.4217977735906751,-0.10880187181629318,-0.5545865564805381,-1.019132536980565,-1.0743727145599793,-1.0688380177965773,1.200279855795402,0.3052463601763737,-1.7071912183048594,-2.2251192195497946,-0.3541839203189247,-0.6302061009856589,-0.9660378861171952,-0.9690817819796572,95,0.44454802500113677,0,300
RG3_L_000349,349,-0.029099449053866445,0.8385523411322893,-0.4914975187980172,-0.2987077097782125,-0.38678982241038173,-0.31705541006768895,0.5883674005367534,0.0,-0.16738380741894748,-0.6657520460385278,-0.4217977735906751,-0.10880187181629318,0.2858284206196948,-0.7080273944801929,-0.8418766918713266,0.7958801346144643,-0.49617470017850324,-0.3094090031290929,-1.268467255830708,-0.030765304963843006,-0.3541839203189247,-1.240281034287118,-1.82093461553907,-1.3332567827223119,281,0.44405750189584775,0,301
RG3_L_000189,189,-0.029099449053866445,-1.1925314031676417,-0.4914975187980172,0.24951068491762612,1.0330781477474453,1.2777072234033922,-0.974520563532816,0.0,1.40255433466711,-2.0085875478583746,-0.4217977735906751,-0.7652217551830952,-0.9747860302394408,-1.019132536980565,-0.3768757773392685,1.0289876872752937,-0.2538134838594481,0.3052463601763737,0.9252418187908061,0.5962202890808133,-0.3541839203189247,-0.3251647555730986,0.03134208448195622,-0.11933702642254647,157,0.4440324583566787,0,302
RG3_L_000177,177,-0.029099449053866445,0.8385523411322893,0.4064002490654612,-0.2987077097782125,1.0330781477474453,-1.1144367268032296,-0.974520563532816,0.0,-0.9522929891607599,0.6771090687267264,1.1169829930268504,1.203937739304957,0.2858284206196948,-0.08580524157899463,-0.3768757773392685,0.09662861106977294,-0.7385359164975585,0.919807940240567,0.48651785631665484,-0.34425810198617113,-2.3427865987203824,0.0815466949454333,0.03134208448195622,-0.11933702642254647,145,0.44402751773209553,0,303
RG3_L_000416,416,-0.029099449053866445,0.8385523411322893,-0.9404356989440489,-0.2987077097782125,-0.38678982241038173,-0.31705541006768895,0.5883674005367534,0.0,-0.9522929891607599,-0.6657520460385278,-0.4217977735906751,0.547517855938155,0.7060278943785975,1.158639064223402,1.018118097102153,1.9613467634808144,1.200279855795402,0.3052463601763737,1.6564781769979775,0.28272749205848513,1.634494618412067,-0.9352474463982191,0.7437555727265542,0.9731902911736049,333,0.44387028453266597,0,304
RG3_L_000252,252,-0.029099449053866445,0.8385523411322893,-0.04253793108057046,0.24951068491762612,1.0330781477474453,-0.31705541006768895,-0.19292753629832982,0.0,-0.16738380741894748,-0.6657520460385278,1.1169829930268504,0.547517855938155,-0.1343870827216355,0.5364169113222037,0.5531171825700949,-2.2343046466629275,-1.223184390876188,-1.2312982648460196,1.2177542145238263,-0.6577508990084993,1.634494618412067,0.7933072484001868,0.31630584919472404,0.002053096912880053,206,0.44320685531339915,0,305
RG3_L_000300,300,-0.029099449053866445,-1.1925314031676417,-0.2670177249392938,0.24951068491762612,1.0330781477474453,0.48032590666785163,-0.974520563532816,0.0,0.6176451529252976,0.6771090687267264,-0.4217977735906751,-0.10880187181629318,-0.7646862933599895,-1.6413546898817633,-1.3068776064033847,1.9613467634808144,-0.7385359164975585,-0.0020813214763596324,-1.4147234536972182,-1.9116264225274664,0.6401932792113381,0.48826590298762657,0.4587890903720008,0.24483797432010815,243,0.44312379015933606,0,306
RG3_L_000154,154,-0.029099449053866445,-1.1925314031676417,-0.2670177249392938,-0.846821542506724,1.0330781477474453,1.2777072234033922,-1.7558155003678992,0.0,0.6176451529252976,-0.6657520460385278,-0.4217977735906751,-0.7652217551830952,-0.5545865564805381,-0.3969103840793668,-0.3768757773392685,-1.0688380177965773,-0.011452267540392873,-1.5386259464987528,-0.09850693514938538,-0.34425810198617113,0.1430046794462067,0.6916293857705539,-0.39610763904987395,-0.4835143425333886,127,0.4430280093142707,0,307
RG3_L_000445,445,-0.029099449053866445,0.8385523411322893,-0.9404356989440489,0.24951068491762612,-0.38678982241038173,-0.31705541006768895,-0.19292753629832982,0.0,-0.9522929891607599,0.6771090687267264,-1.9605785402082005,-0.10880187181629318,0.2858284206196948,1.158639064223402,1.483119011634211,1.2620952399361232,0.23083499051918135,0.612574041829107,0.778985620924296,-0.030765304963843006,1.1373060186469357,-0.2234868929434656,1.028719337439322,1.2159728532126455,358,0.4427215325493555,0,308
RG3_L_000286,286,-0.029099449053866445,0.8385523411322893,0.1819418627781529,0.24951068491762612,1.0330781477474453,-0.31705541006768895,-1.7558155003678992,0.0,-0.16738380741894748,-0.6657520460385278,1.1169829930268504,0.547517855938155,0.49592815749914615,0.8475220538225758,0.08812513719278957,-0.36958649425188594,-1.223184390876188,-0.0020813214763596324,0.9252418187908061,-1.2846408284828101,1.1373060186469357,1.505060044331279,0.4587890903720008,0.24483797432010815,232,0.44228121230913764,0,309
RG3_L_000423,423,-0.029099449053866445,0.8385523411322893,-0.9404356989440489,0.24951068491762612,-1.8067254988278127,-1.1144367268032296,0.5883674005367534,0.0,-0.9522929891607599,0.6771090687267264,-0.4217977735906751,0.547517855938155,1.1262433977199278,0.8475220538225758,1.018118097102153,0.7958801346144643,1.6849283301740314,0.919807940240567,0.632729423057786,-0.9711480314604819,-0.8512966597545222,-0.9352474463982191,0.7437555727265542,0.9731902911736049,339,0.4421210992943384,0,310
RG3_L_000464,464,-0.029099449053866445,0.8385523411322893,-0.4914975187980172,-0.2987077097782125,-0.38678982241038173,-1.1144367268032296,1.3696623373718366,0.0,-0.9522929891607599,0.6771090687267264,-0.4217977735906751,1.203937739304957,0.9161276312580487,-0.3969103840793668,-0.14437975465061584,0.3297361637306024,1.4425671138549763,0.612574041829107,-1.268467255830708,-0.34425810198617113,0.1430046794462067,-1.341958896916751,1.028719337439322,1.2159728532126455,374,0.44165705672507166,0,311
RG3_L_000436,436,-0.029099449053866445,0.8385523411322893,-0.9404356989440489,0.24951068491762612,-0.38678982241038173,-1.1144367268032296,2.151255364606323,0.0,-0.16738380741894748,-0.6657520460385278,-0.4217977735906751,0.547517855938155,0.2858284206196948,0.8475220538225758,1.483119011634211,-0.6026229124749184,0.23083499051918135,1.5344633035460336,0.9252418187908061,-0.030765304963843006,0.1430046794462067,-0.8335618262449248,1.028719337439322,1.0945827298772188,350,0.441471367526951,0,312
RG3_L_000105,105,-0.029099449053866445,-1.1925314031676417,-0.7159559050853255,0.24951068491762612,-0.38678982241038173,0.48032590666785163,-0.19292753629832982,0.0,0.6176451529252976,0.6771090687267264,1.1169829930268504,-1.4216416385498971,-0.1343870827216355,-0.7080273944801929,-1.3068776064033847,0.09662861106977294,1.200279855795402,-0.0020813214763596324,-0.975954860097688,2.1635886096221086,1.1373060186469357,0.18323231509872764,-0.9660378861171952,-0.8476893432760432,86,0.4413774762176991,0,313
RG3_L_000314,314,-0.029099449053866445,-1.1925314031676417,0.1819418627781529,0.24951068491762612,1.0330781477474453,0.48032590666785163,-0.974520563532816,0.0,0.6176451529252976,0.6771090687267264,-0.4217977735906751,-1.4216416385498971,-0.5545865564805381,-0.08580524157899463,0.08812513719278957,0.09662861106977294,-0.9808971328166136,2.1491186668515003,1.0714980166573163,-0.030765304963843006,0.6401932792113381,1.606737906960912,0.4587890903720008,0.24483797432010815,255,0.4410435502512268,0,314
RG3_L_000310,310,-0.029099449053866445,-1.1925314031676417,-0.04253793108057046,-0.2987077097782125,1.0330781477474453,0.48032590666785163,-1.7558155003678992,0.0,0.6176451529252976,-0.6657520460385278,-0.4217977735906751,-1.4216416385498971,-0.1343870827216355,-1.019132536980565,-0.8418766918713266,1.728310345257782,0.47319620683823654,-0.3094090031290929,-0.975954860097688,1.2231102185551241,0.6401932792113381,0.3865880403579936,0.6012723315492775,0.24483797432010815,251,0.44065585182886374,1,315
RG3_L_000567,567,-0.029099449053866445,0.8385523411322893,-1.1649154928027723,0.24951068491762612,-0.38678982241038173,-1.1144367268032296,1.3696623373718366,0.0,-1.737321949505005,-0.6657520460385278,-0.4217977735906751,1.8602574670594052,0.9161276312580487,1.158639064223402,1.483119011634211,-0.36958649425188594,0.47319620683823654,0.3052463601763737,0.19400546058363471,-0.030765304963843006,0.1430046794462067,-0.12180903031383264,1.1712025786165987,1.4587577306198736,453,0.44058359877765163,0,316
RG3_L_000210,210,-0.029099449053866445,-1.1925314031676417,0.855359836782908,0.24951068491762612,1.0330781477474453,0.48032590666785163,-0.19292753629832982,0.0,0.6176451529252976,0.6771090687267264,-0.4217977735906751,-0.7652217551830952,-0.9747860302394408,-1.6413546898817633,-1.0743727145599793,-0.8357304651357478,0.9579186394763469,-2.1532813098042194,-1.4147234536972182,-1.2846408284828101,0.1430046794462067,0.5899437656172595,0.03134208448195622,-0.11933702642254647,174,0.440438331193236,0,317
RG3_L_000258,258,-0.029099449053866445,0.8385523411322893,0.6308800429241845,-0.846821542506724,1.0330781477474453,0.48032590666785163,-1.7558155003678992,0.0,0.6176451529252976,0.6771090687267264,-0.4217977735906751,-0.7652217551830952,0.07572868374024348,-0.3969103840793668,-0.3768757773392685,1.0289876872752937,0.7155574231572918,1.5344633035460336,-0.5372308976235367,0.5962202890808133,0.6401932792113381,0.8949851110298198,0.17382532565923292,0.002053096912880053,210,0.4404298046266018,0,318
RG3_L_000552,552,-0.029099449053866445,0.8385523411322893,-1.3893952866614956,-0.846821542506724,-1.8067254988278127,-1.1144367268032296,0.5883674005367534,0.0,-0.9522929891607599,-0.6657520460385278,-0.4217977735906751,0.547517855938155,0.7060278943785975,1.469744206723774,1.9481199261662692,-0.1364789415910565,0.7155574231572918,-0.0020813214763596324,0.3402616584501448,0.28272749205848513,0.6401932792113381,-0.3251647555730986,1.3136858197938754,1.4587577306198736,440,0.4404064195173289,0,319
RG3_L_000119,119,-0.029099449053866445,0.8385523411322893,-0.04253793108057046,0.24951068491762612,-0.38678982241038173,0.48032590666785163,0.5883674005367534,0.0,-0.16738380741894748,-0.6657520460385278,1.1169829930268504,-0.10880187181629318,0.2858284206196948,-0.08580524157899463,-0.3768757773392685,-2.001197094002098,1.200279855795402,-1.8459536281514861,1.0714980166573163,-0.34425810198617113,-0.8512966597545222,0.5899437656172595,-0.8235546449399185,-0.8476893432760432,97,0.44039566858869217,0,320
RG3_L_000266,266,-0.029099449053866445,-1.1925314031676417,-0.4914975187980172,0.24951068491762612,1.0330781477474453,0.48032590666785163,-0.974520563532816,0.0,0.6176451529252976,-0.6657520460385278,-0.4217977735906751,-0.7652217551830952,-0.1343870827216355,-0.3969103840793668,-0.3768757773392685,-0.8357304651357478,1.4425671138549763,-0.6167366847818262,-1.4147234536972182,3.1039713361187475,-0.8512966597545222,0.9966629736594528,0.31630584919472404,0.002053096912880053,216,0.4401861800470761,0,321
RG3_L_000483,483,-0.029099449053866445,0.8385523411322893,-0.4914975187980172,-0.846821542506724,-0.38678982241038173,-0.31705541006768895,0.5883674005367534,0.0,-0.9522929891607599,0.6771090687267264,1.1169829930268504,-0.10880187181629318,0.2858284206196948,0.22529990092137753,0.08812513719278957,-0.6026229124749184,-0.49617470017850324,-0.9239705831932862,-1.5609796515637282,1.2231102185551241,0.1430046794462067,-1.036925309027852,1.028719337439322,1.2159728532126455,387,0.43980445366303644,1,322
RG3_L_000196,196,-0.029099449053866445,-1.1925314031676417,-0.04253793108057046,-0.2987077097782125,1.0330781477474453,0.48032590666785163,-0.19292753629832982,0.0,0.6176451529252976,0.6771090687267264,1.1169829930268504,-1.4216416385498971,-0.3444868196010868,-0.08580524157899463,-0.609380669182674,-0.8357304651357478,0.7155574231572918,-0.0020813214763596324,1.5102219791314675,-0.9711480314604819,0.6401932792113381,1.7084235271142063,0.03134208448195622,-0.2407294651261605,164,0.4396835491807042,0,323
RG3_L_000145,145,-0.029099449053866445,-1.1925314031676417,1.0798396306416314,0.24951068491762612,1.0330781477474453,1.2777072234033922,-0.974520563532816,0.0,1.40255433466711,-0.6657520460385278,-0.4217977735906751,-1.4216416385498971,-0.9747860302394408,-0.7080273944801929,-0.609380669182674,-1.535053123118236,-0.7385359164975585,-1.5386259464987528,0.48651785631665484,0.28272749205848513,0.1430046794462067,0.6916293857705539,-0.39610763904987395,-0.4835143425333886,118,0.43955610472549805,0,324
RG3_L_000074,74,-0.029099449053866445,0.8385523411322893,-1.1649154928027723,0.24951068491762612,-0.38678982241038173,-0.31705541006768895,0.5883674005367534,0.0,0.6176451529252976,-0.6657520460385278,1.1169829930268504,0.547517855938155,-0.1343870827216355,0.8475220538225758,0.32062115988144224,-1.0688380177965773,0.23083499051918135,-0.6167366847818262,1.6564781769979775,-0.6577508990084993,-0.3541839203189247,-0.020131167684199668,-1.108521127294472,-1.0904742206832714,59,0.43942849266666334,0,325
RG3_L_000401,401,-0.029099449053866445,0.8385523411322893,-0.4914975187980172,0.24951068491762612,-0.38678982241038173,-0.31705541006768895,0.5883674005367534,0.0,-0.9522929891607599,-0.6657520460385278,-0.4217977735906751,0.547517855938155,0.2858284206196948,0.8475220538225758,1.018118097102153,-2.001197094002098,-0.011452267540392873,-0.0020813214763596324,-0.24471850189051658,-0.9711480314604819,-2.3427865987203824,-1.1386031716574851,-0.6810714037626417,-0.4835143425333886,322,0.43935523794861353,0,326
RG3_L_000441,441,-0.029099449053866445,0.8385523411322893,-0.2670177249392938,-0.2987077097782125,-1.8067254988278127,-1.1144367268032296,0.5883674005367534,0.0,-1.737321949505005,0.6771090687267264,-0.4217977735906751,1.203937739304957,0.9161276312580487,1.158639064223402,1.018118097102153,-1.0688380177965773,0.23083499051918135,-1.8459536281514861,-0.39097469975702664,-0.9711480314604819,0.1430046794462067,-0.7318839636152918,1.028719337439322,1.0945827298772188,354,0.4392067155283231,0,327
RG3_L_000063,63,-0.029099449053866445,0.8385523411322893,0.1819418627781529,0.24951068491762612,-0.38678982241038173,-0.31705541006768895,-0.19292753629832982,0.0,0.6176451529252976,-0.6657520460385278,1.1169829930268504,-0.10880187181629318,0.07572868374024348,-0.3969103840793668,-0.8418766918713266,0.5628437163914318,-1.9502680398333534,0.612574041829107,-0.09850693514938538,-2.538516352001777,-0.3541839203189247,0.3865880403579936,-1.108521127294472,-0.9690817819796572,50,0.4390284654662343,0,328
RG3_L_000322,322,-0.029099449053866445,0.8385523411322893,-1.1649154928027723,0.24951068491762612,1.0330781477474453,-0.31705541006768895,-0.974520563532816,0.0,-0.16738380741894748,-0.6657520460385278,1.1169829930268504,-0.10880187181629318,0.07572868374024348,0.8475220538225758,0.5531171825700949,-0.8357304651357478,-0.9808971328166136,0.3052463601763737,1.5102219791314675,-0.9711480314604819,-0.8512966597545222,1.8101013897438392,0.4587890903720008,0.1234455356164941,261,0.4390202990247622,0,329
RG3_L_000392,392,-0.029099449053866445,0.8385523411322893,-0.7159559050853255,0.24951068491762612,-0.38678982241038173,-1.1144367268032296,0.5883674005367534,0.0,-0.9522929891607599,-0.6657520460385278,1.1169829930268504,0.547517855938155,0.7060278943785975,1.158639064223402,0.7856220744135003,0.7958801346144643,0.7155574231572918,-0.0020813214763596324,-0.09850693514938538,0.28272749205848513,1.1373060186469357,-2.663794383672964,-0.8235546449399185,-0.4835143425333886,315,0.4387902381001374,0,330
RG3_L_000332,332,-0.029099449053866445,0.8385523411322893,-0.2670177249392938,0.24951068491762612,1.0330781477474453,0.48032590666785163,-0.974520563532816,0.0,-0.16738380741894748,-0.6657520460385278,-0.4217977735906751,0.547517855938155,0.07572868374024348,0.5364169113222037,1.018118097102153,0.7958801346144643,1.200279855795402,-1.2312982648460196,1.8027343748644875,0.28272749205848513,-1.3484852595196537,1.0983408362890856,0.31630584919472404,0.002053096912880053,267,0.43875704857130965,0,331
RG3_L_000183,183,-0.029099449053866445,-1.1925314031676417,1.0798396306416314,-0.846821542506724,1.0330781477474453,0.48032590666785163,-1.7558155003678992,0.0,0.6176451529252976,0.6771090687267264,-0.4217977735906751,-0.7652217551830952,-0.7646862933599895,-1.019132536980565,-0.8418766918713266,-0.6026229124749184,-0.9808971328166136,-0.0020813214763596324,-1.7071912183048594,-0.34425810198617113,-0.8512966597545222,-0.2234868929434656,0.03134208448195622,-0.11933702642254647,151,0.4386792276150233,0,332
RG3_L_000166,166,-0.029099449053866445,-1.1925314031676417,-0.4914975187980172,0.24951068491762612,1.0330781477474453,-0.31705541006768895,-0.974520563532816,0.0,0.6176451529252976,-0.6657520460385278,1.1169829930268504,-0.10880187181629318,-0.3444868196010868,-1.3302495473813911,-1.5393736290920372,-0.6026229124749184,-0.9808971328166136,-1.2312982648460196,-1.268467255830708,1.5366030155774522,0.1430046794462067,0.5899437656172595,-0.2536243978725972,-0.36212190382977455,138,0.43832120444402156,0,333
RG3_L_000111,111,-0.029099449053866445,0.8385523411322893,0.6308800429241845,0.24951068491762612,-0.38678982241038173,0.48032590666785163,0.5883674005367534,0.0,-0.16738380741894748,0.6771090687267264,-0.4217977735906751,0.547517855938155,0.07572868374024348,0.5364169113222037,0.32062115988144224,1.2620952399361232,-0.2538134838594481,0.3052463601763737,1.9489905727309975,-0.030765304963843006,-1.8455979989552511,0.18323231509872764,-0.9660378861171952,-0.8476893432760432,89,0.43805099030674033,0,334
RG3_L_000369,369,-0.029099449053866445,0.8385523411322893,-0.2670177249392938,0.24951068491762612,-0.38678982241038173,-0.31705541006768895,-0.19292753629832982,0.0,-0.16738380741894748,-0.6657520460385278,-0.4217977735906751,-0.10880187181629318,0.2858284206196948,-1.019132536980565,-0.609380669182674,-0.36958649425188594,1.4425671138549763,-1.2312982648460196,-0.8297432933565567,-0.34425810198617113,-0.8512966597545222,-1.952037708980041,-1.251001650829963,-0.7262969045724291,294,0.43798164052101596,0,335
RG3_L_000132,132,-0.029099449053866445,-1.1925314031676417,1.9777373985051097,0.24951068491762612,-0.38678982241038173,0.48032590666785163,0.5883674005367534,0.0,0.6176451529252976,0.6771090687267264,-0.4217977735906751,-0.10880187181629318,-0.7646862933599895,-0.7080273944801929,-0.8418766918713266,-1.0688380177965773,0.9579186394763469,-0.9239705831932862,-0.5372308976235367,-0.6577508990084993,-0.8512966597545222,1.301704319072013,-0.6810714037626417,-0.7262969045724291,109,0.43761826073328075,0,336
RG3_L_000095,95,-0.029099449053866445,-1.1925314031676417,1.5287778107876628,-0.846821542506724,-0.38678982241038173,1.2777072234033922,0.5883674005367534,0.0,0.6176451529252976,0.6771090687267264,-0.4217977735906751,-0.7652217551830952,-0.7646862933599895,-1.019132536980565,-0.8418766918713266,-0.1364789415910565,-1.9502680398333534,-0.0020813214763596324,-0.09850693514938538,0.28272749205848513,-0.3541839203189247,0.18323231509872764,-0.9660378861171952,-0.8476893432760432,77,0.4373249344434709,0,337
RG3_L_000288,288,-0.029099449053866445,-1.1925314031676417,-0.04253793108057046,0.24951068491762612,1.0330781477474453,0.48032590666785163,-0.974520563532816,0.0,0.6176451529252976,-0.6657520460385278,-0.4217977735906751,-0.10880187181629318,-0.1343870827216355,0.22529990092137753,0.32062115988144224,-1.3019455704574068,-1.465545607195243,-0.9239705831932862,1.2177542145238263,-0.9711480314604819,-1.3484852595196537,0.0815466949454333,0.4587890903720008,0.24483797432010815,233,0.4373123795215086,0,338
RG3_L_000136,136,-0.029099449053866445,0.8385523411322893,-0.7159559050853255,-0.2987077097782125,-0.38678982241038173,-0.31705541006768895,-0.19292753629832982,0.0,-0.16738380741894748,-0.6657520460385278,-0.4217977735906751,-0.10880187181629318,0.2858284206196948,0.22529990092137753,0.08812513719278957,-2.467412199323757,0.23083499051918135,-0.0020813214763596324,-0.39097469975702664,-0.9711480314604819,-1.8455979989552511,-0.2234868929434656,-0.6810714037626417,-0.7262969045724291,111,0.4372527944525058,0,339
RG3_L_000073,73,-0.029099449053866445,0.8385523411322893,-0.04253793108057046,0.24951068491762612,-0.38678982241038173,-0.31705541006768895,0.5883674005367534,0.0,-0.16738380741894748,0.6771090687267264,-0.4217977735906751,1.203937739304957,0.2858284206196948,0.22529990092137753,0.32062115988144224,-1.535053123118236,-0.49617470017850324,-0.0020813214763596324,1.3639657812649575,-0.9711480314604819,-1.8455979989552511,1.0983408362890856,-0.8235546449399185,-0.8476893432760432,58,0.43720061987297065,0,340
RG3_L_000269,269,-0.029099449053866445,0.8385523411322893,0.4064002490654612,0.24951068491762612,1.0330781477474453,-1.1144367268032296,-0.974520563532816,0.0,-0.16738380741894748,-2.0085875478583746,1.1169829930268504,1.203937739304957,0.49592815749914615,0.8475220538225758,0.5531171825700949,0.7958801346144643,0.47319620683823654,0.3052463601763737,1.0714980166573163,-0.6577508990084993,0.1430046794462067,0.7933072484001868,0.31630584919472404,0.002053096912880053,219,0.4367855527165744,0,341
RG3_L_000430,430,-0.029099449053866445,0.8385523411322893,-0.7159559050853255,-0.2987077097782125,-0.38678982241038173,-0.31705541006768895,0.5883674005367534,0.0,-0.16738380741894748,-0.6657520460385278,-0.4217977735906751,-0.10880187181629318,0.49592815749914615,-0.3969103840793668,0.08812513719278957,0.3297361637306024,-0.2538134838594481,1.8417909851987668,-0.975954860097688,-1.9116264225274664,-0.8512966597545222,-1.341958896916751,1.028719337439322,0.9731902911736049,345,0.43674250999024095,0,342
RG3_L_000366,366,-0.029099449053866445,0.8385523411322893,0.855359836782908,0.24951068491762612,-0.38678982241038173,-0.31705541006768895,0.5883674005367534,0.0,-0.16738380741894748,-0.6657520460385278,1.1169829930268504,0.547517855938155,0.07572868374024348,-0.08580524157899463,-0.14437975465061584,-0.6026229124749184,-0.9808971328166136,-0.3094090031290929,-0.24471850189051658,-0.34425810198617113,-1.3484852595196537,-1.7486781049589442,-1.5359681331845165,-1.0904742206832714,292,0.4366155585752311,0,343
RG3_L_000579,579,-0.029099449053866445,0.8385523411322893,-1.6138536729488038,0.24951068491762612,-0.38678982241038173,-1.1144367268032296,0.5883674005367534,0.0,-0.9522929891607599,0.6771090687267264,-0.4217977735906751,0.547517855938155,0.49592815749914615,1.158639064223402,1.483119011634211,-0.6026229124749184,-0.7385359164975585,0.3052463601763737,1.5102219791314675,-0.9711480314604819,1.1373060186469357,-0.2234868929434656,1.4561690609711522,1.5801501693234876,463,0.4360775808587419,0,344
RG3_L_000291,291,-0.029099449053866445,-1.1925314031676417,-0.2670177249392938,0.24951068491762612,1.0330781477474453,1.2777072234033922,-0.974520563532816,0.0,0.6176451529252976,0.6771090687267264,-0.4217977735906751,-0.7652217551830952,-0.5545865564805381,-1.9524598323821356,-1.5393736290920372,-0.8357304651357478,1.6849283301740314,-0.0020813214763596324,-1.122211057964198,-0.6577508990084993,-0.3541839203189247,1.505060044331279,0.31630584919472404,0.1234455356164941,235,0.43596316089731973,0,345
RG3_L_000294,294,-0.029099449053866445,0.8385523411322893,0.4064002490654612,0.24951068491762612,1.0330781477474453,-0.31705541006768895,-0.974520563532816,0.0,0.6176451529252976,0.6771090687267264,-0.4217977735906751,-0.10880187181629318,0.07572868374024348,-0.08580524157899463,-0.14437975465061584,-1.3019455704574068,2.412011979131197,-0.3094090031290929,0.48651785631665484,1.2231102185551241,-0.8512966597545222,1.301704319072013,0.31630584919472404,0.1234455356164941,237,0.435943976262859,0,346
RG3_L_000066,66,-0.029099449053866445,-1.1925314031676417,1.0798396306416314,0.24951068491762612,-0.38678982241038173,0.48032590666785163,-0.19292753629832982,0.0,1.40255433466711,0.6771090687267264,-0.4217977735906751,-0.7652217551830952,-0.3444868196010868,0.22529990092137753,0.32062115988144224,0.3297361637306024,-1.223184390876188,1.8417909851987668,0.48651785631665484,-0.030765304963843006,1.1373060186469357,0.48826590298762657,-1.108521127294472,-0.9690817819796572,52,0.43590800362236715,0,347
RG3_L_000048,48,-0.029099449053866445,-1.1925314031676417,0.1819418627781529,0.24951068491762612,-0.38678982241038173,0.48032590666785163,-0.974520563532816,0.0,0.6176451529252976,-0.6657520460385278,-0.4217977735906751,-0.10880187181629318,0.07572868374024348,0.22529990092137753,0.08812513719278957,1.2620952399361232,-1.223184390876188,1.5344633035460336,0.778985620924296,0.5962202890808133,0.6401932792113381,0.48826590298762657,-0.8235546449399185,-0.7262969045724291,39,0.43540448690048034,0,348
RG3_L_000399,399,-0.029099449053866445,0.8385523411322893,-0.04253793108057046,-0.2987077097782125,-0.38678982241038173,-1.1144367268032296,-0.19292753629832982,0.0,-0.9522929891607599,0.6771090687267264,-0.4217977735906751,1.203937739304957,0.7060278943785975,1.7808493492241462,1.483119011634211,-1.3019455704574068,-0.7385359164975585,-0.3094090031290929,0.9252418187908061,-0.6577508990084993,0.1430046794462067,-0.8335618262449248,-0.8235546449399185,-0.6049067812370027,320,0.43519010621481446,0,349
RG3_L_000180,180,-0.029099449053866445,-1.1925314031676417,0.1819418627781529,0.24951068491762612,1.0330781477474453,0.48032590666785163,-0.974520563532816,0.0,0.6176451529252976,0.6771090687267264,-0.4217977735906751,-1.4216416385498971,-0.1343870827216355,0.22529990092137753,0.08812513719278957,0.3297361637306024,1.200279855795402,0.3052463601763737,0.9252418187908061,-0.030765304963843006,1.634494618412067,1.8101013897438392,0.03134208448195622,-0.2407294651261605,148,0.4350889001313985,0,350
RG3_L_000172,172,-0.029099449053866445,-1.1925314031676417,-1.6138536729488038,0.24951068491762612,1.0330781477474453,0.48032590666785163,-0.974520563532816,0.0,0.6176451529252976,0.6771090687267264,-0.4217977735906751,-1.4216416385498971,-0.5545865564805381,-0.08580524157899463,0.08812513719278957,0.7958801346144643,0.23083499051918135,1.8417909851987668,0.04774926271712467,-0.030765304963843006,0.6401932792113381,0.7933072484001868,-0.1111411566953205,-0.36212190382977455,141,0.43499163191335793,0,351
RG3_L_000374,374,-0.029099449053866445,0.8385523411322893,-0.7159559050853255,0.24951068491762612,-0.38678982241038173,-0.31705541006768895,-0.19292753629832982,0.0,0.6176451529252976,0.6771090687267264,1.1169829930268504,0.547517855938155,0.7060278943785975,0.8475220538225758,0.7856220744135003,-0.1364789415910565,-0.9808971328166136,0.3052463601763737,0.04774926271712467,0.28272749205848513,0.1430046794462067,-2.3587569170222342,-1.251001650829963,-0.7262969045724291,299,0.4349484156641137,0,352
RG3_L_000253,253,-0.029099449053866445,-1.1925314031676417,-0.2670177249392938,-0.2987077097782125,1.0330781477474453,1.2777072234033922,-0.974520563532816,0.0,1.40255433466711,0.6771090687267264,-0.4217977735906751,-0.7652217551830952,-0.7646862933599895,0.22529990092137753,0.32062115988144224,0.09662861106977294,0.9579186394763469,0.3052463601763737,0.3402616584501448,0.5962202890808133,1.634494618412067,0.6916293857705539,0.31630584919472404,0.002053096912880053,207,0.43486265647756867,0,353
RG3_L_000508,508,-0.029099449053866445,0.8385523411322893,-0.4914975187980172,0.24951068491762612,-1.8067254988278127,-1.1144367268032296,0.5883674005367534,0.0,-0.9522929891607599,-0.6657520460385278,1.1169829930268504,0.547517855938155,0.2858284206196948,0.5364169113222037,0.7856220744135003,0.09662861106977294,-0.7385359164975585,0.612574041829107,-0.975954860097688,0.5962202890808133,0.1430046794462067,0.18323231509872764,1.028719337439322,1.2159728532126455,405,0.43445221681686713,0,354
RG3_L_000096,96,-0.029099449053866445,-1.1925314031676417,0.6308800429241845,0.24951068491762612,-0.38678982241038173,1.2777072234033922,0.5883674005367534,0.0,1.40255433466711,-0.6657520460385278,1.1169829930268504,-1.4216416385498971,-1.1849017967013198,-1.3302495473813911,-1.3068776064033847,-0.36958649425188594,0.7155574231572918,-0.0020813214763596324,-0.8297432933565567,-0.030765304963843006,-0.3541839203189247,0.18323231509872764,-0.8235546449399185,-0.9690817819796572,78,0.43442797897244406,0,355
RG3_L_000348,348,-0.029099449053866445,-1.1925314031676417,0.1819418627781529,0.24951068491762612,-0.38678982241038173,0.48032590666785163,-0.19292753629832982,0.0,0.6176451529252976,-0.6657520460385278,-0.4217977735906751,-0.7652217551830952,0.07572868374024348,-0.3969103840793668,-0.14437975465061584,-0.6026229124749184,0.23083499051918135,-1.2312982648460196,-0.8297432933565567,-0.34425810198617113,0.1430046794462067,-0.8335618262449248,-1.6784513743617933,-1.3332567827223119,280,0.4343672972347125,0,356
RG3_L_000317,317,-0.029099449053866445,-1.1925314031676417,1.0798396306416314,0.24951068491762612,1.0330781477474453,1.2777072234033922,-0.974520563532816,0.0,1.40255433466711,-0.6657520460385278,-0.4217977735906751,-1.4216416385498971,-0.9747860302394408,-1.6413546898817633,-1.3068776064033847,0.5628437163914318,-0.2538134838594481,-0.0020813214763596324,-0.975954860097688,0.9096174215327959,-0.8512966597545222,0.0815466949454333,0.6012723315492775,0.24483797432010815,257,0.43430274908928157,0,357
RG3_L_000195,195,-0.029099449053866445,0.8385523411322893,1.0798396306416314,0.24951068491762612,1.0330781477474453,-0.31705541006768895,-1.7558155003678992,0.0,-0.16738380741894748,-0.6657520460385278,-0.4217977735906751,0.547517855938155,0.07572868374024348,-0.3969103840793668,-0.3768757773392685,1.0289876872752937,1.200279855795402,-0.0020813214763596324,0.48651785631665484,0.28272749205848513,2.628795957612796,0.8949851110298198,0.17382532565923292,0.002053096912880053,163,0.4342131661580883,0,358
RG3_L_000402,402,-0.029099449053866445,0.8385523411322893,0.6308800429241845,0.24951068491762612,-0.38678982241038173,-0.31705541006768895,1.3696623373718366,0.0,-0.9522929891607599,-0.6657520460385278,1.1169829930268504,0.547517855938155,0.2858284206196948,0.22529990092137753,0.08812513719278957,0.5628437163914318,-0.49617470017850324,1.8417909851987668,-0.8297432933565567,-0.030765304963843006,0.1430046794462067,-0.8335618262449248,-0.8235546449399185,-0.4835143425333886,323,0.4339953331996316,0,359
RG3_L_000431,431,-0.029099449053866445,0.8385523411322893,-0.4914975187980172,0.24951068491762612,-0.38678982241038173,-1.1144367268032296,0.5883674005367534,0.0,-0.9522929891607599,-0.6657520460385278,-0.4217977735906751,1.203937739304957,0.9161276312580487,0.22529990092137753,0.08812513719278957,1.4952027925969524,-0.9808971328166136,-0.6167366847818262,-1.5609796515637282,-0.6577508990084993,-0.3541839203189247,-1.5453223796996782,0.886238813903831,1.0945827298772188,346,0.4339807417965375,0,360
RG3_L_000274,274,-0.029099449053866445,-1.1925314031676417,-0.2670177249392938,-0.846821542506724,1.0330781477474453,0.48032590666785163,-1.7558155003678992,0.0,0.6176451529252976,0.6771090687267264,-0.4217977735906751,-0.7652217551830952,-0.3444868196010868,-1.3302495473813911,-0.8418766918713266,0.09662861106977294,-0.49617470017850324,-0.9239705831932862,-0.975954860097688,-0.9711480314604819,0.6401932792113381,0.9966629736594528,0.31630584919472404,0.002053096912880053,222,0.43376857518349315,0,361
RG3_L_000236,236,-0.029099449053866445,-1.1925314031676417,0.6308800429241845,0.24951068491762612,1.0330781477474453,1.2777072234033922,-1.7558155003678992,0.0,1.40255433466711,0.6771090687267264,-0.4217977735906751,-1.4216416385498971,-0.7646862933599895,-1.3302495473813911,-1.3068776064033847,1.728310345257782,-0.49617470017850324,-0.0020813214763596324,-0.5372308976235367,0.5962202890808133,0.6401932792113381,0.8949851110298198,0.17382532565923292,0.002053096912880053,192,0.4337445515898363,0,362
RG3_L_000319,319,-0.029099449053866445,0.8385523411322893,-0.7159559050853255,-0.2987077097782125,1.0330781477474453,0.48032590666785163,-0.974520563532816,0.0,0.6176451529252976,-0.6657520460385278,-0.4217977735906751,-0.7652217551830952,-0.1343870827216355,-1.019132536980565,-0.8418766918713266,-1.0688380177965773,0.9579186394763469,0.3052463601763737,-1.122211057964198,0.5962202890808133,-1.8455979989552511,0.3865880403579936,0.6012723315492775,0.24483797432010815,258,0.43368341057253484,0,363
RG3_L_000454,454,-0.029099449053866445,0.8385523411322893,-1.1649154928027723,0.24951068491762612,-0.38678982241038173,-0.31705541006768895,0.5883674005367534,0.0,-0.16738380741894748,-0.6657520460385278,1.1169829930268504,-0.10880187181629318,0.7060278943785975,1.158639064223402,1.018118097102153,0.3297361637306024,1.200279855795402,1.8417909851987668,0.632729423057786,-0.030765304963843006,0.6401932792113381,-0.6302061009856589,0.886238813903831,1.0945827298772188,365,0.43358098040809046,0,364
RG3_L_000298,298,-0.029099449053866445,-1.1925314031676417,-0.04253793108057046,0.24951068491762612,1.0330781477474453,1.2777072234033922,-0.974520563532816,0.0,1.40255433466711,0.6771090687267264,-0.4217977735906751,-1.4216416385498971,-1.1849017967013198,-0.7080273944801929,-0.8418766918713266,0.3297361637306024,-0.9808971328166136,0.3052463601763737,0.3402616584501448,-0.030765304963843006,0.6401932792113381,1.8101013897438392,0.31630584919472404,0.002053096912880053,241,0.43340555612717513,0,365
RG3_L_000127,127,-0.029099449053866445,-1.1925314031676417,0.4064002490654612,0.24951068491762612,-0.38678982241038173,0.48032590666785163,-0.19292753629832982,0.0,0.6176451529252976,-0.6657520460385278,-0.4217977735906751,-1.4216416385498971,-0.5545865564805381,-1.3302495473813911,-1.3068776064033847,0.09662861106977294,-1.223184390876188,1.5344633035460336,-1.122211057964198,-0.6577508990084993,1.1373060186469357,0.3865880403579936,-0.8235546449399185,-0.8476893432760432,104,0.43331967860188586,0,366
RG3_L_000277,277,-0.029099449053866445,0.8385523411322893,1.3042980169289395,-0.2987077097782125,1.0330781477474453,-1.1144367268032296,0.5883674005367534,0.0,-0.16738380741894748,-0.6657520460385278,1.1169829930268504,1.203937739304957,0.49592815749914615,0.5364169113222037,0.08812513719278957,-0.6026229124749184,0.9579186394763469,-0.9239705831932862,0.48651785631665484,-0.9711480314604819,-0.3541839203189247,0.48826590298762657,0.6012723315492775,0.24483797432010815,225,0.4329246064559017,0,367
RG3_L_000301,301,-0.029099449053866445,-1.1925314031676417,1.0798396306416314,0.24951068491762612,1.0330781477474453,0.48032590666785163,-0.19292753629832982,0.0,0.6176451529252976,0.6771090687267264,-0.4217977735906751,-0.10880187181629318,-0.5545865564805381,-1.3302495473813911,-1.0743727145599793,0.7958801346144643,0.7155574231572918,-0.3094090031290929,-1.8534474161713694,-0.030765304963843006,-1.8455979989552511,0.8949851110298198,0.4587890903720008,0.24483797432010815,244,0.4327938385272786,0,368
RG3_L_000181,181,-0.029099449053866445,-1.1925314031676417,-0.4914975187980172,0.24951068491762612,1.0330781477474453,1.2777072234033922,-1.7558155003678992,0.0,0.6176451529252976,0.6771090687267264,1.1169829930268504,-0.7652217551830952,-0.5545865564805381,-0.3969103840793668,-0.609380669182674,-0.8357304651357478,-0.9808971328166136,-1.5386259464987528,0.48651785631665484,-0.6577508990084993,-0.3541839203189247,0.8949851110298198,0.03134208448195622,-0.2407294651261605,149,0.43255662276193496,0,369
RG3_L_000271,271,-0.029099449053866445,-1.1925314031676417,-0.04253793108057046,0.24951068491762612,1.0330781477474453,0.48032590666785163,-0.974520563532816,0.0,0.6176451529252976,-2.0085875478583746,-0.4217977735906751,-0.7652217551830952,-0.1343870827216355,-0.08580524157899463,-0.14437975465061584,-0.8357304651357478,0.7155574231572918,-1.8459536281514861,0.778985620924296,-0.9711480314604819,-0.3541839203189247,0.6916293857705539,0.31630584919472404,0.002053096912880053,221,0.4323876180100221,0,370
RG3_L_000267,267,-0.029099449053866445,0.8385523411322893,-0.04253793108057046,0.24951068491762612,1.0330781477474453,-1.1144367268032296,-0.974520563532816,0.0,-0.16738380741894748,-0.6657520460385278,-1.9605785402082005,0.547517855938155,0.2858284206196948,-0.3969103840793668,-0.14437975465061584,0.5628437163914318,0.7155574231572918,0.612574041829107,-0.8297432933565567,0.5962202890808133,-1.3484852595196537,0.8949851110298198,0.31630584919472404,0.002053096912880053,217,0.43235959166132004,0,371
RG3_L_000206,206,-0.029099449053866445,-1.1925314031676417,-0.04253793108057046,0.24951068491762612,1.0330781477474453,0.48032590666785163,-0.19292753629832982,0.0,0.6176451529252976,0.6771090687267264,-0.4217977735906751,-0.10880187181629318,-0.5545865564805381,0.5364169113222037,0.5531171825700949,1.9613467634808144,0.47319620683823654,1.8417909851987668,1.2177542145238263,-0.030765304963843006,0.6401932792113381,0.7933072484001868,0.31630584919472404,-0.11933702642254647,170,0.4320963303885153,0,372
RG3_L_000487,487,-0.029099449053866445,0.8385523411322893,-0.7159559050853255,-0.2987077097782125,-0.38678982241038173,-0.31705541006768895,-0.19292753629832982,0.0,-0.9522929891607599,-0.6657520460385278,-0.4217977735906751,0.547517855938155,0.49592815749914615,0.8475220538225758,0.7856220744135003,-2.700519751984586,0.23083499051918135,0.612574041829107,1.0714980166573163,-0.030765304963843006,1.1373060186469357,-1.036925309027852,1.028719337439322,1.2159728532126455,391,0.43195129804691007,0,373
RG3_L_000084,84,-0.029099449053866445,-1.1925314031676417,-0.7159559050853255,0.24951068491762612,-0.38678982241038173,0.48032590666785163,-0.19292753629832982,0.0,0.6176451529252976,-0.6657520460385278,-0.4217977735906751,-0.7652217551830952,-0.1343870827216355,0.5364169113222037,0.5531171825700949,-1.3019455704574068,-1.465545607195243,-0.9239705831932862,1.3639657812649575,-0.030765304963843006,0.6401932792113381,0.28491017772836064,-0.8235546449399185,-0.8476893432760432,68,0.431661114264125,0,374
RG3_L_000421,421,-0.029099449053866445,0.8385523411322893,-0.7159559050853255,-0.2987077097782125,-0.38678982241038173,-0.31705541006768895,1.3696623373718366,0.0,-0.16738380741894748,0.6771090687267264,-0.4217977735906751,0.547517855938155,0.49592815749914615,-1.019132536980565,-0.3768757773392685,0.09662861106977294,0.47319620683823654,0.612574041829107,-1.122211057964198,0.5962202890808133,0.6401932792113381,-1.036925309027852,0.886238813903831,0.9731902911736049,337,0.4315758802197658,0,375
RG3_L_000268,268,-0.029099449053866445,0.8385523411322893,0.1819418627781529,-0.2987077097782125,1.0330781477474453,-1.1144367268032296,-0.19292753629832982,0.0,-0.9522929891607599,-0.6657520460385278,1.1169829930268504,1.203937739304957,0.49592815749914615,0.5364169113222037,0.08812513719278957,0.5628437163914318,-0.7385359164975585,1.8417909851987668,0.48651785631665484,-0.34425810198617113,0.1430046794462067,0.9966629736594528,0.31630584919472404,0.002053096912880053,218,0.4311486888294702,0,376
RG3_L_000137,137,-0.029099449053866445,0.8385523411322893,-0.04253793108057046,-0.846821542506724,-0.38678982241038173,-1.1144367268032296,0.5883674005367534,0.0,-0.9522929891607599,0.6771090687267264,-0.4217977735906751,1.203937739304957,0.49592815749914615,0.8475220538225758,1.018118097102153,0.7958801346144643,1.4425671138549763,-0.0020813214763596324,0.632729423057786,-0.34425810198617113,-1.3484852595196537,0.3865880403579936,-0.6810714037626417,-0.6049067812370027,112,0.4308706483083005,0,377
RG3_L_000458,458,-0.029099449053866445,0.8385523411322893,-0.4914975187980172,0.24951068491762612,-0.38678982241038173,-1.1144367268032296,0.5883674005367534,0.0,-0.9522929891607599,0.6771090687267264,-0.4217977735906751,1.8602574670594052,0.9161276312580487,1.469744206723774,1.483119011634211,1.2620952399361232,0.9579186394763469,0.919807940240567,0.48651785631665484,-0.030765304963843006,0.6401932792113381,-0.7318839636152918,1.028719337439322,1.0945827298772188,368,0.43078358542873624,0,378
RG3_L_000223,223,-0.029099449053866445,0.8385523411322893,-0.9404356989440489,-0.2987077097782125,1.0330781477474453,-0.31705541006768895,-0.974520563532816,0.0,-0.16738380741894748,2.0199701834919805,1.1169829930268504,1.203937739304957,0.2858284206196948,0.22529990092137753,-0.14437975465061584,-0.8357304651357478,-0.011452267540392873,-0.6167366847818262,0.632729423057786,-0.6577508990084993,-0.3541839203189247,0.8949851110298198,0.31630584919472404,0.002053096912880053,184,0.4307217099034695,0,379
RG3_L_000339,339,-0.029099449053866445,0.8385523411322893,-0.2670177249392938,0.24951068491762612,1.0330781477474453,-0.31705541006768895,-0.974520563532816,0.0,-0.16738380741894748,-0.6657520460385278,-0.4217977735906751,1.203937739304957,0.49592815749914615,-0.3969103840793668,-0.3768757773392685,0.09662861106977294,1.9272895464930866,-0.0020813214763596324,1.0714980166573163,-0.030765304963843006,0.1430046794462067,1.8101013897438392,0.4587890903720008,0.24483797432010815,274,0.4302389305773971,0,380
RG3_L_000129,129,-0.029099449053866445,0.8385523411322893,1.0798396306416314,-0.2987077097782125,-0.38678982241038173,-0.31705541006768895,0.5883674005367534,0.0,-0.16738380741894748,-0.6657520460385278,-0.4217977735906751,0.547517855938155,0.07572868374024348,0.8475220538225758,0.7856220744135003,0.3297361637306024,-0.9808971328166136,-1.5386259464987528,0.778985620924296,1.2231102185551241,1.1373060186469357,-0.3251647555730986,-0.8235546449399185,-0.8476893432760432,106,0.4300876589662456,0,381
RG3_L_000278,278,-0.029099449053866445,0.8385523411322893,-0.04253793108057046,0.24951068491762612,1.0330781477474453,-1.1144367268032296,-1.7558155003678992,0.0,-0.16738380741894748,0.6771090687267264,1.1169829930268504,1.203937739304957,0.49592815749914615,1.158639064223402,0.5531171825700949,-0.6026229124749184,0.9579186394763469,-0.3094090031290929,0.778985620924296,-0.34425810198617113,0.1430046794462067,0.8949851110298198,0.6012723315492775,0.24483797432010815,226,0.4300755555990712,0,382
RG3_L_000490,490,-0.029099449053866445,0.8385523411322893,-1.1649154928027723,0.24951068491762612,-0.38678982241038173,-0.31705541006768895,0.5883674005367534,0.0,-0.16738380741894748,-0.6657520460385278,-1.9605785402082005,-0.7652217551830952,0.07572868374024348,-0.08580524157899463,0.32062115988144224,0.5628437163914318,-0.49617470017850324,-0.0020813214763596324,-0.6834870954900467,0.28272749205848513,0.6401932792113381,-0.4268503757263929,1.1712025786165987,1.3373652919162595,393,0.4288238620690996,0,383
RG3_L_000261,261,-0.029099449053866445,0.8385523411322893,-1.3893952866614956,0.24951068491762612,1.0330781477474453,-0.31705541006768895,-0.974520563532816,0.0,-0.16738380741894748,0.6771090687267264,-1.9605785402082005,0.547517855938155,0.07572868374024348,0.5364169113222037,1.018118097102153,0.5628437163914318,-0.011452267540392873,0.919807940240567,0.778985620924296,-0.030765304963843006,0.6401932792113381,0.7933072484001868,0.17382532565923292,0.002053096912880053,213,0.42858950187745865,0,384
RG3_L_000076,76,-0.029099449053866445,-1.1925314031676417,0.855359836782908,0.24951068491762612,-0.38678982241038173,1.2777072234033922,0.5883674005367534,0.0,1.40255433466711,-0.6657520460385278,-0.4217977735906751,-2.0779613663043452,-0.7646862933599895,-0.3969103840793668,-0.3768757773392685,-0.6026229124749184,0.9579186394763469,0.3052463601763737,0.48651785631665484,0.9096174215327959,-0.3541839203189247,0.3865880403579936,-0.9660378861171952,-0.9690817819796572,61,0.42842645699998966,0,385
RG3_L_000209,209,-0.029099449053866445,-1.1925314031676417,-0.2670177249392938,0.24951068491762612,1.0330781477474453,1.2777072234033922,-0.974520563532816,0.0,0.6176451529252976,-0.6657520460385278,-0.4217977735906751,-1.4216416385498971,-0.7646862933599895,-1.6413546898817633,-1.3068776064033847,0.3297361637306024,-0.9808971328166136,-0.6167366847818262,-0.5372308976235367,1.2231102185551241,0.6401932792113381,1.505060044331279,0.31630584919472404,0.002053096912880053,173,0.4276731558360156,0,386
RG3_L_000554,554,-0.029099449053866445,0.8385523411322893,-0.7159559050853255,0.24951068491762612,-0.38678982241038173,-1.1144367268032296,0.5883674005367534,0.0,-0.9522929891607599,-0.6657520460385278,-0.4217977735906751,0.547517855938155,0.2858284206196948,0.22529990092137753,0.5531171825700949,-0.8357304651357478,0.23083499051918135,-1.8459536281514861,-0.975954860097688,-0.9711480314604819,-1.3484852595196537,-0.12180903031383264,1.3136858197938754,1.4587577306198736,442,0.4275290830020021,0,387
RG3_L_000280,280,-0.029099449053866445,-1.1925314031676417,0.4064002490654612,0.24951068491762612,1.0330781477474453,0.48032590666785163,-0.19292753629832982,0.0,0.6176451529252976,-0.6657520460385278,-0.4217977735906751,-0.10880187181629318,-0.5545865564805381,-0.08580524157899463,-0.14437975465061584,1.2620952399361232,-0.9808971328166136,2.1491186668515003,0.04774926271712467,1.2231102185551241,0.1430046794462067,1.301704319072013,0.31630584919472404,0.002053096912880053,228,0.42719814662465155,0,388
RG3_L_000080,80,-0.029099449053866445,-1.1925314031676417,0.4064002490654612,0.24951068491762612,-0.38678982241038173,0.48032590666785163,-0.19292753629832982,0.0,0.6176451529252976,0.6771090687267264,-0.4217977735906751,-1.4216416385498971,0.07572868374024348,-0.7080273944801929,-1.0743727145599793,-0.1364789415910565,0.7155574231572918,-0.6167366847818262,-0.5372308976235367,-0.6577508990084993,-1.8455979989552511,0.0815466949454333,-0.8235546449399185,-0.8476893432760432,65,0.42699590672771914,1,389
RG3_L_000065,65,-0.029099449053866445,0.8385523411322893,0.1819418627781529,0.24951068491762612,-0.38678982241038173,-0.31705541006768895,0.5883674005367534,0.0,0.6176451529252976,-0.6657520460385278,1.1169829930268504,0.547517855938155,-0.3444868196010868,0.5364169113222037,0.32062115988144224,0.09662861106977294,1.200279855795402,-1.2312982648460196,1.0714980166573163,-1.2846408284828101,0.1430046794462067,0.48826590298762657,-1.108521127294472,-0.9690817819796572,51,0.4269504905357074,0,390
RG3_L_000553,553,-0.029099449053866445,0.8385523411322893,-0.9404356989440489,-0.2987077097782125,-0.38678982241038173,-0.31705541006768895,0.5883674005367534,0.0,-0.16738380741894748,-0.6657520460385278,-0.4217977735906751,-0.7652217551830952,0.07572868374024348,0.8475220538225758,1.018118097102153,-0.6026229124749184,-1.465545607195243,-0.0020813214763596324,-0.09850693514938538,-0.9711480314604819,1.1373060186469357,-0.2234868929434656,1.4561690609711522,1.4587577306198736,441,0.4268379714251459,0,391
RG3_L_000179,179,-0.029099449053866445,0.8385523411322893,-0.4914975187980172,0.24951068491762612,1.0330781477474453,-0.31705541006768895,-1.7558155003678992,0.0,-0.16738380741894748,0.6771090687267264,1.1169829930268504,0.547517855938155,0.07572868374024348,0.8475220538225758,0.5531171825700949,1.9613467634808144,-0.9808971328166136,0.3052463601763737,1.0714980166573163,-0.030765304963843006,0.1430046794462067,0.8949851110298198,0.03134208448195622,-0.2407294651261605,147,0.42681573160007363,0,392
RG3_L_000205,205,-0.029099449053866445,0.8385523411322893,-0.4914975187980172,0.24951068491762612,1.0330781477474453,-0.31705541006768895,-0.974520563532816,0.0,0.6176451529252976,-0.6657520460385278,1.1169829930268504,-0.10880187181629318,0.07572868374024348,-0.3969103840793668,-0.609380669182674,-2.001197094002098,-0.49617470017850324,-0.9239705831932862,0.19400546058363471,-0.6577508990084993,-0.3541839203189247,0.3865880403579936,0.03134208448195622,-0.2407294651261605,169,0.4267414709004588,1,393
RG3_L_000237,237,-0.029099449053866445,-1.1925314031676417,0.6308800429241845,0.24951068491762612,1.0330781477474453,1.2777072234033922,-0.974520563532816,0.0,1.40255433466711,-0.6657520460385278,-0.4217977735906751,-1.4216416385498971,-0.7646862933599895,-1.6413546898817633,-1.5393736290920372,0.3297361637306024,0.7155574231572918,0.612574041829107,-1.122211057964198,0.28272749205848513,0.6401932792113381,0.8949851110298198,0.17382532565923292,0.002053096912880053,193,0.4263443413344188,0,394
RG3_L_000385,385,-0.029099449053866445,0.8385523411322893,0.6308800429241845,-0.2987077097782125,-0.38678982241038173,-1.1144367268032296,0.5883674005367534,0.0,-0.9522929891607599,-0.6657520460385278,-0.4217977735906751,1.203937739304957,0.7060278943785975,0.8475220538225758,0.7856220744135003,0.5628437163914318,1.200279855795402,-0.0020813214763596324,-0.975954860097688,-0.030765304963843006,0.1430046794462067,-1.4436445170700454,-0.8235546449399185,-0.6049067812370027,309,0.42624514211495407,0,395
RG3_L_000225,225,-0.029099449053866445,-1.1925314031676417,-0.4914975187980172,-0.846821542506724,1.0330781477474453,1.2777072234033922,-0.974520563532816,0.0,0.6176451529252976,-0.6657520460385278,-0.4217977735906751,-0.10880187181629318,0.07572868374024348,0.22529990092137753,0.5531171825700949,-0.1364789415910565,-0.011452267540392873,0.3052463601763737,0.9252418187908061,0.28272749205848513,-0.8512966597545222,0.8949851110298198,0.31630584919472404,0.002053096912880053,185,0.42613175222243793,0,396
RG3_L_000182,182,-0.029099449053866445,-1.1925314031676417,0.4064002490654612,-0.2987077097782125,1.0330781477474453,1.2777072234033922,-0.19292753629832982,0.0,0.6176451529252976,-0.6657520460385278,-0.4217977735906751,-0.7652217551830952,-0.7646862933599895,-1.019132536980565,-0.609380669182674,0.5628437163914318,1.4425671138549763,1.2271356218933003,-0.5372308976235367,-0.030765304963843006,0.6401932792113381,1.8101013897438392,0.03134208448195622,-0.2407294651261605,150,0.4259148166275412,0,397
RG3_L_000130,130,-0.029099449053866445,-1.1925314031676417,0.4064002490654612,0.24951068491762612,-0.38678982241038173,0.48032590666785163,-0.19292753629832982,0.0,0.6176451529252976,0.6771090687267264,1.1169829930268504,-0.7652217551830952,-0.3444868196010868,0.5364169113222037,0.08812513719278957,0.09662861106977294,0.9579186394763469,0.612574041829107,0.632729423057786,-1.5981336255051382,0.1430046794462067,0.7933072484001868,-0.9660378861171952,-0.9690817819796572,107,0.425848497829344,0,398
RG3_L_000158,158,-0.029099449053866445,0.8385523411322893,1.7532576046463864,0.24951068491762612,1.0330781477474453,-0.31705541006768895,-1.7558155003678992,0.0,-0.16738380741894748,-0.6657520460385278,-0.4217977735906751,0.547517855938155,-0.1343870827216355,0.22529990092137753,0.32062115988144224,0.5628437163914318,-0.49617470017850324,-0.0020813214763596324,-0.24471850189051658,1.2231102185551241,0.6401932792113381,0.48826590298762657,-0.2536243978725972,-0.4835143425333886,131,0.4254959653671391,0,399
RG3_L_000139,139,-0.029099449053866445,0.8385523411322893,0.4064002490654612,0.24951068491762612,-0.38678982241038173,-0.31705541006768895,-0.19292753629832982,0.0,0.6176451529252976,-0.6657520460385278,-0.4217977735906751,-0.10880187181629318,-0.1343870827216355,0.8475220538225758,0.7856220744135003,-0.1364789415910565,-0.49617470017850324,-0.0020813214763596324,1.2177542145238263,-2.538516352001777,0.1430046794462067,0.3865880403579936,-0.6810714037626417,-0.7262969045724291,114,0.4253823449802037,0,400
RG3_L_000216,216,-0.029099449053866445,-1.1925314031676417,-1.6138536729488038,-0.2987077097782125,1.0330781477474453,0.48032590666785163,-0.974520563532816,0.0,0.6176451529252976,0.6771090687267264,-0.4217977735906751,-0.7652217551830952,-0.3444868196010868,0.22529990092137753,0.32062115988144224,0.7958801346144643,-0.49617470017850324,1.2271356218933003,0.778985620924296,-0.34425810198617113,0.6401932792113381,0.7933072484001868,0.17382532565923292,0.002053096912880053,179,0.4253307855019499,0,401
RG3_L_000303,303,-0.029099449053866445,0.8385523411322893,-0.04253793108057046,0.24951068491762612,1.0330781477474453,-0.31705541006768895,-1.7558155003678992,0.0,-0.16738380741894748,0.6771090687267264,-0.4217977735906751,-0.10880187181629318,0.49592815749914615,-0.08580524157899463,-0.14437975465061584,-0.36958649425188594,1.200279855795402,1.8417909851987668,0.48651785631665484,-0.030765304963843006,0.6401932792113381,0.8949851110298198,0.4587890903720008,0.24483797432010815,245,0.42505636377200473,0,402
RG3_L_000108,108,-0.029099449053866445,0.8385523411322893,1.3042980169289395,-0.2987077097782125,-0.38678982241038173,-0.31705541006768895,0.5883674005367534,0.0,-0.16738380741894748,0.6771090687267264,1.1169829930268504,1.203937739304957,0.07572868374024348,0.5364169113222037,-0.14437975465061584,-0.6026229124749184,0.23083499051918135,-0.6167366847818262,0.19400546058363471,-0.9711480314604819,0.6401932792113381,-1.1386031716574851,-0.8235546449399185,-0.7262969045724291,88,0.4248281949578908,0,403
RG3_L_000099,99,-0.029099449053866445,0.8385523411322893,0.4064002490654612,0.24951068491762612,-0.38678982241038173,-0.31705541006768895,0.5883674005367534,0.0,-0.16738380741894748,-2.0085875478583746,1.1169829930268504,0.547517855938155,0.2858284206196948,-0.3969103840793668,-0.8418766918713266,-0.36958649425188594,-0.011452267540392873,0.3052463601763737,-0.5372308976235367,-0.34425810198617113,-0.3541839203189247,0.3865880403579936,-0.8235546449399185,-0.7262969045724291,81,0.424525737752829,0,404
RG3_L_000151,151,-0.029099449053866445,0.8385523411322893,-0.4914975187980172,0.24951068491762612,1.0330781477474453,0.48032590666785163,-0.974520563532816,0.0,-0.16738380741894748,-0.6657520460385278,-0.4217977735906751,0.547517855938155,-0.1343870827216355,-0.08580524157899463,-0.14437975465061584,-0.6026229124749184,0.47319620683823654,-0.0020813214763596324,0.632729423057786,1.5366030155774522,-0.8512966597545222,1.301704319072013,-0.39610763904987395,-0.4835143425333886,124,0.4244923568130272,0,405
RG3_L_000478,478,-0.029099449053866445,0.8385523411322893,-0.7159559050853255,-0.846821542506724,-1.8067254988278127,-1.1144367268032296,-0.19292753629832982,0.0,-0.9522929891607599,-0.6657520460385278,-0.4217977735906751,1.203937739304957,0.7060278943785975,0.8475220538225758,1.2506229889455585,-0.8357304651357478,-0.011452267540392873,-0.0020813214763596324,1.2177542145238263,-0.030765304963843006,-0.3541839203189247,-0.5285282383560259,1.1712025786165987,1.4587577306198736,385,0.42428613854013436,0,406
RG3_L_000050,50,-0.029099449053866445,-1.1925314031676417,1.5287778107876628,0.24951068491762612,-0.38678982241038173,1.2777072234033922,-0.19292753629832982,0.0,1.40255433466711,0.6771090687267264,-0.4217977735906751,-0.7652217551830952,-0.5545865564805381,-0.7080273944801929,-0.8418766918713266,0.09662861106977294,-0.7385359164975585,-0.9239705831932862,-0.24471850189051658,-1.2846408284828101,0.1430046794462067,0.48826590298762657,-0.8235546449399185,-0.8476893432760432,41,0.4242259490950834,0,407
RG3_L_000092,92,-0.029099449053866445,0.8385523411322893,0.6308800429241845,0.24951068491762612,-0.38678982241038173,-0.31705541006768895,0.5883674005367534,0.0,0.6176451529252976,-0.6657520460385278,1.1169829930268504,0.547517855938155,0.07572868374024348,0.5364169113222037,0.08812513719278957,-0.1364789415910565,-0.2538134838594481,1.8417909851987668,1.2177542145238263,-0.030765304963843006,0.1430046794462067,-0.3251647555730986,-0.8235546449399185,-0.9690817819796572,75,0.4240618529288551,0,408
RG3_L_000212,212,-0.029099449053866445,-1.1925314031676417,0.6308800429241845,0.24951068491762612,1.0330781477474453,0.48032590666785163,-0.974520563532816,0.0,0.6176451529252976,-0.6657520460385278,1.1169829930268504,-1.4216416385498971,-0.5545865564805381,-1.3302495473813911,-1.3068776064033847,0.7958801346144643,0.47319620683823654,0.919807940240567,-0.975954860097688,0.5962202890808133,0.6401932792113381,0.6916293857705539,0.31630584919472404,0.002053096912880053,176,0.4239455975067465,0,409
RG3_L_000049,49,-0.029099449053866445,-1.1925314031676417,0.855359836782908,0.24951068491762612,-0.38678982241038173,1.2777072234033922,0.5883674005367534,0.0,0.6176451529252976,-0.6657520460385278,1.1169829930268504,-1.4216416385498971,-0.1343870827216355,-0.08580524157899463,-0.3768757773392685,-0.6026229124749184,0.9579186394763469,-0.3094090031290929,0.3402616584501448,0.5962202890808133,0.6401932792113381,0.6916293857705539,-0.8235546449399185,-0.8476893432760432,40,0.42242260566637374,0,410
RG3_L_000239,239,-0.029099449053866445,0.8385523411322893,1.0798396306416314,0.24951068491762612,1.0330781477474453,-0.31705541006768895,-0.19292753629832982,0.0,-0.16738380741894748,0.6771090687267264,1.1169829930268504,0.547517855938155,-0.1343870827216355,-0.3969103840793668,-1.0743727145599793,-0.8357304651357478,-0.9808971328166136,-0.3094090031290929,-0.8297432933565567,-0.34425810198617113,-1.3484852595196537,0.8949851110298198,0.17382532565923292,0.002053096912880053,195,0.4224104455866904,0,411
RG3_L_000409,409,-0.029099449053866445,0.8385523411322893,-0.9404356989440489,0.24951068491762612,-0.38678982241038173,0.48032590666785163,0.5883674005367534,0.0,-0.16738380741894748,0.6771090687267264,-0.4217977735906751,0.547517855938155,0.2858284206196948,1.158639064223402,1.2506229889455585,0.3297361637306024,0.7155574231572918,0.3052463601763737,0.9252418187908061,-0.030765304963843006,0.6401932792113381,-1.240281034287118,-0.6810714037626417,-0.4835143425333886,327,0.4223683078322875,0,412
RG3_L_000429,429,-0.029099449053866445,0.8385523411322893,-0.7159559050853255,0.24951068491762612,-0.38678982241038173,-0.31705541006768895,-0.19292753629832982,0.0,-0.16738380741894748,0.6771090687267264,-0.4217977735906751,-0.10880187181629318,-0.1343870827216355,-0.3969103840793668,-0.14437975465061584,-0.36958649425188594,-0.7385359164975585,-0.9239705831932862,-0.975954860097688,-0.030765304963843006,0.6401932792113381,-1.6470002423293113,0.886238813903831,0.9731902911736049,344,0.42224028876502884,0,413
RG3_L_000150,150,-0.029099449053866445,0.8385523411322893,0.1819418627781529,0.24951068491762612,1.0330781477474453,0.48032590666785163,-1.7558155003678992,0.0,0.6176451529252976,0.6771090687267264,1.1169829930268504,-0.7652217551830952,-0.1343870827216355,-0.3969103840793668,-0.8418766918713266,-0.6026229124749184,-0.011452267540392873,-0.0020813214763596324,0.3402616584501448,0.28272749205848513,0.6401932792113381,0.5899437656172595,-0.39610763904987395,-0.4835143425333886,123,0.4220532423785545,1,414
RG3_L_000167,167,-0.029099449053866445,-1.1925314031676417,-0.04253793108057046,0.24951068491762612,1.0330781477474453,0.48032590666785163,-1.7558155003678992,0.0,0.6176451529252976,-0.6657520460385278,-0.4217977735906751,-0.7652217551830952,-0.1343870827216355,-0.7080273944801929,-0.3768757773392685,-1.3019455704574068,-0.2538134838594481,-0.6167366847818262,-0.975954860097688,1.5366030155774522,0.6401932792113381,1.2000264564423802,-0.1111411566953205,-0.36212190382977455,139,0.4215834696873108,0,415
RG3_L_000222,222,-0.029099449053866445,0.8385523411322893,0.855359836782908,0.24951068491762612,1.0330781477474453,-0.31705541006768895,-0.974520563532816,0.0,-0.16738380741894748,-0.6657520460385278,1.1169829930268504,0.547517855938155,0.07572868374024348,-0.7080273944801929,-0.8418766918713266,0.09662861106977294,2.1696507628121418,-0.0020813214763596324,-0.09850693514938538,-1.5981336255051382,0.1430046794462067,0.8949851110298198,0.31630584919472404,0.002053096912880053,183,0.421449160707803,0,416
RG3_L_000141,141,-0.029099449053866445,-1.1925314031676417,-0.04253793108057046,-0.2987077097782125,-0.38678982241038173,0.48032590666785163,0.5883674005367534,0.0,0.6176451529252976,0.6771090687267264,-0.4217977735906751,-0.7652217551830952,-0.5545865564805381,-0.3969103840793668,-0.3768757773392685,-0.36958649425188594,0.7155574231572918,-1.2312982648460196,-0.09850693514938538,-0.030765304963843006,-0.8512966597545222,-0.3251647555730986,-0.6810714037626417,-0.6049067812370027,115,0.421375371073807,0,417
RG3_L_000153,153,-0.029099449053866445,-1.1925314031676417,0.4064002490654612,-0.2987077097782125,1.0330781477474453,0.48032590666785163,-0.974520563532816,0.0,0.6176451529252976,0.6771090687267264,-0.4217977735906751,-0.10880187181629318,-0.3444868196010868,-0.08580524157899463,-0.14437975465061584,-0.36958649425188594,-0.7385359164975585,-1.8459536281514861,0.48651785631665484,-1.2846408284828101,-0.3541839203189247,0.0815466949454333,-0.1111411566953205,-0.36212190382977455,126,0.42135839025335003,0,418
RG3_L_000185,185,-0.029099449053866445,0.8385523411322893,-0.04253793108057046,-0.2987077097782125,1.0330781477474453,-0.31705541006768895,-0.974520563532816,0.0,-0.16738380741894748,-0.6657520460385278,-0.4217977735906751,1.203937739304957,0.07572868374024348,-0.08580524157899463,0.08812513719278957,1.4952027925969524,1.4425671138549763,1.2271356218933003,0.19400546058363471,0.28272749205848513,-0.3541839203189247,-0.12180903031383264,0.03134208448195622,-0.11933702642254647,153,0.4211913035098246,0,419
RG3_L_000276,276,-0.029099449053866445,0.8385523411322893,0.855359836782908,0.24951068491762612,1.0330781477474453,-1.1144367268032296,-0.974520563532816,0.0,-0.16738380741894748,0.6771090687267264,-0.4217977735906751,0.547517855938155,0.2858284206196948,-0.3969103840793668,-0.3768757773392685,1.728310345257782,-0.011452267540392873,-0.3094090031290929,-0.5372308976235367,-0.030765304963843006,0.6401932792113381,0.5899437656172595,0.6012723315492775,0.1234455356164941,224,0.4211277435436329,0,420
RG3_L_000100,100,-0.029099449053866445,0.8385523411322893,0.6308800429241845,0.24951068491762612,-0.38678982241038173,-1.1144367268032296,1.3696623373718366,0.0,-0.16738380741894748,-0.6657520460385278,1.1169829930268504,0.547517855938155,0.07572868374024348,0.22529990092137753,-0.3768757773392685,0.5628437163914318,-1.223184390876188,-0.0020813214763596324,0.778985620924296,-0.6577508990084993,-0.8512966597545222,0.28491017772836064,-0.8235546449399185,-0.8476893432760432,82,0.42071116493871596,0,421
RG3_L_000168,168,-0.029099449053866445,0.8385523411322893,0.855359836782908,0.24951068491762612,1.0330781477474453,-1.1144367268032296,-0.974520563532816,0.0,-0.16738380741894748,0.6771090687267264,-0.4217977735906751,0.547517855938155,0.2858284206196948,-0.3969103840793668,-0.3768757773392685,-0.6026229124749184,0.7155574231572918,1.2271356218933003,0.04774926271712467,-0.6577508990084993,0.1430046794462067,0.28491017772836064,-0.1111411566953205,-0.36212190382977455,140,0.4206556744795218,0,422
RG3_L_000047,47,-0.029099449053866445,0.8385523411322893,0.6308800429241845,0.24951068491762612,-0.38678982241038173,-0.31705541006768895,1.3696623373718366,0.0,-0.16738380741894748,0.6771090687267264,1.1169829930268504,0.547517855938155,0.07572868374024348,0.22529990092137753,0.08812513719278957,-0.1364789415910565,0.23083499051918135,1.2271356218933003,0.632729423057786,0.5962202890808133,-0.3541839203189247,0.3865880403579936,-0.8235546449399185,-0.8476893432760432,38,0.4206472621885946,0,423
RG3_L_000144,144,-0.029099449053866445,-1.1925314031676417,-0.2670177249392938,0.24951068491762612,1.0330781477474453,0.48032590666785163,-0.19292753629832982,0.0,0.6176451529252976,-0.6657520460385278,-0.4217977735906751,-0.10880187181629318,-0.7646862933599895,0.22529990092137753,0.32062115988144224,1.0289876872752937,-0.011452267540392873,0.919807940240567,1.2177542145238263,1.5366030155774522,0.1430046794462067,0.6916293857705539,-0.2536243978725972,-0.6049067812370027,117,0.420625418508275,0,424
RG3_L_000453,453,-0.029099449053866445,0.8385523411322893,-0.9404356989440489,0.24951068491762612,-0.38678982241038173,-1.1144367268032296,0.5883674005367534,0.0,-0.9522929891607599,0.6771090687267264,-0.4217977735906751,1.203937739304957,0.7060278943785975,1.7808493492241462,1.7156150343228638,0.09662861106977294,0.23083499051918135,0.3052463601763737,0.9252418187908061,0.5962202890808133,0.1430046794462067,-0.6302061009856589,0.886238813903831,1.0945827298772188,364,0.4205805651274097,0,425
RG3_L_000101,101,-0.029099449053866445,0.8385523411322893,1.0798396306416314,0.24951068491762612,-0.38678982241038173,-0.31705541006768895,-0.19292753629832982,0.0,-0.16738380741894748,0.6771090687267264,1.1169829930268504,0.547517855938155,0.2858284206196948,0.8475220538225758,0.5531171825700949,-0.6026229124749184,0.7155574231572918,-0.0020813214763596324,1.5102219791314675,0.9096174215327959,-0.8512966597545222,0.28491017772836064,-0.9660378861171952,-0.8476893432760432,83,0.4204364947868233,0,426
RG3_L_000054,54,-0.029099449053866445,0.8385523411322893,-0.7159559050853255,0.24951068491762612,-0.38678982241038173,0.48032590666785163,0.5883674005367534,0.0,-0.16738380741894748,0.6771090687267264,1.1169829930268504,-0.10880187181629318,0.07572868374024348,-0.7080273944801929,-1.0743727145599793,-0.1364789415910565,-0.9808971328166136,-0.6167366847818262,-0.09850693514938538,-0.34425810198617113,0.6401932792113381,-0.3251647555730986,-0.9660378861171952,-0.8476893432760432,43,0.4203389348463817,0,427
RG3_L_000338,338,-0.029099449053866445,-1.1925314031676417,0.4064002490654612,-0.846821542506724,1.0330781477474453,0.48032590666785163,-0.974520563532816,0.0,0.6176451529252976,-0.6657520460385278,-0.4217977735906751,-0.10880187181629318,0.07572868374024348,-0.7080273944801929,-0.609380669182674,-0.36958649425188594,-0.9808971328166136,-0.9239705831932862,-0.24471850189051658,-0.6577508990084993,-0.3541839203189247,0.8949851110298198,0.31630584919472404,0.1234455356164941,273,0.4202359054438427,0,428
RG3_L_000281,281,-0.029099449053866445,-1.1925314031676417,0.4064002490654612,-0.2987077097782125,1.0330781477474453,0.48032590666785163,-0.974520563532816,0.0,0.6176451529252976,0.6771090687267264,-0.4217977735906751,-0.7652217551830952,-0.7646862933599895,-0.7080273944801929,-0.609380669182674,1.0289876872752937,0.47319620683823654,0.3052463601763737,-0.39097469975702664,0.5962202890808133,2.1316073578476646,0.8949851110298198,0.31630584919472404,0.002053096912880053,229,0.42004860506984243,0,429
RG3_L_000313,313,-0.029099449053866445,0.8385523411322893,-0.4914975187980172,0.24951068491762612,1.0330781477474453,0.48032590666785163,-0.974520563532816,0.0,0.6176451529252976,-0.6657520460385278,1.1169829930268504,-0.10880187181629318,-0.3444868196010868,0.5364169113222037,0.32062115988144224,-1.3019455704574068,0.9579186394763469,0.3052463601763737,1.2177542145238263,-0.34425810198617113,0.1430046794462067,0.8949851110298198,0.6012723315492775,0.1234455356164941,254,0.4200115423400921,0,430
RG3_L_000234,234,-0.029099449053866445,-1.1925314031676417,0.6308800429241845,0.24951068491762612,1.0330781477474453,0.48032590666785163,-0.19292753629832982,0.0,0.6176451529252976,-0.6657520460385278,1.1169829930268504,-0.10880187181629318,-0.3444868196010868,-0.08580524157899463,-0.3768757773392685,0.7958801346144643,-0.9808971328166136,0.919807940240567,1.5102219791314675,-0.34425810198617113,-0.3541839203189247,0.9966629736594528,0.31630584919472404,0.002053096912880053,190,0.4198712149022531,0,431
RG3_L_000232,232,-0.029099449053866445,0.8385523411322893,-0.04253793108057046,0.24951068491762612,1.0330781477474453,0.48032590666785163,-1.7558155003678992,0.0,0.6176451529252976,-0.6657520460385278,1.1169829930268504,-0.10880187181629318,0.07572868374024348,0.5364169113222037,0.08812513719278957,0.09662861106977294,-0.49617470017850324,1.2271356218933003,1.2177542145238263,-0.030765304963843006,0.6401932792113381,0.8949851110298198,0.31630584919472404,0.002053096912880053,188,0.41969414594205023,0,432
RG3_L_000071,71,-0.029099449053866445,-1.1925314031676417,1.0798396306416314,0.24951068491762612,-0.38678982241038173,0.48032590666785163,-0.19292753629832982,0.0,0.6176451529252976,0.6771090687267264,1.1169829930268504,-0.7652217551830952,0.07572868374024348,-0.3969103840793668,-1.0743727145599793,-0.8357304651357478,-0.2538134838594481,-0.9239705831932862,-0.24471850189051658,-0.030765304963843006,0.1430046794462067,0.9966629736594528,-1.108521127294472,-1.0904742206832714,57,0.4196171348925681,0,433
RG3_L_000279,279,-0.029099449053866445,0.8385523411322893,-0.04253793108057046,0.24951068491762612,1.0330781477474453,-0.31705541006768895,-0.974520563532816,0.0,-0.16738380741894748,0.6771090687267264,1.1169829930268504,-0.7652217551830952,0.2858284206196948,1.158639064223402,0.5531171825700949,-0.8357304651357478,-0.2538134838594481,0.3052463601763737,1.2177542145238263,0.28272749205848513,-1.3484852595196537,0.3865880403579936,0.31630584919472404,0.002053096912880053,227,0.41954856409168106,0,434
RG3_L_000120,120,-0.029099449053866445,0.8385523411322893,0.855359836782908,-0.2987077097782125,-0.38678982241038173,-0.31705541006768895,0.5883674005367534,0.0,-0.16738380741894748,-0.6657520460385278,-0.4217977735906751,0.547517855938155,0.07572868374024348,0.22529990092137753,0.32062115988144224,0.3297361637306024,1.200279855795402,-0.0020813214763596324,1.8027343748644875,-0.34425810198617113,0.1430046794462067,0.3865880403579936,-0.9660378861171952,-0.8476893432760432,98,0.4192256702496338,0,435
RG3_L_000340,340,-0.029099449053866445,0.8385523411322893,-1.1649154928027723,0.24951068491762612,1.0330781477474453,-0.31705541006768895,-0.19292753629832982,0.0,0.6176451529252976,0.6771090687267264,-0.4217977735906751,0.547517855938155,0.07572868374024348,0.5364169113222037,0.7856220744135003,0.5628437163914318,-0.7385359164975585,-0.0020813214763596324,1.6564781769979775,0.5962202890808133,-0.3541839203189247,0.8949851110298198,0.4587890903720008,0.002053096912880053,275,0.41886009326655604,0,436
RG3_L_000178,178,-0.029099449053866445,0.8385523411322893,-0.2670177249392938,-0.846821542506724,1.0330781477474453,-1.1144367268032296,-0.19292753629832982,0.0,-0.16738380741894748,0.6771090687267264,-0.4217977735906751,0.547517855938155,0.07572868374024348,0.5364169113222037,0.5531171825700949,0.3297361637306024,0.9579186394763469,-0.9239705831932862,0.778985620924296,-0.34425810198617113,-0.3541839203189247,-0.2234868929434656,0.03134208448195622,-0.2407294651261605,146,0.4188590473863565,0,437
RG3_L_000515,515,-0.029099449053866445,0.8385523411322893,0.1819418627781529,0.24951068491762612,-0.38678982241038173,-1.1144367268032296,0.5883674005367534,0.0,-0.9522929891607599,-0.6657520460385278,-0.4217977735906751,0.547517855938155,0.2858284206196948,0.8475220538225758,0.7856220744135003,-0.8357304651357478,-0.2538134838594481,-1.5386259464987528,0.04774926271712467,0.9096174215327959,0.6401932792113381,-0.4268503757263929,1.1712025786165987,1.3373652919162595,410,0.41884820092389374,0,438
RG3_L_000289,289,-0.029099449053866445,-1.1925314031676417,0.855359836782908,0.24951068491762612,1.0330781477474453,0.48032590666785163,-0.19292753629832982,0.0,0.6176451529252976,0.6771090687267264,1.1169829930268504,-0.10880187181629318,-0.5545865564805381,-0.3969103840793668,-0.609380669182674,0.7958801346144643,0.9579186394763469,0.3052463601763737,0.778985620924296,0.5962202890808133,-0.8512966597545222,0.9966629736594528,0.4587890903720008,0.24483797432010815,234,0.4187959740394578,0,439
RG3_L_000152,152,-0.029099449053866445,0.8385523411322893,1.5287778107876628,0.24951068491762612,1.0330781477474453,0.48032590666785163,-0.974520563532816,0.0,0.6176451529252976,-0.6657520460385278,-0.4217977735906751,0.547517855938155,0.07572868374024348,-0.08580524157899463,-0.14437975465061584,0.7958801346144643,1.4425671138549763,-0.0020813214763596324,0.632729423057786,-0.34425810198617113,0.1430046794462067,0.5899437656172595,-0.538588162585365,-0.4835143425333886,125,0.4187743899560114,1,440
RG3_L_000304,304,-0.029099449053866445,0.8385523411322893,-0.2670177249392938,0.24951068491762612,1.0330781477474453,-0.31705541006768895,-0.974520563532816,0.0,-0.16738380741894748,-2.0085875478583746,-0.4217977735906751,0.547517855938155,0.2858284206196948,0.22529990092137753,0.32062115988144224,0.5628437163914318,-0.2538134838594481,0.3052463601763737,0.778985620924296,0.28272749205848513,1.1373060186469357,1.0983408362890856,0.31630584919472404,0.002053096912880053,246,0.4186833338659434,0,441
RG3_L_000059,59,-0.029099449053866445,-1.1925314031676417,-0.04253793108057046,0.7977290796134647,-0.38678982241038173,1.2777072234033922,0.5883674005367534,0.0,0.6176451529252976,0.6771090687267264,-0.4217977735906751,-0.7652217551830952,-0.5545865564805381,-1.3302495473813911,-1.0743727145599793,0.5628437163914318,-0.7385359164975585,-0.3094090031290929,-0.5372308976235367,-0.34425810198617113,-0.8512966597545222,0.3865880403579936,-0.9660378861171952,-0.8476893432760432,47,0.41864853909504096,0,442
RG3_L_000218,218,-0.029099449053866445,-1.1925314031676417,-0.04253793108057046,0.24951068491762612,1.0330781477474453,0.48032590666785163,-0.19292753629832982,0.0,0.6176451529252976,2.0199701834919805,-0.4217977735906751,-0.7652217551830952,-0.7646862933599895,-1.019132536980565,-0.8418766918713266,0.3297361637306024,-1.223184390876188,0.3052463601763737,-1.122211057964198,1.2231102185551241,0.6401932792113381,0.8949851110298198,0.17382532565923292,-0.11933702642254647,180,0.41745413661231123,0,443
RG3_L_000046,46,-0.029099449053866445,0.8385523411322893,0.6308800429241845,-0.2987077097782125,-0.38678982241038173,-0.31705541006768895,-0.19292753629832982,0.0,-0.16738380741894748,-0.6657520460385278,-0.4217977735906751,0.547517855938155,0.2858284206196948,-0.08580524157899463,-0.3768757773392685,-0.36958649425188594,-1.465545607195243,-0.0020813214763596324,0.3402616584501448,-0.030765304963843006,-1.8455979989552511,0.3865880403579936,-0.8235546449399185,-0.8476893432760432,37,0.4173285847944779,0,444
RG3_L_000061,61,-0.029099449053866445,-1.1925314031676417,1.0798396306416314,-0.2987077097782125,-0.38678982241038173,0.48032590666785163,-0.19292753629832982,0.0,0.6176451529252976,0.6771090687267264,-0.4217977735906751,-0.10880187181629318,-0.3444868196010868,-1.019132536980565,-0.609380669182674,-0.6026229124749184,-0.7385359164975585,-0.3094090031290929,-1.268467255830708,0.5962202890808133,-1.3484852595196537,0.48826590298762657,-0.8235546449399185,-0.8476893432760432,49,0.4166400911109467,0,445
RG3_L_000417,417,-0.029099449053866445,0.8385523411322893,-0.7159559050853255,0.24951068491762612,-0.38678982241038173,-0.31705541006768895,0.5883674005367534,0.0,-0.9522929891607599,0.6771090687267264,-0.4217977735906751,0.547517855938155,0.07572868374024348,0.8475220538225758,0.7856220744135003,-0.36958649425188594,-1.223184390876188,1.5344633035460336,0.9252418187908061,0.9096174215327959,-0.8512966597545222,-0.12180903031383264,0.7437555727265542,0.9731902911736049,334,0.4163621305376012,0,446
RG3_L_000207,207,-0.029099449053866445,-1.1925314031676417,-0.2670177249392938,0.24951068491762612,1.0330781477474453,0.48032590666785163,-1.7558155003678992,0.0,0.6176451529252976,-0.6657520460385278,1.1169829930268504,-0.7652217551830952,-0.5545865564805381,-0.3969103840793668,-0.14437975465061584,-0.1364789415910565,-1.223184390876188,0.3052463601763737,1.0714980166573163,0.5962202890808133,0.6401932792113381,0.3865880403579936,0.17382532565923292,0.002053096912880053,171,0.4158281689899993,0,447
RG3_L_000476,476,-0.029099449053866445,0.8385523411322893,-0.7159559050853255,0.24951068491762612,-1.8067254988278127,-1.1144367268032296,0.5883674005367534,0.0,-0.9522929891607599,0.6771090687267264,-0.4217977735906751,1.203937739304957,0.9161276312580487,0.8475220538225758,1.018118097102153,0.09662861106977294,0.9579186394763469,-0.0020813214763596324,0.04774926271712467,-0.34425810198617113,0.1430046794462067,-0.5285282383560259,1.1712025786165987,1.3373652919162595,383,0.4147952199556869,1,448
RG3_L_000257,257,-0.029099449053866445,0.8385523411322893,0.6308800429241845,-0.2987077097782125,1.0330781477474453,-0.31705541006768895,-0.974520563532816,0.0,0.6176451529252976,-0.6657520460385278,-0.4217977735906751,0.547517855938155,-0.3444868196010868,-1.019132536980565,-1.0743727145599793,-0.36958649425188594,0.7155574231572918,-0.3094090031290929,-1.268467255830708,-0.34425810198617113,0.1430046794462067,0.7933072484001868,0.17382532565923292,0.002053096912880053,209,0.41449553233815,0,449
RG3_L_000233,233,-0.029099449053866445,0.8385523411322893,0.6308800429241845,0.24951068491762612,1.0330781477474453,-0.31705541006768895,-0.974520563532816,0.0,-0.16738380741894748,-0.6657520460385278,1.1169829930268504,-0.10880187181629318,-0.1343870827216355,0.22529990092137753,0.08812513719278957,0.5628437163914318,0.23083499051918135,-0.0020813214763596324,1.2177542145238263,-0.6577508990084993,-1.8455979989552511,0.7933072484001868,0.31630584919472404,0.002053096912880053,189,0.4142541337702244,0,450
RG3_L_000083,83,-0.029099449053866445,0.8385523411322893,-0.2670177249392938,0.24951068491762612,-0.38678982241038173,-0.31705541006768895,0.5883674005367534,0.0,-0.16738380741894748,0.6771090687267264,-0.4217977735906751,0.547517855938155,0.2858284206196948,1.158639064223402,1.018118097102153,-0.6026229124749184,0.23083499051918135,-0.3094090031290929,1.2177542145238263,-0.030765304963843006,0.6401932792113381,0.0815466949454333,-0.9660378861171952,-0.8476893432760432,67,0.4135925718593018,0,451
RG3_L_000321,321,-0.029099449053866445,0.8385523411322893,-0.2670177249392938,0.24951068491762612,1.0330781477474453,-0.31705541006768895,-0.974520563532816,0.0,-0.16738380741894748,0.6771090687267264,-0.4217977735906751,1.203937739304957,0.2858284206196948,0.22529990092137753,0.32062115988144224,0.5628437163914318,0.47319620683823654,1.8417909851987668,0.778985620924296,-0.34425810198617113,0.1430046794462067,0.9966629736594528,0.31630584919472404,0.1234455356164941,260,0.41347389183520983,0,452
RG3_L_000128,128,-0.029099449053866445,-1.1925314031676417,-0.04253793108057046,0.24951068491762612,-0.38678982241038173,-0.31705541006768895,0.5883674005367534,0.0,-0.16738380741894748,-0.6657520460385278,1.1169829930268504,-0.7652217551830952,0.07572868374024348,-0.7080273944801929,-0.8418766918713266,0.09662861106977294,-0.2538134838594481,0.3052463601763737,-0.09850693514938538,0.28272749205848513,0.1430046794462067,0.8949851110298198,-0.9660378861171952,-0.8476893432760432,105,0.4127348593453911,0,453
RG3_L_000186,186,-0.029099449053866445,0.8385523411322893,0.6308800429241845,0.24951068491762612,1.0330781477474453,-0.31705541006768895,-0.974520563532816,0.0,-0.16738380741894748,-0.6657520460385278,-0.4217977735906751,0.547517855938155,0.07572868374024348,0.5364169113222037,0.5531171825700949,-0.36958649425188594,-1.223184390876188,-0.0020813214763596324,1.6564781769979775,-0.6577508990084993,0.6401932792113381,0.0815466949454333,0.03134208448195622,-0.11933702642254647,154,0.41250081723120946,0,454
RG3_L_000174,174,-0.029099449053866445,-1.1925314031676417,1.0798396306416314,0.24951068491762612,1.0330781477474453,0.48032590666785163,-0.19292753629832982,0.0,0.6176451529252976,-0.6657520460385278,1.1169829930268504,-0.10880187181629318,-0.5545865564805381,-1.019132536980565,-1.0743727145599793,0.3297361637306024,-1.223184390876188,-0.0020813214763596324,-0.8297432933565567,-0.9711480314604819,0.6401932792113381,0.0815466949454333,-0.1111411566953205,-0.36212190382977455,143,0.4121944811453026,0,455
RG3_L_000263,263,-0.029099449053866445,-1.1925314031676417,-1.1649154928027723,0.24951068491762612,1.0330781477474453,0.48032590666785163,-0.974520563532816,0.0,0.6176451529252976,0.6771090687267264,-0.4217977735906751,-0.7652217551830952,-0.1343870827216355,-0.7080273944801929,-0.3768757773392685,-0.36958649425188594,-0.7385359164975585,0.3052463601763737,-0.975954860097688,0.9096174215327959,-0.8512966597545222,0.7933072484001868,0.31630584919472404,0.002053096912880053,215,0.4120709159541108,0,456
RG3_L_000240,240,-0.029099449053866445,0.8385523411322893,0.6308800429241845,0.24951068491762612,1.0330781477474453,-1.1144367268032296,-0.974520563532816,0.0,-0.16738380741894748,-0.6657520460385278,1.1169829930268504,0.547517855938155,0.2858284206196948,0.22529990092137753,-0.14437975465061584,0.3297361637306024,1.200279855795402,-0.3094090031290929,0.04774926271712467,-0.6577508990084993,-0.8512966597545222,0.8949851110298198,0.17382532565923292,-0.11933702642254647,196,0.41191516818347407,0,457
RG3_L_000305,305,-0.029099449053866445,0.8385523411322893,-0.4914975187980172,0.24951068491762612,1.0330781477474453,-0.31705541006768895,-0.19292753629832982,0.0,0.6176451529252976,-0.6657520460385278,-0.4217977735906751,0.547517855938155,-0.1343870827216355,0.22529990092137753,0.5531171825700949,0.3297361637306024,-0.011452267540392873,-0.0020813214763596324,1.8027343748644875,-0.6577508990084993,0.6401932792113381,0.18323231509872764,0.6012723315492775,0.24483797432010815,247,0.4116433412913148,0,458
RG3_L_000491,491,-0.029099449053866445,0.8385523411322893,-0.9404356989440489,0.24951068491762612,-0.38678982241038173,-1.1144367268032296,0.5883674005367534,0.0,-0.9522929891607599,-0.6657520460385278,-0.4217977735906751,0.547517855938155,0.2858284206196948,-0.08580524157899463,-0.14437975465061584,0.7958801346144643,-0.011452267540392873,-0.0020813214763596324,-0.975954860097688,-0.6577508990084993,-0.8512966597545222,-0.5285282383560259,1.028719337439322,1.2159728532126455,394,0.41153042525206046,0,459
RG3_L_000162,162,-0.029099449053866445,-1.1925314031676417,-0.2670177249392938,0.24951068491762612,1.0330781477474453,0.48032590666785163,-0.974520563532816,0.0,0.6176451529252976,-0.6657520460385278,-0.4217977735906751,-0.7652217551830952,-0.5545865564805381,-0.08580524157899463,0.08812513719278957,-0.36958649425188594,-1.465545607195243,-0.0020813214763596324,1.3639657812649575,-0.6577508990084993,0.1430046794462067,0.6916293857705539,-0.2536243978725972,-0.36212190382977455,135,0.4111627738853969,0,460
RG3_L_000085,85,-0.029099449053866445,-1.1925314031676417,0.855359836782908,0.24951068491762612,-0.38678982241038173,1.2777072234033922,0.5883674005367534,0.0,0.6176451529252976,-0.6657520460385278,-0.4217977735906751,-0.7652217551830952,-0.5545865564805381,-0.08580524157899463,0.32062115988144224,0.3297361637306024,0.23083499051918135,-0.0020813214763596324,0.778985620924296,-0.030765304963843006,0.1430046794462067,0.3865880403579936,-0.8235546449399185,-0.9690817819796572,69,0.41054592837620874,1,461
RG3_L_000251,251,-0.029099449053866445,0.8385523411322893,-0.04253793108057046,0.24951068491762612,1.0330781477474453,-0.31705541006768895,-0.974520563532816,0.0,-0.16738380741894748,0.6771090687267264,-0.4217977735906751,1.203937739304957,0.2858284206196948,0.5364169113222037,0.08812513719278957,-0.36958649425188594,0.23083499051918135,1.5344633035460336,1.2177542145238263,-0.34425810198617113,-0.3541839203189247,0.8949851110298198,0.31630584919472404,0.002053096912880053,205,0.41046264504578744,0,462
RG3_L_000544,544,-0.029099449053866445,0.8385523411322893,-0.2670177249392938,0.24951068491762612,-0.38678982241038173,-0.31705541006768895,0.5883674005367534,0.0,-0.16738380741894748,-0.6657520460385278,-0.4217977735906751,-0.10880187181629318,-0.1343870827216355,0.5364169113222037,0.7856220744135003,0.5628437163914318,-0.9808971328166136,-0.3094090031290929,-0.09850693514938538,0.28272749205848513,-0.8512966597545222,-0.3251647555730986,1.3136858197938754,1.4587577306198736,433,0.407949104341565,0,463
RG3_L_000241,241,-0.029099449053866445,0.8385523411322893,-0.4914975187980172,-0.2987077097782125,1.0330781477474453,-0.31705541006768895,-0.974520563532816,0.0,-0.16738380741894748,0.6771090687267264,-0.4217977735906751,-0.10880187181629318,0.07572868374024348,0.8475220538225758,0.5531171825700949,0.3297361637306024,-0.7385359164975585,-0.0020813214763596324,0.9252418187908061,-0.34425810198617113,1.1373060186469357,0.9966629736594528,0.17382532565923292,-0.11933702642254647,197,0.4077274173691488,0,464
RG3_L_000462,462,-0.029099449053866445,0.8385523411322893,0.6308800429241845,0.24951068491762612,-0.38678982241038173,-0.31705541006768895,0.5883674005367534,0.0,-0.16738380741894748,-0.6657520460385278,-0.4217977735906751,0.547517855938155,0.2858284206196948,0.5364169113222037,0.5531171825700949,-0.36958649425188594,-0.49617470017850324,0.3052463601763737,0.3402616584501448,-0.030765304963843006,0.1430046794462067,-1.240281034287118,1.028719337439322,1.2159728532126455,372,0.40730594302156126,0,465
RG3_L_000055,55,-0.029099449053866445,0.8385523411322893,0.1819418627781529,0.24951068491762612,-0.38678982241038173,-0.31705541006768895,0.5883674005367534,0.0,-0.16738380741894748,-0.6657520460385278,-0.4217977735906751,0.547517855938155,0.07572868374024348,-0.08580524157899463,0.32062115988144224,0.5628437163914318,0.9579186394763469,0.3052463601763737,0.9252418187908061,-0.34425810198617113,1.1373060186469357,0.9966629736594528,-0.9660378861171952,-0.8476893432760432,44,0.40667953114725863,0,466
RG3_L_000131,131,-0.029099449053866445,-1.1925314031676417,0.855359836782908,0.24951068491762612,-0.38678982241038173,0.48032590666785163,0.5883674005367534,0.0,0.6176451529252976,0.6771090687267264,-0.4217977735906751,-0.7652217551830952,-0.3444868196010868,-0.3969103840793668,-0.3768757773392685,-0.36958649425188594,-1.465545607195243,0.3052463601763737,0.19400546058363471,0.28272749205848513,0.1430046794462067,-0.3251647555730986,-0.8235546449399185,-0.8476893432760432,108,0.40521588472765785,0,467
RG3_L_000260,260,-0.029099449053866445,0.8385523411322893,-0.7159559050853255,0.24951068491762612,1.0330781477474453,-0.31705541006768895,-0.19292753629832982,0.0,-0.16738380741894748,-0.6657520460385278,-0.4217977735906751,1.203937739304957,0.49592815749914615,0.5364169113222037,0.5531171825700949,-0.1364789415910565,-0.9808971328166136,0.3052463601763737,0.48651785631665484,-0.030765304963843006,0.6401932792113381,0.9966629736594528,0.17382532565923292,0.002053096912880053,212,0.4040885771426742,0,468
RG3_L_000173,173,-0.029099449053866445,-1.1925314031676417,0.855359836782908,0.24951068491762612,1.0330781477474453,0.48032590666785163,-0.974520563532816,0.0,0.6176451529252976,0.6771090687267264,-0.4217977735906751,-0.10880187181629318,-0.5545865564805381,-0.7080273944801929,-0.14437975465061584,0.09662861106977294,-0.011452267540392873,0.612574041829107,-0.8297432933565567,0.28272749205848513,-0.3541839203189247,-0.2234868929434656,0.03134208448195622,-0.2407294651261605,142,0.40245330237089494,1,469
RG3_L_000214,214,-0.029099449053866445,0.8385523411322893,0.6308800429241845,0.24951068491762612,1.0330781477474453,-0.31705541006768895,0.5883674005367534,0.0,-0.16738380741894748,0.6771090687267264,-0.4217977735906751,0.547517855938155,-0.1343870827216355,-0.08580524157899463,0.08812513719278957,-0.8357304651357478,0.7155574231572918,-0.0020813214763596324,0.632729423057786,-0.030765304963843006,-0.8512966597545222,0.6916293857705539,0.17382532565923292,-0.11933702642254647,177,0.4014315757712265,0,470
RG3_L_000295,295,-0.029099449053866445,0.8385523411322893,-0.2670177249392938,0.24951068491762612,1.0330781477474453,-0.31705541006768895,-0.974520563532816,0.0,-0.16738380741894748,0.6771090687267264,-0.4217977735906751,0.547517855938155,0.2858284206196948,0.22529990092137753,0.08812513719278957,-0.6026229124749184,-0.2538134838594481,0.3052463601763737,0.778985620924296,0.5962202890808133,-0.8512966597545222,0.9966629736594528,0.31630584919472404,0.1234455356164941,238,0.4011990724292715,0,471
RG3_L_000259,259,-0.029099449053866445,0.8385523411322893,0.1819418627781529,0.24951068491762612,1.0330781477474453,-0.31705541006768895,-0.974520563532816,0.0,-0.16738380741894748,0.6771090687267264,-0.4217977735906751,0.547517855938155,0.2858284206196948,0.22529990092137753,0.08812513719278957,0.3297361637306024,0.9579186394763469,-0.3094090031290929,0.3402616584501448,-0.030765304963843006,0.6401932792113381,0.8949851110298198,0.31630584919472404,0.002053096912880053,211,0.39272210013973746,0,472
