record_id,pattern_row,Injection_Time,Filling_Time,Plasticizing_Time,Cycle_Time,Clamp_Close_Time,Cushion_Position,Plasticizing_Position,Clamp_Open_Position,Max_Injection_Speed,Max_Screw_RPM,Average_Screw_RPM,Max_Injection_Pressure,Max_Switch_Over_Pressure,Max_Back_Pressure,Average_Back_Pressure,Barrel_Temperature_1,Barrel_Temperature_2,Barrel_Temperature_3,Barrel_Temperature_4,Barrel_Temperature_5,Barrel_Temperature_6,Hopper_Temperature,Mold_Temperature_3,Mold_Temperature_4,input_position,if_score,label,if_rank
RG3_L_000558,558,8.569633990700348,0.8385523411322893,-2.0628132606662506,-1.3950399372025626,-1.8067254988278127,2.0750885401389327,0.5883674005367534,0.0,-1.737321949505005,0.6771090687267264,-0.4217977735906751,1.8602574670594052,1.1262433977199278,1.7808493492241462,1.7156150343228638,1.728310345257782,1.200279855795402,-0.0020813214763596324,1.0714980166573163,-0.6577508990084993,-0.3541839203189247,-0.12180903031383264,1.4561690609711522,1.7015426080271017,332,0.5765992923833244,0,1
RG3_L_000578,578,-0.029099449053866445,0.8385523411322893,-1.6138536729488038,11.761887849595583,-0.38678982241038173,-1.1144367268032296,1.3696623373718366,0.0,-0.9522929891607599,0.6771090687267264,-0.4217977735906751,1.203937739304957,0.49592815749914615,1.469744206723774,1.7156150343228638,-2.467412199323757,0.7155574231572918,-2.1532813098042194,1.2177542145238263,0.9096174215327959,-1.3484852595196537,-0.4268503757263929,1.598652302148429,1.7015426080271017,345,0.5580364547521627,0,2
RG3_L_000035,35,-8.627730385041827,-1.1925314031676417,2.202217192363833,-0.2987077097782125,1.0330781477474453,-1.1144367268032296,1.3696623373718366,0.0,2.187583295011355,0.6771090687267264,1.1169829930268504,-3.3907009774255954,-1.1849017967013198,-1.019132536980565,-1.3068776064033847,0.5628437163914318,-0.9808971328166136,-0.0020813214763596324,0.632729423057786,-0.030765304963843006,-0.8512966597545222,0.18323231509872764,-1.5359681331845165,-1.697434098833154,22,0.5574048801491552,0,3
RG3_L_000477,477,8.569633990700348,0.8385523411322893,-1.3893952866614956,-0.2987077097782125,-1.8067254988278127,1.2777072234033922,1.3696623373718366,0.0,-1.737321949505005,-0.6657520460385278,-0.4217977735906751,1.8602574670594052,1.1262433977199278,1.469744206723774,1.483119011634211,0.09662861106977294,-0.49617470017850324,0.3052463601763737,0.778985620924296,1.2231102185551241,-2.8399751984855137,-0.020131167684199668,1.1712025786165987,1.3373652919162595,288,0.5412040157145106,0,4
RG3_L_000037,37,-0.029099449053866445,-1.1925314031676417,0.1819418627781529,0.24951068491762612,1.0330781477474453,0.48032590666785163,2.932550301441406,0.0,1.40255433466711,2.0199701834919805,2.655763759644376,-0.7652217551830952,-0.1343870827216355,0.22529990092137753,-0.609380669182674,0.7958801346144643,-0.9808971328166136,1.8417909851987668,1.8027343748644875,-0.030765304963843006,-0.8512966597545222,0.18323231509872764,-1.82093461553907,-1.9402166608721947,24,0.5366381953365205,0,5
RG3_L_000484,484,8.569633990700348,0.8385523411322893,-0.04253793108057046,-0.846821542506724,-1.8067254988278127,2.0750885401389327,1.3696623373718366,0.0,-1.737321949505005,-0.6657520460385278,-0.4217977735906751,1.8602574670594052,0.9161276312580487,1.158639064223402,1.2506229889455585,1.728310345257782,0.23083499051918135,-0.0020813214763596324,0.48651785631665484,-0.34425810198617113,-0.3541839203189247,-1.036925309027852,1.028719337439322,1.0945827298772188,291,0.5352411449483687,0,6
RG3_L_000520,520,8.569633990700348,0.8385523411322893,0.6308800429241845,-0.2987077097782125,-1.8067254988278127,2.0750885401389327,0.5883674005367534,0.0,-1.737321949505005,0.6771090687267264,-0.4217977735906751,1.8602574670594052,0.9161276312580487,1.469744206723774,1.7156150343228638,0.7958801346144643,-0.49617470017850324,0.3052463601763737,0.632729423057786,-0.030765304963843006,1.1373060186469357,-0.4268503757263929,1.3136858197938754,1.4587577306198736,312,0.5332096851272939,0,7
RG3_L_000018,18,-0.029099449053866445,-1.1925314031676417,2.202217192363833,-1.120983020838307,1.0330781477474453,2.0750885401389327,-1.7558155003678992,0.0,2.187583295011355,-0.6657520460385278,1.1169829930268504,-0.7652217551830952,-0.3444868196010868,-0.08580524157899463,-0.3768757773392685,1.4952027925969524,-0.49617470017850324,0.612574041829107,0.04774926271712467,-2.2251192195497946,-0.8512966597545222,0.28491017772836064,-1.5359681331845165,-1.697434098833154,10,0.5288109617891819,0,8
RG3_L_000031,31,-0.029099449053866445,-1.1925314031676417,1.9777373985051097,0.24951068491762612,1.0330781477474453,1.2777072234033922,1.3696623373718366,0.0,1.40255433466711,-0.6657520460385278,2.655763759644376,-1.4216416385498971,0.07572868374024348,-1.019132536980565,-1.7718785209354428,-1.3019455704574068,2.412011979131197,-1.8459536281514861,-0.975954860097688,-0.9711480314604819,-0.8512966597545222,1.2000264564423802,-1.6784513743617933,-1.697434098833154,19,0.528391305394081,0,9
RG3_L_000381,381,-0.029099449053866445,0.8385523411322893,-0.9404356989440489,0.24951068491762612,1.0330781477474453,-1.9118180435387702,1.3696623373718366,0.0,-1.737321949505005,-0.6657520460385278,1.1169829930268504,1.8602574670594052,1.1262433977199278,2.0919663596249722,1.7156150343228638,0.7958801346144643,-0.011452267540392873,0.919807940240567,0.19400546058363471,-0.030765304963843006,-2.3427865987203824,-1.6470002423293113,-1.108521127294472,-0.7262969045724291,232,0.5233920245621446,1,10
RG3_L_000191,191,-0.029099449053866445,-1.1925314031676417,-0.4914975187980172,-0.2987077097782125,1.0330781477474453,2.0750885401389327,-1.7558155003678992,0.0,2.187583295011355,-0.6657520460385278,-0.4217977735906751,-2.7343812496711473,-1.395001533580771,-2.2635768427829617,-1.7718785209354428,-1.0688380177965773,-0.7385359164975585,-0.9239705831932862,-0.6834870954900467,0.5962202890808133,1.1373060186469357,1.8101013897438392,0.17382532565923292,-0.11933702642254647,123,0.5198557161334789,0,11
RG3_L_000345,345,-0.029099449053866445,0.8385523411322893,-2.7362312346710054,-0.2987077097782125,1.0330781477474453,-0.31705541006768895,0.5883674005367534,0.0,-0.9522929891607599,-0.6657520460385278,-0.4217977735906751,0.547517855938155,0.49592815749914615,1.158639064223402,1.483119011634211,0.09662861106977294,0.7155574231572918,0.612574041829107,1.6564781769979775,0.9096174215327959,0.1430046794462067,-2.2570751756307703,-1.82093461553907,-1.454649221425926,211,0.5186824944516342,0,12
RG3_L_000354,354,-0.029099449053866445,0.8385523411322893,-0.4914975187980172,0.24951068491762612,1.0330781477474453,-1.1144367268032296,1.3696623373718366,0.0,-0.9522929891607599,-0.6657520460385278,1.1169829930268504,1.203937739304957,0.7060278943785975,1.469744206723774,1.483119011634211,-1.0688380177965773,0.7155574231572918,-0.9239705831932862,2.095202139472129,0.9096174215327959,-1.8455979989552511,-1.8503598463504078,-1.6784513743617933,-1.3332567827223119,214,0.5179905772888211,0,13
RG3_L_000006,6,-0.029099449053866445,-1.1925314031676417,2.202217192363833,0.24951068491762612,1.0330781477474453,2.0750885401389327,-0.974520563532816,0.0,1.40255433466711,0.6771090687267264,1.1169829930268504,-1.4216416385498971,-0.7646862933599895,-1.6413546898817633,-2.236870566312748,-1.7680895413412685,0.23083499051918135,-0.0020813214763596324,-1.268467255830708,-0.9711480314604819,-2.8399751984855137,0.9966629736594528,-1.6784513743617933,-1.818826537536768,2,0.5175230803126356,0,14
RG3_L_000577,577,-0.029099449053866445,0.8385523411322893,-2.0628132606662506,5.731590069908686,-1.8067254988278127,-1.1144367268032296,-0.19292753629832982,0.0,-1.737321949505005,0.6771090687267264,-0.4217977735906751,1.203937739304957,0.9161276312580487,1.158639064223402,1.483119011634211,-0.36958649425188594,-0.011452267540392873,-0.0020813214763596324,0.3402616584501448,0.5962202890808133,-1.8455979989552511,-1.036925309027852,1.598652302148429,1.5801501693234876,344,0.5170475234423997,0,15
RG3_L_000503,503,-0.029099449053866445,0.8385523411322893,-1.1649154928027723,0.24951068491762612,-1.8067254988278127,-1.9118180435387702,0.5883674005367534,0.0,-1.737321949505005,-0.6657520460385278,-1.9605785402082005,1.203937739304957,1.1262433977199278,1.7808493492241462,1.9481199261662692,-0.1364789415910565,0.7155574231572918,-2.1532813098042194,0.778985620924296,-1.5981336255051382,-0.8512966597545222,0.48826590298762657,1.028719337439322,1.3373652919162595,302,0.5163106307331873,0,16
RG3_L_000572,572,-0.029099449053866445,-1.1925314031676417,-1.8383334668075273,-1.3950399372025626,-1.8067254988278127,0.48032590666785163,0.5883674005367534,0.0,-0.16738380741894748,-2.0085875478583746,1.1169829930268504,-0.7652217551830952,-0.1343870827216355,-0.08580524157899463,0.08812513719278957,1.0289876872752937,-0.49617470017850324,1.5344633035460336,-0.09850693514938538,0.28272749205848513,1.1373060186469357,-0.12180903031383264,1.598652302148429,1.7015426080271017,342,0.5139062037695885,0,17
RG3_L_000024,24,-0.029099449053866445,-1.1925314031676417,2.6511553725098644,-0.2987077097782125,1.0330781477474453,2.0750885401389327,0.5883674005367534,0.0,2.187583295011355,-0.6657520460385278,1.1169829930268504,-2.7343812496711473,-0.3444868196010868,-1.019132536980565,-1.5393736290920372,0.09662861106977294,1.4425671138549763,0.3052463601763737,-0.975954860097688,0.28272749205848513,0.6401932792113381,-0.6302061009856589,-1.5359681331845165,-1.697434098833154,13,0.5135292761628466,0,18
RG3_L_000380,380,-0.029099449053866445,0.8385523411322893,0.4064002490654612,-0.2987077097782125,-0.38678982241038173,-1.9118180435387702,0.5883674005367534,0.0,-2.5222910205480336,-2.0085875478583746,-0.4217977735906751,1.203937739304957,1.5464428714788303,1.469744206723774,1.483119011634211,-0.1364789415910565,0.23083499051918135,-0.3094090031290929,-0.39097469975702664,0.5962202890808133,-0.8512966597545222,-2.7654722463025965,-1.108521127294472,-0.7262969045724291,231,0.5110441560712942,0,19
RG3_L_000114,114,-0.029099449053866445,-1.1925314031676417,0.6308800429241845,-0.846821542506724,-0.38678982241038173,2.0750885401389327,-0.19292753629832982,0.0,1.40255433466711,-0.6657520460385278,-0.4217977735906751,-2.7343812496711473,-1.1849017967013198,-1.9524598323821356,-1.5393736290920372,0.3297361637306024,-1.223184390876188,-0.6167366847818262,-0.39097469975702664,1.2231102185551241,1.634494618412067,-0.3251647555730986,-0.9660378861171952,-0.8476893432760432,69,0.5101892684658171,0,20
RG3_L_000472,472,-0.029099449053866445,0.8385523411322893,0.4064002490654612,0.24951068491762612,-0.38678982241038173,-0.31705541006768895,0.5883674005367534,0.0,-0.16738380741894748,-2.0085875478583746,1.1169829930268504,0.547517855938155,0.07572868374024348,-0.7080273944801929,-0.609380669182674,1.728310345257782,-1.9502680398333534,-0.6167366847818262,-1.4147234536972182,-4.419377469565401,0.1430046794462067,-0.4268503757263929,1.4561690609711522,1.4587577306198736,287,0.5087929890693011,0,21
RG3_L_000125,125,-0.029099449053866445,-1.1925314031676417,1.3042980169289395,0.24951068491762612,-0.38678982241038173,1.2777072234033922,1.3696623373718366,0.0,1.40255433466711,0.6771090687267264,1.1169829930268504,-1.4216416385498971,-1.1849017967013198,-2.2635768427829617,-2.236870566312748,-2.001197094002098,-0.011452267540392873,-0.0020813214763596324,-0.975954860097688,-0.6577508990084993,-2.3427865987203824,-0.020131167684199668,-1.108521127294472,-0.8476893432760432,79,0.5077580306685872,0,22
RG3_L_000383,383,-0.029099449053866445,0.8385523411322893,-0.7159559050853255,0.24951068491762612,1.0330781477474453,-1.9118180435387702,-0.19292753629832982,0.0,-1.737321949505005,0.6771090687267264,-0.4217977735906751,1.8602574670594052,0.9161276312580487,2.0919663596249722,2.1806159488549217,-0.1364789415910565,-0.9808971328166136,-0.0020813214763596324,0.04774926271712467,-0.6577508990084993,-0.8512966597545222,-1.952037708980041,-1.108521127294472,-0.8476893432760432,233,0.507405100917425,0,23
RG3_L_000443,443,-0.029099449053866445,0.8385523411322893,-0.9404356989440489,-0.846821542506724,-1.8067254988278127,-1.9118180435387702,0.5883674005367534,0.0,-1.737321949505005,-0.6657520460385278,-1.9605785402082005,1.8602574670594052,0.9161276312580487,1.469744206723774,1.9481199261662692,-2.2343046466629275,0.23083499051918135,-0.0020813214763596324,0.9252418187908061,-1.2846408284828101,-1.8455979989552511,-0.3251647555730986,1.1712025786165987,1.2159728532126455,268,0.5071944025924786,0,24
RG3_L_000032,32,-0.029099449053866445,-1.1925314031676417,3.1001149602273115,-0.2987077097782125,1.0330781477474453,2.0750885401389327,2.151255364606323,0.0,1.40255433466711,0.6771090687267264,-0.4217977735906751,-1.4216416385498971,-0.5545865564805381,-1.6413546898817633,-1.5393736290920372,0.7958801346144643,0.7155574231572918,-0.3094090031290929,-0.975954860097688,-0.9711480314604819,-0.3541839203189247,0.8949851110298198,-1.6784513743617933,-1.697434098833154,20,0.5068244956333984,0,25
RG3_L_000334,334,-0.029099449053866445,-1.1925314031676417,-1.1649154928027723,-0.2987077097782125,1.0330781477474453,2.0750885401389327,-0.974520563532816,0.0,1.40255433466711,-2.0085875478583746,-1.9605785402082005,-2.0779613663043452,-1.395001533580771,-1.019132536980565,-0.609380669182674,-0.6026229124749184,0.47319620683823654,-1.5386259464987528,0.778985620924296,-0.030765304963843006,0.6401932792113381,0.0815466949454333,0.31630584919472404,0.002053096912880053,204,0.506557382468595,0,26
RG3_L_000350,350,-0.029099449053866445,0.8385523411322893,0.1819418627781529,0.24951068491762612,-0.38678982241038173,-1.1144367268032296,1.3696623373718366,0.0,-0.9522929891607599,2.0199701834919805,-0.4217977735906751,1.203937739304957,0.9161276312580487,-0.3969103840793668,-0.14437975465061584,1.4952027925969524,0.7155574231572918,-0.3094090031290929,-1.268467255830708,-2.538516352001777,0.1430046794462067,-1.8503598463504078,-1.6784513743617933,-1.3332567827223119,213,0.5044722497444634,0,27
RG3_L_000157,157,-0.029099449053866445,0.8385523411322893,1.0798396306416314,0.24951068491762612,1.0330781477474453,-0.31705541006768895,-0.19292753629832982,0.0,0.6176451529252976,-0.6657520460385278,1.1169829930268504,0.547517855938155,-0.1343870827216355,-0.7080273944801929,-0.8418766918713266,2.660669421463303,0.9579186394763469,2.1491186668515003,-1.268467255830708,-2.2251192195497946,0.1430046794462067,2.115134977632738,-0.1111411566953205,-0.36212190382977455,100,0.5015524686447018,0,28
RG3_L_000459,459,-0.029099449053866445,0.8385523411322893,0.1819418627781529,0.24951068491762612,-0.38678982241038173,-1.1144367268032296,0.5883674005367534,0.0,-1.737321949505005,-0.6657520460385278,-0.4217977735906751,1.8602574670594052,1.336343134599379,0.5364169113222037,0.7856220744135003,2.194454316141644,-1.465545607195243,1.2271356218933003,-1.268467255830708,3.1039713361187475,-1.3484852595196537,-0.7318839636152918,0.886238813903831,1.0945827298772188,279,0.5000047878548787,0,29
RG3_L_000029,29,-0.029099449053866445,-1.1925314031676417,3.7735329342320663,0.24951068491762612,1.0330781477474453,0.48032590666785163,2.151255364606323,0.0,0.6176451529252976,0.6771090687267264,1.1169829930268504,-0.7652217551830952,0.2858284206196948,-0.08580524157899463,-0.609380669182674,1.2620952399361232,-1.465545607195243,1.2271356218933003,0.19400546058363471,0.5962202890808133,-0.8512966597545222,1.2000264564423802,-1.6784513743617933,-1.697434098833154,17,0.49944097349537925,0,30
RG3_L_000009,9,-0.029099449053866445,-1.1925314031676417,1.0798396306416314,0.24951068491762612,1.0330781477474453,2.0750885401389327,-1.7558155003678992,0.0,2.187583295011355,0.6771090687267264,-0.4217977735906751,-2.7343812496711473,-0.7646862933599895,-1.019132536980565,-1.5393736290920372,0.3297361637306024,-0.9808971328166136,0.3052463601763737,0.48651785631665484,2.1635886096221086,-0.8512966597545222,0.28491017772836064,-1.5359681331845165,-1.57604166012954,3,0.49843493561099633,0,31
RG3_L_000329,329,-0.029099449053866445,0.8385523411322893,0.4064002490654612,0.24951068491762612,1.0330781477474453,0.48032590666785163,-0.974520563532816,0.0,0.6176451529252976,-0.6657520460385278,1.1169829930268504,0.547517855938155,-13.16076312423675,-0.3969103840793668,-0.8418766918713266,-0.8357304651357478,-0.011452267540392873,-0.0020813214763596324,-0.5372308976235367,1.2231102185551241,-1.3484852595196537,0.0815466949454333,0.31630584919472404,0.1234455356164941,200,0.49458617017273704,0,32
RG3_L_000005,5,-0.029099449053866445,-1.1925314031676417,2.202217192363833,0.24951068491762612,1.0330781477474453,1.2777072234033922,-1.7558155003678992,0.0,1.40255433466711,0.6771090687267264,2.655763759644376,-0.7652217551830952,-0.3444868196010868,-1.3302495473813911,-2.236870566312748,-0.8357304651357478,-1.223184390876188,-0.3094090031290929,-0.6834870954900467,-0.9711480314604819,-0.3541839203189247,1.0983408362890856,-1.3934848920072398,-1.57604166012954,1,0.4941242355190034,0,33
RG3_L_000344,344,-0.029099449053866445,0.8385523411322893,-0.9404356989440489,0.24951068491762612,1.0330781477474453,-0.31705541006768895,-0.19292753629832982,0.0,-0.9522929891607599,0.6771090687267264,1.1169829930268504,0.547517855938155,0.9161276312580487,1.469744206723774,0.7856220744135003,-0.6026229124749184,-0.7385359164975585,0.3052463601763737,1.2177542145238263,-0.34425810198617113,-1.3484852595196537,-2.663794383672964,-1.82093461553907,-1.454649221425926,210,0.4924769340134041,0,34
RG3_L_000039,39,-0.029099449053866445,-1.1925314031676417,1.9777373985051097,0.24951068491762612,1.0330781477474453,0.48032590666785163,1.3696623373718366,0.0,0.6176451529252976,0.6771090687267264,-0.4217977735906751,-0.7652217551830952,0.7060278943785975,0.22529990092137753,-0.3768757773392685,-1.0688380177965773,1.6849283301740314,-0.3094090031290929,0.632729423057786,-0.6577508990084993,-1.8455979989552511,-0.6302061009856589,-1.963415139074561,-2.0616090995758087,25,0.4911057607518849,0,35
RG3_L_000124,124,-0.029099449053866445,-1.1925314031676417,-0.2670177249392938,-0.2987077097782125,-0.38678982241038173,1.2777072234033922,0.5883674005367534,0.0,1.40255433466711,-0.6657520460385278,-0.4217977735906751,-1.4216416385498971,-1.1849017967013198,-2.2635768427829617,-1.7718785209354428,-0.36958649425188594,0.23083499051918135,-1.8459536281514861,-0.39097469975702664,2.7904785390964193,0.1430046794462067,0.9966629736594528,-0.8235546449399185,-0.8476893432760432,78,0.4905532387607773,0,36
RG3_L_000570,570,-0.029099449053866445,0.8385523411322893,-1.1649154928027723,-1.3950399372025626,-1.8067254988278127,-0.31705541006768895,0.5883674005367534,0.0,-0.9522929891607599,0.6771090687267264,-1.9605785402082005,0.547517855938155,0.49592815749914615,1.158639064223402,1.2506229889455585,1.4952027925969524,-0.011452267540392873,2.1491186668515003,1.2177542145238263,0.9096174215327959,-0.8512966597545222,-0.12180903031383264,1.4561690609711522,1.7015426080271017,340,0.489607972363477,0,37
RG3_L_000439,439,-0.029099449053866445,0.8385523411322893,-1.1649154928027723,0.24951068491762612,-1.8067254988278127,-1.1144367268032296,0.5883674005367534,0.0,-0.9522929891607599,-0.6657520460385278,-1.9605785402082005,0.547517855938155,0.2858284206196948,-0.3969103840793668,0.08812513719278957,1.728310345257782,-1.7079068235142982,-0.6167366847818262,-1.268467255830708,-2.538516352001777,-0.8512966597545222,-0.9352474463982191,1.1712025786165987,1.0945827298772188,267,0.48911927009382794,0,38
RG3_L_000504,504,-0.029099449053866445,0.8385523411322893,-1.1649154928027723,0.24951068491762612,-1.8067254988278127,-1.9118180435387702,1.3696623373718366,0.0,-1.737321949505005,2.0199701834919805,-0.4217977735906751,1.8602574670594052,1.1262433977199278,1.7808493492241462,1.9481199261662692,0.5628437163914318,-0.9808971328166136,0.3052463601763737,1.2177542145238263,-0.030765304963843006,1.1373060186469357,-0.3251647555730986,1.028719337439322,1.3373652919162595,303,0.48811790523074655,0,39
RG3_L_000030,30,-0.029099449053866445,-1.1925314031676417,1.5287778107876628,0.24951068491762612,1.0330781477474453,1.2777072234033922,1.3696623373718366,0.0,0.6176451529252976,-0.6657520460385278,2.655763759644376,-1.4216416385498971,-0.1343870827216355,-0.3969103840793668,-1.5393736290920372,0.7958801346144643,-0.011452267540392873,-0.0020813214763596324,-1.122211057964198,-0.6577508990084993,1.634494618412067,0.18323231509872764,-1.6784513743617933,-1.697434098833154,18,0.48787605709461795,0,40
RG3_L_000448,448,-0.029099449053866445,0.8385523411322893,1.0798396306416314,-0.2987077097782125,-1.8067254988278127,-0.31705541006768895,1.3696623373718366,0.0,-0.16738380741894748,-2.0085875478583746,-0.4217977735906751,0.547517855938155,-0.1343870827216355,0.22529990092137753,0.32062115988144224,1.0289876872752937,0.47319620683823654,-1.5386259464987528,-1.122211057964198,0.28272749205848513,1.634494618412067,-1.6470002423293113,1.028719337439322,1.2159728532126455,271,0.4874038999182834,0,41
RG3_L_000546,546,-0.029099449053866445,0.8385523411322893,-1.3893952866614956,-1.3950399372025626,-1.8067254988278127,-0.31705541006768895,0.5883674005367534,0.0,-0.9522929891607599,0.6771090687267264,-0.4217977735906751,-0.10880187181629318,0.49592815749914615,-0.3969103840793668,-0.14437975465061584,-0.8357304651357478,3.1390216698288818,-0.6167366847818262,-1.122211057964198,0.5962202890808133,-1.3484852595196537,-0.2234868929434656,1.3136858197938754,1.3373652919162595,326,0.4868606635258688,0,42
RG3_L_000044,44,-0.029099449053866445,-1.1925314031676417,0.4064002490654612,0.24951068491762612,-0.38678982241038173,1.2777072234033922,-0.19292753629832982,0.0,1.40255433466711,0.6771090687267264,-0.4217977735906751,-1.4216416385498971,-0.5545865564805381,-1.019132536980565,-0.8418766918713266,-1.0688380177965773,-1.9502680398333534,-0.9239705831932862,-1.5609796515637282,4.357846859637714,0.1430046794462067,2.013457115003105,-0.8235546449399185,-0.9690817819796572,28,0.4860769443098147,0,43
RG3_L_000164,164,-0.029099449053866445,-1.1925314031676417,-0.4914975187980172,-0.2987077097782125,1.0330781477474453,2.0750885401389327,-1.7558155003678992,0.0,1.40255433466711,0.6771090687267264,-0.4217977735906751,-1.4216416385498971,-0.7646862933599895,-1.9524598323821356,-1.7718785209354428,-0.36958649425188594,-1.9502680398333534,-0.6167366847818262,-0.5372308976235367,-0.030765304963843006,-0.8512966597545222,1.8101013897438392,-0.1111411566953205,-0.36212190382977455,106,0.4853928250438006,0,44
RG3_L_000357,357,-0.029099449053866445,-1.1925314031676417,-0.2670177249392938,0.24951068491762612,-0.38678982241038173,0.48032590666785163,0.5883674005367534,0.0,-0.16738380741894748,-0.6657520460385278,-0.4217977735906751,-0.7652217551830952,0.07572868374024348,-1.019132536980565,-0.3768757773392685,0.09662861106977294,-0.9808971328166136,-2.1532813098042194,-0.09850693514938538,-0.9711480314604819,-1.3484852595196537,-2.8671539876940604,-1.82093461553907,-1.454649221425926,216,0.4845056661544847,0,45
RG3_L_000036,36,-0.029099449053866445,-1.1925314031676417,1.7532576046463864,0.24951068491762612,1.0330781477474453,2.0750885401389327,1.3696623373718366,0.0,1.40255433466711,-0.6657520460385278,-0.4217977735906751,-1.4216416385498971,-0.7646862933599895,-0.08580524157899463,0.08812513719278957,-0.36958649425188594,1.4425671138549763,-0.0020813214763596324,1.2177542145238263,-0.9711480314604819,0.6401932792113381,0.7933072484001868,-1.6784513743617933,-1.697434098833154,23,0.48419019351969944,0,46
RG3_L_000002,2,-0.029099449053866445,-1.1925314031676417,0.6308800429241845,-0.2987077097782125,1.0330781477474453,1.2777072234033922,-1.7558155003678992,0.0,1.40255433466711,0.6771090687267264,2.655763759644376,-0.7652217551830952,-0.5545865564805381,-0.7080273944801929,-1.5393736290920372,1.2620952399361232,-0.2538134838594481,-0.0020813214763596324,0.9252418187908061,0.28272749205848513,-1.3484852595196537,0.28491017772836064,-1.5359681331845165,-1.57604166012954,0,0.48399744746522694,0,47
RG3_L_000010,10,-0.029099449053866445,-1.1925314031676417,2.202217192363833,0.24951068491762612,1.0330781477474453,2.0750885401389327,-1.7558155003678992,0.0,2.187583295011355,-0.6657520460385278,1.1169829930268504,-1.4216416385498971,-0.3444868196010868,-0.3969103840793668,-0.8418766918713266,-0.8357304651357478,-0.49617470017850324,-0.3094090031290929,1.0714980166573163,1.2231102185551241,0.6401932792113381,0.18323231509872764,-1.5359681331845165,-1.57604166012954,4,0.4839951940845151,0,48
RG3_L_000424,424,-0.029099449053866445,0.8385523411322893,-0.04253793108057046,-0.2987077097782125,-0.38678982241038173,-1.1144367268032296,2.151255364606323,0.0,-0.9522929891607599,-2.0085875478583746,1.1169829930268504,1.203937739304957,0.9161276312580487,1.469744206723774,1.483119011634211,-0.6026229124749184,1.200279855795402,0.3052463601763737,1.9489905727309975,0.28272749205848513,-0.8512966597545222,-0.8335618262449248,0.7437555727265542,0.9731902911736049,258,0.4832817966223006,0,49
RG3_L_000379,379,-0.029099449053866445,0.8385523411322893,-0.2670177249392938,0.24951068491762612,-0.38678982241038173,-1.1144367268032296,0.5883674005367534,0.0,-1.737321949505005,0.6771090687267264,2.655763759644376,0.547517855938155,1.1262433977199278,1.469744206723774,0.5531171825700949,0.09662861106977294,-1.7079068235142982,-0.0020813214763596324,-0.39097469975702664,-0.9711480314604819,1.1373060186469357,-1.7486781049589442,-1.108521127294472,-0.7262969045724291,230,0.4830913567099687,0,50
RG3_L_000123,123,-0.029099449053866445,-1.1925314031676417,-0.4914975187980172,0.24951068491762612,-0.38678982241038173,2.0750885401389327,-0.19292753629832982,0.0,1.40255433466711,-0.6657520460385278,-0.4217977735906751,-2.0779613663043452,-1.1849017967013198,-1.6413546898817633,-1.3068776064033847,-0.8357304651357478,-2.1926292561524083,-0.0020813214763596324,0.3402616584501448,2.476985742074091,0.1430046794462067,-0.12180903031383264,-0.9660378861171952,-0.8476893432760432,77,0.4829783020046358,0,51
RG3_L_000388,388,-0.029099449053866445,0.8385523411322893,-0.2670177249392938,-0.846821542506724,-0.38678982241038173,-1.9118180435387702,-0.19292753629832982,0.0,-1.737321949505005,-0.6657520460385278,1.1169829930268504,1.203937739304957,1.1262433977199278,1.469744206723774,1.2506229889455585,-0.36958649425188594,0.7155574231572918,1.8417909851987668,0.19400546058363471,-1.2846408284828101,-0.8512966597545222,-1.8503598463504078,-0.8235546449399185,-0.6049067812370027,236,0.4821394534712267,0,52
RG3_L_000070,70,-0.029099449053866445,-1.1925314031676417,2.6511553725098644,0.24951068491762612,-0.38678982241038173,-0.31705541006768895,-0.19292753629832982,0.0,0.6176451529252976,-0.6657520460385278,1.1169829930268504,-0.10880187181629318,-0.3444868196010868,-0.7080273944801929,-1.0743727145599793,0.5628437163914318,2.412011979131197,0.3052463601763737,-1.7071912183048594,1.2231102185551241,-0.3541839203189247,1.505060044331279,-1.108521127294472,-1.0904742206832714,42,0.481213758590796,0,53
RG3_L_000581,581,-0.029099449053866445,0.8385523411322893,-0.9404356989440489,-1.3950399372025626,-1.8067254988278127,-0.31705541006768895,1.3696623373718366,0.0,-0.16738380741894748,-2.0085875478583746,-0.4217977735906751,-0.10880187181629318,-0.1343870827216355,0.22529990092137753,0.32062115988144224,-0.6026229124749184,-0.9808971328166136,-0.3094090031290929,0.632729423057786,1.8500958125997804,-0.3541839203189247,-0.2234868929434656,1.598652302148429,1.5801501693234876,348,0.48115672733152715,0,54
RG3_L_000456,456,-0.029099449053866445,0.8385523411322893,-0.9404356989440489,0.24951068491762612,-0.38678982241038173,-0.31705541006768895,-0.19292753629832982,0.0,-0.16738380741894748,0.6771090687267264,1.1169829930268504,-0.10880187181629318,0.2858284206196948,0.22529990092137753,-0.14437975465061584,-0.8357304651357478,-1.223184390876188,-2.4605152082156794,-1.268467255830708,1.5366030155774522,2.628795957612796,-0.7318839636152918,0.886238813903831,1.0945827298772188,277,0.48081159783272653,0,55
RG3_L_000522,522,-0.029099449053866445,0.8385523411322893,-1.6138536729488038,-0.846821542506724,-0.38678982241038173,-1.1144367268032296,0.5883674005367534,0.0,-1.737321949505005,0.6771090687267264,-0.4217977735906751,0.547517855938155,0.9161276312580487,2.0919663596249722,2.1806159488549217,-0.6026229124749184,-1.465545607195243,-0.6167366847818262,1.9489905727309975,-0.9711480314604819,0.1430046794462067,-0.4268503757263929,1.3136858197938754,1.4587577306198736,313,0.4802265028945401,0,56
RG3_L_000262,262,-0.029099449053866445,-1.1925314031676417,-0.2670177249392938,-0.2987077097782125,1.0330781477474453,1.2777072234033922,-1.7558155003678992,0.0,0.6176451529252976,0.6771090687267264,-1.9605785402082005,-0.7652217551830952,-0.1343870827216355,0.22529990092137753,0.5531171825700949,1.9613467634808144,-0.9808971328166136,-0.0020813214763596324,0.48651785631665484,-2.538516352001777,1.1373060186469357,0.8949851110298198,0.17382532565923292,0.002053096912880053,163,0.4801087095704182,0,57
RG3_L_000188,188,-0.029099449053866445,-1.1925314031676417,-2.0628132606662506,0.24951068491762612,1.0330781477474453,1.2777072234033922,-0.974520563532816,0.0,0.6176451529252976,-2.0085875478583746,1.1169829930268504,-0.7652217551830952,-0.3444868196010868,-0.08580524157899463,-0.14437975465061584,1.9613467634808144,-0.7385359164975585,1.5344633035460336,1.6564781769979775,0.5962202890808133,1.1373060186469357,0.8949851110298198,0.03134208448195622,-0.11933702642254647,120,0.4796040074464034,0,58
RG3_L_000192,192,-0.029099449053866445,-1.1925314031676417,0.855359836782908,0.24951068491762612,1.0330781477474453,1.2777072234033922,-0.974520563532816,0.0,1.40255433466711,0.6771090687267264,-0.4217977735906751,-1.4216416385498971,-0.5545865564805381,-2.574681985283334,-2.4693754581561533,0.5628437163914318,1.200279855795402,-0.0020813214763596324,-1.122211057964198,2.1635886096221086,-0.8512966597545222,1.403382181701646,0.17382532565923292,-0.11933702642254647,124,0.47960335593473097,0,59
RG3_L_000115,115,-0.029099449053866445,-1.1925314031676417,-0.04253793108057046,-0.2987077097782125,-0.38678982241038173,1.2777072234033922,0.5883674005367534,0.0,1.40255433466711,0.6771090687267264,-0.4217977735906751,-1.4216416385498971,-1.395001533580771,-2.2635768427829617,-2.236870566312748,-0.36958649425188594,-0.2538134838594481,-0.3094090031290929,-0.8297432933565567,-0.6577508990084993,-0.8512966597545222,1.403382181701646,-1.108521127294472,-0.9690817819796572,70,0.47886463606892177,0,60
RG3_L_000025,25,-0.029099449053866445,-1.1925314031676417,2.6511553725098644,0.24951068491762612,1.0330781477474453,1.2777072234033922,0.5883674005367534,0.0,2.187583295011355,0.6771090687267264,-0.4217977735906751,-2.0779613663043452,-0.5545865564805381,-0.3969103840793668,-0.609380669182674,-1.3019455704574068,1.200279855795402,-0.9239705831932862,-0.39097469975702664,-0.030765304963843006,1.1373060186469357,0.18323231509872764,-1.6784513743617933,-1.697434098833154,14,0.4783523594249435,0,61
RG3_L_000375,375,-0.029099449053866445,-1.1925314031676417,-0.7159559050853255,-0.2987077097782125,-0.38678982241038173,0.48032590666785163,0.5883674005367534,0.0,-0.9522929891607599,-2.0085875478583746,-0.4217977735906751,-0.7652217551830952,0.49592815749914615,0.5364169113222037,0.5531171825700949,0.5628437163914318,-0.2538134838594481,-0.3094090031290929,-1.122211057964198,0.5962202890808133,0.1430046794462067,-3.070513591715157,-1.251001650829963,-0.7262969045724291,226,0.47747462760317927,0,62
RG3_L_000337,337,-0.029099449053866445,-1.1925314031676417,-0.7159559050853255,-0.2987077097782125,1.0330781477474453,0.48032590666785163,-1.7558155003678992,0.0,0.6176451529252976,0.6771090687267264,-0.4217977735906751,-0.7652217551830952,-0.3444868196010868,-1.3302495473813911,-1.0743727145599793,-0.8357304651357478,1.9272895464930866,-2.1532813098042194,-1.122211057964198,-0.6577508990084993,-0.8512966597545222,1.9117792523734722,0.31630584919472404,0.24483797432010815,207,0.47730290902518047,0,63
RG3_L_000012,12,-0.029099449053866445,-1.1925314031676417,1.7532576046463864,-0.2987077097782125,1.0330781477474453,1.2777072234033922,-1.7558155003678992,0.0,1.40255433466711,-0.6657520460385278,1.1169829930268504,-0.10880187181629318,0.07572868374024348,-0.3969103840793668,-0.8418766918713266,0.3297361637306024,1.6849283301740314,-0.0020813214763596324,0.632729423057786,-0.9711480314604819,-1.3484852595196537,-0.4268503757263929,-1.6784513743617933,-1.818826537536768,6,0.47692341495880997,0,64
RG3_L_000203,203,-0.029099449053866445,-1.1925314031676417,0.855359836782908,0.24951068491762612,1.0330781477474453,1.2777072234033922,-0.974520563532816,0.0,1.40255433466711,2.0199701834919805,-0.4217977735906751,-0.7652217551830952,-0.7646862933599895,-1.6413546898817633,-1.5393736290920372,0.09662861106977294,-1.223184390876188,0.3052463601763737,-1.9997036140378794,2.1635886096221086,0.6401932792113381,-0.4268503757263929,0.17382532565923292,0.002053096912880053,130,0.47690875809827016,1,65
RG3_L_000529,529,-0.029099449053866445,0.8385523411322893,-0.4914975187980172,-0.846821542506724,-1.8067254988278127,-1.1144367268032296,0.5883674005367534,0.0,-0.9522929891607599,-2.0085875478583746,1.1169829930268504,0.547517855938155,0.9161276312580487,1.158639064223402,0.7856220744135003,0.5628437163914318,0.9579186394763469,0.612574041829107,-0.975954860097688,1.8500958125997804,0.1430046794462067,-0.3251647555730986,1.4561690609711522,1.4587577306198736,317,0.4764594399989632,0,66
RG3_L_000415,415,-0.029099449053866445,0.8385523411322893,-0.04253793108057046,-0.846821542506724,-1.8067254988278127,-1.1144367268032296,-0.19292753629832982,0.0,-0.9522929891607599,-0.6657520460385278,-0.4217977735906751,0.547517855938155,0.9161276312580487,1.7808493492241462,1.9481199261662692,0.5628437163914318,-0.7385359164975585,1.5344633035460336,1.3639657812649575,1.2231102185551241,0.6401932792113381,-0.020131167684199668,0.7437555727265542,0.8517978524699908,252,0.47606569264583204,0,67
RG3_L_000587,587,-0.029099449053866445,0.8385523411322893,-0.4914975187980172,-0.846821542506724,-0.38678982241038173,-1.9118180435387702,0.5883674005367534,0.0,-0.9522929891607599,-0.6657520460385278,2.655763759644376,1.203937739304957,0.9161276312580487,1.469744206723774,0.5531171825700949,-0.36958649425188594,-0.9808971328166136,-1.2312982648460196,0.632729423057786,-0.030765304963843006,0.1430046794462067,-0.020131167684199668,1.4561690609711522,1.7015426080271017,351,0.47502442457399907,0,68
RG3_L_000015,15,-0.029099449053866445,-1.1925314031676417,2.202217192363833,-0.024546231446629645,1.0330781477474453,1.2777072234033922,-1.7558155003678992,0.0,1.40255433466711,-0.6657520460385278,1.1169829930268504,-0.7652217551830952,-0.3444868196010868,-1.019132536980565,-1.3068776064033847,-1.0688380177965773,-0.011452267540392873,0.3052463601763737,-1.8534474161713694,1.5366030155774522,-0.3541839203189247,-0.12180903031383264,-1.6784513743617933,-1.697434098833154,7,0.4746900454447556,0,69
RG3_L_000550,550,-0.029099449053866445,0.8385523411322893,-1.3893952866614956,-1.3950399372025626,-1.8067254988278127,-1.9118180435387702,0.5883674005367534,0.0,-0.9522929891607599,-0.6657520460385278,-0.4217977735906751,1.203937739304957,1.1262433977199278,1.7808493492241462,1.9481199261662692,0.09662861106977294,-0.49617470017850324,-0.0020813214763596324,1.0714980166573163,-1.2846408284828101,0.1430046794462067,-1.036925309027852,1.4561690609711522,1.7015426080271017,329,0.4746012849990113,0,70
RG3_L_000230,230,-0.029099449053866445,0.8385523411322893,0.6308800429241845,-1.3950399372025626,1.0330781477474453,0.48032590666785163,-0.974520563532816,0.0,-0.16738380741894748,0.6771090687267264,1.1169829930268504,0.547517855938155,-0.3444868196010868,-1.3302495473813911,-1.5393736290920372,0.7958801346144643,-0.011452267540392873,-1.5386259464987528,-0.975954860097688,-0.34425810198617113,-0.8512966597545222,0.7933072484001868,0.31630584919472404,0.002053096912880053,146,0.4736478384325286,0,71
RG3_L_000116,116,-0.029099449053866445,-1.1925314031676417,1.0798396306416314,-0.846821542506724,-0.38678982241038173,0.48032590666785163,0.5883674005367534,0.0,0.6176451529252976,-0.6657520460385278,1.1169829930268504,-0.10880187181629318,-0.7646862933599895,-1.9524598323821356,-2.0043745436240954,-0.6026229124749184,-0.49617470017850324,-0.3094090031290929,-1.4147234536972182,1.8500958125997804,0.1430046794462067,1.0983408362890856,-0.9660378861171952,-0.8476893432760432,71,0.47352630415230806,0,72
RG3_L_000255,255,-0.029099449053866445,-1.1925314031676417,-0.04253793108057046,0.24951068491762612,1.0330781477474453,0.48032590666785163,-0.974520563532816,0.0,0.6176451529252976,0.6771090687267264,-1.9605785402082005,-0.7652217551830952,-0.9747860302394408,-1.9524598323821356,-1.5393736290920372,2.4275618688024734,0.9579186394763469,1.2271356218933003,-0.6834870954900467,0.28272749205848513,0.1430046794462067,0.8949851110298198,0.31630584919472404,0.002053096912880053,159,0.47338810307301726,0,73
RG3_L_000444,444,-0.029099449053866445,0.8385523411322893,-1.8383334668075273,0.24951068491762612,-1.8067254988278127,-1.1144367268032296,1.3696623373718366,0.0,-0.9522929891607599,0.6771090687267264,-1.9605785402082005,1.203937739304957,0.7060278943785975,1.7808493492241462,1.9481199261662692,-0.36958649425188594,-1.465545607195243,-0.6167366847818262,1.2177542145238263,-0.030765304963843006,0.6401932792113381,-0.7318839636152918,1.028719337439322,1.2159728532126455,269,0.47279857641972417,0,74
RG3_L_000335,335,-0.029099449053866445,-1.1925314031676417,0.1819418627781529,0.24951068491762612,1.0330781477474453,1.2777072234033922,-0.974520563532816,0.0,0.6176451529252976,2.0199701834919805,-0.4217977735906751,-0.7652217551830952,-0.9747860302394408,-2.2635768427829617,-1.7718785209354428,0.5628437163914318,1.6849283301740314,-0.0020813214763596324,-0.6834870954900467,-0.34425810198617113,1.1373060186469357,2.013457115003105,0.31630584919472404,0.002053096912880053,205,0.47272637053359307,0,75
RG3_L_000299,299,-0.029099449053866445,-1.1925314031676417,-0.04253793108057046,0.24951068491762612,1.0330781477474453,1.2777072234033922,-1.7558155003678992,0.0,1.40255433466711,2.0199701834919805,-0.4217977735906751,-1.4216416385498971,-0.7646862933599895,-1.6413546898817633,-1.3068776064033847,0.3297361637306024,0.9579186394763469,1.8417909851987668,-0.6834870954900467,0.9096174215327959,0.6401932792113381,1.7084235271142063,0.4587890903720008,0.24483797432010815,183,0.47267119090624976,0,76
RG3_L_000022,22,-0.029099449053866445,-1.1925314031676417,1.9777373985051097,0.24951068491762612,1.0330781477474453,1.2777072234033922,1.3696623373718366,0.0,0.6176451529252976,-0.6657520460385278,1.1169829930268504,-0.10880187181629318,0.07572868374024348,-0.7080273944801929,-1.0743727145599793,-1.3019455704574068,0.23083499051918135,-1.2312982648460196,-0.8297432933565567,-0.34425810198617113,-1.3484852595196537,1.606737906960912,-1.5359681331845165,-1.697434098833154,12,0.4725845597361113,0,77
RG3_L_000568,568,-0.029099449053866445,0.8385523411322893,-0.7159559050853255,-1.3950399372025626,-1.8067254988278127,-1.1144367268032296,-0.19292753629832982,0.0,-1.737321949505005,-0.6657520460385278,-0.4217977735906751,1.203937739304957,0.7060278943785975,1.7808493492241462,1.7156150343228638,0.09662861106977294,0.47319620683823654,-0.0020813214763596324,1.2177542145238263,0.28272749205848513,1.634494618412067,-0.12180903031383264,1.4561690609711522,1.7015426080271017,338,0.4718655834683845,0,78
RG3_L_000398,398,-0.029099449053866445,0.8385523411322893,0.1819418627781529,0.24951068491762612,-0.38678982241038173,-1.1144367268032296,0.5883674005367534,0.0,-1.737321949505005,0.6771090687267264,1.1169829930268504,1.8602574670594052,0.9161276312580487,1.7808493492241462,1.483119011634211,-0.6026229124749184,0.9579186394763469,-0.0020813214763596324,0.48651785631665484,2.1635886096221086,-0.8512966597545222,-1.5453223796996782,-0.8235546449399185,-0.4835143425333886,243,0.47184096935086495,0,79
RG3_L_000308,308,-0.029099449053866445,-1.1925314031676417,-1.1649154928027723,-0.846821542506724,1.0330781477474453,1.2777072234033922,-0.974520563532816,0.0,1.40255433466711,0.6771090687267264,1.1169829930268504,-1.4216416385498971,-1.1849017967013198,-1.6413546898817633,-1.5393736290920372,0.3297361637306024,0.47319620683823654,-0.3094090031290929,-0.5372308976235367,0.5962202890808133,-1.8455979989552511,0.3865880403579936,0.4587890903720008,0.24483797432010815,191,0.47180665446859915,0,80
RG3_L_000435,435,-0.029099449053866445,0.8385523411322893,-1.3893952866614956,0.24951068491762612,-1.8067254988278127,-1.1144367268032296,0.5883674005367534,0.0,-0.9522929891607599,0.6771090687267264,1.1169829930268504,0.547517855938155,0.9161276312580487,1.7808493492241462,1.2506229889455585,-2.001197094002098,0.9579186394763469,-0.0020813214763596324,1.3639657812649575,-0.6577508990084993,-1.3484852595196537,-1.7486781049589442,0.7437555727265542,1.0945827298772188,264,0.47176632037988453,0,81
RG3_L_000389,389,-0.029099449053866445,0.8385523411322893,0.1819418627781529,0.24951068491762612,-0.38678982241038173,-1.9118180435387702,0.5883674005367534,0.0,-1.737321949505005,0.6771090687267264,-0.4217977735906751,1.8602574670594052,1.1262433977199278,1.469744206723774,1.483119011634211,0.09662861106977294,-0.9808971328166136,1.8417909851987668,0.9252418187908061,-0.030765304963843006,0.1430046794462067,-1.952037708980041,-0.8235546449399185,-0.6049067812370027,237,0.4716584779937762,0,82
RG3_L_000078,78,-0.029099449053866445,-1.1925314031676417,1.9777373985051097,-0.846821542506724,-0.38678982241038173,1.2777072234033922,1.3696623373718366,0.0,1.40255433466711,0.6771090687267264,1.1169829930268504,-0.7652217551830952,-0.3444868196010868,-1.3302495473813911,-1.3068776064033847,-1.535053123118236,0.47319620683823654,-1.2312982648460196,-0.975954860097688,0.28272749205848513,-0.8512966597545222,0.3865880403579936,-0.9660378861171952,-0.9690817819796572,49,0.47146123877336504,0,83
RG3_L_000422,422,-0.029099449053866445,0.8385523411322893,-0.4914975187980172,-0.846821542506724,-1.8067254988278127,-1.1144367268032296,-0.19292753629832982,0.0,-0.9522929891607599,0.6771090687267264,-0.4217977735906751,1.203937739304957,0.7060278943785975,0.22529990092137753,0.08812513719278957,-2.001197094002098,-0.2538134838594481,-0.6167366847818262,-1.268467255830708,1.8500958125997804,1.1373060186469357,-0.8335618262449248,0.886238813903831,0.9731902911736049,256,0.47089425828422776,0,84
RG3_L_000573,573,-0.029099449053866445,-1.1925314031676417,-1.3893952866614956,-0.846821542506724,-1.8067254988278127,0.48032590666785163,-0.19292753629832982,0.0,-0.16738380741894748,-0.6657520460385278,-0.4217977735906751,-0.7652217551830952,0.07572868374024348,-0.7080273944801929,-0.14437975465061584,0.3297361637306024,-0.2538134838594481,1.5344633035460336,-0.975954860097688,-0.030765304963843006,0.6401932792113381,-0.12180903031383264,1.4561690609711522,1.7015426080271017,343,0.47051482723750876,0,85
RG3_L_000033,33,-0.029099449053866445,-1.1925314031676417,1.0798396306416314,0.24951068491762612,1.0330781477474453,2.0750885401389327,1.3696623373718366,0.0,2.187583295011355,-0.6657520460385278,-0.4217977735906751,-1.4216416385498971,-0.5545865564805381,-1.019132536980565,-0.8418766918713266,0.3297361637306024,-0.7385359164975585,-0.0020813214763596324,-0.6834870954900467,-0.9711480314604819,0.1430046794462067,0.18323231509872764,-1.6784513743617933,-1.697434098833154,21,0.47047895908845655,0,86
RG3_L_000559,559,-0.029099449053866445,0.8385523411322893,-0.4914975187980172,-1.3950399372025626,-0.38678982241038173,-1.1144367268032296,1.3696623373718366,0.0,-1.737321949505005,-0.6657520460385278,-0.4217977735906751,1.8602574670594052,0.9161276312580487,0.8475220538225758,1.2506229889455585,0.5628437163914318,0.23083499051918135,0.3052463601763737,1.8027343748644875,0.5962202890808133,1.634494618412067,-0.12180903031383264,1.4561690609711522,1.7015426080271017,333,0.46969660275035213,0,87
RG3_L_000501,501,-0.029099449053866445,0.8385523411322893,-0.7159559050853255,0.24951068491762612,-1.8067254988278127,-1.9118180435387702,-0.19292753629832982,0.0,0.6176451529252976,-0.6657520460385278,-0.4217977735906751,1.203937739304957,0.9161276312580487,0.8475220538225758,1.2506229889455585,-1.3019455704574068,-0.011452267540392873,-0.9239705831932862,-0.8297432933565567,-0.6577508990084993,-0.8512966597545222,0.5899437656172595,0.886238813903831,1.0945827298772188,300,0.4696505240562537,0,88
RG3_L_000407,407,-0.029099449053866445,0.8385523411322893,-0.04253793108057046,-0.846821542506724,-0.38678982241038173,-1.1144367268032296,1.3696623373718366,0.0,-1.737321949505005,-0.6657520460385278,-1.9605785402082005,1.8602574670594052,0.9161276312580487,1.158639064223402,1.483119011634211,-0.8357304651357478,0.47319620683823654,-0.0020813214763596324,0.19400546058363471,0.5962202890808133,-0.8512966597545222,-1.036925309027852,-0.6810714037626417,-0.36212190382977455,248,0.4693517902747134,0,89
RG3_L_000528,528,-0.029099449053866445,0.8385523411322893,-0.4914975187980172,0.24951068491762612,-1.8067254988278127,-1.1144367268032296,0.5883674005367534,0.0,-0.9522929891607599,0.6771090687267264,1.1169829930268504,1.203937739304957,0.7060278943785975,0.22529990092137753,0.08812513719278957,-1.535053123118236,1.200279855795402,-2.1532813098042194,-1.4147234536972182,-0.030765304963843006,-0.8512966597545222,-0.3251647555730986,1.3136858197938754,1.4587577306198736,316,0.4687914081285171,0,90
RG3_L_000146,146,-0.029099449053866445,-1.1925314031676417,0.6308800429241845,0.24951068491762612,1.0330781477474453,2.0750885401389327,-0.974520563532816,0.0,1.40255433466711,0.6771090687267264,1.1169829930268504,-2.0779613663043452,-0.9747860302394408,-1.6413546898817633,-2.0043745436240954,-1.3019455704574068,1.200279855795402,0.3052463601763737,-0.24471850189051658,-0.030765304963843006,0.1430046794462067,1.301704319072013,-0.2536243978725972,-0.4835143425333886,92,0.46853945680159903,0,91
RG3_L_000517,517,-0.029099449053866445,0.8385523411322893,-1.1649154928027723,-0.2987077097782125,-1.8067254988278127,-1.1144367268032296,0.5883674005367534,0.0,-0.9522929891607599,-2.0085875478583746,-0.4217977735906751,0.547517855938155,0.49592815749914615,0.5364169113222037,0.5531171825700949,-0.36958649425188594,-0.49617470017850324,-2.1532813098042194,-1.122211057964198,-1.2846408284828101,-0.3541839203189247,-0.4268503757263929,1.3136858197938754,1.4587577306198736,311,0.4673362733570046,0,92
RG3_L_000451,451,-0.029099449053866445,0.8385523411322893,0.1819418627781529,0.24951068491762612,-1.8067254988278127,-1.1144367268032296,0.5883674005367534,0.0,-0.9522929891607599,2.0199701834919805,-0.4217977735906751,0.547517855938155,0.7060278943785975,0.5364169113222037,0.5531171825700949,-1.0688380177965773,1.200279855795402,-1.5386259464987528,-0.6834870954900467,-1.5981336255051382,1.1373060186469357,-0.6302061009856589,1.028719337439322,1.2159728532126455,274,0.4671701413422177,0,93
RG3_L_000395,395,-0.029099449053866445,0.8385523411322893,0.855359836782908,-0.2987077097782125,-0.38678982241038173,-1.1144367268032296,1.3696623373718366,0.0,-0.9522929891607599,0.6771090687267264,-1.9605785402082005,1.203937739304957,0.7060278943785975,0.8475220538225758,1.2506229889455585,1.0289876872752937,-0.011452267540392873,-1.2312982648460196,-1.268467255830708,-0.34425810198617113,-0.3541839203189247,-0.9352474463982191,-0.8235546449399185,-0.6049067812370027,242,0.4670815291148523,0,94
RG3_L_000356,356,-0.029099449053866445,-1.1925314031676417,-1.3893952866614956,0.24951068491762612,-0.38678982241038173,0.48032590666785163,0.5883674005367534,0.0,-0.16738380741894748,-0.6657520460385278,-0.4217977735906751,-1.4216416385498971,-0.1343870827216355,-0.08580524157899463,0.08812513719278957,-1.3019455704574068,-0.2538134838594481,0.612574041829107,0.9252418187908061,-0.6577508990084993,1.1373060186469357,-2.663794383672964,-1.6784513743617933,-1.3332567827223119,215,0.4670176888335286,0,95
RG3_L_000548,548,-0.029099449053866445,0.8385523411322893,0.6308800429241845,-1.3950399372025626,-1.8067254988278127,-1.9118180435387702,0.5883674005367534,0.0,-0.9522929891607599,-0.6657520460385278,1.1169829930268504,1.203937739304957,0.7060278943785975,0.8475220538225758,0.7856220744135003,-0.6026229124749184,0.23083499051918135,-1.2312982648460196,-0.24471850189051658,-0.9711480314604819,0.6401932792113381,-0.3251647555730986,1.3136858197938754,1.4587577306198736,328,0.46624353465254487,0,96
RG3_L_000089,89,-0.029099449053866445,-1.1925314031676417,0.6308800429241845,-0.2987077097782125,-0.38678982241038173,0.48032590666785163,0.5883674005367534,0.0,0.6176451529252976,-2.0085875478583746,1.1169829930268504,-0.7652217551830952,-0.1343870827216355,-1.019132536980565,-1.0743727145599793,-0.6026229124749184,1.9272895464930866,-0.9239705831932862,-1.122211057964198,-0.9711480314604819,1.1373060186469357,0.8949851110298198,-0.8235546449399185,-0.8476893432760432,54,0.46573738912056506,0,97
RG3_L_000378,378,-0.029099449053866445,0.8385523411322893,0.6308800429241845,0.24951068491762612,-0.38678982241038173,-1.9118180435387702,-0.19292753629832982,0.0,-1.737321949505005,0.6771090687267264,-0.4217977735906751,1.8602574670594052,1.1262433977199278,0.5364169113222037,0.5531171825700949,-1.0688380177965773,-0.2538134838594481,-0.0020813214763596324,-0.6834870954900467,-0.34425810198617113,0.6401932792113381,-1.7486781049589442,-1.251001650829963,-0.7262969045724291,229,0.465485798626296,0,98
RG3_L_000450,450,-0.029099449053866445,0.8385523411322893,-0.7159559050853255,0.24951068491762612,-0.38678982241038173,-1.9118180435387702,0.5883674005367534,0.0,-1.737321949505005,0.6771090687267264,-0.4217977735906751,1.203937739304957,0.9161276312580487,1.158639064223402,1.018118097102153,-1.535053123118236,3.1390216698288818,-1.2312982648460196,0.48651785631665484,-0.34425810198617113,-0.8512966597545222,-1.036925309027852,0.886238813903831,1.0945827298772188,273,0.4654545954684696,0,99
RG3_L_000438,438,-0.029099449053866445,-1.1925314031676417,-1.3893952866614956,0.24951068491762612,-1.8067254988278127,-0.31705541006768895,1.3696623373718366,0.0,-0.16738380741894748,0.6771090687267264,-0.4217977735906751,-0.7652217551830952,0.07572868374024348,-0.08580524157899463,0.32062115988144224,-0.8357304651357478,0.47319620683823654,-1.5386259464987528,-0.6834870954900467,-1.2846408284828101,0.6401932792113381,0.0815466949454333,1.028719337439322,1.0945827298772188,266,0.46521392367940834,0,100
RG3_L_000098,98,-0.029099449053866445,-1.1925314031676417,2.426675578651141,-0.2987077097782125,-0.38678982241038173,0.48032590666785163,0.5883674005367534,0.0,0.6176451529252976,0.6771090687267264,-0.4217977735906751,-0.7652217551830952,-0.1343870827216355,-1.3302495473813911,-1.0743727145599793,0.09662861106977294,-0.011452267540392873,-0.9239705831932862,-1.7071912183048594,2.7904785390964193,0.6401932792113381,-1.036925309027852,-0.8235546449399185,-0.8476893432760432,60,0.4650949527436457,0,101
RG3_L_000326,326,-0.029099449053866445,-1.1925314031676417,-0.9404356989440489,0.24951068491762612,1.0330781477474453,1.2777072234033922,-0.974520563532816,0.0,1.40255433466711,2.0199701834919805,-0.4217977735906751,-2.0779613663043452,-1.1849017967013198,-1.6413546898817633,-1.5393736290920372,0.5628437163914318,1.9272895464930866,-0.3094090031290929,-0.5372308976235367,0.28272749205848513,1.1373060186469357,0.8949851110298198,0.4587890903720008,0.1234455356164941,199,0.4649990780009314,0,102
RG3_L_000539,539,-0.029099449053866445,0.8385523411322893,-0.9404356989440489,0.24951068491762612,-1.8067254988278127,-1.9118180435387702,1.3696623373718366,0.0,-1.737321949505005,0.6771090687267264,-0.4217977735906751,1.203937739304957,0.7060278943785975,0.22529990092137753,0.32062115988144224,-1.0688380177965773,-0.011452267540392873,-1.8459536281514861,-0.09850693514938538,-0.030765304963843006,-0.8512966597545222,-0.2234868929434656,1.3136858197938754,1.3373652919162595,320,0.4649133813875572,0,103
RG3_L_000555,555,-0.029099449053866445,0.8385523411322893,-0.7159559050853255,-0.846821542506724,-1.8067254988278127,-1.1144367268032296,2.151255364606323,0.0,-0.9522929891607599,0.6771090687267264,-0.4217977735906751,1.203937739304957,0.49592815749914615,0.5364169113222037,0.7856220744135003,1.4952027925969524,0.7155574231572918,-0.0020813214763596324,-0.8297432933565567,-1.5981336255051382,0.6401932792113381,0.3865880403579936,1.4561690609711522,1.7015426080271017,331,0.4647699491276712,0,104
RG3_L_000449,449,-0.029099449053866445,0.8385523411322893,0.1819418627781529,-0.846821542506724,-1.8067254988278127,-0.31705541006768895,-0.19292753629832982,0.0,-0.9522929891607599,-0.6657520460385278,1.1169829930268504,0.547517855938155,0.49592815749914615,0.22529990092137753,-0.14437975465061584,0.7958801346144643,-1.7079068235142982,-0.6167366847818262,-1.9997036140378794,0.28272749205848513,0.6401932792113381,0.3865880403579936,1.028719337439322,1.0945827298772188,272,0.46437505102414095,0,105
RG3_L_000187,187,-0.029099449053866445,0.8385523411322893,-0.9404356989440489,0.24951068491762612,1.0330781477474453,0.48032590666785163,-1.7558155003678992,0.0,-0.16738380741894748,0.6771090687267264,-0.4217977735906751,-0.10880187181629318,-0.3444868196010868,0.5364169113222037,0.32062115988144224,1.728310345257782,0.47319620683823654,2.1491186668515003,1.8027343748644875,-0.34425810198617113,1.1373060186469357,0.18323231509872764,0.03134208448195622,-0.11933702642254647,119,0.4642322521226251,0,106
RG3_L_000342,342,-0.029099449053866445,0.8385523411322893,0.1819418627781529,0.24951068491762612,-0.38678982241038173,-1.1144367268032296,1.3696623373718366,0.0,-0.9522929891607599,0.6771090687267264,1.1169829930268504,1.203937739304957,0.9161276312580487,-0.08580524157899463,-0.14437975465061584,0.09662861106977294,-0.011452267540392873,-0.0020813214763596324,-0.24471850189051658,-0.34425810198617113,-0.3541839203189247,-0.9352474463982191,-1.963415139074561,-1.454649221425926,209,0.4639128226811466,0,107
RG3_L_000513,513,-0.029099449053866445,0.8385523411322893,-1.6138536729488038,-1.3950399372025626,-0.38678982241038173,-1.1144367268032296,0.5883674005367534,0.0,-0.9522929891607599,-0.6657520460385278,-0.4217977735906751,0.547517855938155,0.9161276312580487,2.0919663596249722,2.1806159488549217,-0.6026229124749184,-0.49617470017850324,0.919807940240567,1.2177542145238263,-0.030765304963843006,0.1430046794462067,0.48826590298762657,1.028719337439322,1.2159728532126455,308,0.46389272555981903,0,108
RG3_L_000156,156,-0.029099449053866445,-1.1925314031676417,-0.2670177249392938,-0.846821542506724,1.0330781477474453,0.48032590666785163,-1.7558155003678992,0.0,0.6176451529252976,0.6771090687267264,1.1169829930268504,-0.10880187181629318,-0.1343870827216355,-1.3302495473813911,-2.0043745436240954,-0.36958649425188594,0.47319620683823654,-0.6167366847818262,-1.4147234536972182,1.2231102185551241,0.1430046794462067,-0.7318839636152918,-0.1111411566953205,-0.36212190382977455,99,0.4637850961479552,0,109
RG3_L_000042,42,-0.029099449053866445,-1.1925314031676417,0.855359836782908,0.24951068491762612,-0.38678982241038173,1.2777072234033922,1.3696623373718366,0.0,1.40255433466711,-0.6657520460385278,1.1169829930268504,-0.7652217551830952,-0.9747860302394408,-1.6413546898817633,-1.7718785209354428,-0.36958649425188594,-0.49617470017850324,1.8417909851987668,-0.8297432933565567,-0.030765304963843006,0.6401932792113381,-0.3251647555730986,-0.9660378861171952,-0.9690817819796572,27,0.46360474124162115,0,110
RG3_L_000371,371,-0.029099449053866445,0.8385523411322893,-0.4914975187980172,-0.846821542506724,-0.38678982241038173,-0.31705541006768895,0.5883674005367534,0.0,-0.16738380741894748,-2.0085875478583746,1.1169829930268504,-0.10880187181629318,0.7060278943785975,0.8475220538225758,0.5531171825700949,0.7958801346144643,-0.49617470017850324,-0.0020813214763596324,0.48651785631665484,1.5366030155774522,0.6401932792113381,-2.0537194503715046,-1.251001650829963,-0.8476893432760432,223,0.46333851642875645,0,111
RG3_L_000373,373,-0.029099449053866445,0.8385523411322893,-0.9404356989440489,0.24951068491762612,-0.38678982241038173,-1.1144367268032296,2.151255364606323,0.0,-0.9522929891607599,-0.6657520460385278,-0.4217977735906751,1.203937739304957,0.7060278943785975,0.8475220538225758,0.5531171825700949,-0.1364789415910565,0.7155574231572918,-1.8459536281514861,0.48651785631665484,-0.34425810198617113,-1.3484852595196537,-0.8335618262449248,-1.3934848920072398,-0.9690817819796572,225,0.46317044616505565,0,112
RG3_L_000017,17,-0.029099449053866445,-1.1925314031676417,2.202217192363833,0.24951068491762612,1.0330781477474453,1.2777072234033922,-1.7558155003678992,0.0,1.40255433466711,0.6771090687267264,1.1169829930268504,-0.7652217551830952,-0.3444868196010868,-1.019132536980565,-1.3068776064033847,-1.0688380177965773,1.9272895464930866,0.3052463601763737,-0.5372308976235367,0.5962202890808133,-0.8512966597545222,0.18323231509872764,-1.5359681331845165,-1.697434098833154,9,0.4631110474066962,0,113
RG3_L_000425,425,-0.029099449053866445,0.8385523411322893,-0.4914975187980172,0.24951068491762612,-1.8067254988278127,-0.31705541006768895,0.5883674005367534,0.0,0.6176451529252976,-0.6657520460385278,-0.4217977735906751,1.203937739304957,0.49592815749914615,1.469744206723774,1.2506229889455585,-0.8357304651357478,-0.7385359164975585,0.612574041829107,1.6564781769979775,-0.030765304963843006,1.1373060186469357,-1.6470002423293113,0.886238813903831,0.9731902911736049,259,0.46307033494138694,0,114
RG3_L_000282,282,-0.029099449053866445,-1.1925314031676417,0.6308800429241845,-0.846821542506724,1.0330781477474453,0.48032590666785163,-1.7558155003678992,0.0,0.6176451529252976,0.6771090687267264,1.1169829930268504,-1.4216416385498971,-0.5545865564805381,-1.019132536980565,-1.5393736290920372,1.0289876872752937,-0.2538134838594481,-0.0020813214763596324,-0.8297432933565567,-0.030765304963843006,2.1316073578476646,0.8949851110298198,0.6012723315492775,0.24483797432010815,175,0.46303546618698993,0,115
RG3_L_000027,27,-0.029099449053866445,-1.1925314031676417,1.5287778107876628,0.24951068491762612,1.0330781477474453,0.48032590666785163,2.151255364606323,0.0,0.6176451529252976,0.6771090687267264,1.1169829930268504,-0.10880187181629318,0.07572868374024348,0.8475220538225758,0.08812513719278957,0.09662861106977294,0.7155574231572918,-0.3094090031290929,0.778985620924296,-1.2846408284828101,-1.3484852595196537,0.18323231509872764,-1.6784513743617933,-1.697434098833154,16,0.4628442038040322,0,116
RG3_L_000541,541,-0.029099449053866445,0.8385523411322893,-2.0628132606662506,-0.846821542506724,-0.38678982241038173,-1.1144367268032296,-0.19292753629832982,0.0,-0.9522929891607599,-0.6657520460385278,-0.4217977735906751,0.547517855938155,0.49592815749914615,1.7808493492241462,1.9481199261662692,-0.1364789415910565,-0.49617470017850324,1.2271356218933003,1.8027343748644875,-0.030765304963843006,-1.3484852595196537,-0.020131167684199668,1.3136858197938754,1.3373652919162595,322,0.4627611528232287,0,117
RG3_L_000512,512,-0.029099449053866445,0.8385523411322893,-0.7159559050853255,0.24951068491762612,-0.38678982241038173,-1.9118180435387702,0.5883674005367534,0.0,-0.9522929891607599,2.0199701834919805,-1.9605785402082005,1.203937739304957,0.9161276312580487,1.158639064223402,1.483119011634211,1.0289876872752937,1.200279855795402,0.919807940240567,1.0714980166573163,-0.34425810198617113,-0.3541839203189247,-0.4268503757263929,1.028719337439322,1.2159728532126455,307,0.4627003922082031,0,118
RG3_L_000466,466,-0.029099449053866445,0.8385523411322893,-1.1649154928027723,0.24951068491762612,-0.38678982241038173,-1.1144367268032296,0.5883674005367534,0.0,-0.9522929891607599,2.0199701834919805,-0.4217977735906751,1.203937739304957,0.9161276312580487,0.8475220538225758,1.018118097102153,0.3297361637306024,-0.9808971328166136,1.5344633035460336,-1.5609796515637282,0.5962202890808133,-0.3541839203189247,-1.6470002423293113,1.028719337439322,1.2159728532126455,284,0.46204520524302745,0,119
RG3_L_000580,580,-0.029099449053866445,0.8385523411322893,-1.3893952866614956,0.24951068491762612,-0.38678982241038173,0.48032590666785163,0.5883674005367534,0.0,-0.9522929891607599,2.0199701834919805,-0.4217977735906751,-0.7652217551830952,0.49592815749914615,0.8475220538225758,1.2506229889455585,0.7958801346144643,0.9579186394763469,1.5344633035460336,0.9252418187908061,0.5962202890808133,0.6401932792113381,-0.12180903031383264,1.598652302148429,1.5801501693234876,347,0.461923497824099,0,120
RG3_L_000387,387,-0.029099449053866445,0.8385523411322893,0.6308800429241845,-0.2987077097782125,-0.38678982241038173,-1.1144367268032296,-0.19292753629832982,0.0,-0.9522929891607599,0.6771090687267264,1.1169829930268504,0.547517855938155,0.9161276312580487,1.158639064223402,0.5531171825700949,-1.3019455704574068,0.23083499051918135,-0.0020813214763596324,-1.122211057964198,1.8500958125997804,-1.8455979989552511,-1.8503598463504078,-1.108521127294472,-0.6049067812370027,235,0.4614553555692984,0,121
RG3_L_000525,525,-0.029099449053866445,-1.1925314031676417,-0.9404356989440489,0.24951068491762612,-1.8067254988278127,0.48032590666785163,0.5883674005367534,0.0,-0.16738380741894748,0.6771090687267264,-0.4217977735906751,-0.7652217551830952,-0.3444868196010868,-0.3969103840793668,0.08812513719278957,-0.1364789415910565,-0.2538134838594481,0.3052463601763737,0.19400546058363471,2.1635886096221086,-1.3484852595196537,-0.2234868929434656,1.3136858197938754,1.4587577306198736,315,0.46132833506978366,0,122
RG3_L_000502,502,-0.029099449053866445,0.8385523411322893,-1.3893952866614956,-0.2987077097782125,-1.8067254988278127,-1.9118180435387702,0.5883674005367534,0.0,-1.737321949505005,0.6771090687267264,-0.4217977735906751,0.547517855938155,1.1262433977199278,1.469744206723774,1.2506229889455585,-1.3019455704574068,-0.2538134838594481,-0.0020813214763596324,-0.09850693514938538,-0.6577508990084993,0.1430046794462067,-1.4436445170700454,1.028719337439322,1.2159728532126455,301,0.46127445358001995,0,123
RG3_L_000495,495,-0.029099449053866445,0.8385523411322893,-1.6138536729488038,0.24951068491762612,-0.38678982241038173,-1.1144367268032296,-0.19292753629832982,0.0,-0.9522929891607599,-0.6657520460385278,-0.4217977735906751,1.203937739304957,0.9161276312580487,1.7808493492241462,1.483119011634211,-1.535053123118236,1.200279855795402,-1.8459536281514861,0.48651785631665484,-0.6577508990084993,-1.3484852595196537,-0.2234868929434656,1.028719337439322,1.2159728532126455,298,0.46117345481816313,0,124
RG3_L_000159,159,-0.029099449053866445,0.8385523411322893,-0.7159559050853255,0.24951068491762612,1.0330781477474453,0.48032590666785163,-1.7558155003678992,0.0,0.6176451529252976,0.6771090687267264,1.1169829930268504,-0.7652217551830952,-0.1343870827216355,0.22529990092137753,-0.14437975465061584,0.09662861106977294,1.200279855795402,1.8417909851987668,0.9252418187908061,-1.9116264225274664,1.1373060186469357,0.48826590298762657,-0.2536243978725972,-0.4835143425333886,102,0.46109038060317853,0,125
RG3_L_000088,88,-0.029099449053866445,-1.1925314031676417,1.5287778107876628,-0.846821542506724,-0.38678982241038173,0.48032590666785163,-0.19292753629832982,0.0,0.6176451529252976,0.6771090687267264,-1.9605785402082005,-1.4216416385498971,-0.5545865564805381,-1.019132536980565,-0.609380669182674,-0.6026229124749184,-1.223184390876188,-0.0020813214763596324,-1.122211057964198,1.2231102185551241,-0.3541839203189247,-0.5285282383560259,-0.8235546449399185,-0.8476893432760432,53,0.4610847769874235,0,126
RG3_L_000589,589,-0.029099449053866445,0.8385523411322893,-1.6138536729488038,-0.846821542506724,-1.8067254988278127,-1.1144367268032296,1.3696623373718366,0.0,-1.737321949505005,-0.6657520460385278,-0.4217977735906751,1.203937739304957,0.9161276312580487,1.158639064223402,1.483119011634211,1.728310345257782,-0.2538134838594481,-0.0020813214763596324,0.9252418187908061,-0.9711480314604819,-1.3484852595196537,-0.020131167684199668,1.4561690609711522,1.7015426080271017,352,0.4607160136737089,0,127
RG3_L_000077,77,-0.029099449053866445,-1.1925314031676417,-0.04253793108057046,-0.2987077097782125,-0.38678982241038173,0.48032590666785163,0.5883674005367534,0.0,0.6176451529252976,0.6771090687267264,1.1169829930268504,-0.10880187181629318,-0.7646862933599895,-1.3302495473813911,-1.5393736290920372,-1.535053123118236,-0.9808971328166136,-1.8459536281514861,-0.09850693514938538,-0.9711480314604819,-1.3484852595196537,0.28491017772836064,-0.9660378861171952,-0.9690817819796572,48,0.4606638115144662,0,128
RG3_L_000562,562,-0.029099449053866445,0.8385523411322893,-0.9404356989440489,-0.2987077097782125,-1.8067254988278127,-0.31705541006768895,1.3696623373718366,0.0,-0.9522929891607599,0.6771090687267264,-1.9605785402082005,0.547517855938155,-0.1343870827216355,0.22529990092137753,0.7856220744135003,-1.0688380177965773,-0.7385359164975585,-0.0020813214763596324,0.19400546058363471,-0.9711480314604819,0.1430046794462067,-0.2234868929434656,1.4561690609711522,1.7015426080271017,335,0.4602434282009778,0,129
RG3_L_000202,202,-0.029099449053866445,-1.1925314031676417,0.6308800429241845,0.24951068491762612,1.0330781477474453,1.2777072234033922,-0.974520563532816,0.0,0.6176451529252976,0.6771090687267264,-0.4217977735906751,-0.7652217551830952,-0.9747860302394408,-2.574681985283334,-2.236870566312748,0.3297361637306024,-0.7385359164975585,-0.0020813214763596324,-0.975954860097688,-1.5981336255051382,-0.8512966597545222,1.301704319072013,0.17382532565923292,-0.11933702642254647,129,0.45994037919893005,0,130
RG3_L_000523,523,-0.029099449053866445,0.8385523411322893,-0.2670177249392938,-0.2987077097782125,-0.38678982241038173,-1.1144367268032296,1.3696623373718366,0.0,-0.9522929891607599,-2.0085875478583746,1.1169829930268504,1.203937739304957,0.49592815749914615,1.469744206723774,1.2506229889455585,0.5628437163914318,0.47319620683823654,0.3052463601763737,1.3639657812649575,1.2231102185551241,-1.3484852595196537,-0.3251647555730986,1.3136858197938754,1.4587577306198736,314,0.45956862709188884,0,131
RG3_L_000227,227,-0.029099449053866445,-1.1925314031676417,0.6308800429241845,0.24951068491762612,1.0330781477474453,2.0750885401389327,-0.974520563532816,0.0,1.40255433466711,0.6771090687267264,1.1169829930268504,-1.4216416385498971,-0.9747860302394408,-1.019132536980565,-1.0743727145599793,1.2620952399361232,0.9579186394763469,1.2271356218933003,0.19400546058363471,0.28272749205848513,-1.3484852595196537,0.9966629736594528,0.17382532565923292,-0.11933702642254647,145,0.4595030818734373,0,132
RG3_L_000155,155,-0.029099449053866445,-1.1925314031676417,1.7532576046463864,-0.2987077097782125,1.0330781477474453,1.2777072234033922,-0.974520563532816,0.0,1.40255433466711,0.6771090687267264,-1.9605785402082005,-1.4216416385498971,-0.5545865564805381,-1.019132536980565,-0.609380669182674,0.3297361637306024,-1.223184390876188,-0.0020813214763596324,-0.6834870954900467,0.5962202890808133,1.634494618412067,0.5899437656172595,-0.1111411566953205,-0.36212190382977455,98,0.45930014735735575,1,133
RG3_L_000386,386,-0.029099449053866445,0.8385523411322893,1.0798396306416314,-0.846821542506724,-0.38678982241038173,-1.1144367268032296,-0.19292753629832982,0.0,-0.9522929891607599,-0.6657520460385278,-0.4217977735906751,1.203937739304957,0.7060278943785975,0.8475220538225758,0.7856220744135003,-1.3019455704574068,-0.7385359164975585,-1.2312982648460196,-0.8297432933565567,-1.5981336255051382,0.1430046794462067,-1.240281034287118,-0.8235546449399185,-0.6049067812370027,234,0.45912216764750896,0,134
RG3_L_000492,492,-0.029099449053866445,0.8385523411322893,-1.1649154928027723,0.24951068491762612,-0.38678982241038173,-1.1144367268032296,2.151255364606323,0.0,-0.9522929891607599,0.6771090687267264,-1.9605785402082005,1.203937739304957,0.49592815749914615,0.22529990092137753,0.7856220744135003,-0.36958649425188594,-1.223184390876188,-1.2312982648460196,-0.8297432933565567,-0.34425810198617113,-0.3541839203189247,-0.5285282383560259,1.028719337439322,1.2159728532126455,297,0.4591065565299092,0,135
RG3_L_000194,194,-0.029099449053866445,0.8385523411322893,1.3042980169289395,0.24951068491762612,1.0330781477474453,0.48032590666785163,0.5883674005367534,0.0,0.6176451529252976,0.6771090687267264,-0.4217977735906751,-0.10880187181629318,-0.5545865564805381,-1.019132536980565,-1.0743727145599793,1.4952027925969524,-1.9502680398333534,1.5344633035460336,-1.4147234536972182,0.5962202890808133,0.1430046794462067,0.6916293857705539,0.03134208448195622,-0.11933702642254647,125,0.45871234628079327,0,136
RG3_L_000306,306,-0.029099449053866445,-1.1925314031676417,0.1819418627781529,0.24951068491762612,1.0330781477474453,0.48032590666785163,-0.974520563532816,0.0,1.40255433466711,-0.6657520460385278,-0.4217977735906751,-0.7652217551830952,-0.7646862933599895,0.22529990092137753,0.5531171825700949,-2.467412199323757,0.7155574231572918,-0.3094090031290929,1.0714980166573163,-0.030765304963843006,-0.3541839203189247,1.8101013897438392,0.6012723315492775,0.1234455356164941,189,0.45832146506698174,0,137
RG3_L_000545,545,-0.029099449053866445,-1.1925314031676417,-0.4914975187980172,0.24951068491762612,-1.8067254988278127,0.48032590666785163,-0.19292753629832982,0.0,-0.16738380741894748,0.6771090687267264,-0.4217977735906751,-0.7652217551830952,0.07572868374024348,-0.08580524157899463,0.08812513719278957,1.2620952399361232,0.7155574231572918,1.8417909851987668,-0.8297432933565567,-0.030765304963843006,1.1373060186469357,-0.2234868929434656,1.3136858197938754,1.3373652919162595,325,0.4582834154571343,0,138
RG3_L_000190,190,-0.029099449053866445,-1.1925314031676417,-0.2670177249392938,0.24951068491762612,1.0330781477474453,2.0750885401389327,-0.974520563532816,0.0,1.40255433466711,-0.6657520460385278,-0.4217977735906751,-1.4216416385498971,-1.395001533580771,-1.9524598323821356,-1.3068776064033847,1.4952027925969524,-0.2538134838594481,-0.9239705831932862,0.3402616584501448,-0.6577508990084993,0.1430046794462067,-0.2234868929434656,0.03134208448195622,-0.11933702642254647,122,0.45798982488306406,0,139
RG3_L_000112,112,-0.029099449053866445,-1.1925314031676417,0.1819418627781529,0.24951068491762612,-0.38678982241038173,1.2777072234033922,1.3696623373718366,0.0,0.6176451529252976,2.0199701834919805,-0.4217977735906751,-0.10880187181629318,-0.7646862933599895,-0.08580524157899463,0.08812513719278957,-1.3019455704574068,-1.223184390876188,1.2271356218933003,1.5102219791314675,0.28272749205848513,-0.3541839203189247,0.6916293857705539,-0.9660378861171952,-0.9690817819796572,67,0.4578869297513358,0,140
RG3_L_000452,452,-0.029099449053866445,0.8385523411322893,-0.4914975187980172,-0.2987077097782125,-0.38678982241038173,-1.9118180435387702,1.3696623373718366,0.0,-1.737321949505005,-0.6657520460385278,1.1169829930268504,1.8602574670594052,0.9161276312580487,1.7808493492241462,1.483119011634211,0.09662861106977294,0.7155574231572918,0.3052463601763737,0.9252418187908061,0.28272749205848513,-1.3484852595196537,-0.6302061009856589,0.886238813903831,1.0945827298772188,275,0.45726455139022015,0,141
RG3_L_000516,516,-0.029099449053866445,0.8385523411322893,0.1819418627781529,0.24951068491762612,-1.8067254988278127,-0.31705541006768895,1.3696623373718366,0.0,-0.9522929891607599,-0.6657520460385278,1.1169829930268504,0.547517855938155,0.07572868374024348,0.5364169113222037,0.08812513719278957,-1.3019455704574068,1.200279855795402,-0.3094090031290929,-0.8297432933565567,-0.9711480314604819,1.634494618412067,-0.4268503757263929,1.1712025786165987,1.3373652919162595,310,0.45720388811814533,0,142
RG3_L_000097,97,-0.029099449053866445,-1.1925314031676417,0.6308800429241845,0.24951068491762612,-0.38678982241038173,1.2777072234033922,-0.19292753629832982,0.0,1.40255433466711,-0.6657520460385278,-0.4217977735906751,-1.4216416385498971,-0.7646862933599895,-1.6413546898817633,-1.5393736290920372,-0.36958649425188594,-0.9808971328166136,-0.9239705831932862,-1.9997036140378794,-0.9711480314604819,1.1373060186469357,0.48826590298762657,-0.8235546449399185,-0.8476893432760432,59,0.45712836749283864,0,143
RG3_L_000377,377,-0.029099449053866445,0.8385523411322893,-0.04253793108057046,0.24951068491762612,-0.38678982241038173,-1.1144367268032296,1.3696623373718366,0.0,-0.9522929891607599,0.6771090687267264,-0.4217977735906751,1.203937739304957,0.49592815749914615,0.22529990092137753,0.32062115988144224,1.0289876872752937,-1.223184390876188,-0.0020813214763596324,-0.975954860097688,-0.030765304963843006,-1.3484852595196537,-2.8671539876940604,-1.251001650829963,-0.8476893432760432,228,0.4570967421408415,0,144
RG3_L_000547,547,-0.029099449053866445,0.8385523411322893,0.1819418627781529,-0.846821542506724,-1.8067254988278127,-1.1144367268032296,1.3696623373718366,0.0,-0.9522929891607599,-0.6657520460385278,-1.9605785402082005,1.203937739304957,0.7060278943785975,-0.08580524157899463,0.5531171825700949,0.3297361637306024,0.7155574231572918,-0.0020813214763596324,-1.268467255830708,-0.030765304963843006,0.1430046794462067,-0.2234868929434656,1.3136858197938754,1.3373652919162595,327,0.4568894041338865,0,145
RG3_L_000331,331,-0.029099449053866445,0.8385523411322893,-1.8383334668075273,0.24951068491762612,1.0330781477474453,-0.31705541006768895,-0.974520563532816,0.0,-0.16738380741894748,-0.6657520460385278,-1.9605785402082005,0.547517855938155,0.2858284206196948,0.22529990092137753,0.7856220744135003,0.7958801346144643,-1.223184390876188,1.5344633035460336,1.3639657812649575,0.28272749205848513,-0.8512966597545222,1.403382181701646,0.31630584919472404,0.002053096912880053,201,0.4566959742629301,0,146
RG3_L_000358,358,-0.029099449053866445,-1.1925314031676417,-0.7159559050853255,0.24951068491762612,-0.38678982241038173,0.48032590666785163,1.3696623373718366,0.0,-0.16738380741894748,-0.6657520460385278,1.1169829930268504,-0.10880187181629318,0.07572868374024348,-0.7080273944801929,-0.609380669182674,-1.0688380177965773,1.200279855795402,-0.0020813214763596324,-0.8297432933565567,-0.6577508990084993,0.1430046794462067,-1.341958896916751,-1.82093461553907,-1.3332567827223119,217,0.45666669302541857,0,147
RG3_L_000538,538,-0.029099449053866445,0.8385523411322893,-0.7159559050853255,-1.3950399372025626,-1.8067254988278127,-0.31705541006768895,0.5883674005367534,0.0,-0.9522929891607599,0.6771090687267264,-0.4217977735906751,-0.10880187181629318,0.49592815749914615,-0.08580524157899463,0.08812513719278957,1.728310345257782,0.23083499051918135,0.612574041829107,-1.4147234536972182,0.28272749205848513,0.6401932792113381,-0.2234868929434656,1.3136858197938754,1.4587577306198736,319,0.4561904311765965,0,148
RG3_L_000235,235,-0.029099449053866445,-1.1925314031676417,0.855359836782908,-0.2987077097782125,1.0330781477474453,1.2777072234033922,-0.974520563532816,0.0,1.40255433466711,2.0199701834919805,-0.4217977735906751,-0.7652217551830952,-0.7646862933599895,-0.7080273944801929,-0.609380669182674,-1.7680895413412685,1.200279855795402,-1.5386259464987528,0.3402616584501448,-0.34425810198617113,-0.8512966597545222,0.9966629736594528,0.17382532565923292,0.002053096912880053,149,0.4554732081470744,0,149
RG3_L_000583,583,-0.029099449053866445,0.8385523411322893,-0.7159559050853255,-0.2987077097782125,-1.8067254988278127,-0.31705541006768895,0.5883674005367534,0.0,-0.16738380741894748,-0.6657520460385278,-0.4217977735906751,-0.10880187181629318,0.2858284206196948,-0.3969103840793668,-0.14437975465061584,-1.3019455704574068,-1.223184390876188,-0.3094090031290929,-0.8297432933565567,-1.2846408284828101,1.1373060186469357,-0.12180903031383264,1.598652302148429,1.5801501693234876,349,0.45533022975830506,0,150
RG3_L_000584,584,-0.029099449053866445,0.8385523411322893,-1.3893952866614956,-0.846821542506724,-0.38678982241038173,-0.31705541006768895,0.5883674005367534,0.0,-0.16738380741894748,-0.6657520460385278,-0.4217977735906751,-0.10880187181629318,0.49592815749914615,-0.08580524157899463,0.08812513719278957,2.194454316141644,2.1696507628121418,-0.0020813214763596324,-0.975954860097688,-0.34425810198617113,1.1373060186469357,-0.020131167684199668,1.598652302148429,1.7015426080271017,350,0.4551581818313505,0,151
RG3_L_000365,365,-0.029099449053866445,0.8385523411322893,-0.2670177249392938,0.24951068491762612,-0.38678982241038173,-0.31705541006768895,-0.19292753629832982,0.0,-0.16738380741894748,0.6771090687267264,-0.4217977735906751,-0.10880187181629318,0.07572868374024348,0.5364169113222037,0.5531171825700949,-0.1364789415910565,0.9579186394763469,1.5344633035460336,0.3402616584501448,1.2231102185551241,-1.3484852595196537,-2.1553973130011377,-1.5359681331845165,-1.2118666593868854,218,0.4547238945156082,0,152
RG3_L_000122,122,-0.029099449053866445,-1.1925314031676417,0.4064002490654612,0.24951068491762612,-0.38678982241038173,1.2777072234033922,-0.19292753629832982,0.0,1.40255433466711,2.0199701834919805,1.1169829930268504,-1.4216416385498971,-0.9747860302394408,-0.3969103840793668,-0.609380669182674,0.7958801346144643,0.47319620683823654,-0.3094090031290929,1.3639657812649575,0.5962202890808133,-0.8512966597545222,0.28491017772836064,-0.8235546449399185,-0.8476893432760432,76,0.45467601046116146,1,153
RG3_L_000275,275,-0.029099449053866445,-1.1925314031676417,0.6308800429241845,0.24951068491762612,1.0330781477474453,0.48032590666785163,-0.974520563532816,0.0,0.6176451529252976,-0.6657520460385278,-0.4217977735906751,-0.7652217551830952,0.07572868374024348,-0.7080273944801929,-0.609380669182674,-2.467412199323757,0.9579186394763469,-2.1532813098042194,-0.8297432933565567,1.5366030155774522,-0.3541839203189247,0.18323231509872764,0.4587890903720008,0.24483797432010815,170,0.4546743498359108,1,154
RG3_L_000220,220,-0.029099449053866445,-1.1925314031676417,-0.7159559050853255,-0.2987077097782125,1.0330781477474453,0.48032590666785163,-0.974520563532816,0.0,1.40255433466711,-0.6657520460385278,-0.4217977735906751,-1.4216416385498971,-0.5545865564805381,-1.019132536980565,-0.609380669182674,0.5628437163914318,0.7155574231572918,2.4563525652629603,-1.268467255830708,-0.34425810198617113,1.1373060186469357,0.8949851110298198,0.31630584919472404,0.002053096912880053,141,0.45463622935618225,0,155
RG3_L_000540,540,-0.029099449053866445,0.8385523411322893,-0.4914975187980172,-1.3950399372025626,-0.38678982241038173,-1.1144367268032296,0.5883674005367534,0.0,-1.737321949505005,-0.6657520460385278,1.1169829930268504,1.203937739304957,0.7060278943785975,1.469744206723774,1.018118097102153,1.0289876872752937,-1.7079068235142982,-0.9239705831932862,0.48651785631665484,-0.6577508990084993,0.6401932792113381,-0.5285282383560259,1.3136858197938754,1.4587577306198736,321,0.454521285346063,0,156
RG3_L_000316,316,-0.029099449053866445,-1.1925314031676417,-0.2670177249392938,-0.846821542506724,1.0330781477474453,1.2777072234033922,-0.19292753629832982,0.0,1.40255433466711,0.6771090687267264,-1.9605785402082005,-0.7652217551830952,-0.9747860302394408,-1.6413546898817633,-1.0743727145599793,0.09662861106977294,-0.011452267540392873,-0.0020813214763596324,0.04774926271712467,-0.34425810198617113,0.6401932792113381,0.5899437656172595,0.6012723315492775,0.24483797432010815,193,0.4540401256948105,0,157
RG3_L_000469,469,-0.029099449053866445,0.8385523411322893,-1.6138536729488038,0.24951068491762612,-0.38678982241038173,-1.1144367268032296,1.3696623373718366,0.0,-0.9522929891607599,0.6771090687267264,-1.9605785402082005,1.203937739304957,0.9161276312580487,1.469744206723774,1.7156150343228638,-0.36958649425188594,-0.2538134838594481,-0.3094090031290929,1.3639657812649575,-1.2846408284828101,0.1430046794462067,0.28491017772836064,1.3136858197938754,1.3373652919162595,285,0.45380677161849126,0,158
RG3_L_000026,26,-0.029099449053866445,-1.1925314031676417,1.3042980169289395,0.24951068491762612,1.0330781477474453,1.2777072234033922,1.3696623373718366,0.0,1.40255433466711,0.6771090687267264,1.1169829930268504,-0.7652217551830952,-0.5545865564805381,0.22529990092137753,-0.14437975465061584,-0.6026229124749184,-1.223184390876188,-0.0020813214763596324,0.04774926271712467,0.9096174215327959,-0.8512966597545222,0.18323231509872764,-1.6784513743617933,-1.697434098833154,15,0.45342302976363175,0,159
RG3_L_000250,250,-0.029099449053866445,0.8385523411322893,1.3042980169289395,0.24951068491762612,1.0330781477474453,-0.31705541006768895,-0.974520563532816,0.0,-0.16738380741894748,-2.0085875478583746,-0.4217977735906751,0.547517855938155,0.2858284206196948,0.5364169113222037,0.32062115988144224,-0.8357304651357478,-1.223184390876188,-0.0020813214763596324,0.9252418187908061,-0.6577508990084993,2.628795957612796,0.8949851110298198,0.31630584919472404,0.002053096912880053,155,0.4531771075427273,0,160
RG3_L_000368,368,-0.029099449053866445,-1.1925314031676417,0.4064002490654612,0.24951068491762612,-0.38678982241038173,0.48032590666785163,-0.19292753629832982,0.0,-0.16738380741894748,-0.6657520460385278,-0.4217977735906751,-0.10880187181629318,0.2858284206196948,-0.08580524157899463,-0.14437975465061584,1.0289876872752937,-1.223184390876188,-1.8459536281514861,-1.122211057964198,-0.34425810198617113,0.6401932792113381,-1.8503598463504078,-1.5359681331845165,-1.0904742206832714,220,0.4531440448718674,0,161
RG3_L_000163,163,-0.029099449053866445,-1.1925314031676417,-0.9404356989440489,0.24951068491762612,1.0330781477474453,1.2777072234033922,-1.7558155003678992,0.0,1.40255433466711,-0.6657520460385278,-0.4217977735906751,-2.0779613663043452,-0.7646862933599895,-0.7080273944801929,-0.3768757773392685,-1.0688380177965773,0.47319620683823654,-1.5386259464987528,0.48651785631665484,-0.6577508990084993,0.1430046794462067,1.606737906960912,-0.1111411566953205,-0.36212190382977455,105,0.45294102766986466,0,162
RG3_L_000376,376,-0.029099449053866445,0.8385523411322893,-0.04253793108057046,-0.846821542506724,-0.38678982241038173,-0.31705541006768895,-0.19292753629832982,0.0,-0.9522929891607599,-2.0085875478583746,-0.4217977735906751,0.547517855938155,0.49592815749914615,-0.08580524157899463,0.32062115988144224,1.728310345257782,0.23083499051918135,0.3052463601763737,-0.6834870954900467,-0.030765304963843006,0.1430046794462067,-1.4436445170700454,-1.251001650829963,-0.7262969045724291,227,0.4529259694137948,0,163
RG3_L_000394,394,-0.029099449053866445,0.8385523411322893,-0.7159559050853255,-0.846821542506724,-0.38678982241038173,-1.1144367268032296,-0.19292753629832982,0.0,-0.9522929891607599,0.6771090687267264,1.1169829930268504,1.203937739304957,0.7060278943785975,1.158639064223402,0.5531171825700949,1.0289876872752937,-0.49617470017850324,-0.3094090031290929,-0.975954860097688,-0.030765304963843006,1.634494618412067,-1.952037708980041,-0.8235546449399185,-0.4835143425333886,241,0.45269824599820363,0,164
RG3_L_000510,510,-0.029099449053866445,0.8385523411322893,-0.04253793108057046,0.24951068491762612,-1.8067254988278127,-1.9118180435387702,0.5883674005367534,0.0,-0.9522929891607599,-0.6657520460385278,1.1169829930268504,0.547517855938155,0.7060278943785975,0.8475220538225758,0.5531171825700949,1.728310345257782,0.9579186394763469,-0.0020813214763596324,-0.24471850189051658,-0.9711480314604819,1.634494618412067,0.18323231509872764,1.028719337439322,1.2159728532126455,306,0.4522854093887565,0,165
RG3_L_000486,486,-0.029099449053866445,0.8385523411322893,-1.1649154928027723,0.24951068491762612,-1.8067254988278127,-0.31705541006768895,0.5883674005367534,0.0,-0.9522929891607599,0.6771090687267264,-0.4217977735906751,0.547517855938155,0.7060278943785975,2.0919663596249722,1.9481199261662692,-0.8357304651357478,0.47319620683823654,-0.3094090031290929,1.5102219791314675,-0.34425810198617113,0.6401932792113381,-0.5285282383560259,1.028719337439322,1.0945827298772188,292,0.4518695165064036,1,166
RG3_L_000347,347,-0.029099449053866445,-1.1925314031676417,-0.2670177249392938,0.24951068491762612,-0.38678982241038173,0.48032590666785163,0.5883674005367534,0.0,-0.16738380741894748,-2.0085875478583746,-0.4217977735906751,-0.10880187181629318,0.07572868374024348,-0.08580524157899463,0.32062115988144224,1.0289876872752937,-0.011452267540392873,0.3052463601763737,0.04774926271712467,0.28272749205848513,0.6401932792113381,-1.952037708980041,-1.82093461553907,-1.454649221425926,212,0.45121450382030354,0,167
RG3_L_000370,370,-0.029099449053866445,0.8385523411322893,0.6308800429241845,0.24951068491762612,-0.38678982241038173,-0.31705541006768895,1.3696623373718366,0.0,-0.16738380741894748,2.0199701834919805,1.1169829930268504,0.547517855938155,0.2858284206196948,-0.3969103840793668,-0.609380669182674,0.5628437163914318,-0.49617470017850324,-0.3094090031290929,-0.8297432933565567,-0.9711480314604819,1.1373060186469357,-1.7486781049589442,-1.251001650829963,-0.7262969045724291,222,0.45117434640565185,0,168
RG3_L_000560,560,-0.029099449053866445,0.8385523411322893,-0.7159559050853255,0.24951068491762612,-0.38678982241038173,-1.1144367268032296,0.5883674005367534,0.0,-0.9522929891607599,0.6771090687267264,-0.4217977735906751,0.547517855938155,0.49592815749914615,1.7808493492241462,1.9481199261662692,1.4952027925969524,-1.223184390876188,0.612574041829107,1.3639657812649575,0.5962202890808133,1.1373060186469357,-0.2234868929434656,1.4561690609711522,1.7015426080271017,334,0.4511495683052688,1,169
RG3_L_000427,427,-0.029099449053866445,-1.1925314031676417,-0.9404356989440489,0.24951068491762612,-0.38678982241038173,0.48032590666785163,0.5883674005367534,0.0,-0.16738380741894748,0.6771090687267264,-1.9605785402082005,-0.10880187181629318,-0.5545865564805381,-0.7080273944801929,-0.14437975465061584,0.3297361637306024,-1.465545607195243,1.2271356218933003,0.04774926271712467,-0.030765304963843006,-0.3541839203189247,-0.9352474463982191,0.7437555727265542,0.9731902911736049,260,0.45107887124188945,0,170
RG3_L_000463,463,-0.029099449053866445,-1.1925314031676417,-0.4914975187980172,0.24951068491762612,-0.38678982241038173,0.48032590666785163,-0.19292753629832982,0.0,-0.16738380741894748,-0.6657520460385278,-0.4217977735906751,-0.7652217551830952,0.2858284206196948,0.22529990092137753,0.08812513719278957,1.2620952399361232,-0.7385359164975585,2.1491186668515003,-0.24471850189051658,-1.2846408284828101,1.1373060186469357,-0.7318839636152918,1.028719337439322,1.2159728532126455,283,0.4508594700258656,0,171
RG3_L_000068,68,-0.029099449053866445,-1.1925314031676417,-0.04253793108057046,0.24951068491762612,-0.38678982241038173,0.48032590666785163,-0.19292753629832982,0.0,0.6176451529252976,-2.0085875478583746,-0.4217977735906751,-0.7652217551830952,-0.7646862933599895,-1.3302495473813911,-1.0743727145599793,0.5628437163914318,-1.9502680398333534,0.919807940240567,-0.8297432933565567,1.2231102185551241,-0.8512966597545222,1.2000264564423802,-1.108521127294472,-0.9690817819796572,40,0.450748326188082,1,172
RG3_L_000470,470,-0.029099449053866445,0.8385523411322893,-1.1649154928027723,-0.2987077097782125,-0.38678982241038173,-0.31705541006768895,0.5883674005367534,0.0,-0.16738380741894748,0.6771090687267264,-0.4217977735906751,0.547517855938155,0.2858284206196948,1.469744206723774,1.483119011634211,-3.166663722868448,1.200279855795402,-0.0020813214763596324,0.9252418187908061,-0.6577508990084993,-0.3541839203189247,-0.5285282383560259,1.1712025786165987,1.3373652919162595,286,0.45070730007174153,0,173
RG3_L_000252,252,-0.029099449053866445,0.8385523411322893,-0.04253793108057046,0.24951068491762612,1.0330781477474453,-0.31705541006768895,-0.19292753629832982,0.0,-0.16738380741894748,-0.6657520460385278,1.1169829930268504,0.547517855938155,-0.1343870827216355,0.5364169113222037,0.5531171825700949,-2.2343046466629275,-1.223184390876188,-1.2312982648460196,1.2177542145238263,-0.6577508990084993,1.634494618412067,0.7933072484001868,0.31630584919472404,0.002053096912880053,157,0.4501407239856547,0,174
RG3_L_000244,244,-0.029099449053866445,-1.1925314031676417,0.1819418627781529,0.24951068491762612,1.0330781477474453,0.48032590666785163,-0.974520563532816,0.0,0.6176451529252976,-0.6657520460385278,1.1169829930268504,-0.7652217551830952,-0.9747860302394408,-0.3969103840793668,-0.14437975465061584,-1.535053123118236,1.200279855795402,-1.8459536281514861,0.19400546058363471,1.2231102185551241,1.1373060186469357,1.0983408362890856,0.17382532565923292,-0.11933702642254647,153,0.44990870724125487,0,175
RG3_L_000292,292,-0.029099449053866445,0.8385523411322893,-0.2670177249392938,0.24951068491762612,1.0330781477474453,-0.31705541006768895,-0.19292753629832982,0.0,0.6176451529252976,2.0199701834919805,-0.4217977735906751,0.547517855938155,-0.3444868196010868,-1.3302495473813911,-1.0743727145599793,0.3297361637306024,-0.2538134838594481,-1.5386259464987528,-0.975954860097688,-0.9711480314604819,0.1430046794462067,1.301704319072013,0.31630584919472404,0.1234455356164941,180,0.4498751304822735,0,176
RG3_L_000461,461,-0.029099449053866445,0.8385523411322893,-0.7159559050853255,0.24951068491762612,-0.38678982241038173,-1.1144367268032296,1.3696623373718366,0.0,-0.9522929891607599,-0.6657520460385278,-0.4217977735906751,0.547517855938155,0.49592815749914615,0.8475220538225758,1.018118097102153,-2.467412199323757,-0.9808971328166136,-1.8459536281514861,0.9252418187908061,-0.6577508990084993,-1.3484852595196537,0.3865880403579936,1.028719337439322,1.0945827298772188,281,0.44979371270729523,0,177
RG3_L_000412,412,-0.029099449053866445,-1.1925314031676417,-0.4914975187980172,0.24951068491762612,-0.38678982241038173,0.48032590666785163,-0.19292753629832982,0.0,-0.16738380741894748,-0.6657520460385278,-1.9605785402082005,-0.7652217551830952,-0.1343870827216355,-0.7080273944801929,-0.14437975465061584,-0.8357304651357478,-1.465545607195243,-0.3094090031290929,-0.8297432933565567,-0.9711480314604819,0.1430046794462067,-1.5453223796996782,-0.6810714037626417,-0.36212190382977455,251,0.44883833860505495,0,178
RG3_L_000149,149,-0.029099449053866445,0.8385523411322893,1.7532576046463864,0.24951068491762612,1.0330781477474453,-0.31705541006768895,-0.974520563532816,0.0,0.6176451529252976,-0.6657520460385278,-0.4217977735906751,-0.10880187181629318,-0.5545865564805381,-1.019132536980565,-1.3068776064033847,0.5628437163914318,0.9579186394763469,-0.3094090031290929,-1.268467255830708,3.1039713361187475,-0.3541839203189247,0.6916293857705539,-0.39610763904987395,-0.4835143425333886,94,0.4487109534799351,0,179
RG3_L_000400,400,-0.029099449053866445,0.8385523411322893,-0.7159559050853255,-0.846821542506724,-0.38678982241038173,-0.31705541006768895,-0.19292753629832982,0.0,-0.9522929891607599,0.6771090687267264,-0.4217977735906751,-0.10880187181629318,0.7060278943785975,1.158639064223402,1.018118097102153,1.9613467634808144,-1.7079068235142982,1.2271356218933003,0.48651785631665484,-0.030765304963843006,0.6401932792113381,-1.341958896916751,-0.8235546449399185,-0.6049067812370027,245,0.44865207080483804,0,180
RG3_L_000404,404,-0.029099449053866445,0.8385523411322893,-0.04253793108057046,0.24951068491762612,-0.38678982241038173,-0.31705541006768895,-0.19292753629832982,0.0,-0.16738380741894748,-0.6657520460385278,1.1169829930268504,-0.10880187181629318,0.49592815749914615,0.5364169113222037,0.32062115988144224,0.7958801346144643,1.4425671138549763,-1.8459536281514861,-1.122211057964198,-0.6577508990084993,1.1373060186469357,-1.6470002423293113,-0.8235546449399185,-0.4835143425333886,247,0.44854614636732915,0,181
RG3_L_000270,270,-0.029099449053866445,0.8385523411322893,-0.2670177249392938,0.24951068491762612,1.0330781477474453,0.48032590666785163,-1.7558155003678992,0.0,-0.16738380741894748,-0.6657520460385278,-0.4217977735906751,-0.10880187181629318,0.07572868374024348,1.158639064223402,1.018118097102153,-0.8357304651357478,-1.465545607195243,0.919807940240567,1.8027343748644875,-0.6577508990084993,-0.8512966597545222,0.8949851110298198,0.4587890903720008,0.002053096912880053,167,0.44851136880008896,0,182
RG3_L_000117,117,-0.029099449053866445,-1.1925314031676417,1.3042980169289395,0.24951068491762612,-0.38678982241038173,0.48032590666785163,-0.19292753629832982,0.0,0.6176451529252976,-0.6657520460385278,-0.4217977735906751,-0.10880187181629318,-0.5545865564805381,-1.019132536980565,-1.0743727145599793,-1.0688380177965773,1.200279855795402,0.3052463601763737,-1.7071912183048594,-2.2251192195497946,-0.3541839203189247,-0.6302061009856589,-0.9660378861171952,-0.9690817819796572,72,0.44839106066917583,0,183
RG3_L_000142,142,-0.029099449053866445,-1.1925314031676417,0.1819418627781529,-0.846821542506724,-0.38678982241038173,0.48032590666785163,0.5883674005367534,0.0,0.6176451529252976,-0.6657520460385278,-0.4217977735906751,-0.10880187181629318,-0.5545865564805381,-1.019132536980565,-0.8418766918713266,-1.535053123118236,0.47319620683823654,-0.0020813214763596324,-1.122211057964198,2.1635886096221086,-1.8455979989552511,0.28491017772836064,-0.6810714037626417,-0.6049067812370027,89,0.4483833758941455,0,184
RG3_L_000590,590,-0.029099449053866445,0.8385523411322893,-0.4914975187980172,-1.3950399372025626,-0.38678982241038173,-0.31705541006768895,1.3696623373718366,0.0,-0.9522929891607599,0.6771090687267264,-0.4217977735906751,0.547517855938155,0.2858284206196948,1.158639064223402,1.483119011634211,-1.535053123118236,1.4425671138549763,-0.6167366847818262,0.48651785631665484,-0.030765304963843006,-0.8512966597545222,-0.12180903031383264,1.4561690609711522,1.7015426080271017,353,0.4481843680670178,0,185
RG3_L_000056,56,-0.029099449053866445,-1.1925314031676417,1.7532576046463864,0.24951068491762612,-0.38678982241038173,0.48032590666785163,1.3696623373718366,0.0,0.6176451529252976,0.6771090687267264,-0.4217977735906751,0.547517855938155,0.2858284206196948,0.5364169113222037,0.5531171825700949,0.5628437163914318,-0.49617470017850324,1.8417909851987668,1.0714980166573163,1.2231102185551241,0.6401932792113381,0.0815466949454333,-0.8235546449399185,-0.8476893432760432,34,0.44817588614899734,0,186
RG3_L_000571,571,-0.029099449053866445,0.8385523411322893,-1.3893952866614956,-0.846821542506724,-1.8067254988278127,-0.31705541006768895,1.3696623373718366,0.0,-0.16738380741894748,2.0199701834919805,-0.4217977735906751,0.547517855938155,-0.1343870827216355,0.5364169113222037,0.7856220744135003,0.5628437163914318,-0.9808971328166136,-0.0020813214763596324,0.9252418187908061,-0.030765304963843006,0.1430046794462067,-0.12180903031383264,1.4561690609711522,1.7015426080271017,341,0.44816458278570237,0,187
RG3_L_000221,221,-0.029099449053866445,0.8385523411322893,-0.4914975187980172,0.24951068491762612,1.0330781477474453,0.48032590666785163,-1.7558155003678992,0.0,-0.16738380741894748,-0.6657520460385278,-1.9605785402082005,-0.10880187181629318,-0.3444868196010868,-0.7080273944801929,-0.3768757773392685,0.09662861106977294,0.23083499051918135,-0.0020813214763596324,-0.8297432933565567,-0.6577508990084993,2.1316073578476646,0.8949851110298198,0.31630584919472404,0.002053096912880053,142,0.4481287583644634,0,188
RG3_L_000320,320,-0.029099449053866445,0.8385523411322893,-0.04253793108057046,-0.846821542506724,1.0330781477474453,-0.31705541006768895,-0.974520563532816,0.0,-0.16738380741894748,0.6771090687267264,-1.9605785402082005,0.547517855938155,0.07572868374024348,-0.3969103840793668,-0.14437975465061584,1.728310345257782,-0.9808971328166136,-0.6167366847818262,-1.122211057964198,-0.030765304963843006,0.1430046794462067,0.6916293857705539,0.31630584919472404,0.1234455356164941,196,0.44811171685891493,0,189
RG3_L_000175,175,-0.029099449053866445,0.8385523411322893,-0.2670177249392938,-0.2987077097782125,1.0330781477474453,0.48032590666785163,-1.7558155003678992,0.0,0.6176451529252976,0.6771090687267264,1.1169829930268504,-0.10880187181629318,-0.1343870827216355,-0.7080273944801929,-1.0743727145599793,1.2620952399361232,1.4425671138549763,1.2271356218933003,-1.268467255830708,-0.34425810198617113,1.1373060186469357,0.18323231509872764,0.03134208448195622,-0.2407294651261605,110,0.44809426986556045,0,190
RG3_L_000563,563,-0.029099449053866445,0.8385523411322893,-0.9404356989440489,-0.846821542506724,-1.8067254988278127,-0.31705541006768895,1.3696623373718366,0.0,-0.16738380741894748,0.6771090687267264,-0.4217977735906751,0.547517855938155,0.07572868374024348,-0.08580524157899463,0.32062115988144224,-0.8357304651357478,-0.9808971328166136,-0.6167366847818262,-0.8297432933565567,1.5366030155774522,1.1373060186469357,-0.3251647555730986,1.3136858197938754,1.5801501693234876,336,0.44791279307850956,0,191
RG3_L_000393,393,-0.029099449053866445,0.8385523411322893,-0.4914975187980172,-1.3950399372025626,-0.38678982241038173,-1.1144367268032296,0.5883674005367534,0.0,-0.9522929891607599,-0.6657520460385278,-0.4217977735906751,1.203937739304957,0.49592815749914615,0.8475220538225758,1.018118097102153,-1.0688380177965773,-0.2538134838594481,-0.0020813214763596324,-0.6834870954900467,-0.34425810198617113,-0.3541839203189247,-2.7654722463025965,-0.8235546449399185,-0.6049067812370027,240,0.44757834821723086,0,192
RG3_L_000016,16,-0.029099449053866445,-1.1925314031676417,1.7532576046463864,0.24951068491762612,1.0330781477474453,2.0750885401389327,-0.19292753629832982,0.0,1.40255433466711,0.6771090687267264,-0.4217977735906751,-1.4216416385498971,-0.5545865564805381,-0.7080273944801929,-0.8418766918713266,0.3297361637306024,-0.9808971328166136,-0.3094090031290929,-0.975954860097688,-0.34425810198617113,0.1430046794462067,0.3865880403579936,-1.6784513743617933,-1.697434098833154,8,0.44748466107878054,0,193
RG3_L_000208,208,-0.029099449053866445,-1.1925314031676417,-1.1649154928027723,0.24951068491762612,1.0330781477474453,1.2777072234033922,-0.974520563532816,0.0,1.40255433466711,-0.6657520460385278,1.1169829930268504,-2.0779613663043452,-0.9747860302394408,-0.7080273944801929,-0.8418766918713266,-0.6026229124749184,0.9579186394763469,0.3052463601763737,0.48651785631665484,-0.9711480314604819,1.1373060186469357,0.7933072484001868,0.17382532565923292,0.002053096912880053,134,0.44741843483025573,0,194
RG3_L_000041,41,-0.029099449053866445,-1.1925314031676417,1.3042980169289395,0.24951068491762612,-0.38678982241038173,1.2777072234033922,0.5883674005367534,0.0,1.40255433466711,-0.6657520460385278,-0.4217977735906751,-1.4216416385498971,-0.9747860302394408,-1.3302495473813911,-0.609380669182674,0.09662861106977294,0.7155574231572918,-0.3094090031290929,-0.09850693514938538,2.7904785390964193,0.1430046794462067,-0.7318839636152918,-0.9660378861171952,-0.9690817819796572,26,0.44741213369241734,0,195
RG3_L_000148,148,-0.029099449053866445,-1.1925314031676417,1.0798396306416314,-0.2987077097782125,1.0330781477474453,0.48032590666785163,-0.19292753629832982,0.0,0.6176451529252976,-0.6657520460385278,-1.9605785402082005,-0.10880187181629318,-0.7646862933599895,-1.3302495473813911,-0.8418766918713266,1.4952027925969524,-0.49617470017850324,0.612574041829107,-1.122211057964198,-0.9711480314604819,0.1430046794462067,0.6916293857705539,-0.2536243978725972,-0.4835143425333886,93,0.4473933747714658,0,196
RG3_L_000211,211,-0.029099449053866445,-1.1925314031676417,0.855359836782908,-0.2987077097782125,1.0330781477474453,1.2777072234033922,-1.7558155003678992,0.0,0.6176451529252976,0.6771090687267264,-0.4217977735906751,-1.4216416385498971,-0.9747860302394408,-1.3302495473813911,-1.0743727145599793,1.4952027925969524,-0.7385359164975585,-0.0020813214763596324,-1.122211057964198,0.28272749205848513,2.1316073578476646,0.0815466949454333,0.17382532565923292,0.002053096912880053,137,0.447185770790713,0,197
RG3_L_000242,242,-0.029099449053866445,0.8385523411322893,-0.04253793108057046,0.24951068491762612,1.0330781477474453,-0.31705541006768895,-0.974520563532816,0.0,-0.16738380741894748,2.0199701834919805,-0.4217977735906751,-0.10880187181629318,0.07572868374024348,0.5364169113222037,0.5531171825700949,-1.535053123118236,0.9579186394763469,-1.8459536281514861,1.2177542145238263,-0.6577508990084993,-0.8512966597545222,1.2000264564423802,0.17382532565923292,0.002053096912880053,152,0.4470151370051143,0,198
RG3_L_000336,336,-0.029099449053866445,-1.1925314031676417,-0.04253793108057046,0.24951068491762612,1.0330781477474453,0.48032590666785163,-0.974520563532816,0.0,1.40255433466711,2.0199701834919805,-0.4217977735906751,-0.7652217551830952,-0.7646862933599895,-1.6413546898817633,-1.5393736290920372,0.3297361637306024,-0.7385359164975585,-0.3094090031290929,-1.7071912183048594,1.2231102185551241,1.1373060186469357,0.7933072484001868,0.31630584919472404,0.002053096912880053,206,0.44701033106272453,0,199
RG3_L_000372,372,-0.029099449053866445,0.8385523411322893,-0.2670177249392938,0.24951068491762612,-0.38678982241038173,-1.1144367268032296,-0.19292753629832982,0.0,-1.737321949505005,-0.6657520460385278,1.1169829930268504,1.203937739304957,0.9161276312580487,0.22529990092137753,0.08812513719278957,0.3297361637306024,-1.223184390876188,0.612574041829107,0.48651785631665484,1.2231102185551241,0.6401932792113381,-1.8503598463504078,-1.251001650829963,-0.8476893432760432,224,0.44696123516378045,0,200
RG3_L_000118,118,-0.029099449053866445,-1.1925314031676417,0.6308800429241845,0.24951068491762612,-0.38678982241038173,0.48032590666785163,-0.19292753629832982,0.0,0.6176451529252976,0.6771090687267264,2.655763759644376,-0.10880187181629318,-0.1343870827216355,-0.7080273944801929,-1.3068776064033847,-1.0688380177965773,-0.7385359164975585,-1.8459536281514861,-0.24471850189051658,-0.34425810198617113,0.1430046794462067,0.6916293857705539,-0.8235546449399185,-0.8476893432760432,73,0.4456045614740892,0,201
RG3_L_000246,246,-0.029099449053866445,-1.1925314031676417,-0.2670177249392938,0.24951068491762612,1.0330781477474453,0.48032590666785163,-0.974520563532816,0.0,0.6176451529252976,-2.0085875478583746,-0.4217977735906751,-1.4216416385498971,-0.5545865564805381,-1.9524598323821356,-1.5393736290920372,-0.8357304651357478,0.7155574231572918,-0.3094090031290929,-0.975954860097688,-0.34425810198617113,0.6401932792113381,1.403382181701646,0.17382532565923292,-0.11933702642254647,154,0.44560415015928617,0,202
RG3_L_000277,277,-0.029099449053866445,0.8385523411322893,1.3042980169289395,-0.2987077097782125,1.0330781477474453,-1.1144367268032296,0.5883674005367534,0.0,-0.16738380741894748,-0.6657520460385278,1.1169829930268504,1.203937739304957,0.49592815749914615,0.5364169113222037,0.08812513719278957,-0.6026229124749184,0.9579186394763469,-0.9239705831932862,0.48651785631665484,-0.9711480314604819,-0.3541839203189247,0.48826590298762657,0.6012723315492775,0.24483797432010815,171,0.4452685007349876,0,203
RG3_L_000011,11,-0.029099449053866445,-1.1925314031676417,2.202217192363833,0.24951068491762612,1.0330781477474453,1.2777072234033922,-0.19292753629832982,0.0,1.40255433466711,0.6771090687267264,1.1169829930268504,-0.7652217551830952,-0.1343870827216355,-0.08580524157899463,-0.3768757773392685,0.3297361637306024,0.23083499051918135,0.3052463601763737,0.9252418187908061,0.5962202890808133,-0.8512966597545222,0.28491017772836064,-1.6784513743617933,-1.818826537536768,5,0.44524979278620935,0,204
RG3_L_000569,569,-0.029099449053866445,0.8385523411322893,-0.4914975187980172,-0.846821542506724,-1.8067254988278127,-1.1144367268032296,0.5883674005367534,0.0,-0.9522929891607599,0.6771090687267264,-0.4217977735906751,0.547517855938155,0.9161276312580487,1.7808493492241462,1.483119011634211,0.7958801346144643,-0.7385359164975585,0.919807940240567,1.3639657812649575,0.5962202890808133,-1.3484852595196537,-0.12180903031383264,1.4561690609711522,1.7015426080271017,339,0.44522300502543516,0,205
RG3_L_000543,543,-0.029099449053866445,0.8385523411322893,-0.4914975187980172,0.24951068491762612,-0.38678982241038173,-0.31705541006768895,1.3696623373718366,0.0,-0.9522929891607599,0.6771090687267264,-1.9605785402082005,0.547517855938155,0.2858284206196948,0.8475220538225758,1.2506229889455585,0.09662861106977294,1.200279855795402,0.3052463601763737,1.0714980166573163,-0.030765304963843006,-1.3484852595196537,0.6916293857705539,1.3136858197938754,1.4587577306198736,323,0.445110256827869,0,206
RG3_L_000161,161,-0.029099449053866445,0.8385523411322893,0.6308800429241845,-0.846821542506724,1.0330781477474453,0.48032590666785163,-0.19292753629832982,0.0,0.6176451529252976,-0.6657520460385278,-0.4217977735906751,0.547517855938155,-0.1343870827216355,0.5364169113222037,1.018118097102153,-1.0688380177965773,-0.9808971328166136,0.3052463601763737,1.8027343748644875,0.28272749205848513,0.6401932792113381,0.6916293857705539,-0.2536243978725972,-0.36212190382977455,103,0.4449082038203543,1,207
RG3_L_000419,419,-0.029099449053866445,-1.1925314031676417,-0.9404356989440489,0.24951068491762612,-0.38678982241038173,0.48032590666785163,-0.19292753629832982,0.0,0.6176451529252976,-0.6657520460385278,-0.4217977735906751,-1.4216416385498971,-0.5545865564805381,-0.7080273944801929,-0.3768757773392685,0.5628437163914318,-1.223184390876188,0.3052463601763737,-0.5372308976235367,0.28272749205848513,2.1316073578476646,-0.3251647555730986,1.028719337439322,0.9731902911736049,255,0.44482228642739385,0,208
RG3_L_000107,107,-0.029099449053866445,0.8385523411322893,2.6511553725098644,-0.846821542506724,-0.38678982241038173,-0.31705541006768895,0.5883674005367534,0.0,-0.16738380741894748,-0.6657520460385278,-0.4217977735906751,1.203937739304957,0.07572868374024348,-0.3969103840793668,-0.3768757773392685,0.5628437163914318,0.23083499051918135,-0.3094090031290929,-1.268467255830708,-0.030765304963843006,-0.3541839203189247,-0.5285282383560259,-1.108521127294472,-0.9690817819796572,64,0.4447647189760953,0,209
RG3_L_000102,102,-0.029099449053866445,-1.1925314031676417,-0.4914975187980172,0.24951068491762612,-0.38678982241038173,0.48032590666785163,0.5883674005367534,0.0,0.6176451529252976,-0.6657520460385278,1.1169829930268504,-1.4216416385498971,-0.3444868196010868,0.5364169113222037,0.32062115988144224,1.4952027925969524,-1.465545607195243,-0.0020813214763596324,1.6564781769979775,-0.34425810198617113,0.1430046794462067,1.2000264564423802,-0.8235546449399185,-0.8476893432760432,63,0.44470655334684817,1,210
RG3_L_000184,184,-0.029099449053866445,0.8385523411322893,0.6308800429241845,0.24951068491762612,1.0330781477474453,-0.31705541006768895,-0.974520563532816,0.0,-0.16738380741894748,0.6771090687267264,1.1169829930268504,-0.10880187181629318,0.07572868374024348,-0.7080273944801929,-1.0743727145599793,1.728310345257782,-1.7079068235142982,1.2271356218933003,-1.4147234536972182,-0.34425810198617113,0.6401932792113381,-0.2234868929434656,0.03134208448195622,-0.11933702642254647,117,0.4445307668722665,0,211
RG3_L_000267,267,-0.029099449053866445,0.8385523411322893,-0.04253793108057046,0.24951068491762612,1.0330781477474453,-1.1144367268032296,-0.974520563532816,0.0,-0.16738380741894748,-0.6657520460385278,-1.9605785402082005,0.547517855938155,0.2858284206196948,-0.3969103840793668,-0.14437975465061584,0.5628437163914318,0.7155574231572918,0.612574041829107,-0.8297432933565567,0.5962202890808133,-1.3484852595196537,0.8949851110298198,0.31630584919472404,0.002053096912880053,165,0.4444906248744771,0,212
RG3_L_000534,534,-0.029099449053866445,-1.1925314031676417,-0.9404356989440489,0.24951068491762612,-0.38678982241038173,0.48032590666785163,0.5883674005367534,0.0,-0.16738380741894748,-2.0085875478583746,1.1169829930268504,-0.7652217551830952,-0.1343870827216355,0.22529990092137753,0.32062115988144224,-0.1364789415910565,-0.2538134838594481,-0.0020813214763596324,0.778985620924296,-0.030765304963843006,-0.3541839203189247,-0.3251647555730986,1.1712025786165987,1.3373652919162595,318,0.44439240700201726,0,213
RG3_L_000269,269,-0.029099449053866445,0.8385523411322893,0.4064002490654612,0.24951068491762612,1.0330781477474453,-1.1144367268032296,-0.974520563532816,0.0,-0.16738380741894748,-2.0085875478583746,1.1169829930268504,1.203937739304957,0.49592815749914615,0.8475220538225758,0.5531171825700949,0.7958801346144643,0.47319620683823654,0.3052463601763737,1.0714980166573163,-0.6577508990084993,0.1430046794462067,0.7933072484001868,0.31630584919472404,0.002053096912880053,166,0.4442825844929509,0,214
RG3_L_000019,19,-0.029099449053866445,-1.1925314031676417,0.1819418627781529,-0.024546231446629645,1.0330781477474453,1.2777072234033922,-1.7558155003678992,0.0,0.6176451529252976,0.6771090687267264,1.1169829930268504,-1.4216416385498971,-0.1343870827216355,0.22529990092137753,-0.3768757773392685,1.0289876872752937,-0.011452267540392873,-0.0020813214763596324,-0.24471850189051658,-0.030765304963843006,0.1430046794462067,0.3865880403579936,-1.6784513743617933,-1.57604166012954,11,0.4442751383056649,0,215
RG3_L_000483,483,-0.029099449053866445,0.8385523411322893,-0.4914975187980172,-0.846821542506724,-0.38678982241038173,-0.31705541006768895,0.5883674005367534,0.0,-0.9522929891607599,0.6771090687267264,1.1169829930268504,-0.10880187181629318,0.2858284206196948,0.22529990092137753,0.08812513719278957,-0.6026229124749184,-0.49617470017850324,-0.9239705831932862,-1.5609796515637282,1.2231102185551241,0.1430046794462067,-1.036925309027852,1.028719337439322,1.2159728532126455,290,0.44393877952978744,1,216
RG3_L_000177,177,-0.029099449053866445,0.8385523411322893,0.4064002490654612,-0.2987077097782125,1.0330781477474453,-1.1144367268032296,-0.974520563532816,0.0,-0.9522929891607599,0.6771090687267264,1.1169829930268504,1.203937739304957,0.2858284206196948,-0.08580524157899463,-0.3768757773392685,0.09662861106977294,-0.7385359164975585,0.919807940240567,0.48651785631665484,-0.34425810198617113,-2.3427865987203824,0.0815466949454333,0.03134208448195622,-0.11933702642254647,111,0.44382552242585105,0,217
RG3_L_000307,307,-0.029099449053866445,-1.1925314031676417,-0.04253793108057046,-0.2987077097782125,1.0330781477474453,1.2777072234033922,-0.974520563532816,0.0,1.40255433466711,2.0199701834919805,-0.4217977735906751,-2.0779613663043452,-0.7646862933599895,-0.7080273944801929,-0.609380669182674,-0.6026229124749184,-1.223184390876188,-0.0020813214763596324,0.632729423057786,0.28272749205848513,-0.3541839203189247,-0.020131167684199668,0.31630584919472404,0.002053096912880053,190,0.44371237332655766,0,218
RG3_L_000322,322,-0.029099449053866445,0.8385523411322893,-1.1649154928027723,0.24951068491762612,1.0330781477474453,-0.31705541006768895,-0.974520563532816,0.0,-0.16738380741894748,-0.6657520460385278,1.1169829930268504,-0.10880187181629318,0.07572868374024348,0.8475220538225758,0.5531171825700949,-0.8357304651357478,-0.9808971328166136,0.3052463601763737,1.5102219791314675,-0.9711480314604819,-0.8512966597545222,1.8101013897438392,0.4587890903720008,0.1234455356164941,198,0.4437113690105201,0,219
RG3_L_000069,69,-0.029099449053866445,-1.1925314031676417,1.0798396306416314,0.24951068491762612,-0.38678982241038173,0.48032590666785163,1.3696623373718366,0.0,1.40255433466711,0.6771090687267264,-0.4217977735906751,-0.10880187181629318,-0.5545865564805381,-1.019132536980565,-0.8418766918713266,0.3297361637306024,1.6849283301740314,-1.5386259464987528,-0.975954860097688,-0.030765304963843006,-1.3484852595196537,0.48826590298762657,-1.108521127294472,-1.0904742206832714,41,0.44347754958738245,0,220
RG3_L_000505,505,-0.029099449053866445,0.8385523411322893,-1.3893952866614956,0.24951068491762612,-1.8067254988278127,-1.1144367268032296,0.5883674005367534,0.0,-1.737321949505005,0.6771090687267264,-0.4217977735906751,1.203937739304957,0.9161276312580487,1.7808493492241462,1.9481199261662692,-0.36958649425188594,0.47319620683823654,-0.0020813214763596324,0.9252418187908061,-0.6577508990084993,-0.3541839203189247,-1.1386031716574851,1.028719337439322,1.2159728532126455,304,0.4434160659914841,0,221
RG3_L_000091,91,-0.029099449053866445,0.8385523411322893,1.5287778107876628,0.24951068491762612,-0.38678982241038173,-0.31705541006768895,1.3696623373718366,0.0,-0.16738380741894748,2.0199701834919805,1.1169829930268504,1.203937739304957,0.2858284206196948,0.22529990092137753,-0.3768757773392685,0.3297361637306024,0.47319620683823654,-0.0020813214763596324,0.632729423057786,-0.34425810198617113,-1.3484852595196537,0.8949851110298198,-0.8235546449399185,-0.8476893432760432,55,0.44302507432959,0,222
RG3_L_000060,60,-0.029099449053866445,-1.1925314031676417,-0.04253793108057046,0.24951068491762612,-0.38678982241038173,0.48032590666785163,1.3696623373718366,0.0,0.6176451529252976,2.0199701834919805,-0.4217977735906751,-0.10880187181629318,-0.3444868196010868,-1.3302495473813911,-1.3068776064033847,1.0289876872752937,-0.011452267540392873,-1.2312982648460196,-1.122211057964198,-0.6577508990084993,-0.8512966597545222,0.3865880403579936,-0.9660378861171952,-0.9690817819796572,37,0.44299950667863963,0,223
RG3_L_000121,121,-0.029099449053866445,-1.1925314031676417,0.1819418627781529,-0.846821542506724,-0.38678982241038173,0.48032590666785163,1.3696623373718366,0.0,0.6176451529252976,0.6771090687267264,1.1169829930268504,-0.10880187181629318,-0.3444868196010868,0.22529990092137753,-0.14437975465061584,-0.36958649425188594,-0.49617470017850324,0.3052463601763737,1.6564781769979775,1.2231102185551241,-0.3541839203189247,0.28491017772836064,-0.8235546449399185,-0.8476893432760432,75,0.44224304675108295,0,224
RG3_L_000198,198,-0.029099449053866445,-1.1925314031676417,-0.4914975187980172,0.24951068491762612,1.0330781477474453,1.2777072234033922,0.5883674005367534,0.0,0.6176451529252976,-0.6657520460385278,-0.4217977735906751,-0.7652217551830952,-0.5545865564805381,-0.7080273944801929,-0.3768757773392685,-1.3019455704574068,1.4425671138549763,0.3052463601763737,1.5102219791314675,-0.34425810198617113,-1.3484852595196537,1.505060044331279,0.17382532565923292,0.002053096912880053,128,0.44170161075865283,0,225
RG3_L_000093,93,-0.029099449053866445,-1.1925314031676417,-0.4914975187980172,0.24951068491762612,-0.38678982241038173,0.48032590666785163,-0.19292753629832982,0.0,0.6176451529252976,0.6771090687267264,-0.4217977735906751,-0.7652217551830952,0.07572868374024348,0.5364169113222037,0.32062115988144224,1.2620952399361232,-1.223184390876188,1.8417909851987668,1.3639657812649575,-0.030765304963843006,1.1373060186469357,1.301704319072013,-0.8235546449399185,-0.9690817819796572,57,0.44162414865579536,0,226
RG3_L_000138,138,-0.029099449053866445,0.8385523411322893,0.6308800429241845,0.24951068491762612,-0.38678982241038173,-0.31705541006768895,0.5883674005367534,0.0,-0.16738380741894748,-2.0085875478583746,-0.4217977735906751,1.203937739304957,0.2858284206196948,1.158639064223402,1.2506229889455585,-0.36958649425188594,-0.9808971328166136,-1.2312982648460196,1.2177542145238263,-0.34425810198617113,-0.8512966597545222,0.28491017772836064,-0.6810714037626417,-0.6049067812370027,87,0.4415982462320164,0,227
RG3_L_000500,500,-0.029099449053866445,0.8385523411322893,-0.9404356989440489,0.24951068491762612,-1.8067254988278127,-1.1144367268032296,2.151255364606323,0.0,-0.9522929891607599,-0.6657520460385278,-0.4217977735906751,1.203937739304957,0.2858284206196948,0.8475220538225758,0.7856220744135003,1.2620952399361232,0.7155574231572918,-0.9239705831932862,-0.975954860097688,-0.030765304963843006,-0.8512966597545222,-0.5285282383560259,1.028719337439322,1.2159728532126455,299,0.4415934143976513,0,228
RG3_L_000300,300,-0.029099449053866445,-1.1925314031676417,-0.2670177249392938,0.24951068491762612,1.0330781477474453,0.48032590666785163,-0.974520563532816,0.0,0.6176451529252976,0.6771090687267264,-0.4217977735906751,-0.10880187181629318,-0.7646862933599895,-1.6413546898817633,-1.3068776064033847,1.9613467634808144,-0.7385359164975585,-0.0020813214763596324,-1.4147234536972182,-1.9116264225274664,0.6401932792113381,0.48826590298762657,0.4587890903720008,0.24483797432010815,184,0.44147295983148954,0,229
RG3_L_000391,391,-0.029099449053866445,0.8385523411322893,-0.7159559050853255,0.24951068491762612,-0.38678982241038173,-1.1144367268032296,-0.19292753629832982,0.0,-0.9522929891607599,0.6771090687267264,-0.4217977735906751,0.547517855938155,0.7060278943785975,1.469744206723774,1.2506229889455585,-1.0688380177965773,-1.7079068235142982,-0.0020813214763596324,0.3402616584501448,-0.34425810198617113,1.1373060186469357,-2.3587569170222342,-0.8235546449399185,-0.6049067812370027,238,0.44138994766942,0,230
RG3_L_000319,319,-0.029099449053866445,0.8385523411322893,-0.7159559050853255,-0.2987077097782125,1.0330781477474453,0.48032590666785163,-0.974520563532816,0.0,0.6176451529252976,-0.6657520460385278,-0.4217977735906751,-0.7652217551830952,-0.1343870827216355,-1.019132536980565,-0.8418766918713266,-1.0688380177965773,0.9579186394763469,0.3052463601763737,-1.122211057964198,0.5962202890808133,-1.8455979989552511,0.3865880403579936,0.6012723315492775,0.24483797432010815,195,0.44137588099308395,0,231
RG3_L_000285,285,-0.029099449053866445,0.8385523411322893,1.3042980169289395,-0.2987077097782125,1.0330781477474453,-0.31705541006768895,-0.19292753629832982,0.0,-0.16738380741894748,0.6771090687267264,-0.4217977735906751,1.203937739304957,0.2858284206196948,0.5364169113222037,0.32062115988144224,1.728310345257782,0.47319620683823654,-0.0020813214763596324,0.19400546058363471,-0.6577508990084993,1.634494618412067,1.606737906960912,0.31630584919472404,0.002053096912880053,176,0.4412446486791023,0,232
RG3_L_000258,258,-0.029099449053866445,0.8385523411322893,0.6308800429241845,-0.846821542506724,1.0330781477474453,0.48032590666785163,-1.7558155003678992,0.0,0.6176451529252976,0.6771090687267264,-0.4217977735906751,-0.7652217551830952,0.07572868374024348,-0.3969103840793668,-0.3768757773392685,1.0289876872752937,0.7155574231572918,1.5344633035460336,-0.5372308976235367,0.5962202890808133,0.6401932792113381,0.8949851110298198,0.17382532565923292,0.002053096912880053,160,0.44118288488208773,0,233
RG3_L_000332,332,-0.029099449053866445,0.8385523411322893,-0.2670177249392938,0.24951068491762612,1.0330781477474453,0.48032590666785163,-0.974520563532816,0.0,-0.16738380741894748,-0.6657520460385278,-0.4217977735906751,0.547517855938155,0.07572868374024348,0.5364169113222037,1.018118097102153,0.7958801346144643,1.200279855795402,-1.2312982648460196,1.8027343748644875,0.28272749205848513,-1.3484852595196537,1.0983408362890856,0.31630584919472404,0.002053096912880053,202,0.4411206357642153,0,234
RG3_L_000460,460,-0.029099449053866445,0.8385523411322893,-0.7159559050853255,-0.2987077097782125,-0.38678982241038173,-1.1144367268032296,0.5883674005367534,0.0,-0.9522929891607599,0.6771090687267264,-1.9605785402082005,0.547517855938155,1.1262433977199278,1.7808493492241462,1.7156150343228638,-0.6026229124749184,-0.49617470017850324,-0.0020813214763596324,1.0714980166573163,-0.6577508990084993,-0.8512966597545222,-1.1386031716574851,1.028719337439322,1.0945827298772188,280,0.440639900094777,0,235
RG3_L_000075,75,-0.029099449053866445,-1.1925314031676417,0.4064002490654612,0.24951068491762612,-0.38678982241038173,0.48032590666785163,-0.19292753629832982,0.0,0.6176451529252976,-0.6657520460385278,-1.9605785402082005,-0.7652217551830952,-0.3444868196010868,0.22529990092137753,0.7856220744135003,1.4952027925969524,-1.223184390876188,0.3052463601763737,1.0714980166573163,-0.030765304963843006,0.1430046794462067,0.0815466949454333,-0.9660378861171952,-0.9690817819796572,46,0.4405063057962969,0,236
RG3_L_000423,423,-0.029099449053866445,0.8385523411322893,-0.9404356989440489,0.24951068491762612,-1.8067254988278127,-1.1144367268032296,0.5883674005367534,0.0,-0.9522929891607599,0.6771090687267264,-0.4217977735906751,0.547517855938155,1.1262433977199278,0.8475220538225758,1.018118097102153,0.7958801346144643,1.6849283301740314,0.919807940240567,0.632729423057786,-0.9711480314604819,-0.8512966597545222,-0.9352474463982191,0.7437555727265542,0.9731902911736049,257,0.4402253678093124,0,237
RG3_L_000430,430,-0.029099449053866445,0.8385523411322893,-0.7159559050853255,-0.2987077097782125,-0.38678982241038173,-0.31705541006768895,0.5883674005367534,0.0,-0.16738380741894748,-0.6657520460385278,-0.4217977735906751,-0.10880187181629318,0.49592815749914615,-0.3969103840793668,0.08812513719278957,0.3297361637306024,-0.2538134838594481,1.8417909851987668,-0.975954860097688,-1.9116264225274664,-0.8512966597545222,-1.341958896916751,1.028719337439322,0.9731902911736049,262,0.44008887139462705,0,238
RG3_L_000113,113,-0.029099449053866445,-1.1925314031676417,0.1819418627781529,-0.2987077097782125,-0.38678982241038173,1.2777072234033922,-0.19292753629832982,0.0,1.40255433466711,-0.6657520460385278,-0.4217977735906751,-1.4216416385498971,-1.1849017967013198,-1.019132536980565,-0.8418766918713266,-1.3019455704574068,-0.011452267540392873,1.2271356218933003,0.9252418187908061,0.28272749205848513,1.1373060186469357,0.3865880403579936,-0.9660378861171952,-0.8476893432760432,68,0.43970628716056787,0,239
RG3_L_000436,436,-0.029099449053866445,0.8385523411322893,-0.9404356989440489,0.24951068491762612,-0.38678982241038173,-1.1144367268032296,2.151255364606323,0.0,-0.16738380741894748,-0.6657520460385278,-0.4217977735906751,0.547517855938155,0.2858284206196948,0.8475220538225758,1.483119011634211,-0.6026229124749184,0.23083499051918135,1.5344633035460336,0.9252418187908061,-0.030765304963843006,0.1430046794462067,-0.8335618262449248,1.028719337439322,1.0945827298772188,265,0.4393915962673541,0,240
RG3_L_000183,183,-0.029099449053866445,-1.1925314031676417,1.0798396306416314,-0.846821542506724,1.0330781477474453,0.48032590666785163,-1.7558155003678992,0.0,0.6176451529252976,0.6771090687267264,-0.4217977735906751,-0.7652217551830952,-0.7646862933599895,-1.019132536980565,-0.8418766918713266,-0.6026229124749184,-0.9808971328166136,-0.0020813214763596324,-1.7071912183048594,-0.34425810198617113,-0.8512966597545222,-0.2234868929434656,0.03134208448195622,-0.11933702642254647,116,0.439352695488608,0,241
RG3_L_000369,369,-0.029099449053866445,0.8385523411322893,-0.2670177249392938,0.24951068491762612,-0.38678982241038173,-0.31705541006768895,-0.19292753629832982,0.0,-0.16738380741894748,-0.6657520460385278,-0.4217977735906751,-0.10880187181629318,0.2858284206196948,-1.019132536980565,-0.609380669182674,-0.36958649425188594,1.4425671138549763,-1.2312982648460196,-0.8297432933565567,-0.34425810198617113,-0.8512966597545222,-1.952037708980041,-1.251001650829963,-0.7262969045724291,221,0.4392696901442496,0,242
RG3_L_000286,286,-0.029099449053866445,0.8385523411322893,0.1819418627781529,0.24951068491762612,1.0330781477474453,-0.31705541006768895,-1.7558155003678992,0.0,-0.16738380741894748,-0.6657520460385278,1.1169829930268504,0.547517855938155,0.49592815749914615,0.8475220538225758,0.08812513719278957,-0.36958649425188594,-1.223184390876188,-0.0020813214763596324,0.9252418187908061,-1.2846408284828101,1.1373060186469357,1.505060044331279,0.4587890903720008,0.24483797432010815,177,0.4388725609545309,0,243
RG3_L_000291,291,-0.029099449053866445,-1.1925314031676417,-0.2670177249392938,0.24951068491762612,1.0330781477474453,1.2777072234033922,-0.974520563532816,0.0,0.6176451529252976,0.6771090687267264,-0.4217977735906751,-0.7652217551830952,-0.5545865564805381,-1.9524598323821356,-1.5393736290920372,-0.8357304651357478,1.6849283301740314,-0.0020813214763596324,-1.122211057964198,-0.6577508990084993,-0.3541839203189247,1.505060044331279,0.31630584919472404,0.1234455356164941,179,0.4387582324779503,0,244
RG3_L_000057,57,-0.029099449053866445,-1.1925314031676417,0.6308800429241845,-0.2987077097782125,-0.38678982241038173,0.48032590666785163,-0.19292753629832982,0.0,1.40255433466711,2.0199701834919805,-0.4217977735906751,-0.7652217551830952,-0.1343870827216355,-0.08580524157899463,-0.3768757773392685,1.4952027925969524,0.47319620683823654,0.3052463601763737,0.9252418187908061,0.5962202890808133,0.6401932792113381,0.7933072484001868,-0.9660378861171952,-0.9690817819796572,35,0.43875500604498424,0,245
RG3_L_000210,210,-0.029099449053866445,-1.1925314031676417,0.855359836782908,0.24951068491762612,1.0330781477474453,0.48032590666785163,-0.19292753629832982,0.0,0.6176451529252976,0.6771090687267264,-0.4217977735906751,-0.7652217551830952,-0.9747860302394408,-1.6413546898817633,-1.0743727145599793,-0.8357304651357478,0.9579186394763469,-2.1532813098042194,-1.4147234536972182,-1.2846408284828101,0.1430046794462067,0.5899437656172595,0.03134208448195622,-0.11933702642254647,136,0.4385894056202784,0,246
RG3_L_000416,416,-0.029099449053866445,0.8385523411322893,-0.9404356989440489,-0.2987077097782125,-0.38678982241038173,-0.31705541006768895,0.5883674005367534,0.0,-0.9522929891607599,-0.6657520460385278,-0.4217977735906751,0.547517855938155,0.7060278943785975,1.158639064223402,1.018118097102153,1.9613467634808144,1.200279855795402,0.3052463601763737,1.6564781769979775,0.28272749205848513,1.634494618412067,-0.9352474463982191,0.7437555727265542,0.9731902911736049,253,0.4382448510191161,0,247
RG3_L_000445,445,-0.029099449053866445,0.8385523411322893,-0.9404356989440489,0.24951068491762612,-0.38678982241038173,-0.31705541006768895,-0.19292753629832982,0.0,-0.9522929891607599,0.6771090687267264,-1.9605785402082005,-0.10880187181629318,0.2858284206196948,1.158639064223402,1.483119011634211,1.2620952399361232,0.23083499051918135,0.612574041829107,0.778985620924296,-0.030765304963843006,1.1373060186469357,-0.2234868929434656,1.028719337439322,1.2159728532126455,270,0.43782099431059984,0,248
RG3_L_000488,488,-0.029099449053866445,0.8385523411322893,-0.4914975187980172,0.24951068491762612,-0.38678982241038173,0.48032590666785163,2.151255364606323,0.0,-0.16738380741894748,0.6771090687267264,1.1169829930268504,0.547517855938155,0.07572868374024348,0.5364169113222037,0.5531171825700949,0.09662861106977294,-1.223184390876188,0.919807940240567,0.9252418187908061,0.28272749205848513,0.6401932792113381,-1.1386031716574851,1.028719337439322,1.2159728532126455,294,0.43755428834983723,0,249
RG3_L_000119,119,-0.029099449053866445,0.8385523411322893,-0.04253793108057046,0.24951068491762612,-0.38678982241038173,0.48032590666785163,0.5883674005367534,0.0,-0.16738380741894748,-0.6657520460385278,1.1169829930268504,-0.10880187181629318,0.2858284206196948,-0.08580524157899463,-0.3768757773392685,-2.001197094002098,1.200279855795402,-1.8459536281514861,1.0714980166573163,-0.34425810198617113,-0.8512966597545222,0.5899437656172595,-0.8235546449399185,-0.8476893432760432,74,0.4371528917914607,0,250
RG3_L_000310,310,-0.029099449053866445,-1.1925314031676417,-0.04253793108057046,-0.2987077097782125,1.0330781477474453,0.48032590666785163,-1.7558155003678992,0.0,0.6176451529252976,-0.6657520460385278,-0.4217977735906751,-1.4216416385498971,-0.1343870827216355,-1.019132536980565,-0.8418766918713266,1.728310345257782,0.47319620683823654,-0.3094090031290929,-0.975954860097688,1.2231102185551241,0.6401932792113381,0.3865880403579936,0.6012723315492775,0.24483797432010815,192,0.43680598890531125,1,251
RG3_L_000196,196,-0.029099449053866445,-1.1925314031676417,-0.04253793108057046,-0.2987077097782125,1.0330781477474453,0.48032590666785163,-0.19292753629832982,0.0,0.6176451529252976,0.6771090687267264,1.1169829930268504,-1.4216416385498971,-0.3444868196010868,-0.08580524157899463,-0.609380669182674,-0.8357304651357478,0.7155574231572918,-0.0020813214763596324,1.5102219791314675,-0.9711480314604819,0.6401932792113381,1.7084235271142063,0.03134208448195622,-0.2407294651261605,127,0.43677243247175235,0,252
RG3_L_000154,154,-0.029099449053866445,-1.1925314031676417,-0.2670177249392938,-0.846821542506724,1.0330781477474453,1.2777072234033922,-1.7558155003678992,0.0,0.6176451529252976,-0.6657520460385278,-0.4217977735906751,-0.7652217551830952,-0.5545865564805381,-0.3969103840793668,-0.3768757773392685,-1.0688380177965773,-0.011452267540392873,-1.5386259464987528,-0.09850693514938538,-0.34425810198617113,0.1430046794462067,0.6916293857705539,-0.39610763904987395,-0.4835143425333886,97,0.43648437518630423,0,253
RG3_L_000333,333,-0.029099449053866445,-1.1925314031676417,1.0798396306416314,0.24951068491762612,1.0330781477474453,1.2777072234033922,-0.974520563532816,0.0,1.40255433466711,-0.6657520460385278,-0.4217977735906751,-0.7652217551830952,-0.5545865564805381,-0.08580524157899463,-0.14437975465061584,0.09662861106977294,-0.7385359164975585,0.612574041829107,1.6564781769979775,0.28272749205848513,2.1316073578476646,0.9966629736594528,0.31630584919472404,0.002053096912880053,203,0.43639733320223734,0,254
RG3_L_000487,487,-0.029099449053866445,0.8385523411322893,-0.7159559050853255,-0.2987077097782125,-0.38678982241038173,-0.31705541006768895,-0.19292753629832982,0.0,-0.9522929891607599,-0.6657520460385278,-0.4217977735906751,0.547517855938155,0.49592815749914615,0.8475220538225758,0.7856220744135003,-2.700519751984586,0.23083499051918135,0.612574041829107,1.0714980166573163,-0.030765304963843006,1.1373060186469357,-1.036925309027852,1.028719337439322,1.2159728532126455,293,0.4361400222081706,0,255
RG3_L_000317,317,-0.029099449053866445,-1.1925314031676417,1.0798396306416314,0.24951068491762612,1.0330781477474453,1.2777072234033922,-0.974520563532816,0.0,1.40255433466711,-0.6657520460385278,-0.4217977735906751,-1.4216416385498971,-0.9747860302394408,-1.6413546898817633,-1.3068776064033847,0.5628437163914318,-0.2538134838594481,-0.0020813214763596324,-0.975954860097688,0.9096174215327959,-0.8512966597545222,0.0815466949454333,0.6012723315492775,0.24483797432010815,194,0.43612736564615867,0,256
RG3_L_000074,74,-0.029099449053866445,0.8385523411322893,-1.1649154928027723,0.24951068491762612,-0.38678982241038173,-0.31705541006768895,0.5883674005367534,0.0,0.6176451529252976,-0.6657520460385278,1.1169829930268504,0.547517855938155,-0.1343870827216355,0.8475220538225758,0.32062115988144224,-1.0688380177965773,0.23083499051918135,-0.6167366847818262,1.6564781769979775,-0.6577508990084993,-0.3541839203189247,-0.020131167684199668,-1.108521127294472,-1.0904742206832714,45,0.4359246788734891,0,257
RG3_L_000418,418,-0.029099449053866445,-1.1925314031676417,-0.9404356989440489,-0.846821542506724,-0.38678982241038173,0.48032590666785163,-0.19292753629832982,0.0,-0.16738380741894748,0.6771090687267264,-0.4217977735906751,-0.10880187181629318,-0.5545865564805381,-0.08580524157899463,0.08812513719278957,-0.6026229124749184,0.47319620683823654,-1.8459536281514861,0.3402616584501448,-0.030765304963843006,0.1430046794462067,-0.020131167684199668,1.028719337439322,0.9731902911736049,254,0.4358009676430774,0,258
RG3_L_000411,411,-0.029099449053866445,-1.1925314031676417,-0.4914975187980172,0.24951068491762612,-0.38678982241038173,0.48032590666785163,-0.19292753629832982,0.0,-0.16738380741894748,-2.0085875478583746,1.1169829930268504,-0.10880187181629318,-0.3444868196010868,-0.08580524157899463,0.08812513719278957,-0.6026229124749184,-0.011452267540392873,-0.0020813214763596324,-0.39097469975702664,-0.34425810198617113,0.1430046794462067,-1.6470002423293113,-0.6810714037626417,-0.4835143425333886,250,0.4357764046370993,0,259
RG3_L_000301,301,-0.029099449053866445,-1.1925314031676417,1.0798396306416314,0.24951068491762612,1.0330781477474453,0.48032590666785163,-0.19292753629832982,0.0,0.6176451529252976,0.6771090687267264,-0.4217977735906751,-0.10880187181629318,-0.5545865564805381,-1.3302495473813911,-1.0743727145599793,0.7958801346144643,0.7155574231572918,-0.3094090031290929,-1.8534474161713694,-0.030765304963843006,-1.8455979989552511,0.8949851110298198,0.4587890903720008,0.24483797432010815,185,0.43514657751090774,0,260
RG3_L_000195,195,-0.029099449053866445,0.8385523411322893,1.0798396306416314,0.24951068491762612,1.0330781477474453,-0.31705541006768895,-1.7558155003678992,0.0,-0.16738380741894748,-0.6657520460385278,-0.4217977735906751,0.547517855938155,0.07572868374024348,-0.3969103840793668,-0.3768757773392685,1.0289876872752937,1.200279855795402,-0.0020813214763596324,0.48651785631665484,0.28272749205848513,2.628795957612796,0.8949851110298198,0.17382532565923292,0.002053096912880053,126,0.4349578088929388,0,261
RG3_L_000297,297,-0.029099449053866445,-1.1925314031676417,0.855359836782908,0.24951068491762612,1.0330781477474453,0.48032590666785163,-0.974520563532816,0.0,0.6176451529252976,0.6771090687267264,-0.4217977735906751,-0.10880187181629318,-0.5545865564805381,0.22529990092137753,0.32062115988144224,2.194454316141644,0.9579186394763469,0.3052463601763737,1.0714980166573163,-0.030765304963843006,1.634494618412067,0.8949851110298198,0.4587890903720008,0.24483797432010815,182,0.434877800020229,0,262
RG3_L_000392,392,-0.029099449053866445,0.8385523411322893,-0.7159559050853255,0.24951068491762612,-0.38678982241038173,-1.1144367268032296,0.5883674005367534,0.0,-0.9522929891607599,-0.6657520460385278,1.1169829930268504,0.547517855938155,0.7060278943785975,1.158639064223402,0.7856220744135003,0.7958801346144643,0.7155574231572918,-0.0020813214763596324,-0.09850693514938538,0.28272749205848513,1.1373060186469357,-2.663794383672964,-0.8235546449399185,-0.4835143425333886,239,0.43475940942632024,0,263
RG3_L_000189,189,-0.029099449053866445,-1.1925314031676417,-0.4914975187980172,0.24951068491762612,1.0330781477474453,1.2777072234033922,-0.974520563532816,0.0,1.40255433466711,-2.0085875478583746,-0.4217977735906751,-0.7652217551830952,-0.9747860302394408,-1.019132536980565,-0.3768757773392685,1.0289876872752937,-0.2538134838594481,0.3052463601763737,0.9252418187908061,0.5962202890808133,-0.3541839203189247,-0.3251647555730986,0.03134208448195622,-0.11933702642254647,121,0.4346367799191127,0,264
RG3_L_000279,279,-0.029099449053866445,0.8385523411322893,-0.04253793108057046,0.24951068491762612,1.0330781477474453,-0.31705541006768895,-0.974520563532816,0.0,-0.16738380741894748,0.6771090687267264,1.1169829930268504,-0.7652217551830952,0.2858284206196948,1.158639064223402,0.5531171825700949,-0.8357304651357478,-0.2538134838594481,0.3052463601763737,1.2177542145238263,0.28272749205848513,-1.3484852595196537,0.3865880403579936,0.31630584919472404,0.002053096912880053,172,0.43430069113250425,0,265
RG3_L_000158,158,-0.029099449053866445,0.8385523411322893,1.7532576046463864,0.24951068491762612,1.0330781477474453,-0.31705541006768895,-1.7558155003678992,0.0,-0.16738380741894748,-0.6657520460385278,-0.4217977735906751,0.547517855938155,-0.1343870827216355,0.22529990092137753,0.32062115988144224,0.5628437163914318,-0.49617470017850324,-0.0020813214763596324,-0.24471850189051658,1.2231102185551241,0.6401932792113381,0.48826590298762657,-0.2536243978725972,-0.4835143425333886,101,0.4341707250941444,0,266
RG3_L_000271,271,-0.029099449053866445,-1.1925314031676417,-0.04253793108057046,0.24951068491762612,1.0330781477474453,0.48032590666785163,-0.974520563532816,0.0,0.6176451529252976,-2.0085875478583746,-0.4217977735906751,-0.7652217551830952,-0.1343870827216355,-0.08580524157899463,-0.14437975465061584,-0.8357304651357478,0.7155574231572918,-1.8459536281514861,0.778985620924296,-0.9711480314604819,-0.3541839203189247,0.6916293857705539,0.31630584919472404,0.002053096912880053,168,0.4333827340135361,0,267
RG3_L_000204,204,-0.029099449053866445,-1.1925314031676417,0.4064002490654612,0.24951068491762612,1.0330781477474453,0.48032590666785163,-1.7558155003678992,0.0,0.6176451529252976,-2.0085875478583746,-0.4217977735906751,-0.7652217551830952,-0.3444868196010868,-1.3302495473813911,-1.0743727145599793,-0.1364789415910565,-0.011452267540392873,0.612574041829107,-0.6834870954900467,-0.030765304963843006,1.634494618412067,-0.2234868929434656,0.17382532565923292,-0.11933702642254647,131,0.43331878155915304,0,268
RG3_L_000223,223,-0.029099449053866445,0.8385523411322893,-0.9404356989440489,-0.2987077097782125,1.0330781477474453,-0.31705541006768895,-0.974520563532816,0.0,-0.16738380741894748,2.0199701834919805,1.1169829930268504,1.203937739304957,0.2858284206196948,0.22529990092137753,-0.14437975465061584,-0.8357304651357478,-0.011452267540392873,-0.6167366847818262,0.632729423057786,-0.6577508990084993,-0.3541839203189247,0.8949851110298198,0.31630584919472404,0.002053096912880053,143,0.4332660157416427,0,269
RG3_L_000127,127,-0.029099449053866445,-1.1925314031676417,0.4064002490654612,0.24951068491762612,-0.38678982241038173,0.48032590666785163,-0.19292753629832982,0.0,0.6176451529252976,-0.6657520460385278,-0.4217977735906751,-1.4216416385498971,-0.5545865564805381,-1.3302495473813911,-1.3068776064033847,0.09662861106977294,-1.223184390876188,1.5344633035460336,-1.122211057964198,-0.6577508990084993,1.1373060186469357,0.3865880403579936,-0.8235546449399185,-0.8476893432760432,80,0.4331566610330724,0,270
RG3_L_000145,145,-0.029099449053866445,-1.1925314031676417,1.0798396306416314,0.24951068491762612,1.0330781477474453,1.2777072234033922,-0.974520563532816,0.0,1.40255433466711,-0.6657520460385278,-0.4217977735906751,-1.4216416385498971,-0.9747860302394408,-0.7080273944801929,-0.609380669182674,-1.535053123118236,-0.7385359164975585,-1.5386259464987528,0.48651785631665484,0.28272749205848513,0.1430046794462067,0.6916293857705539,-0.39610763904987395,-0.4835143425333886,91,0.432871801921594,0,271
RG3_L_000294,294,-0.029099449053866445,0.8385523411322893,0.4064002490654612,0.24951068491762612,1.0330781477474453,-0.31705541006768895,-0.974520563532816,0.0,0.6176451529252976,0.6771090687267264,-0.4217977735906751,-0.10880187181629318,0.07572868374024348,-0.08580524157899463,-0.14437975465061584,-1.3019455704574068,2.412011979131197,-0.3094090031290929,0.48651785631665484,1.2231102185551241,-0.8512966597545222,1.301704319072013,0.31630584919472404,0.1234455356164941,181,0.4328223794630172,0,272
RG3_L_000179,179,-0.029099449053866445,0.8385523411322893,-0.4914975187980172,0.24951068491762612,1.0330781477474453,-0.31705541006768895,-1.7558155003678992,0.0,-0.16738380741894748,0.6771090687267264,1.1169829930268504,0.547517855938155,0.07572868374024348,0.8475220538225758,0.5531171825700949,1.9613467634808144,-0.9808971328166136,0.3052463601763737,1.0714980166573163,-0.030765304963843006,0.1430046794462067,0.8949851110298198,0.03134208448195622,-0.2407294651261605,113,0.43261463454646454,0,273
RG3_L_000567,567,-0.029099449053866445,0.8385523411322893,-1.1649154928027723,0.24951068491762612,-0.38678982241038173,-1.1144367268032296,1.3696623373718366,0.0,-1.737321949505005,-0.6657520460385278,-0.4217977735906751,1.8602574670594052,0.9161276312580487,1.158639064223402,1.483119011634211,-0.36958649425188594,0.47319620683823654,0.3052463601763737,0.19400546058363471,-0.030765304963843006,0.1430046794462067,-0.12180903031383264,1.1712025786165987,1.4587577306198736,337,0.43207926025317733,0,274
RG3_L_000288,288,-0.029099449053866445,-1.1925314031676417,-0.04253793108057046,0.24951068491762612,1.0330781477474453,0.48032590666785163,-0.974520563532816,0.0,0.6176451529252976,-0.6657520460385278,-0.4217977735906751,-0.10880187181629318,-0.1343870827216355,0.22529990092137753,0.32062115988144224,-1.3019455704574068,-1.465545607195243,-0.9239705831932862,1.2177542145238263,-0.9711480314604819,-1.3484852595196537,0.0815466949454333,0.4587890903720008,0.24483797432010815,178,0.43200813589308046,0,275
RG3_L_000076,76,-0.029099449053866445,-1.1925314031676417,0.855359836782908,0.24951068491762612,-0.38678982241038173,1.2777072234033922,0.5883674005367534,0.0,1.40255433466711,-0.6657520460385278,-0.4217977735906751,-2.0779613663043452,-0.7646862933599895,-0.3969103840793668,-0.3768757773392685,-0.6026229124749184,0.9579186394763469,0.3052463601763737,0.48651785631665484,0.9096174215327959,-0.3541839203189247,0.3865880403579936,-0.9660378861171952,-0.9690817819796572,47,0.4315721099048248,0,276
RG3_L_000129,129,-0.029099449053866445,0.8385523411322893,1.0798396306416314,-0.2987077097782125,-0.38678982241038173,-0.31705541006768895,0.5883674005367534,0.0,-0.16738380741894748,-0.6657520460385278,-0.4217977735906751,0.547517855938155,0.07572868374024348,0.8475220538225758,0.7856220744135003,0.3297361637306024,-0.9808971328166136,-1.5386259464987528,0.778985620924296,1.2231102185551241,1.1373060186469357,-0.3251647555730986,-0.8235546449399185,-0.8476893432760432,82,0.43145916557182573,0,277
RG3_L_000111,111,-0.029099449053866445,0.8385523411322893,0.6308800429241845,0.24951068491762612,-0.38678982241038173,0.48032590666785163,0.5883674005367534,0.0,-0.16738380741894748,0.6771090687267264,-0.4217977735906751,0.547517855938155,0.07572868374024348,0.5364169113222037,0.32062115988144224,1.2620952399361232,-0.2538134838594481,0.3052463601763737,1.9489905727309975,-0.030765304963843006,-1.8455979989552511,0.18323231509872764,-0.9660378861171952,-0.8476893432760432,66,0.4311569055987111,0,278
RG3_L_000431,431,-0.029099449053866445,0.8385523411322893,-0.4914975187980172,0.24951068491762612,-0.38678982241038173,-1.1144367268032296,0.5883674005367534,0.0,-0.9522929891607599,-0.6657520460385278,-0.4217977735906751,1.203937739304957,0.9161276312580487,0.22529990092137753,0.08812513719278957,1.4952027925969524,-0.9808971328166136,-0.6167366847818262,-1.5609796515637282,-0.6577508990084993,-0.3541839203189247,-1.5453223796996782,0.886238813903831,1.0945827298772188,263,0.4303977588159479,0,279
RG3_L_000172,172,-0.029099449053866445,-1.1925314031676417,-1.6138536729488038,0.24951068491762612,1.0330781477474453,0.48032590666785163,-0.974520563532816,0.0,0.6176451529252976,0.6771090687267264,-0.4217977735906751,-1.4216416385498971,-0.5545865564805381,-0.08580524157899463,0.08812513719278957,0.7958801346144643,0.23083499051918135,1.8417909851987668,0.04774926271712467,-0.030765304963843006,0.6401932792113381,0.7933072484001868,-0.1111411566953205,-0.36212190382977455,109,0.4302673583059912,0,280
RG3_L_000181,181,-0.029099449053866445,-1.1925314031676417,-0.4914975187980172,0.24951068491762612,1.0330781477474453,1.2777072234033922,-1.7558155003678992,0.0,0.6176451529252976,0.6771090687267264,1.1169829930268504,-0.7652217551830952,-0.5545865564805381,-0.3969103840793668,-0.609380669182674,-0.8357304651357478,-0.9808971328166136,-1.5386259464987528,0.48651785631665484,-0.6577508990084993,-0.3541839203189247,0.8949851110298198,0.03134208448195622,-0.2407294651261605,114,0.4300897863739992,0,281
RG3_L_000303,303,-0.029099449053866445,0.8385523411322893,-0.04253793108057046,0.24951068491762612,1.0330781477474453,-0.31705541006768895,-1.7558155003678992,0.0,-0.16738380741894748,0.6771090687267264,-0.4217977735906751,-0.10880187181629318,0.49592815749914615,-0.08580524157899463,-0.14437975465061584,-0.36958649425188594,1.200279855795402,1.8417909851987668,0.48651785631665484,-0.030765304963843006,0.6401932792113381,0.8949851110298198,0.4587890903720008,0.24483797432010815,186,0.4294979802325039,0,282
RG3_L_000490,490,-0.029099449053866445,0.8385523411322893,-1.1649154928027723,0.24951068491762612,-0.38678982241038173,-0.31705541006768895,0.5883674005367534,0.0,-0.16738380741894748,-0.6657520460385278,-1.9605785402082005,-0.7652217551830952,0.07572868374024348,-0.08580524157899463,0.32062115988144224,0.5628437163914318,-0.49617470017850324,-0.0020813214763596324,-0.6834870954900467,0.28272749205848513,0.6401932792113381,-0.4268503757263929,1.1712025786165987,1.3373652919162595,295,0.42923488335860727,0,283
RG3_L_000508,508,-0.029099449053866445,0.8385523411322893,-0.4914975187980172,0.24951068491762612,-1.8067254988278127,-1.1144367268032296,0.5883674005367534,0.0,-0.9522929891607599,-0.6657520460385278,1.1169829930268504,0.547517855938155,0.2858284206196948,0.5364169113222037,0.7856220744135003,0.09662861106977294,-0.7385359164975585,0.612574041829107,-0.975954860097688,0.5962202890808133,0.1430046794462067,0.18323231509872764,1.028719337439322,1.2159728532126455,305,0.4288128703179847,0,284
RG3_L_000366,366,-0.029099449053866445,0.8385523411322893,0.855359836782908,0.24951068491762612,-0.38678982241038173,-0.31705541006768895,0.5883674005367534,0.0,-0.16738380741894748,-0.6657520460385278,1.1169829930268504,0.547517855938155,0.07572868374024348,-0.08580524157899463,-0.14437975465061584,-0.6026229124749184,-0.9808971328166136,-0.3094090031290929,-0.24471850189051658,-0.34425810198617113,-1.3484852595196537,-1.7486781049589442,-1.5359681331845165,-1.0904742206832714,219,0.42878726242125226,0,285
RG3_L_000253,253,-0.029099449053866445,-1.1925314031676417,-0.2670177249392938,-0.2987077097782125,1.0330781477474453,1.2777072234033922,-0.974520563532816,0.0,1.40255433466711,0.6771090687267264,-0.4217977735906751,-0.7652217551830952,-0.7646862933599895,0.22529990092137753,0.32062115988144224,0.09662861106977294,0.9579186394763469,0.3052463601763737,0.3402616584501448,0.5962202890808133,1.634494618412067,0.6916293857705539,0.31630584919472404,0.002053096912880053,158,0.4287365914043586,0,286
RG3_L_000065,65,-0.029099449053866445,0.8385523411322893,0.1819418627781529,0.24951068491762612,-0.38678982241038173,-0.31705541006768895,0.5883674005367534,0.0,0.6176451529252976,-0.6657520460385278,1.1169829930268504,0.547517855938155,-0.3444868196010868,0.5364169113222037,0.32062115988144224,0.09662861106977294,1.200279855795402,-1.2312982648460196,1.0714980166573163,-1.2846408284828101,0.1430046794462067,0.48826590298762657,-1.108521127294472,-0.9690817819796572,39,0.42855583034056904,0,287
RG3_L_000206,206,-0.029099449053866445,-1.1925314031676417,-0.04253793108057046,0.24951068491762612,1.0330781477474453,0.48032590666785163,-0.19292753629832982,0.0,0.6176451529252976,0.6771090687267264,-0.4217977735906751,-0.10880187181629318,-0.5545865564805381,0.5364169113222037,0.5531171825700949,1.9613467634808144,0.47319620683823654,1.8417909851987668,1.2177542145238263,-0.030765304963843006,0.6401932792113381,0.7933072484001868,0.31630584919472404,-0.11933702642254647,132,0.4282800915760211,0,288
RG3_L_000454,454,-0.029099449053866445,0.8385523411322893,-1.1649154928027723,0.24951068491762612,-0.38678982241038173,-0.31705541006768895,0.5883674005367534,0.0,-0.16738380741894748,-0.6657520460385278,1.1169829930268504,-0.10880187181629318,0.7060278943785975,1.158639064223402,1.018118097102153,0.3297361637306024,1.200279855795402,1.8417909851987668,0.632729423057786,-0.030765304963843006,0.6401932792113381,-0.6302061009856589,0.886238813903831,1.0945827298772188,276,0.42761050155066804,0,289
RG3_L_000274,274,-0.029099449053866445,-1.1925314031676417,-0.2670177249392938,-0.846821542506724,1.0330781477474453,0.48032590666785163,-1.7558155003678992,0.0,0.6176451529252976,0.6771090687267264,-0.4217977735906751,-0.7652217551830952,-0.3444868196010868,-1.3302495473813911,-0.8418766918713266,0.09662861106977294,-0.49617470017850324,-0.9239705831932862,-0.975954860097688,-0.9711480314604819,0.6401932792113381,0.9966629736594528,0.31630584919472404,0.002053096912880053,169,0.4275829261607011,0,290
RG3_L_000553,553,-0.029099449053866445,0.8385523411322893,-0.9404356989440489,-0.2987077097782125,-0.38678982241038173,-0.31705541006768895,0.5883674005367534,0.0,-0.16738380741894748,-0.6657520460385278,-0.4217977735906751,-0.7652217551830952,0.07572868374024348,0.8475220538225758,1.018118097102153,-0.6026229124749184,-1.465545607195243,-0.0020813214763596324,-0.09850693514938538,-0.9711480314604819,1.1373060186469357,-0.2234868929434656,1.4561690609711522,1.4587577306198736,330,0.4272552521148153,0,291
RG3_L_000399,399,-0.029099449053866445,0.8385523411322893,-0.04253793108057046,-0.2987077097782125,-0.38678982241038173,-1.1144367268032296,-0.19292753629832982,0.0,-0.9522929891607599,0.6771090687267264,-0.4217977735906751,1.203937739304957,0.7060278943785975,1.7808493492241462,1.483119011634211,-1.3019455704574068,-0.7385359164975585,-0.3094090031290929,0.9252418187908061,-0.6577508990084993,0.1430046794462067,-0.8335618262449248,-0.8235546449399185,-0.6049067812370027,244,0.42678960709396496,0,292
RG3_L_000236,236,-0.029099449053866445,-1.1925314031676417,0.6308800429241845,0.24951068491762612,1.0330781477474453,1.2777072234033922,-1.7558155003678992,0.0,1.40255433466711,0.6771090687267264,-0.4217977735906751,-1.4216416385498971,-0.7646862933599895,-1.3302495473813911,-1.3068776064033847,1.728310345257782,-0.49617470017850324,-0.0020813214763596324,-0.5372308976235367,0.5962202890808133,0.6401932792113381,0.8949851110298198,0.17382532565923292,0.002053096912880053,150,0.42657561158231716,0,293
RG3_L_000096,96,-0.029099449053866445,-1.1925314031676417,0.6308800429241845,0.24951068491762612,-0.38678982241038173,1.2777072234033922,0.5883674005367534,0.0,1.40255433466711,-0.6657520460385278,1.1169829930268504,-1.4216416385498971,-1.1849017967013198,-1.3302495473813911,-1.3068776064033847,-0.36958649425188594,0.7155574231572918,-0.0020813214763596324,-0.8297432933565567,-0.030765304963843006,-0.3541839203189247,0.18323231509872764,-0.8235546449399185,-0.9690817819796572,58,0.4264881012110993,0,294
RG3_L_000073,73,-0.029099449053866445,0.8385523411322893,-0.04253793108057046,0.24951068491762612,-0.38678982241038173,-0.31705541006768895,0.5883674005367534,0.0,-0.16738380741894748,0.6771090687267264,-0.4217977735906751,1.203937739304957,0.2858284206196948,0.22529990092137753,0.32062115988144224,-1.535053123118236,-0.49617470017850324,-0.0020813214763596324,1.3639657812649575,-0.9711480314604819,-1.8455979989552511,1.0983408362890856,-0.8235546449399185,-0.8476893432760432,44,0.42621438940879197,0,295
RG3_L_000225,225,-0.029099449053866445,-1.1925314031676417,-0.4914975187980172,-0.846821542506724,1.0330781477474453,1.2777072234033922,-0.974520563532816,0.0,0.6176451529252976,-0.6657520460385278,-0.4217977735906751,-0.10880187181629318,0.07572868374024348,0.22529990092137753,0.5531171825700949,-0.1364789415910565,-0.011452267540392873,0.3052463601763737,0.9252418187908061,0.28272749205848513,-0.8512966597545222,0.8949851110298198,0.31630584919472404,0.002053096912880053,144,0.426060240660523,0,296
RG3_L_000182,182,-0.029099449053866445,-1.1925314031676417,0.4064002490654612,-0.2987077097782125,1.0330781477474453,1.2777072234033922,-0.19292753629832982,0.0,0.6176451529252976,-0.6657520460385278,-0.4217977735906751,-0.7652217551830952,-0.7646862933599895,-1.019132536980565,-0.609380669182674,0.5628437163914318,1.4425671138549763,1.2271356218933003,-0.5372308976235367,-0.030765304963843006,0.6401932792113381,1.8101013897438392,0.03134208448195622,-0.2407294651261605,115,0.4256832618962889,0,297
RG3_L_000209,209,-0.029099449053866445,-1.1925314031676417,-0.2670177249392938,0.24951068491762612,1.0330781477474453,1.2777072234033922,-0.974520563532816,0.0,0.6176451529252976,-0.6657520460385278,-0.4217977735906751,-1.4216416385498971,-0.7646862933599895,-1.6413546898817633,-1.3068776064033847,0.3297361637306024,-0.9808971328166136,-0.6167366847818262,-0.5372308976235367,1.2231102185551241,0.6401932792113381,1.505060044331279,0.31630584919472404,0.002053096912880053,135,0.4256325647800209,0,298
RG3_L_000178,178,-0.029099449053866445,0.8385523411322893,-0.2670177249392938,-0.846821542506724,1.0330781477474453,-1.1144367268032296,-0.19292753629832982,0.0,-0.16738380741894748,0.6771090687267264,-0.4217977735906751,0.547517855938155,0.07572868374024348,0.5364169113222037,0.5531171825700949,0.3297361637306024,0.9579186394763469,-0.9239705831932862,0.778985620924296,-0.34425810198617113,-0.3541839203189247,-0.2234868929434656,0.03134208448195622,-0.2407294651261605,112,0.4251642190202375,0,299
RG3_L_000402,402,-0.029099449053866445,0.8385523411322893,0.6308800429241845,0.24951068491762612,-0.38678982241038173,-0.31705541006768895,1.3696623373718366,0.0,-0.9522929891607599,-0.6657520460385278,1.1169829930268504,0.547517855938155,0.2858284206196948,0.22529990092137753,0.08812513719278957,0.5628437163914318,-0.49617470017850324,1.8417909851987668,-0.8297432933565567,-0.030765304963843006,0.1430046794462067,-0.8335618262449248,-0.8235546449399185,-0.4835143425333886,246,0.42496446678604755,0,300
RG3_L_000130,130,-0.029099449053866445,-1.1925314031676417,0.4064002490654612,0.24951068491762612,-0.38678982241038173,0.48032590666785163,-0.19292753629832982,0.0,0.6176451529252976,0.6771090687267264,1.1169829930268504,-0.7652217551830952,-0.3444868196010868,0.5364169113222037,0.08812513719278957,0.09662861106977294,0.9579186394763469,0.612574041829107,0.632729423057786,-1.5981336255051382,0.1430046794462067,0.7933072484001868,-0.9660378861171952,-0.9690817819796572,83,0.4249128866508569,0,301
RG3_L_000579,579,-0.029099449053866445,0.8385523411322893,-1.6138536729488038,0.24951068491762612,-0.38678982241038173,-1.1144367268032296,0.5883674005367534,0.0,-0.9522929891607599,0.6771090687267264,-0.4217977735906751,0.547517855938155,0.49592815749914615,1.158639064223402,1.483119011634211,-0.6026229124749184,-0.7385359164975585,0.3052463601763737,1.5102219791314675,-0.9711480314604819,1.1373060186469357,-0.2234868929434656,1.4561690609711522,1.5801501693234876,346,0.4248137773535716,0,302
RG3_L_000108,108,-0.029099449053866445,0.8385523411322893,1.3042980169289395,-0.2987077097782125,-0.38678982241038173,-0.31705541006768895,0.5883674005367534,0.0,-0.16738380741894748,0.6771090687267264,1.1169829930268504,1.203937739304957,0.07572868374024348,0.5364169113222037,-0.14437975465061584,-0.6026229124749184,0.23083499051918135,-0.6167366847818262,0.19400546058363471,-0.9711480314604819,0.6401932792113381,-1.1386031716574851,-0.8235546449399185,-0.7262969045724291,65,0.4246916980840837,0,303
RG3_L_000132,132,-0.029099449053866445,-1.1925314031676417,1.9777373985051097,0.24951068491762612,-0.38678982241038173,0.48032590666785163,0.5883674005367534,0.0,0.6176451529252976,0.6771090687267264,-0.4217977735906751,-0.10880187181629318,-0.7646862933599895,-0.7080273944801929,-0.8418766918713266,-1.0688380177965773,0.9579186394763469,-0.9239705831932862,-0.5372308976235367,-0.6577508990084993,-0.8512966597545222,1.301704319072013,-0.6810714037626417,-0.7262969045724291,85,0.42462090579631445,0,304
RG3_L_000280,280,-0.029099449053866445,-1.1925314031676417,0.4064002490654612,0.24951068491762612,1.0330781477474453,0.48032590666785163,-0.19292753629832982,0.0,0.6176451529252976,-0.6657520460385278,-0.4217977735906751,-0.10880187181629318,-0.5545865564805381,-0.08580524157899463,-0.14437975465061584,1.2620952399361232,-0.9808971328166136,2.1491186668515003,0.04774926271712467,1.2231102185551241,0.1430046794462067,1.301704319072013,0.31630584919472404,0.002053096912880053,173,0.4244555055452844,0,305
RG3_L_000150,150,-0.029099449053866445,0.8385523411322893,0.1819418627781529,0.24951068491762612,1.0330781477474453,0.48032590666785163,-1.7558155003678992,0.0,0.6176451529252976,0.6771090687267264,1.1169829930268504,-0.7652217551830952,-0.1343870827216355,-0.3969103840793668,-0.8418766918713266,-0.6026229124749184,-0.011452267540392873,-0.0020813214763596324,0.3402616584501448,0.28272749205848513,0.6401932792113381,0.5899437656172595,-0.39610763904987395,-0.4835143425333886,95,0.42419720351043744,1,306
RG3_L_000458,458,-0.029099449053866445,0.8385523411322893,-0.4914975187980172,0.24951068491762612,-0.38678982241038173,-1.1144367268032296,0.5883674005367534,0.0,-0.9522929891607599,0.6771090687267264,-0.4217977735906751,1.8602574670594052,0.9161276312580487,1.469744206723774,1.483119011634211,1.2620952399361232,0.9579186394763469,0.919807940240567,0.48651785631665484,-0.030765304963843006,0.6401932792113381,-0.7318839636152918,1.028719337439322,1.0945827298772188,278,0.4241550681855707,0,307
RG3_L_000144,144,-0.029099449053866445,-1.1925314031676417,-0.2670177249392938,0.24951068491762612,1.0330781477474453,0.48032590666785163,-0.19292753629832982,0.0,0.6176451529252976,-0.6657520460385278,-0.4217977735906751,-0.10880187181629318,-0.7646862933599895,0.22529990092137753,0.32062115988144224,1.0289876872752937,-0.011452267540392873,0.919807940240567,1.2177542145238263,1.5366030155774522,0.1430046794462067,0.6916293857705539,-0.2536243978725972,-0.6049067812370027,90,0.4233333181086411,0,308
RG3_L_000185,185,-0.029099449053866445,0.8385523411322893,-0.04253793108057046,-0.2987077097782125,1.0330781477474453,-0.31705541006768895,-0.974520563532816,0.0,-0.16738380741894748,-0.6657520460385278,-0.4217977735906751,1.203937739304957,0.07572868374024348,-0.08580524157899463,0.08812513719278957,1.4952027925969524,1.4425671138549763,1.2271356218933003,0.19400546058363471,0.28272749205848513,-0.3541839203189247,-0.12180903031383264,0.03134208448195622,-0.11933702642254647,118,0.42317648320351686,0,309
RG3_L_000478,478,-0.029099449053866445,0.8385523411322893,-0.7159559050853255,-0.846821542506724,-1.8067254988278127,-1.1144367268032296,-0.19292753629832982,0.0,-0.9522929891607599,-0.6657520460385278,-0.4217977735906751,1.203937739304957,0.7060278943785975,0.8475220538225758,1.2506229889455585,-0.8357304651357478,-0.011452267540392873,-0.0020813214763596324,1.2177542145238263,-0.030765304963843006,-0.3541839203189247,-0.5285282383560259,1.1712025786165987,1.4587577306198736,289,0.4231295606563285,0,310
RG3_L_000233,233,-0.029099449053866445,0.8385523411322893,0.6308800429241845,0.24951068491762612,1.0330781477474453,-0.31705541006768895,-0.974520563532816,0.0,-0.16738380741894748,-0.6657520460385278,1.1169829930268504,-0.10880187181629318,-0.1343870827216355,0.22529990092137753,0.08812513719278957,0.5628437163914318,0.23083499051918135,-0.0020813214763596324,1.2177542145238263,-0.6577508990084993,-1.8455979989552511,0.7933072484001868,0.31630584919472404,0.002053096912880053,148,0.42285646002410776,0,311
RG3_L_000168,168,-0.029099449053866445,0.8385523411322893,0.855359836782908,0.24951068491762612,1.0330781477474453,-1.1144367268032296,-0.974520563532816,0.0,-0.16738380741894748,0.6771090687267264,-0.4217977735906751,0.547517855938155,0.2858284206196948,-0.3969103840793668,-0.3768757773392685,-0.6026229124749184,0.7155574231572918,1.2271356218933003,0.04774926271712467,-0.6577508990084993,0.1430046794462067,0.28491017772836064,-0.1111411566953205,-0.36212190382977455,108,0.42269008415093545,0,312
RG3_L_000054,54,-0.029099449053866445,0.8385523411322893,-0.7159559050853255,0.24951068491762612,-0.38678982241038173,0.48032590666785163,0.5883674005367534,0.0,-0.16738380741894748,0.6771090687267264,1.1169829930268504,-0.10880187181629318,0.07572868374024348,-0.7080273944801929,-1.0743727145599793,-0.1364789415910565,-0.9808971328166136,-0.6167366847818262,-0.09850693514938538,-0.34425810198617113,0.6401932792113381,-0.3251647555730986,-0.9660378861171952,-0.8476893432760432,32,0.4215272048914486,0,313
RG3_L_000059,59,-0.029099449053866445,-1.1925314031676417,-0.04253793108057046,0.7977290796134647,-0.38678982241038173,1.2777072234033922,0.5883674005367534,0.0,0.6176451529252976,0.6771090687267264,-0.4217977735906751,-0.7652217551830952,-0.5545865564805381,-1.3302495473813911,-1.0743727145599793,0.5628437163914318,-0.7385359164975585,-0.3094090031290929,-0.5372308976235367,-0.34425810198617113,-0.8512966597545222,0.3865880403579936,-0.9660378861171952,-0.8476893432760432,36,0.4212471300641127,0,314
RG3_L_000218,218,-0.029099449053866445,-1.1925314031676417,-0.04253793108057046,0.24951068491762612,1.0330781477474453,0.48032590666785163,-0.19292753629832982,0.0,0.6176451529252976,2.0199701834919805,-0.4217977735906751,-0.7652217551830952,-0.7646862933599895,-1.019132536980565,-0.8418766918713266,0.3297361637306024,-1.223184390876188,0.3052463601763737,-1.122211057964198,1.2231102185551241,0.6401932792113381,0.8949851110298198,0.17382532565923292,-0.11933702642254647,140,0.4211797206614199,0,315
RG3_L_000050,50,-0.029099449053866445,-1.1925314031676417,1.5287778107876628,0.24951068491762612,-0.38678982241038173,1.2777072234033922,-0.19292753629832982,0.0,1.40255433466711,0.6771090687267264,-0.4217977735906751,-0.7652217551830952,-0.5545865564805381,-0.7080273944801929,-0.8418766918713266,0.09662861106977294,-0.7385359164975585,-0.9239705831932862,-0.24471850189051658,-1.2846408284828101,0.1430046794462067,0.48826590298762657,-0.8235546449399185,-0.8476893432760432,31,0.42114590726595325,0,316
RG3_L_000099,99,-0.029099449053866445,0.8385523411322893,0.4064002490654612,0.24951068491762612,-0.38678982241038173,-0.31705541006768895,0.5883674005367534,0.0,-0.16738380741894748,-2.0085875478583746,1.1169829930268504,0.547517855938155,0.2858284206196948,-0.3969103840793668,-0.8418766918713266,-0.36958649425188594,-0.011452267540392873,0.3052463601763737,-0.5372308976235367,-0.34425810198617113,-0.3541839203189247,0.3865880403579936,-0.8235546449399185,-0.7262969045724291,61,0.421131091053427,0,317
RG3_L_000048,48,-0.029099449053866445,-1.1925314031676417,0.1819418627781529,0.24951068491762612,-0.38678982241038173,0.48032590666785163,-0.974520563532816,0.0,0.6176451529252976,-0.6657520460385278,-0.4217977735906751,-0.10880187181629318,0.07572868374024348,0.22529990092137753,0.08812513719278957,1.2620952399361232,-1.223184390876188,1.5344633035460336,0.778985620924296,0.5962202890808133,0.6401932792113381,0.48826590298762657,-0.8235546449399185,-0.7262969045724291,30,0.42077736284672634,0,318
RG3_L_000167,167,-0.029099449053866445,-1.1925314031676417,-0.04253793108057046,0.24951068491762612,1.0330781477474453,0.48032590666785163,-1.7558155003678992,0.0,0.6176451529252976,-0.6657520460385278,-0.4217977735906751,-0.7652217551830952,-0.1343870827216355,-0.7080273944801929,-0.3768757773392685,-1.3019455704574068,-0.2538134838594481,-0.6167366847818262,-0.975954860097688,1.5366030155774522,0.6401932792113381,1.2000264564423802,-0.1111411566953205,-0.36212190382977455,107,0.42065191527164913,0,319
RG3_L_000151,151,-0.029099449053866445,0.8385523411322893,-0.4914975187980172,0.24951068491762612,1.0330781477474453,0.48032590666785163,-0.974520563532816,0.0,-0.16738380741894748,-0.6657520460385278,-0.4217977735906751,0.547517855938155,-0.1343870827216355,-0.08580524157899463,-0.14437975465061584,-0.6026229124749184,0.47319620683823654,-0.0020813214763596324,0.632729423057786,1.5366030155774522,-0.8512966597545222,1.301704319072013,-0.39610763904987395,-0.4835143425333886,96,0.4204658567215692,0,320
RG3_L_000137,137,-0.029099449053866445,0.8385523411322893,-0.04253793108057046,-0.846821542506724,-0.38678982241038173,-1.1144367268032296,0.5883674005367534,0.0,-0.9522929891607599,0.6771090687267264,-0.4217977735906751,1.203937739304957,0.49592815749914615,0.8475220538225758,1.018118097102153,0.7958801346144643,1.4425671138549763,-0.0020813214763596324,0.632729423057786,-0.34425810198617113,-1.3484852595196537,0.3865880403579936,-0.6810714037626417,-0.6049067812370027,86,0.42036269212171923,0,321
RG3_L_000100,100,-0.029099449053866445,0.8385523411322893,0.6308800429241845,0.24951068491762612,-0.38678982241038173,-1.1144367268032296,1.3696623373718366,0.0,-0.16738380741894748,-0.6657520460385278,1.1169829930268504,0.547517855938155,0.07572868374024348,0.22529990092137753,-0.3768757773392685,0.5628437163914318,-1.223184390876188,-0.0020813214763596324,0.778985620924296,-0.6577508990084993,-0.8512966597545222,0.28491017772836064,-0.8235546449399185,-0.8476893432760432,62,0.42021929278050535,0,322
RG3_L_000515,515,-0.029099449053866445,0.8385523411322893,0.1819418627781529,0.24951068491762612,-0.38678982241038173,-1.1144367268032296,0.5883674005367534,0.0,-0.9522929891607599,-0.6657520460385278,-0.4217977735906751,0.547517855938155,0.2858284206196948,0.8475220538225758,0.7856220744135003,-0.8357304651357478,-0.2538134838594481,-1.5386259464987528,0.04774926271712467,0.9096174215327959,0.6401932792113381,-0.4268503757263929,1.1712025786165987,1.3373652919162595,309,0.4200582388384077,0,323
RG3_L_000092,92,-0.029099449053866445,0.8385523411322893,0.6308800429241845,0.24951068491762612,-0.38678982241038173,-0.31705541006768895,0.5883674005367534,0.0,0.6176451529252976,-0.6657520460385278,1.1169829930268504,0.547517855938155,0.07572868374024348,0.5364169113222037,0.08812513719278957,-0.1364789415910565,-0.2538134838594481,1.8417909851987668,1.2177542145238263,-0.030765304963843006,0.1430046794462067,-0.3251647555730986,-0.8235546449399185,-0.9690817819796572,56,0.41859765940694843,0,324
RG3_L_000340,340,-0.029099449053866445,0.8385523411322893,-1.1649154928027723,0.24951068491762612,1.0330781477474453,-0.31705541006768895,-0.19292753629832982,0.0,0.6176451529252976,0.6771090687267264,-0.4217977735906751,0.547517855938155,0.07572868374024348,0.5364169113222037,0.7856220744135003,0.5628437163914318,-0.7385359164975585,-0.0020813214763596324,1.6564781769979775,0.5962202890808133,-0.3541839203189247,0.8949851110298198,0.4587890903720008,0.002053096912880053,208,0.41855979447891467,0,325
RG3_L_000080,80,-0.029099449053866445,-1.1925314031676417,0.4064002490654612,0.24951068491762612,-0.38678982241038173,0.48032590666785163,-0.19292753629832982,0.0,0.6176451529252976,0.6771090687267264,-0.4217977735906751,-1.4216416385498971,0.07572868374024348,-0.7080273944801929,-1.0743727145599793,-0.1364789415910565,0.7155574231572918,-0.6167366847818262,-0.5372308976235367,-0.6577508990084993,-1.8455979989552511,0.0815466949454333,-0.8235546449399185,-0.8476893432760432,50,0.41845838706894656,1,326
RG3_L_000232,232,-0.029099449053866445,0.8385523411322893,-0.04253793108057046,0.24951068491762612,1.0330781477474453,0.48032590666785163,-1.7558155003678992,0.0,0.6176451529252976,-0.6657520460385278,1.1169829930268504,-0.10880187181629318,0.07572868374024348,0.5364169113222037,0.08812513719278957,0.09662861106977294,-0.49617470017850324,1.2271356218933003,1.2177542145238263,-0.030765304963843006,0.6401932792113381,0.8949851110298198,0.31630584919472404,0.002053096912880053,147,0.41798947075481024,0,327
RG3_L_000071,71,-0.029099449053866445,-1.1925314031676417,1.0798396306416314,0.24951068491762612,-0.38678982241038173,0.48032590666785163,-0.19292753629832982,0.0,0.6176451529252976,0.6771090687267264,1.1169829930268504,-0.7652217551830952,0.07572868374024348,-0.3969103840793668,-1.0743727145599793,-0.8357304651357478,-0.2538134838594481,-0.9239705831932862,-0.24471850189051658,-0.030765304963843006,0.1430046794462067,0.9966629736594528,-1.108521127294472,-1.0904742206832714,43,0.4179490742920609,0,328
RG3_L_000429,429,-0.029099449053866445,0.8385523411322893,-0.7159559050853255,0.24951068491762612,-0.38678982241038173,-0.31705541006768895,-0.19292753629832982,0.0,-0.16738380741894748,0.6771090687267264,-0.4217977735906751,-0.10880187181629318,-0.1343870827216355,-0.3969103840793668,-0.14437975465061584,-0.36958649425188594,-0.7385359164975585,-0.9239705831932862,-0.975954860097688,-0.030765304963843006,0.6401932792113381,-1.6470002423293113,0.886238813903831,0.9731902911736049,261,0.4177355389917574,0,329
RG3_L_000212,212,-0.029099449053866445,-1.1925314031676417,0.6308800429241845,0.24951068491762612,1.0330781477474453,0.48032590666785163,-0.974520563532816,0.0,0.6176451529252976,-0.6657520460385278,1.1169829930268504,-1.4216416385498971,-0.5545865564805381,-1.3302495473813911,-1.3068776064033847,0.7958801346144643,0.47319620683823654,0.919807940240567,-0.975954860097688,0.5962202890808133,0.6401932792113381,0.6916293857705539,0.31630584919472404,0.002053096912880053,138,0.4172663153827601,0,330
RG3_L_000304,304,-0.029099449053866445,0.8385523411322893,-0.2670177249392938,0.24951068491762612,1.0330781477474453,-0.31705541006768895,-0.974520563532816,0.0,-0.16738380741894748,-2.0085875478583746,-0.4217977735906751,0.547517855938155,0.2858284206196948,0.22529990092137753,0.32062115988144224,0.5628437163914318,-0.2538134838594481,0.3052463601763737,0.778985620924296,0.28272749205848513,1.1373060186469357,1.0983408362890856,0.31630584919472404,0.002053096912880053,187,0.41725048130991144,0,331
RG3_L_000409,409,-0.029099449053866445,0.8385523411322893,-0.9404356989440489,0.24951068491762612,-0.38678982241038173,0.48032590666785163,0.5883674005367534,0.0,-0.16738380741894748,0.6771090687267264,-0.4217977735906751,0.547517855938155,0.2858284206196948,1.158639064223402,1.2506229889455585,0.3297361637306024,0.7155574231572918,0.3052463601763737,0.9252418187908061,-0.030765304963843006,0.6401932792113381,-1.240281034287118,-0.6810714037626417,-0.4835143425333886,249,0.41715320147996193,0,332
RG3_L_000281,281,-0.029099449053866445,-1.1925314031676417,0.4064002490654612,-0.2987077097782125,1.0330781477474453,0.48032590666785163,-0.974520563532816,0.0,0.6176451529252976,0.6771090687267264,-0.4217977735906751,-0.7652217551830952,-0.7646862933599895,-0.7080273944801929,-0.609380669182674,1.0289876872752937,0.47319620683823654,0.3052463601763737,-0.39097469975702664,0.5962202890808133,2.1316073578476646,0.8949851110298198,0.31630584919472404,0.002053096912880053,174,0.4169378124910496,0,333
RG3_L_000305,305,-0.029099449053866445,0.8385523411322893,-0.4914975187980172,0.24951068491762612,1.0330781477474453,-0.31705541006768895,-0.19292753629832982,0.0,0.6176451529252976,-0.6657520460385278,-0.4217977735906751,0.547517855938155,-0.1343870827216355,0.22529990092137753,0.5531171825700949,0.3297361637306024,-0.011452267540392873,-0.0020813214763596324,1.8027343748644875,-0.6577508990084993,0.6401932792113381,0.18323231509872764,0.6012723315492775,0.24483797432010815,188,0.41656470716574195,0,334
RG3_L_000207,207,-0.029099449053866445,-1.1925314031676417,-0.2670177249392938,0.24951068491762612,1.0330781477474453,0.48032590666785163,-1.7558155003678992,0.0,0.6176451529252976,-0.6657520460385278,1.1169829930268504,-0.7652217551830952,-0.5545865564805381,-0.3969103840793668,-0.14437975465061584,-0.1364789415910565,-1.223184390876188,0.3052463601763737,1.0714980166573163,0.5962202890808133,0.6401932792113381,0.3865880403579936,0.17382532565923292,0.002053096912880053,133,0.4147741721215468,0,335
RG3_L_000128,128,-0.029099449053866445,-1.1925314031676417,-0.04253793108057046,0.24951068491762612,-0.38678982241038173,-0.31705541006768895,0.5883674005367534,0.0,-0.16738380741894748,-0.6657520460385278,1.1169829930268504,-0.7652217551830952,0.07572868374024348,-0.7080273944801929,-0.8418766918713266,0.09662861106977294,-0.2538134838594481,0.3052463601763737,-0.09850693514938538,0.28272749205848513,0.1430046794462067,0.8949851110298198,-0.9660378861171952,-0.8476893432760432,81,0.41334613644356333,0,336
RG3_L_000061,61,-0.029099449053866445,-1.1925314031676417,1.0798396306416314,-0.2987077097782125,-0.38678982241038173,0.48032590666785163,-0.19292753629832982,0.0,0.6176451529252976,0.6771090687267264,-0.4217977735906751,-0.10880187181629318,-0.3444868196010868,-1.019132536980565,-0.609380669182674,-0.6026229124749184,-0.7385359164975585,-0.3094090031290929,-1.268467255830708,0.5962202890808133,-1.3484852595196537,0.48826590298762657,-0.8235546449399185,-0.8476893432760432,38,0.4125396331093797,0,337
RG3_L_000162,162,-0.029099449053866445,-1.1925314031676417,-0.2670177249392938,0.24951068491762612,1.0330781477474453,0.48032590666785163,-0.974520563532816,0.0,0.6176451529252976,-0.6657520460385278,-0.4217977735906751,-0.7652217551830952,-0.5545865564805381,-0.08580524157899463,0.08812513719278957,-0.36958649425188594,-1.465545607195243,-0.0020813214763596324,1.3639657812649575,-0.6577508990084993,0.1430046794462067,0.6916293857705539,-0.2536243978725972,-0.36212190382977455,104,0.41250807377211657,0,338
RG3_L_000241,241,-0.029099449053866445,0.8385523411322893,-0.4914975187980172,-0.2987077097782125,1.0330781477474453,-0.31705541006768895,-0.974520563532816,0.0,-0.16738380741894748,0.6771090687267264,-0.4217977735906751,-0.10880187181629318,0.07572868374024348,0.8475220538225758,0.5531171825700949,0.3297361637306024,-0.7385359164975585,-0.0020813214763596324,0.9252418187908061,-0.34425810198617113,1.1373060186469357,0.9966629736594528,0.17382532565923292,-0.11933702642254647,151,0.41214265883900253,0,339
RG3_L_000251,251,-0.029099449053866445,0.8385523411322893,-0.04253793108057046,0.24951068491762612,1.0330781477474453,-0.31705541006768895,-0.974520563532816,0.0,-0.16738380741894748,0.6771090687267264,-0.4217977735906751,1.203937739304957,0.2858284206196948,0.5364169113222037,0.08812513719278957,-0.36958649425188594,0.23083499051918135,1.5344633035460336,1.2177542145238263,-0.34425810198617113,-0.3541839203189247,0.8949851110298198,0.31630584919472404,0.002053096912880053,156,0.41199194507110104,0,340
RG3_L_000321,321,-0.029099449053866445,0.8385523411322893,-0.2670177249392938,0.24951068491762612,1.0330781477474453,-0.31705541006768895,-0.974520563532816,0.0,-0.16738380741894748,0.6771090687267264,-0.4217977735906751,1.203937739304957,0.2858284206196948,0.22529990092137753,0.32062115988144224,0.5628437163914318,0.47319620683823654,1.8417909851987668,0.778985620924296,-0.34425810198617113,0.1430046794462067,0.9966629736594528,0.31630584919472404,0.1234455356164941,197,0.41164717762313285,0,341
RG3_L_000491,491,-0.029099449053866445,0.8385523411322893,-0.9404356989440489,0.24951068491762612,-0.38678982241038173,-1.1144367268032296,0.5883674005367534,0.0,-0.9522929891607599,-0.6657520460385278,-0.4217977735906751,0.547517855938155,0.2858284206196948,-0.08580524157899463,-0.14437975465061584,0.7958801346144643,-0.011452267540392873,-0.0020813214763596324,-0.975954860097688,-0.6577508990084993,-0.8512966597545222,-0.5285282383560259,1.028719337439322,1.2159728532126455,296,0.4109444484117902,0,342
RG3_L_000047,47,-0.029099449053866445,0.8385523411322893,0.6308800429241845,0.24951068491762612,-0.38678982241038173,-0.31705541006768895,1.3696623373718366,0.0,-0.16738380741894748,0.6771090687267264,1.1169829930268504,0.547517855938155,0.07572868374024348,0.22529990092137753,0.08812513719278957,-0.1364789415910565,0.23083499051918135,1.2271356218933003,0.632729423057786,0.5962202890808133,-0.3541839203189247,0.3865880403579936,-0.8235546449399185,-0.8476893432760432,29,0.4106946485400912,0,343
RG3_L_000141,141,-0.029099449053866445,-1.1925314031676417,-0.04253793108057046,-0.2987077097782125,-0.38678982241038173,0.48032590666785163,0.5883674005367534,0.0,0.6176451529252976,0.6771090687267264,-0.4217977735906751,-0.7652217551830952,-0.5545865564805381,-0.3969103840793668,-0.3768757773392685,-0.36958649425188594,0.7155574231572918,-1.2312982648460196,-0.09850693514938538,-0.030765304963843006,-0.8512966597545222,-0.3251647555730986,-0.6810714037626417,-0.6049067812370027,88,0.4105439732567421,0,344
RG3_L_000263,263,-0.029099449053866445,-1.1925314031676417,-1.1649154928027723,0.24951068491762612,1.0330781477474453,0.48032590666785163,-0.974520563532816,0.0,0.6176451529252976,0.6771090687267264,-0.4217977735906751,-0.7652217551830952,-0.1343870827216355,-0.7080273944801929,-0.3768757773392685,-0.36958649425188594,-0.7385359164975585,0.3052463601763737,-0.975954860097688,0.9096174215327959,-0.8512966597545222,0.7933072484001868,0.31630584919472404,0.002053096912880053,164,0.4085630923968762,0,345
RG3_L_000085,85,-0.029099449053866445,-1.1925314031676417,0.855359836782908,0.24951068491762612,-0.38678982241038173,1.2777072234033922,0.5883674005367534,0.0,0.6176451529252976,-0.6657520460385278,-0.4217977735906751,-0.7652217551830952,-0.5545865564805381,-0.08580524157899463,0.32062115988144224,0.3297361637306024,0.23083499051918135,-0.0020813214763596324,0.778985620924296,-0.030765304963843006,0.1430046794462067,0.3865880403579936,-0.8235546449399185,-0.9690817819796572,52,0.40800918477754183,1,346
RG3_L_000260,260,-0.029099449053866445,0.8385523411322893,-0.7159559050853255,0.24951068491762612,1.0330781477474453,-0.31705541006768895,-0.19292753629832982,0.0,-0.16738380741894748,-0.6657520460385278,-0.4217977735906751,1.203937739304957,0.49592815749914615,0.5364169113222037,0.5531171825700949,-0.1364789415910565,-0.9808971328166136,0.3052463601763737,0.48651785631665484,-0.030765304963843006,0.6401932792113381,0.9966629736594528,0.17382532565923292,0.002053096912880053,162,0.407367683661497,0,347
RG3_L_000131,131,-0.029099449053866445,-1.1925314031676417,0.855359836782908,0.24951068491762612,-0.38678982241038173,0.48032590666785163,0.5883674005367534,0.0,0.6176451529252976,0.6771090687267264,-0.4217977735906751,-0.7652217551830952,-0.3444868196010868,-0.3969103840793668,-0.3768757773392685,-0.36958649425188594,-1.465545607195243,0.3052463601763737,0.19400546058363471,0.28272749205848513,0.1430046794462067,-0.3251647555730986,-0.8235546449399185,-0.8476893432760432,84,0.4049905793439083,0,348
RG3_L_000544,544,-0.029099449053866445,0.8385523411322893,-0.2670177249392938,0.24951068491762612,-0.38678982241038173,-0.31705541006768895,0.5883674005367534,0.0,-0.16738380741894748,-0.6657520460385278,-0.4217977735906751,-0.10880187181629318,-0.1343870827216355,0.5364169113222037,0.7856220744135003,0.5628437163914318,-0.9808971328166136,-0.3094090031290929,-0.09850693514938538,0.28272749205848513,-0.8512966597545222,-0.3251647555730986,1.3136858197938754,1.4587577306198736,324,0.4049390880556494,0,349
RG3_L_000083,83,-0.029099449053866445,0.8385523411322893,-0.2670177249392938,0.24951068491762612,-0.38678982241038173,-0.31705541006768895,0.5883674005367534,0.0,-0.16738380741894748,0.6771090687267264,-0.4217977735906751,0.547517855938155,0.2858284206196948,1.158639064223402,1.018118097102153,-0.6026229124749184,0.23083499051918135,-0.3094090031290929,1.2177542145238263,-0.030765304963843006,0.6401932792113381,0.0815466949454333,-0.9660378861171952,-0.8476893432760432,51,0.4046933442266171,0,350
RG3_L_000055,55,-0.029099449053866445,0.8385523411322893,0.1819418627781529,0.24951068491762612,-0.38678982241038173,-0.31705541006768895,0.5883674005367534,0.0,-0.16738380741894748,-0.6657520460385278,-0.4217977735906751,0.547517855938155,0.07572868374024348,-0.08580524157899463,0.32062115988144224,0.5628437163914318,0.9579186394763469,0.3052463601763737,0.9252418187908061,-0.34425810198617113,1.1373060186469357,0.9966629736594528,-0.9660378861171952,-0.8476893432760432,33,0.4026183946176297,0,351
RG3_L_000214,214,-0.029099449053866445,0.8385523411322893,0.6308800429241845,0.24951068491762612,1.0330781477474453,-0.31705541006768895,0.5883674005367534,0.0,-0.16738380741894748,0.6771090687267264,-0.4217977735906751,0.547517855938155,-0.1343870827216355,-0.08580524157899463,0.08812513719278957,-0.8357304651357478,0.7155574231572918,-0.0020813214763596324,0.632729423057786,-0.030765304963843006,-0.8512966597545222,0.6916293857705539,0.17382532565923292,-0.11933702642254647,139,0.4026025737080577,0,352
RG3_L_000462,462,-0.029099449053866445,0.8385523411322893,0.6308800429241845,0.24951068491762612,-0.38678982241038173,-0.31705541006768895,0.5883674005367534,0.0,-0.16738380741894748,-0.6657520460385278,-0.4217977735906751,0.547517855938155,0.2858284206196948,0.5364169113222037,0.5531171825700949,-0.36958649425188594,-0.49617470017850324,0.3052463601763737,0.3402616584501448,-0.030765304963843006,0.1430046794462067,-1.240281034287118,1.028719337439322,1.2159728532126455,282,0.40106869220726915,0,353
RG3_L_000259,259,-0.029099449053866445,0.8385523411322893,0.1819418627781529,0.24951068491762612,1.0330781477474453,-0.31705541006768895,-0.974520563532816,0.0,-0.16738380741894748,0.6771090687267264,-0.4217977735906751,0.547517855938155,0.2858284206196948,0.22529990092137753,0.08812513719278957,0.3297361637306024,0.9579186394763469,-0.3094090031290929,0.3402616584501448,-0.030765304963843006,0.6401932792113381,0.8949851110298198,0.31630584919472404,0.002053096912880053,161,0.3948181980638249,0,354
