record_id,pattern_row,Injection_Time,Filling_Time,Plasticizing_Time,Cycle_Time,Clamp_Close_Time,Cushion_Position,Plasticizing_Position,Clamp_Open_Position,Max_Injection_Speed,Max_Screw_RPM,Average_Screw_RPM,Max_Injection_Pressure,Max_Switch_Over_Pressure,Max_Back_Pressure,Average_Back_Pressure,Barrel_Temperature_1,Barrel_Temperature_2,Barrel_Temperature_3,Barrel_Temperature_4,Barrel_Temperature_5,Barrel_Temperature_6,Hopper_Temperature,Mold_Temperature_3,Mold_Temperature_4,input_position,if_score,label,if_rank
RG3_L_000035,35,-8.627730385041827,-1.1925314031676417,2.202217192363833,-0.2987077097782125,1.0330781477474453,-1.1144367268032296,1.3696623373718366,0.0,2.187583295011355,0.6771090687267264,1.1169829930268504,-3.3907009774255954,-1.1849017967013198,-1.019132536980565,-1.3068776064033847,0.5628437163914318,-0.9808971328166136,-0.0020813214763596324,0.632729423057786,-0.030765304963843006,-0.8512966597545222,0.18323231509872764,-1.5359681331845165,-1.697434098833154,22,0.56811291160207,0,1
RG3_L_000558,558,8.569633990700348,0.8385523411322893,-2.0628132606662506,-1.3950399372025626,-1.8067254988278127,2.0750885401389327,0.5883674005367534,0.0,-1.737321949505005,0.6771090687267264,-0.4217977735906751,1.8602574670594052,1.1262433977199278,1.7808493492241462,1.7156150343228638,1.728310345257782,1.200279855795402,-0.0020813214763596324,1.0714980166573163,-0.6577508990084993,-0.3541839203189247,-0.12180903031383264,1.4561690609711522,1.7015426080271017,336,0.568015790116488,0,2
RG3_L_000578,578,-0.029099449053866445,0.8385523411322893,-1.6138536729488038,11.761887849595583,-0.38678982241038173,-1.1144367268032296,1.3696623373718366,0.0,-0.9522929891607599,0.6771090687267264,-0.4217977735906751,1.203937739304957,0.49592815749914615,1.469744206723774,1.7156150343228638,-2.467412199323757,0.7155574231572918,-2.1532813098042194,1.2177542145238263,0.9096174215327959,-1.3484852595196537,-0.4268503757263929,1.598652302148429,1.7015426080271017,347,0.5539777892155169,0,3
RG3_L_000520,520,8.569633990700348,0.8385523411322893,0.6308800429241845,-0.2987077097782125,-1.8067254988278127,2.0750885401389327,0.5883674005367534,0.0,-1.737321949505005,0.6771090687267264,-0.4217977735906751,1.8602574670594052,0.9161276312580487,1.469744206723774,1.7156150343228638,0.7958801346144643,-0.49617470017850324,0.3052463601763737,0.632729423057786,-0.030765304963843006,1.1373060186469357,-0.4268503757263929,1.3136858197938754,1.4587577306198736,312,0.5367527600059416,0,4
RG3_L_000007,7,-0.029099449053866445,-1.1925314031676417,3.1001149602273115,-0.2987077097782125,1.0330781477474453,2.0750885401389327,-1.7558155003678992,0.0,2.187583295011355,-0.6657520460385278,-0.4217977735906751,-1.4216416385498971,-0.9747860302394408,-1.9524598323821356,-2.0043745436240954,0.09662861106977294,-0.2538134838594481,-1.2312982648460196,-1.122211057964198,-0.030765304963843006,-0.8512966597545222,-0.6302061009856589,-1.5359681331845165,-1.57604166012954,6,0.5329946267393713,0,5
RG3_L_000006,6,-0.029099449053866445,-1.1925314031676417,2.202217192363833,0.24951068491762612,1.0330781477474453,2.0750885401389327,-0.974520563532816,0.0,1.40255433466711,0.6771090687267264,1.1169829930268504,-1.4216416385498971,-0.7646862933599895,-1.6413546898817633,-2.236870566312748,-1.7680895413412685,0.23083499051918135,-0.0020813214763596324,-1.268467255830708,-0.9711480314604819,-2.8399751984855137,0.9966629736594528,-1.6784513743617933,-1.818826537536768,5,0.5270553959907662,0,6
RG3_L_000191,191,-0.029099449053866445,-1.1925314031676417,-0.4914975187980172,-0.2987077097782125,1.0330781477474453,2.0750885401389327,-1.7558155003678992,0.0,2.187583295011355,-0.6657520460385278,-0.4217977735906751,-2.7343812496711473,-1.395001533580771,-2.2635768427829617,-1.7718785209354428,-1.0688380177965773,-0.7385359164975585,-0.9239705831932862,-0.6834870954900467,0.5962202890808133,1.1373060186469357,1.8101013897438392,0.17382532565923292,-0.11933702642254647,119,0.5230960105038337,0,7
RG3_L_000031,31,-0.029099449053866445,-1.1925314031676417,1.9777373985051097,0.24951068491762612,1.0330781477474453,1.2777072234033922,1.3696623373718366,0.0,1.40255433466711,-0.6657520460385278,2.655763759644376,-1.4216416385498971,0.07572868374024348,-1.019132536980565,-1.7718785209354428,-1.3019455704574068,2.412011979131197,-1.8459536281514861,-0.975954860097688,-0.9711480314604819,-0.8512966597545222,1.2000264564423802,-1.6784513743617933,-1.697434098833154,20,0.5196083194436727,0,8
RG3_L_000519,519,-0.029099449053866445,0.8385523411322893,-0.7159559050853255,-0.846821542506724,-1.8067254988278127,-1.9118180435387702,1.3696623373718366,0.0,-1.737321949505005,-2.0085875478583746,-0.4217977735906751,1.8602574670594052,0.9161276312580487,0.8475220538225758,1.018118097102153,1.2620952399361232,1.6849283301740314,-0.0020813214763596324,-0.39097469975702664,-2.538516352001777,1.634494618412067,-0.4268503757263929,1.3136858197938754,1.3373652919162595,311,0.5155898700629983,0,9
RG3_L_000032,32,-0.029099449053866445,-1.1925314031676417,3.1001149602273115,-0.2987077097782125,1.0330781477474453,2.0750885401389327,2.151255364606323,0.0,1.40255433466711,0.6771090687267264,-0.4217977735906751,-1.4216416385498971,-0.5545865564805381,-1.6413546898817633,-1.5393736290920372,0.7958801346144643,0.7155574231572918,-0.3094090031290929,-0.975954860097688,-0.9711480314604819,-0.3541839203189247,0.8949851110298198,-1.6784513743617933,-1.697434098833154,21,0.5150891415917176,0,10
RG3_L_000577,577,-0.029099449053866445,0.8385523411322893,-2.0628132606662506,5.731590069908686,-1.8067254988278127,-1.1144367268032296,-0.19292753629832982,0.0,-1.737321949505005,0.6771090687267264,-0.4217977735906751,1.203937739304957,0.9161276312580487,1.158639064223402,1.483119011634211,-0.36958649425188594,-0.011452267540392873,-0.0020813214763596324,0.3402616584501448,0.5962202890808133,-1.8455979989552511,-1.036925309027852,1.598652302148429,1.5801501693234876,346,0.5144377110947097,0,11
RG3_L_000380,380,-0.029099449053866445,0.8385523411322893,0.4064002490654612,-0.2987077097782125,-0.38678982241038173,-1.9118180435387702,0.5883674005367534,0.0,-2.5222910205480336,-2.0085875478583746,-0.4217977735906751,1.203937739304957,1.5464428714788303,1.469744206723774,1.483119011634211,-0.1364789415910565,0.23083499051918135,-0.3094090031290929,-0.39097469975702664,0.5962202890808133,-0.8512966597545222,-2.7654722463025965,-1.108521127294472,-0.7262969045724291,229,0.5124970692756744,0,12
RG3_L_000029,29,-0.029099449053866445,-1.1925314031676417,3.7735329342320663,0.24951068491762612,1.0330781477474453,0.48032590666785163,2.151255364606323,0.0,0.6176451529252976,0.6771090687267264,1.1169829930268504,-0.7652217551830952,0.2858284206196948,-0.08580524157899463,-0.609380669182674,1.2620952399361232,-1.465545607195243,1.2271356218933003,0.19400546058363471,0.5962202890808133,-0.8512966597545222,1.2000264564423802,-1.6784513743617933,-1.697434098833154,18,0.5108150517896406,0,13
RG3_L_000503,503,-0.029099449053866445,0.8385523411322893,-1.1649154928027723,0.24951068491762612,-1.8067254988278127,-1.9118180435387702,0.5883674005367534,0.0,-1.737321949505005,-0.6657520460385278,-1.9605785402082005,1.203937739304957,1.1262433977199278,1.7808493492241462,1.9481199261662692,-0.1364789415910565,0.7155574231572918,-2.1532813098042194,0.778985620924296,-1.5981336255051382,-0.8512966597545222,0.48826590298762657,1.028719337439322,1.3373652919162595,303,0.509846822558323,0,14
RG3_L_000009,9,-0.029099449053866445,-1.1925314031676417,1.0798396306416314,0.24951068491762612,1.0330781477474453,2.0750885401389327,-1.7558155003678992,0.0,2.187583295011355,0.6771090687267264,-0.4217977735906751,-2.7343812496711473,-0.7646862933599895,-1.019132536980565,-1.5393736290920372,0.3297361637306024,-0.9808971328166136,0.3052463601763737,0.48651785631665484,2.1635886096221086,-0.8512966597545222,0.28491017772836064,-1.5359681331845165,-1.57604166012954,7,0.5098153232479994,0,15
RG3_L_000023,23,-0.029099449053866445,-1.1925314031676417,1.9777373985051097,0.24951068491762612,1.0330781477474453,1.2777072234033922,2.151255364606323,0.0,1.40255433466711,2.0199701834919805,2.655763759644376,-1.4216416385498971,-0.3444868196010868,-1.3302495473813911,-2.236870566312748,-0.6026229124749184,0.23083499051918135,-0.0020813214763596324,-0.8297432933565567,-0.030765304963843006,1.1373060186469357,0.3865880403579936,-1.5359681331845165,-1.697434098833154,13,0.5090301895202782,0,16
RG3_L_000114,114,-0.029099449053866445,-1.1925314031676417,0.6308800429241845,-0.846821542506724,-0.38678982241038173,2.0750885401389327,-0.19292753629832982,0.0,1.40255433466711,-0.6657520460385278,-0.4217977735906751,-2.7343812496711473,-1.1849017967013198,-1.9524598323821356,-1.5393736290920372,0.3297361637306024,-1.223184390876188,-0.6167366847818262,-0.39097469975702664,1.2231102185551241,1.634494618412067,-0.3251647555730986,-0.9660378861171952,-0.8476893432760432,66,0.5088258632299031,0,17
RG3_L_000443,443,-0.029099449053866445,0.8385523411322893,-0.9404356989440489,-0.846821542506724,-1.8067254988278127,-1.9118180435387702,0.5883674005367534,0.0,-1.737321949505005,-0.6657520460385278,-1.9605785402082005,1.8602574670594052,0.9161276312580487,1.469744206723774,1.9481199261662692,-2.2343046466629275,0.23083499051918135,-0.0020813214763596324,0.9252418187908061,-1.2846408284828101,-1.8455979989552511,-0.3251647555730986,1.1712025786165987,1.2159728532126455,269,0.5081832948238497,0,18
RG3_L_000345,345,-0.029099449053866445,0.8385523411322893,-2.7362312346710054,-0.2987077097782125,1.0330781477474453,-0.31705541006768895,0.5883674005367534,0.0,-0.9522929891607599,-0.6657520460385278,-0.4217977735906751,0.547517855938155,0.49592815749914615,1.158639064223402,1.483119011634211,0.09662861106977294,0.7155574231572918,0.612574041829107,1.6564781769979775,0.9096174215327959,0.1430046794462067,-2.2570751756307703,-1.82093461553907,-1.454649221425926,211,0.507095511648695,0,19
RG3_L_000362,362,-0.029099449053866445,0.8385523411322893,0.4064002490654612,-0.2987077097782125,1.0330781477474453,-1.1144367268032296,1.3696623373718366,0.0,-1.737321949505005,0.6771090687267264,-0.4217977735906751,1.203937739304957,0.9161276312580487,0.8475220538225758,1.018118097102153,1.2620952399361232,-1.465545607195243,-1.5386259464987528,0.04774926271712467,-0.34425810198617113,0.1430046794462067,-2.5621165210433308,-1.5359681331845165,-1.2118666593868854,219,0.49711352821998467,0,20
RG3_L_000044,44,-0.029099449053866445,-1.1925314031676417,0.4064002490654612,0.24951068491762612,-0.38678982241038173,1.2777072234033922,-0.19292753629832982,0.0,1.40255433466711,0.6771090687267264,-0.4217977735906751,-1.4216416385498971,-0.5545865564805381,-1.019132536980565,-0.8418766918713266,-1.0688380177965773,-1.9502680398333534,-0.9239705831932862,-1.5609796515637282,4.357846859637714,0.1430046794462067,2.013457115003105,-0.8235546449399185,-0.9690817819796572,25,0.49688213333149917,0,21
RG3_L_000383,383,-0.029099449053866445,0.8385523411322893,-0.7159559050853255,0.24951068491762612,1.0330781477474453,-1.9118180435387702,-0.19292753629832982,0.0,-1.737321949505005,0.6771090687267264,-0.4217977735906751,1.8602574670594052,0.9161276312580487,2.0919663596249722,2.1806159488549217,-0.1364789415910565,-0.9808971328166136,-0.0020813214763596324,0.04774926271712467,-0.6577508990084993,-0.8512966597545222,-1.952037708980041,-1.108521127294472,-0.8476893432760432,231,0.49558681378155983,0,22
RG3_L_000551,551,-0.029099449053866445,0.8385523411322893,-1.3893952866614956,0.24951068491762612,-1.8067254988278127,-1.1144367268032296,1.3696623373718366,0.0,-1.737321949505005,2.0199701834919805,-1.9605785402082005,1.203937739304957,0.7060278943785975,1.7808493492241462,2.1806159488549217,0.09662861106977294,-1.223184390876188,-0.6167366847818262,0.778985620924296,-0.030765304963843006,-0.3541839203189247,-0.2234868929434656,1.3136858197938754,1.4587577306198736,330,0.49551983476709144,0,23
RG3_L_000459,459,-0.029099449053866445,0.8385523411322893,0.1819418627781529,0.24951068491762612,-0.38678982241038173,-1.1144367268032296,0.5883674005367534,0.0,-1.737321949505005,-0.6657520460385278,-0.4217977735906751,1.8602574670594052,1.336343134599379,0.5364169113222037,0.7856220744135003,2.194454316141644,-1.465545607195243,1.2271356218933003,-1.268467255830708,3.1039713361187475,-1.3484852595196537,-0.7318839636152918,0.886238813903831,1.0945827298772188,279,0.49541001115484584,0,24
RG3_L_000157,157,-0.029099449053866445,0.8385523411322893,1.0798396306416314,0.24951068491762612,1.0330781477474453,-0.31705541006768895,-0.19292753629832982,0.0,0.6176451529252976,-0.6657520460385278,1.1169829930268504,0.547517855938155,-0.1343870827216355,-0.7080273944801929,-0.8418766918713266,2.660669421463303,0.9579186394763469,2.1491186668515003,-1.268467255830708,-2.2251192195497946,0.1430046794462067,2.115134977632738,-0.1111411566953205,-0.36212190382977455,96,0.49410912456864503,0,25
RG3_L_000123,123,-0.029099449053866445,-1.1925314031676417,-0.4914975187980172,0.24951068491762612,-0.38678982241038173,2.0750885401389327,-0.19292753629832982,0.0,1.40255433466711,-0.6657520460385278,-0.4217977735906751,-2.0779613663043452,-1.1849017967013198,-1.6413546898817633,-1.3068776064033847,-0.8357304651357478,-2.1926292561524083,-0.0020813214763596324,0.3402616584501448,2.476985742074091,0.1430046794462067,-0.12180903031383264,-0.9660378861171952,-0.8476893432760432,74,0.49376989305944174,0,26
RG3_L_000424,424,-0.029099449053866445,0.8385523411322893,-0.04253793108057046,-0.2987077097782125,-0.38678982241038173,-1.1144367268032296,2.151255364606323,0.0,-0.9522929891607599,-2.0085875478583746,1.1169829930268504,1.203937739304957,0.9161276312580487,1.469744206723774,1.483119011634211,-0.6026229124749184,1.200279855795402,0.3052463601763737,1.9489905727309975,0.28272749205848513,-0.8512966597545222,-0.8335618262449248,0.7437555727265542,0.9731902911736049,255,0.4933117946197154,0,27
RG3_L_000504,504,-0.029099449053866445,0.8385523411322893,-1.1649154928027723,0.24951068491762612,-1.8067254988278127,-1.9118180435387702,1.3696623373718366,0.0,-1.737321949505005,2.0199701834919805,-0.4217977735906751,1.8602574670594052,1.1262433977199278,1.7808493492241462,1.9481199261662692,0.5628437163914318,-0.9808971328166136,0.3052463601763737,1.2177542145238263,-0.030765304963843006,1.1373060186469357,-0.3251647555730986,1.028719337439322,1.3373652919162595,304,0.4932635905598305,0,28
RG3_L_000051,51,-0.029099449053866445,-1.1925314031676417,1.0798396306416314,0.24951068491762612,-0.38678982241038173,0.48032590666785163,0.5883674005367534,0.0,0.6176451529252976,2.0199701834919805,2.655763759644376,-0.10880187181629318,-0.7646862933599895,-1.3302495473813911,-2.0043745436240954,-2.001197094002098,-1.465545607195243,-1.8459536281514861,-0.975954860097688,-0.34425810198617113,-0.8512966597545222,0.5899437656172595,-0.8235546449399185,-0.8476893432760432,32,0.49286641146083127,0,29
RG3_L_000164,164,-0.029099449053866445,-1.1925314031676417,-0.4914975187980172,-0.2987077097782125,1.0330781477474453,2.0750885401389327,-1.7558155003678992,0.0,1.40255433466711,0.6771090687267264,-0.4217977735906751,-1.4216416385498971,-0.7646862933599895,-1.9524598323821356,-1.7718785209354428,-0.36958649425188594,-1.9502680398333534,-0.6167366847818262,-0.5372308976235367,-0.030765304963843006,-0.8512966597545222,1.8101013897438392,-0.1111411566953205,-0.36212190382977455,102,0.49181383592412214,0,30
RG3_L_000124,124,-0.029099449053866445,-1.1925314031676417,-0.2670177249392938,-0.2987077097782125,-0.38678982241038173,1.2777072234033922,0.5883674005367534,0.0,1.40255433466711,-0.6657520460385278,-0.4217977735906751,-1.4216416385498971,-1.1849017967013198,-2.2635768427829617,-1.7718785209354428,-0.36958649425188594,0.23083499051918135,-1.8459536281514861,-0.39097469975702664,2.7904785390964193,0.1430046794462067,0.9966629736594528,-0.8235546449399185,-0.8476893432760432,75,0.49178933501549577,0,31
RG3_L_000000,0,-0.029099449053866445,-1.1925314031676417,1.9777373985051097,0.24951068491762612,1.0330781477474453,2.8676077756748666,-1.7558155003678992,0.0,2.187583295011355,0.6771090687267264,-0.4217977735906751,-2.0779613663043452,-1.1849017967013198,-1.3302495473813911,-1.3068776064033847,0.09662861106977294,-0.49617470017850324,-0.0020813214763596324,0.04774926271712467,0.28272749205848513,-0.3541839203189247,0.18323231509872764,-1.3934848920072398,-1.57604166012954,0,0.48909937824765326,0,32
RG3_L_000004,4,-0.029099449053866445,-1.1925314031676417,1.0798396306416314,0.24951068491762612,1.0330781477474453,2.0750885401389327,-1.7558155003678992,0.0,1.40255433466711,0.6771090687267264,1.1169829930268504,-1.4216416385498971,-0.1343870827216355,-0.7080273944801929,-1.3068776064033847,0.7958801346144643,1.6849283301740314,1.8417909851987668,0.04774926271712467,-0.030765304963843006,1.1373060186469357,0.18323231509872764,-1.3934848920072398,-1.57604166012954,3,0.48792314494652644,0,33
RG3_L_000581,581,-0.029099449053866445,0.8385523411322893,-0.9404356989440489,-1.3950399372025626,-1.8067254988278127,-0.31705541006768895,1.3696623373718366,0.0,-0.16738380741894748,-2.0085875478583746,-0.4217977735906751,-0.10880187181629318,-0.1343870827216355,0.22529990092137753,0.32062115988144224,-0.6026229124749184,-0.9808971328166136,-0.3094090031290929,0.632729423057786,1.8500958125997804,-0.3541839203189247,-0.2234868929434656,1.598652302148429,1.5801501693234876,349,0.4877704139014632,0,34
RG3_L_000028,28,-0.029099449053866445,-1.1925314031676417,2.202217192363833,0.24951068491762612,1.0330781477474453,0.48032590666785163,1.3696623373718366,0.0,0.6176451529252976,-0.6657520460385278,1.1169829930268504,-0.10880187181629318,0.2858284206196948,0.22529990092137753,-0.8418766918713266,-0.1364789415910565,-1.7079068235142982,0.612574041829107,1.2177542145238263,0.5962202890808133,-2.3427865987203824,-0.12180903031383264,-1.6784513743617933,-1.697434098833154,17,0.4873891171805434,0,35
RG3_L_000030,30,-0.029099449053866445,-1.1925314031676417,1.5287778107876628,0.24951068491762612,1.0330781477474453,1.2777072234033922,1.3696623373718366,0.0,0.6176451529252976,-0.6657520460385278,2.655763759644376,-1.4216416385498971,-0.1343870827216355,-0.3969103840793668,-1.5393736290920372,0.7958801346144643,-0.011452267540392873,-0.0020813214763596324,-1.122211057964198,-0.6577508990084993,1.634494618412067,0.18323231509872764,-1.6784513743617933,-1.697434098833154,19,0.48699416845542043,0,36
RG3_L_000471,471,-0.029099449053866445,-1.1925314031676417,0.4064002490654612,-0.846821542506724,-0.38678982241038173,0.48032590666785163,0.5883674005367534,0.0,0.6176451529252976,-0.6657520460385278,-0.4217977735906751,-1.4216416385498971,0.07572868374024348,0.5364169113222037,0.7856220744135003,-0.1364789415910565,-0.2538134838594481,-0.6167366847818262,0.3402616584501448,2.476985742074091,2.1316073578476646,-0.7318839636152918,1.1712025786165987,1.3373652919162595,287,0.4860753999209732,0,37
RG3_L_000115,115,-0.029099449053866445,-1.1925314031676417,-0.04253793108057046,-0.2987077097782125,-0.38678982241038173,1.2777072234033922,0.5883674005367534,0.0,1.40255433466711,0.6771090687267264,-0.4217977735906751,-1.4216416385498971,-1.395001533580771,-2.2635768427829617,-2.236870566312748,-0.36958649425188594,-0.2538134838594481,-0.3094090031290929,-0.8297432933565567,-0.6577508990084993,-0.8512966597545222,1.403382181701646,-1.108521127294472,-0.9690817819796572,67,0.48583752219434395,0,38
RG3_L_000448,448,-0.029099449053866445,0.8385523411322893,1.0798396306416314,-0.2987077097782125,-1.8067254988278127,-0.31705541006768895,1.3696623373718366,0.0,-0.16738380741894748,-2.0085875478583746,-0.4217977735906751,0.547517855938155,-0.1343870827216355,0.22529990092137753,0.32062115988144224,1.0289876872752937,0.47319620683823654,-1.5386259464987528,-1.122211057964198,0.28272749205848513,1.634494618412067,-1.6470002423293113,1.028719337439322,1.2159728532126455,271,0.4845436367231879,0,39
RG3_L_000025,25,-0.029099449053866445,-1.1925314031676417,2.6511553725098644,0.24951068491762612,1.0330781477474453,1.2777072234033922,0.5883674005367534,0.0,2.187583295011355,0.6771090687267264,-0.4217977735906751,-2.0779613663043452,-0.5545865564805381,-0.3969103840793668,-0.609380669182674,-1.3019455704574068,1.200279855795402,-0.9239705831932862,-0.39097469975702664,-0.030765304963843006,1.1373060186469357,0.18323231509872764,-1.6784513743617933,-1.697434098833154,14,0.4837800125659415,0,40
RG3_L_000329,329,-0.029099449053866445,0.8385523411322893,0.4064002490654612,0.24951068491762612,1.0330781477474453,0.48032590666785163,-0.974520563532816,0.0,0.6176451529252976,-0.6657520460385278,1.1169829930268504,0.547517855938155,-13.16076312423675,-0.3969103840793668,-0.8418766918713266,-0.8357304651357478,-0.011452267540392873,-0.0020813214763596324,-0.5372308976235367,1.2231102185551241,-1.3484852595196537,0.0815466949454333,0.31630584919472404,0.1234455356164941,205,0.4834610620405746,0,41
RG3_L_000015,15,-0.029099449053866445,-1.1925314031676417,2.202217192363833,-0.024546231446629645,1.0330781477474453,1.2777072234033922,-1.7558155003678992,0.0,1.40255433466711,-0.6657520460385278,1.1169829930268504,-0.7652217551830952,-0.3444868196010868,-1.019132536980565,-1.3068776064033847,-1.0688380177965773,-0.011452267540392873,0.3052463601763737,-1.8534474161713694,1.5366030155774522,-0.3541839203189247,-0.12180903031383264,-1.6784513743617933,-1.697434098833154,10,0.48318400745267276,0,42
RG3_L_000468,468,-0.029099449053866445,0.8385523411322893,-0.9404356989440489,0.24951068491762612,-0.38678982241038173,-1.1144367268032296,0.5883674005367534,0.0,-0.9522929891607599,-2.0085875478583746,-0.4217977735906751,0.547517855938155,1.1262433977199278,1.7808493492241462,1.7156150343228638,1.0289876872752937,2.6542992371907714,-0.3094090031290929,0.9252418187908061,0.9096174215327959,-1.3484852595196537,-0.6302061009856589,1.1712025786165987,1.2159728532126455,284,0.48248599680441756,0,43
RG3_L_000188,188,-0.029099449053866445,-1.1925314031676417,-2.0628132606662506,0.24951068491762612,1.0330781477474453,1.2777072234033922,-0.974520563532816,0.0,0.6176451529252976,-2.0085875478583746,1.1169829930268504,-0.7652217551830952,-0.3444868196010868,-0.08580524157899463,-0.14437975465061584,1.9613467634808144,-0.7385359164975585,1.5344633035460336,1.6564781769979775,0.5962202890808133,1.1373060186469357,0.8949851110298198,0.03134208448195622,-0.11933702642254647,118,0.48236109751257983,0,44
RG3_L_000546,546,-0.029099449053866445,0.8385523411322893,-1.3893952866614956,-1.3950399372025626,-1.8067254988278127,-0.31705541006768895,0.5883674005367534,0.0,-0.9522929891607599,0.6771090687267264,-0.4217977735906751,-0.10880187181629318,0.49592815749914615,-0.3969103840793668,-0.14437975465061584,-0.8357304651357478,3.1390216698288818,-0.6167366847818262,-1.122211057964198,0.5962202890808133,-1.3484852595196537,-0.2234868929434656,1.3136858197938754,1.3373652919162595,327,0.48218167128281825,0,45
RG3_L_000002,2,-0.029099449053866445,-1.1925314031676417,0.6308800429241845,-0.2987077097782125,1.0330781477474453,1.2777072234033922,-1.7558155003678992,0.0,1.40255433466711,0.6771090687267264,2.655763759644376,-0.7652217551830952,-0.5545865564805381,-0.7080273944801929,-1.5393736290920372,1.2620952399361232,-0.2538134838594481,-0.0020813214763596324,0.9252418187908061,0.28272749205848513,-1.3484852595196537,0.28491017772836064,-1.5359681331845165,-1.57604166012954,1,0.4820402277156384,0,46
RG3_L_000005,5,-0.029099449053866445,-1.1925314031676417,2.202217192363833,0.24951068491762612,1.0330781477474453,1.2777072234033922,-1.7558155003678992,0.0,1.40255433466711,0.6771090687267264,2.655763759644376,-0.7652217551830952,-0.3444868196010868,-1.3302495473813911,-2.236870566312748,-0.8357304651357478,-1.223184390876188,-0.3094090031290929,-0.6834870954900467,-0.9711480314604819,-0.3541839203189247,1.0983408362890856,-1.3934848920072398,-1.57604166012954,4,0.48174960913451165,0,47
RG3_L_000203,203,-0.029099449053866445,-1.1925314031676417,0.855359836782908,0.24951068491762612,1.0330781477474453,1.2777072234033922,-0.974520563532816,0.0,1.40255433466711,2.0199701834919805,-0.4217977735906751,-0.7652217551830952,-0.7646862933599895,-1.6413546898817633,-1.5393736290920372,0.09662861106977294,-1.223184390876188,0.3052463601763737,-1.9997036140378794,2.1635886096221086,0.6401932792113381,-0.4268503757263929,0.17382532565923292,0.002053096912880053,124,0.48150966710917376,1,48
RG3_L_000352,352,-0.029099449053866445,0.8385523411322893,-0.4914975187980172,0.24951068491762612,1.0330781477474453,-1.1144367268032296,-0.19292753629832982,0.0,-0.9522929891607599,-0.6657520460385278,1.1169829930268504,0.547517855938155,1.1262433977199278,1.158639064223402,1.2506229889455585,-0.8357304651357478,0.9579186394763469,-1.5386259464987528,0.632729423057786,-0.9711480314604819,0.6401932792113381,-1.8503598463504078,-1.82093461553907,-1.454649221425926,215,0.48129854971041125,0,49
RG3_L_000388,388,-0.029099449053866445,0.8385523411322893,-0.2670177249392938,-0.846821542506724,-0.38678982241038173,-1.9118180435387702,-0.19292753629832982,0.0,-1.737321949505005,-0.6657520460385278,1.1169829930268504,1.203937739304957,1.1262433977199278,1.469744206723774,1.2506229889455585,-0.36958649425188594,0.7155574231572918,1.8417909851987668,0.19400546058363471,-1.2846408284828101,-0.8512966597545222,-1.8503598463504078,-0.8235546449399185,-0.6049067812370027,235,0.48095551631046235,0,50
RG3_L_000262,262,-0.029099449053866445,-1.1925314031676417,-0.2670177249392938,-0.2987077097782125,1.0330781477474453,1.2777072234033922,-1.7558155003678992,0.0,0.6176451529252976,0.6771090687267264,-1.9605785402082005,-0.7652217551830952,-0.1343870827216355,0.22529990092137753,0.5531171825700949,1.9613467634808144,-0.9808971328166136,-0.0020813214763596324,0.48651785631665484,-2.538516352001777,1.1373060186469357,0.8949851110298198,0.17382532565923292,0.002053096912880053,163,0.48088626639891535,0,51
RG3_L_000529,529,-0.029099449053866445,0.8385523411322893,-0.4914975187980172,-0.846821542506724,-1.8067254988278127,-1.1144367268032296,0.5883674005367534,0.0,-0.9522929891607599,-2.0085875478583746,1.1169829930268504,0.547517855938155,0.9161276312580487,1.158639064223402,0.7856220744135003,0.5628437163914318,0.9579186394763469,0.612574041829107,-0.975954860097688,1.8500958125997804,0.1430046794462067,-0.3251647555730986,1.4561690609711522,1.4587577306198736,318,0.48057231545294027,0,52
RG3_L_000012,12,-0.029099449053866445,-1.1925314031676417,1.7532576046463864,-0.2987077097782125,1.0330781477474453,1.2777072234033922,-1.7558155003678992,0.0,1.40255433466711,-0.6657520460385278,1.1169829930268504,-0.10880187181629318,0.07572868374024348,-0.3969103840793668,-0.8418766918713266,0.3297361637306024,1.6849283301740314,-0.0020813214763596324,0.632729423057786,-0.9711480314604819,-1.3484852595196537,-0.4268503757263929,-1.6784513743617933,-1.818826537536768,9,0.4799646517809574,0,53
RG3_L_000387,387,-0.029099449053866445,0.8385523411322893,0.6308800429241845,-0.2987077097782125,-0.38678982241038173,-1.1144367268032296,-0.19292753629832982,0.0,-0.9522929891607599,0.6771090687267264,1.1169829930268504,0.547517855938155,0.9161276312580487,1.158639064223402,0.5531171825700949,-1.3019455704574068,0.23083499051918135,-0.0020813214763596324,-1.122211057964198,1.8500958125997804,-1.8455979989552511,-1.8503598463504078,-1.108521127294472,-0.6049067812370027,234,0.47933522253444943,0,54
RG3_L_000435,435,-0.029099449053866445,0.8385523411322893,-1.3893952866614956,0.24951068491762612,-1.8067254988278127,-1.1144367268032296,0.5883674005367534,0.0,-0.9522929891607599,0.6771090687267264,1.1169829930268504,0.547517855938155,0.9161276312580487,1.7808493492241462,1.2506229889455585,-2.001197094002098,0.9579186394763469,-0.0020813214763596324,1.3639657812649575,-0.6577508990084993,-1.3484852595196537,-1.7486781049589442,0.7437555727265542,1.0945827298772188,264,0.47913823600379357,0,55
RG3_L_000308,308,-0.029099449053866445,-1.1925314031676417,-1.1649154928027723,-0.846821542506724,1.0330781477474453,1.2777072234033922,-0.974520563532816,0.0,1.40255433466711,0.6771090687267264,1.1169829930268504,-1.4216416385498971,-1.1849017967013198,-1.6413546898817633,-1.5393736290920372,0.3297361637306024,0.47319620683823654,-0.3094090031290929,-0.5372308976235367,0.5962202890808133,-1.8455979989552511,0.3865880403579936,0.4587890903720008,0.24483797432010815,194,0.4787410602972364,0,56
RG3_L_000522,522,-0.029099449053866445,0.8385523411322893,-1.6138536729488038,-0.846821542506724,-0.38678982241038173,-1.1144367268032296,0.5883674005367534,0.0,-1.737321949505005,0.6771090687267264,-0.4217977735906751,0.547517855938155,0.9161276312580487,2.0919663596249722,2.1806159488549217,-0.6026229124749184,-1.465545607195243,-0.6167366847818262,1.9489905727309975,-0.9711480314604819,0.1430046794462067,-0.4268503757263929,1.3136858197938754,1.4587577306198736,314,0.4784736412239497,0,57
RG3_L_000087,87,-0.029099449053866445,-1.1925314031676417,0.1819418627781529,-0.2987077097782125,-0.38678982241038173,1.2777072234033922,0.5883674005367534,0.0,0.6176451529252976,2.0199701834919805,1.1169829930268504,-0.10880187181629318,-0.7646862933599895,-1.3302495473813911,-1.3068776064033847,-1.3019455704574068,-1.7079068235142982,0.612574041829107,-0.975954860097688,-1.5981336255051382,0.6401932792113381,-0.7318839636152918,-0.9660378861171952,-0.9690817819796572,53,0.4784688301455595,0,58
RG3_L_000573,573,-0.029099449053866445,-1.1925314031676417,-1.3893952866614956,-0.846821542506724,-1.8067254988278127,0.48032590666785163,-0.19292753629832982,0.0,-0.16738380741894748,-0.6657520460385278,-0.4217977735906751,-0.7652217551830952,0.07572868374024348,-0.7080273944801929,-0.14437975465061584,0.3297361637306024,-0.2538134838594481,1.5344633035460336,-0.975954860097688,-0.030765304963843006,0.6401932792113381,-0.12180903031383264,1.4561690609711522,1.7015426080271017,344,0.47825979725519296,0,59
RG3_L_000357,357,-0.029099449053866445,-1.1925314031676417,-0.2670177249392938,0.24951068491762612,-0.38678982241038173,0.48032590666785163,0.5883674005367534,0.0,-0.16738380741894748,-0.6657520460385278,-0.4217977735906751,-0.7652217551830952,0.07572868374024348,-1.019132536980565,-0.3768757773392685,0.09662861106977294,-0.9808971328166136,-2.1532813098042194,-0.09850693514938538,-0.9711480314604819,-1.3484852595196537,-2.8671539876940604,-1.82093461553907,-1.454649221425926,217,0.4773334317088546,0,60
RG3_L_000564,564,-0.029099449053866445,0.8385523411322893,-0.2670177249392938,-1.3950399372025626,-1.8067254988278127,-0.31705541006768895,-0.19292753629832982,0.0,-0.16738380741894748,0.6771090687267264,-1.9605785402082005,-0.10880187181629318,-0.1343870827216355,-0.3969103840793668,0.32062115988144224,0.5628437163914318,-0.49617470017850324,-0.0020813214763596324,-1.268467255830708,0.28272749205848513,2.1316073578476646,-0.12180903031383264,1.3136858197938754,1.4587577306198736,338,0.476868538374847,0,61
RG3_L_000081,81,-0.029099449053866445,0.8385523411322893,-0.2670177249392938,0.24951068491762612,-0.38678982241038173,-0.31705541006768895,0.5883674005367534,0.0,-0.16738380741894748,-2.0085875478583746,1.1169829930268504,-0.10880187181629318,0.07572868374024348,-0.3969103840793668,-0.8418766918713266,1.0289876872752937,0.47319620683823654,2.4563525652629603,0.19400546058363471,0.28272749205848513,-2.3427865987203824,0.18323231509872764,-1.108521127294472,-0.8476893432760432,48,0.47666534273249317,0,62
RG3_L_000433,433,-0.029099449053866445,0.8385523411322893,-0.4914975187980172,0.24951068491762612,-1.8067254988278127,-1.1144367268032296,-0.19292753629832982,0.0,-0.16738380741894748,0.6771090687267264,1.1169829930268504,1.8602574670594052,1.1262433977199278,1.7808493492241462,1.483119011634211,1.728310345257782,-0.9808971328166136,0.3052463601763737,1.0714980166573163,-0.030765304963843006,0.6401932792113381,-1.7486781049589442,1.028719337439322,1.0945827298772188,262,0.4764006677119351,0,63
RG3_L_000440,440,-0.029099449053866445,0.8385523411322893,0.855359836782908,0.24951068491762612,-1.8067254988278127,-1.1144367268032296,1.3696623373718366,0.0,-0.9522929891607599,2.0199701834919805,-0.4217977735906751,1.203937739304957,0.49592815749914615,0.22529990092137753,0.32062115988144224,0.7958801346144643,-0.7385359164975585,-0.6167366847818262,-1.8534474161713694,1.5366030155774522,0.6401932792113381,-0.5285282383560259,1.028719337439322,1.0945827298772188,266,0.47611811945891347,0,64
RG3_L_000104,104,-0.029099449053866445,-1.1925314031676417,0.855359836782908,-0.2987077097782125,-0.38678982241038173,1.2777072234033922,1.3696623373718366,0.0,0.6176451529252976,2.0199701834919805,-1.9605785402082005,-0.7652217551830952,-0.5545865564805381,-0.7080273944801929,-0.14437975465061584,0.09662861106977294,-0.49617470017850324,1.5344633035460336,0.48651785631665484,1.2231102185551241,-0.3541839203189247,0.48826590298762657,-0.9660378861171952,-0.8476893432760432,61,0.47602537083436636,0,65
RG3_L_000521,521,-0.029099449053866445,0.8385523411322893,-0.04253793108057046,-0.846821542506724,-1.8067254988278127,-1.9118180435387702,0.5883674005367534,0.0,-1.737321949505005,-0.6657520460385278,-0.4217977735906751,1.203937739304957,0.9161276312580487,0.5364169113222037,0.32062115988144224,0.7958801346144643,0.23083499051918135,2.4563525652629603,1.5102219791314675,-0.34425810198617113,1.1373060186469357,-0.3251647555730986,1.3136858197938754,1.4587577306198736,313,0.4759738086305861,0,66
RG3_L_000449,449,-0.029099449053866445,0.8385523411322893,0.1819418627781529,-0.846821542506724,-1.8067254988278127,-0.31705541006768895,-0.19292753629832982,0.0,-0.9522929891607599,-0.6657520460385278,1.1169829930268504,0.547517855938155,0.49592815749914615,0.22529990092137753,-0.14437975465061584,0.7958801346144643,-1.7079068235142982,-0.6167366847818262,-1.9997036140378794,0.28272749205848513,0.6401932792113381,0.3865880403579936,1.028719337439322,1.0945827298772188,272,0.4757960000351463,0,67
RG3_L_000067,67,-0.029099449053866445,-1.1925314031676417,0.1819418627781529,-0.2987077097782125,-0.38678982241038173,1.2777072234033922,-0.19292753629832982,0.0,1.40255433466711,0.6771090687267264,2.655763759644376,-1.4216416385498971,-0.5545865564805381,-0.3969103840793668,-1.3068776064033847,-1.535053123118236,0.47319620683823654,-0.0020813214763596324,-0.24471850189051658,0.5962202890808133,-0.8512966597545222,-0.6302061009856589,-1.108521127294472,-0.9690817819796572,40,0.4757508613525602,0,68
RG3_L_000344,344,-0.029099449053866445,0.8385523411322893,-0.9404356989440489,0.24951068491762612,1.0330781477474453,-0.31705541006768895,-0.19292753629832982,0.0,-0.9522929891607599,0.6771090687267264,1.1169829930268504,0.547517855938155,0.9161276312580487,1.469744206723774,0.7856220744135003,-0.6026229124749184,-0.7385359164975585,0.3052463601763737,1.2177542145238263,-0.34425810198617113,-1.3484852595196537,-2.663794383672964,-1.82093461553907,-1.454649221425926,210,0.4757146146173017,0,69
RG3_L_000509,509,-0.029099449053866445,0.8385523411322893,0.1819418627781529,-1.3950399372025626,-1.8067254988278127,-1.1144367268032296,0.5883674005367534,0.0,-0.9522929891607599,0.6771090687267264,-0.4217977735906751,0.547517855938155,0.7060278943785975,0.5364169113222037,0.7856220744135003,1.0289876872752937,2.412011979131197,1.5344633035460336,-1.4147234536972182,0.5962202890808133,0.1430046794462067,0.28491017772836064,1.1712025786165987,1.2159728532126455,307,0.4756848471937657,0,70
RG3_L_000456,456,-0.029099449053866445,0.8385523411322893,-0.9404356989440489,0.24951068491762612,-0.38678982241038173,-0.31705541006768895,-0.19292753629832982,0.0,-0.16738380741894748,0.6771090687267264,1.1169829930268504,-0.10880187181629318,0.2858284206196948,0.22529990092137753,-0.14437975465061584,-0.8357304651357478,-1.223184390876188,-2.4605152082156794,-1.268467255830708,1.5366030155774522,2.628795957612796,-0.7318839636152918,0.886238813903831,1.0945827298772188,276,0.47498102187625985,0,71
RG3_L_000299,299,-0.029099449053866445,-1.1925314031676417,-0.04253793108057046,0.24951068491762612,1.0330781477474453,1.2777072234033922,-1.7558155003678992,0.0,1.40255433466711,2.0199701834919805,-0.4217977735906751,-1.4216416385498971,-0.7646862933599895,-1.6413546898817633,-1.3068776064033847,0.3297361637306024,0.9579186394763469,1.8417909851987668,-0.6834870954900467,0.9096174215327959,0.6401932792113381,1.7084235271142063,0.4587890903720008,0.24483797432010815,186,0.47474785953951865,0,72
RG3_L_000586,586,-0.029099449053866445,0.8385523411322893,1.0798396306416314,-0.846821542506724,-1.8067254988278127,-1.1144367268032296,1.3696623373718366,0.0,-0.9522929891607599,0.6771090687267264,-0.4217977735906751,1.203937739304957,0.7060278943785975,0.8475220538225758,0.7856220744135003,2.194454316141644,-1.223184390876188,1.5344633035460336,-0.39097469975702664,0.5962202890808133,-1.3484852595196537,-0.12180903031383264,1.598652302148429,1.7015426080271017,352,0.4744007655681476,0,73
RG3_L_000078,78,-0.029099449053866445,-1.1925314031676417,1.9777373985051097,-0.846821542506724,-0.38678982241038173,1.2777072234033922,1.3696623373718366,0.0,1.40255433466711,0.6771090687267264,1.1169829930268504,-0.7652217551830952,-0.3444868196010868,-1.3302495473813911,-1.3068776064033847,-1.535053123118236,0.47319620683823654,-1.2312982648460196,-0.975954860097688,0.28272749205848513,-0.8512966597545222,0.3865880403579936,-0.9660378861171952,-0.9690817819796572,45,0.4741372183005095,0,74
RG3_L_000098,98,-0.029099449053866445,-1.1925314031676417,2.426675578651141,-0.2987077097782125,-0.38678982241038173,0.48032590666785163,0.5883674005367534,0.0,0.6176451529252976,0.6771090687267264,-0.4217977735906751,-0.7652217551830952,-0.1343870827216355,-1.3302495473813911,-1.0743727145599793,0.09662861106977294,-0.011452267540392873,-0.9239705831932862,-1.7071912183048594,2.7904785390964193,0.6401932792113381,-1.036925309027852,-0.8235546449399185,-0.8476893432760432,57,0.47408164789243856,0,75
RG3_L_000371,371,-0.029099449053866445,0.8385523411322893,-0.4914975187980172,-0.846821542506724,-0.38678982241038173,-0.31705541006768895,0.5883674005367534,0.0,-0.16738380741894748,-2.0085875478583746,1.1169829930268504,-0.10880187181629318,0.7060278943785975,0.8475220538225758,0.5531171825700949,0.7958801346144643,-0.49617470017850324,-0.0020813214763596324,0.48651785631665484,1.5366030155774522,0.6401932792113381,-2.0537194503715046,-1.251001650829963,-0.8476893432760432,224,0.4738856572392647,0,76
RG3_L_000382,382,-0.029099449053866445,0.8385523411322893,-0.7159559050853255,0.24951068491762612,-0.38678982241038173,-1.1144367268032296,-0.19292753629832982,0.0,-0.9522929891607599,2.0199701834919805,1.1169829930268504,-0.10880187181629318,0.7060278943785975,1.7808493492241462,1.483119011634211,0.3297361637306024,0.7155574231572918,2.1491186668515003,-0.39097469975702664,0.5962202890808133,0.6401932792113381,-0.9352474463982191,-0.9660378861171952,-0.7262969045724291,230,0.4738828696014614,0,77
RG3_L_000245,245,-0.029099449053866445,-1.1925314031676417,-0.7159559050853255,0.24951068491762612,1.0330781477474453,1.2777072234033922,-1.7558155003678992,0.0,1.40255433466711,-2.0085875478583746,-0.4217977735906751,-2.0779613663043452,-0.9747860302394408,-1.3302495473813911,-1.0743727145599793,0.3297361637306024,-0.9808971328166136,1.8417909851987668,-0.5372308976235367,-0.030765304963843006,1.1373060186469357,0.8949851110298198,0.17382532565923292,-0.11933702642254647,149,0.47369385989315393,0,78
RG3_L_000568,568,-0.029099449053866445,0.8385523411322893,-0.7159559050853255,-1.3950399372025626,-1.8067254988278127,-1.1144367268032296,-0.19292753629832982,0.0,-1.737321949505005,-0.6657520460385278,-0.4217977735906751,1.203937739304957,0.7060278943785975,1.7808493492241462,1.7156150343228638,0.09662861106977294,0.47319620683823654,-0.0020813214763596324,1.2177542145238263,0.28272749205848513,1.634494618412067,-0.12180903031383264,1.4561690609711522,1.7015426080271017,341,0.47353063168811815,0,79
RG3_L_000426,426,-0.029099449053866445,-1.1925314031676417,-0.9404356989440489,0.24951068491762612,-1.8067254988278127,0.48032590666785163,0.5883674005367534,0.0,0.6176451529252976,-0.6657520460385278,-0.4217977735906751,-1.4216416385498971,-0.3444868196010868,0.5364169113222037,0.7856220744135003,0.7958801346144643,0.47319620683823654,2.1491186668515003,0.9252418187908061,0.28272749205848513,1.1373060186469357,-0.9352474463982191,0.886238813903831,0.9731902911736049,257,0.4731866441484423,0,80
RG3_L_000467,467,-0.029099449053866445,0.8385523411322893,-0.4914975187980172,0.24951068491762612,-0.38678982241038173,-1.9118180435387702,-0.19292753629832982,0.0,-1.737321949505005,-0.6657520460385278,-0.4217977735906751,1.203937739304957,1.336343134599379,1.469744206723774,1.7156150343228638,-1.535053123118236,1.4425671138549763,-1.2312982648460196,0.3402616584501448,-0.9711480314604819,-0.8512966597545222,-1.4436445170700454,1.3136858197938754,1.3373652919162595,283,0.47316480366626273,0,81
RG3_L_000003,3,-0.029099449053866445,-1.1925314031676417,2.202217192363833,0.24951068491762612,1.0330781477474453,1.2777072234033922,-1.7558155003678992,0.0,1.40255433466711,-0.6657520460385278,1.1169829930268504,-1.4216416385498971,-0.1343870827216355,-0.7080273944801929,-1.0743727145599793,-1.535053123118236,0.7155574231572918,-1.5386259464987528,0.9252418187908061,-0.6577508990084993,-0.8512966597545222,0.28491017772836064,-1.3934848920072398,-1.57604166012954,2,0.472613014966088,0,82
RG3_L_000356,356,-0.029099449053866445,-1.1925314031676417,-1.3893952866614956,0.24951068491762612,-0.38678982241038173,0.48032590666785163,0.5883674005367534,0.0,-0.16738380741894748,-0.6657520460385278,-0.4217977735906751,-1.4216416385498971,-0.1343870827216355,-0.08580524157899463,0.08812513719278957,-1.3019455704574068,-0.2538134838594481,0.612574041829107,0.9252418187908061,-0.6577508990084993,1.1373060186469357,-2.663794383672964,-1.6784513743617933,-1.3332567827223119,216,0.47200426662307127,0,83
RG3_L_000027,27,-0.029099449053866445,-1.1925314031676417,1.5287778107876628,0.24951068491762612,1.0330781477474453,0.48032590666785163,2.151255364606323,0.0,0.6176451529252976,0.6771090687267264,1.1169829930268504,-0.10880187181629318,0.07572868374024348,0.8475220538225758,0.08812513719278957,0.09662861106977294,0.7155574231572918,-0.3094090031290929,0.778985620924296,-1.2846408284828101,-1.3484852595196537,0.18323231509872764,-1.6784513743617933,-1.697434098833154,16,0.4715753162734497,0,84
RG3_L_000555,555,-0.029099449053866445,0.8385523411322893,-0.7159559050853255,-0.846821542506724,-1.8067254988278127,-1.1144367268032296,2.151255364606323,0.0,-0.9522929891607599,0.6771090687267264,-0.4217977735906751,1.203937739304957,0.49592815749914615,0.5364169113222037,0.7856220744135003,1.4952027925969524,0.7155574231572918,-0.0020813214763596324,-0.8297432933565567,-1.5981336255051382,0.6401932792113381,0.3865880403579936,1.4561690609711522,1.7015426080271017,334,0.471134424208724,0,85
RG3_L_000524,524,-0.029099449053866445,0.8385523411322893,-1.3893952866614956,0.24951068491762612,-1.8067254988278127,0.48032590666785163,1.3696623373718366,0.0,-0.16738380741894748,-0.6657520460385278,-0.4217977735906751,-0.10880187181629318,-0.1343870827216355,0.8475220538225758,1.018118097102153,-0.6026229124749184,-0.7385359164975585,2.4563525652629603,1.2177542145238263,1.2231102185551241,0.6401932792113381,-0.3251647555730986,1.3136858197938754,1.3373652919162595,315,0.4709685219890458,0,86
RG3_L_000485,485,-0.029099449053866445,0.8385523411322893,-0.7159559050853255,0.24951068491762612,-1.8067254988278127,-1.9118180435387702,0.5883674005367534,0.0,-1.737321949505005,0.6771090687267264,-1.9605785402082005,1.8602574670594052,0.9161276312580487,0.5364169113222037,0.7856220744135003,-0.36958649425188594,-1.465545607195243,0.3052463601763737,1.2177542145238263,-0.34425810198617113,-0.8512966597545222,0.18323231509872764,1.028719337439322,1.0945827298772188,292,0.47043247175925107,0,87
RG3_L_000398,398,-0.029099449053866445,0.8385523411322893,0.1819418627781529,0.24951068491762612,-0.38678982241038173,-1.1144367268032296,0.5883674005367534,0.0,-1.737321949505005,0.6771090687267264,1.1169829930268504,1.8602574670594052,0.9161276312580487,1.7808493492241462,1.483119011634211,-0.6026229124749184,0.9579186394763469,-0.0020813214763596324,0.48651785631665484,2.1635886096221086,-0.8512966597545222,-1.5453223796996782,-0.8235546449399185,-0.4835143425333886,240,0.4687312648069576,0,88
RG3_L_000045,45,-0.029099449053866445,-1.1925314031676417,1.5287778107876628,0.24951068491762612,-0.38678982241038173,0.48032590666785163,0.5883674005367534,0.0,0.6176451529252976,-2.0085875478583746,1.1169829930268504,-0.10880187181629318,0.07572868374024348,-1.019132536980565,-1.0743727145599793,1.4952027925969524,-0.7385359164975585,1.5344633035460336,-0.5372308976235367,-2.538516352001777,0.6401932792113381,0.5899437656172595,-0.8235546449399185,-0.8476893432760432,26,0.46840618822666397,0,89
RG3_L_000407,407,-0.029099449053866445,0.8385523411322893,-0.04253793108057046,-0.846821542506724,-0.38678982241038173,-1.1144367268032296,1.3696623373718366,0.0,-1.737321949505005,-0.6657520460385278,-1.9605785402082005,1.8602574670594052,0.9161276312580487,1.158639064223402,1.483119011634211,-0.8357304651357478,0.47319620683823654,-0.0020813214763596324,0.19400546058363471,0.5962202890808133,-0.8512966597545222,-1.036925309027852,-0.6810714037626417,-0.36212190382977455,245,0.4683477181852737,0,90
RG3_L_000438,438,-0.029099449053866445,-1.1925314031676417,-1.3893952866614956,0.24951068491762612,-1.8067254988278127,-0.31705541006768895,1.3696623373718366,0.0,-0.16738380741894748,0.6771090687267264,-0.4217977735906751,-0.7652217551830952,0.07572868374024348,-0.08580524157899463,0.32062115988144224,-0.8357304651357478,0.47319620683823654,-1.5386259464987528,-0.6834870954900467,-1.2846408284828101,0.6401932792113381,0.0815466949454333,1.028719337439322,1.0945827298772188,265,0.46833921377183224,0,91
RG3_L_000556,556,-0.029099449053866445,0.8385523411322893,0.1819418627781529,-1.3950399372025626,-1.8067254988278127,-1.9118180435387702,0.5883674005367534,0.0,-1.737321949505005,0.6771090687267264,-0.4217977735906751,1.203937739304957,0.7060278943785975,0.8475220538225758,1.018118097102153,0.09662861106977294,-0.7385359164975585,0.612574041829107,-0.5372308976235367,0.5962202890808133,1.1373060186469357,-0.2234868929434656,1.4561690609711522,1.7015426080271017,335,0.4682540410626345,0,92
RG3_L_000548,548,-0.029099449053866445,0.8385523411322893,0.6308800429241845,-1.3950399372025626,-1.8067254988278127,-1.9118180435387702,0.5883674005367534,0.0,-0.9522929891607599,-0.6657520460385278,1.1169829930268504,1.203937739304957,0.7060278943785975,0.8475220538225758,0.7856220744135003,-0.6026229124749184,0.23083499051918135,-1.2312982648460196,-0.24471850189051658,-0.9711480314604819,0.6401932792113381,-0.3251647555730986,1.3136858197938754,1.4587577306198736,329,0.46752404091211236,0,93
RG3_L_000526,526,-0.029099449053866445,0.8385523411322893,-0.04253793108057046,-0.2987077097782125,-1.8067254988278127,-0.31705541006768895,0.5883674005367534,0.0,-0.9522929891607599,-0.6657520460385278,-1.9605785402082005,-0.7652217551830952,0.07572868374024348,-0.7080273944801929,-0.14437975465061584,0.3297361637306024,-1.465545607195243,-0.0020813214763596324,-0.8297432933565567,-0.9711480314604819,-0.8512966597545222,-0.2234868929434656,1.3136858197938754,1.4587577306198736,317,0.4673787603278613,0,94
RG3_L_000116,116,-0.029099449053866445,-1.1925314031676417,1.0798396306416314,-0.846821542506724,-0.38678982241038173,0.48032590666785163,0.5883674005367534,0.0,0.6176451529252976,-0.6657520460385278,1.1169829930268504,-0.10880187181629318,-0.7646862933599895,-1.9524598323821356,-2.0043745436240954,-0.6026229124749184,-0.49617470017850324,-0.3094090031290929,-1.4147234536972182,1.8500958125997804,0.1430046794462067,1.0983408362890856,-0.9660378861171952,-0.8476893432760432,68,0.46711966254962994,0,95
RG3_L_000584,584,-0.029099449053866445,0.8385523411322893,-1.3893952866614956,-0.846821542506724,-0.38678982241038173,-0.31705541006768895,0.5883674005367534,0.0,-0.16738380741894748,-0.6657520460385278,-0.4217977735906751,-0.10880187181629318,0.49592815749914615,-0.08580524157899463,0.08812513719278957,2.194454316141644,2.1696507628121418,-0.0020813214763596324,-0.975954860097688,-0.34425810198617113,1.1373060186469357,-0.020131167684199668,1.598652302148429,1.7015426080271017,351,0.46707442264004906,0,96
RG3_L_000540,540,-0.029099449053866445,0.8385523411322893,-0.4914975187980172,-1.3950399372025626,-0.38678982241038173,-1.1144367268032296,0.5883674005367534,0.0,-1.737321949505005,-0.6657520460385278,1.1169829930268504,1.203937739304957,0.7060278943785975,1.469744206723774,1.018118097102153,1.0289876872752937,-1.7079068235142982,-0.9239705831932862,0.48651785631665484,-0.6577508990084993,0.6401932792113381,-0.5285282383560259,1.3136858197938754,1.4587577306198736,323,0.4669881139793933,0,97
RG3_L_000450,450,-0.029099449053866445,0.8385523411322893,-0.7159559050853255,0.24951068491762612,-0.38678982241038173,-1.9118180435387702,0.5883674005367534,0.0,-1.737321949505005,0.6771090687267264,-0.4217977735906751,1.203937739304957,0.9161276312580487,1.158639064223402,1.018118097102153,-1.535053123118236,3.1390216698288818,-1.2312982648460196,0.48651785631665484,-0.34425810198617113,-0.8512966597545222,-1.036925309027852,0.886238813903831,1.0945827298772188,273,0.4665926498233115,0,98
RG3_L_000541,541,-0.029099449053866445,0.8385523411322893,-2.0628132606662506,-0.846821542506724,-0.38678982241038173,-1.1144367268032296,-0.19292753629832982,0.0,-0.9522929891607599,-0.6657520460385278,-0.4217977735906751,0.547517855938155,0.49592815749914615,1.7808493492241462,1.9481199261662692,-0.1364789415910565,-0.49617470017850324,1.2271356218933003,1.8027343748644875,-0.030765304963843006,-1.3484852595196537,-0.020131167684199668,1.3136858197938754,1.3373652919162595,324,0.46627676127682993,0,99
RG3_L_000516,516,-0.029099449053866445,0.8385523411322893,0.1819418627781529,0.24951068491762612,-1.8067254988278127,-0.31705541006768895,1.3696623373718366,0.0,-0.9522929891607599,-0.6657520460385278,1.1169829930268504,0.547517855938155,0.07572868374024348,0.5364169113222037,0.08812513719278957,-1.3019455704574068,1.200279855795402,-0.3094090031290929,-0.8297432933565567,-0.9711480314604819,1.634494618412067,-0.4268503757263929,1.1712025786165987,1.3373652919162595,309,0.4662185505494863,0,100
RG3_L_000561,561,-0.029099449053866445,0.8385523411322893,-1.1649154928027723,-0.846821542506724,-1.8067254988278127,-0.31705541006768895,0.5883674005367534,0.0,-0.9522929891607599,-0.6657520460385278,-0.4217977735906751,-0.7652217551830952,0.2858284206196948,1.158639064223402,1.2506229889455585,0.7958801346144643,0.9579186394763469,1.8417909851987668,1.0714980166573163,0.28272749205848513,1.1373060186469357,-0.12180903031383264,1.4561690609711522,1.7015426080271017,337,0.46612783387305573,0,101
RG3_L_000389,389,-0.029099449053866445,0.8385523411322893,0.1819418627781529,0.24951068491762612,-0.38678982241038173,-1.9118180435387702,0.5883674005367534,0.0,-1.737321949505005,0.6771090687267264,-0.4217977735906751,1.8602574670594052,1.1262433977199278,1.469744206723774,1.483119011634211,0.09662861106977294,-0.9808971328166136,1.8417909851987668,0.9252418187908061,-0.030765304963843006,0.1430046794462067,-1.952037708980041,-0.8235546449399185,-0.6049067812370027,236,0.4660337910855395,0,102
RG3_L_000255,255,-0.029099449053866445,-1.1925314031676417,-0.04253793108057046,0.24951068491762612,1.0330781477474453,0.48032590666785163,-0.974520563532816,0.0,0.6176451529252976,0.6771090687267264,-1.9605785402082005,-0.7652217551830952,-0.9747860302394408,-1.9524598323821356,-1.5393736290920372,2.4275618688024734,0.9579186394763469,1.2271356218933003,-0.6834870954900467,0.28272749205848513,0.1430046794462067,0.8949851110298198,0.31630584919472404,0.002053096912880053,157,0.46594639917319325,0,103
RG3_L_000351,351,-0.029099449053866445,0.8385523411322893,-0.2670177249392938,0.24951068491762612,1.0330781477474453,-1.1144367268032296,-0.19292753629832982,0.0,-0.9522929891607599,0.6771090687267264,1.1169829930268504,1.203937739304957,0.9161276312580487,0.8475220538225758,0.5531171825700949,0.09662861106977294,-0.7385359164975585,-1.8459536281514861,-0.5372308976235367,-0.9711480314604819,0.1430046794462067,-1.7486781049589442,-1.6784513743617933,-1.3332567827223119,214,0.46478785524247057,0,104
RG3_L_000326,326,-0.029099449053866445,-1.1925314031676417,-0.9404356989440489,0.24951068491762612,1.0330781477474453,1.2777072234033922,-0.974520563532816,0.0,1.40255433466711,2.0199701834919805,-0.4217977735906751,-2.0779613663043452,-1.1849017967013198,-1.6413546898817633,-1.5393736290920372,0.5628437163914318,1.9272895464930866,-0.3094090031290929,-0.5372308976235367,0.28272749205848513,1.1373060186469357,0.8949851110298198,0.4587890903720008,0.1234455356164941,203,0.46472853604110675,0,105
RG3_L_000525,525,-0.029099449053866445,-1.1925314031676417,-0.9404356989440489,0.24951068491762612,-1.8067254988278127,0.48032590666785163,0.5883674005367534,0.0,-0.16738380741894748,0.6771090687267264,-0.4217977735906751,-0.7652217551830952,-0.3444868196010868,-0.3969103840793668,0.08812513719278957,-0.1364789415910565,-0.2538134838594481,0.3052463601763737,0.19400546058363471,2.1635886096221086,-1.3484852595196537,-0.2234868929434656,1.3136858197938754,1.4587577306198736,316,0.46414803980669084,0,106
RG3_L_000442,442,-0.029099449053866445,0.8385523411322893,-1.6138536729488038,-1.3950399372025626,-1.8067254988278127,-1.1144367268032296,0.5883674005367534,0.0,-1.737321949505005,-0.6657520460385278,-0.4217977735906751,0.547517855938155,1.1262433977199278,1.158639064223402,1.2506229889455585,-1.0688380177965773,-1.223184390876188,-0.9239705831932862,0.3402616584501448,-0.9711480314604819,-0.3541839203189247,-1.7486781049589442,0.886238813903831,1.0945827298772188,268,0.46389287279950486,0,107
RG3_L_000068,68,-0.029099449053866445,-1.1925314031676417,-0.04253793108057046,0.24951068491762612,-0.38678982241038173,0.48032590666785163,-0.19292753629832982,0.0,0.6176451529252976,-2.0085875478583746,-0.4217977735906751,-0.7652217551830952,-0.7646862933599895,-1.3302495473813911,-1.0743727145599793,0.5628437163914318,-1.9502680398333534,0.919807940240567,-0.8297432933565567,1.2231102185551241,-0.8512966597545222,1.2000264564423802,-1.108521127294472,-0.9690817819796572,41,0.4636987182166119,1,108
RG3_L_000134,134,-0.029099449053866445,0.8385523411322893,2.202217192363833,-0.2987077097782125,-0.38678982241038173,-0.31705541006768895,-0.19292753629832982,0.0,-0.16738380741894748,2.0199701834919805,1.1169829930268504,0.547517855938155,-0.1343870827216355,-0.3969103840793668,-1.0743727145599793,0.09662861106977294,0.47319620683823654,0.3052463601763737,-1.8534474161713694,0.5962202890808133,-0.3541839203189247,-0.5285282383560259,-0.6810714037626417,-0.7262969045724291,81,0.4634873902728874,0,109
RG3_L_000501,501,-0.029099449053866445,0.8385523411322893,-0.7159559050853255,0.24951068491762612,-1.8067254988278127,-1.9118180435387702,-0.19292753629832982,0.0,0.6176451529252976,-0.6657520460385278,-0.4217977735906751,1.203937739304957,0.9161276312580487,0.8475220538225758,1.2506229889455585,-1.3019455704574068,-0.011452267540392873,-0.9239705831932862,-0.8297432933565567,-0.6577508990084993,-0.8512966597545222,0.5899437656172595,0.886238813903831,1.0945827298772188,302,0.46336176314694494,0,110
RG3_L_000247,247,-0.029099449053866445,0.8385523411322893,1.0798396306416314,-0.2987077097782125,1.0330781477474453,0.48032590666785163,-1.7558155003678992,0.0,-0.16738380741894748,2.0199701834919805,-0.4217977735906751,0.547517855938155,-0.1343870827216355,-1.3302495473813911,-1.3068776064033847,1.0289876872752937,0.47319620683823654,-0.9239705831932862,-1.268467255830708,-0.6577508990084993,-1.3484852595196537,0.9966629736594528,0.17382532565923292,-0.11933702642254647,151,0.4624743724558899,0,111
RG3_L_000230,230,-0.029099449053866445,0.8385523411322893,0.6308800429241845,-1.3950399372025626,1.0330781477474453,0.48032590666785163,-0.974520563532816,0.0,-0.16738380741894748,0.6771090687267264,1.1169829930268504,0.547517855938155,-0.3444868196010868,-1.3302495473813911,-1.5393736290920372,0.7958801346144643,-0.011452267540392873,-1.5386259464987528,-0.975954860097688,-0.34425810198617113,-0.8512966597545222,0.7933072484001868,0.31630584919472404,0.002053096912880053,138,0.4623025423132633,0,112
RG3_L_000358,358,-0.029099449053866445,-1.1925314031676417,-0.7159559050853255,0.24951068491762612,-0.38678982241038173,0.48032590666785163,1.3696623373718366,0.0,-0.16738380741894748,-0.6657520460385278,1.1169829930268504,-0.10880187181629318,0.07572868374024348,-0.7080273944801929,-0.609380669182674,-1.0688380177965773,1.200279855795402,-0.0020813214763596324,-0.8297432933565567,-0.6577508990084993,0.1430046794462067,-1.341958896916751,-1.82093461553907,-1.3332567827223119,218,0.4619239000782377,0,113
RG3_L_000160,160,-0.029099449053866445,0.8385523411322893,-1.6138536729488038,-0.2987077097782125,1.0330781477474453,-0.31705541006768895,-0.974520563532816,0.0,-0.16738380741894748,-2.0085875478583746,1.1169829930268504,0.547517855938155,0.2858284206196948,0.22529990092137753,0.08812513719278957,1.2620952399361232,-0.49617470017850324,1.2271356218933003,1.6564781769979775,-0.030765304963843006,0.6401932792113381,0.6916293857705539,-0.2536243978725972,-0.4835143425333886,99,0.46184051942641635,0,114
RG3_L_000155,155,-0.029099449053866445,-1.1925314031676417,1.7532576046463864,-0.2987077097782125,1.0330781477474453,1.2777072234033922,-0.974520563532816,0.0,1.40255433466711,0.6771090687267264,-1.9605785402082005,-1.4216416385498971,-0.5545865564805381,-1.019132536980565,-0.609380669182674,0.3297361637306024,-1.223184390876188,-0.0020813214763596324,-0.6834870954900467,0.5962202890808133,1.634494618412067,0.5899437656172595,-0.1111411566953205,-0.36212190382977455,94,0.46152509215924276,1,115
RG3_L_000425,425,-0.029099449053866445,0.8385523411322893,-0.4914975187980172,0.24951068491762612,-1.8067254988278127,-0.31705541006768895,0.5883674005367534,0.0,0.6176451529252976,-0.6657520460385278,-0.4217977735906751,1.203937739304957,0.49592815749914615,1.469744206723774,1.2506229889455585,-0.8357304651357478,-0.7385359164975585,0.612574041829107,1.6564781769979775,-0.030765304963843006,1.1373060186469357,-1.6470002423293113,0.886238813903831,0.9731902911736049,256,0.46140727597535935,0,116
RG3_L_000327,327,-0.029099449053866445,-1.1925314031676417,-0.2670177249392938,0.24951068491762612,1.0330781477474453,1.2777072234033922,-0.974520563532816,0.0,1.40255433466711,0.6771090687267264,-1.9605785402082005,-1.4216416385498971,-0.7646862933599895,-1.6413546898817633,-0.8418766918713266,1.0289876872752937,-0.011452267540392873,-0.9239705831932862,-1.122211057964198,-0.6577508990084993,-0.3541839203189247,-0.12180903031383264,0.31630584919472404,0.24483797432010815,204,0.4612974173007005,0,117
RG3_L_000571,571,-0.029099449053866445,0.8385523411322893,-1.3893952866614956,-0.846821542506724,-1.8067254988278127,-0.31705541006768895,1.3696623373718366,0.0,-0.16738380741894748,2.0199701834919805,-0.4217977735906751,0.547517855938155,-0.1343870827216355,0.5364169113222037,0.7856220744135003,0.5628437163914318,-0.9808971328166136,-0.0020813214763596324,0.9252418187908061,-0.030765304963843006,0.1430046794462067,-0.12180903031383264,1.4561690609711522,1.7015426080271017,343,0.4612671769706438,0,118
RG3_L_000530,530,-0.029099449053866445,0.8385523411322893,0.6308800429241845,-1.3950399372025626,-1.8067254988278127,-1.1144367268032296,0.5883674005367534,0.0,-1.737321949505005,-0.6657520460385278,-0.4217977735906751,0.547517855938155,1.1262433977199278,1.158639064223402,1.483119011634211,-0.36958649425188594,1.4425671138549763,-1.5386259464987528,0.778985620924296,-0.9711480314604819,-0.3541839203189247,-0.3251647555730986,1.3136858197938754,1.3373652919162595,319,0.46107786030332565,0,119
RG3_L_000147,147,-0.029099449053866445,-1.1925314031676417,-0.7159559050853255,0.24951068491762612,1.0330781477474453,1.2777072234033922,-0.974520563532816,0.0,0.6176451529252976,-2.0085875478583746,-0.4217977735906751,-0.7652217551830952,-0.7646862933599895,-1.9524598323821356,-1.5393736290920372,1.4952027925969524,0.47319620683823654,-0.0020813214763596324,-0.975954860097688,-0.34425810198617113,-1.3484852595196537,0.5899437656172595,-0.2536243978725972,-0.4835143425333886,89,0.4608001643554488,0,120
RG3_L_000580,580,-0.029099449053866445,0.8385523411322893,-1.3893952866614956,0.24951068491762612,-0.38678982241038173,0.48032590666785163,0.5883674005367534,0.0,-0.9522929891607599,2.0199701834919805,-0.4217977735906751,-0.7652217551830952,0.49592815749914615,0.8475220538225758,1.2506229889455585,0.7958801346144643,0.9579186394763469,1.5344633035460336,0.9252418187908061,0.5962202890808133,0.6401932792113381,-0.12180903031383264,1.598652302148429,1.5801501693234876,348,0.4606819280275245,0,121
RG3_L_000492,492,-0.029099449053866445,0.8385523411322893,-1.1649154928027723,0.24951068491762612,-0.38678982241038173,-1.1144367268032296,2.151255364606323,0.0,-0.9522929891607599,0.6771090687267264,-1.9605785402082005,1.203937739304957,0.49592815749914615,0.22529990092137753,0.7856220744135003,-0.36958649425188594,-1.223184390876188,-1.2312982648460196,-0.8297432933565567,-0.34425810198617113,-0.3541839203189247,-0.5285282383560259,1.028719337439322,1.2159728532126455,297,0.46016057475767785,0,122
RG3_L_000547,547,-0.029099449053866445,0.8385523411322893,0.1819418627781529,-0.846821542506724,-1.8067254988278127,-1.1144367268032296,1.3696623373718366,0.0,-0.9522929891607599,-0.6657520460385278,-1.9605785402082005,1.203937739304957,0.7060278943785975,-0.08580524157899463,0.5531171825700949,0.3297361637306024,0.7155574231572918,-0.0020813214763596324,-1.268467255830708,-0.030765304963843006,0.1430046794462067,-0.2234868929434656,1.3136858197938754,1.3373652919162595,328,0.46003312469336916,0,123
RG3_L_000378,378,-0.029099449053866445,0.8385523411322893,0.6308800429241845,0.24951068491762612,-0.38678982241038173,-1.9118180435387702,-0.19292753629832982,0.0,-1.737321949505005,0.6771090687267264,-0.4217977735906751,1.8602574670594052,1.1262433977199278,0.5364169113222037,0.5531171825700949,-1.0688380177965773,-0.2538134838594481,-0.0020813214763596324,-0.6834870954900467,-0.34425810198617113,0.6401932792113381,-1.7486781049589442,-1.251001650829963,-0.7262969045724291,228,0.45997460114524225,0,124
RG3_L_000373,373,-0.029099449053866445,0.8385523411322893,-0.9404356989440489,0.24951068491762612,-0.38678982241038173,-1.1144367268032296,2.151255364606323,0.0,-0.9522929891607599,-0.6657520460385278,-0.4217977735906751,1.203937739304957,0.7060278943785975,0.8475220538225758,0.5531171825700949,-0.1364789415910565,0.7155574231572918,-1.8459536281514861,0.48651785631665484,-0.34425810198617113,-1.3484852595196537,-0.8335618262449248,-1.3934848920072398,-0.9690817819796572,225,0.4599243693574021,0,125
RG3_L_000038,38,-0.029099449053866445,-1.1925314031676417,1.3042980169289395,0.24951068491762612,1.0330781477474453,0.48032590666785163,1.3696623373718366,0.0,0.6176451529252976,-0.6657520460385278,1.1169829930268504,-0.10880187181629318,0.2858284206196948,0.22529990092137753,-0.14437975465061584,0.09662861106977294,0.7155574231572918,-1.2312982648460196,1.8027343748644875,-0.9711480314604819,0.6401932792113381,0.18323231509872764,-1.6784513743617933,-1.697434098833154,23,0.4598964964027104,0,126
RG3_L_000238,238,-0.029099449053866445,0.8385523411322893,1.5287778107876628,0.24951068491762612,1.0330781477474453,-0.31705541006768895,-0.974520563532816,0.0,-0.16738380741894748,-0.6657520460385278,-0.4217977735906751,0.547517855938155,-0.1343870827216355,-1.3302495473813911,-1.0743727145599793,-0.1364789415910565,-0.011452267540392873,1.8417909851987668,-1.9997036140378794,0.5962202890808133,-0.8512966597545222,0.8949851110298198,0.31630584919472404,0.002053096912880053,143,0.45964217046880496,0,127
RG3_L_000469,469,-0.029099449053866445,0.8385523411322893,-1.6138536729488038,0.24951068491762612,-0.38678982241038173,-1.1144367268032296,1.3696623373718366,0.0,-0.9522929891607599,0.6771090687267264,-1.9605785402082005,1.203937739304957,0.9161276312580487,1.469744206723774,1.7156150343228638,-0.36958649425188594,-0.2538134838594481,-0.3094090031290929,1.3639657812649575,-1.2846408284828101,0.1430046794462067,0.28491017772836064,1.3136858197938754,1.3373652919162595,285,0.4596404819400562,0,128
RG3_L_000202,202,-0.029099449053866445,-1.1925314031676417,0.6308800429241845,0.24951068491762612,1.0330781477474453,1.2777072234033922,-0.974520563532816,0.0,0.6176451529252976,0.6771090687267264,-0.4217977735906751,-0.7652217551830952,-0.9747860302394408,-2.574681985283334,-2.236870566312748,0.3297361637306024,-0.7385359164975585,-0.0020813214763596324,-0.975954860097688,-1.5981336255051382,-0.8512966597545222,1.301704319072013,0.17382532565923292,-0.11933702642254647,123,0.4591734498854261,0,129
RG3_L_000097,97,-0.029099449053866445,-1.1925314031676417,0.6308800429241845,0.24951068491762612,-0.38678982241038173,1.2777072234033922,-0.19292753629832982,0.0,1.40255433466711,-0.6657520460385278,-0.4217977735906751,-1.4216416385498971,-0.7646862933599895,-1.6413546898817633,-1.5393736290920372,-0.36958649425188594,-0.9808971328166136,-0.9239705831932862,-1.9997036140378794,-0.9711480314604819,1.1373060186469357,0.48826590298762657,-0.8235546449399185,-0.8476893432760432,56,0.45856086721682926,0,130
RG3_L_000086,86,-0.029099449053866445,-1.1925314031676417,-0.7159559050853255,0.24951068491762612,-0.38678982241038173,0.48032590666785163,1.3696623373718366,0.0,1.40255433466711,-0.6657520460385278,1.1169829930268504,-0.7652217551830952,-0.9747860302394408,-1.3302495473813911,-1.5393736290920372,-1.0688380177965773,-1.465545607195243,-0.0020813214763596324,0.19400546058363471,-0.6577508990084993,0.1430046794462067,1.301704319072013,-0.8235546449399185,-0.8476893432760432,52,0.4582447316870079,0,131
RG3_L_000405,405,-0.029099449053866445,0.8385523411322893,-0.7159559050853255,-0.2987077097782125,-0.38678982241038173,-1.1144367268032296,0.5883674005367534,0.0,-0.9522929891607599,-0.6657520460385278,2.655763759644376,1.203937739304957,0.7060278943785975,0.5364169113222037,0.08812513719278957,0.7958801346144643,-0.49617470017850324,1.2271356218933003,-0.8297432933565567,-0.030765304963843006,0.6401932792113381,-1.6470002423293113,-0.8235546449399185,-0.6049067812370027,244,0.45791592910690976,1,132
RG3_L_000156,156,-0.029099449053866445,-1.1925314031676417,-0.2670177249392938,-0.846821542506724,1.0330781477474453,0.48032590666785163,-1.7558155003678992,0.0,0.6176451529252976,0.6771090687267264,1.1169829930268504,-0.10880187181629318,-0.1343870827216355,-1.3302495473813911,-2.0043745436240954,-0.36958649425188594,0.47319620683823654,-0.6167366847818262,-1.4147234536972182,1.2231102185551241,0.1430046794462067,-0.7318839636152918,-0.1111411566953205,-0.36212190382977455,95,0.45783677960174174,0,133
RG3_L_000117,117,-0.029099449053866445,-1.1925314031676417,1.3042980169289395,0.24951068491762612,-0.38678982241038173,0.48032590666785163,-0.19292753629832982,0.0,0.6176451529252976,-0.6657520460385278,-0.4217977735906751,-0.10880187181629318,-0.5545865564805381,-1.019132536980565,-1.0743727145599793,-1.0688380177965773,1.200279855795402,0.3052463601763737,-1.7071912183048594,-2.2251192195497946,-0.3541839203189247,-0.6302061009856589,-0.9660378861171952,-0.9690817819796572,69,0.45744039624618005,0,134
RG3_L_000142,142,-0.029099449053866445,-1.1925314031676417,0.1819418627781529,-0.846821542506724,-0.38678982241038173,0.48032590666785163,0.5883674005367534,0.0,0.6176451529252976,-0.6657520460385278,-0.4217977735906751,-0.10880187181629318,-0.5545865564805381,-1.019132536980565,-0.8418766918713266,-1.535053123118236,0.47319620683823654,-0.0020813214763596324,-1.122211057964198,2.1635886096221086,-1.8455979989552511,0.28491017772836064,-0.6810714037626417,-0.6049067812370027,86,0.4567930031330523,0,135
RG3_L_000041,41,-0.029099449053866445,-1.1925314031676417,1.3042980169289395,0.24951068491762612,-0.38678982241038173,1.2777072234033922,0.5883674005367534,0.0,1.40255433466711,-0.6657520460385278,-0.4217977735906751,-1.4216416385498971,-0.9747860302394408,-1.3302495473813911,-0.609380669182674,0.09662861106977294,0.7155574231572918,-0.3094090031290929,-0.09850693514938538,2.7904785390964193,0.1430046794462067,-0.7318839636152918,-0.9660378861171952,-0.9690817819796572,24,0.45677273389076506,0,136
RG3_L_000414,414,-0.029099449053866445,0.8385523411322893,-0.2670177249392938,0.24951068491762612,-0.38678982241038173,-1.9118180435387702,-0.19292753629832982,0.0,-1.737321949505005,0.6771090687267264,1.1169829930268504,1.8602574670594052,0.9161276312580487,1.158639064223402,0.7856220744135003,1.4952027925969524,-0.2538134838594481,-0.6167366847818262,-0.09850693514938538,-0.9711480314604819,1.1373060186469357,-1.036925309027852,-0.538588162585365,-0.36212190382977455,249,0.4566547129935482,0,137
RG3_L_000227,227,-0.029099449053866445,-1.1925314031676417,0.6308800429241845,0.24951068491762612,1.0330781477474453,2.0750885401389327,-0.974520563532816,0.0,1.40255433466711,0.6771090687267264,1.1169829930268504,-1.4216416385498971,-0.9747860302394408,-1.019132536980565,-1.0743727145599793,1.2620952399361232,0.9579186394763469,1.2271356218933003,0.19400546058363471,0.28272749205848513,-1.3484852595196537,0.9966629736594528,0.17382532565923292,-0.11933702642254647,137,0.45648589482113483,0,138
RG3_L_000452,452,-0.029099449053866445,0.8385523411322893,-0.4914975187980172,-0.2987077097782125,-0.38678982241038173,-1.9118180435387702,1.3696623373718366,0.0,-1.737321949505005,-0.6657520460385278,1.1169829930268504,1.8602574670594052,0.9161276312580487,1.7808493492241462,1.483119011634211,0.09662861106977294,0.7155574231572918,0.3052463601763737,0.9252418187908061,0.28272749205848513,-1.3484852595196537,-0.6302061009856589,0.886238813903831,1.0945827298772188,274,0.45623554256705445,0,139
RG3_L_000537,537,-0.029099449053866445,0.8385523411322893,-0.4914975187980172,0.24951068491762612,-0.38678982241038173,-0.31705541006768895,-0.19292753629832982,0.0,-0.9522929891607599,0.6771090687267264,-0.4217977735906751,-0.10880187181629318,0.07572868374024348,-0.7080273944801929,-0.14437975465061584,1.2620952399361232,0.23083499051918135,-0.3094090031290929,-1.8534474161713694,-1.9116264225274664,2.1316073578476646,-0.3251647555730986,1.3136858197938754,1.4587577306198736,321,0.45593074963272745,0,140
RG3_L_000575,575,-0.029099449053866445,0.8385523411322893,-0.7159559050853255,0.24951068491762612,-0.38678982241038173,-1.1144367268032296,0.5883674005367534,0.0,-1.737321949505005,0.6771090687267264,-0.4217977735906751,1.203937739304957,0.07572868374024348,-0.08580524157899463,0.08812513719278957,0.7958801346144643,2.1696507628121418,1.5344633035460336,-1.5609796515637282,0.28272749205848513,0.1430046794462067,-0.12180903031383264,1.4561690609711522,1.5801501693234876,345,0.4558587644058419,0,141
RG3_L_000250,250,-0.029099449053866445,0.8385523411322893,1.3042980169289395,0.24951068491762612,1.0330781477474453,-0.31705541006768895,-0.974520563532816,0.0,-0.16738380741894748,-2.0085875478583746,-0.4217977735906751,0.547517855938155,0.2858284206196948,0.5364169113222037,0.32062115988144224,-0.8357304651357478,-1.223184390876188,-0.0020813214763596324,0.9252418187908061,-0.6577508990084993,2.628795957612796,0.8949851110298198,0.31630584919472404,0.002053096912880053,153,0.45550382366692227,0,142
RG3_L_000376,376,-0.029099449053866445,0.8385523411322893,-0.04253793108057046,-0.846821542506724,-0.38678982241038173,-0.31705541006768895,-0.19292753629832982,0.0,-0.9522929891607599,-2.0085875478583746,-0.4217977735906751,0.547517855938155,0.49592815749914615,-0.08580524157899463,0.32062115988144224,1.728310345257782,0.23083499051918135,0.3052463601763737,-0.6834870954900467,-0.030765304963843006,0.1430046794462067,-1.4436445170700454,-1.251001650829963,-0.7262969045724291,227,0.4549231773334076,0,143
RG3_L_000311,311,-0.029099449053866445,0.8385523411322893,-0.7159559050853255,0.24951068491762612,1.0330781477474453,0.48032590666785163,-0.974520563532816,0.0,0.6176451529252976,-0.6657520460385278,-1.9605785402082005,-0.10880187181629318,0.2858284206196948,-0.7080273944801929,-0.3768757773392685,-1.535053123118236,0.9579186394763469,-0.0020813214763596324,0.48651785631665484,0.9096174215327959,-2.3427865987203824,0.48826590298762657,0.6012723315492775,0.1234455356164941,196,0.4548778325737664,0,144
RG3_L_000512,512,-0.029099449053866445,0.8385523411322893,-0.7159559050853255,0.24951068491762612,-0.38678982241038173,-1.9118180435387702,0.5883674005367534,0.0,-0.9522929891607599,2.0199701834919805,-1.9605785402082005,1.203937739304957,0.9161276312580487,1.158639064223402,1.483119011634211,1.0289876872752937,1.200279855795402,0.919807940240567,1.0714980166573163,-0.34425810198617113,-0.3541839203189247,-0.4268503757263929,1.028719337439322,1.2159728532126455,308,0.45434362164944,0,145
RG3_L_000235,235,-0.029099449053866445,-1.1925314031676417,0.855359836782908,-0.2987077097782125,1.0330781477474453,1.2777072234033922,-0.974520563532816,0.0,1.40255433466711,2.0199701834919805,-0.4217977735906751,-0.7652217551830952,-0.7646862933599895,-0.7080273944801929,-0.609380669182674,-1.7680895413412685,1.200279855795402,-1.5386259464987528,0.3402616584501448,-0.34425810198617113,-0.8512966597545222,0.9966629736594528,0.17382532565923292,0.002053096912880053,140,0.4543350829972735,0,146
RG3_L_000306,306,-0.029099449053866445,-1.1925314031676417,0.1819418627781529,0.24951068491762612,1.0330781477474453,0.48032590666785163,-0.974520563532816,0.0,1.40255433466711,-0.6657520460385278,-0.4217977735906751,-0.7652217551830952,-0.7646862933599895,0.22529990092137753,0.5531171825700949,-2.467412199323757,0.7155574231572918,-0.3094090031290929,1.0714980166573163,-0.030765304963843006,-0.3541839203189247,1.8101013897438392,0.6012723315492775,0.1234455356164941,192,0.45404582103464425,0,147
RG3_L_000163,163,-0.029099449053866445,-1.1925314031676417,-0.9404356989440489,0.24951068491762612,1.0330781477474453,1.2777072234033922,-1.7558155003678992,0.0,1.40255433466711,-0.6657520460385278,-0.4217977735906751,-2.0779613663043452,-0.7646862933599895,-0.7080273944801929,-0.3768757773392685,-1.0688380177965773,0.47319620683823654,-1.5386259464987528,0.48651785631665484,-0.6577508990084993,0.1430046794462067,1.606737906960912,-0.1111411566953205,-0.36212190382977455,101,0.45396749981456097,0,148
RG3_L_000569,569,-0.029099449053866445,0.8385523411322893,-0.4914975187980172,-0.846821542506724,-1.8067254988278127,-1.1144367268032296,0.5883674005367534,0.0,-0.9522929891607599,0.6771090687267264,-0.4217977735906751,0.547517855938155,0.9161276312580487,1.7808493492241462,1.483119011634211,0.7958801346144643,-0.7385359164975585,0.919807940240567,1.3639657812649575,0.5962202890808133,-1.3484852595196537,-0.12180903031383264,1.4561690609711522,1.7015426080271017,342,0.453554603725943,0,149
RG3_L_000122,122,-0.029099449053866445,-1.1925314031676417,0.4064002490654612,0.24951068491762612,-0.38678982241038173,1.2777072234033922,-0.19292753629832982,0.0,1.40255433466711,2.0199701834919805,1.1169829930268504,-1.4216416385498971,-0.9747860302394408,-0.3969103840793668,-0.609380669182674,0.7958801346144643,0.47319620683823654,-0.3094090031290929,1.3639657812649575,0.5962202890808133,-0.8512966597545222,0.28491017772836064,-0.8235546449399185,-0.8476893432760432,73,0.45345637053535875,1,150
RG3_L_000413,413,-0.029099449053866445,0.8385523411322893,0.1819418627781529,0.24951068491762612,-0.38678982241038173,-1.1144367268032296,1.3696623373718366,0.0,-1.737321949505005,0.6771090687267264,-0.4217977735906751,1.203937739304957,0.9161276312580487,-0.08580524157899463,0.08812513719278957,1.4952027925969524,-0.49617470017850324,-0.0020813214763596324,-0.8297432933565567,-0.34425810198617113,1.634494618412067,-1.6470002423293113,-0.6810714037626417,-0.2407294651261605,248,0.45345521192472465,0,151
RG3_L_000545,545,-0.029099449053866445,-1.1925314031676417,-0.4914975187980172,0.24951068491762612,-1.8067254988278127,0.48032590666785163,-0.19292753629832982,0.0,-0.16738380741894748,0.6771090687267264,-0.4217977735906751,-0.7652217551830952,0.07572868374024348,-0.08580524157899463,0.08812513719278957,1.2620952399361232,0.7155574231572918,1.8417909851987668,-0.8297432933565567,-0.030765304963843006,1.1373060186469357,-0.2234868929434656,1.3136858197938754,1.3373652919162595,326,0.453424539151454,0,152
RG3_L_000364,364,-0.029099449053866445,0.8385523411322893,-0.2670177249392938,-0.2987077097782125,-0.38678982241038173,-0.31705541006768895,-0.19292753629832982,0.0,-0.16738380741894748,-0.6657520460385278,1.1169829930268504,-0.10880187181629318,0.49592815749914615,1.469744206723774,1.018118097102153,-0.6026229124749184,-1.465545607195243,0.612574041829107,1.3639657812649575,-0.6577508990084993,-0.8512966597545222,-1.1386031716574851,-1.6784513743617933,-1.2118666593868854,220,0.4532693615353513,0,153
RG3_L_000565,565,-0.029099449053866445,0.8385523411322893,-1.1649154928027723,-0.846821542506724,-1.8067254988278127,-0.31705541006768895,0.5883674005367534,0.0,-0.9522929891607599,0.6771090687267264,-0.4217977735906751,-0.10880187181629318,0.7060278943785975,-0.08580524157899463,-0.14437975465061584,-1.7680895413412685,-0.011452267540392873,-0.3094090031290929,-1.268467255830708,-0.6577508990084993,-1.3484852595196537,-0.020131167684199668,1.4561690609711522,1.4587577306198736,339,0.45285086153088777,0,154
RG3_L_000026,26,-0.029099449053866445,-1.1925314031676417,1.3042980169289395,0.24951068491762612,1.0330781477474453,1.2777072234033922,1.3696623373718366,0.0,1.40255433466711,0.6771090687267264,1.1169829930268504,-0.7652217551830952,-0.5545865564805381,0.22529990092137753,-0.14437975465061584,-0.6026229124749184,-1.223184390876188,-0.0020813214763596324,0.04774926271712467,0.9096174215327959,-0.8512966597545222,0.18323231509872764,-1.6784513743617933,-1.697434098833154,15,0.45261703402802017,0,155
RG3_L_000494,494,-0.029099449053866445,0.8385523411322893,0.4064002490654612,0.24951068491762612,-0.38678982241038173,-1.1144367268032296,0.5883674005367534,0.0,-1.737321949505005,0.6771090687267264,-1.9605785402082005,0.547517855938155,1.1262433977199278,1.469744206723774,1.483119011634211,-0.6026229124749184,-1.223184390876188,-0.0020813214763596324,0.3402616584501448,-0.9711480314604819,1.1373060186469357,-0.5285282383560259,1.028719337439322,1.2159728532126455,299,0.4525664112099378,0,156
RG3_L_000175,175,-0.029099449053866445,0.8385523411322893,-0.2670177249392938,-0.2987077097782125,1.0330781477474453,0.48032590666785163,-1.7558155003678992,0.0,0.6176451529252976,0.6771090687267264,1.1169829930268504,-0.10880187181629318,-0.1343870827216355,-0.7080273944801929,-1.0743727145599793,1.2620952399361232,1.4425671138549763,1.2271356218933003,-1.268467255830708,-0.34425810198617113,1.1373060186469357,0.18323231509872764,0.03134208448195622,-0.2407294651261605,109,0.4524871543106042,0,157
RG3_L_000590,590,-0.029099449053866445,0.8385523411322893,-0.4914975187980172,-1.3950399372025626,-0.38678982241038173,-0.31705541006768895,1.3696623373718366,0.0,-0.9522929891607599,0.6771090687267264,-0.4217977735906751,0.547517855938155,0.2858284206196948,1.158639064223402,1.483119011634211,-1.535053123118236,1.4425671138549763,-0.6167366847818262,0.48651785631665484,-0.030765304963843006,-0.8512966597545222,-0.12180903031383264,1.4561690609711522,1.7015426080271017,353,0.4521123504638823,0,158
RG3_L_000505,505,-0.029099449053866445,0.8385523411322893,-1.3893952866614956,0.24951068491762612,-1.8067254988278127,-1.1144367268032296,0.5883674005367534,0.0,-1.737321949505005,0.6771090687267264,-0.4217977735906751,1.203937739304957,0.9161276312580487,1.7808493492241462,1.9481199261662692,-0.36958649425188594,0.47319620683823654,-0.0020813214763596324,0.9252418187908061,-0.6577508990084993,-0.3541839203189247,-1.1386031716574851,1.028719337439322,1.2159728532126455,305,0.45204593703355045,0,159
RG3_L_000159,159,-0.029099449053866445,0.8385523411322893,-0.7159559050853255,0.24951068491762612,1.0330781477474453,0.48032590666785163,-1.7558155003678992,0.0,0.6176451529252976,0.6771090687267264,1.1169829930268504,-0.7652217551830952,-0.1343870827216355,0.22529990092137753,-0.14437975465061584,0.09662861106977294,1.200279855795402,1.8417909851987668,0.9252418187908061,-1.9116264225274664,1.1373060186469357,0.48826590298762657,-0.2536243978725972,-0.4835143425333886,98,0.4516250257465729,0,160
RG3_L_000583,583,-0.029099449053866445,0.8385523411322893,-0.7159559050853255,-0.2987077097782125,-1.8067254988278127,-0.31705541006768895,0.5883674005367534,0.0,-0.16738380741894748,-0.6657520460385278,-0.4217977735906751,-0.10880187181629318,0.2858284206196948,-0.3969103840793668,-0.14437975465061584,-1.3019455704574068,-1.223184390876188,-0.3094090031290929,-0.8297432933565567,-1.2846408284828101,1.1373060186469357,-0.12180903031383264,1.598652302148429,1.5801501693234876,350,0.451570054532651,0,161
RG3_L_000275,275,-0.029099449053866445,-1.1925314031676417,0.6308800429241845,0.24951068491762612,1.0330781477474453,0.48032590666785163,-0.974520563532816,0.0,0.6176451529252976,-0.6657520460385278,-0.4217977735906751,-0.7652217551830952,0.07572868374024348,-0.7080273944801929,-0.609380669182674,-2.467412199323757,0.9579186394763469,-2.1532813098042194,-0.8297432933565567,1.5366030155774522,-0.3541839203189247,0.18323231509872764,0.4587890903720008,0.24483797432010815,170,0.4514906615995786,1,162
RG3_L_000056,56,-0.029099449053866445,-1.1925314031676417,1.7532576046463864,0.24951068491762612,-0.38678982241038173,0.48032590666785163,1.3696623373718366,0.0,0.6176451529252976,0.6771090687267264,-0.4217977735906751,0.547517855938155,0.2858284206196948,0.5364169113222037,0.5531171825700949,0.5628437163914318,-0.49617470017850324,1.8417909851987668,1.0714980166573163,1.2231102185551241,0.6401932792113381,0.0815466949454333,-0.8235546449399185,-0.8476893432760432,34,0.45142607606877166,0,163
RG3_L_000386,386,-0.029099449053866445,0.8385523411322893,1.0798396306416314,-0.846821542506724,-0.38678982241038173,-1.1144367268032296,-0.19292753629832982,0.0,-0.9522929891607599,-0.6657520460385278,-0.4217977735906751,1.203937739304957,0.7060278943785975,0.8475220538225758,0.7856220744135003,-1.3019455704574068,-0.7385359164975585,-1.2312982648460196,-0.8297432933565567,-1.5981336255051382,0.1430046794462067,-1.240281034287118,-0.8235546449399185,-0.6049067812370027,233,0.45127272811451163,0,164
RG3_L_000500,500,-0.029099449053866445,0.8385523411322893,-0.9404356989440489,0.24951068491762612,-1.8067254988278127,-1.1144367268032296,2.151255364606323,0.0,-0.9522929891607599,-0.6657520460385278,-0.4217977735906751,1.203937739304957,0.2858284206196948,0.8475220538225758,0.7856220744135003,1.2620952399361232,0.7155574231572918,-0.9239705831932862,-0.975954860097688,-0.030765304963843006,-0.8512966597545222,-0.5285282383560259,1.028719337439322,1.2159728532126455,301,0.4505344436216543,0,165
RG3_L_000077,77,-0.029099449053866445,-1.1925314031676417,-0.04253793108057046,-0.2987077097782125,-0.38678982241038173,0.48032590666785163,0.5883674005367534,0.0,0.6176451529252976,0.6771090687267264,1.1169829930268504,-0.10880187181629318,-0.7646862933599895,-1.3302495473813911,-1.5393736290920372,-1.535053123118236,-0.9808971328166136,-1.8459536281514861,-0.09850693514938538,-0.9711480314604819,-1.3484852595196537,0.28491017772836064,-0.9660378861171952,-0.9690817819796572,44,0.450441790160871,0,166
RG3_L_000105,105,-0.029099449053866445,-1.1925314031676417,-0.7159559050853255,0.24951068491762612,-0.38678982241038173,0.48032590666785163,-0.19292753629832982,0.0,0.6176451529252976,0.6771090687267264,1.1169829930268504,-1.4216416385498971,-0.1343870827216355,-0.7080273944801929,-1.3068776064033847,0.09662861106977294,1.200279855795402,-0.0020813214763596324,-0.975954860097688,2.1635886096221086,1.1373060186469357,0.18323231509872764,-0.9660378861171952,-0.8476893432760432,62,0.4501121395494755,0,167
RG3_L_000400,400,-0.029099449053866445,0.8385523411322893,-0.7159559050853255,-0.846821542506724,-0.38678982241038173,-0.31705541006768895,-0.19292753629832982,0.0,-0.9522929891607599,0.6771090687267264,-0.4217977735906751,-0.10880187181629318,0.7060278943785975,1.158639064223402,1.018118097102153,1.9613467634808144,-1.7079068235142982,1.2271356218933003,0.48651785631665484,-0.030765304963843006,0.6401932792113381,-1.341958896916751,-0.8235546449399185,-0.6049067812370027,242,0.44950858198278076,0,168
RG3_L_000246,246,-0.029099449053866445,-1.1925314031676417,-0.2670177249392938,0.24951068491762612,1.0330781477474453,0.48032590666785163,-0.974520563532816,0.0,0.6176451529252976,-2.0085875478583746,-0.4217977735906751,-1.4216416385498971,-0.5545865564805381,-1.9524598323821356,-1.5393736290920372,-0.8357304651357478,0.7155574231572918,-0.3094090031290929,-0.975954860097688,-0.34425810198617113,0.6401932792113381,1.403382181701646,0.17382532565923292,-0.11933702642254647,150,0.4494549888068583,0,169
RG3_L_000427,427,-0.029099449053866445,-1.1925314031676417,-0.9404356989440489,0.24951068491762612,-0.38678982241038173,0.48032590666785163,0.5883674005367534,0.0,-0.16738380741894748,0.6771090687267264,-1.9605785402082005,-0.10880187181629318,-0.5545865564805381,-0.7080273944801929,-0.14437975465061584,0.3297361637306024,-1.465545607195243,1.2271356218933003,0.04774926271712467,-0.030765304963843006,-0.3541839203189247,-0.9352474463982191,0.7437555727265542,0.9731902911736049,258,0.4494322808224389,0,170
RG3_L_000470,470,-0.029099449053866445,0.8385523411322893,-1.1649154928027723,-0.2987077097782125,-0.38678982241038173,-0.31705541006768895,0.5883674005367534,0.0,-0.16738380741894748,0.6771090687267264,-0.4217977735906751,0.547517855938155,0.2858284206196948,1.469744206723774,1.483119011634211,-3.166663722868448,1.200279855795402,-0.0020813214763596324,0.9252418187908061,-0.6577508990084993,-0.3541839203189247,-0.5285282383560259,1.1712025786165987,1.3373652919162595,286,0.44909417553116376,0,171
RG3_L_000393,393,-0.029099449053866445,0.8385523411322893,-0.4914975187980172,-1.3950399372025626,-0.38678982241038173,-1.1144367268032296,0.5883674005367534,0.0,-0.9522929891607599,-0.6657520460385278,-0.4217977735906751,1.203937739304957,0.49592815749914615,0.8475220538225758,1.018118097102153,-1.0688380177965773,-0.2538134838594481,-0.0020813214763596324,-0.6834870954900467,-0.34425810198617113,-0.3541839203189247,-2.7654722463025965,-0.8235546449399185,-0.6049067812370027,239,0.4489681229311123,0,172
RG3_L_000220,220,-0.029099449053866445,-1.1925314031676417,-0.7159559050853255,-0.2987077097782125,1.0330781477474453,0.48032590666785163,-0.974520563532816,0.0,1.40255433466711,-0.6657520460385278,-0.4217977735906751,-1.4216416385498971,-0.5545865564805381,-1.019132536980565,-0.609380669182674,0.5628437163914318,0.7155574231572918,2.4563525652629603,-1.268467255830708,-0.34425810198617113,1.1373060186469357,0.8949851110298198,0.31630584919472404,0.002053096912880053,135,0.4487318924605622,0,173
RG3_L_000391,391,-0.029099449053866445,0.8385523411322893,-0.7159559050853255,0.24951068491762612,-0.38678982241038173,-1.1144367268032296,-0.19292753629832982,0.0,-0.9522929891607599,0.6771090687267264,-0.4217977735906751,0.547517855938155,0.7060278943785975,1.469744206723774,1.2506229889455585,-1.0688380177965773,-1.7079068235142982,-0.0020813214763596324,0.3402616584501448,-0.34425810198617113,1.1373060186469357,-2.3587569170222342,-0.8235546449399185,-0.6049067812370027,237,0.44846813260795354,0,174
RG3_L_000473,473,-0.029099449053866445,-1.1925314031676417,-1.1649154928027723,0.24951068491762612,-0.38678982241038173,0.48032590666785163,0.5883674005367534,0.0,-0.16738380741894748,0.6771090687267264,-0.4217977735906751,-0.7652217551830952,-0.1343870827216355,-0.3969103840793668,-0.14437975465061584,-1.3019455704574068,-0.2538134838594481,1.8417909851987668,-0.09850693514938538,-0.6577508990084993,0.6401932792113381,-0.5285282383560259,1.4561690609711522,1.4587577306198736,288,0.4482837309852409,0,175
RG3_L_000488,488,-0.029099449053866445,0.8385523411322893,-0.4914975187980172,0.24951068491762612,-0.38678982241038173,0.48032590666785163,2.151255364606323,0.0,-0.16738380741894748,0.6771090687267264,1.1169829930268504,0.547517855938155,0.07572868374024348,0.5364169113222037,0.5531171825700949,0.09662861106977294,-1.223184390876188,0.919807940240567,0.9252418187908061,0.28272749205848513,0.6401932792113381,-1.1386031716574851,1.028719337439322,1.2159728532126455,294,0.4480939911542424,0,176
RG3_L_000333,333,-0.029099449053866445,-1.1925314031676417,1.0798396306416314,0.24951068491762612,1.0330781477474453,1.2777072234033922,-0.974520563532816,0.0,1.40255433466711,-0.6657520460385278,-0.4217977735906751,-0.7652217551830952,-0.5545865564805381,-0.08580524157899463,-0.14437975465061584,0.09662861106977294,-0.7385359164975585,0.612574041829107,1.6564781769979775,0.28272749205848513,2.1316073578476646,0.9966629736594528,0.31630584919472404,0.002053096912880053,207,0.4479980003745499,0,177
RG3_L_000079,79,-0.029099449053866445,-1.1925314031676417,1.7532576046463864,0.24951068491762612,-0.38678982241038173,0.48032590666785163,-0.19292753629832982,0.0,0.6176451529252976,-0.6657520460385278,1.1169829930268504,-0.10880187181629318,-0.1343870827216355,-1.019132536980565,-1.3068776064033847,0.7958801346144643,-0.9808971328166136,-0.3094090031290929,-1.7071912183048594,2.7904785390964193,0.1430046794462067,0.0815466949454333,-1.108521127294472,-0.9690817819796572,46,0.4479241596803815,0,178
RG3_L_000193,193,-0.029099449053866445,-1.1925314031676417,1.0798396306416314,0.24951068491762612,1.0330781477474453,0.48032590666785163,-0.974520563532816,0.0,0.6176451529252976,0.6771090687267264,-0.4217977735906751,-0.10880187181629318,-0.5545865564805381,-1.9524598323821356,-1.7718785209354428,1.0289876872752937,-0.7385359164975585,0.3052463601763737,-2.2922160097708995,0.9096174215327959,1.1373060186469357,0.8949851110298198,0.03134208448195622,-0.11933702642254647,120,0.44784953696439056,0,179
RG3_L_000535,535,-0.029099449053866445,0.8385523411322893,-0.9404356989440489,-0.846821542506724,-1.8067254988278127,0.48032590666785163,0.5883674005367534,0.0,-0.16738380741894748,-0.6657520460385278,-0.4217977735906751,-0.10880187181629318,-0.3444868196010868,-0.3969103840793668,0.32062115988144224,-1.3019455704574068,1.4425671138549763,-0.0020813214763596324,0.04774926271712467,-0.6577508990084993,1.1373060186469357,-0.3251647555730986,1.3136858197938754,1.3373652919162595,320,0.4478438890065768,0,180
RG3_L_000215,215,-0.029099449053866445,0.8385523411322893,-0.04253793108057046,0.24951068491762612,1.0330781477474453,-0.31705541006768895,-0.974520563532816,0.0,-0.16738380741894748,-0.6657520460385278,2.655763759644376,0.547517855938155,-0.1343870827216355,0.22529990092137753,-0.3768757773392685,-1.7680895413412685,1.200279855795402,-1.2312982648460196,1.2177542145238263,-0.9711480314604819,0.6401932792113381,0.7933072484001868,0.17382532565923292,-0.11933702642254647,132,0.447605825412789,0,181
RG3_L_000434,434,-0.029099449053866445,0.8385523411322893,-2.511751440812282,-0.2987077097782125,-0.38678982241038173,-1.1144367268032296,0.5883674005367534,0.0,-0.9522929891607599,-0.6657520460385278,-0.4217977735906751,1.203937739304957,0.7060278943785975,1.469744206723774,1.7156150343228638,-0.36958649425188594,-0.49617470017850324,1.2271356218933003,1.2177542145238263,0.5962202890808133,-0.3541839203189247,-0.9352474463982191,0.886238813903831,1.2159728532126455,263,0.4475478304822081,0,182
RG3_L_000016,16,-0.029099449053866445,-1.1925314031676417,1.7532576046463864,0.24951068491762612,1.0330781477474453,2.0750885401389327,-0.19292753629832982,0.0,1.40255433466711,0.6771090687267264,-0.4217977735906751,-1.4216416385498971,-0.5545865564805381,-0.7080273944801929,-0.8418766918713266,0.3297361637306024,-0.9808971328166136,-0.3094090031290929,-0.975954860097688,-0.34425810198617113,0.1430046794462067,0.3865880403579936,-1.6784513743617933,-1.697434098833154,11,0.44732150936465925,0,183
RG3_L_000538,538,-0.029099449053866445,0.8385523411322893,-0.7159559050853255,-1.3950399372025626,-1.8067254988278127,-0.31705541006768895,0.5883674005367534,0.0,-0.9522929891607599,0.6771090687267264,-0.4217977735906751,-0.10880187181629318,0.49592815749914615,-0.08580524157899463,0.08812513719278957,1.728310345257782,0.23083499051918135,0.612574041829107,-1.4147234536972182,0.28272749205848513,0.6401932792113381,-0.2234868929434656,1.3136858197938754,1.4587577306198736,322,0.44640623985951344,0,184
RG3_L_000113,113,-0.029099449053866445,-1.1925314031676417,0.1819418627781529,-0.2987077097782125,-0.38678982241038173,1.2777072234033922,-0.19292753629832982,0.0,1.40255433466711,-0.6657520460385278,-0.4217977735906751,-1.4216416385498971,-1.1849017967013198,-1.019132536980565,-0.8418766918713266,-1.3019455704574068,-0.011452267540392873,1.2271356218933003,0.9252418187908061,0.28272749205848513,1.1373060186469357,0.3865880403579936,-0.9660378861171952,-0.8476893432760432,65,0.44635258461402827,0,185
RG3_L_000368,368,-0.029099449053866445,-1.1925314031676417,0.4064002490654612,0.24951068491762612,-0.38678982241038173,0.48032590666785163,-0.19292753629832982,0.0,-0.16738380741894748,-0.6657520460385278,-0.4217977735906751,-0.10880187181629318,0.2858284206196948,-0.08580524157899463,-0.14437975465061584,1.0289876872752937,-1.223184390876188,-1.8459536281514861,-1.122211057964198,-0.34425810198617113,0.6401932792113381,-1.8503598463504078,-1.5359681331845165,-1.0904742206832714,223,0.4463027337817498,0,186
RG3_L_000495,495,-0.029099449053866445,0.8385523411322893,-1.6138536729488038,0.24951068491762612,-0.38678982241038173,-1.1144367268032296,-0.19292753629832982,0.0,-0.9522929891607599,-0.6657520460385278,-0.4217977735906751,1.203937739304957,0.9161276312580487,1.7808493492241462,1.483119011634211,-1.535053123118236,1.200279855795402,-1.8459536281514861,0.48651785631665484,-0.6577508990084993,-1.3484852595196537,-0.2234868929434656,1.028719337439322,1.2159728532126455,300,0.44624180572066746,0,187
RG3_L_000365,365,-0.029099449053866445,0.8385523411322893,-0.2670177249392938,0.24951068491762612,-0.38678982241038173,-0.31705541006768895,-0.19292753629832982,0.0,-0.16738380741894748,0.6771090687267264,-0.4217977735906751,-0.10880187181629318,0.07572868374024348,0.5364169113222037,0.5531171825700949,-0.1364789415910565,0.9579186394763469,1.5344633035460336,0.3402616584501448,1.2231102185551241,-1.3484852595196537,-2.1553973130011377,-1.5359681331845165,-1.2118666593868854,221,0.4460311241948136,0,188
RG3_L_000148,148,-0.029099449053866445,-1.1925314031676417,1.0798396306416314,-0.2987077097782125,1.0330781477474453,0.48032590666785163,-0.19292753629832982,0.0,0.6176451529252976,-0.6657520460385278,-1.9605785402082005,-0.10880187181629318,-0.7646862933599895,-1.3302495473813911,-0.8418766918713266,1.4952027925969524,-0.49617470017850324,0.612574041829107,-1.122211057964198,-0.9711480314604819,0.1430046794462067,0.6916293857705539,-0.2536243978725972,-0.4835143425333886,90,0.44599449662193363,0,189
RG3_L_000019,19,-0.029099449053866445,-1.1925314031676417,0.1819418627781529,-0.024546231446629645,1.0330781477474453,1.2777072234033922,-1.7558155003678992,0.0,0.6176451529252976,0.6771090687267264,1.1169829930268504,-1.4216416385498971,-0.1343870827216355,0.22529990092137753,-0.3768757773392685,1.0289876872752937,-0.011452267540392873,-0.0020813214763596324,-0.24471850189051658,-0.030765304963843006,0.1430046794462067,0.3865880403579936,-1.6784513743617933,-1.57604166012954,12,0.44580736831986456,0,190
RG3_L_000107,107,-0.029099449053866445,0.8385523411322893,2.6511553725098644,-0.846821542506724,-0.38678982241038173,-0.31705541006768895,0.5883674005367534,0.0,-0.16738380741894748,-0.6657520460385278,-0.4217977735906751,1.203937739304957,0.07572868374024348,-0.3969103840793668,-0.3768757773392685,0.5628437163914318,0.23083499051918135,-0.3094090031290929,-1.268467255830708,-0.030765304963843006,-0.3541839203189247,-0.5285282383560259,-1.108521127294472,-0.9690817819796572,63,0.44576107833260387,0,191
RG3_L_000102,102,-0.029099449053866445,-1.1925314031676417,-0.4914975187980172,0.24951068491762612,-0.38678982241038173,0.48032590666785163,0.5883674005367534,0.0,0.6176451529252976,-0.6657520460385278,1.1169829930268504,-1.4216416385498971,-0.3444868196010868,0.5364169113222037,0.32062115988144224,1.4952027925969524,-1.465545607195243,-0.0020813214763596324,1.6564781769979775,-0.34425810198617113,0.1430046794462067,1.2000264564423802,-0.8235546449399185,-0.8476893432760432,60,0.4456306769868937,1,192
RG3_L_000300,300,-0.029099449053866445,-1.1925314031676417,-0.2670177249392938,0.24951068491762612,1.0330781477474453,0.48032590666785163,-0.974520563532816,0.0,0.6176451529252976,0.6771090687267264,-0.4217977735906751,-0.10880187181629318,-0.7646862933599895,-1.6413546898817633,-1.3068776064033847,1.9613467634808144,-0.7385359164975585,-0.0020813214763596324,-1.4147234536972182,-1.9116264225274664,0.6401932792113381,0.48826590298762657,0.4587890903720008,0.24483797432010815,187,0.44517932553977874,0,193
RG3_L_000138,138,-0.029099449053866445,0.8385523411322893,0.6308800429241845,0.24951068491762612,-0.38678982241038173,-0.31705541006768895,0.5883674005367534,0.0,-0.16738380741894748,-2.0085875478583746,-0.4217977735906751,1.203937739304957,0.2858284206196948,1.158639064223402,1.2506229889455585,-0.36958649425188594,-0.9808971328166136,-1.2312982648460196,1.2177542145238263,-0.34425810198617113,-0.8512966597545222,0.28491017772836064,-0.6810714037626417,-0.6049067812370027,83,0.44509321003191793,0,194
RG3_L_000463,463,-0.029099449053866445,-1.1925314031676417,-0.4914975187980172,0.24951068491762612,-0.38678982241038173,0.48032590666785163,-0.19292753629832982,0.0,-0.16738380741894748,-0.6657520460385278,-0.4217977735906751,-0.7652217551830952,0.2858284206196948,0.22529990092137753,0.08812513719278957,1.2620952399361232,-0.7385359164975585,2.1491186668515003,-0.24471850189051658,-1.2846408284828101,1.1373060186469357,-0.7318839636152918,1.028719337439322,1.2159728532126455,281,0.4448201230415791,0,195
RG3_L_000412,412,-0.029099449053866445,-1.1925314031676417,-0.4914975187980172,0.24951068491762612,-0.38678982241038173,0.48032590666785163,-0.19292753629832982,0.0,-0.16738380741894748,-0.6657520460385278,-1.9605785402082005,-0.7652217551830952,-0.1343870827216355,-0.7080273944801929,-0.14437975465061584,-0.8357304651357478,-1.465545607195243,-0.3094090031290929,-0.8297432933565567,-0.9711480314604819,0.1430046794462067,-1.5453223796996782,-0.6810714037626417,-0.36212190382977455,247,0.4447211536157433,0,196
RG3_L_000011,11,-0.029099449053866445,-1.1925314031676417,2.202217192363833,0.24951068491762612,1.0330781477474453,1.2777072234033922,-0.19292753629832982,0.0,1.40255433466711,0.6771090687267264,1.1169829930268504,-0.7652217551830952,-0.1343870827216355,-0.08580524157899463,-0.3768757773392685,0.3297361637306024,0.23083499051918135,0.3052463601763737,0.9252418187908061,0.5962202890808133,-0.8512966597545222,0.28491017772836064,-1.6784513743617933,-1.818826537536768,8,0.4443718900495737,0,197
RG3_L_000270,270,-0.029099449053866445,0.8385523411322893,-0.2670177249392938,0.24951068491762612,1.0330781477474453,0.48032590666785163,-1.7558155003678992,0.0,-0.16738380741894748,-0.6657520460385278,-0.4217977735906751,-0.10880187181629318,0.07572868374024348,1.158639064223402,1.018118097102153,-0.8357304651357478,-1.465545607195243,0.919807940240567,1.8027343748644875,-0.6577508990084993,-0.8512966597545222,0.8949851110298198,0.4587890903720008,0.002053096912880053,167,0.4443542619822932,0,198
RG3_L_000419,419,-0.029099449053866445,-1.1925314031676417,-0.9404356989440489,0.24951068491762612,-0.38678982241038173,0.48032590666785163,-0.19292753629832982,0.0,0.6176451529252976,-0.6657520460385278,-0.4217977735906751,-1.4216416385498971,-0.5545865564805381,-0.7080273944801929,-0.3768757773392685,0.5628437163914318,-1.223184390876188,0.3052463601763737,-0.5372308976235367,0.28272749205848513,2.1316073578476646,-0.3251647555730986,1.028719337439322,0.9731902911736049,252,0.4441886455294644,0,199
RG3_L_000543,543,-0.029099449053866445,0.8385523411322893,-0.4914975187980172,0.24951068491762612,-0.38678982241038173,-0.31705541006768895,1.3696623373718366,0.0,-0.9522929891607599,0.6771090687267264,-1.9605785402082005,0.547517855938155,0.2858284206196948,0.8475220538225758,1.2506229889455585,0.09662861106977294,1.200279855795402,0.3052463601763737,1.0714980166573163,-0.030765304963843006,-1.3484852595196537,0.6916293857705539,1.3136858197938754,1.4587577306198736,325,0.4440465210083289,0,200
RG3_L_000184,184,-0.029099449053866445,0.8385523411322893,0.6308800429241845,0.24951068491762612,1.0330781477474453,-0.31705541006768895,-0.974520563532816,0.0,-0.16738380741894748,0.6771090687267264,1.1169829930268504,-0.10880187181629318,0.07572868374024348,-0.7080273944801929,-1.0743727145599793,1.728310345257782,-1.7079068235142982,1.2271356218933003,-1.4147234536972182,-0.34425810198617113,0.6401932792113381,-0.2234868929434656,0.03134208448195622,-0.11933702642254647,115,0.4439255656373198,0,201
RG3_L_000518,518,-0.029099449053866445,0.8385523411322893,-0.04253793108057046,0.24951068491762612,-1.8067254988278127,-1.1144367268032296,-0.19292753629832982,0.0,-0.9522929891607599,2.0199701834919805,-0.4217977735906751,0.547517855938155,0.2858284206196948,0.5364169113222037,0.5531171825700949,0.3297361637306024,0.23083499051918135,0.919807940240567,-0.6834870954900467,0.9096174215327959,-0.3541839203189247,-0.4268503757263929,1.1712025786165987,1.3373652919162595,310,0.443768357219133,0,202
RG3_L_000483,483,-0.029099449053866445,0.8385523411322893,-0.4914975187980172,-0.846821542506724,-0.38678982241038173,-0.31705541006768895,0.5883674005367534,0.0,-0.9522929891607599,0.6771090687267264,1.1169829930268504,-0.10880187181629318,0.2858284206196948,0.22529990092137753,0.08812513719278957,-0.6026229124749184,-0.49617470017850324,-0.9239705831932862,-1.5609796515637282,1.2231102185551241,0.1430046794462067,-1.036925309027852,1.028719337439322,1.2159728532126455,291,0.4436900468204163,1,203
RG3_L_000063,63,-0.029099449053866445,0.8385523411322893,0.1819418627781529,0.24951068491762612,-0.38678982241038173,-0.31705541006768895,-0.19292753629832982,0.0,0.6176451529252976,-0.6657520460385278,1.1169829930268504,-0.10880187181629318,0.07572868374024348,-0.3969103840793668,-0.8418766918713266,0.5628437163914318,-1.9502680398333534,0.612574041829107,-0.09850693514938538,-2.538516352001777,-0.3541839203189247,0.3865880403579936,-1.108521127294472,-0.9690817819796572,37,0.44322599868348184,0,204
RG3_L_000177,177,-0.029099449053866445,0.8385523411322893,0.4064002490654612,-0.2987077097782125,1.0330781477474453,-1.1144367268032296,-0.974520563532816,0.0,-0.9522929891607599,0.6771090687267264,1.1169829930268504,1.203937739304957,0.2858284206196948,-0.08580524157899463,-0.3768757773392685,0.09662861106977294,-0.7385359164975585,0.919807940240567,0.48651785631665484,-0.34425810198617113,-2.3427865987203824,0.0815466949454333,0.03134208448195622,-0.11933702642254647,110,0.44231062694629797,0,205
RG3_L_000320,320,-0.029099449053866445,0.8385523411322893,-0.04253793108057046,-0.846821542506724,1.0330781477474453,-0.31705541006768895,-0.974520563532816,0.0,-0.16738380741894748,0.6771090687267264,-1.9605785402082005,0.547517855938155,0.07572868374024348,-0.3969103840793668,-0.14437975465061584,1.728310345257782,-0.9808971328166136,-0.6167366847818262,-1.122211057964198,-0.030765304963843006,0.1430046794462067,0.6916293857705539,0.31630584919472404,0.1234455356164941,200,0.44216618688794895,0,206
RG3_L_000349,349,-0.029099449053866445,0.8385523411322893,-0.4914975187980172,-0.2987077097782125,-0.38678982241038173,-0.31705541006768895,0.5883674005367534,0.0,-0.16738380741894748,-0.6657520460385278,-0.4217977735906751,-0.10880187181629318,0.2858284206196948,-0.7080273944801929,-0.8418766918713266,0.7958801346144643,-0.49617470017850324,-0.3094090031290929,-1.268467255830708,-0.030765304963843006,-0.3541839203189247,-1.240281034287118,-1.82093461553907,-1.3332567827223119,213,0.44208542708289494,0,207
RG3_L_000552,552,-0.029099449053866445,0.8385523411322893,-1.3893952866614956,-0.846821542506724,-1.8067254988278127,-1.1144367268032296,0.5883674005367534,0.0,-0.9522929891607599,-0.6657520460385278,-0.4217977735906751,0.547517855938155,0.7060278943785975,1.469744206723774,1.9481199261662692,-0.1364789415910565,0.7155574231572918,-0.0020813214763596324,0.3402616584501448,0.28272749205848513,0.6401932792113381,-0.3251647555730986,1.3136858197938754,1.4587577306198736,331,0.44194092426599474,0,208
RG3_L_000423,423,-0.029099449053866445,0.8385523411322893,-0.9404356989440489,0.24951068491762612,-1.8067254988278127,-1.1144367268032296,0.5883674005367534,0.0,-0.9522929891607599,0.6771090687267264,-0.4217977735906751,0.547517855938155,1.1262433977199278,0.8475220538225758,1.018118097102153,0.7958801346144643,1.6849283301740314,0.919807940240567,0.632729423057786,-0.9711480314604819,-0.8512966597545222,-0.9352474463982191,0.7437555727265542,0.9731902911736049,254,0.44170440417371554,0,209
RG3_L_000457,457,-0.029099449053866445,0.8385523411322893,-0.9404356989440489,0.24951068491762612,-0.38678982241038173,-0.31705541006768895,0.5883674005367534,0.0,-0.16738380741894748,-2.0085875478583746,-0.4217977735906751,-0.10880187181629318,0.7060278943785975,0.22529990092137753,0.32062115988144224,-0.36958649425188594,0.9579186394763469,-0.0020813214763596324,-1.8534474161713694,1.5366030155774522,-0.8512966597545222,-0.6302061009856589,0.886238813903831,1.0945827298772188,277,0.4416748404347094,0,210
RG3_L_000392,392,-0.029099449053866445,0.8385523411322893,-0.7159559050853255,0.24951068491762612,-0.38678982241038173,-1.1144367268032296,0.5883674005367534,0.0,-0.9522929891607599,-0.6657520460385278,1.1169829930268504,0.547517855938155,0.7060278943785975,1.158639064223402,0.7856220744135003,0.7958801346144643,0.7155574231572918,-0.0020813214763596324,-0.09850693514938538,0.28272749205848513,1.1373060186469357,-2.663794383672964,-0.8235546449399185,-0.4835143425333886,238,0.44094294532482786,0,211
RG3_L_000118,118,-0.029099449053866445,-1.1925314031676417,0.6308800429241845,0.24951068491762612,-0.38678982241038173,0.48032590666785163,-0.19292753629832982,0.0,0.6176451529252976,0.6771090687267264,2.655763759644376,-0.10880187181629318,-0.1343870827216355,-0.7080273944801929,-1.3068776064033847,-1.0688380177965773,-0.7385359164975585,-1.8459536281514861,-0.24471850189051658,-0.34425810198617113,0.1430046794462067,0.6916293857705539,-0.8235546449399185,-0.8476893432760432,70,0.4409427711562061,0,212
RG3_L_000296,296,-0.029099449053866445,0.8385523411322893,0.1819418627781529,-0.2987077097782125,1.0330781477474453,-0.31705541006768895,-0.19292753629832982,0.0,-0.16738380741894748,2.0199701834919805,-0.4217977735906751,0.547517855938155,0.07572868374024348,0.5364169113222037,0.32062115988144224,-1.0688380177965773,-0.2538134838594481,-1.5386259464987528,1.5102219791314675,-1.2846408284828101,-0.8512966597545222,1.7084235271142063,0.31630584919472404,0.1234455356164941,183,0.44081852391005116,0,213
RG3_L_000057,57,-0.029099449053866445,-1.1925314031676417,0.6308800429241845,-0.2987077097782125,-0.38678982241038173,0.48032590666785163,-0.19292753629832982,0.0,1.40255433466711,2.0199701834919805,-0.4217977735906751,-0.7652217551830952,-0.1343870827216355,-0.08580524157899463,-0.3768757773392685,1.4952027925969524,0.47319620683823654,0.3052463601763737,0.9252418187908061,0.5962202890808133,0.6401932792113381,0.7933072484001868,-0.9660378861171952,-0.9690817819796572,35,0.4406446795381965,0,214
RG3_L_000325,325,-0.029099449053866445,-1.1925314031676417,-0.7159559050853255,0.24951068491762612,1.0330781477474453,1.2777072234033922,-0.974520563532816,0.0,1.40255433466711,0.6771090687267264,-0.4217977735906751,-0.7652217551830952,-1.1849017967013198,-0.7080273944801929,-0.3768757773392685,0.3297361637306024,1.6849283301740314,1.5344633035460336,0.19400546058363471,0.5962202890808133,1.1373060186469357,0.8949851110298198,0.4587890903720008,0.24483797432010815,202,0.4403447790380248,0,215
RG3_L_000464,464,-0.029099449053866445,0.8385523411322893,-0.4914975187980172,-0.2987077097782125,-0.38678982241038173,-1.1144367268032296,1.3696623373718366,0.0,-0.9522929891607599,0.6771090687267264,-0.4217977735906751,1.203937739304957,0.9161276312580487,-0.3969103840793668,-0.14437975465061584,0.3297361637306024,1.4425671138549763,0.612574041829107,-1.268467255830708,-0.34425810198617113,0.1430046794462067,-1.341958896916751,1.028719337439322,1.2159728532126455,282,0.4402859137152767,0,216
RG3_L_000196,196,-0.029099449053866445,-1.1925314031676417,-0.04253793108057046,-0.2987077097782125,1.0330781477474453,0.48032590666785163,-0.19292753629832982,0.0,0.6176451529252976,0.6771090687267264,1.1169829930268504,-1.4216416385498971,-0.3444868196010868,-0.08580524157899463,-0.609380669182674,-0.8357304651357478,0.7155574231572918,-0.0020813214763596324,1.5102219791314675,-0.9711480314604819,0.6401932792113381,1.7084235271142063,0.03134208448195622,-0.2407294651261605,122,0.4401593555133184,0,217
RG3_L_000285,285,-0.029099449053866445,0.8385523411322893,1.3042980169289395,-0.2987077097782125,1.0330781477474453,-0.31705541006768895,-0.19292753629832982,0.0,-0.16738380741894748,0.6771090687267264,-0.4217977735906751,1.203937739304957,0.2858284206196948,0.5364169113222037,0.32062115988144224,1.728310345257782,0.47319620683823654,-0.0020813214763596324,0.19400546058363471,-0.6577508990084993,1.634494618412067,1.606737906960912,0.31630584919472404,0.002053096912880053,177,0.4401345197861153,0,218
RG3_L_000208,208,-0.029099449053866445,-1.1925314031676417,-1.1649154928027723,0.24951068491762612,1.0330781477474453,1.2777072234033922,-0.974520563532816,0.0,1.40255433466711,-0.6657520460385278,1.1169829930268504,-2.0779613663043452,-0.9747860302394408,-0.7080273944801929,-0.8418766918713266,-0.6026229124749184,0.9579186394763469,0.3052463601763737,0.48651785631665484,-0.9711480314604819,1.1373060186469357,0.7933072484001868,0.17382532565923292,0.002053096912880053,128,0.44008943049697447,0,219
RG3_L_000441,441,-0.029099449053866445,0.8385523411322893,-0.2670177249392938,-0.2987077097782125,-1.8067254988278127,-1.1144367268032296,0.5883674005367534,0.0,-1.737321949505005,0.6771090687267264,-0.4217977735906751,1.203937739304957,0.9161276312580487,1.158639064223402,1.018118097102153,-1.0688380177965773,0.23083499051918135,-1.8459536281514861,-0.39097469975702664,-0.9711480314604819,0.1430046794462067,-0.7318839636152918,1.028719337439322,1.0945827298772188,267,0.4400855128907098,0,220
RG3_L_000460,460,-0.029099449053866445,0.8385523411322893,-0.7159559050853255,-0.2987077097782125,-0.38678982241038173,-1.1144367268032296,0.5883674005367534,0.0,-0.9522929891607599,0.6771090687267264,-1.9605785402082005,0.547517855938155,1.1262433977199278,1.7808493492241462,1.7156150343228638,-0.6026229124749184,-0.49617470017850324,-0.0020813214763596324,1.0714980166573163,-0.6577508990084993,-0.8512966597545222,-1.1386031716574851,1.028719337439322,1.0945827298772188,280,0.44005077394082376,0,221
RG3_L_000307,307,-0.029099449053866445,-1.1925314031676417,-0.04253793108057046,-0.2987077097782125,1.0330781477474453,1.2777072234033922,-0.974520563532816,0.0,1.40255433466711,2.0199701834919805,-0.4217977735906751,-2.0779613663043452,-0.7646862933599895,-0.7080273944801929,-0.609380669182674,-0.6026229124749184,-1.223184390876188,-0.0020813214763596324,0.632729423057786,0.28272749205848513,-0.3541839203189247,-0.020131167684199668,0.31630584919472404,0.002053096912880053,193,0.43996428588970243,0,222
RG3_L_000416,416,-0.029099449053866445,0.8385523411322893,-0.9404356989440489,-0.2987077097782125,-0.38678982241038173,-0.31705541006768895,0.5883674005367534,0.0,-0.9522929891607599,-0.6657520460385278,-0.4217977735906751,0.547517855938155,0.7060278943785975,1.158639064223402,1.018118097102153,1.9613467634808144,1.200279855795402,0.3052463601763737,1.6564781769979775,0.28272749205848513,1.634494618412067,-0.9352474463982191,0.7437555727265542,0.9731902911736049,250,0.43992477106238437,0,223
RG3_L_000183,183,-0.029099449053866445,-1.1925314031676417,1.0798396306416314,-0.846821542506724,1.0330781477474453,0.48032590666785163,-1.7558155003678992,0.0,0.6176451529252976,0.6771090687267264,-0.4217977735906751,-0.7652217551830952,-0.7646862933599895,-1.019132536980565,-0.8418766918713266,-0.6026229124749184,-0.9808971328166136,-0.0020813214763596324,-1.7071912183048594,-0.34425810198617113,-0.8512966597545222,-0.2234868929434656,0.03134208448195622,-0.11933702642254647,114,0.4394801463131137,0,224
RG3_L_000291,291,-0.029099449053866445,-1.1925314031676417,-0.2670177249392938,0.24951068491762612,1.0330781477474453,1.2777072234033922,-0.974520563532816,0.0,0.6176451529252976,0.6771090687267264,-0.4217977735906751,-0.7652217551830952,-0.5545865564805381,-1.9524598323821356,-1.5393736290920372,-0.8357304651357478,1.6849283301740314,-0.0020813214763596324,-1.122211057964198,-0.6577508990084993,-0.3541839203189247,1.505060044331279,0.31630584919472404,0.1234455356164941,180,0.4388359222080547,0,225
RG3_L_000266,266,-0.029099449053866445,-1.1925314031676417,-0.4914975187980172,0.24951068491762612,1.0330781477474453,0.48032590666785163,-0.974520563532816,0.0,0.6176451529252976,-0.6657520460385278,-0.4217977735906751,-0.7652217551830952,-0.1343870827216355,-0.3969103840793668,-0.3768757773392685,-0.8357304651357478,1.4425671138549763,-0.6167366847818262,-1.4147234536972182,3.1039713361187475,-0.8512966597545222,0.9966629736594528,0.31630584919472404,0.002053096912880053,164,0.4388304735289473,0,226
RG3_L_000095,95,-0.029099449053866445,-1.1925314031676417,1.5287778107876628,-0.846821542506724,-0.38678982241038173,1.2777072234033922,0.5883674005367534,0.0,0.6176451529252976,0.6771090687267264,-0.4217977735906751,-0.7652217551830952,-0.7646862933599895,-1.019132536980565,-0.8418766918713266,-0.1364789415910565,-1.9502680398333534,-0.0020813214763596324,-0.09850693514938538,0.28272749205848513,-0.3541839203189247,0.18323231509872764,-0.9660378861171952,-0.8476893432760432,55,0.4384857289312005,0,227
RG3_L_000312,312,-0.029099449053866445,0.8385523411322893,-0.4914975187980172,0.24951068491762612,1.0330781477474453,-0.31705541006768895,-0.19292753629832982,0.0,-0.16738380741894748,-0.6657520460385278,-0.4217977735906751,0.547517855938155,0.2858284206196948,-0.08580524157899463,-0.14437975465061584,0.7958801346144643,0.23083499051918135,0.919807940240567,1.2177542145238263,1.8500958125997804,-2.3427865987203824,1.606737906960912,0.4587890903720008,0.1234455356164941,197,0.43823293706731814,0,228
RG3_L_000310,310,-0.029099449053866445,-1.1925314031676417,-0.04253793108057046,-0.2987077097782125,1.0330781477474453,0.48032590666785163,-1.7558155003678992,0.0,0.6176451529252976,-0.6657520460385278,-0.4217977735906751,-1.4216416385498971,-0.1343870827216355,-1.019132536980565,-0.8418766918713266,1.728310345257782,0.47319620683823654,-0.3094090031290929,-0.975954860097688,1.2231102185551241,0.6401932792113381,0.3865880403579936,0.6012723315492775,0.24483797432010815,195,0.4382115808250336,1,229
RG3_L_000301,301,-0.029099449053866445,-1.1925314031676417,1.0798396306416314,0.24951068491762612,1.0330781477474453,0.48032590666785163,-0.19292753629832982,0.0,0.6176451529252976,0.6771090687267264,-0.4217977735906751,-0.10880187181629318,-0.5545865564805381,-1.3302495473813911,-1.0743727145599793,0.7958801346144643,0.7155574231572918,-0.3094090031290929,-1.8534474161713694,-0.030765304963843006,-1.8455979989552511,0.8949851110298198,0.4587890903720008,0.24483797432010815,188,0.4377464528422094,0,230
RG3_L_000248,248,-0.029099449053866445,0.8385523411322893,0.4064002490654612,0.24951068491762612,1.0330781477474453,-0.31705541006768895,-0.974520563532816,0.0,0.6176451529252976,2.0199701834919805,-0.4217977735906751,0.547517855938155,-0.3444868196010868,-0.3969103840793668,-0.3768757773392685,2.4275618688024734,-0.2538134838594481,1.2271356218933003,-1.122211057964198,-0.34425810198617113,-0.3541839203189247,0.9966629736594528,0.17382532565923292,-0.11933702642254647,152,0.43737002116994517,0,231
RG3_L_000487,487,-0.029099449053866445,0.8385523411322893,-0.7159559050853255,-0.2987077097782125,-0.38678982241038173,-0.31705541006768895,-0.19292753629832982,0.0,-0.9522929891607599,-0.6657520460385278,-0.4217977735906751,0.547517855938155,0.49592815749914615,0.8475220538225758,0.7856220744135003,-2.700519751984586,0.23083499051918135,0.612574041829107,1.0714980166573163,-0.030765304963843006,1.1373060186469357,-1.036925309027852,1.028719337439322,1.2159728532126455,293,0.4366827324671063,0,232
RG3_L_000481,481,-0.029099449053866445,0.8385523411322893,-0.9404356989440489,-0.2987077097782125,-0.38678982241038173,-1.1144367268032296,1.3696623373718366,0.0,-0.9522929891607599,0.6771090687267264,-1.9605785402082005,0.547517855938155,0.07572868374024348,-0.08580524157899463,0.32062115988144224,0.5628437163914318,0.9579186394763469,0.919807940240567,-0.8297432933565567,-0.030765304963843006,0.6401932792113381,-0.6302061009856589,1.028719337439322,1.3373652919162595,290,0.4365937774025823,0,233
RG3_L_000258,258,-0.029099449053866445,0.8385523411322893,0.6308800429241845,-0.846821542506724,1.0330781477474453,0.48032590666785163,-1.7558155003678992,0.0,0.6176451529252976,0.6771090687267264,-0.4217977735906751,-0.7652217551830952,0.07572868374024348,-0.3969103840793668,-0.3768757773392685,1.0289876872752937,0.7155574231572918,1.5344633035460336,-0.5372308976235367,0.5962202890808133,0.6401932792113381,0.8949851110298198,0.17382532565923292,0.002053096912880053,159,0.4365648388260382,0,234
RG3_L_000292,292,-0.029099449053866445,0.8385523411322893,-0.2670177249392938,0.24951068491762612,1.0330781477474453,-0.31705541006768895,-0.19292753629832982,0.0,0.6176451529252976,2.0199701834919805,-0.4217977735906751,0.547517855938155,-0.3444868196010868,-1.3302495473813911,-1.0743727145599793,0.3297361637306024,-0.2538134838594481,-1.5386259464987528,-0.975954860097688,-0.9711480314604819,0.1430046794462067,1.301704319072013,0.31630584919472404,0.1234455356164941,181,0.4361343334923833,0,235
RG3_L_000119,119,-0.029099449053866445,0.8385523411322893,-0.04253793108057046,0.24951068491762612,-0.38678982241038173,0.48032590666785163,0.5883674005367534,0.0,-0.16738380741894748,-0.6657520460385278,1.1169829930268504,-0.10880187181629318,0.2858284206196948,-0.08580524157899463,-0.3768757773392685,-2.001197094002098,1.200279855795402,-1.8459536281514861,1.0714980166573163,-0.34425810198617113,-0.8512966597545222,0.5899437656172595,-0.8235546449399185,-0.8476893432760432,71,0.43567376220612153,0,236
RG3_L_000430,430,-0.029099449053866445,0.8385523411322893,-0.7159559050853255,-0.2987077097782125,-0.38678982241038173,-0.31705541006768895,0.5883674005367534,0.0,-0.16738380741894748,-0.6657520460385278,-0.4217977735906751,-0.10880187181629318,0.49592815749914615,-0.3969103840793668,0.08812513719278957,0.3297361637306024,-0.2538134838594481,1.8417909851987668,-0.975954860097688,-1.9116264225274664,-0.8512966597545222,-1.341958896916751,1.028719337439322,0.9731902911736049,260,0.43561609679110547,0,237
RG3_L_000244,244,-0.029099449053866445,-1.1925314031676417,0.1819418627781529,0.24951068491762612,1.0330781477474453,0.48032590666785163,-0.974520563532816,0.0,0.6176451529252976,-0.6657520460385278,1.1169829930268504,-0.7652217551830952,-0.9747860302394408,-0.3969103840793668,-0.14437975465061584,-1.535053123118236,1.200279855795402,-1.8459536281514861,0.19400546058363471,1.2231102185551241,1.1373060186469357,1.0983408362890856,0.17382532565923292,-0.11933702642254647,148,0.4354351069300107,0,238
RG3_L_000493,493,-0.029099449053866445,0.8385523411322893,-0.2670177249392938,-0.2987077097782125,-0.38678982241038173,-1.9118180435387702,0.5883674005367534,0.0,-1.737321949505005,0.6771090687267264,-0.4217977735906751,1.8602574670594052,0.7060278943785975,1.158639064223402,1.2506229889455585,-0.36958649425188594,-0.49617470017850324,-0.0020813214763596324,-0.24471850189051658,0.9096174215327959,1.1373060186469357,-0.3251647555730986,1.1712025786165987,1.2159728532126455,298,0.43533182766861406,0,239
RG3_L_000252,252,-0.029099449053866445,0.8385523411322893,-0.04253793108057046,0.24951068491762612,1.0330781477474453,-0.31705541006768895,-0.19292753629832982,0.0,-0.16738380741894748,-0.6657520460385278,1.1169829930268504,0.547517855938155,-0.1343870827216355,0.5364169113222037,0.5531171825700949,-2.2343046466629275,-1.223184390876188,-1.2312982648460196,1.2177542145238263,-0.6577508990084993,1.634494618412067,0.7933072484001868,0.31630584919472404,0.002053096912880053,155,0.43512925329001817,0,240
RG3_L_000277,277,-0.029099449053866445,0.8385523411322893,1.3042980169289395,-0.2987077097782125,1.0330781477474453,-1.1144367268032296,0.5883674005367534,0.0,-0.16738380741894748,-0.6657520460385278,1.1169829930268504,1.203937739304957,0.49592815749914615,0.5364169113222037,0.08812513719278957,-0.6026229124749184,0.9579186394763469,-0.9239705831932862,0.48651785631665484,-0.9711480314604819,-0.3541839203189247,0.48826590298762657,0.6012723315492775,0.24483797432010815,172,0.4348029812466542,0,241
RG3_L_000278,278,-0.029099449053866445,0.8385523411322893,-0.04253793108057046,0.24951068491762612,1.0330781477474453,-1.1144367268032296,-1.7558155003678992,0.0,-0.16738380741894748,0.6771090687267264,1.1169829930268504,1.203937739304957,0.49592815749914615,1.158639064223402,0.5531171825700949,-0.6026229124749184,0.9579186394763469,-0.3094090031290929,0.778985620924296,-0.34425810198617113,0.1430046794462067,0.8949851110298198,0.6012723315492775,0.24483797432010815,173,0.4344588706188076,0,242
RG3_L_000431,431,-0.029099449053866445,0.8385523411322893,-0.4914975187980172,0.24951068491762612,-0.38678982241038173,-1.1144367268032296,0.5883674005367534,0.0,-0.9522929891607599,-0.6657520460385278,-0.4217977735906751,1.203937739304957,0.9161276312580487,0.22529990092137753,0.08812513719278957,1.4952027925969524,-0.9808971328166136,-0.6167366847818262,-1.5609796515637282,-0.6577508990084993,-0.3541839203189247,-1.5453223796996782,0.886238813903831,1.0945827298772188,261,0.43439346657854394,0,243
RG3_L_000132,132,-0.029099449053866445,-1.1925314031676417,1.9777373985051097,0.24951068491762612,-0.38678982241038173,0.48032590666785163,0.5883674005367534,0.0,0.6176451529252976,0.6771090687267264,-0.4217977735906751,-0.10880187181629318,-0.7646862933599895,-0.7080273944801929,-0.8418766918713266,-1.0688380177965773,0.9579186394763469,-0.9239705831932862,-0.5372308976235367,-0.6577508990084993,-0.8512966597545222,1.301704319072013,-0.6810714037626417,-0.7262969045724291,80,0.4340753058914525,0,244
RG3_L_000066,66,-0.029099449053866445,-1.1925314031676417,1.0798396306416314,0.24951068491762612,-0.38678982241038173,0.48032590666785163,-0.19292753629832982,0.0,1.40255433466711,0.6771090687267264,-0.4217977735906751,-0.7652217551830952,-0.3444868196010868,0.22529990092137753,0.32062115988144224,0.3297361637306024,-1.223184390876188,1.8417909851987668,0.48651785631665484,-0.030765304963843006,1.1373060186469357,0.48826590298762657,-1.108521127294472,-0.9690817819796572,39,0.4340429138765771,0,245
RG3_L_000166,166,-0.029099449053866445,-1.1925314031676417,-0.4914975187980172,0.24951068491762612,1.0330781477474453,-0.31705541006768895,-0.974520563532816,0.0,0.6176451529252976,-0.6657520460385278,1.1169829930268504,-0.10880187181629318,-0.3444868196010868,-1.3302495473813911,-1.5393736290920372,-0.6026229124749184,-0.9808971328166136,-1.2312982648460196,-1.268467255830708,1.5366030155774522,0.1430046794462067,0.5899437656172595,-0.2536243978725972,-0.36212190382977455,103,0.43389180650053094,0,246
RG3_L_000074,74,-0.029099449053866445,0.8385523411322893,-1.1649154928027723,0.24951068491762612,-0.38678982241038173,-0.31705541006768895,0.5883674005367534,0.0,0.6176451529252976,-0.6657520460385278,1.1169829930268504,0.547517855938155,-0.1343870827216355,0.8475220538225758,0.32062115988144224,-1.0688380177965773,0.23083499051918135,-0.6167366847818262,1.6564781769979775,-0.6577508990084993,-0.3541839203189247,-0.020131167684199668,-1.108521127294472,-1.0904742206832714,43,0.43372083831551866,0,247
RG3_L_000508,508,-0.029099449053866445,0.8385523411322893,-0.4914975187980172,0.24951068491762612,-1.8067254988278127,-1.1144367268032296,0.5883674005367534,0.0,-0.9522929891607599,-0.6657520460385278,1.1169829930268504,0.547517855938155,0.2858284206196948,0.5364169113222037,0.7856220744135003,0.09662861106977294,-0.7385359164975585,0.612574041829107,-0.975954860097688,0.5962202890808133,0.1430046794462067,0.18323231509872764,1.028719337439322,1.2159728532126455,306,0.4336374199836959,0,248
RG3_L_000242,242,-0.029099449053866445,0.8385523411322893,-0.04253793108057046,0.24951068491762612,1.0330781477474453,-0.31705541006768895,-0.974520563532816,0.0,-0.16738380741894748,2.0199701834919805,-0.4217977735906751,-0.10880187181629318,0.07572868374024348,0.5364169113222037,0.5531171825700949,-1.535053123118236,0.9579186394763469,-1.8459536281514861,1.2177542145238263,-0.6577508990084993,-0.8512966597545222,1.2000264564423802,0.17382532565923292,0.002053096912880053,147,0.43354597238606435,0,249
RG3_L_000145,145,-0.029099449053866445,-1.1925314031676417,1.0798396306416314,0.24951068491762612,1.0330781477474453,1.2777072234033922,-0.974520563532816,0.0,1.40255433466711,-0.6657520460385278,-0.4217977735906751,-1.4216416385498971,-0.9747860302394408,-0.7080273944801929,-0.609380669182674,-1.535053123118236,-0.7385359164975585,-1.5386259464987528,0.48651785631665484,0.28272749205848513,0.1430046794462067,0.6916293857705539,-0.39610763904987395,-0.4835143425333886,88,0.43335450493724037,0,250
RG3_L_000314,314,-0.029099449053866445,-1.1925314031676417,0.1819418627781529,0.24951068491762612,1.0330781477474453,0.48032590666785163,-0.974520563532816,0.0,0.6176451529252976,0.6771090687267264,-0.4217977735906751,-1.4216416385498971,-0.5545865564805381,-0.08580524157899463,0.08812513719278957,0.09662861106977294,-0.9808971328166136,2.1491186668515003,1.0714980166573163,-0.030765304963843006,0.6401932792113381,1.606737906960912,0.4587890903720008,0.24483797432010815,199,0.43283047211495096,0,251
RG3_L_000445,445,-0.029099449053866445,0.8385523411322893,-0.9404356989440489,0.24951068491762612,-0.38678982241038173,-0.31705541006768895,-0.19292753629832982,0.0,-0.9522929891607599,0.6771090687267264,-1.9605785402082005,-0.10880187181629318,0.2858284206196948,1.158639064223402,1.483119011634211,1.2620952399361232,0.23083499051918135,0.612574041829107,0.778985620924296,-0.030765304963843006,1.1373060186469357,-0.2234868929434656,1.028719337439322,1.2159728532126455,270,0.43274603248327503,0,252
RG3_L_000366,366,-0.029099449053866445,0.8385523411322893,0.855359836782908,0.24951068491762612,-0.38678982241038173,-0.31705541006768895,0.5883674005367534,0.0,-0.16738380741894748,-0.6657520460385278,1.1169829930268504,0.547517855938155,0.07572868374024348,-0.08580524157899463,-0.14437975465061584,-0.6026229124749184,-0.9808971328166136,-0.3094090031290929,-0.24471850189051658,-0.34425810198617113,-1.3484852595196537,-1.7486781049589442,-1.5359681331845165,-1.0904742206832714,222,0.4326096142821589,0,253
RG3_L_000490,490,-0.029099449053866445,0.8385523411322893,-1.1649154928027723,0.24951068491762612,-0.38678982241038173,-0.31705541006768895,0.5883674005367534,0.0,-0.16738380741894748,-0.6657520460385278,-1.9605785402082005,-0.7652217551830952,0.07572868374024348,-0.08580524157899463,0.32062115988144224,0.5628437163914318,-0.49617470017850324,-0.0020813214763596324,-0.6834870954900467,0.28272749205848513,0.6401932792113381,-0.4268503757263929,1.1712025786165987,1.3373652919162595,295,0.43260034661409785,0,254
RG3_L_000267,267,-0.029099449053866445,0.8385523411322893,-0.04253793108057046,0.24951068491762612,1.0330781477474453,-1.1144367268032296,-0.974520563532816,0.0,-0.16738380741894748,-0.6657520460385278,-1.9605785402082005,0.547517855938155,0.2858284206196948,-0.3969103840793668,-0.14437975465061584,0.5628437163914318,0.7155574231572918,0.612574041829107,-0.8297432933565567,0.5962202890808133,-1.3484852595196537,0.8949851110298198,0.31630584919472404,0.002053096912880053,165,0.43256032530287464,0,255
RG3_L_000374,374,-0.029099449053866445,0.8385523411322893,-0.7159559050853255,0.24951068491762612,-0.38678982241038173,-0.31705541006768895,-0.19292753629832982,0.0,0.6176451529252976,0.6771090687267264,1.1169829930268504,0.547517855938155,0.7060278943785975,0.8475220538225758,0.7856220744135003,-0.1364789415910565,-0.9808971328166136,0.3052463601763737,0.04774926271712467,0.28272749205848513,0.1430046794462067,-2.3587569170222342,-1.251001650829963,-0.7262969045724291,226,0.43242493203538507,0,256
RG3_L_000339,339,-0.029099449053866445,0.8385523411322893,-0.2670177249392938,0.24951068491762612,1.0330781477474453,-0.31705541006768895,-0.974520563532816,0.0,-0.16738380741894748,-0.6657520460385278,-0.4217977735906751,1.203937739304957,0.49592815749914615,-0.3969103840793668,-0.3768757773392685,0.09662861106977294,1.9272895464930866,-0.0020813214763596324,1.0714980166573163,-0.030765304963843006,0.1430046794462067,1.8101013897438392,0.4587890903720008,0.24483797432010815,209,0.43233125326035565,0,257
RG3_L_000209,209,-0.029099449053866445,-1.1925314031676417,-0.2670177249392938,0.24951068491762612,1.0330781477474453,1.2777072234033922,-0.974520563532816,0.0,0.6176451529252976,-0.6657520460385278,-0.4217977735906751,-1.4216416385498971,-0.7646862933599895,-1.6413546898817633,-1.3068776064033847,0.3297361637306024,-0.9808971328166136,-0.6167366847818262,-0.5372308976235367,1.2231102185551241,0.6401932792113381,1.505060044331279,0.31630584919472404,0.002053096912880053,129,0.4315672931834349,0,258
RG3_L_000236,236,-0.029099449053866445,-1.1925314031676417,0.6308800429241845,0.24951068491762612,1.0330781477474453,1.2777072234033922,-1.7558155003678992,0.0,1.40255433466711,0.6771090687267264,-0.4217977735906751,-1.4216416385498971,-0.7646862933599895,-1.3302495473813911,-1.3068776064033847,1.728310345257782,-0.49617470017850324,-0.0020813214763596324,-0.5372308976235367,0.5962202890808133,0.6401932792113381,0.8949851110298198,0.17382532565923292,0.002053096912880053,141,0.4314421754186737,0,259
RG3_L_000195,195,-0.029099449053866445,0.8385523411322893,1.0798396306416314,0.24951068491762612,1.0330781477474453,-0.31705541006768895,-1.7558155003678992,0.0,-0.16738380741894748,-0.6657520460385278,-0.4217977735906751,0.547517855938155,0.07572868374024348,-0.3969103840793668,-0.3768757773392685,1.0289876872752937,1.200279855795402,-0.0020813214763596324,0.48651785631665484,0.28272749205848513,2.628795957612796,0.8949851110298198,0.17382532565923292,0.002053096912880053,121,0.4312662122023925,0,260
RG3_L_000567,567,-0.029099449053866445,0.8385523411322893,-1.1649154928027723,0.24951068491762612,-0.38678982241038173,-1.1144367268032296,1.3696623373718366,0.0,-1.737321949505005,-0.6657520460385278,-0.4217977735906751,1.8602574670594052,0.9161276312580487,1.158639064223402,1.483119011634211,-0.36958649425188594,0.47319620683823654,0.3052463601763737,0.19400546058363471,-0.030765304963843006,0.1430046794462067,-0.12180903031383264,1.1712025786165987,1.4587577306198736,340,0.43105135902276115,0,261
RG3_L_000421,421,-0.029099449053866445,0.8385523411322893,-0.7159559050853255,-0.2987077097782125,-0.38678982241038173,-0.31705541006768895,1.3696623373718366,0.0,-0.16738380741894748,0.6771090687267264,-0.4217977735906751,0.547517855938155,0.49592815749914615,-1.019132536980565,-0.3768757773392685,0.09662861106977294,0.47319620683823654,0.612574041829107,-1.122211057964198,0.5962202890808133,0.6401932792113381,-1.036925309027852,0.886238813903831,0.9731902911736049,253,0.4305651654149797,0,262
RG3_L_000401,401,-0.029099449053866445,0.8385523411322893,-0.4914975187980172,0.24951068491762612,-0.38678982241038173,-0.31705541006768895,0.5883674005367534,0.0,-0.9522929891607599,-0.6657520460385278,-0.4217977735906751,0.547517855938155,0.2858284206196948,0.8475220538225758,1.018118097102153,-2.001197094002098,-0.011452267540392873,-0.0020813214763596324,-0.24471850189051658,-0.9711480314604819,-2.3427865987203824,-1.1386031716574851,-0.6810714037626417,-0.4835143425333886,243,0.43034207842191047,0,263
RG3_L_000136,136,-0.029099449053866445,0.8385523411322893,-0.7159559050853255,-0.2987077097782125,-0.38678982241038173,-0.31705541006768895,-0.19292753629832982,0.0,-0.16738380741894748,-0.6657520460385278,-0.4217977735906751,-0.10880187181629318,0.2858284206196948,0.22529990092137753,0.08812513719278957,-2.467412199323757,0.23083499051918135,-0.0020813214763596324,-0.39097469975702664,-0.9711480314604819,-1.8455979989552511,-0.2234868929434656,-0.6810714037626417,-0.7262969045724291,82,0.4301423089521638,0,264
RG3_L_000182,182,-0.029099449053866445,-1.1925314031676417,0.4064002490654612,-0.2987077097782125,1.0330781477474453,1.2777072234033922,-0.19292753629832982,0.0,0.6176451529252976,-0.6657520460385278,-0.4217977735906751,-0.7652217551830952,-0.7646862933599895,-1.019132536980565,-0.609380669182674,0.5628437163914318,1.4425671138549763,1.2271356218933003,-0.5372308976235367,-0.030765304963843006,0.6401932792113381,1.8101013897438392,0.03134208448195622,-0.2407294651261605,113,0.42970131593095073,0,265
RG3_L_000271,271,-0.029099449053866445,-1.1925314031676417,-0.04253793108057046,0.24951068491762612,1.0330781477474453,0.48032590666785163,-0.974520563532816,0.0,0.6176451529252976,-2.0085875478583746,-0.4217977735906751,-0.7652217551830952,-0.1343870827216355,-0.08580524157899463,-0.14437975465061584,-0.8357304651357478,0.7155574231572918,-1.8459536281514861,0.778985620924296,-0.9711480314604819,-0.3541839203189247,0.6916293857705539,0.31630584919472404,0.002053096912880053,168,0.4295674565522549,0,266
RG3_L_000268,268,-0.029099449053866445,0.8385523411322893,0.1819418627781529,-0.2987077097782125,1.0330781477474453,-1.1144367268032296,-0.19292753629832982,0.0,-0.9522929891607599,-0.6657520460385278,1.1169829930268504,1.203937739304957,0.49592815749914615,0.5364169113222037,0.08812513719278957,0.5628437163914318,-0.7385359164975585,1.8417909851987668,0.48651785631665484,-0.34425810198617113,0.1430046794462067,0.9966629736594528,0.31630584919472404,0.002053096912880053,166,0.4292903700051638,0,267
RG3_L_000154,154,-0.029099449053866445,-1.1925314031676417,-0.2670177249392938,-0.846821542506724,1.0330781477474453,1.2777072234033922,-1.7558155003678992,0.0,0.6176451529252976,-0.6657520460385278,-0.4217977735906751,-0.7652217551830952,-0.5545865564805381,-0.3969103840793668,-0.3768757773392685,-1.0688380177965773,-0.011452267540392873,-1.5386259464987528,-0.09850693514938538,-0.34425810198617113,0.1430046794462067,0.6916293857705539,-0.39610763904987395,-0.4835143425333886,93,0.4292544479714939,0,268
RG3_L_000274,274,-0.029099449053866445,-1.1925314031676417,-0.2670177249392938,-0.846821542506724,1.0330781477474453,0.48032590666785163,-1.7558155003678992,0.0,0.6176451529252976,0.6771090687267264,-0.4217977735906751,-0.7652217551830952,-0.3444868196010868,-1.3302495473813911,-0.8418766918713266,0.09662861106977294,-0.49617470017850324,-0.9239705831932862,-0.975954860097688,-0.9711480314604819,0.6401932792113381,0.9966629736594528,0.31630584919472404,0.002053096912880053,169,0.4291155626460637,0,269
RG3_L_000158,158,-0.029099449053866445,0.8385523411322893,1.7532576046463864,0.24951068491762612,1.0330781477474453,-0.31705541006768895,-1.7558155003678992,0.0,-0.16738380741894748,-0.6657520460385278,-0.4217977735906751,0.547517855938155,-0.1343870827216355,0.22529990092137753,0.32062115988144224,0.5628437163914318,-0.49617470017850324,-0.0020813214763596324,-0.24471850189051658,1.2231102185551241,0.6401932792113381,0.48826590298762657,-0.2536243978725972,-0.4835143425333886,97,0.42882445961488336,0,270
RG3_L_000399,399,-0.029099449053866445,0.8385523411322893,-0.04253793108057046,-0.2987077097782125,-0.38678982241038173,-1.1144367268032296,-0.19292753629832982,0.0,-0.9522929891607599,0.6771090687267264,-0.4217977735906751,1.203937739304957,0.7060278943785975,1.7808493492241462,1.483119011634211,-1.3019455704574068,-0.7385359164975585,-0.3094090031290929,0.9252418187908061,-0.6577508990084993,0.1430046794462067,-0.8335618262449248,-0.8235546449399185,-0.6049067812370027,241,0.4286156015381348,0,271
RG3_L_000288,288,-0.029099449053866445,-1.1925314031676417,-0.04253793108057046,0.24951068491762612,1.0330781477474453,0.48032590666785163,-0.974520563532816,0.0,0.6176451529252976,-0.6657520460385278,-0.4217977735906751,-0.10880187181629318,-0.1343870827216355,0.22529990092137753,0.32062115988144224,-1.3019455704574068,-1.465545607195243,-0.9239705831932862,1.2177542145238263,-0.9711480314604819,-1.3484852595196537,0.0815466949454333,0.4587890903720008,0.24483797432010815,178,0.4277841571241904,0,272
RG3_L_000297,297,-0.029099449053866445,-1.1925314031676417,0.855359836782908,0.24951068491762612,1.0330781477474453,0.48032590666785163,-0.974520563532816,0.0,0.6176451529252976,0.6771090687267264,-0.4217977735906751,-0.10880187181629318,-0.5545865564805381,0.22529990092137753,0.32062115988144224,2.194454316141644,0.9579186394763469,0.3052463601763737,1.0714980166573163,-0.030765304963843006,1.634494618412067,0.8949851110298198,0.4587890903720008,0.24483797432010815,184,0.4276381452477643,0,273
RG3_L_000222,222,-0.029099449053866445,0.8385523411322893,0.855359836782908,0.24951068491762612,1.0330781477474453,-0.31705541006768895,-0.974520563532816,0.0,-0.16738380741894748,-0.6657520460385278,1.1169829930268504,0.547517855938155,0.07572868374024348,-0.7080273944801929,-0.8418766918713266,0.09662861106977294,2.1696507628121418,-0.0020813214763596324,-0.09850693514938538,-1.5981336255051382,0.1430046794462067,0.8949851110298198,0.31630584919472404,0.002053096912880053,136,0.42751936169320554,0,274
RG3_L_000139,139,-0.029099449053866445,0.8385523411322893,0.4064002490654612,0.24951068491762612,-0.38678982241038173,-0.31705541006768895,-0.19292753629832982,0.0,0.6176451529252976,-0.6657520460385278,-0.4217977735906751,-0.10880187181629318,-0.1343870827216355,0.8475220538225758,0.7856220744135003,-0.1364789415910565,-0.49617470017850324,-0.0020813214763596324,1.2177542145238263,-2.538516352001777,0.1430046794462067,0.3865880403579936,-0.6810714037626417,-0.7262969045724291,84,0.4274033378279877,0,275
RG3_L_000253,253,-0.029099449053866445,-1.1925314031676417,-0.2670177249392938,-0.2987077097782125,1.0330781477474453,1.2777072234033922,-0.974520563532816,0.0,1.40255433466711,0.6771090687267264,-0.4217977735906751,-0.7652217551830952,-0.7646862933599895,0.22529990092137753,0.32062115988144224,0.09662861106977294,0.9579186394763469,0.3052463601763737,0.3402616584501448,0.5962202890808133,1.634494618412067,0.6916293857705539,0.31630584919472404,0.002053096912880053,156,0.4266444709851342,0,276
RG3_L_000261,261,-0.029099449053866445,0.8385523411322893,-1.3893952866614956,0.24951068491762612,1.0330781477474453,-0.31705541006768895,-0.974520563532816,0.0,-0.16738380741894748,0.6771090687267264,-1.9605785402082005,0.547517855938155,0.07572868374024348,0.5364169113222037,1.018118097102153,0.5628437163914318,-0.011452267540392873,0.919807940240567,0.778985620924296,-0.030765304963843006,0.6401932792113381,0.7933072484001868,0.17382532565923292,0.002053096912880053,162,0.4264199615799199,0,277
RG3_L_000172,172,-0.029099449053866445,-1.1925314031676417,-1.6138536729488038,0.24951068491762612,1.0330781477474453,0.48032590666785163,-0.974520563532816,0.0,0.6176451529252976,0.6771090687267264,-0.4217977735906751,-1.4216416385498971,-0.5545865564805381,-0.08580524157899463,0.08812513719278957,0.7958801346144643,0.23083499051918135,1.8417909851987668,0.04774926271712467,-0.030765304963843006,0.6401932792113381,0.7933072484001868,-0.1111411566953205,-0.36212190382977455,106,0.4258679598229128,0,278
RG3_L_000065,65,-0.029099449053866445,0.8385523411322893,0.1819418627781529,0.24951068491762612,-0.38678982241038173,-0.31705541006768895,0.5883674005367534,0.0,0.6176451529252976,-0.6657520460385278,1.1169829930268504,0.547517855938155,-0.3444868196010868,0.5364169113222037,0.32062115988144224,0.09662861106977294,1.200279855795402,-1.2312982648460196,1.0714980166573163,-1.2846408284828101,0.1430046794462067,0.48826590298762657,-1.108521127294472,-0.9690817819796572,38,0.4257792833867403,0,279
RG3_L_000108,108,-0.029099449053866445,0.8385523411322893,1.3042980169289395,-0.2987077097782125,-0.38678982241038173,-0.31705541006768895,0.5883674005367534,0.0,-0.16738380741894748,0.6771090687267264,1.1169829930268504,1.203937739304957,0.07572868374024348,0.5364169113222037,-0.14437975465061584,-0.6026229124749184,0.23083499051918135,-0.6167366847818262,0.19400546058363471,-0.9711480314604819,0.6401932792113381,-1.1386031716574851,-0.8235546449399185,-0.7262969045724291,64,0.4251191330235528,0,280
RG3_L_000553,553,-0.029099449053866445,0.8385523411322893,-0.9404356989440489,-0.2987077097782125,-0.38678982241038173,-0.31705541006768895,0.5883674005367534,0.0,-0.16738380741894748,-0.6657520460385278,-0.4217977735906751,-0.7652217551830952,0.07572868374024348,0.8475220538225758,1.018118097102153,-0.6026229124749184,-1.465545607195243,-0.0020813214763596324,-0.09850693514938538,-0.9711480314604819,1.1373060186469357,-0.2234868929434656,1.4561690609711522,1.4587577306198736,332,0.4246405675298718,0,281
RG3_L_000298,298,-0.029099449053866445,-1.1925314031676417,-0.04253793108057046,0.24951068491762612,1.0330781477474453,1.2777072234033922,-0.974520563532816,0.0,1.40255433466711,0.6771090687267264,-0.4217977735906751,-1.4216416385498971,-1.1849017967013198,-0.7080273944801929,-0.8418766918713266,0.3297361637306024,-0.9808971328166136,0.3052463601763737,0.3402616584501448,-0.030765304963843006,0.6401932792113381,1.8101013897438392,0.31630584919472404,0.002053096912880053,185,0.4246197704223934,0,282
RG3_L_000127,127,-0.029099449053866445,-1.1925314031676417,0.4064002490654612,0.24951068491762612,-0.38678982241038173,0.48032590666785163,-0.19292753629832982,0.0,0.6176451529252976,-0.6657520460385278,-0.4217977735906751,-1.4216416385498971,-0.5545865564805381,-1.3302495473813911,-1.3068776064033847,0.09662861106977294,-1.223184390876188,1.5344633035460336,-1.122211057964198,-0.6577508990084993,1.1373060186469357,0.3865880403579936,-0.8235546449399185,-0.8476893432760432,76,0.4245485377140636,0,283
RG3_L_000206,206,-0.029099449053866445,-1.1925314031676417,-0.04253793108057046,0.24951068491762612,1.0330781477474453,0.48032590666785163,-0.19292753629832982,0.0,0.6176451529252976,0.6771090687267264,-0.4217977735906751,-0.10880187181629318,-0.5545865564805381,0.5364169113222037,0.5531171825700949,1.9613467634808144,0.47319620683823654,1.8417909851987668,1.2177542145238263,-0.030765304963843006,0.6401932792113381,0.7933072484001868,0.31630584919472404,-0.11933702642254647,126,0.42447055874338613,0,284
RG3_L_000303,303,-0.029099449053866445,0.8385523411322893,-0.04253793108057046,0.24951068491762612,1.0330781477474453,-0.31705541006768895,-1.7558155003678992,0.0,-0.16738380741894748,0.6771090687267264,-0.4217977735906751,-0.10880187181629318,0.49592815749914615,-0.08580524157899463,-0.14437975465061584,-0.36958649425188594,1.200279855795402,1.8417909851987668,0.48651785631665484,-0.030765304963843006,0.6401932792113381,0.8949851110298198,0.4587890903720008,0.24483797432010815,189,0.42444541782186,0,285
RG3_L_000129,129,-0.029099449053866445,0.8385523411322893,1.0798396306416314,-0.2987077097782125,-0.38678982241038173,-0.31705541006768895,0.5883674005367534,0.0,-0.16738380741894748,-0.6657520460385278,-0.4217977735906751,0.547517855938155,0.07572868374024348,0.8475220538225758,0.7856220744135003,0.3297361637306024,-0.9808971328166136,-1.5386259464987528,0.778985620924296,1.2231102185551241,1.1373060186469357,-0.3251647555730986,-0.8235546449399185,-0.8476893432760432,78,0.42412842212414914,0,286
RG3_L_000059,59,-0.029099449053866445,-1.1925314031676417,-0.04253793108057046,0.7977290796134647,-0.38678982241038173,1.2777072234033922,0.5883674005367534,0.0,0.6176451529252976,0.6771090687267264,-0.4217977735906751,-0.7652217551830952,-0.5545865564805381,-1.3302495473813911,-1.0743727145599793,0.5628437163914318,-0.7385359164975585,-0.3094090031290929,-0.5372308976235367,-0.34425810198617113,-0.8512966597545222,0.3865880403579936,-0.9660378861171952,-0.8476893432760432,36,0.42345275000898025,0,287
RG3_L_000080,80,-0.029099449053866445,-1.1925314031676417,0.4064002490654612,0.24951068491762612,-0.38678982241038173,0.48032590666785163,-0.19292753629832982,0.0,0.6176451529252976,0.6771090687267264,-0.4217977735906751,-1.4216416385498971,0.07572868374024348,-0.7080273944801929,-1.0743727145599793,-0.1364789415910565,0.7155574231572918,-0.6167366847818262,-0.5372308976235367,-0.6577508990084993,-1.8455979989552511,0.0815466949454333,-0.8235546449399185,-0.8476893432760432,47,0.4231922294676008,1,288
RG3_L_000084,84,-0.029099449053866445,-1.1925314031676417,-0.7159559050853255,0.24951068491762612,-0.38678982241038173,0.48032590666785163,-0.19292753629832982,0.0,0.6176451529252976,-0.6657520460385278,-0.4217977735906751,-0.7652217551830952,-0.1343870827216355,0.5364169113222037,0.5531171825700949,-1.3019455704574068,-1.465545607195243,-0.9239705831932862,1.3639657812649575,-0.030765304963843006,0.6401932792113381,0.28491017772836064,-0.8235546449399185,-0.8476893432760432,50,0.4231842593524639,0,289
RG3_L_000101,101,-0.029099449053866445,0.8385523411322893,1.0798396306416314,0.24951068491762612,-0.38678982241038173,-0.31705541006768895,-0.19292753629832982,0.0,-0.16738380741894748,0.6771090687267264,1.1169829930268504,0.547517855938155,0.2858284206196948,0.8475220538225758,0.5531171825700949,-0.6026229124749184,0.7155574231572918,-0.0020813214763596324,1.5102219791314675,0.9096174215327959,-0.8512966597545222,0.28491017772836064,-0.9660378861171952,-0.8476893432760432,59,0.42262999172683985,0,290
RG3_L_000130,130,-0.029099449053866445,-1.1925314031676417,0.4064002490654612,0.24951068491762612,-0.38678982241038173,0.48032590666785163,-0.19292753629832982,0.0,0.6176451529252976,0.6771090687267264,1.1169829930268504,-0.7652217551830952,-0.3444868196010868,0.5364169113222037,0.08812513719278957,0.09662861106977294,0.9579186394763469,0.612574041829107,0.632729423057786,-1.5981336255051382,0.1430046794462067,0.7933072484001868,-0.9660378861171952,-0.9690817819796572,79,0.4225616731731342,0,291
RG3_L_000185,185,-0.029099449053866445,0.8385523411322893,-0.04253793108057046,-0.2987077097782125,1.0330781477474453,-0.31705541006768895,-0.974520563532816,0.0,-0.16738380741894748,-0.6657520460385278,-0.4217977735906751,1.203937739304957,0.07572868374024348,-0.08580524157899463,0.08812513719278957,1.4952027925969524,1.4425671138549763,1.2271356218933003,0.19400546058363471,0.28272749205848513,-0.3541839203189247,-0.12180903031383264,0.03134208448195622,-0.11933702642254647,116,0.4223825652099987,0,292
RG3_L_000237,237,-0.029099449053866445,-1.1925314031676417,0.6308800429241845,0.24951068491762612,1.0330781477474453,1.2777072234033922,-0.974520563532816,0.0,1.40255433466711,-0.6657520460385278,-0.4217977735906751,-1.4216416385498971,-0.7646862933599895,-1.6413546898817633,-1.5393736290920372,0.3297361637306024,0.7155574231572918,0.612574041829107,-1.122211057964198,0.28272749205848513,0.6401932792113381,0.8949851110298198,0.17382532565923292,0.002053096912880053,142,0.4222633359095503,0,293
RG3_L_000332,332,-0.029099449053866445,0.8385523411322893,-0.2670177249392938,0.24951068491762612,1.0330781477474453,0.48032590666785163,-0.974520563532816,0.0,-0.16738380741894748,-0.6657520460385278,-0.4217977735906751,0.547517855938155,0.07572868374024348,0.5364169113222037,1.018118097102153,0.7958801346144643,1.200279855795402,-1.2312982648460196,1.8027343748644875,0.28272749205848513,-1.3484852595196537,1.0983408362890856,0.31630584919472404,0.002053096912880053,206,0.4221261147131794,0,294
RG3_L_000281,281,-0.029099449053866445,-1.1925314031676417,0.4064002490654612,-0.2987077097782125,1.0330781477474453,0.48032590666785163,-0.974520563532816,0.0,0.6176451529252976,0.6771090687267264,-0.4217977735906751,-0.7652217551830952,-0.7646862933599895,-0.7080273944801929,-0.609380669182674,1.0289876872752937,0.47319620683823654,0.3052463601763737,-0.39097469975702664,0.5962202890808133,2.1316073578476646,0.8949851110298198,0.31630584919472404,0.002053096912880053,176,0.4216730137858685,0,295
RG3_L_000239,239,-0.029099449053866445,0.8385523411322893,1.0798396306416314,0.24951068491762612,1.0330781477474453,-0.31705541006768895,-0.19292753629832982,0.0,-0.16738380741894748,0.6771090687267264,1.1169829930268504,0.547517855938155,-0.1343870827216355,-0.3969103840793668,-1.0743727145599793,-0.8357304651357478,-0.9808971328166136,-0.3094090031290929,-0.8297432933565567,-0.34425810198617113,-1.3484852595196537,0.8949851110298198,0.17382532565923292,0.002053096912880053,144,0.42129792005604105,0,296
RG3_L_000050,50,-0.029099449053866445,-1.1925314031676417,1.5287778107876628,0.24951068491762612,-0.38678982241038173,1.2777072234033922,-0.19292753629832982,0.0,1.40255433466711,0.6771090687267264,-0.4217977735906751,-0.7652217551830952,-0.5545865564805381,-0.7080273944801929,-0.8418766918713266,0.09662861106977294,-0.7385359164975585,-0.9239705831932862,-0.24471850189051658,-1.2846408284828101,0.1430046794462067,0.48826590298762657,-0.8235546449399185,-0.8476893432760432,31,0.42118827460312175,0,297
RG3_L_000385,385,-0.029099449053866445,0.8385523411322893,0.6308800429241845,-0.2987077097782125,-0.38678982241038173,-1.1144367268032296,0.5883674005367534,0.0,-0.9522929891607599,-0.6657520460385278,-0.4217977735906751,1.203937739304957,0.7060278943785975,0.8475220538225758,0.7856220744135003,0.5628437163914318,1.200279855795402,-0.0020813214763596324,-0.975954860097688,-0.030765304963843006,0.1430046794462067,-1.4436445170700454,-0.8235546449399185,-0.6049067812370027,232,0.4211742514664475,0,298
RG3_L_000179,179,-0.029099449053866445,0.8385523411322893,-0.4914975187980172,0.24951068491762612,1.0330781477474453,-0.31705541006768895,-1.7558155003678992,0.0,-0.16738380741894748,0.6771090687267264,1.1169829930268504,0.547517855938155,0.07572868374024348,0.8475220538225758,0.5531171825700949,1.9613467634808144,-0.9808971328166136,0.3052463601763737,1.0714980166573163,-0.030765304963843006,0.1430046794462067,0.8949851110298198,0.03134208448195622,-0.2407294651261605,111,0.4211271349848939,0,299
RG3_L_000313,313,-0.029099449053866445,0.8385523411322893,-0.4914975187980172,0.24951068491762612,1.0330781477474453,0.48032590666785163,-0.974520563532816,0.0,0.6176451529252976,-0.6657520460385278,1.1169829930268504,-0.10880187181629318,-0.3444868196010868,0.5364169113222037,0.32062115988144224,-1.3019455704574068,0.9579186394763469,0.3052463601763737,1.2177542145238263,-0.34425810198617113,0.1430046794462067,0.8949851110298198,0.6012723315492775,0.1234455356164941,198,0.4209312461329324,0,300
RG3_L_000180,180,-0.029099449053866445,-1.1925314031676417,0.1819418627781529,0.24951068491762612,1.0330781477474453,0.48032590666785163,-0.974520563532816,0.0,0.6176451529252976,0.6771090687267264,-0.4217977735906751,-1.4216416385498971,-0.1343870827216355,0.22529990092137753,0.08812513719278957,0.3297361637306024,1.200279855795402,0.3052463601763737,0.9252418187908061,-0.030765304963843006,1.634494618412067,1.8101013897438392,0.03134208448195622,-0.2407294651261605,112,0.42089852839553354,0,301
RG3_L_000218,218,-0.029099449053866445,-1.1925314031676417,-0.04253793108057046,0.24951068491762612,1.0330781477474453,0.48032590666785163,-0.19292753629832982,0.0,0.6176451529252976,2.0199701834919805,-0.4217977735906751,-0.7652217551830952,-0.7646862933599895,-1.019132536980565,-0.8418766918713266,0.3297361637306024,-1.223184390876188,0.3052463601763737,-1.122211057964198,1.2231102185551241,0.6401932792113381,0.8949851110298198,0.17382532565923292,-0.11933702642254647,134,0.4206853788112353,0,302
RG3_L_000348,348,-0.029099449053866445,-1.1925314031676417,0.1819418627781529,0.24951068491762612,-0.38678982241038173,0.48032590666785163,-0.19292753629832982,0.0,0.6176451529252976,-0.6657520460385278,-0.4217977735906751,-0.7652217551830952,0.07572868374024348,-0.3969103840793668,-0.14437975465061584,-0.6026229124749184,0.23083499051918135,-1.2312982648460196,-0.8297432933565567,-0.34425810198617113,0.1430046794462067,-0.8335618262449248,-1.6784513743617933,-1.3332567827223119,212,0.42068207271208496,0,303
RG3_L_000167,167,-0.029099449053866445,-1.1925314031676417,-0.04253793108057046,0.24951068491762612,1.0330781477474453,0.48032590666785163,-1.7558155003678992,0.0,0.6176451529252976,-0.6657520460385278,-0.4217977735906751,-0.7652217551830952,-0.1343870827216355,-0.7080273944801929,-0.3768757773392685,-1.3019455704574068,-0.2538134838594481,-0.6167366847818262,-0.975954860097688,1.5366030155774522,0.6401932792113381,1.2000264564423802,-0.1111411566953205,-0.36212190382977455,104,0.42039364427395126,0,304
RG3_L_000554,554,-0.029099449053866445,0.8385523411322893,-0.7159559050853255,0.24951068491762612,-0.38678982241038173,-1.1144367268032296,0.5883674005367534,0.0,-0.9522929891607599,-0.6657520460385278,-0.4217977735906751,0.547517855938155,0.2858284206196948,0.22529990092137753,0.5531171825700949,-0.8357304651357478,0.23083499051918135,-1.8459536281514861,-0.975954860097688,-0.9711480314604819,-1.3484852595196537,-0.12180903031383264,1.3136858197938754,1.4587577306198736,333,0.41955349533030367,0,305
RG3_L_000049,49,-0.029099449053866445,-1.1925314031676417,0.855359836782908,0.24951068491762612,-0.38678982241038173,1.2777072234033922,0.5883674005367534,0.0,0.6176451529252976,-0.6657520460385278,1.1169829930268504,-1.4216416385498971,-0.1343870827216355,-0.08580524157899463,-0.3768757773392685,-0.6026229124749184,0.9579186394763469,-0.3094090031290929,0.3402616584501448,0.5962202890808133,0.6401932792113381,0.6916293857705539,-0.8235546449399185,-0.8476893432760432,30,0.41943043889765136,0,306
RG3_L_000205,205,-0.029099449053866445,0.8385523411322893,-0.4914975187980172,0.24951068491762612,1.0330781477474453,-0.31705541006768895,-0.974520563532816,0.0,0.6176451529252976,-0.6657520460385278,1.1169829930268504,-0.10880187181629318,0.07572868374024348,-0.3969103840793668,-0.609380669182674,-2.001197094002098,-0.49617470017850324,-0.9239705831932862,0.19400546058363471,-0.6577508990084993,-0.3541839203189247,0.3865880403579936,0.03134208448195622,-0.2407294651261605,125,0.41934911004195446,1,307
RG3_L_000092,92,-0.029099449053866445,0.8385523411322893,0.6308800429241845,0.24951068491762612,-0.38678982241038173,-0.31705541006768895,0.5883674005367534,0.0,0.6176451529252976,-0.6657520460385278,1.1169829930268504,0.547517855938155,0.07572868374024348,0.5364169113222037,0.08812513719278957,-0.1364789415910565,-0.2538134838594481,1.8417909851987668,1.2177542145238263,-0.030765304963843006,0.1430046794462067,-0.3251647555730986,-0.8235546449399185,-0.9690817819796572,54,0.41911992408387977,0,308
RG3_L_000458,458,-0.029099449053866445,0.8385523411322893,-0.4914975187980172,0.24951068491762612,-0.38678982241038173,-1.1144367268032296,0.5883674005367534,0.0,-0.9522929891607599,0.6771090687267264,-0.4217977735906751,1.8602574670594052,0.9161276312580487,1.469744206723774,1.483119011634211,1.2620952399361232,0.9579186394763469,0.919807940240567,0.48651785631665484,-0.030765304963843006,0.6401932792113381,-0.7318839636152918,1.028719337439322,1.0945827298772188,278,0.4190094102799896,0,309
RG3_L_000279,279,-0.029099449053866445,0.8385523411322893,-0.04253793108057046,0.24951068491762612,1.0330781477474453,-0.31705541006768895,-0.974520563532816,0.0,-0.16738380741894748,0.6771090687267264,1.1169829930268504,-0.7652217551830952,0.2858284206196948,1.158639064223402,0.5531171825700949,-0.8357304651357478,-0.2538134838594481,0.3052463601763737,1.2177542145238263,0.28272749205848513,-1.3484852595196537,0.3865880403579936,0.31630584919472404,0.002053096912880053,174,0.41900336490336215,0,310
RG3_L_000280,280,-0.029099449053866445,-1.1925314031676417,0.4064002490654612,0.24951068491762612,1.0330781477474453,0.48032590666785163,-0.19292753629832982,0.0,0.6176451529252976,-0.6657520460385278,-0.4217977735906751,-0.10880187181629318,-0.5545865564805381,-0.08580524157899463,-0.14437975465061584,1.2620952399361232,-0.9808971328166136,2.1491186668515003,0.04774926271712467,1.2231102185551241,0.1430046794462067,1.301704319072013,0.31630584919472404,0.002053096912880053,175,0.4186497911939471,0,311
RG3_L_000216,216,-0.029099449053866445,-1.1925314031676417,-1.6138536729488038,-0.2987077097782125,1.0330781477474453,0.48032590666785163,-0.974520563532816,0.0,0.6176451529252976,0.6771090687267264,-0.4217977735906751,-0.7652217551830952,-0.3444868196010868,0.22529990092137753,0.32062115988144224,0.7958801346144643,-0.49617470017850324,1.2271356218933003,0.778985620924296,-0.34425810198617113,0.6401932792113381,0.7933072484001868,0.17382532565923292,0.002053096912880053,133,0.4178988747529009,0,312
RG3_L_000071,71,-0.029099449053866445,-1.1925314031676417,1.0798396306416314,0.24951068491762612,-0.38678982241038173,0.48032590666785163,-0.19292753629832982,0.0,0.6176451529252976,0.6771090687267264,1.1169829930268504,-0.7652217551830952,0.07572868374024348,-0.3969103840793668,-1.0743727145599793,-0.8357304651357478,-0.2538134838594481,-0.9239705831932862,-0.24471850189051658,-0.030765304963843006,0.1430046794462067,0.9966629736594528,-1.108521127294472,-1.0904742206832714,42,0.4170000748423979,0,313
RG3_L_000153,153,-0.029099449053866445,-1.1925314031676417,0.4064002490654612,-0.2987077097782125,1.0330781477474453,0.48032590666785163,-0.974520563532816,0.0,0.6176451529252976,0.6771090687267264,-0.4217977735906751,-0.10880187181629318,-0.3444868196010868,-0.08580524157899463,-0.14437975465061584,-0.36958649425188594,-0.7385359164975585,-1.8459536281514861,0.48651785631665484,-1.2846408284828101,-0.3541839203189247,0.0815466949454333,-0.1111411566953205,-0.36212190382977455,92,0.41692996637337143,0,314
RG3_L_000100,100,-0.029099449053866445,0.8385523411322893,0.6308800429241845,0.24951068491762612,-0.38678982241038173,-1.1144367268032296,1.3696623373718366,0.0,-0.16738380741894748,-0.6657520460385278,1.1169829930268504,0.547517855938155,0.07572868374024348,0.22529990092137753,-0.3768757773392685,0.5628437163914318,-1.223184390876188,-0.0020813214763596324,0.778985620924296,-0.6577508990084993,-0.8512966597545222,0.28491017772836064,-0.8235546449399185,-0.8476893432760432,58,0.41680870226277406,0,315
RG3_L_000304,304,-0.029099449053866445,0.8385523411322893,-0.2670177249392938,0.24951068491762612,1.0330781477474453,-0.31705541006768895,-0.974520563532816,0.0,-0.16738380741894748,-2.0085875478583746,-0.4217977735906751,0.547517855938155,0.2858284206196948,0.22529990092137753,0.32062115988144224,0.5628437163914318,-0.2538134838594481,0.3052463601763737,0.778985620924296,0.28272749205848513,1.1373060186469357,1.0983408362890856,0.31630584919472404,0.002053096912880053,190,0.4167040081850386,0,316
RG3_L_000048,48,-0.029099449053866445,-1.1925314031676417,0.1819418627781529,0.24951068491762612,-0.38678982241038173,0.48032590666785163,-0.974520563532816,0.0,0.6176451529252976,-0.6657520460385278,-0.4217977735906751,-0.10880187181629318,0.07572868374024348,0.22529990092137753,0.08812513719278957,1.2620952399361232,-1.223184390876188,1.5344633035460336,0.778985620924296,0.5962202890808133,0.6401932792113381,0.48826590298762657,-0.8235546449399185,-0.7262969045724291,29,0.4156096250876571,0,317
RG3_L_000152,152,-0.029099449053866445,0.8385523411322893,1.5287778107876628,0.24951068491762612,1.0330781477474453,0.48032590666785163,-0.974520563532816,0.0,0.6176451529252976,-0.6657520460385278,-0.4217977735906751,0.547517855938155,0.07572868374024348,-0.08580524157899463,-0.14437975465061584,0.7958801346144643,1.4425671138549763,-0.0020813214763596324,0.632729423057786,-0.34425810198617113,0.1430046794462067,0.5899437656172595,-0.538588162585365,-0.4835143425333886,91,0.4152366413622919,1,318
RG3_L_000120,120,-0.029099449053866445,0.8385523411322893,0.855359836782908,-0.2987077097782125,-0.38678982241038173,-0.31705541006768895,0.5883674005367534,0.0,-0.16738380741894748,-0.6657520460385278,-0.4217977735906751,0.547517855938155,0.07572868374024348,0.22529990092137753,0.32062115988144224,0.3297361637306024,1.200279855795402,-0.0020813214763596324,1.8027343748644875,-0.34425810198617113,0.1430046794462067,0.3865880403579936,-0.9660378861171952,-0.8476893432760432,72,0.4151731690217425,0,319
RG3_L_000054,54,-0.029099449053866445,0.8385523411322893,-0.7159559050853255,0.24951068491762612,-0.38678982241038173,0.48032590666785163,0.5883674005367534,0.0,-0.16738380741894748,0.6771090687267264,1.1169829930268504,-0.10880187181629318,0.07572868374024348,-0.7080273944801929,-1.0743727145599793,-0.1364789415910565,-0.9808971328166136,-0.6167366847818262,-0.09850693514938538,-0.34425810198617113,0.6401932792113381,-0.3251647555730986,-0.9660378861171952,-0.8476893432760432,33,0.41510811107730766,0,320
RG3_L_000047,47,-0.029099449053866445,0.8385523411322893,0.6308800429241845,0.24951068491762612,-0.38678982241038173,-0.31705541006768895,1.3696623373718366,0.0,-0.16738380741894748,0.6771090687267264,1.1169829930268504,0.547517855938155,0.07572868374024348,0.22529990092137753,0.08812513719278957,-0.1364789415910565,0.23083499051918135,1.2271356218933003,0.632729423057786,0.5962202890808133,-0.3541839203189247,0.3865880403579936,-0.8235546449399185,-0.8476893432760432,28,0.4150186988061062,0,321
RG3_L_000257,257,-0.029099449053866445,0.8385523411322893,0.6308800429241845,-0.2987077097782125,1.0330781477474453,-0.31705541006768895,-0.974520563532816,0.0,0.6176451529252976,-0.6657520460385278,-0.4217977735906751,0.547517855938155,-0.3444868196010868,-1.019132536980565,-1.0743727145599793,-0.36958649425188594,0.7155574231572918,-0.3094090031290929,-1.268467255830708,-0.34425810198617113,0.1430046794462067,0.7933072484001868,0.17382532565923292,0.002053096912880053,158,0.41485176334229773,0,322
RG3_L_000141,141,-0.029099449053866445,-1.1925314031676417,-0.04253793108057046,-0.2987077097782125,-0.38678982241038173,0.48032590666785163,0.5883674005367534,0.0,0.6176451529252976,0.6771090687267264,-0.4217977735906751,-0.7652217551830952,-0.5545865564805381,-0.3969103840793668,-0.3768757773392685,-0.36958649425188594,0.7155574231572918,-1.2312982648460196,-0.09850693514938538,-0.030765304963843006,-0.8512966597545222,-0.3251647555730986,-0.6810714037626417,-0.6049067812370027,85,0.4145272825408291,0,323
RG3_L_000144,144,-0.029099449053866445,-1.1925314031676417,-0.2670177249392938,0.24951068491762612,1.0330781477474453,0.48032590666785163,-0.19292753629832982,0.0,0.6176451529252976,-0.6657520460385278,-0.4217977735906751,-0.10880187181629318,-0.7646862933599895,0.22529990092137753,0.32062115988144224,1.0289876872752937,-0.011452267540392873,0.919807940240567,1.2177542145238263,1.5366030155774522,0.1430046794462067,0.6916293857705539,-0.2536243978725972,-0.6049067812370027,87,0.4143417577914843,0,324
RG3_L_000212,212,-0.029099449053866445,-1.1925314031676417,0.6308800429241845,0.24951068491762612,1.0330781477474453,0.48032590666785163,-0.974520563532816,0.0,0.6176451529252976,-0.6657520460385278,1.1169829930268504,-1.4216416385498971,-0.5545865564805381,-1.3302495473813911,-1.3068776064033847,0.7958801346144643,0.47319620683823654,0.919807940240567,-0.975954860097688,0.5962202890808133,0.6401932792113381,0.6916293857705539,0.31630584919472404,0.002053096912880053,130,0.41380620161769655,0,325
RG3_L_000338,338,-0.029099449053866445,-1.1925314031676417,0.4064002490654612,-0.846821542506724,1.0330781477474453,0.48032590666785163,-0.974520563532816,0.0,0.6176451529252976,-0.6657520460385278,-0.4217977735906751,-0.10880187181629318,0.07572868374024348,-0.7080273944801929,-0.609380669182674,-0.36958649425188594,-0.9808971328166136,-0.9239705831932862,-0.24471850189051658,-0.6577508990084993,-0.3541839203189247,0.8949851110298198,0.31630584919472404,0.1234455356164941,208,0.4136786597042717,0,326
RG3_L_000417,417,-0.029099449053866445,0.8385523411322893,-0.7159559050853255,0.24951068491762612,-0.38678982241038173,-0.31705541006768895,0.5883674005367534,0.0,-0.9522929891607599,0.6771090687267264,-0.4217977735906751,0.547517855938155,0.07572868374024348,0.8475220538225758,0.7856220744135003,-0.36958649425188594,-1.223184390876188,1.5344633035460336,0.9252418187908061,0.9096174215327959,-0.8512966597545222,-0.12180903031383264,0.7437555727265542,0.9731902911736049,251,0.413292947794325,0,327
RG3_L_000476,476,-0.029099449053866445,0.8385523411322893,-0.7159559050853255,0.24951068491762612,-1.8067254988278127,-1.1144367268032296,0.5883674005367534,0.0,-0.9522929891607599,0.6771090687267264,-0.4217977735906751,1.203937739304957,0.9161276312580487,0.8475220538225758,1.018118097102153,0.09662861106977294,0.9579186394763469,-0.0020813214763596324,0.04774926271712467,-0.34425810198617113,0.1430046794462067,-0.5285282383560259,1.1712025786165987,1.3373652919162595,289,0.41313159487138823,1,328
RG3_L_000289,289,-0.029099449053866445,-1.1925314031676417,0.855359836782908,0.24951068491762612,1.0330781477474453,0.48032590666785163,-0.19292753629832982,0.0,0.6176451529252976,0.6771090687267264,1.1169829930268504,-0.10880187181629318,-0.5545865564805381,-0.3969103840793668,-0.609380669182674,0.7958801346144643,0.9579186394763469,0.3052463601763737,0.778985620924296,0.5962202890808133,-0.8512966597545222,0.9966629736594528,0.4587890903720008,0.24483797432010815,179,0.41312646801100456,0,329
RG3_L_000276,276,-0.029099449053866445,0.8385523411322893,0.855359836782908,0.24951068491762612,1.0330781477474453,-1.1144367268032296,-0.974520563532816,0.0,-0.16738380741894748,0.6771090687267264,-0.4217977735906751,0.547517855938155,0.2858284206196948,-0.3969103840793668,-0.3768757773392685,1.728310345257782,-0.011452267540392873,-0.3094090031290929,-0.5372308976235367,-0.030765304963843006,0.6401932792113381,0.5899437656172595,0.6012723315492775,0.1234455356164941,171,0.41304096856862665,0,330
RG3_L_000046,46,-0.029099449053866445,0.8385523411322893,0.6308800429241845,-0.2987077097782125,-0.38678982241038173,-0.31705541006768895,-0.19292753629832982,0.0,-0.16738380741894748,-0.6657520460385278,-0.4217977735906751,0.547517855938155,0.2858284206196948,-0.08580524157899463,-0.3768757773392685,-0.36958649425188594,-1.465545607195243,-0.0020813214763596324,0.3402616584501448,-0.030765304963843006,-1.8455979989552511,0.3865880403579936,-0.8235546449399185,-0.8476893432760432,27,0.4129662900896163,0,331
RG3_L_000409,409,-0.029099449053866445,0.8385523411322893,-0.9404356989440489,0.24951068491762612,-0.38678982241038173,0.48032590666785163,0.5883674005367534,0.0,-0.16738380741894748,0.6771090687267264,-0.4217977735906751,0.547517855938155,0.2858284206196948,1.158639064223402,1.2506229889455585,0.3297361637306024,0.7155574231572918,0.3052463601763737,0.9252418187908061,-0.030765304963843006,0.6401932792113381,-1.240281034287118,-0.6810714037626417,-0.4835143425333886,246,0.4125529895180239,0,332
RG3_L_000251,251,-0.029099449053866445,0.8385523411322893,-0.04253793108057046,0.24951068491762612,1.0330781477474453,-0.31705541006768895,-0.974520563532816,0.0,-0.16738380741894748,0.6771090687267264,-0.4217977735906751,1.203937739304957,0.2858284206196948,0.5364169113222037,0.08812513719278957,-0.36958649425188594,0.23083499051918135,1.5344633035460336,1.2177542145238263,-0.34425810198617113,-0.3541839203189247,0.8949851110298198,0.31630584919472404,0.002053096912880053,154,0.41208758179691646,0,333
RG3_L_000321,321,-0.029099449053866445,0.8385523411322893,-0.2670177249392938,0.24951068491762612,1.0330781477474453,-0.31705541006768895,-0.974520563532816,0.0,-0.16738380741894748,0.6771090687267264,-0.4217977735906751,1.203937739304957,0.2858284206196948,0.22529990092137753,0.32062115988144224,0.5628437163914318,0.47319620683823654,1.8417909851987668,0.778985620924296,-0.34425810198617113,0.1430046794462067,0.9966629736594528,0.31630584919472404,0.1234455356164941,201,0.41168026590081475,0,334
RG3_L_000429,429,-0.029099449053866445,0.8385523411322893,-0.7159559050853255,0.24951068491762612,-0.38678982241038173,-0.31705541006768895,-0.19292753629832982,0.0,-0.16738380741894748,0.6771090687267264,-0.4217977735906751,-0.10880187181629318,-0.1343870827216355,-0.3969103840793668,-0.14437975465061584,-0.36958649425188594,-0.7385359164975585,-0.9239705831932862,-0.975954860097688,-0.030765304963843006,0.6401932792113381,-1.6470002423293113,0.886238813903831,0.9731902911736049,259,0.4113330665081472,0,335
RG3_L_000305,305,-0.029099449053866445,0.8385523411322893,-0.4914975187980172,0.24951068491762612,1.0330781477474453,-0.31705541006768895,-0.19292753629832982,0.0,0.6176451529252976,-0.6657520460385278,-0.4217977735906751,0.547517855938155,-0.1343870827216355,0.22529990092137753,0.5531171825700949,0.3297361637306024,-0.011452267540392873,-0.0020813214763596324,1.8027343748644875,-0.6577508990084993,0.6401932792113381,0.18323231509872764,0.6012723315492775,0.24483797432010815,191,0.4112463878588355,0,336
RG3_L_000453,453,-0.029099449053866445,0.8385523411322893,-0.9404356989440489,0.24951068491762612,-0.38678982241038173,-1.1144367268032296,0.5883674005367534,0.0,-0.9522929891607599,0.6771090687267264,-0.4217977735906751,1.203937739304957,0.7060278943785975,1.7808493492241462,1.7156150343228638,0.09662861106977294,0.23083499051918135,0.3052463601763737,0.9252418187908061,0.5962202890808133,0.1430046794462067,-0.6302061009856589,0.886238813903831,1.0945827298772188,275,0.40979526030434016,0,337
RG3_L_000128,128,-0.029099449053866445,-1.1925314031676417,-0.04253793108057046,0.24951068491762612,-0.38678982241038173,-0.31705541006768895,0.5883674005367534,0.0,-0.16738380741894748,-0.6657520460385278,1.1169829930268504,-0.7652217551830952,0.07572868374024348,-0.7080273944801929,-0.8418766918713266,0.09662861106977294,-0.2538134838594481,0.3052463601763737,-0.09850693514938538,0.28272749205848513,0.1430046794462067,0.8949851110298198,-0.9660378861171952,-0.8476893432760432,77,0.4097370162455604,0,338
RG3_L_000234,234,-0.029099449053866445,-1.1925314031676417,0.6308800429241845,0.24951068491762612,1.0330781477474453,0.48032590666785163,-0.19292753629832982,0.0,0.6176451529252976,-0.6657520460385278,1.1169829930268504,-0.10880187181629318,-0.3444868196010868,-0.08580524157899463,-0.3768757773392685,0.7958801346144643,-0.9808971328166136,0.919807940240567,1.5102219791314675,-0.34425810198617113,-0.3541839203189247,0.9966629736594528,0.31630584919472404,0.002053096912880053,139,0.4092843523211722,0,339
RG3_L_000207,207,-0.029099449053866445,-1.1925314031676417,-0.2670177249392938,0.24951068491762612,1.0330781477474453,0.48032590666785163,-1.7558155003678992,0.0,0.6176451529252976,-0.6657520460385278,1.1169829930268504,-0.7652217551830952,-0.5545865564805381,-0.3969103840793668,-0.14437975465061584,-0.1364789415910565,-1.223184390876188,0.3052463601763737,1.0714980166573163,0.5962202890808133,0.6401932792113381,0.3865880403579936,0.17382532565923292,0.002053096912880053,127,0.4086479554244902,0,340
RG3_L_000174,174,-0.029099449053866445,-1.1925314031676417,1.0798396306416314,0.24951068491762612,1.0330781477474453,0.48032590666785163,-0.19292753629832982,0.0,0.6176451529252976,-0.6657520460385278,1.1169829930268504,-0.10880187181629318,-0.5545865564805381,-1.019132536980565,-1.0743727145599793,0.3297361637306024,-1.223184390876188,-0.0020813214763596324,-0.8297432933565567,-0.9711480314604819,0.6401932792113381,0.0815466949454333,-0.1111411566953205,-0.36212190382977455,108,0.40842127124765376,0,341
RG3_L_000085,85,-0.029099449053866445,-1.1925314031676417,0.855359836782908,0.24951068491762612,-0.38678982241038173,1.2777072234033922,0.5883674005367534,0.0,0.6176451529252976,-0.6657520460385278,-0.4217977735906751,-0.7652217551830952,-0.5545865564805381,-0.08580524157899463,0.32062115988144224,0.3297361637306024,0.23083499051918135,-0.0020813214763596324,0.778985620924296,-0.030765304963843006,0.1430046794462067,0.3865880403579936,-0.8235546449399185,-0.9690817819796572,51,0.40764453293566427,1,342
RG3_L_000168,168,-0.029099449053866445,0.8385523411322893,0.855359836782908,0.24951068491762612,1.0330781477474453,-1.1144367268032296,-0.974520563532816,0.0,-0.16738380741894748,0.6771090687267264,-0.4217977735906751,0.547517855938155,0.2858284206196948,-0.3969103840793668,-0.3768757773392685,-0.6026229124749184,0.7155574231572918,1.2271356218933003,0.04774926271712467,-0.6577508990084993,0.1430046794462067,0.28491017772836064,-0.1111411566953205,-0.36212190382977455,105,0.4073563923323765,0,343
RG3_L_000240,240,-0.029099449053866445,0.8385523411322893,0.6308800429241845,0.24951068491762612,1.0330781477474453,-1.1144367268032296,-0.974520563532816,0.0,-0.16738380741894748,-0.6657520460385278,1.1169829930268504,0.547517855938155,0.2858284206196948,0.22529990092137753,-0.14437975465061584,0.3297361637306024,1.200279855795402,-0.3094090031290929,0.04774926271712467,-0.6577508990084993,-0.8512966597545222,0.8949851110298198,0.17382532565923292,-0.11933702642254647,145,0.4070570023351056,0,344
RG3_L_000186,186,-0.029099449053866445,0.8385523411322893,0.6308800429241845,0.24951068491762612,1.0330781477474453,-0.31705541006768895,-0.974520563532816,0.0,-0.16738380741894748,-0.6657520460385278,-0.4217977735906751,0.547517855938155,0.07572868374024348,0.5364169113222037,0.5531171825700949,-0.36958649425188594,-1.223184390876188,-0.0020813214763596324,1.6564781769979775,-0.6577508990084993,0.6401932792113381,0.0815466949454333,0.03134208448195622,-0.11933702642254647,117,0.406979954082381,0,345
RG3_L_000214,214,-0.029099449053866445,0.8385523411322893,0.6308800429241845,0.24951068491762612,1.0330781477474453,-0.31705541006768895,0.5883674005367534,0.0,-0.16738380741894748,0.6771090687267264,-0.4217977735906751,0.547517855938155,-0.1343870827216355,-0.08580524157899463,0.08812513719278957,-0.8357304651357478,0.7155574231572918,-0.0020813214763596324,0.632729423057786,-0.030765304963843006,-0.8512966597545222,0.6916293857705539,0.17382532565923292,-0.11933702642254647,131,0.4057096779027138,0,346
RG3_L_000491,491,-0.029099449053866445,0.8385523411322893,-0.9404356989440489,0.24951068491762612,-0.38678982241038173,-1.1144367268032296,0.5883674005367534,0.0,-0.9522929891607599,-0.6657520460385278,-0.4217977735906751,0.547517855938155,0.2858284206196948,-0.08580524157899463,-0.14437975465061584,0.7958801346144643,-0.011452267540392873,-0.0020813214763596324,-0.975954860097688,-0.6577508990084993,-0.8512966597545222,-0.5285282383560259,1.028719337439322,1.2159728532126455,296,0.40479864726570175,0,347
RG3_L_000083,83,-0.029099449053866445,0.8385523411322893,-0.2670177249392938,0.24951068491762612,-0.38678982241038173,-0.31705541006768895,0.5883674005367534,0.0,-0.16738380741894748,0.6771090687267264,-0.4217977735906751,0.547517855938155,0.2858284206196948,1.158639064223402,1.018118097102153,-0.6026229124749184,0.23083499051918135,-0.3094090031290929,1.2177542145238263,-0.030765304963843006,0.6401932792113381,0.0815466949454333,-0.9660378861171952,-0.8476893432760432,49,0.40351578266773036,0,348
RG3_L_000241,241,-0.029099449053866445,0.8385523411322893,-0.4914975187980172,-0.2987077097782125,1.0330781477474453,-0.31705541006768895,-0.974520563532816,0.0,-0.16738380741894748,0.6771090687267264,-0.4217977735906751,-0.10880187181629318,0.07572868374024348,0.8475220538225758,0.5531171825700949,0.3297361637306024,-0.7385359164975585,-0.0020813214763596324,0.9252418187908061,-0.34425810198617113,1.1373060186469357,0.9966629736594528,0.17382532565923292,-0.11933702642254647,146,0.4034720550150196,0,349
RG3_L_000162,162,-0.029099449053866445,-1.1925314031676417,-0.2670177249392938,0.24951068491762612,1.0330781477474453,0.48032590666785163,-0.974520563532816,0.0,0.6176451529252976,-0.6657520460385278,-0.4217977735906751,-0.7652217551830952,-0.5545865564805381,-0.08580524157899463,0.08812513719278957,-0.36958649425188594,-1.465545607195243,-0.0020813214763596324,1.3639657812649575,-0.6577508990084993,0.1430046794462067,0.6916293857705539,-0.2536243978725972,-0.36212190382977455,100,0.4033431284700953,0,350
RG3_L_000260,260,-0.029099449053866445,0.8385523411322893,-0.7159559050853255,0.24951068491762612,1.0330781477474453,-0.31705541006768895,-0.19292753629832982,0.0,-0.16738380741894748,-0.6657520460385278,-0.4217977735906751,1.203937739304957,0.49592815749914615,0.5364169113222037,0.5531171825700949,-0.1364789415910565,-0.9808971328166136,0.3052463601763737,0.48651785631665484,-0.030765304963843006,0.6401932792113381,0.9966629736594528,0.17382532565923292,0.002053096912880053,161,0.40147268541752107,0,351
RG3_L_000173,173,-0.029099449053866445,-1.1925314031676417,0.855359836782908,0.24951068491762612,1.0330781477474453,0.48032590666785163,-0.974520563532816,0.0,0.6176451529252976,0.6771090687267264,-0.4217977735906751,-0.10880187181629318,-0.5545865564805381,-0.7080273944801929,-0.14437975465061584,0.09662861106977294,-0.011452267540392873,0.612574041829107,-0.8297432933565567,0.28272749205848513,-0.3541839203189247,-0.2234868929434656,0.03134208448195622,-0.2407294651261605,107,0.39859298381596914,1,352
RG3_L_000295,295,-0.029099449053866445,0.8385523411322893,-0.2670177249392938,0.24951068491762612,1.0330781477474453,-0.31705541006768895,-0.974520563532816,0.0,-0.16738380741894748,0.6771090687267264,-0.4217977735906751,0.547517855938155,0.2858284206196948,0.22529990092137753,0.08812513719278957,-0.6026229124749184,-0.2538134838594481,0.3052463601763737,0.778985620924296,0.5962202890808133,-0.8512966597545222,0.9966629736594528,0.31630584919472404,0.1234455356164941,182,0.39551644741380554,0,353
RG3_L_000259,259,-0.029099449053866445,0.8385523411322893,0.1819418627781529,0.24951068491762612,1.0330781477474453,-0.31705541006768895,-0.974520563532816,0.0,-0.16738380741894748,0.6771090687267264,-0.4217977735906751,0.547517855938155,0.2858284206196948,0.22529990092137753,0.08812513719278957,0.3297361637306024,0.9579186394763469,-0.3094090031290929,0.3402616584501448,-0.030765304963843006,0.6401932792113381,0.8949851110298198,0.31630584919472404,0.002053096912880053,160,0.3903305657082868,0,354
